round,client,is_byz,recon,prep,extractor,S_R,mmd2_cl,mmd2_cg,mmd2_lg,S_cl,S_cg,S_lg,Ssqrt_cl,Ssqrt_cg,Ssqrt_lg,mmd2fix_cl,mmd2fix_cg,mmd2fix_lg,Sfix_cl,Sfix_cg,Sfix_lg,drec_min,drec_max,drec_mean,drec_frac_outside_01,cos_update_vs_neg_true_grad,mmd2_rec_vs_real
1,client_0,True,orig,raw,random,0.7882177233695984,0.0,0.16218781471252441,0.16218781471252441,1.0,0.993456073943175,0.993456073943175,1.0,0.9606541109521987,0.9606541109521987,0.0,0.17316418886184692,0.17316418886184692,1.0,0.9925454824206139,0.9925454824206139,-0.8045859932899475,0.8508043885231018,-0.002145793754607439,0.49465880102040816,0.016942228432247342,
1,client_1,True,orig,raw,random,0.8148183226585388,0.0,0.3919464349746704,0.3919464349746704,1.0,0.9626735266101618,0.9626735266101618,1.0,0.9087782073975355,0.9087782073975355,0.0,0.4142743945121765,0.4142743945121765,1.0,0.9584370282995569,0.9584370282995569,-1.0909805297851562,1.1013619899749756,0.01162571832537651,0.4854113520408163,0.005295856225635674,
1,client_2,False,orig,raw,random,0.9675523638725281,0.0,0.045987844467163086,0.045987844467163086,1.0,0.9994714891266641,0.9994714891266641,1.0,0.988601432046663,0.988601432046663,0.0,0.04367494583129883,0.04367494583129883,1.0,0.9995232952808386,0.9995232952808386,-0.7573691010475159,1.0896629095077515,0.05714758485555649,0.3629623724489796,0.6799903962280911,
1,client_3,False,orig,raw,random,0.9727746844291687,0.0,0.02275979518890381,0.02275979518890381,1.0,0.9998705105077614,0.9998705105077614,1.0,0.994334242584302,0.994334242584302,0.0,0.02113509178161621,0.02113509178161621,1.0,0.9998883363263096,0.9998883363263096,-0.8993353843688965,0.8074102997779846,0.012021775357425213,0.489078443877551,0.702188156549393,
1,client_4,False,orig,raw,random,0.9477807879447937,0.0,0.05670499801635742,0.05670499801635742,1.0,0.9991966201929576,0.9991966201929576,1.0,0.9859730864147562,0.9859730864147562,0.0,0.05517244338989258,0.05517244338989258,1.0,0.9992394344963407,0.9992394344963407,-0.7931739687919617,1.0562924146652222,0.03493567556142807,0.3856823979591837,0.6419628596285992,
1,client_5,False,orig,raw,random,0.9785216450691223,0.0,0.03471183776855469,0.03471183776855469,1.0,0.9996988401199411,0.9996988401199411,1.0,0.9913782011897341,0.9913782011897341,0.0,0.033365845680236816,0.033365845680236816,1.0,0.9997217381713936,0.9997217381713936,-0.686275839805603,0.9381129145622253,0.026288969442248344,0.38847257653061223,0.7925600559028522,
1,client_6,False,orig,raw,random,0.977273166179657,0.0,0.06016051769256592,0.06016051769256592,1.0,0.9990957916908274,0.9990957916908274,1.0,0.9851278673063228,0.9851278673063228,0.0,0.058725714683532715,0.058725714683532715,1.0,0.9991383798061757,0.9991383798061757,-0.5580092072486877,0.7926827073097229,0.04734119772911072,0.265625,0.958429010404311,
1,client_7,False,orig,raw,random,0.9597763419151306,0.0,0.0433042049407959,0.0433042049407959,1.0,0.9995313512475676,0.9995313512475676,1.0,0.9892612315805178,0.9892612315805178,0.0,0.041600584983825684,0.041600584983825684,1.0,0.9995674881833665,0.9995674881833665,-0.7198009490966797,1.2152568101882935,0.0556953139603138,0.3073182397959184,0.7620452602831517,
1,client_8,False,orig,raw,random,0.9708366990089417,0.0,0.058013081550598145,0.058013081550598145,1.0,0.9991591512390325,0.9991591512390325,1.0,0.985653001596527,0.985653001596527,0.0,0.056665778160095215,0.056665778160095215,1.0,0.9991977304509694,0.9991977304509694,-0.6769815683364868,0.9677731394767761,0.04901908338069916,0.3639987244897959,0.8663083367696517,
1,client_9,False,orig,raw,random,0.959421694278717,0.0,0.03911435604095459,0.03911435604095459,1.0,0.9996176264804264,0.9996176264804264,1.0,0.9902926696150265,0.9902926696150265,0.0,0.03816020488739014,0.03816020488739014,1.0,0.999636049066492,0.999636049066492,-0.9554375410079956,1.0275079011917114,0.04637743905186653,0.2896205357142857,0.8146839765918027,
1,client_0,True,orig,raw,pretrained,0.7882177233695984,0.0,0.1540459394454956,0.1540459394454956,1.0,0.9940937561046448,0.9940937561046448,1.0,0.9625734335117853,0.9625734335117853,0.0,0.15068209171295166,0.15068209171295166,1.0,0.9943478022592671,0.9943478022592671,-0.8045859932899475,0.8508043885231018,-0.002145793754607439,0.49465880102040816,0.016942228432247342,0.4774022102355957
1,client_1,True,orig,raw,pretrained,0.8148183226585388,0.0,0.23775196075439453,0.23775196075439453,1.0,0.9860169001840726,0.9860169001840726,1.0,0.9431120683563026,0.9431120683563026,0.0,0.24062132835388184,0.24062132835388184,1.0,0.9856810029346272,0.9856810029346272,-1.0909805297851562,1.1013619899749756,0.01162571832537651,0.4854113520408163,0.005295856225635674,0.46200478076934814
1,client_2,False,orig,raw,pretrained,0.9675523638725281,0.0,0.07533371448516846,0.07533371448516846,1.0,0.998582716190838,0.998582716190838,1.0,0.9814293481108762,0.9814293481108762,0.0,0.0760660171508789,0.0760660171508789,1.0,0.9985550580647378,0.9985550580647378,-0.7573691010475159,1.0896629095077515,0.05714758485555649,0.3629623724489796,0.6799903962280911,0.4159358739852905
1,client_3,False,orig,raw,pretrained,0.9727746844291687,0.0,0.017613887786865234,0.017613887786865234,1.0,0.9999224422509567,0.9999224422509567,1.0,0.9956110291092324,0.9956110291092324,0.0,0.017119884490966797,0.017119884490966797,1.0,0.9999267314152172,0.9999267314152172,-0.8993353843688965,0.8074102997779846,0.012021775357425213,0.489078443877551,0.702188156549393,0.3971059322357178
1,client_4,False,orig,raw,pretrained,0.9477807879447937,0.0,0.02585601806640625,0.02585601806640625,1.0,0.9998328875303266,0.9998328875303266,1.0,0.9935672007320098,0.9935672007320098,0.0,0.025900959968566895,0.025900959968566895,1.0,0.9998323061620813,0.9998323061620813,-0.7931739687919617,1.0562924146652222,0.03493567556142807,0.3856823979591837,0.6419628596285992,0.3914616107940674
1,client_5,False,orig,raw,pretrained,0.9785216450691223,0.0,0.10192644596099854,0.10192644596099854,1.0,0.9974078005840858,0.9974078005840858,1.0,0.9749973636264186,0.9749973636264186,0.0,0.10062265396118164,0.10062265396118164,1.0,0.9974735677585991,0.9974735677585991,-0.686275839805603,0.9381129145622253,0.026288969442248344,0.38847257653061223,0.7925600559028522,0.4472396969795227
1,client_6,False,orig,raw,pretrained,0.977273166179657,0.0,0.11978507041931152,0.11978507041931152,1.0,0.9964225121320229,0.9964225121320229,1.0,0.9707133517795776,0.9707133517795776,0.0,0.11802530288696289,0.11802530288696289,1.0,0.9965265820668219,0.9965265820668219,-0.5580092072486877,0.7926827073097229,0.04734119772911072,0.265625,0.958429010404311,0.5347893238067627
1,client_7,False,orig,raw,pretrained,0.9597763419151306,0.0,0.1278836727142334,0.1278836727142334,1.0,0.9959239452768944,0.9959239452768944,1.0,0.9687799295714186,0.9687799295714186,0.0,0.13056528568267822,0.13056528568267822,1.0,0.9957517609385715,0.9957517609385715,-0.7198009490966797,1.2152568101882935,0.0556953139603138,0.3073182397959184,0.7620452602831517,0.42090487480163574
1,client_8,False,orig,raw,pretrained,0.9708366990089417,0.0,0.0907590389251709,0.0907590389251709,1.0,0.9979438754648899,0.9979438754648899,1.0,0.9776906949736524,0.9776906949736524,0.0,0.09087085723876953,0.09087085723876953,1.0,0.9979388137490699,0.9979388137490699,-0.6769815683364868,0.9677731394767761,0.04901908338069916,0.3639987244897959,0.8663083367696517,0.39792776107788086
1,client_9,False,orig,raw,pretrained,0.959421694278717,0.0,0.10270798206329346,0.10270798206329346,1.0,0.9973679748476372,0.9973679748476372,1.0,0.974809291599235,0.974809291599235,0.0,0.10149633884429932,0.10149633884429932,1.0,0.9974295893391114,0.9974295893391114,-0.9554375410079956,1.0275079011917114,0.04637743905186653,0.2896205357142857,0.8146839765918027,0.40915119647979736
1,client_0,True,orig,clip01,random,0.7882177233695984,0.0,0.22683727741241455,0.22683727741241455,1.0,0.9872592817945325,0.9872592817945325,1.0,0.9456159995605626,0.9456159995605626,0.0,0.2365700602531433,0.2365700602531433,1.0,0.9861541348799381,0.9861541348799381,-0.8045859932899475,0.8508043885231018,-0.002145793754607439,0.49465880102040816,0.016942228432247342,
1,client_1,True,orig,clip01,random,0.8148183226585388,0.0,0.413204550743103,0.413204550743103,1.0,0.9586447170924264,0.9586447170924264,1.0,0.9041926714596238,0.9041926714596238,0.0,0.4269711971282959,0.4269711971282959,1.0,0.9559365094844623,0.9559365094844623,-1.0909805297851562,1.1013619899749756,0.01162571832537651,0.4854113520408163,0.005295856225635674,
1,client_2,False,orig,clip01,random,0.9675523638725281,0.0,0.04217422008514404,0.04217422008514404,1.0,0.9995554820428643,0.9995554820428643,1.0,0.989539247329392,0.989539247329392,0.0,0.04145622253417969,0.04145622253417969,1.0,0.9995704838166171,0.9995704838166171,-0.7573691010475159,1.0896629095077515,0.05714758485555649,0.3629623724489796,0.6799903962280911,
1,client_3,False,orig,clip01,random,0.9727746844291687,0.0,0.053641319274902344,0.053641319274902344,1.0,0.9992810401296026,0.9992810401296026,1.0,0.9867233718554109,0.9867233718554109,0.0,0.05156970024108887,0.05156970024108887,1.0,0.9993354728874377,0.9993354728874377,-0.8993353843688965,0.8074102997779846,0.012021775357425213,0.489078443877551,0.702188156549393,
1,client_4,False,orig,clip01,random,0.9477807879447937,0.0,0.07016408443450928,0.07016408443450928,1.0,0.9987703854565524,0.9987703854565524,1.0,0.9826871191948792,0.9826871191948792,0.0,0.06688642501831055,0.06688642501831055,1.0,0.998882489044874,0.998882489044874,-0.7931739687919617,1.0562924146652222,0.03493567556142807,0.3856823979591837,0.6419628596285992,
1,client_5,False,orig,clip01,random,0.9785216450691223,0.0,0.09594464302062988,0.09594464302062988,1.0,0.9977026225216652,0.9977026225216652,1.0,0.9764386548308728,0.9764386548308728,0.0,0.09157133102416992,0.09157133102416992,1.0,0.9979069642506644,0.9979069642506644,-0.686275839805603,0.9381129145622253,0.026288969442248344,0.38847257653061223,0.7925600559028522,
1,client_6,False,orig,clip01,random,0.977273166179657,0.0,0.07595193386077881,0.07595193386077881,1.0,0.9985593843617646,0.9985593843617646,1.0,0.9812790971004326,0.9812790971004326,0.0,0.07286810874938965,0.07286810874938965,1.0,0.9986738801060613,0.9986738801060613,-0.5580092072486877,0.7926827073097229,0.04734119772911072,0.265625,0.958429010404311,
1,client_7,False,orig,clip01,random,0.9597763419151306,0.0,0.08890390396118164,0.08890390396118164,1.0,0.9980269485374005,0.9980269485374005,1.0,0.978139194104795,0.978139194104795,0.0,0.08569371700286865,0.08569371700286865,1.0,0.99816667144577,0.99816667144577,-0.7198009490966797,1.2152568101882935,0.0556953139603138,0.3073182397959184,0.7620452602831517,
1,client_8,False,orig,clip01,random,0.9708366990089417,0.0,0.1163778305053711,0.1163778305053711,1.0,0.9966226295878329,0.9966226295878329,1.0,0.971528512187976,0.971528512187976,0.0,0.11701393127441406,0.11701393127441406,1.0,0.9965857033235828,0.9965857033235828,-0.6769815683364868,0.9677731394767761,0.04901908338069916,0.3639987244897959,0.8663083367696517,
1,client_9,False,orig,clip01,random,0.959421694278717,0.0,0.04481387138366699,0.04481387138366699,1.0,0.9994981182269875,0.9994981182269875,1.0,0.9888899837580769,0.9888899837580769,0.0,0.04333758354187012,0.04333758354187012,1.0,0.9995306287607266,0.9995306287607266,-0.9554375410079956,1.0275079011917114,0.04637743905186653,0.2896205357142857,0.8146839765918027,
1,client_0,True,orig,clip01,pretrained,0.7882177233695984,0.0,0.09268307685852051,0.09268307685852051,1.0,0.9978559158930209,0.9978559158930209,1.0,0.9772258638404832,0.9772258638404832,0.0,0.08940446376800537,0.08940446376800537,1.0,0.9980047014169557,0.9980047014169557,-0.8045859932899475,0.8508043885231018,-0.002145793754607439,0.49465880102040816,0.016942228432247342,
1,client_1,True,orig,clip01,pretrained,0.8148183226585388,0.0,0.17078781127929688,0.17078781127929688,1.0,0.992747572334121,0.992747572334121,1.0,0.9586330295401841,0.9586330295401841,0.0,0.1696314811706543,0.1696314811706543,1.0,0.9928449200184499,0.9928449200184499,-1.0909805297851562,1.1013619899749756,0.01162571832537651,0.4854113520408163,0.005295856225635674,
1,client_2,False,orig,clip01,pretrained,0.9675523638725281,0.0,0.07196104526519775,0.07196104526519775,1.0,0.9987066579131556,0.9987066579131556,1.0,0.9822496444069377,0.9822496444069377,0.0,0.07260167598724365,0.07260167598724365,1.0,0.9986835503872804,0.9986835503872804,-0.7573691010475159,1.0896629095077515,0.05714758485555649,0.3629623724489796,0.6799903962280911,
1,client_3,False,orig,clip01,pretrained,0.9727746844291687,0.0,0.019895076751708984,0.019895076751708984,1.0,0.9999010538236339,0.9999010538236339,1.0,0.9950447242854257,0.9950447242854257,0.0,0.01963341236114502,0.01963341236114502,1.0,0.9999036392443774,0.9999036392443774,-0.8993353843688965,0.8074102997779846,0.012021775357425213,0.489078443877551,0.702188156549393,
1,client_4,False,orig,clip01,pretrained,0.9477807879447937,0.0,0.022841453552246094,0.022841453552246094,1.0,0.9998695797583899,0.9998695797583899,1.0,0.9943140015691747,0.9943140015691747,0.0,0.022936701774597168,0.022936701774597168,1.0,0.9998684899005461,0.9998684899005461,-0.7931739687919617,1.0562924146652222,0.03493567556142807,0.3856823979591837,0.6419628596285992,
1,client_5,False,orig,clip01,pretrained,0.9785216450691223,0.0,0.10802960395812988,0.10802960395812988,1.0,0.9970887732653559,0.9970887732653559,1.0,0.9735301217205172,0.9735301217205172,0.0,0.10860943794250488,0.10860943794250488,1.0,0.9970575073726553,0.9970575073726553,-0.686275839805603,0.9381129145622253,0.026288969442248344,0.38847257653061223,0.7925600559028522,
1,client_6,False,orig,clip01,pretrained,0.977273166179657,0.0,0.10571599006652832,0.10571599006652832,1.0,0.9972118763473794,0.9972118763473794,1.0,0.9740859403086506,0.9740859403086506,0.0,0.1062173843383789,0.1062173843383789,1.0,0.9971854223585099,0.9971854223585099,-0.5580092072486877,0.7926827073097229,0.04734119772911072,0.265625,0.958429010404311,
1,client_7,False,orig,clip01,pretrained,0.9597763419151306,0.0,0.13940680027008057,0.13940680027008057,1.0,0.9951590840216693,0.9951590840216693,1.0,0.9660389044545001,0.9660389044545001,0.0,0.14099884033203125,0.14099884033203125,1.0,0.9950482985047027,0.9950482985047027,-0.7198009490966797,1.2152568101882935,0.0556953139603138,0.3073182397959184,0.7620452602831517,
1,client_8,False,orig,clip01,pretrained,0.9708366990089417,0.0,0.10434162616729736,0.10434162616729736,1.0,0.9972837524859111,0.9972837524859111,1.0,0.9744163407072626,0.9744163407072626,0.0,0.10543787479400635,0.10543787479400635,1.0,0.9972264964269488,0.9972264964269488,-0.6769815683364868,0.9677731394767761,0.04901908338069916,0.3639987244897959,0.8663083367696517,
1,client_9,False,orig,clip01,pretrained,0.959421694278717,0.0,0.11043167114257812,0.11043167114257812,1.0,0.9969581689284681,0.9969581689284681,1.0,0.9729535569409791,0.9729535569409791,0.0,0.11043155193328857,0.11043155193328857,1.0,0.9969581754806933,0.9969581754806933,-0.9554375410079956,1.0275079011917114,0.04637743905186653,0.2896205357142857,0.8146839765918027,
1,client_0,True,flip,raw,random,,0.0,0.19105052947998047,0.19105052947998047,1.0,0.9909370025666191,0.9909370025666191,1.0,0.9538962782508673,0.9538962782508673,0.0,0.1835036277770996,0.1835036277770996,1.0,0.9916344648632809,0.9916344648632809,,,,0.0,0.016942228432247342,
1,client_1,True,flip,raw,random,,0.0,0.19105052947998047,0.19105052947998047,1.0,0.9909370025666191,0.9909370025666191,1.0,0.9538962782508673,0.9538962782508673,0.0,0.1835036277770996,0.1835036277770996,1.0,0.9916344648632809,0.9916344648632809,,,,0.0,0.005295856225635674,
1,client_2,False,flip,raw,random,0.6892191767692566,0.0,0.16290152072906494,0.16290152072906494,1.0,0.9933986403764794,0.9933986403764794,1.0,0.9604861397738258,0.9604861397738258,0.0,0.16027343273162842,0.16027343273162842,1.0,0.9936089075230872,0.9936089075230872,-0.41953885555267334,0.2849389314651489,-0.02730964682996273,0.6440529336734694,0.6799903962280911,
1,client_3,False,flip,raw,random,0.7584723830223083,0.0,0.05022919178009033,0.05022919178009033,1.0,0.999369555327432,0.999369555327432,1.0,0.987560000265574,0.987560000265574,0.0,0.04844093322753906,0.04844093322753906,1.0,0.9994136269997393,0.9994136269997393,-0.268290638923645,0.3171042799949646,0.0060849739238619804,0.4186862244897959,0.702188156549393,
1,client_4,False,flip,raw,random,0.8109700083732605,0.0,0.5371469259262085,0.5371469259262085,1.0,0.9315938607159322,0.9315938607159322,1.0,0.8781384344601268,0.8781384344601268,0.0,0.5483677983283997,0.5483677983283997,1.0,0.9288622089124183,0.9288622089124183,-0.9030022621154785,0.5459027886390686,-0.06284860521554947,0.7115752551020408,0.6419628596285992,
1,client_5,False,flip,raw,random,0.6713935136795044,0.0,0.1554093360900879,0.1554093360900879,1.0,0.9939892199559217,0.9939892199559217,1.0,0.962251632326629,0.962251632326629,0.0,0.16700220108032227,0.16700220108032227,1.0,0.9930638613879821,0.9930638613879821,-0.4422634541988373,0.4337061643600464,-0.006305106915533543,0.5360331632653061,0.7925600559028522,
1,client_6,False,flip,raw,random,0.9278762340545654,0.0,0.16009807586669922,0.16009807586669922,1.0,0.9936228180632314,0.9936228180632314,1.0,0.9611461861814319,0.9611461861814319,0.0,0.17076104879379272,0.17076104879379272,1.0,0.9927498326946107,0.9927498326946107,-0.2874053716659546,0.5386081337928772,0.023929491639137268,0.39676339285714285,0.958429010404311,
1,client_7,False,flip,raw,random,0.6692579388618469,0.0,0.12071788311004639,0.12071788311004639,1.0,0.9963667291421823,0.9963667291421823,1.0,0.9704903613618088,0.9704903613618088,0.0,0.11179530620574951,0.11179530620574951,1.0,0.9968827595067855,0.9968827595067855,-0.40537339448928833,0.5251384973526001,-0.007352512329816818,0.6580038265306123,0.7620452602831517,
1,client_8,False,flip,raw,random,0.7967066764831543,0.0,0.08992838859558105,0.08992838859558105,1.0,0.9979812828650079,0.9979812828650079,1.0,0.9778914755842554,0.9778914755842554,0.0,0.08646893501281738,0.08646893501281738,1.0,0.9981333980973015,0.9981333980973015,-0.3100321292877197,0.30395519733428955,0.0026369390543550253,0.453922193877551,0.8663083367696517,
1,client_9,False,flip,raw,random,0.7129796147346497,0.0,0.046723246574401855,0.046723246574401855,1.0,0.9994544578724263,0.9994544578724263,1.0,0.9884207413765898,0.9884207413765898,0.0,0.04314553737640381,0.04314553737640381,1.0,0.9995347780385266,0.9995347780385266,-0.5424299836158752,0.7862971425056458,-0.005762397777289152,0.6190210459183674,0.8146839765918027,
1,client_0,True,flip,raw,pretrained,,0.0,0.19828033447265625,0.19828033447265625,1.0,0.9902432167862689,0.9902432167862689,1.0,0.9522146985235991,0.9522146985235991,0.0,0.19091224670410156,0.19091224670410156,1.0,0.9909500282819583,0.9909500282819583,,,,0.0,0.016942228432247342,0.5987143516540527
1,client_1,True,flip,raw,pretrained,,0.0,0.19925940036773682,0.19925940036773682,1.0,0.9901473401723331,0.9901473401723331,1.0,0.9519873201559965,0.9519873201559965,0.0,0.19091224670410156,0.19091224670410156,1.0,0.9909500282819583,0.9909500282819583,,,,0.0,0.005295856225635674,0.6420644521713257
1,client_2,False,flip,raw,pretrained,0.6892191767692566,0.0,0.14680826663970947,0.14680826663970947,1.0,0.9946335308097098,0.9946335308097098,1.0,0.9642844440758753,0.9642844440758753,0.0,0.15276050567626953,0.15276050567626953,1.0,0.9941914858697438,0.9941914858697438,-0.41953885555267334,0.2849389314651489,-0.02730964682996273,0.6440529336734694,0.6799903962280911,0.7942807078361511
1,client_3,False,flip,raw,pretrained,0.7584723830223083,0.0,0.05522561073303223,0.05522561073303223,1.0,0.9992379687789223,0.9992379687789223,1.0,0.9863352768478129,0.9863352768478129,0.0,0.05522561073303223,0.05522561073303223,1.0,0.9992379687789223,0.9992379687789223,-0.268290638923645,0.3171042799949646,0.0060849739238619804,0.4186862244897959,0.702188156549393,0.6412965059280396
1,client_4,False,flip,raw,pretrained,0.8109700083732605,0.0,0.09205257892608643,0.09205257892608643,1.0,0.9978849417854723,0.9978849417854723,1.0,0.9773781502048202,0.9773781502048202,0.0,0.09304642677307129,0.09304642677307129,1.0,0.9978390991385315,0.9978390991385315,-0.9030022621154785,0.5459027886390686,-0.06284860521554947,0.7115752551020408,0.6419628596285992,0.641386866569519
1,client_5,False,flip,raw,pretrained,0.6713935136795044,0.0,0.03594553470611572,0.03594553470611572,1.0,0.9996770578737224,0.9996770578737224,1.0,0.9910738278033226,0.9910738278033226,0.0,0.03596091270446777,0.03596091270446777,1.0,0.9996767815633756,0.9996767815633756,-0.4422634541988373,0.4337061643600464,-0.006305106915533543,0.5360331632653061,0.7925600559028522,0.6873537302017212
1,client_6,False,flip,raw,pretrained,0.9278762340545654,0.0,0.11590200662612915,0.11590200662612915,1.0,0.9966501213597609,0.9966501213597609,1.0,0.9716424318017307,0.9716424318017307,0.0,0.1159278154373169,0.1159278154373169,1.0,0.9966486330587119,0.9966486330587119,-0.2874053716659546,0.5386081337928772,0.023929491639137268,0.39676339285714285,0.958429010404311,0.7045742273330688
1,client_7,False,flip,raw,pretrained,0.6692579388618469,0.0,0.027062416076660156,0.027062416076660156,1.0,0.9998169315484533,0.9998169315484533,1.0,0.9932685743986294,0.9932685743986294,0.0,0.027062416076660156,0.027062416076660156,1.0,0.9998169315484533,0.9998169315484533,-0.40537339448928833,0.5251384973526001,-0.007352512329816818,0.6580038265306123,0.7620452602831517,0.729344367980957
1,client_8,False,flip,raw,pretrained,0.7967066764831543,0.0,0.061829566955566406,0.061829566955566406,1.0,0.9990449607896059,0.9990449607896059,1.0,0.984720007741368,0.984720007741368,0.0,0.05970346927642822,0.05970346927642822,1.0,0.9991094691705955,0.9991094691705955,-0.3100321292877197,0.30395519733428955,0.0026369390543550253,0.453922193877551,0.8663083367696517,0.6348577737808228
1,client_9,False,flip,raw,pretrained,0.7129796147346497,0.0,0.04349386692047119,0.04349386692047119,1.0,0.9995272385795453,0.9995272385795453,1.0,0.9892145795954062,0.9892145795954062,0.0,0.04386317729949951,0.04386317729949951,1.0,0.9995191788814413,0.9995191788814413,-0.5424299836158752,0.7862971425056458,-0.005762397777289152,0.6190210459183674,0.8146839765918027,0.6998001337051392
1,client_0,True,flip,clip01,random,,0.0,0.1465151309967041,0.1465151309967041,1.0,0.9946548542196494,0.9946548542196494,1.0,0.9643538385702597,0.9643538385702597,0.0,0.1388721466064453,0.1388721466064453,1.0,0.9951960109774054,0.9951960109774054,,,,0.0,0.016942228432247342,
1,client_1,True,flip,clip01,random,,0.0,0.1465151309967041,0.1465151309967041,1.0,0.9946548542196494,0.9946548542196494,1.0,0.9643538385702597,0.9643538385702597,0.0,0.1388721466064453,0.1388721466064453,1.0,0.9951960109774054,0.9951960109774054,,,,0.0,0.005295856225635674,
1,client_2,False,flip,clip01,random,0.6892191767692566,0.0,0.1745014786720276,0.1745014786720276,1.0,0.9924305573876202,0.9924305573876202,1.0,0.9577622563642731,0.9577622563642731,0.0,0.18633514642715454,0.18633514642715454,1.0,0.9913759928125341,0.9913759928125341,-0.41953885555267334,0.2849389314651489,-0.02730964682996273,0.6440529336734694,0.6799903962280911,
1,client_3,False,flip,clip01,random,0.7584723830223083,0.0,0.05785810947418213,0.05785810947418213,1.0,0.9991636347928936,0.9991636347928936,1.0,0.9856909147380544,0.9856909147380544,0.0,0.061087608337402344,0.061087608337402344,1.0,0.9990677283882703,0.9990677283882703,-0.268290638923645,0.3171042799949646,0.0060849739238619804,0.4186862244897959,0.702188156549393,
1,client_4,False,flip,clip01,random,0.8109700083732605,0.0,0.06858748197555542,0.06858748197555542,1.0,0.9988249758689072,0.9988249758689072,1.0,0.9830711880543921,0.9830711880543921,0.0,0.06661534309387207,0.06661534309387207,1.0,0.998891521423156,0.998891521423156,-0.9030022621154785,0.5459027886390686,-0.06284860521554947,0.7115752551020408,0.6419628596285992,
1,client_5,False,flip,clip01,random,0.6713935136795044,0.0,0.04710268974304199,0.04710268974304199,1.0,0.9994455648115206,0.9994455648115206,1.0,0.9883275303471726,0.9883275303471726,0.0,0.047387123107910156,0.047387123107910156,1.0,0.9994388514186523,0.9994388514186523,-0.4422634541988373,0.4337061643600464,-0.006305106915533543,0.5360331632653061,0.7925600559028522,
1,client_6,False,flip,clip01,random,0.9278762340545654,0.0,0.19265508651733398,0.19265508651733398,1.0,0.9907851886568442,0.9907851886568442,1.0,0.9535226894290827,0.9535226894290827,0.0,0.2041054368019104,0.2041054368019104,1.0,0.9896660411652036,0.9896660411652036,-0.2874053716659546,0.5386081337928772,0.023929491639137268,0.39676339285714285,0.958429010404311,
1,client_7,False,flip,clip01,random,0.6692579388618469,0.0,0.03173208236694336,0.03173208236694336,1.0,0.9997483162557941,0.9997483162557941,1.0,0.9921139347489603,0.9921139347489603,0.0,0.03179371356964111,0.03179371356964111,1.0,0.9997473378332085,0.9997473378332085,-0.40537339448928833,0.5251384973526001,-0.007352512329816818,0.6580038265306123,0.7620452602831517,
1,client_8,False,flip,clip01,random,0.7967066764831543,0.0,0.08056938648223877,0.08056938648223877,1.0,0.9983791166385909,0.9983791166385909,1.0,0.9801579702517409,0.9801579702517409,0.0,0.07557392120361328,0.07557392120361328,1.0,0.9985736732545829,0.9985736732545829,-0.3100321292877197,0.30395519733428955,0.0026369390543550253,0.453922193877551,0.8663083367696517,
1,client_9,False,flip,clip01,random,0.7129796147346497,0.0,0.0350111722946167,0.0350111722946167,1.0,0.9996936248711474,0.9996936248711474,1.0,0.9913043375384059,0.9913043375384059,0.0,0.0341794490814209,0.0341794490814209,1.0,0.999708005276583,0.999708005276583,-0.5424299836158752,0.7862971425056458,-0.005762397777289152,0.6190210459183674,0.8146839765918027,
1,client_0,True,flip,clip01,pretrained,,0.0,0.14348506927490234,0.14348506927490234,1.0,0.9948728105352469,0.9948728105352469,1.0,0.9650715898618718,0.9650715898618718,0.0,0.1429579257965088,0.1429579257965088,1.0,0.9949102707595758,0.9949102707595758,,,,0.0,0.016942228432247342,
1,client_1,True,flip,clip01,pretrained,,0.0,0.14401400089263916,0.14401400089263916,1.0,0.994835086800439,0.994835086800439,1.0,0.9649462404478506,0.9649462404478506,0.0,0.1429579257965088,0.1429579257965088,1.0,0.9949102707595758,0.9949102707595758,,,,0.0,0.005295856225635674,
1,client_2,False,flip,clip01,pretrained,0.6892191767692566,0.0,0.11276888847351074,0.11276888847351074,1.0,0.9968283591910152,0.9968283591910152,1.0,0.9723930499476534,0.9723930499476534,0.0,0.11395406723022461,0.11395406723022461,1.0,0.9967615051010716,0.9967615051010716,-0.41953885555267334,0.2849389314651489,-0.02730964682996273,0.6440529336734694,0.6799903962280911,
1,client_3,False,flip,clip01,pretrained,0.7584723830223083,0.0,0.07476615905761719,0.07476615905761719,1.0,0.9986039687676334,0.9986039687676334,1.0,0.9815673162439309,0.9815673162439309,0.0,0.07665717601776123,0.07665717601776123,1.0,0.9985325364322772,0.9985325364322772,-0.268290638923645,0.3171042799949646,0.0060849739238619804,0.4186862244897959,0.702188156549393,
1,client_4,False,flip,clip01,pretrained,0.8109700083732605,0.0,0.03662705421447754,0.03662705421447754,1.0,0.9996646990688101,0.9996646990688101,1.0,0.9909057458176829,0.9909057458176829,0.0,0.03659188747406006,0.03659188747406006,1.0,0.9996653424632662,0.9996653424632662,-0.9030022621154785,0.5459027886390686,-0.06284860521554947,0.7115752551020408,0.6419628596285992,
1,client_5,False,flip,clip01,pretrained,0.6713935136795044,0.0,0.03568434715270996,0.03568434715270996,1.0,0.999681732832987,0.999681732832987,1.0,0.9911382553801515,0.9911382553801515,0.0,0.035944223403930664,0.035944223403930664,1.0,0.9996770814296068,0.9996770814296068,-0.4422634541988373,0.4337061643600464,-0.006305106915533543,0.5360331632653061,0.7925600559028522,
1,client_6,False,flip,clip01,pretrained,0.9278762340545654,0.0,0.12469744682312012,0.12469744682312012,1.0,0.9961239415703955,0.9961239415703955,1.0,0.9695399035806607,0.9695399035806607,0.0,0.1255778670310974,0.1255778670310974,1.0,0.9960691769579528,0.9960691769579528,-0.2874053716659546,0.5386081337928772,0.023929491639137268,0.39676339285714285,0.958429010404311,
1,client_7,False,flip,clip01,pretrained,0.6692579388618469,0.0,0.030880331993103027,0.030880331993103027,1.0,0.9997616438928028,0.9997616438928028,1.0,0.9923243916092692,0.9923243916092692,0.0,0.03099513053894043,0.03099513053894043,1.0,0.9997598687267613,0.9997598687267613,-0.40537339448928833,0.5251384973526001,-0.007352512329816818,0.6580038265306123,0.7620452602831517,
1,client_8,False,flip,clip01,pretrained,0.7967066764831543,0.0,0.06337714195251465,0.06337714195251465,1.0,0.9989965902332631,0.9989965902332631,1.0,0.9843420587919409,0.9843420587919409,0.0,0.0632481575012207,0.0632481575012207,1.0,0.9990006672752296,0.9990006672752296,-0.3100321292877197,0.30395519733428955,0.0026369390543550253,0.453922193877551,0.8663083367696517,
1,client_9,False,flip,clip01,pretrained,0.7129796147346497,0.0,0.04599475860595703,0.04599475860595703,1.0,0.9994713302575924,0.9994713302575924,1.0,0.9885997329896457,0.9885997329896457,0.0,0.04638701677322388,0.04638701677322388,1.0,0.9994622781258484,0.9994622781258484,-0.5424299836158752,0.7862971425056458,-0.005762397777289152,0.6190210459183674,0.8146839765918027,
1,client_0,True,flip_global,raw,random,0.9091923832893372,0.0,0.14417827129364014,0.14417827129364014,1.0,0.9948233431217612,0.9948233431217612,1.0,0.9649073156309105,0.9649073156309105,0.0,0.14676833152770996,0.14676833152770996,1.0,0.9946364382555242,0.9946364382555242,-0.7385880947113037,0.7519221305847168,-0.00032100643147714436,0.5036670918367347,0.016942228432247342,
1,client_1,True,flip_global,raw,random,0.907298743724823,0.0,0.16449004411697388,0.16449004411697388,1.0,0.9932699210515581,0.9932699210515581,1.0,0.9601124380915464,0.9601124380915464,0.0,0.1701856255531311,0.1701856255531311,1.0,0.9927983491364818,0.9927983491364818,-0.7467987537384033,0.7609596252441406,-0.008801154792308807,0.5188137755102041,0.005295856225635674,
1,client_2,False,flip_global,raw,random,0.944491446018219,0.0,0.2657017707824707,0.2657017707824707,1.0,0.9825815930928836,0.9825815930928836,1.0,0.9367453732063209,0.9367453732063209,0.0,0.2676575183868408,0.2676575183868408,1.0,0.9823276490858575,0.9823276490858575,-1.1431227922439575,0.7246570587158203,-0.07868388295173645,0.5722257653061225,0.6799903962280911,
1,client_3,False,flip_global,raw,random,0.967987596988678,0.0,0.05432271957397461,0.05432271957397461,1.0,0.9992626685318358,0.9992626685318358,1.0,0.9865564249591445,0.9865564249591445,0.0,0.05344712734222412,0.05344712734222412,1.0,0.9992862334721595,0.9992862334721595,-0.813913881778717,0.8378017544746399,0.0064333057962358,0.5102040816326531,0.702188156549393,
1,client_4,False,flip_global,raw,random,0.9438000917434692,0.0,0.1323559284210205,0.1323559284210205,1.0,0.9956348210297479,0.9956348210297479,1.0,0.9677147216725981,0.9677147216725981,0.0,0.1321626901626587,0.1321626901626587,1.0,0.9956475163432545,0.9956475163432545,-0.9330400824546814,0.7772032618522644,-0.04718299210071564,0.5572385204081632,0.6419628596285992,
1,client_5,False,flip_global,raw,random,0.9334128499031067,0.0,0.08126497268676758,0.08126497268676758,1.0,0.9983510431912985,0.9983510431912985,1.0,0.9799892471576632,0.9799892471576632,0.0,0.07992196083068848,0.07992196083068848,1.0,0.9984050305632957,0.9984050305632957,-1.019301176071167,0.8773614168167114,-0.017814122140407562,0.5379464285714286,0.7925600559028522,
1,client_6,False,flip_global,raw,random,0.9736825823783875,0.0,0.05121886730194092,0.05121886730194092,1.0,0.9993444793670552,0.9993444793670552,1.0,0.987317229583238,0.987317229583238,0.0,0.04929971694946289,0.04929971694946289,1.0,0.9993926612643893,0.9993926612643893,-0.6518195867538452,0.6403834223747253,-0.0029536900110542774,0.5074139030612245,0.958429010404311,
1,client_7,False,flip_global,raw,random,0.9436392188072205,0.0,0.11244606971740723,0.11244606971740723,1.0,0.9968464489332818,0.9968464489332818,1.0,0.9724704388632608,0.9724704388632608,0.0,0.11025166511535645,0.11025166511535645,1.0,0.9969680548038173,0.9969680548038173,-0.9259833097457886,0.8180329203605652,-0.017259791493415833,0.5852997448979592,0.7620452602831517,
1,client_8,False,flip_global,raw,random,0.9455015063285828,0.0,0.04774487018585205,0.04774487018585205,1.0,0.9994303503354218,0.9994303503354218,1.0,0.9881698073918312,0.9881698073918312,0.0,0.04750394821166992,0.04750394821166992,1.0,0.9994360823420512,0.9994360823420512,-0.8586702346801758,0.8173558115959167,-0.00783031526952982,0.47983099489795916,0.8663083367696517,
1,client_9,False,flip_global,raw,random,0.9185786247253418,0.0,0.04199230670928955,0.04199230670928955,1.0,0.9995593072561058,0.9995593072561058,1.0,0.9895840153308557,0.9895840153308557,0.0,0.04113268852233887,0.04113268852233887,1.0,0.9995771596271157,0.9995771596271157,-0.9180356860160828,0.8650880455970764,-0.016182318329811096,0.5066964285714286,0.8146839765918027,
1,client_0,True,flip_global,raw,pretrained,0.9091923832893372,0.0,0.17139244079589844,0.17139244079589844,1.0,0.9926964129654043,0.9926964129654043,1.0,0.9584911762072046,0.9584911762072046,0.0,0.16279256343841553,0.16279256343841553,1.0,0.9934074244086553,0.9934074244086553,-0.7385880947113037,0.7519221305847168,-0.00032100643147714436,0.5036670918367347,0.016942228432247342,0.5071097612380981
1,client_1,True,flip_global,raw,pretrained,0.907298743724823,0.0,0.162298321723938,0.162298321723938,1.0,0.9934471973644052,0.9934471973644052,1.0,0.9606281001677108,0.9606281001677108,0.0,0.15333116054534912,0.15333116054534912,1.0,0.9941481990633694,0.9941481990633694,-0.7467987537384033,0.7609596252441406,-0.008801154792308807,0.5188137755102041,0.005295856225635674,0.5799288749694824
1,client_2,False,flip_global,raw,pretrained,0.944491446018219,0.0,0.06017637252807617,0.06017637252807617,1.0,0.9990953153573956,0.9990953153573956,1.0,0.9851239917245576,0.9851239917245576,0.0,0.056298017501831055,0.056298017501831055,1.0,0.9992081039455969,0.9992081039455969,-1.1431227922439575,0.7246570587158203,-0.07868388295173645,0.5722257653061225,0.6799903962280911,0.6794230341911316
1,client_3,False,flip_global,raw,pretrained,0.967987596988678,0.0,0.05114877223968506,0.05114877223968506,1.0,0.9993462714723773,0.9993462714723773,1.0,0.9873344211870201,0.9873344211870201,0.0,0.05471956729888916,0.05471956729888916,1.0,0.9992518622865645,0.9992518622865645,-0.813913881778717,0.8378017544746399,0.0064333057962358,0.5102040816326531,0.702188156549393,0.3815939426422119
1,client_4,False,flip_global,raw,pretrained,0.9438000917434692,0.0,0.04987454414367676,0.04987454414367676,1.0,0.9993784223828468,0.9993784223828468,1.0,0.9876470183074573,0.9876470183074573,0.0,0.05123281478881836,0.05123281478881836,1.0,0.9993441224824875,0.9993441224824875,-0.9330400824546814,0.7772032618522644,-0.04718299210071564,0.5572385204081632,0.6419628596285992,0.4763362407684326
1,client_5,False,flip_global,raw,pretrained,0.9334128499031067,0.0,0.04720866680145264,0.04720866680145264,1.0,0.9994430681839532,0.9994430681839532,1.0,0.9883014992116053,0.9883014992116053,0.0,0.045716285705566406,0.045716285705566406,1.0,0.9994777099857417,0.9994777099857417,-1.019301176071167,0.8773614168167114,-0.017814122140407562,0.5379464285714286,0.7925600559028522,0.5475687980651855
1,client_6,False,flip_global,raw,pretrained,0.9736825823783875,0.0,0.055460453033447266,0.055460453033447266,1.0,0.9992314777947904,0.9992314777947904,1.0,0.9862777683395278,0.9862777683395278,0.0,0.05659842491149902,0.05659842491149902,1.0,0.9991996353370232,0.9991996353370232,-0.6518195867538452,0.6403834223747253,-0.0029536900110542774,0.5074139030612245,0.958429010404311,0.6535241603851318
1,client_7,False,flip_global,raw,pretrained,0.9436392188072205,0.0,0.05234646797180176,0.05234646797180176,1.0,0.9993153136227066,0.9993153136227066,1.0,0.9870407345399408,0.9870407345399408,0.0,0.05345034599304199,0.05345034599304199,1.0,0.9992861475478332,0.9992861475478332,-0.9259833097457886,0.8180329203605652,-0.017259791493415833,0.5852997448979592,0.7620452602831517,0.5493239164352417
1,client_8,False,flip_global,raw,pretrained,0.9455015063285828,0.0,0.03652620315551758,0.03652620315551758,1.0,0.9996665425396589,0.9996665425396589,1.0,0.9909306158446027,0.9909306158446027,0.0,0.03541767597198486,0.03541767597198486,1.0,0.9996864708021291,0.9996864708021291,-0.8586702346801758,0.8173558115959167,-0.00783031526952982,0.47983099489795916,0.8663083367696517,0.4690113067626953
1,client_9,False,flip_global,raw,pretrained,0.9185786247253418,0.0,0.055461883544921875,0.055461883544921875,1.0,0.9992314381715943,0.9992314381715943,1.0,0.9862774180493128,0.9862774180493128,0.0,0.0551300048828125,0.0551300048828125,1.0,0.9992406034303132,0.9992406034303132,-0.9180356860160828,0.8650880455970764,-0.016182318329811096,0.5066964285714286,0.8146839765918027,0.5415313243865967
1,client_0,True,flip_global,clip01,random,0.9091923832893372,0.0,0.3381551504135132,0.3381551504135132,1.0,0.9720144078378374,0.9720144078378374,1.0,0.920538970263733,0.920538970263733,0.0,0.36021488904953003,0.36021488904953003,1.0,0.9683340558536451,0.9683340558536451,-0.7385880947113037,0.7519221305847168,-0.00032100643147714436,0.5036670918367347,0.016942228432247342,
1,client_1,True,flip_global,clip01,random,0.907298743724823,0.0,0.30656588077545166,0.30656588077545166,1.0,0.9769120883556381,0.9769120883556381,1.0,0.9275526056442349,0.9275526056442349,0.0,0.3322276473045349,0.3322276473045349,1.0,0.9729671034325493,0.9729671034325493,-0.7467987537384033,0.7609596252441406,-0.008801154792308807,0.5188137755102041,0.005295856225635674,
1,client_2,False,flip_global,clip01,random,0.944491446018219,0.0,0.09203958511352539,0.09203958511352539,1.0,0.9978855379041902,0.9978855379041902,1.0,0.9773812890203368,0.9773812890203368,0.0,0.08651077747344971,0.08651077747344971,1.0,0.9981315936896904,0.9981315936896904,-1.1431227922439575,0.7246570587158203,-0.07868388295173645,0.5722257653061225,0.6799903962280911,
1,client_3,False,flip_global,clip01,random,0.967987596988678,0.0,0.02815699577331543,0.02815699577331543,1.0,0.9998018253570773,0.9998018253570773,1.0,0.9929977435710899,0.9929977435710899,0.0,0.02742767333984375,0.02742767333984375,1.0,0.9998119572080713,0.9998119572080713,-0.813913881778717,0.8378017544746399,0.0064333057962358,0.5102040816326531,0.702188156549393,
1,client_4,False,flip_global,clip01,random,0.9438000917434692,0.0,0.05343818664550781,0.05343818664550781,1.0,0.9992864721237527,0.9992864721237527,1.0,0.9867731486925191,0.9867731486925191,0.0,0.05263388156890869,0.05263388156890869,1.0,0.9993077782161985,0.9993077782161985,-0.9330400824546814,0.7772032618522644,-0.04718299210071564,0.5572385204081632,0.6419628596285992,
1,client_5,False,flip_global,clip01,random,0.9334128499031067,0.0,0.04960334300994873,0.04960334300994873,1.0,0.9993851607583135,0.9993851607583135,1.0,0.9877135692798449,0.9877135692798449,0.0,0.048555612564086914,0.048555612564086914,1.0,0.999410848576263,0.999410848576263,-1.019301176071167,0.8773614168167114,-0.017814122140407562,0.5379464285714286,0.7925600559028522,
1,client_6,False,flip_global,clip01,random,0.9736825823783875,0.0,0.04660916328430176,0.04660916328430176,1.0,0.9994571176168279,0.9994571176168279,1.0,0.9884487687611827,0.9884487687611827,0.0,0.04558289051055908,0.04558289051055908,1.0,0.9994807523254934,0.9994807523254934,-0.6518195867538452,0.6403834223747253,-0.0029536900110542774,0.5074139030612245,0.958429010404311,
1,client_7,False,flip_global,clip01,random,0.9436392188072205,0.0,0.027190089225769043,0.027190089225769043,1.0,0.9998152003791463,0.9998152003791463,1.0,0.9932369786419861,0.9932369786419861,0.0,0.02687358856201172,0.02687358856201172,1.0,0.9998194770045903,0.9998194770045903,-0.9259833097457886,0.8180329203605652,-0.017259791493415833,0.5852997448979592,0.7620452602831517,
1,client_8,False,flip_global,clip01,random,0.9455015063285828,0.0,0.03595852851867676,0.03595852851867676,1.0,0.9996768244099226,0.9996768244099226,1.0,0.9910706227616253,0.9910706227616253,0.0,0.03537118434906006,0.03537118434906006,1.0,0.9996872931879706,0.9996872931879706,-0.8586702346801758,0.8173558115959167,-0.00783031526952982,0.47983099489795916,0.8663083367696517,
1,client_9,False,flip_global,clip01,random,0.9185786247253418,0.0,0.07110130786895752,0.07110130786895752,1.0,0.9987373479987549,0.9987373479987549,1.0,0.9824589132334027,0.9824589132334027,0.0,0.06887185573577881,0.06887185573577881,1.0,0.9988152207027676,0.9988152207027676,-0.9180356860160828,0.8650880455970764,-0.016182318329811096,0.5066964285714286,0.8146839765918027,
1,client_0,True,flip_global,clip01,pretrained,0.9091923832893372,0.0,0.17286181449890137,0.17286181449890137,1.0,0.9925713482980663,0.9925713482980663,1.0,0.9581465749249776,0.9581465749249776,0.0,0.16434097290039062,0.16434097290039062,1.0,0.9932820524533617,0.9932820524533617,-0.7385880947113037,0.7519221305847168,-0.00032100643147714436,0.5036670918367347,0.016942228432247342,
1,client_1,True,flip_global,clip01,pretrained,0.907298743724823,0.0,0.16714024543762207,0.16714024543762207,1.0,0.9930524496495312,0.9930524496495312,1.0,0.9594894616064191,0.9594894616064191,0.0,0.15936899185180664,0.15936899185180664,1.0,0.9936804939763018,0.9936804939763018,-0.7467987537384033,0.7609596252441406,-0.008801154792308807,0.5188137755102041,0.005295856225635674,
1,client_2,False,flip_global,clip01,pretrained,0.944491446018219,0.0,0.07111954689025879,0.07111954689025879,1.0,0.9987367007346379,0.9987367007346379,1.0,0.982454472975379,0.982454472975379,0.0,0.06916618347167969,0.06916618347167969,1.0,0.998805081719977,0.998805081719977,-1.1431227922439575,0.7246570587158203,-0.07868388295173645,0.5722257653061225,0.6799903962280911,
1,client_3,False,flip_global,clip01,pretrained,0.967987596988678,0.0,0.0490950345993042,0.0490950345993042,1.0,0.9993976916144267,0.9993976916144267,1.0,0.987838322944558,0.987838322944558,0.0,0.05435514450073242,0.05435514450073242,1.0,0.9992617885386517,0.9992617885386517,-0.813913881778717,0.8378017544746399,0.0064333057962358,0.5102040816326531,0.702188156549393,
1,client_4,False,flip_global,clip01,pretrained,0.9438000917434692,0.0,0.05909621715545654,0.05909621715545654,1.0,0.9991274806679824,0.9991274806679824,1.0,0.9853880789917027,0.9853880789917027,0.0,0.06090807914733887,0.06090807914733887,1.0,0.9990731962022164,0.9990731962022164,-0.9330400824546814,0.7772032618522644,-0.04718299210071564,0.5572385204081632,0.6419628596285992,
1,client_5,False,flip_global,clip01,pretrained,0.9334128499031067,0.0,0.038092732429504395,0.038092732429504395,1.0,0.9996373346088727,0.9996373346088727,1.0,0.9905444129921297,0.9905444129921297,0.0,0.03699851036071777,0.03699851036071777,1.0,0.9996578653752202,0.9996578653752202,-1.019301176071167,0.8773614168167114,-0.017814122140407562,0.5379464285714286,0.7925600559028522,
1,client_6,False,flip_global,clip01,pretrained,0.9736825823783875,0.0,0.05528223514556885,0.05528223514556885,1.0,0.9992364062081107,0.9992364062081107,1.0,0.9863214101227373,0.9863214101227373,0.0,0.05634593963623047,0.05634593963623047,1.0,0.999206756014988,0.999206756014988,-0.6518195867538452,0.6403834223747253,-0.0029536900110542774,0.5074139030612245,0.958429010404311,
1,client_7,False,flip_global,clip01,pretrained,0.9436392188072205,0.0,0.04646158218383789,0.04646158218383789,1.0,0.9994605487004937,0.9994605487004937,1.0,0.9884850274814772,0.9884850274814772,0.0,0.0470203161239624,0.0470203161239624,1.0,0.9994475015156983,0.9994475015156983,-0.9259833097457886,0.8180329203605652,-0.017259791493415833,0.5852997448979592,0.7620452602831517,
1,client_8,False,flip_global,clip01,pretrained,0.9455015063285828,0.0,0.04030907154083252,0.04030907154083252,1.0,0.999593918407,0.999593918407,1.0,0.9899983955591913,0.9899983955591913,0.0,0.03970909118652344,0.03970909118652344,1.0,0.9996059135361666,0.9996059135361666,-0.8586702346801758,0.8173558115959167,-0.00783031526952982,0.47983099489795916,0.8663083367696517,
1,client_9,False,flip_global,clip01,pretrained,0.9185786247253418,0.0,0.05341041088104248,0.05341041088104248,1.0,0.9992872132805635,0.9992872132805635,1.0,0.9867799553251959,0.9867799553251959,0.0,0.05306065082550049,0.05306065082550049,1.0,0.9992965132243612,0.9992965132243612,-0.9180356860160828,0.8650880455970764,-0.016182318329811096,0.5066964285714286,0.8146839765918027,
2,client_0,True,orig,raw,random,0.7305784225463867,0.08609795570373535,0.24803435802459717,0.1761745810508728,0.9981493581831391,0.9847953815939217,0.9922855565206943,0.978818149806713,0.9407622953726811,0.9573703389338479,0.12031793594360352,0.26059210300445557,0.1878618597984314,0.9963906987394129,0.983236723493695,0.9912350287941429,-1.0081859827041626,1.0192797183990479,-0.000579040904995054,0.5041454081632653,0.002451745266458766,
2,client_1,True,orig,raw,random,0.7483903765678406,0.041757822036743164,0.3547581434249878,0.4038545489311218,0.9995642135594884,0.9692640980852096,0.9604397891200323,0.9896417253576051,0.9168846204943464,0.9062052359467463,0.0805511474609375,0.36107444763183594,0.4237971901893616,0.9983798495236607,0.9681863827133179,0.9565677505033043,-1.1338595151901245,1.1394095420837402,-0.0019744732417166233,0.5015146683673469,0.02032916518311952,
2,client_2,False,orig,raw,random,0.9522134065628052,0.04246401786804199,0.05355501174926758,0.061521291732788086,0.9995493541658613,0.999283350602159,0.9990544537450299,0.9894679357740166,0.9867445207084353,0.9847953207654203,0.030206680297851562,0.05233585834503174,0.06001007556915283,0.9997719281364421,0.9993155909977478,0.9991003052571217,-0.7022092342376709,1.204548954963684,0.06588202714920044,0.34606186224489793,0.6276188548504149,
2,client_3,False,orig,raw,random,0.8996607065200806,0.02705860137939453,0.035669565200805664,0.02646005153656006,0.999816983148107,0.999681996394689,0.9998249893931004,0.9932695184593774,0.9911419018571954,0.9934176641702956,0.020018815994262695,0.03486454486846924,0.025521397590637207,0.9998998192793165,0.9996961851231536,0.9998371844506664,-0.9824209809303284,0.9716053605079651,0.016887113451957703,0.44921875,0.50700306709269,
2,client_4,False,orig,raw,random,0.9562920928001404,0.06021749973297119,0.08470845222473145,0.061777472496032715,0.9990940791721423,0.9982085302006514,0.9990465682963903,0.9851139386303991,0.979154630097059,0.9847327340452889,0.03049921989440918,0.08120071887969971,0.060738325119018555,0.999767489950113,0.9983536465036027,0.9990783515385839,-0.7804418206214905,0.9432644248008728,0.02575686201453209,0.38241390306122447,0.6820547227695685,
2,client_5,False,orig,raw,random,0.9574830532073975,0.009233713150024414,0.04026663303375244,0.04098355770111084,0.9999786849761196,0.9995947727650238,0.9995802192083414,0.9976955623038257,0.9900088464708157,0.9898323187406273,0.008267879486083984,0.040236473083496094,0.04019308090209961,0.9999829107612357,0.999595379388799,0.9995962513633192,-0.6425386071205139,0.9859688878059387,0.038325611501932144,0.3549904336734694,0.79583091603591,
2,client_6,False,orig,raw,random,0.9259136319160461,0.20744681358337402,0.0661625862121582,0.08227097988128662,0.989327656375663,0.9989065256399279,0.9983100165618892,0.9500890641933382,0.9836623456155307,0.979745304697609,0.16046905517578125,0.06440186500549316,0.08127474784851074,0.9935933717505332,0.9989639057694673,0.9983506469605046,-0.6261946558952332,0.932391345500946,0.08529756218194962,0.3317123724489796,0.9522235687030481,
2,client_7,False,orig,raw,random,0.9572278261184692,0.013660073280334473,0.03548705577850342,0.05047595500946045,0.9999533522315689,0.9996852415424637,0.9993633486487035,0.996593708901885,0.9911869257444794,0.9874994600457578,0.012190580368041992,0.03508567810058594,0.04986453056335449,0.999962848472782,0.9996923198168293,0.999378671836437,-0.7374665141105652,0.8726817965507507,0.05591078847646713,0.33266900510204084,0.8130946609588531,
2,client_8,False,orig,raw,random,0.9613578915596008,0.0280458927154541,0.06777811050415039,0.06802904605865479,0.9998033859730695,0.9988525204240422,0.9988440154276883,0.9930252286438721,0.9832684428306417,0.9832072800883527,0.012865900993347168,0.06734395027160645,0.06738710403442383,0.9999586184322777,0.9988671615044218,0.9988657104372951,-0.6405921578407288,1.0662071704864502,0.06452544033527374,0.3416772959183674,0.8896162372282782,
2,client_9,False,orig,raw,random,0.9407041072845459,0.05317127704620361,0.07161831855773926,0.051030874252319336,0.9992935783214185,0.9987189362879583,0.9993492802200445,0.9868385595495541,0.9823330595533142,0.9873633380100069,0.030897140502929688,0.0695793628692627,0.05071592330932617,0.9997613843888493,0.9987907758540009,0.999357283762087,-0.9973626732826233,1.0031434297561646,0.03159087896347046,0.44698660714285715,0.8021605312924425,
2,client_0,True,orig,raw,pretrained,0.7305784225463867,0.05944061279296875,0.17993414402008057,0.16131973266601562,0.9991172882087254,0.991954802053036,0.9935255972678112,0.9853038661405877,0.956490555070755,0.9608584741103774,0.023000359535217285,0.17655348777770996,0.15717196464538574,0.9998677589825424,0.99225253053031,0.9938527329893299,-1.0081859827041626,1.0192797183990479,-0.000579040904995054,0.5041454081632653,0.002451745266458766,0.4930218458175659
2,client_1,True,orig,raw,pretrained,0.7483903765678406,0.0565723180770874,0.2529641389846802,0.2415771484375,0.9992003730832963,0.9841922378536194,0.9855682554118341,0.9860055615824765,0.9396388429160787,0.9422368922481816,0.03158462047576904,0.2553534507751465,0.2444995641708374,0.9997506495788959,0.9838958455504012,0.9852208795185042,-1.1338595151901245,1.1394095420837402,-0.0019744732417166233,0.5015146683673469,0.02032916518311952,0.6216249465942383
2,client_2,False,orig,raw,pretrained,0.9522134065628052,0.02937901020050049,0.08174145221710205,0.0724790096282959,0.9997842533562318,0.998331674175923,0.9986879907490689,0.9926955125627068,0.9798736962739596,0.9821235989069033,0.02867889404296875,0.08309674263000488,0.07286643981933594,0.9997944119644526,0.998275965313214,0.9986739407903411,-0.7022092342376709,1.204548954963684,0.06588202714920044,0.34606186224489793,0.6276188548504149,0.4086167812347412
2,client_3,False,orig,raw,pretrained,0.8996607065200806,0.061354994773864746,0.05503427982330322,0.025507450103759766,0.9990595550088894,0.9992432368036517,0.9998373623382828,0.9848359514502367,0.9863821339465129,0.9936535087593887,0.051110029220581055,0.0537724494934082,0.025011301040649414,0.9993472609557033,0.9992775226380175,0.9998436270468609,-0.9824209809303284,0.9716053605079651,0.016887113451957703,0.44921875,0.50700306709269,0.39280080795288086
2,client_4,False,orig,raw,pretrained,0.9562920928001404,0.04056143760681152,0.049597978591918945,0.03481876850128174,0.9995888192910432,0.9993852936749872,0.9996969822224697,0.9899362512818717,0.9877148857405762,0.991351814062772,0.04218482971191406,0.0494236946105957,0.03487730026245117,0.9995552584375724,0.9993896041841621,0.9996959628283566,-0.7804418206214905,0.9432644248008728,0.02575686201453209,0.38241390306122447,0.6820547227695685,0.4625929594039917
2,client_5,False,orig,raw,pretrained,0.9574830532073975,0.03746628761291504,0.10091137886047363,0.10498607158660889,0.9996491616661374,0.9974590760385915,0.9972501655867168,0.9906988258844209,0.9752417148378532,0.9742613935259719,0.01980578899383545,0.09882473945617676,0.10444402694702148,0.9999019398930187,0.9975628815653776,0.9972784293173211,-0.6425386071205139,0.9859688878059387,0.038325611501932144,0.3549904336734694,0.79583091603591,0.43849849700927734
2,client_6,False,orig,raw,pretrained,0.9259136319160461,0.17896533012390137,0.17245614528656006,0.13109004497528076,0.9920406872885528,0.9926059808573071,0.9957176538222656,0.9567171532027718,0.9582416949058616,0.968016052967231,0.15761244297027588,0.17466294765472412,0.12940692901611328,0.9938183891262244,0.9924166224799906,0.9958265710231937,-0.6261946558952332,0.932391345500946,0.08529756218194962,0.3317123724489796,0.9522235687030481,0.4769275188446045
2,client_7,False,orig,raw,pretrained,0.9572278261184692,0.015200614929199219,0.10505235195159912,0.11772692203521729,0.9999422378289169,0.9972466995862974,0.9965440767336831,0.9962106502249135,0.974245459509828,0.9712056277759056,0.017095327377319336,0.10767662525177002,0.12064695358276367,0.9999269414488765,0.9971077253959957,0.9963709858235963,-0.7374665141105652,0.8726817965507507,0.05591078847646713,0.33266900510204084,0.8130946609588531,0.484210729598999
2,client_8,False,orig,raw,pretrained,0.9613578915596008,0.025889158248901367,0.10634303092956543,0.08327150344848633,0.9998324589267782,0.9971787736892059,0.9982687154795675,0.9935589955611595,0.9739352540441015,0.9795027823326143,0.020755648612976074,0.10867536067962646,0.08239054679870605,0.9998923094613938,0.9970539421748044,0.9983051070344793,-0.6405921578407288,1.0662071704864502,0.06452544033527374,0.3416772959183674,0.8896162372282782,0.33484435081481934
2,client_9,False,orig,raw,pretrained,0.9407041072845459,0.06298327445983887,0.08325421810150146,0.10645854473114014,0.9990090139415144,0.9982694332256452,0.9971726543267603,0.9844382285018485,0.9795069714571591,0.9739074983577414,0.03279590606689453,0.08124077320098877,0.10564267635345459,0.9997311613542845,0.9983520239000983,0.9972157340400216,-0.9973626732826233,1.0031434297561646,0.03159087896347046,0.44698660714285715,0.8021605312924425,0.4879528284072876
2,client_0,True,orig,clip01,random,0.7305784225463867,0.05359327793121338,0.24021494388580322,0.20357370376586914,0.999282326665665,0.9857288100377868,0.9897193994093834,0.9867351438540255,0.9425484150790147,0.9509863371002558,0.09790325164794922,0.2585473656654358,0.214002788066864,0.9976080381265546,0.9834955038682955,0.9886482837440607,-1.0081859827041626,1.0192797183990479,-0.000579040904995054,0.5041454081632653,0.002451745266458766,
2,client_1,True,orig,clip01,random,0.7483903765678406,0.06443285942077637,0.3202991485595703,0.37553924322128296,0.9989629090320826,0.974837308138861,0.9656537930005675,0.9840843562477288,0.9244936214398614,0.9123413429369547,0.11965638399124146,0.325380802154541,0.3927111029624939,0.9964301740898704,0.9740482856177906,0.9625318665690386,-1.1338595151901245,1.1394095420837402,-0.0019744732417166233,0.5015146683673469,0.02032916518311952,
2,client_2,False,orig,clip01,random,0.9522134065628052,0.03529810905456543,0.04547321796417236,0.05537605285644531,0.9996885836285432,0.999483246974697,0.9992338137585859,0.9912335409053668,0.9887279069198207,0.9862984357926856,0.0245058536529541,0.04502511024475098,0.05425453186035156,0.9998498826877333,0.9994933774440644,0.9992645173962855,-0.7022092342376709,1.204548954963684,0.06588202714920044,0.34606186224489793,0.6276188548504149,
2,client_3,False,orig,clip01,random,0.8996607065200806,0.03576302528381348,0.06428766250610352,0.054836392402648926,0.9996803281688922,0.9989675742371997,0.9992486661627635,0.9911188470507133,0.9841197930715391,0.9864306002545065,0.023343801498413086,0.061955928802490234,0.05213320255279541,0.9998637806512849,0.9990410559607745,0.9993208784009975,-0.9824209809303284,0.9716053605079651,0.016887113451957703,0.44921875,0.50700306709269,
2,client_4,False,orig,clip01,random,0.9562920928001404,0.05290341377258301,0.07875680923461914,0.07656490802764893,0.9993006742119623,0.9984511428252216,0.9985360630378712,0.9869042106630828,0.980597838335505,0.9811301549621656,0.020360946655273438,0.07614302635192871,0.07256603240966797,0.9998963660185318,0.9985521340461407,0.9986848414090481,-0.7804418206214905,0.9432644248008728,0.02575686201453209,0.38241390306122447,0.6820547227695685,
2,client_5,False,orig,clip01,random,0.9574830532073975,0.037399888038635254,0.09781539440155029,0.11024844646453857,0.9996504037838789,0.9976123215503494,0.9969682314256991,0.9907151948864845,0.9759875613070879,0.9729975180366597,0.011155843734741211,0.09151875972747803,0.1039191484451294,0.9999688875136508,0.9979093630247773,0.9973056596666676,-0.6425386071205139,0.9859688878059387,0.038325611501932144,0.3549904336734694,0.79583091603591,
2,client_6,False,orig,clip01,random,0.9259136319160461,0.3073849678039551,0.13639140129089355,0.08750271797180176,0.976790710256028,0.9953655185333612,0.9980885632103851,0.9273697333787707,0.9667550561513938,0.9784781508786524,0.24392712116241455,0.13609254360198975,0.08383762836456299,0.9852892379721689,0.9953857359485476,0.9982451261323757,-0.6261946558952332,0.932391345500946,0.08529756218194962,0.3317123724489796,0.9522235687030481,
2,client_7,False,orig,clip01,random,0.9572278261184692,0.03004932403564453,0.054091691970825195,0.09203219413757324,0.9997742977446646,0.9992689233174017,0.9978858769435841,0.9925297878412804,0.9866130232682335,0.9773830744083913,0.01485300064086914,0.05184507369995117,0.08814167976379395,0.9999448493742904,0.9993283605998751,0.9980605866931522,-0.7374665141105652,0.8726817965507507,0.05591078847646713,0.33266900510204084,0.8130946609588531,
2,client_8,False,orig,clip01,random,0.9613578915596008,0.023133039474487305,0.1372678279876709,0.12352585792541504,0.9998662290436857,0.9953059770197115,0.9961962270973923,0.9942417299377315,0.9665468242580064,0.9698195743999842,0.012932538986206055,0.13898134231567383,0.12377321720123291,0.9999581886700293,0.9951884805147617,0.9961810215202134,-0.6405921578407288,1.0662071704864502,0.06452544033527374,0.3416772959183674,0.8896162372282782,
2,client_9,False,orig,clip01,random,0.9407041072845459,0.04026961326599121,0.060977935791015625,0.05992734432220459,0.9995947127973166,0.999071070527233,0.9991027825577752,0.9900081125530782,0.9849280861147132,0.985184867226941,0.019930601119995117,0.058139920234680176,0.0581049919128418,0.9999007001807096,0.9991554727202916,0.9991564864953737,-0.9973626732826233,1.0031434297561646,0.03159087896347046,0.44698660714285715,0.8021605312924425,
2,client_0,True,orig,clip01,pretrained,0.7305784225463867,0.06657886505126953,0.1169964075088501,0.10497057437896729,0.9988927340711355,0.9965867232636982,0.9972509756695793,0.9835608244051111,0.971380445242835,0.9742651191617215,0.025931239128112793,0.11204695701599121,0.10087382793426514,0.9998319139020304,0.9968687429328782,0.9974609631309754,-1.0081859827041626,1.0192797183990479,-0.000579040904995054,0.5041454081632653,0.002451745266458766,
2,client_1,True,orig,clip01,pretrained,0.7483903765678406,0.049727439880371094,0.15305471420288086,0.18080615997314453,0.9993820819472843,0.9941691885972275,0.9918771110551277,0.9876831158899044,0.962807492932843,0.95628666617667,0.023391246795654297,0.15248644351959229,0.1782059669494629,0.999863226425215,0.9942122183802655,0.9921076883409337,-1.1338595151901245,1.1394095420837402,-0.0019744732417166233,0.5015146683673469,0.02032916518311952,
2,client_2,False,orig,clip01,pretrained,0.9522134065628052,0.029556632041931152,0.08127570152282715,0.07246887683868408,0.9997816371439328,0.9983506083013027,0.998688357208382,0.9926515942685483,0.97998664508631,0.9821260644663741,0.03192019462585449,0.08294641971588135,0.0730825662612915,0.9997453239491441,0.9982821892347962,0.9986660706578327,-0.7022092342376709,1.204548954963684,0.06588202714920044,0.34606186224489793,0.6276188548504149,
2,client_3,False,orig,clip01,pretrained,0.8996607065200806,0.06422066688537598,0.06292128562927246,0.027174830436706543,0.9989697232820451,0.9990109622137735,0.9998154077074042,0.9841361446983528,0.9844533654547665,0.9932407547128324,0.056107282638549805,0.06238234043121338,0.02677631378173828,0.9992134575039466,0.9990278203329992,0.9998207813482056,-0.9824209809303284,0.9716053605079651,0.016887113451957703,0.44921875,0.50700306709269,
2,client_4,False,orig,clip01,pretrained,0.9562920928001404,0.039902329444885254,0.05273938179016113,0.03154551982879639,0.9996020698274561,0.9993050018816287,0.9997512664557131,0.990098566724779,0.9869444168059627,0.9921600262896337,0.0448915958404541,0.052877187728881836,0.031621456146240234,0.9994963764641607,0.9993013670365829,0.9997500677372899,-0.7804418206214905,0.9432644248008728,0.02575686201453209,0.38241390306122447,0.6820547227695685,
2,client_5,False,orig,clip01,pretrained,0.9574830532073975,0.04247081279754639,0.11133718490600586,0.1167442798614502,0.9995492099818497,0.9969081960236086,0.9966013811755812,0.989466263814442,0.9727363408114973,0.9714407921999719,0.024637937545776367,0.10934627056121826,0.11678457260131836,0.9998482602792929,0.9970175364421909,0.9965990407831238,-0.6425386071205139,0.9859688878059387,0.038325611501932144,0.3549904336734694,0.79583091603591,
2,client_6,False,orig,clip01,pretrained,0.9259136319160461,0.16307878494262695,0.16379690170288086,0.11714494228363037,0.9933843371962361,0.9933262374659853,0.9965780732666496,0.960444427364572,0.9602754736598078,0.9713448959587045,0.162237286567688,0.16622233390808105,0.11718666553497314,0.9934521008030288,0.9931281573870858,0.9965756415381,-0.6261946558952332,0.932391345500946,0.08529756218194962,0.3317123724489796,0.9522235687030481,
2,client_7,False,orig,clip01,pretrained,0.9572278261184692,0.017712831497192383,0.1178046464920044,0.13000059127807617,0.999921568514017,0.9965395238141186,0.9957883127933231,0.9955864563176073,0.9711870305256842,0.9682754996985605,0.01812899112701416,0.11956393718719482,0.13294553756713867,0.9999178399832318,0.9964356733206288,0.9955959719204843,-0.7374665141105652,0.8726817965507507,0.05591078847646713,0.33266900510204084,0.8130946609588531,
2,client_8,False,orig,clip01,pretrained,0.9613578915596008,0.022174954414367676,0.11729788780212402,0.09665036201477051,0.999877079182502,0.9965691550571885,0.9976687609281598,0.9944792276912384,0.9713082930790029,0.9762684483363018,0.021721720695495605,0.11976933479309082,0.09733819961547852,0.999882052147318,0.9964234494644986,0.9976355201874789,-0.6405921578407288,1.0662071704864502,0.06452544033527374,0.3416772959183674,0.8896162372282782,
2,client_9,False,orig,clip01,pretrained,0.9407041072845459,0.05805099010467529,0.08482098579406738,0.11576557159423828,0.9991580526717261,0.9982037735905578,0.9966579836251142,0.9856437277919745,0.9791273726584586,0.9716751001636545,0.03993809223175049,0.08343720436096191,0.11486327648162842,0.9996013564248838,0.9982618274959543,0.9967097488691148,-0.9973626732826233,1.0031434297561646,0.03159087896347046,0.44698660714285715,0.8021605312924425,
2,client_0,True,flip,raw,random,-0.0368514209985733,0.5414199829101562,0.354314923286438,0.22411203384399414,0.9305588504429974,0.9693390750779336,0.9875607333837899,0.8772604434936506,0.9169818902705769,0.9462427550251089,0.7957190275192261,0.38183414936065674,0.2138371467590332,0.8587236088283268,0.9645237994143736,0.9886657000888868,-1.1887010335922241,1.231492042541504,0.008997070603072643,0.4909119897959184,0.002451745266458766,
2,client_1,True,flip,raw,random,-0.0009173766593448818,0.4374886751174927,0.33293867111206055,0.22411203384399414,0.9538157444405817,0.9728536401720798,0.9875607333837899,0.8989969057361458,0.9216916523786138,0.9462427550251089,0.8084011077880859,0.35750091075897217,0.2138371467590332,0.8546934897155938,0.9687982304852749,0.9886657000888868,-1.3022123575210571,1.2856807708740234,0.0015698774950578809,0.49832589285714285,0.02032916518311952,
2,client_2,False,flip,raw,random,0.49922293424606323,0.5475623607635498,0.10650014877319336,0.12459444999694824,0.9290597639227551,0.9971704487324047,0.9961303233823509,0.8760006775021973,0.9738975020185561,0.9695644851707168,0.19308972358703613,0.10075318813323975,0.11380124092102051,0.9907438533095199,0.9974670210730165,0.9967701646693821,-0.6971110701560974,0.3754618167877197,-0.024129381403326988,0.6536989795918368,0.6276188548504149,
2,client_3,False,flip,raw,random,0.743291437625885,0.6291648149490356,0.23356354236602783,0.1492220163345337,0.9079339121864387,0.9865002770571929,0.9944563548995944,0.8595201811618631,0.9440717512951651,0.9637133180743578,0.5315001010894775,0.24003088474273682,0.14007067680358887,0.9329516617457712,0.9857504373255286,0.9951130374207271,-0.9828078150749207,0.5433429479598999,-0.04799389839172363,0.6128029336734694,0.50700306709269,
2,client_4,False,flip,raw,random,0.6888141632080078,0.34604525566101074,0.08161187171936035,0.21092158555984497,0.9707223779468441,0.9983369528104711,0.9889701231722454,0.9187996158119247,0.9799051187702996,0.9492851553685318,0.3338097333908081,0.07876086235046387,0.21560907363891602,0.972714334965753,0.998450983586582,0.9884787155345547,-0.5994464159011841,0.632108747959137,-0.0011394533794373274,0.5254304846938775,0.6820547227695685,
2,client_5,False,flip,raw,random,0.640131950378418,0.17975616455078125,0.117073655128479,0.09646105766296387,0.9919706138401567,0.9965822260654382,0.9976778682574212,0.9565321770560375,0.9713619570888377,0.9763141007067513,0.06787967681884766,0.11023831367492676,0.09060180187225342,0.9988490817948061,0.9969687874241875,0.9979509826867732,-0.27160540223121643,0.4726931154727936,0.002018742496147752,0.5586734693877551,0.79583091603591,
2,client_6,False,flip,raw,random,0.7539242506027222,0.5088100433349609,0.2388433814048767,0.0990976095199585,0.9382915918369592,0.985889589676803,0.9975494292604923,0.8839945192597061,0.9428622344250863,0.975678561970722,0.4726213216781616,0.24443984031677246,0.09323930740356445,0.9464133068931544,0.9852280186142508,0.9978301455728162,-1.2873395681381226,0.6858676671981812,-0.07274258881807327,0.6978635204081632,0.9522235687030481,
2,client_7,False,flip,raw,random,0.5877581834793091,0.09092748165130615,0.12670838832855225,0.1265631914138794,0.9979362481510219,0.9959982970331118,0.9960074355256903,0.977649987393959,0.9690601525511351,0.9690947802892567,0.010660529136657715,0.12003684043884277,0.11835062503814697,0.9999715888850398,0.9964074982454911,0.9965074578420641,-0.41625869274139404,0.5929922461509705,0.0004455082234926522,0.6021205357142857,0.8130946609588531,
2,client_8,False,flip,raw,random,0.7288447022438049,0.18909668922424316,0.09498023986816406,0.13120412826538086,0.991120195733102,0.9977484976987565,0.9957102210236295,0.9543514876637036,0.9766713232503821,0.9679888907682244,0.04977226257324219,0.08909308910369873,0.12120091915130615,0.9993809680203476,0.9980185548977363,0.9963376749803874,-0.3707299828529358,0.6327232718467712,0.011592080816626549,0.502311862244898,0.8896162372282782,
2,client_9,False,flip,raw,random,0.7876789569854736,0.3364366292953491,0.06483900547027588,0.11589670181274414,0.9722922058784895,0.9989498037607774,0.9966504272285717,0.9209184710961473,0.9839852422316371,0.9716437019693487,0.13237929344177246,0.06262552738189697,0.10842955112457275,0.9956332847605953,0.9990202313861274,0.9970672250057653,-0.5263419151306152,0.5528878569602966,0.02378196083009243,0.38711734693877553,0.8021605312924425,
2,client_0,True,flip,raw,pretrained,-0.0368514209985733,0.8128442764282227,0.5962335467338562,0.32151830196380615,0.8532733056543416,0.916723065536047,0.9746490568648019,0.8240942830925608,0.8661142483130626,0.924222797657589,1.5723811388015747,0.6714440584182739,0.30622196197509766,0.5845771044401429,0.8961600367653566,0.9769629628633167,-1.1887010335922241,1.231492042541504,0.008997070603072643,0.4909119897959184,0.002451745266458766,0.5365686416625977
2,client_1,True,flip,raw,pretrained,-0.0009173766593448818,0.8784854412078857,0.5368859171867371,0.32200849056243896,0.8318284635468198,0.9316568717477063,0.9745731799711361,0.8119678541571707,0.8781921072185936,0.9241139403820957,1.5166141986846924,0.5926766991615295,0.30622196197509766,0.6040974813351896,0.9176515052759755,0.9769629628633167,-1.3022123575210571,1.2856807708740234,0.0015698774950578809,0.49832589285714285,0.02032916518311952,0.6795544624328613
2,client_2,False,flip,raw,pretrained,0.49922293424606323,0.14327847957611084,0.13911020755767822,0.12841558456420898,0.9948875075281605,0.9951795860782362,0.9958900721708506,0.9651205553795443,0.9661093093423592,0.9686531458595291,0.036640167236328125,0.13226962089538574,0.11758708953857422,0.9996644590009782,0.9956404934997802,0.9965522603115846,-0.6971110701560974,0.3754618167877197,-0.024129381403326988,0.6536989795918368,0.6276188548504149,0.7639827132225037
2,client_3,False,flip,raw,pretrained,0.743291437625885,0.3800179958343506,0.13791298866271973,0.12420856952667236,0.9648515389675232,0.9952619066896247,0.9961541866732682,0.9113666122437836,0.9663935823390803,0.9696565891023796,0.22405636310577393,0.1329784393310547,0.11721515655517578,0.9875668548328169,0.9955937990168795,0.9965739805224538,-0.9828078150749207,0.5433429479598999,-0.04799389839172363,0.6128029336734694,0.50700306709269,0.6027047634124756
2,client_4,False,flip,raw,pretrained,0.6888141632080078,0.11119449138641357,0.040010690689086914,0.08395743370056152,0.9969160977379568,0.9995999062544758,0.9982401136890551,0.9727705655343046,0.9900718783718718,0.9793365680201129,0.08446812629699707,0.03842020034790039,0.08154678344726562,0.9982186673550633,0.999631074162824,0.9983396011241388,-0.5994464159011841,0.632108747959137,-0.0011394533794373274,0.5254304846938775,0.6820547227695685,0.6854816675186157
2,client_5,False,flip,raw,pretrained,0.640131950378418,0.032735586166381836,0.11527049541473389,0.0918511152267456,0.9997321491698097,0.9966864361115413,0.9978941749576686,0.991866067435176,0.9717936563535392,0.977426817945134,0.016634821891784668,0.11220872402191162,0.08957457542419434,0.9999308242643286,0.9968597162679591,0.9979971126255709,-0.27160540223121643,0.4726931154727936,0.002018742496147752,0.5586734693877551,0.79583091603591,0.6768956184387207
2,client_6,False,flip,raw,pretrained,0.7539242506027222,0.2941082715988159,0.07393825054168701,0.12172329425811768,0.9787209022449816,0.9986346834575099,0.9963061254678243,0.9303406345282161,0.9817686263184355,0.9702501022813017,0.12531828880310059,0.06763648986816406,0.12298989295959473,0.9960853630369513,0.9988573065667374,0.9962290705650907,-1.2873395681381226,0.6858676671981812,-0.07274258881807327,0.6978635204081632,0.9522235687030481,0.6783794164657593
2,client_7,False,flip,raw,pretrained,0.5877581834793091,0.05204200744628906,0.1201014518737793,0.1486647129058838,0.9993232510535095,0.9964036402217924,0.9944975148286097,0.9871153787951474,0.9706377116481659,0.9638451385261608,0.020670533180236816,0.11510038375854492,0.1439838409423828,0.9998931908214335,0.9966961847182421,0.9948372415009616,-0.41625869274139404,0.5929922461509705,0.0004455082234926522,0.6021205357142857,0.8130946609588531,0.7643662691116333
2,client_8,False,flip,raw,pretrained,0.7288447022438049,0.13488924503326416,0.05125260353088379,0.10626006126403809,0.9954666952767088,0.9993436159670355,0.9971831649558662,0.9671121130513596,0.98730895555311,0.9739551907498305,0.10556817054748535,0.050107598304748535,0.10100901126861572,0.9972196517404324,0.9993726025252228,0.9974541663364822,-0.3707299828529358,0.6327232718467712,0.011592080816626549,0.502311862244898,0.8896162372282782,0.6263735294342041
2,client_9,False,flip,raw,pretrained,0.7876789569854736,0.09155762195587158,0.04977250099182129,0.09488630294799805,0.9979075899132683,0.9993809620925258,0.9977529415323516,0.9774977238500511,0.9876720582353435,0.9766939905804237,0.08668696880340576,0.05067288875579834,0.09361052513122559,0.9981239861196081,0.9993583735170832,0.997812861715742,-0.5263419151306152,0.5528878569602966,0.02378196083009243,0.38711734693877553,0.8021605312924425,0.6878722310066223
2,client_0,True,flip,clip01,random,-0.0368514209985733,0.7763479948043823,0.6914860010147095,0.22582674026489258,0.8648101572226592,0.8903966479140017,0.9873714708071852,0.8309554141818309,0.8472468124839125,0.9458483315512904,1.3560380935668945,0.7120552659034729,0.2013019323348999,0.6616253223845885,0.8843658623449677,0.9899458470410212,-1.1887010335922241,1.231492042541504,0.008997070603072643,0.4909119897959184,0.002451745266458766,
2,client_1,True,flip,clip01,random,-0.0009173766593448818,0.6752678155899048,0.5194437503814697,0.22582674026489258,0.8950692465885219,0.9358123354933665,0.9873714708071852,0.8504151847212071,0.881790081442039,0.9458483315512904,1.1761460304260254,0.5651541948318481,0.2013019323348999,0.7271204442028916,0.9246935991707945,0.9899458470410212,-1.3022123575210571,1.2856807708740234,0.0015698774950578809,0.49832589285714285,0.02032916518311952,
2,client_2,False,flip,clip01,random,0.49922293424606323,0.20484590530395508,0.09687399864196777,0.1267385482788086,0.9895915121268974,0.9976579790463997,0.9959963975091639,0.9506914692116204,0.976214520571838,0.9690529599945792,0.02973783016204834,0.09164059162139893,0.1131291389465332,0.9997789520178131,0.9979038018712572,0.996808111250439,-0.6971110701560974,0.3754618167877197,-0.024129381403326988,0.6536989795918368,0.6276188548504149,
2,client_3,False,flip,clip01,random,0.743291437625885,0.4312490224838257,0.10306525230407715,0.1257542371749878,0.955079294499019,0.9973496684534715,0.9960581604608396,0.9003276244153222,0.9747233347744784,0.969287740277119,0.18247687816619873,0.0949169397354126,0.11560916900634766,0.9917272374435671,0.9977514926909199,0.9966669852711887,-0.9828078150749207,0.5433429479598999,-0.04799389839172363,0.6128029336734694,0.50700306709269,
2,client_4,False,flip,clip01,random,0.6888141632080078,0.2181079387664795,0.0547032356262207,0.08699023723602295,0.9882124891948147,0.9992523085497895,0.998110855583622,0.9476257904299359,0.9864632148358858,0.9786021676224324,0.13878870010375977,0.05253100395202637,0.0851130485534668,0.9952017617654552,0.9993104801918724,0.998191399271817,-0.5994464159011841,0.632108747959137,-0.0011394533794373274,0.5254304846938775,0.6820547227695685,
2,client_5,False,flip,clip01,random,0.640131950378418,0.053191184997558594,0.08297133445739746,0.09272551536560059,0.9992930495177879,0.9982811584479432,0.9978539551032743,0.986833680533961,0.9795755324687396,0.9772156147993689,0.0058095455169677734,0.08163917064666748,0.0903705358505249,0.9999915623486175,0.9983358414450481,0.9979614138131985,-0.27160540223121643,0.4726931154727936,0.002018742496147752,0.5586734693877551,0.79583091603591,
2,client_6,False,flip,clip01,random,0.7539242506027222,0.34913456439971924,0.10734808444976807,0.10474848747253418,0.9702090927408009,0.9971253101568645,0.997262571751633,0.9181199321894589,0.9736937993015595,0.9743185127376608,0.12659955024719238,0.09946537017822266,0.09651732444763184,0.9960051481226901,0.9975312406639385,0.9976751631449075,-1.2873395681381226,0.6858676671981812,-0.07274258881807327,0.6978635204081632,0.9522235687030481,
2,client_7,False,flip,clip01,random,0.5877581834793091,0.0867851972579956,0.08298635482788086,0.10677468776702881,0.9981197381398832,0.9982805368678329,0.9971558729151515,0.97865179246778,0.9795718918799579,0.9738315414991228,0.02812826633453369,0.07903075218200684,0.1018979549407959,0.999802229498032,0.9984403618119351,0.9974092467353564,-0.41625869274139404,0.5929922461509705,0.0004455082234926522,0.6021205357142857,0.8130946609588531,
2,client_8,False,flip,clip01,random,0.7288447022438049,0.18132317066192627,0.09073185920715332,0.12404811382293701,0.9918308757082837,0.9979451048822356,0.9961640879007889,0.9561658130526776,0.9776972637387213,0.969694891360894,0.10108447074890137,0.08377218246459961,0.11408746242523193,0.997450368430258,0.9982478612659802,0.9967539371478613,-0.3707299828529358,0.6327232718467712,0.011592080816626549,0.502311862244898,0.8896162372282782,
2,client_9,False,flip,clip01,random,0.7876789569854736,0.18601667881011963,0.03619790077209473,0.11430990695953369,0.9914052562383737,0.9996725084552089,0.9967412976290944,0.9550697374070585,0.9910115822067422,0.9720237510105347,0.1408066749572754,0.03618037700653076,0.1092367172241211,0.9950617365161694,0.9996728253845251,0.9970234963291644,-0.5263419151306152,0.5528878569602966,0.02378196083009243,0.38711734693877553,0.8021605312924425,
2,client_0,True,flip,clip01,pretrained,-0.0368514209985733,0.834958553314209,0.5714154839515686,0.2865936756134033,0.8461433720936027,0.923113927658876,0.9797780458907475,0.8199785029998867,0.8711343167751324,0.9320285095536693,1.5362799167633057,0.6268919706344604,0.27369868755340576,0.5971810513282816,0.9085515193466729,0.9815321107278532,-1.1887010335922241,1.231492042541504,0.008997070603072643,0.4909119897959184,0.002451745266458766,
2,client_1,True,flip,clip01,pretrained,-0.0009173766593448818,0.8557180166244507,0.5289332866668701,0.28673887252807617,0.8393608308723484,0.9335650926046013,0.97975786296041,0.8161431039857197,0.8798298273573568,0.9319958528389682,1.4884732961654663,0.5722194910049438,0.27369868755340576,0.6140519236855191,0.9229101185795563,0.9815321107278532,-1.3022123575210571,1.2856807708740234,0.0015698774950578809,0.49832589285714285,0.02032916518311952,
2,client_2,False,flip,clip01,pretrained,0.49922293424606323,0.1846318244934082,0.14246046543121338,0.1340014934539795,0.9915319408866992,0.99494549710333,0.9955259695966974,0.9553929462352588,0.9653144762578574,0.9673232213790617,0.040932536125183105,0.13674700260162354,0.12484097480773926,0.9995812634233483,0.995341405497641,0.9961150397052443,-0.6971110701560974,0.3754618167877197,-0.024129381403326988,0.6536989795918368,0.6276188548504149,
2,client_3,False,flip,clip01,pretrained,0.743291437625885,0.33807843923568726,0.13054406642913818,0.12022590637207031,0.9720268357922106,0.9957531372585537,0.9963962031117926,0.9205559053671288,0.9681460613660096,0.9706079596285158,0.19572162628173828,0.12692272663116455,0.11249971389770508,0.9904916173839049,0.9959847879576775,0.996843446441767,-0.9828078150749207,0.5433429479598999,-0.04799389839172363,0.6128029336734694,0.50700306709269,
2,client_4,False,flip,clip01,pretrained,0.6888141632080078,0.12813115119934082,0.034406423568725586,0.09605574607849121,0.9959082026754442,0.999704115181582,0.9976973079531846,0.9687209388012548,0.9914535735701644,0.976411855853945,0.10430502891540527,0.03268253803253174,0.09455585479736328,0.9972856536892423,0.999733016399176,0.9977685391951954,-0.5994464159011841,0.632108747959137,-0.0011394533794373274,0.5254304846938775,0.6820547227695685,
2,client_5,False,flip,clip01,pretrained,0.640131950378418,0.032076239585876465,0.09561324119567871,0.09004700183868408,0.999742828327234,0.9977184387058151,0.9979759621729205,0.9920289168025569,0.9765185982527684,0.977862801200994,0.0165940523147583,0.09324085712432861,0.08809316158294678,0.999931162911059,0.9978300735598069,0.9980627181291815,-0.27160540223121643,0.4726931154727936,0.002018742496147752,0.5586734693877551,0.79583091603591,
2,client_6,False,flip,clip01,pretrained,0.7539242506027222,0.23855918645858765,0.116097092628479,0.10917210578918457,0.9859227938206021,0.9966388633220158,0.9970270085249224,0.9429272790844128,0.971595722762437,0.9732558246742422,0.0983433723449707,0.11046814918518066,0.11149859428405762,0.9975865228557397,0.9969561636183475,0.9968992458096531,-1.2873395681381226,0.6858676671981812,-0.07274258881807327,0.6978635204081632,0.9522235687030481,
2,client_7,False,flip,clip01,pretrained,0.5877581834793091,0.05386316776275635,0.10456478595733643,0.13301324844360352,0.9992750841582958,0.9972721451656674,0.9955914995702473,0.98666901307693,0.9743626811142214,0.9675583085658934,0.023847222328186035,0.09978318214416504,0.12849295139312744,0.9998578426551603,0.9975154685476735,0.9958851337437904,-0.41625869274139404,0.5929922461509705,0.0004455082234926522,0.6021205357142857,0.8130946609588531,
2,client_8,False,flip,clip01,pretrained,0.7288447022438049,0.12898457050323486,0.04540252685546875,0.09626913070678711,0.99585368440733,0.9994848517586898,0.9976870836573568,0.9685175529419123,0.9887452818995641,0.9763603888125991,0.11415231227874756,0.045388221740722656,0.09280240535736084,0.9967502548326737,0.9994851762009205,0.9978504002771409,-0.3707299828529358,0.6327232718467712,0.011592080816626549,0.502311862244898,0.8896162372282782,
2,client_9,False,flip,clip01,pretrained,0.7876789569854736,0.0822761058807373,0.038157105445861816,0.08944582939147949,0.9983098062291864,0.999636108169474,0.9980028573891091,0.9797440619489384,0.9905285476811092,0.9780081457879231,0.07980871200561523,0.03888416290283203,0.0894014835357666,0.9984095420909087,0.999622112602188,0.998004834239244,-0.5263419151306152,0.5528878569602966,0.02378196083009243,0.38711734693877553,0.8021605312924425,
2,client_0,True,flip_global,raw,random,0.8658302426338196,0.06586873531341553,0.20976591110229492,0.15034639835357666,0.998916209185982,0.9890896727160545,0.9943728521417554,0.983734018826065,0.9495524139257974,0.963447447437267,0.09497737884521484,0.21914684772491455,0.1539430022239685,0.9977486331084264,0.9881009341407923,0.9941016119112653,-0.7939808368682861,0.9196397662162781,-0.0022042947821319103,0.49752869897959184,0.002451745266458766,
2,client_1,True,flip_global,raw,random,0.8741689920425415,0.13785231113433838,0.17649328708648682,0.18925964832305908,0.9952660601942092,0.9922577823296086,0.9911049866422588,0.9664079932266993,0.9572957106592568,0.9543135086688526,0.17612940073013306,0.18581318855285645,0.19959765672683716,0.9922894898699506,0.9914239290642857,0.9901141093577255,-0.7985216975212097,0.8036742806434631,0.0006229442660696805,0.49800701530612246,0.02032916518311952,
2,client_2,False,flip_global,raw,random,0.7734905481338501,0.4137294292449951,0.06340920925140381,0.37398409843444824,0.9585428810774022,0.9989955753395579,0.9659303647943973,0.9040798922353104,0.9843342296148456,0.9126801630074619,0.4008777141571045,0.06152689456939697,0.3805837631225586,0.961003718214684,0.9990542816347314,0.9647495913457897,-0.8729375600814819,0.8363234996795654,-0.02079503796994686,0.5968590561224489,0.6276188548504149,
2,client_3,False,flip_global,raw,random,0.7709553241729736,0.16498160362243652,0.047200798988342285,0.06343483924865723,0.9932298416307597,0.9994432537278748,0.9989947638111356,0.9599968424855618,0.988303431746494,0.9843279721613172,0.1326305866241455,0.04546165466308594,0.06332969665527344,0.9956167451122964,0.9994835096478376,0.9989980908843352,-1.1166096925735474,0.6256665587425232,-0.026938695460557938,0.5125159438775511,0.50700306709269,
2,client_4,False,flip_global,raw,random,0.8472445607185364,0.17780685424804688,0.05439591407775879,0.1963200569152832,0.9921427918280372,0.9992606813330831,0.9904338021537598,0.956988217709265,0.9865384944163096,0.9526701989207418,0.16224884986877441,0.053389906883239746,0.1987360715866089,0.993451171970082,0.9992877601539238,0.9901986450086275,-0.7940250039100647,0.742855429649353,0.0032033962197601795,0.5161830357142857,0.6820547227695685,
2,client_5,False,flip_global,raw,random,0.845967173576355,0.13534605503082275,0.057431578636169434,0.12562763690948486,0.9954360440730359,0.9991759131379159,0.996066069760835,0.9670035100784058,0.9857952746710432,0.9693179434802754,0.10303640365600586,0.05462658405303955,0.12606632709503174,0.9973511489879785,0.99925440127945,0.9960386291481762,-0.6377369165420532,1.0494211912155151,0.016423456370830536,0.4544005102040816,0.79583091603591,
2,client_6,False,flip_global,raw,random,0.8551163673400879,0.1784827709197998,0.13535857200622559,0.059395670890808105,0.9920832972487759,0.9954352027657956,0.9991186216247112,0.956830050186791,0.9670005345240571,0.9853148548822115,0.14875316619873047,0.13530409336090088,0.05791342258453369,0.9944909921771807,0.9954388638955869,0.9991620358819704,-1.271446943283081,0.7175864577293396,-0.09084583073854446,0.6792091836734694,0.9522235687030481,
2,client_7,False,flip_global,raw,random,0.9320323467254639,0.2837865352630615,0.0700533390045166,0.1292877197265625,0.9801663613545795,0.9987742604193479,0.9958342325519227,0.9326602110926521,0.9827140900241069,0.9684453222187341,0.18379127979278564,0.06784403324127197,0.12708735466003418,0.9916083828918709,0.9988502891281941,0.9959743966495405,-0.6936726570129395,0.7935377359390259,0.023246565833687782,0.45998086734693877,0.8130946609588531,
2,client_8,False,flip_global,raw,random,0.9296057224273682,0.06130862236022949,0.030161023139953613,0.04235196113586426,0.9990609750567989,0.9997726169555217,0.9995517286144857,0.9848472818890692,0.9925021760014521,0.9894955090521189,0.06384682655334473,0.02983415126800537,0.0430598258972168,0.9989816740949096,0.9997775179851907,0.9995366239494881,-0.8876565098762512,0.9052579402923584,0.010518391616642475,0.49059311224489793,0.8896162372282782,
2,client_9,False,flip_global,raw,random,0.9178211092948914,0.06165313720703125,0.05748176574707031,0.034085631370544434,0.9990503995167228,0.999174473129183,0.9997096056956702,0.9847631092648672,0.9857829944554304,0.9915327503057858,0.049665093421936035,0.05724930763244629,0.03347814083099365,0.9993836297064893,0.9991811324499604,0.999719862393361,-0.8547795414924622,0.7939137816429138,-0.0031519848853349686,0.5318877551020408,0.8021605312924425,
2,client_0,True,flip_global,raw,pretrained,0.8658302426338196,0.1122884750366211,0.18578124046325684,0.17955827713012695,0.9968552613813029,0.9914268589005033,0.9919881763320613,0.9725082221879486,0.9551246743768351,0.9565784578767138,0.04546701908111572,0.18430554866790771,0.17416608333587646,0.9994833877974583,0.9915616538928496,0.9924594620314791,-0.7939808368682861,0.9196397662162781,-0.0022042947821319103,0.49752869897959184,0.002451745266458766,0.5463579893112183
2,client_1,True,flip_global,raw,pretrained,0.8741689920425415,0.08226239681243896,0.2015920877456665,0.16919660568237305,0.9983103687176864,0.9899170619194713,0.992881363332524,0.9797473855844023,0.9514459052375683,0.9590064961952218,0.02933812141418457,0.19929122924804688,0.1645197868347168,0.9997848533803311,0.9901442155861717,0.9932674993023463,-0.7985216975212097,0.8036742806434631,0.0006229442660696805,0.49800701530612246,0.02032916518311952,0.7047052383422852
2,client_2,False,flip_global,raw,pretrained,0.7734905481338501,0.24160850048065186,0.06032228469848633,0.08600306510925293,0.985564549915446,0.9990909257803362,0.9981534295591332,0.9422297241653654,0.985088325790699,0.9788411228629033,0.1594904661178589,0.059627532958984375,0.0833885669708252,0.9936709023961712,0.999111731538185,0.9982638507049018,-0.8729375600814819,0.8363234996795654,-0.02079503796994686,0.5968590561224489,0.6276188548504149,0.6380660533905029
2,client_3,False,flip_global,raw,pretrained,0.7709553241729736,0.1150745153427124,0.057521939277648926,0.08031749725341797,0.9966976659136682,0.999173319533949,0.9983892235101459,0.9718405938197767,0.9857731646145447,0.980219079874223,0.1575801968574524,0.05746638774871826,0.08603471517562866,0.993820906538778,0.9991749145003403,0.9981520720775725,-1.1166096925735474,0.6256665587425232,-0.026938695460557938,0.5125159438775511,0.50700306709269,0.561089038848877
2,client_4,False,flip_global,raw,pretrained,0.8472445607185364,0.07908284664154053,0.04345715045928955,0.07815897464752197,0.9984383074201684,0.9995280361475087,0.9984745411902218,0.9805186951934677,0.989223610645962,0.980742983122731,0.11430442333221436,0.04378163814544678,0.08042025566101074,0.99674160950732,0.9995209642164371,0.9983851042073026,-0.7940250039100647,0.742855429649353,0.0032033962197601795,0.5161830357142857,0.6820547227695685,0.49249792098999023
2,client_5,False,flip_global,raw,pretrained,0.845967173576355,0.03382301330566406,0.045723557472229004,0.0635685920715332,0.9997140622778271,0.999477543883678,0.9989905234597751,0.9915975757812192,0.9886663803214422,0.9842953179539213,0.03101813793182373,0.04752492904663086,0.06293261051177979,0.9997595121644205,0.9994355843175082,0.9990106064222208,-0.6377369165420532,1.0494211912155151,0.016423456370830536,0.4544005102040816,0.79583091603591,0.5164419412612915
2,client_6,False,flip_global,raw,pretrained,0.8551163673400879,0.17483776807785034,0.07983803749084473,0.07174158096313477,0.9924015211325761,0.9984083744535763,0.9987145270675817,0.9576834625863893,0.9803354150827384,0.9823030578903116,0.05033719539642334,0.0776059627532959,0.07350361347198486,0.9993668425170517,0.99849602724426,0.9986506717744335,-1.271446943283081,0.7175864577293396,-0.09084583073854446,0.6792091836734694,0.9522235687030481,0.6663885116577148
2,client_7,False,flip_global,raw,pretrained,0.9320323467254639,0.01592111587524414,0.05818748474121094,0.05936789512634277,0.9999366325290602,0.9991540912097816,0.9991194452223617,0.9960315720688779,0.9856103373475622,0.9853216464245671,0.030506134033203125,0.059555649757385254,0.06085360050201416,0.9997673845370256,0.9991138705056357,0.9990748522521622,-0.6936726570129395,0.7935377359390259,0.023246565833687782,0.45998086734693877,0.8130946609588531,0.5647546052932739
2,client_8,False,flip_global,raw,pretrained,0.9296057224273682,0.06004154682159424,0.027670741081237793,0.04346203804016113,0.9990993619884951,0.999808609999044,0.9995279300165563,0.9851569494694856,0.9931180434345099,0.9892224084535224,0.04608511924743652,0.027674555778503418,0.04307675361633301,0.9994692518109514,0.9998085572328099,0.9995362596789719,-0.8876565098762512,0.9052579402923584,0.010518391616642475,0.49059311224489793,0.8896162372282782,0.4763646125793457
2,client_9,False,flip_global,raw,pretrained,0.9178211092948914,0.06949806213378906,0.0298154354095459,0.06961369514465332,0.9987935975083564,0.9997777969904176,0.998789583317854,0.9828493383400587,0.9925876084688219,0.9828211714027457,0.061774611473083496,0.02978074550628662,0.06966686248779297,0.9990466565413771,0.9997783136647973,0.998787735386425,-0.8547795414924622,0.7939137816429138,-0.0031519848853349686,0.5318877551020408,0.8021605312924425,0.5782984495162964
2,client_0,True,flip_global,clip01,random,0.8658302426338196,0.06827127933502197,0.330894410610199,0.365467369556427,0.9988357756686619,0.9731792571784021,0.967426712790237,0.9831482438456272,0.9221439636608346,0.9145390694394946,0.08262509107589722,0.3662557005882263,0.3900620937347412,0.9982954558256951,0.9672895096728966,0.9630215682775927,-0.7939808368682861,0.9196397662162781,-0.0022042947821319103,0.49752869897959184,0.002451745266458766,
2,client_1,True,flip_global,clip01,random,0.8741689920425415,0.11818349361419678,0.15406298637390137,0.3396303653717041,0.9965172892524865,0.9940924546452128,0.9717749068340973,0.971096390847096,0.9625694089439909,0.920213386364015,0.20589101314544678,0.15559887886047363,0.37530434131622314,0.9894858759161536,0.9939746154650564,0.9656956346357497,-0.7985216975212097,0.8036742806434631,0.0006229442660696805,0.49800701530612246,0.02032916518311952,
2,client_2,False,flip_global,clip01,random,0.7734905481338501,0.2526339292526245,0.037561893463134766,0.11494684219360352,0.9842329914448766,0.9996473693289385,0.9967049715015912,0.9397140316841077,0.9906752575852797,0.971871173525801,0.08484530448913574,0.03605854511260986,0.10711491107940674,0.9982027448537474,0.9996750245596107,0.9971377581664258,-0.8729375600814819,0.8363234996795654,-0.02079503796994686,0.5968590561224489,0.6276188548504149,
2,client_3,False,flip_global,clip01,random,0.7709553241729736,0.12407135963439941,0.09192538261413574,0.02048194408416748,0.996162654256983,0.9978907735890641,0.999895130740535,0.9696893422302653,0.9774088766920781,0.9948991127098781,0.09873723983764648,0.08736991882324219,0.019656896591186523,0.9975671874392043,0.9980943523313734,0.9999034086020953,-1.1166096925735474,0.6256665587425232,-0.026938695460557938,0.5125159438775511,0.50700306709269,
2,client_4,False,flip_global,clip01,random,0.8472445607185364,0.11138486862182617,0.03682136535644531,0.06603884696960449,0.9969055532795581,0.9996611329111518,0.9989106085726058,0.9727249043814941,0.9908578310304519,0.9836925259148035,0.09659266471862793,0.035450100898742676,0.0656430721282959,0.9976715385921557,0.9996858966019082,0.9989236165120425,-0.7940250039100647,0.742855429649353,0.0032033962197601795,0.5161830357142857,0.6820547227695685,
2,client_5,False,flip_global,clip01,random,0.845967173576355,0.06094670295715332,0.020432353019714355,0.0546879768371582,0.9990720212146662,0.9998956379068242,0.9992527253763495,0.9849357184628169,0.9949114158436951,0.9864669523308307,0.0331646203994751,0.020312190055847168,0.052963972091674805,0.9997250836858371,0.9998968617126085,0.9992990731071845,-0.6377369165420532,1.0494211912155151,0.016423456370830536,0.4544005102040816,0.79583091603591,
2,client_6,False,flip_global,clip01,random,0.8551163673400879,0.2586742639541626,0.1112813949584961,0.056632280349731445,0.9834795000848695,0.9969112866109733,0.9991986781192759,0.93834007643309,0.9727497216908818,0.9859908848254024,0.030738472938537598,0.10822165012359619,0.05560791492462158,0.9997638284114607,0.9970784360978606,0.9992273879387745,-1.271446943283081,0.7175864577293396,-0.09084583073854446,0.6792091836734694,0.9522235687030481,
2,client_7,False,flip_global,clip01,random,0.9320323467254639,0.053595781326293945,0.04414212703704834,0.037901997566223145,0.9992822596537321,0.9995130460714197,0.9996409563586981,0.986734530419612,0.9890551491474961,0.9905914235597455,0.039681196212768555,0.042469143867492676,0.037665486335754395,0.9996064668566447,0.9995492453976009,0.9996454221071269,-0.6936726570129395,0.7935377359390259,0.023246565833687782,0.45998086734693877,0.8130946609588531,
2,client_8,False,flip_global,clip01,random,0.9296057224273682,0.12125492095947266,0.023646116256713867,0.05868077278137207,0.9963344196911812,0.9998602299499733,0.9991396972206719,0.9703620164617175,0.9941145793646553,0.9854896793086174,0.058444976806640625,0.02304530143737793,0.05830526351928711,0.9991465927933565,0.9998672417404637,0.9991506654766649,-0.8876565098762512,0.9052579402923584,0.010518391616642475,0.49059311224489793,0.8896162372282782,
2,client_9,False,flip_global,clip01,random,0.9178211092948914,0.1184152364730835,0.030357003211975098,0.09197473526000977,0.9965036534266642,0.999769652891582,0.997888511778745,0.9710409523205921,0.9924537328262311,0.9773969545276688,0.044968605041503906,0.02984797954559326,0.08902311325073242,0.9994946477575954,0.9997773117288065,0.998021661606419,-0.8547795414924622,0.7939137816429138,-0.0031519848853349686,0.5318877551020408,0.8021605312924425,
2,client_0,True,flip_global,clip01,pretrained,0.8658302426338196,0.09670412540435791,0.18287253379821777,0.15587937831878662,0.9976661711679027,0.9916915478456563,0.9939529705832595,0.9762554834174255,0.955803781184559,0.96214072617348,0.0336151123046875,0.17845654487609863,0.14704692363739014,0.9997175658972248,0.992085609789831,0.9946161393442274,-0.7939808368682861,0.9196397662162781,-0.0022042947821319103,0.49752869897959184,0.002451745266458766,
2,client_1,True,flip_global,clip01,pretrained,0.8741689920425415,0.06552159786224365,0.19473278522491455,0.14678561687469482,0.9989275933772277,0.9905867749534361,0.994635179904354,0.9838186992657008,0.9530392656385682,0.9642898057255225,0.023209452629089355,0.19052577018737793,0.1391521692276001,0.9998653439279044,0.9909863842552078,0.9951766880791297,-0.7985216975212097,0.8036742806434631,0.0006229442660696805,0.49800701530612246,0.02032916518311952,
2,client_2,False,flip_global,clip01,pretrained,0.7734905481338501,0.22709524631500244,0.06364214420318604,0.10606968402862549,0.9872305651151467,0.9989881878498141,0.9971932280485074,0.9455567038276012,0.9842773617430458,0.9740009386391635,0.1281747817993164,0.06263256072998047,0.10492336750030518,0.9959054241285861,0.9990200114638412,0.9972534425757216,-0.8729375600814819,0.8363234996795654,-0.02079503796994686,0.5968590561224489,0.6276188548504149,
2,client_3,False,flip_global,clip01,pretrained,0.7709553241729736,0.11547279357910156,0.06256759166717529,0.07789057493209839,0.9966748244348176,0.9990220420125013,0.9984849882349895,0.971745209266571,0.9845397400979203,0.9808081568196072,0.16106021404266357,0.06256759166717529,0.08458411693572998,0.9935463106719713,0.9990220420125013,0.9982137783466174,-1.1166096925735474,0.6256665587425232,-0.026938695460557938,0.5125159438775511,0.50700306709269,
2,client_4,False,flip_global,clip01,pretrained,0.8472445607185364,0.0861356258392334,0.03768050670623779,0.08885979652404785,0.9981477406702264,0.9996451393264738,0.9980289029169636,0.9788090300741574,0.9906460187824613,0.9781498613178672,0.11790287494659424,0.03840935230255127,0.09140586853027344,0.9965337655638047,0.9996312824101787,0.9979145095078306,-0.7940250039100647,0.742855429649353,0.0032033962197601795,0.5161830357142857,0.6820547227695685,
2,client_5,False,flip_global,clip01,pretrained,0.845967173576355,0.03401386737823486,0.033055663108825684,0.06036114692687988,0.9997108269376076,0.9997268867401539,0.9990897548730988,0.9915504641256765,0.9917870273764757,0.98507882685734,0.03222072124481201,0.03446829319000244,0.0595240592956543,0.999740506794228,0.9997030503420545,0.9991148097022691,-0.6377369165420532,1.0494211912155151,0.016423456370830536,0.4544005102040816,0.79583091603591,
2,client_6,False,flip_global,clip01,pretrained,0.8551163673400879,0.18038839101791382,0.11476016044616699,0.07517886161804199,0.9919143773038925,0.9967156391674938,0.9985885306589164,0.9563843379501797,0.9719158893101314,0.9814669887025529,0.051267385482788086,0.11281085014343262,0.07810461521148682,0.999343237478717,0.9968260040193984,0.9984766599362813,-1.271446943283081,0.7175864577293396,-0.09084583073854446,0.6792091836734694,0.9522235687030481,
2,client_7,False,flip_global,clip01,pretrained,0.9320323467254639,0.011643171310424805,0.04891860485076904,0.05402636528015137,0.9999661100018826,0.9994020108536299,0.9992706871324413,0.9970955496045912,0.9878816294630552,0.9866290282145957,0.025671005249023438,0.05035674571990967,0.05627584457397461,0.9998352702271311,0.9993663508347961,0.9992087272278141,-0.6936726570129395,0.7935377359390259,0.023246565833687782,0.45998086734693877,0.8130946609588531,
2,client_8,False,flip_global,clip01,pretrained,0.9296057224273682,0.05793464183807373,0.025672316551208496,0.05157887935638428,0.9991614221021985,0.9998352533996377,0.9993352364202106,0.9856721912054067,0.993612685195445,0.9872289396486427,0.049181461334228516,0.025672316551208496,0.05125749111175537,0.9993955701068076,0.9998352533996377,0.9993434908337586,-0.8876565098762512,0.9052579402923584,0.010518391616642475,0.49059311224489793,0.8896162372282782,
2,client_9,False,flip_global,clip01,pretrained,0.9178211092948914,0.06390571594238281,0.023545026779174805,0.0731959342956543,0.9989797961525082,0.9998614223330049,0.9986619331369475,0.9842130202660677,0.9941396294064109,0.9819491769017317,0.058284759521484375,0.023431777954101562,0.07346904277801514,0.9991512623560823,0.9998627520748598,0.9986519394421809,-0.8547795414924622,0.7939137816429138,-0.0031519848853349686,0.5318877551020408,0.8021605312924425,
3,client_0,True,orig,raw,random,0.7050467133522034,0.12445211410522461,0.4073318839073181,0.2776600122451782,0.9961391341134795,0.9597763994193158,0.9810013591093236,0.9695984571028544,0.9054559612564765,0.9340411239844426,0.22412961721420288,0.4510576128959656,0.2980703115463257,0.9875587996454862,0.9510143275940839,0.9781532196049085,-0.9720807075500488,1.246425986289978,0.000667708576656878,0.499202806122449,0.01676160522158728,
3,client_1,True,orig,raw,random,0.7098045349121094,0.1869349479675293,0.16343671083450317,0.38237863779067993,0.9913207457234434,0.9933554102282305,0.9644252703308842,0.9548555146784545,0.9603602113753973,0.9108534860317359,0.2245503067970276,0.17031776905059814,0.38922786712646484,0.9875124905980546,0.9927872217134543,0.9631751760635718,-0.908304750919342,0.912214994430542,-0.0011145324679091573,0.4998405612244898,-0.006524924053499374,
3,client_2,False,orig,raw,random,0.9597593545913696,0.07113778591156006,0.031420111656188965,0.0567554235458374,0.9987360533051344,0.9997532398233349,0.9991951915923503,0.9824500327474752,0.9921910110351688,0.9859607445212919,0.049335360527038574,0.031626224517822266,0.05360746383666992,0.9993917831388048,0.9997499923684479,0.9992819468900807,-0.6369145512580872,1.1478524208068848,0.06648119539022446,0.3436702806122449,0.6570888757711049,
3,client_3,False,orig,raw,random,0.9182339906692505,0.05566143989562988,0.028610825538635254,0.0478973388671875,0.9992259007434148,0.9997953865709175,0.9994267078496719,0.9862285543939207,0.9928854853890279,0.9881323658156846,0.032869696617126465,0.026816844940185547,0.04611015319824219,0.9997299504686123,0.9998202384462052,0.9994686752675299,-1.0200977325439453,1.0338722467422485,0.014677774161100388,0.4591039540816326,0.4688153700251555,
3,client_4,False,orig,raw,random,0.9250432252883911,0.08619236946105957,0.044876813888549805,0.09155547618865967,0.9981453028352365,0.9994967079517447,0.997907687834642,0.9787952929962644,0.9888745098671758,0.9774982422807135,0.05478096008300781,0.0443727970123291,0.08544576168060303,0.9992501835388112,0.9995079453851192,0.9981772511045579,-0.8480976223945618,0.8738527297973633,0.006446682848036289,0.4713807397959184,0.615682131831783,
3,client_5,False,orig,raw,random,0.9450119733810425,0.06359624862670898,0.06134629249572754,0.03121340274810791,0.998989645556033,0.999059821577637,0.9997564753595576,0.9842885661281384,0.9848380777130494,0.9922420860184249,0.031740427017211914,0.05810987949371338,0.03126072883605957,0.999748183891821,0.999156344672629,0.9997557364658973,-0.6558930277824402,1.0272057056427002,0.07035808265209198,0.3675063775510204,0.8076030001608462,
3,client_6,False,orig,raw,random,0.9661988615989685,0.17783796787261963,0.053903937339782715,0.08730483055114746,0.9921400580276545,0.999273986948551,0.9980971865357382,0.9569809361196309,0.9866590239353175,0.9785260354503267,0.11845040321350098,0.05138373374938965,0.08568942546844482,0.9965015818943039,0.9993402546064589,0.998166854814523,-0.6507229208946228,0.902643084526062,0.048975057899951935,0.31154336734693877,0.9826683654356384,
3,client_7,False,orig,raw,random,0.9331534504890442,0.03565490245819092,0.041866183280944824,0.03428912162780762,0.9996822577231128,0.9995619496437145,0.9997061288207783,0.9911455189470533,0.9896150554802114,0.9914825244981049,0.011213064193725586,0.03934144973754883,0.03365468978881836,0.9999685675388663,0.9996131748450836,0.9997169005871362,-0.6481722593307495,1.0004098415374756,0.07717257738113403,0.31752232142857145,0.8508409063152571,
3,client_8,False,orig,raw,random,0.9732045531272888,0.009646415710449219,0.054914236068725586,0.052332520484924316,0.9999767370718662,0.9992465327250415,0.9993156782502026,0.9975927510618658,0.9864115344671931,0.9870441538449641,0.0038880109786987305,0.05408215522766113,0.051248788833618164,0.9999962208533688,0.9992691809412251,0.9993437136237575,-0.5923473238945007,0.9264160990715027,0.06472665071487427,0.36216517857142855,0.8939950131725772,
3,client_9,False,orig,raw,random,0.9613292217254639,0.03829002380371094,0.04779517650604248,0.056217312812805176,0.9996335692540674,0.9994291497960304,0.9992103713820812,0.9904957899582993,0.988157453485561,0.9860924617041482,0.023512840270996094,0.046861886978149414,0.053377747535705566,0.9998618009115106,0.9994512168641341,0.9992880843635714,-0.6965187788009644,0.9047648906707764,0.016014209017157555,0.45408163265306123,0.8095854780178435,
3,client_0,True,orig,raw,pretrained,0.7050467133522034,0.07255780696868896,0.17870187759399414,0.16508126258850098,0.9986851392474712,0.9920639640566278,0.9932217016286469,0.9821044258732159,0.9567787866744379,0.9599734091362042,0.020479679107666016,0.17318475246429443,0.1628352403640747,0.9998951539311653,0.9925437217524642,0.9934039845221689,-0.9720807075500488,1.246425986289978,0.000667708576656878,0.499202806122449,0.01676160522158728,0.5013937950134277
3,client_1,True,orig,raw,pretrained,0.7098045349121094,0.12024402618408203,0.15178608894348145,0.24478459358215332,0.9963951196787473,0.9942650332619138,0.9851867855517908,0.9706036280310413,0.9631071799504101,0.941503991956318,0.07332658767700195,0.1500556468963623,0.24609100818634033,0.9986571568411593,0.9943945040126305,0.98503003248626,-0.908304750919342,0.912214994430542,-0.0011145324679091573,0.4998405612244898,-0.006524924053499374,0.5847347974777222
3,client_2,False,orig,raw,pretrained,0.9597593545913696,0.04569542407989502,0.05628395080566406,0.09000372886657715,0.9994781863616733,0.9992084993896024,0.9979779040973802,0.9886732944526126,0.9860761488171705,0.9778732621614081,0.05032837390899658,0.05676698684692383,0.09084188938140869,0.9993670643112871,0.9991948638150789,0.9979401256409026,-0.6369145512580872,1.1478524208068848,0.06648119539022446,0.3436702806122449,0.6570888757711049,0.3463221788406372
3,client_3,False,orig,raw,pretrained,0.9182339906692505,0.040175437927246094,0.033502817153930664,0.05981242656707764,0.9995966056336887,0.9997194493561741,0.999106217994304,0.9900313047482971,0.9916766226177742,0.9852129610331652,0.032071590423583984,0.03303861618041992,0.05854666233062744,0.9997429028568965,0.9997271683009381,0.9991436225173527,-1.0200977325439453,1.0338722467422485,0.014677774161100388,0.4591039540816326,0.4688153700251555,0.42613470554351807
3,client_4,False,orig,raw,pretrained,0.9250432252883911,0.060698747634887695,0.052401185035705566,0.057027578353881836,0.999079551422376,0.9993138822246044,0.9991874593335281,0.9849963142996989,0.9870273205149644,0.9858941373112866,0.05601191520690918,0.05192232131958008,0.05694699287414551,0.9992161274860651,0.9993263586753951,0.9991897527132798,-0.8480976223945618,0.8738527297973633,0.006446682848036289,0.4713807397959184,0.615682131831783,0.4668583869934082
3,client_5,False,orig,raw,pretrained,0.9450119733810425,0.11642682552337646,0.14207124710083008,0.09827101230621338,0.9966197924616198,0.9949729742495454,0.9975900667523354,0.9715167831598894,0.9654067660652903,0.9758777457220917,0.08421695232391357,0.1466134786605835,0.09544992446899414,0.9982292314733512,0.994647704842305,0.9977262130206437,-0.6558930277824402,1.0272057056427002,0.07035808265209198,0.3675063775510204,0.8076030001608462,0.2686343193054199
3,client_6,False,orig,raw,pretrained,0.9661988615989685,0.14075660705566406,0.1334095001220703,0.19558429718017578,0.9950652347701374,0.9955652818209573,0.990504860755749,0.9657185859511246,0.9674640365248421,0.9528412484281974,0.14204204082489014,0.13448882102966309,0.19722092151641846,0.9949750331012328,0.9954934790021783,0.9903464451114987,-0.6507229208946228,0.902643084526062,0.048975057899951935,0.31154336734693877,0.9826683654356384,0.7122659683227539
3,client_7,False,orig,raw,pretrained,0.9331534504890442,0.021653294563293457,0.14953994750976562,0.10858559608459473,0.9998827940125912,0.9944328060894208,0.9970587962471622,0.9946085766784036,0.963638129103314,0.9733966221009065,0.017366409301757812,0.1500760316848755,0.10965955257415771,0.9999246062204288,0.9943929873279949,0.9970004606975653,-0.6481722593307495,1.0004098415374756,0.07717257738113403,0.31752232142857145,0.8508409063152571,0.38981616497039795
3,client_8,False,orig,raw,pretrained,0.9732045531272888,0.012148022651672363,0.13336598873138428,0.11391639709472656,0.999963107407243,0.995568164486387,0.9967636406655942,0.9969698981429764,0.9674743876241236,0.9721180340569644,0.0101698637008667,0.13394427299499512,0.11468172073364258,0.999974143969488,0.9955297769060225,0.9967201163721964,-0.5923473238945007,0.9264160990715027,0.06472665071487427,0.36216517857142855,0.8939950131725772,0.41761016845703125
3,client_9,False,orig,raw,pretrained,0.9613292217254639,0.027225017547607422,0.09652674198150635,0.0832434892654419,0.9998147253539325,0.9976747102293995,0.9982698786486552,0.993228335060895,0.976298260006069,0.9795095716169548,0.012246251106262207,0.09562265872955322,0.08155620098114014,0.9999625083877097,0.9977179900033888,0.9983392180733153,-0.6965187788009644,0.9047648906707764,0.016014209017157555,0.45408163265306123,0.8095854780178435,0.5717308521270752
3,client_0,True,orig,clip01,random,0.7050467133522034,0.054441094398498535,0.3646765947341919,0.2596806287765503,0.9992594533745338,0.9675640734886057,0.9833523181522643,0.9865274267846249,0.9147119571962297,0.9381114587724657,0.11342215538024902,0.3993779420852661,0.27983587980270386,0.9967915950414055,0.9612864403261923,0.9807067700610841,-0.9720807075500488,1.246425986289978,0.000667708576656878,0.499202806122449,0.01676160522158728,
3,client_1,True,orig,clip01,random,0.7098045349121094,0.0725945234298706,0.22601288557052612,0.3453983664512634,0.9986838095058381,0.9873508413076533,0.970829331528553,0.9820954921855496,0.9458055285495961,0.9189420347821455,0.13339662551879883,0.2407238483428955,0.35106003284454346,0.9955661348706655,0.985668930260315,0.9698870787496716,-0.908304750919342,0.912214994430542,-0.0011145324679091573,0.4998405612244898,-0.006524924053499374,
3,client_2,False,orig,clip01,random,0.9597593545913696,0.059560298919677734,0.055321693420410156,0.047883033752441406,0.9991137322422912,0.9992353163984167,0.9994270500925435,0.9852746025904922,0.9863117473778089,0.9881358786173973,0.05011093616485596,0.054448604583740234,0.04713177680969238,0.9993725189750571,0.9992592491561754,0.9994448801306373,-0.6369145512580872,1.1478524208068848,0.06648119539022446,0.3436702806122449,0.6570888757711049,
3,client_3,False,orig,clip01,random,0.9182339906692505,0.0517575740814209,0.05566871166229248,0.08947288990020752,0.9993306246189173,0.9992256985866887,0.998001650606658,0.9871851206670674,0.9862267738872701,0.9780016027111391,0.030258536338806152,0.05351722240447998,0.08673346042633057,0.9997711445333697,0.9992843610631132,0.9981219761429387,-1.0200977325439453,1.0338722467422485,0.014677774161100388,0.4591039540816326,0.4688153700251555,
3,client_4,False,orig,clip01,random,0.9250432252883911,0.023633241653442383,0.09208643436431885,0.09160280227661133,0.9998603820938312,0.9978833882026601,0.9979055275948192,0.9941177696475381,0.9773699720776701,0.977486808100277,0.008433222770690918,0.08958303928375244,0.0880500078201294,0.9999822204255135,0.9979967346728389,0.9980646129223605,-0.8480976223945618,0.8738527297973633,0.006446682848036289,0.4713807397959184,0.615682131831783,
3,client_5,False,orig,clip01,random,0.9450119733810425,0.1339484453201294,0.08394646644592285,0.09251081943511963,0.9955294993439421,0.9982405728356445,0.9978638655597822,0.9673358384763198,0.9793392252672932,0.9772674662400234,0.053792715072631836,0.07997500896453857,0.08670568466186523,0.9992769782611393,0.9984029150791454,0.99812317710402,-0.6558930277824402,1.0272057056427002,0.07035808265209198,0.3675063775510204,0.8076030001608462,
3,client_6,False,orig,clip01,random,0.9661988615989685,0.2516810894012451,0.08061981201171875,0.20170891284942627,0.9843503040723016,0.9983770895676221,0.9899054608305815,0.9399310440668427,0.9801457374459133,0.9514188023894701,0.1944136619567871,0.07719993591308594,0.20457422733306885,0.9906173846783275,0.9985117058290462,0.9896188872061054,-0.6507229208946228,0.902643084526062,0.048975057899951935,0.31154336734693877,0.9826683654356384,
3,client_7,False,orig,clip01,random,0.9331534504890442,0.04404187202453613,0.059332847595214844,0.05101132392883301,0.9995152546828314,0.9991204838917269,0.9993497784729912,0.9890798029357029,0.9853302161104518,0.9873681332379802,0.020435094833374023,0.0558856725692749,0.048744916915893555,0.9998956098984781,0.9992196549053796,0.9994062478076067,-0.6481722593307495,1.0004098415374756,0.07717257738113403,0.31752232142857145,0.8508409063152571,
3,client_8,False,orig,clip01,random,0.9732045531272888,0.00883495807647705,0.1310415267944336,0.11800050735473633,0.9999804861645438,0.9957208129631405,0.9965280375480758,0.9977949140878604,0.9680276050539338,0.9711401689674346,0.0037920475006103516,0.13320374488830566,0.11944282054901123,0.9999964051036307,0.9955789050945252,0.9964428716234399,-0.5923473238945007,0.9264160990715027,0.06472665071487427,0.36216517857142855,0.8939950131725772,
3,client_9,False,orig,clip01,random,0.9613292217254639,0.04053151607513428,0.06890392303466797,0.04046225547790527,0.9995894255235631,0.9988141181417944,0.9995908270806708,0.9899436190504567,0.98299408323688,0.9899606738424114,0.025465846061706543,0.06544756889343262,0.037607789039611816,0.9998378923829483,0.9989300133616164,0.9996465072966907,-0.6965187788009644,0.9047648906707764,0.016014209017157555,0.45408163265306123,0.8095854780178435,
3,client_0,True,orig,clip01,pretrained,0.7050467133522034,0.09376800060272217,0.1253037452697754,0.09998786449432373,0.9978055090649898,0.9960862689242194,0.9975052842985581,0.9769639017934912,0.9693952211968144,0.9754641069728001,0.022053003311157227,0.11696839332580566,0.09544873237609863,0.99987842734731,0.9965883534661657,0.9977262697189411,-0.9720807075500488,1.246425986289978,0.000667708576656878,0.499202806122449,0.01676160522158728,
3,client_1,True,orig,clip01,pretrained,0.7098045349121094,0.12180542945861816,0.09414684772491455,0.13834500312805176,0.9963011525996288,0.9977877701071489,0.9952322823090782,0.9702304787072249,0.9768724514710523,0.966290988412206,0.06594669818878174,0.08975958824157715,0.1369544267654419,0.9989136441889888,0.9979888428058663,0.9953273116465802,-0.908304750919342,0.912214994430542,-0.0011145324679091573,0.4998405612244898,-0.006524924053499374,
3,client_2,False,orig,clip01,pretrained,0.9597593545913696,0.04607701301574707,0.06119036674499512,0.08316493034362793,0.9994694384342018,0.9990645915149796,0.9982731383949535,0.9885795204060916,0.9848761768500309,0.9795286108804733,0.04951369762420654,0.06178784370422363,0.08378958702087402,0.9993873800599828,0.9990462483741516,0.9982471340972183,-0.6369145512580872,1.1478524208068848,0.06648119539022446,0.3436702806122449,0.6570888757711049,
3,client_3,False,orig,clip01,pretrained,0.9182339906692505,0.03879821300506592,0.03848254680633545,0.06764471530914307,0.9996237808562731,0.9996298761736828,0.9988570288565994,0.990370561741394,0.9904483455559683,0.9833009587461305,0.03139925003051758,0.03830432891845703,0.06682741641998291,0.9997535673306559,0.9996332954819203,0.9988844583086911,-1.0200977325439453,1.0338722467422485,0.014677774161100388,0.4591039540816326,0.4688153700251555,
3,client_4,False,orig,clip01,pretrained,0.9250432252883911,0.060373663902282715,0.05322074890136719,0.05772972106933594,0.9990893775802796,0.9992922638640811,0.9991673401839887,0.985075767414207,0.9868264351165215,0.9857223259752665,0.05703091621398926,0.05288577079772949,0.05758523941040039,0.999187364271692,0.9993011403317185,0.9991715002198656,-0.8480976223945618,0.8738527297973633,0.006446682848036289,0.4713807397959184,0.615682131831783,
3,client_5,False,orig,clip01,pretrained,0.9450119733810425,0.12418997287750244,0.1434159278869629,0.10173344612121582,0.9961553348634011,0.9948777316424482,0.997417589052205,0.9696610281779101,0.965087977213493,0.9750438162804258,0.09558498859405518,0.15092909336090088,0.09836506843566895,0.9977197845497503,0.9943293355981784,0.9975854597659632,-0.6558930277824402,1.0272057056427002,0.07035808265209198,0.3675063775510204,0.8076030001608462,
3,client_6,False,orig,clip01,pretrained,0.9661988615989685,0.13876104354858398,0.13550066947937012,0.18220674991607666,0.9952036669892614,0.9954256465453672,0.9917515607089586,0.9661922034294226,0.9669667558616075,0.9559593263073958,0.1472088098526001,0.13666176795959473,0.18374955654144287,0.9946043265162934,0.9953471908305407,0.9916121684899566,-0.6507229208946228,0.902643084526062,0.048975057899951935,0.31154336734693877,0.9826683654356384,
3,client_7,False,orig,clip01,pretrained,0.9331534504890442,0.024008870124816895,0.15984749794006348,0.11607909202575684,0.9998559091123653,0.9936426697458396,0.9966399028870643,0.9940246965036084,0.9612052157163513,0.9716000324684386,0.019991636276245117,0.16063964366912842,0.11681461334228516,0.9999000911067215,0.9935798089322454,0.9965972953549795,-0.6481722593307495,1.0004098415374756,0.07717257738113403,0.31752232142857145,0.8508409063152571,
3,client_8,False,orig,clip01,pretrained,0.9732045531272888,0.011900186538696289,0.1414012908935547,0.12035393714904785,0.9999645973301259,0.9950200968766325,0.9963885443409044,0.9970315786193433,0.9655656542915227,0.970577354094694,0.011919021606445312,0.14327454566955566,0.12163031101226807,0.9999644851769915,0.9948877871878155,0.9963117511266022,-0.5923473238945007,0.9264160990715027,0.06472665071487427,0.36216517857142855,0.8939950131725772,
3,client_9,False,orig,clip01,pretrained,0.9613292217254639,0.02314460277557373,0.10244333744049072,0.08365488052368164,0.9998660952899645,0.9973814944795023,0.9982527582649521,0.9942388640543078,0.9748729706585646,0.979409877351685,0.012797832489013672,0.10202956199645996,0.08230793476104736,0.9999590551283011,0.9974025632524417,0.9983084999180225,-0.6965187788009644,0.9047648906707764,0.016014209017157555,0.45408163265306123,0.8095854780178435,
3,client_0,True,flip,raw,random,,0.5414199829101562,0.22175109386444092,0.45055466890335083,0.9305588504429974,0.9878190520197658,0.9511194674745884,0.8772604434936506,0.946786232302596,0.8962199255121162,0.6635990142822266,0.21883022785186768,0.474939227104187,0.8983847616979994,0.9881349860275377,0.9459080001755773,,,,0.0,0.01676160522158728,
3,client_1,True,flip,raw,random,,0.4374887943267822,0.22175109386444092,0.40333420038223267,0.9538157201510922,0.9878190520197658,0.9605386284753497,0.898996880340915,0.946786232302596,0.9063174377368959,0.6991353631019592,0.21883022785186768,0.4179728031158447,0.8881673550486755,0.9881349860275377,0.9577154447587126,,,,0.0,-0.006524924053499374,
3,client_2,False,flip,raw,random,0.6988703012466431,0.6553833484649658,0.15860772132873535,0.15091943740844727,0.9006953279389267,0.9937404404581598,0.9943300580675765,0.8543242743545385,0.9614973544486167,0.9633119893754103,0.449493408203125,0.15691649913787842,0.1379932165145874,0.9513409950985223,0.9938726082768223,0.9952564121581058,-1.0007282495498657,0.5451709628105164,-0.010020202957093716,0.5186543367346939,0.6570888757711049,
3,client_3,False,flip,raw,random,0.7558344602584839,0.16294348239898682,0.2069559097290039,0.16819524765014648,0.993395255930472,0.989377704118708,0.9929649307319603,0.960476265440527,0.9502027201444707,0.9592416337229843,0.1630861759185791,0.21532440185546875,0.1681516170501709,0.993383740498504,0.9885088562883073,0.9929685608445051,-0.7241409420967102,0.6095303297042847,-0.04705899581313133,0.5411352040816326,0.4688153700251555,
3,client_4,False,flip,raw,random,0.8162964582443237,0.14954781532287598,0.13610637187957764,0.1694021224975586,0.9944322227043356,0.9953848014447546,0.9928641520780639,0.9636362685205864,0.9668227913519558,0.958958247725932,0.04208362102508545,0.13504815101623535,0.16245198249816895,0.9995573891935365,0.995456044538662,0.9934348445688796,-0.9676051139831543,0.6316173672676086,0.022344131022691727,0.4328762755102041,0.615682131831783,
3,client_5,False,flip,raw,random,0.6239978075027466,0.9344725608825684,0.34698188304901123,0.14332044124603271,0.8129271182615982,0.9705671972509675,0.994884524021405,0.801837022363123,0.9185934670061471,0.9651106093982849,0.7451661825180054,0.3558974266052246,0.13403260707855225,0.874423201537815,0.9690709821119865,0.9955238986989303,-0.8196305632591248,0.6903523802757263,-0.07884733378887177,0.7480867346938775,0.8076030001608462,
3,client_6,False,flip,raw,random,0.7923410534858704,0.3967067003250122,0.30606895685195923,0.1995943784713745,0.9617876785455124,0.976985579211135,0.9901144316809276,0.9077483448481358,0.927663577073196,0.9519095435373732,0.46981263160705566,0.3104678988456726,0.20204651355743408,0.9470228319365803,0.9763311614374666,0.9898718994254865,-1.244641661643982,0.7104495763778687,-0.05200387164950371,0.5735809948979592,0.9826683654356384,
3,client_7,False,flip,raw,random,0.5817728042602539,0.6246474981307983,0.13308238983154297,0.161329984664917,0.909159841031252,0.9955869304149434,0.9935247783360583,0.8604202243581456,0.9675418581789452,0.9608560602122165,0.37227189540863037,0.1310364007949829,0.1504828929901123,0.9662336776128468,0.9957211466624409,0.9943626733572095,-1.0302538871765137,0.7288907170295715,-0.02241385541856289,0.5378667091836735,0.8508409063152571,
3,client_8,False,flip,raw,random,0.7891207933425903,0.44383877515792847,0.06182587146759033,0.17657232284545898,0.9525138263519712,0.9990450748677906,0.9922508870338262,0.8976456712652892,0.9847209105145192,0.9572772049811393,0.27923011779785156,0.06067299842834473,0.16655945777893066,0.9807890013340645,0.9990803316508754,0.9931003994372534,-1.0871635675430298,0.7470502257347107,-0.021842287853360176,0.6041932397959183,0.8939950131725772,
3,client_9,False,flip,raw,random,0.8315296173095703,0.19880437850952148,0.1135857105255127,0.15557646751403809,0.9901919559302712,0.9967823576670249,0.9939763431965387,0.9520929843321004,0.972197275566141,0.9622121955777445,0.0979757308959961,0.10922670364379883,0.14952099323272705,0.9976045015731583,0.9970240407895612,0.9944342113931957,-0.7751743793487549,0.7567179203033447,0.024123620241880417,0.4260204081632653,0.8095854780178435,
3,client_0,True,flip,raw,pretrained,,0.8128442764282227,0.2566847801208496,0.9819067120552063,0.8532733056543416,0.9837295450331864,0.7965459873732439,0.8240942830925608,0.9387922775085407,0.7934028943456204,1.6413758993148804,0.2521020174026489,1.0321691036224365,0.5608586661645514,0.9842985319384212,0.7788849856136533,,,,0.0,0.01676160522158728,0.571786642074585
3,client_1,True,flip,raw,pretrained,,0.8784854412078857,0.2580101490020752,0.9093512892723083,0.8318284635468198,0.9835631722993217,0.8214710305292425,0.8119678541571707,0.9384909904715546,0.8063588888107134,1.6207860708236694,0.2521020174026489,0.9784653782844543,0.567882978186439,0.9842985319384212,0.7977444660781075,,,,0.0,-0.006524924053499374,0.6705838441848755
3,client_2,False,flip,raw,pretrained,0.6988703012466431,0.47076940536499023,0.18076741695404053,0.09706687927246094,0.946815540473132,0.9918805705872422,0.9976486600874053,0.8919489794283422,0.9562957234222027,0.9761680129040147,0.3906121253967285,0.17914962768554688,0.09263396263122559,0.9629201301411106,0.9920243841870195,0.9978581840082934,-1.0007282495498657,0.5451709628105164,-0.010020202957093716,0.5186543367346939,0.6570888757711049,0.6651004552841187
3,client_3,False,flip,raw,pretrained,0.7558344602584839,0.14204084873199463,0.0879676342010498,0.1928572654724121,0.9949751171271402,0.9980682272163857,0.9907659720699202,0.9654139745560697,0.97836566482013,0.9534756317233228,0.11346888542175293,0.08637046813964844,0.18705987930297852,0.9967889571367201,0.9981376409420606,0.9913092166698454,-0.7241409420967102,0.6095303297042847,-0.04705899581313133,0.5411352040816326,0.4688153700251555,0.6202429533004761
3,client_4,False,flip,raw,pretrained,0.8162964582443237,0.11153292655944824,0.07826095819473267,0.08644819259643555,0.9968973404146781,0.9984705622594072,0.9981342922681451,0.9726893955528859,0.980718220848412,0.9787333643014926,0.12213826179504395,0.07862520217895508,0.0863335132598877,0.9962809673412496,0.9984563089650909,0.9981392320523483,-0.9676051139831543,0.6316173672676086,0.022344131022691727,0.4328762755102041,0.615682131831783,0.6251906156539917
3,client_5,False,flip,raw,pretrained,0.6239978075027466,0.4731602072715759,0.09842550754547119,0.0657888650894165,0.946296013476954,0.9975824970740008,0.9989188337990091,0.8914458821228723,0.9758405126237049,0.9837535013374046,0.062284231185913086,0.08660304546356201,0.06393778324127197,0.9990308736178208,0.998127611672025,0.9989787728224049,-0.8196305632591248,0.6903523802757263,-0.07884733378887177,0.7480867346938775,0.8076030001608462,0.7473651766777039
3,client_6,False,flip,raw,pretrained,0.7923410534858704,0.2535024881362915,0.14327871799468994,0.06933987140655518,0.9841256875647648,0.9948874905788476,0.9987990783161054,0.9395162801856483,0.9651204988678523,0.9828878738343723,0.17975068092346191,0.1440352201461792,0.06383776664733887,0.9919711007659313,0.9948335705788791,0.9989819628559264,-1.244641661643982,0.7104495763778687,-0.05200387164950371,0.5735809948979592,0.9826683654356384,0.7732348442077637
3,client_7,False,flip,raw,pretrained,0.5817728042602539,0.2789299488067627,0.08896541595458984,0.07241368293762207,0.9808296866169854,0.9980242213604085,0.9986903524377206,0.9337546289088352,0.9781243179586891,0.9821394946769704,0.21213245391845703,0.08669507503509521,0.06883156299591064,0.988844182879794,0.998123635739272,0.998816605351764,-1.0302538871765137,0.7288907170295715,-0.02241385541856289,0.5378667091836735,0.8508409063152571,0.7045166492462158
3,client_8,False,flip,raw,pretrained,0.7891207933425903,0.09801149368286133,0.05694735050201416,0.10496246814727783,0.9976027556059068,0.9991897425427059,0.9972513993579872,0.9759402940835633,0.9859137715862889,0.9742670679643266,0.1201930046081543,0.057331085205078125,0.10559368133544922,0.99639816998522,0.9991787928042486,0.9972183106283847,-1.0871635675430298,0.7470502257347107,-0.021842287853360176,0.6041932397959183,0.8939950131725772,0.5848019123077393
3,client_9,False,flip,raw,pretrained,0.8315296173095703,0.11838746070861816,0.17482280731201172,0.06419026851654053,0.9965052891559081,0.9924028140518883,0.9989706976457393,0.9710475967081404,0.9576869677388982,0.9841435641652854,0.186021089553833,0.17609304189682007,0.0644383430480957,0.9914048512759375,0.9922926545145441,0.9989627326364627,-0.7751743793487549,0.7567179203033447,0.024123620241880417,0.4260204081632653,0.8095854780178435,0.6647109389305115
3,client_0,True,flip,clip01,random,,0.7763479948043823,0.18892335891723633,0.8900818824768066,0.8648101572226592,0.9911363587817199,0.8279561310981929,0.8309554141818309,0.9543918862486416,0.8098536330672426,1.2211138010025024,0.186600923538208,0.7861374616622925,0.7107531053893259,0.991351533699038,0.86174485969299,,,,0.0,0.01676160522158728,
3,client_1,True,flip,clip01,random,,0.6752678155899048,0.18892335891723633,0.781872034072876,0.8950692465885219,0.9911363587817199,0.863083160574994,0.8504151847212071,0.9543918862486416,0.8299113854612425,1.1640368700027466,0.186600923538208,0.7217403054237366,0.7315184156600874,0.991351533699038,0.8814869610272766,,,,0.0,-0.006524924053499374,
3,client_2,False,flip,clip01,random,0.6988703012466431,0.44134998321533203,0.24712133407592773,0.0660240650177002,0.9530260032609312,0.9849058446178138,0.9989110958123952,0.8981748952573818,0.9409705868809013,0.9836961313613999,0.3606104850769043,0.24883818626403809,0.06363976001739502,0.9682661315235856,0.9846978079783326,0.9989882636006295,-1.0007282495498657,0.5451709628105164,-0.010020202957093716,0.5186543367346939,0.6570888757711049,
3,client_3,False,flip,clip01,random,0.7558344602584839,0.2678380012512207,0.2087687849998474,0.1927051544189453,0.9823041254165494,0.9891923105676352,0.9907804316578501,0.9362614208490085,0.9497830978421837,0.9535110356627197,0.29558491706848145,0.21108514070510864,0.1889057159423828,0.9785101581872047,0.9889531527983739,0.9911380031798864,-0.7241409420967102,0.6095303297042847,-0.04705899581313133,0.5411352040816326,0.4688153700251555,
3,client_4,False,flip,clip01,random,0.8162964582443237,0.09090781211853027,0.08204770088195801,0.12209248542785645,0.9979371395388026,0.9983191656102322,0.9962837467676553,0.9776547408017795,0.9797994388139306,0.9701619005631954,0.07787978649139404,0.08160030841827393,0.12161648273468018,0.9984854074105336,0.9983374234520062,0.9963125873998921,-0.9676051139831543,0.6316173672676086,0.022344131022691727,0.4328762755102041,0.615682131831783,
3,client_5,False,flip,clip01,random,0.6239978075027466,0.4903503656387329,0.13093924522399902,0.07331359386444092,0.9424961400544634,0.9957274689915752,0.9986576322358856,0.8878411072648624,0.9680519587798206,0.981920555716429,0.11530113220214844,0.1264585256576538,0.07255899906158447,0.996684678891189,0.9960140166223861,0.9986850960845661,-0.8196305632591248,0.6903523802757263,-0.07884733378887177,0.7480867346938775,0.8076030001608462,
3,client_6,False,flip,clip01,random,0.7923410534858704,0.4547518491744995,0.17375802993774414,0.11746001243591309,0.9502389962223303,0.9924945551202871,0.9965596890425454,0.8953306195483135,0.957936483557446,0.9712694957170898,0.3755671977996826,0.1744288206100464,0.1151435375213623,0.9656488120611932,0.9924368237299879,0.9966937130503344,-1.244641661643982,0.7104495763778687,-0.05200387164950371,0.5735809948979592,0.9826683654356384,
3,client_7,False,flip,clip01,random,0.5817728042602539,0.25194501876831055,0.12605643272399902,0.0654226541519165,0.9843178516591171,0.9960392490951682,0.9989308272035866,0.9398709257493016,0.9692156507729854,0.9838428375208921,0.20434391498565674,0.12468361854553223,0.06324899196624756,0.9896420665965575,0.9961247986906483,0.9990006409254168,-1.0302538871765137,0.7288907170295715,-0.02241385541856289,0.5378667091836735,0.8508409063152571,
3,client_8,False,flip,clip01,random,0.7891207933425903,0.20739686489105225,0.07289981842041016,0.18333029747009277,0.9893327538993157,0.9986727268417179,0.991650161832696,0.9501006275733717,0.9820212138760709,0.9556968572677249,0.1922316551208496,0.07230448722839355,0.18592655658721924,0.9908253712121129,0.9986942953416356,0.9914135285578312,-1.0871635675430298,0.7470502257347107,-0.021842287853360176,0.6041932397959183,0.8939950131725772,
3,client_9,False,flip,clip01,random,0.8315296173095703,0.17568695545196533,0.23824650049209595,0.0805748701095581,0.9923279565904162,0.9859592829950115,0.9983788962617755,0.9574845383676749,0.9429988523735198,0.9801566399591506,0.3188292384147644,0.24843358993530273,0.08076083660125732,0.9750634002998906,0.9847469580168362,0.9983714137773576,-0.7751743793487549,0.7567179203033447,0.024123620241880417,0.4260204081632653,0.8095854780178435,
3,client_0,True,flip,clip01,pretrained,,0.8349587917327881,0.20336568355560303,0.9298017024993896,0.846143294684879,0.9897402370757835,0.8145230334833962,0.819978458794568,0.9510345646094689,0.8026748727058135,1.6636401414871216,0.20042133331298828,1.0251303911209106,0.5533176735971088,0.990032961431452,0.7813746920413001,,,,0.0,0.01676160522158728,
3,client_1,True,flip,clip01,pretrained,,0.8557181358337402,0.20505690574645996,0.880943238735199,0.8393607916850427,0.9895702268156248,0.8310097116025499,0.8161430820392945,0.9506425773071134,0.8115190602521409,1.6396933794021606,0.20042133331298828,0.9847232103347778,0.561430871368793,0.990032961431452,0.7955640210952029,,,,0.0,-0.006524924053499374,
3,client_2,False,flip,clip01,pretrained,0.6988703012466431,0.4967501163482666,0.21506917476654053,0.09704113006591797,0.9410528837576371,0.988535846782429,0.9976499052156846,0.8865046891514541,0.9483269239166006,0.9761742213990505,0.46076691150665283,0.21585941314697266,0.093788743019104,0.9489651138222566,0.9884521780810058,0.9978045396705648,-1.0007282495498657,0.5451709628105164,-0.010020202957093716,0.5186543367346939,0.6570888757711049,
3,client_3,False,flip,clip01,pretrained,0.7558344602584839,0.21156591176986694,0.06564450263977051,0.17273163795471191,0.988903194682563,0.9989235696357375,0.9925824703238508,0.9491361990831981,0.9837887167189829,0.9581770967467322,0.1499195098876953,0.06534171104431152,0.16684651374816895,0.9944046277890699,0.9989334690846698,0.9930767205435436,-0.7241409420967102,0.6095303297042847,-0.04705899581313133,0.5411352040816326,0.4688153700251555,
3,client_4,False,flip,clip01,pretrained,0.8162964582443237,0.11141371726989746,0.08244359493255615,0.09939408302307129,0.9969039538751079,0.9983029265575947,0.9975347715880092,0.9727179854393568,0.9797034571603638,0.9756071361163463,0.1313374638557434,0.0831640362739563,0.09939408302307129,0.9957015258028628,0.998273175476114,0.9975347715880092,-0.9676051139831543,0.6316173672676086,0.022344131022691727,0.4328762755102041,0.615682131831783,
3,client_5,False,flip,clip01,pretrained,0.6239978075027466,0.5068275928497314,0.1072460412979126,0.04868006706237793,0.9387492070606549,0.9971307610542115,0.999407825901909,0.8844064129373255,0.9737183101184563,0.987940185576559,0.05195045471191406,0.10050094127655029,0.047801971435546875,0.9993256288405052,0.9974796644314277,0.9994289875411153,-0.8196305632591248,0.6903523802757263,-0.07884733378887177,0.7480867346938775,0.8076030001608462,
3,client_6,False,flip,clip01,pretrained,0.7923410534858704,0.41052818298339844,0.14142215251922607,0.0879828929901123,0.9591622221427194,0.9950186328445625,0.9980675579627534,0.9047680648920688,0.9655607061120053,0.978361973299015,0.26335740089416504,0.1390981674194336,0.08383464813232422,0.9828836717938771,0.9951804174473531,0.9982452507292601,-1.244641661643982,0.7104495763778687,-0.05200387164950371,0.5735809948979592,0.9826683654356384,
3,client_7,False,flip,clip01,pretrained,0.5817728042602539,0.2749974727630615,0.10599792003631592,0.0594329833984375,0.9813588880805935,0.9971970167558697,0.9991175146420066,0.9346422166571062,0.9740181844541422,0.9853057315903955,0.21837687492370605,0.1038733720779419,0.05766594409942627,0.9881836606447139,0.9973080280629119,0.9991691777854246,-1.0302538871765137,0.7288907170295715,-0.02241385541856289,0.5378667091836735,0.8508409063152571,
3,client_8,False,flip,clip01,pretrained,0.7891207933425903,0.10216569900512695,0.03933548927307129,0.12153542041778564,0.997395640715907,0.9996132920148495,0.9963174878003715,0.9749397830152422,0.9902381917095529,0.9702949909556533,0.12204849720001221,0.03933548927307129,0.12281262874603271,0.9962864166520244,0.9996132920148495,0.9962399020902575,-1.0871635675430298,0.7470502257347107,-0.021842287853360176,0.6041932397959183,0.8939950131725772,
3,client_9,False,flip,clip01,pretrained,0.8315296173095703,0.1106957197189331,0.17984741926193237,0.06261742115020752,0.9969436385496744,0.9919625086323876,0.9990204848253348,0.9728902090132705,0.9565108360398207,0.984527570686734,0.18479692935943604,0.18091470003128052,0.06267619132995605,0.9915168857431089,0.9918674151913887,0.9990186466499795,-0.7751743793487549,0.7567179203033447,0.024123620241880417,0.4260204081632653,0.8095854780178435,
3,client_0,True,flip_global,raw,random,0.8702729940414429,0.12766575813293457,0.2056363821029663,0.20161223411560059,0.9959377823687408,0.9895116611915236,0.9899150617885559,0.968831877740967,0.9505083235519396,0.951441231296287,0.1235116720199585,0.20866501331329346,0.20533108711242676,0.996197098216363,0.9892029649874723,0.9895425362263497,-0.8038108944892883,0.8289382457733154,-0.0008095881203189492,0.5047034438775511,0.01676160522158728,
3,client_1,True,flip_global,raw,random,0.8722345232963562,0.1773362159729004,0.2425994873046875,0.17528510093688965,0.9921840875202064,0.9854471882360702,0.9923628123889552,0.9570983723674751,0.9420031950250121,0.9575786660326457,0.1784505844116211,0.2509509325027466,0.1771841049194336,0.9920861353210779,0.9844399143455613,0.9921974115012149,-0.8260482549667358,0.8291488289833069,-0.008697522804141045,0.5057397959183674,-0.006524924053499374,
3,client_2,False,flip_global,raw,random,0.8472263216972351,0.2775251865386963,0.08535146713256836,0.11617064476013184,0.9810195417511578,0.9981812664247969,0.9966346139047644,0.9340715481478932,0.9789988968934775,0.9715781132023955,0.20779216289520264,0.08379065990447998,0.11304998397827148,0.9892923791795516,0.9982470892668296,0.9968125656522764,-1.2584561109542847,0.7398189306259155,-0.010631067678332329,0.4836575255102041,0.6570888757711049,
3,client_3,False,flip_global,raw,random,0.7629052996635437,0.3294508457183838,0.18250489234924316,0.06982898712158203,0.9734080830249174,0.9917247129403888,0.9987820917601371,0.9224635667654133,0.9558896674693065,0.9827687318584817,0.27044928073883057,0.18426966667175293,0.06619632244110107,0.9819620991807643,0.9915649184374311,0.9989054111487872,-0.7950365543365479,0.6723509430885315,-0.00330272875726223,0.4772799744897959,0.4688153700251555,
3,client_4,False,flip_global,raw,random,0.9098460078239441,0.05559539794921875,0.09733438491821289,0.10756874084472656,0.999227735517938,0.9976357051836484,0.9971135056565699,0.9862447251177984,0.9761035170456234,0.973640800690641,0.0292513370513916,0.09564459323883057,0.10540032386779785,0.9997861241335384,0.997716944754159,0.9972284674932501,-0.8650436997413635,0.8417286276817322,0.026821929961442947,0.49489795918367346,0.615682131831783,
3,client_5,False,flip_global,raw,random,0.746199369430542,0.5486538410186768,0.2118769884109497,0.10574078559875488,0.9287919946737084,0.9888708113977844,0.9972105710312604,0.875777106688993,0.9490642964981673,0.9740799809475742,0.48605573177337646,0.21329247951507568,0.10139751434326172,0.9434560006078441,0.988722877249161,0.9974345827632822,-0.9956451058387756,0.8237089514732361,-0.09791720658540726,0.6588010204081632,0.8076030001608462,
3,client_6,False,flip_global,raw,random,0.8348850011825562,0.2808806896209717,0.1746426820755005,0.12700021266937256,0.9805645444072209,0.992418372107509,0.9959798987027275,0.9333148031202196,0.9577291707294513,0.968990561534552,0.22985625267028809,0.17479956150054932,0.12525296211242676,0.9869212497574005,0.9924048227558451,0.9960894312895308,-1.2400130033493042,0.6850529909133911,-0.07406315952539444,0.5986926020408163,0.9826683654356384,
3,client_7,False,flip_global,raw,random,0.8854060173034668,0.34940969944000244,0.1180424690246582,0.12825500965118408,0.9701631779909983,0.9965255742486796,0.995900312504088,0.9180594359957481,0.9711301296838488,0.9686914170259213,0.2470395565032959,0.11584627628326416,0.12372469902038574,0.9849157195788079,0.9966533340086352,0.9961840063823466,-1.0528314113616943,0.8709990978240967,-0.029259851202368736,0.5534119897959183,0.8508409063152571,
3,client_8,False,flip_global,raw,random,0.9245780110359192,0.124703049659729,0.0437166690826416,0.11316823959350586,0.9961235942621696,0.9995223843676315,0.9968059097438513,0.9695385664145217,0.9891597801917247,0.9722973268234678,0.08896422386169434,0.042098283767700195,0.11113405227661133,0.998024274230493,0.9995570808140601,0.9969194415525819,-1.1199179887771606,0.7479612231254578,-0.012557324953377247,0.5084502551020408,0.8939950131725772,
3,client_9,False,flip_global,raw,random,0.9373620748519897,0.0895848274230957,0.06550061702728271,0.08273077011108398,0.9979966548191284,0.9989282795112251,0.998291098343415,0.9779745375541746,0.9838238176648357,0.9796338424439268,0.06287038326263428,0.06316125392913818,0.08147835731506348,0.9990125606148141,0.9990034095223979,0.9983423829818348,-1.017017126083374,0.7690838575363159,0.01927085593342781,0.4258609693877551,0.8095854780178435,
3,client_0,True,flip_global,raw,pretrained,0.8702729940414429,0.12955844402313232,0.18439209461212158,0.1573411226272583,0.9958168231573856,0.9915537773924061,0.9938395549880588,0.9683808241516725,0.9554489130761961,0.9617959512389094,0.05311012268066406,0.18145751953125,0.14908075332641602,0.9992952014947827,0.9918188400476582,0.9944668022803009,-0.8038108944892883,0.8289382457733154,-0.0008095881203189492,0.5047034438775511,0.01676160522158728,0.5214130878448486
3,client_1,True,flip_global,raw,pretrained,0.8722345232963562,0.08986365795135498,0.15741074085235596,0.18076574802398682,0.9979841835790049,0.9938341274423941,0.9918807195969916,0.9779071245489024,0.9617795353368648,0.9562961135833672,0.03327286243438721,0.15265274047851562,0.17436718940734863,0.9997232865975083,0.9941996425562267,0.9924421370696446,-0.8260482549667358,0.8291488289833069,-0.008697522804141045,0.5057397959183674,-0.006524924053499374,0.6103715896606445
3,client_2,False,flip_global,raw,pretrained,0.8472263216972351,0.1884291172027588,0.05643332004547119,0.09980130195617676,0.9911823675894527,0.9992042952759668,0.9975145678074249,0.9545070946729395,0.9860395849084924,0.9755090424707207,0.11561834812164307,0.05617332458496094,0.09823775291442871,0.996666457306151,0.9992116058858049,0.9975916947916224,-1.2584561109542847,0.7398189306259155,-0.010631067678332329,0.4836575255102041,0.6570888757711049,0.54083251953125
3,client_3,False,flip_global,raw,pretrained,0.7629052996635437,0.1775050163269043,0.09106862545013428,0.08344018459320068,0.9921692885909468,0.997929846146598,0.9982617034866601,0.9570588618191043,0.9776158791094567,0.9794619036668588,0.19892120361328125,0.09509921073913574,0.08294427394866943,0.9901805104513253,0.9977428633263725,0.998282277996293,-0.7950365543365479,0.6723509430885315,-0.00330272875726223,0.4772799744897959,0.4688153700251555,0.5094815492630005
3,client_4,False,flip_global,raw,pretrained,0.9098460078239441,0.07519876956939697,0.06604874134063721,0.06601667404174805,0.9985877838157458,0.9989102823755547,0.9989113393915208,0.981462149490484,0.9836901126027591,0.9836979340921357,0.09874391555786133,0.06873667240142822,0.06660807132720947,0.9975668590590847,0.9988198630512604,0.9988917632130023,-0.8650436997413635,0.8417286276817322,0.026821929961442947,0.49489795918367346,0.615682131831783,0.4822760820388794
3,client_5,False,flip_global,raw,pretrained,0.746199369430542,0.2409687042236328,0.11079108715057373,0.0639340877532959,0.9856400763120394,0.9969383821056061,0.9989788907787314,0.9423760183474932,0.9728673309227618,0.98420609469416,0.11544156074523926,0.10362327098846436,0.06658899784088135,0.9966766184785631,0.9973209496179334,0.9988923972908799,-0.9956451058387756,0.8237089514732361,-0.09791720658540726,0.6588010204081632,0.8076030001608462,0.6729836463928223
3,client_6,False,flip_global,raw,pretrained,0.8348850011825562,0.19125032424926758,0.07602441310882568,0.11728382110595703,0.9909181664505269,0.9985566365333118,0.9965699757631024,0.9538497480725974,0.9812614841255489,0.9713116594304068,0.056761980056762695,0.07214128971099854,0.11344420909881592,0.9991950057474352,0.9987001771268229,0.99679035024599,-1.2400130033493042,0.6850529909133911,-0.07406315952539444,0.5986926020408163,0.9826683654356384,0.7782660722732544
3,client_7,False,flip_global,raw,pretrained,0.8854060173034668,0.15969520807266235,0.08185434341430664,0.08465874195098877,0.9936547197939862,0.9983270686103725,0.9982106293726352,0.9612410938435132,0.979846322066078,0.9791666710867764,0.05095183849334717,0.08022654056549072,0.0868983268737793,0.9993512933267916,0.9983928653413683,0.9981148398185438,-1.0528314113616943,0.8709990978240967,-0.029259851202368736,0.5534119897959183,0.8508409063152571,0.5986366271972656
3,client_8,False,flip_global,raw,pretrained,0.9245780110359192,0.07336103916168213,0.03737437725067139,0.04632222652435303,0.9986558959847489,0.9996508804215993,0.9994637785802103,0.9819090148024459,0.9907214839826193,0.988519267152087,0.057860612869262695,0.03666675090789795,0.04660451412200928,0.9991635624613171,0.999663972054587,0.9994572258700014,-1.1199179887771606,0.7479612231254578,-0.012557324953377247,0.5084502551020408,0.8939950131725772,0.5368592739105225
3,client_9,False,flip_global,raw,pretrained,0.9373620748519897,0.06117141246795654,0.05283951759338379,0.04606485366821289,0.999065170521622,0.9993023615848202,0.9994697183076207,0.9848808083179275,0.9869198720660193,0.9885825083141655,0.08329808712005615,0.054966092109680176,0.045989394187927246,0.9982676113463178,0.999245109846538,0.9994714535201523,-1.017017126083374,0.7690838575363159,0.01927085593342781,0.4258609693877551,0.8095854780178435,0.5708097219467163
3,client_0,True,flip_global,clip01,random,0.8702729940414429,0.07845211029052734,0.32398009300231934,0.27310705184936523,0.998463090468299,0.9742669159025936,0.9816107621349301,0.9806718103933663,0.9236762969826631,0.9350693496703013,0.08929824829101562,0.33820927143096924,0.28858643770217896,0.9980094324865607,0.9720056381556037,0.9795002064975649,-0.8038108944892883,0.8289382457733154,-0.0008095881203189492,0.5047034438775511,0.01676160522158728,
3,client_1,True,flip_global,clip01,random,0.8722345232963562,0.13480937480926514,0.3585476875305176,0.14483153820037842,0.9954720439400415,0.9686195754620732,0.9947765107048816,0.9671311034482497,0.9160535948443693,0.9647525436116553,0.20378994941711426,0.3702288269996643,0.14585280418395996,0.9896977159044384,0.9665939669636405,0.994702879080106,-0.8260482549667358,0.8291488289833069,-0.008697522804141045,0.5057397959183674,-0.006524924053499374,
3,client_2,False,flip_global,clip01,random,0.8472263216972351,0.22727489471435547,0.11158668994903564,0.07294142246246338,0.9872105484090297,0.9968943554514831,0.9986712129662276,0.9455154138431743,0.9726765019269039,0.9820110922602554,0.12491416931152344,0.10893607139587402,0.07169079780578613,0.9961104961531013,0.9970398215513328,0.9987163445471361,-1.2584561109542847,0.7398189306259155,-0.010631067678332329,0.4836575255102041,0.6570888757711049,
3,client_3,False,flip_global,clip01,random,0.7629052996635437,0.28106236457824707,0.10785818099975586,0.09972143173217773,0.980539762817175,0.9970979849852009,0.9975185369563726,0.9332738574474584,0.9735712877393521,0.9755282809821364,0.21970725059509277,0.10516250133514404,0.09577643871307373,0.9880405474826821,0.9972409347440923,0.9977106568805862,-0.7950365543365479,0.6723509430885315,-0.00330272875726223,0.4772799744897959,0.4688153700251555,
3,client_4,False,flip_global,clip01,random,0.9098460078239441,0.12430441379547119,0.05309700965881348,0.06519246101379395,0.996148266383154,0.9992955493009568,0.9989383318697547,0.9696337112739379,0.9868567612265475,0.98389899875659,0.10010790824890137,0.051126837730407715,0.06379985809326172,0.9974993017218103,0.9993468317640688,0.9989831706497236,-0.8650436997413635,0.8417286276817322,0.026821929961442947,0.49489795918367346,0.615682131831783,
3,client_5,False,flip_global,clip01,random,0.746199369430542,0.2369459867477417,0.1292891502380371,0.058283209800720215,0.9861105557748902,0.9958341406549118,0.9991513074605498,0.9432966254051267,0.9684449813929721,0.9855869213062514,0.11584842205047607,0.1258528232574463,0.05807042121887207,0.9966532103413768,0.9960519958835428,0.9991574892921271,-0.9956451058387756,0.8237089514732361,-0.09791720658540726,0.6588010204081632,0.8076030001608462,
3,client_6,False,flip_global,clip01,random,0.8348850011825562,0.42192596197128296,0.10845398902893066,0.15304648876190186,0.9569379813194214,0.9970659057873685,0.9941698125540184,0.9023214699854296,0.9734282198708046,0.9628094355754919,0.09511935710906982,0.10614359378814697,0.1505579948425293,0.9977419085156263,0.9971893233997711,0.9943570689306958,-1.2400130033493042,0.6850529909133911,-0.07406315952539444,0.5986926020408163,0.9826683654356384,
3,client_7,False,flip_global,clip01,random,0.8854060173034668,0.20732152462005615,0.057640671730041504,0.08305966854095459,0.9893404405179107,0.9991699053959417,0.998277501358402,0.9501180696349889,0.9857441134817149,0.9795541226309643,0.0838322639465332,0.055582523345947266,0.0819249153137207,0.9982453504035953,0.9992280929464918,0.9983241863114762,-1.0528314113616943,0.8709990978240967,-0.029259851202368736,0.5534119897959183,0.8508409063152571,
3,client_8,False,flip_global,clip01,random,0.9245780110359192,0.11863189935684204,0.06228208541870117,0.05483055114746094,0.9964908810042246,0.9990309403432862,0.9992488261304782,0.9709891255890901,0.984609471100699,0.9864320309407915,0.042542457580566406,0.06190013885498047,0.05405306816101074,0.999547688323771,0.9990427809596067,0.9992699664139457,-1.1199179887771606,0.7479612231254578,-0.012557324953377247,0.5084502551020408,0.8939950131725772,
3,client_9,False,flip_global,clip01,random,0.9373620748519897,0.04872024059295654,0.05519402027130127,0.053339362144470215,0.9994068485428687,0.9992388398346548,0.9992891073654369,0.9879303234375991,0.9863430131478905,0.9867973666032268,0.03909564018249512,0.05491626262664795,0.052280426025390625,0.9996179922124606,0.9992464771434553,0.9993170392920239,-1.017017126083374,0.7690838575363159,0.01927085593342781,0.4258609693877551,0.8095854780178435,
3,client_0,True,flip_global,clip01,pretrained,0.8702729940414429,0.10681664943695068,0.18353962898254395,0.16288244724273682,0.9971536418093445,0.9916312027437078,0.9934001784785857,0.9738214604127426,0.9556479678394392,0.9604906281575529,0.04244410991668701,0.17938590049743652,0.15703320503234863,0.9995497764670891,0.9920034593586982,0.9938635324631127,-0.8038108944892883,0.8289382457733154,-0.0008095881203189492,0.5047034438775511,0.01676160522158728,
3,client_1,True,flip_global,clip01,pretrained,0.8722345232963562,0.08546435832977295,0.13680684566497803,0.18741214275360107,0.9981764586877242,0.995337341502383,0.991276668306623,0.9789715593614563,0.9666563415309801,0.9547442185591173,0.028743267059326172,0.12939941883087158,0.18398594856262207,0.999793488140629,0.9958270539053025,0.9915907092997012,-0.8260482549667358,0.8291488289833069,-0.008697522804141045,0.5057397959183674,-0.006524924053499374,
3,client_2,False,flip_global,clip01,pretrained,0.8472263216972351,0.20087313652038574,0.06732451915740967,0.11350011825561523,0.989988312488649,0.9988678145830012,0.996787193447384,0.9516127239191603,0.9833790151529562,0.9722177873853601,0.1451401710510254,0.0670701265335083,0.11217546463012695,0.9947543124669913,0.9988763473775351,0.9968615732090691,-1.2584561109542847,0.7398189306259155,-0.010631067678332329,0.4836575255102041,0.6570888757711049,
3,client_3,False,flip_global,clip01,pretrained,0.7629052996635437,0.19839823246002197,0.09276127815246582,0.09958362579345703,0.9902316957085566,0.9978523020599293,0.9975253778035906,0.9521873135610157,0.9772069780922543,0.9755614759321245,0.23205268383026123,0.09692466259002686,0.10103321075439453,0.9866726196531612,0.9976555330181245,0.997452948673125,-0.7950365543365479,0.6723509430885315,-0.00330272875726223,0.4772799744897959,0.4688153700251555,
3,client_4,False,flip_global,clip01,pretrained,0.9098460078239441,0.08038723468780518,0.05978846549987793,0.06904923915863037,0.9983864284991164,0.9991069334756282,0.9988091153683512,0.9802021606414826,0.9852188189180997,0.9829586781888642,0.11122554540634155,0.06308674812316895,0.07024919986724854,0.9969143789630996,0.999005757564339,0.9987674031381131,-0.8650436997413635,0.8417286276817322,0.026821929961442947,0.49489795918367346,0.615682131831783,
3,client_5,False,flip_global,clip01,pretrained,0.746199369430542,0.2014235258102417,0.13535737991333008,0.05703461170196533,0.9899337891477886,0.9954352828936008,0.999187259018185,0.9514850128201915,0.9670008179095932,0.9858924160580966,0.11159658432006836,0.12884736061096191,0.059664249420166016,0.9968938059570891,0.9958624737849231,0.9991106380047277,-0.9956451058387756,0.8237089514732361,-0.09791720658540726,0.6588010204081632,0.8076030001608462,
3,client_6,False,flip_global,clip01,pretrained,0.8348850011825562,0.32195597887039185,0.10605001449584961,0.17106842994689941,0.9745813134241532,0.9971942667345313,0.9927238504070448,0.9241256008481928,0.9740056654365323,0.9585671891150387,0.08419990539550781,0.10179054737091064,0.1675955057144165,0.998229947315606,0.9974146949374103,0.9930147491376646,-1.2400130033493042,0.6850529909133911,-0.07406315952539444,0.5986926020408163,0.9826683654356384,
3,client_7,False,flip_global,clip01,pretrained,0.8854060173034668,0.1452046036720276,0.07910013198852539,0.0820854902267456,0.9947496723199221,0.9984376254592864,0.998317618898565,0.9646641736521602,0.9805144995724002,0.979790276450849,0.053122520446777344,0.07710528373718262,0.08419740200042725,0.9992948725810358,0.9985153490216636,0.9982300524271555,-1.0528314113616943,0.8709990978240967,-0.029259851202368736,0.5534119897959183,0.8508409063152571,
3,client_8,False,flip_global,clip01,pretrained,0.9245780110359192,0.07570850849151611,0.04303562641143799,0.053434133529663086,0.9985685939877302,0.9995371444541135,0.9992865802993509,0.9813382546768026,0.9893273006617997,0.986774141930665,0.06644749641418457,0.04265618324279785,0.05392289161682129,0.9988970957039891,0.9995452676534962,0.9992734765601841,-1.1199179887771606,0.7479612231254578,-0.012557324953377247,0.5084502551020408,0.8939950131725772,
3,client_9,False,flip_global,clip01,pretrained,0.9373620748519897,0.05547010898590088,0.04946768283843994,0.047531723976135254,0.9992312103184289,0.9993885176665167,0.9994354229784048,0.9862754038841994,0.9877468619176821,0.9882221530542421,0.08634239435195923,0.052458882331848145,0.047817230224609375,0.9981388497344281,0.9993123712471448,0.9994286230952887,-1.017017126083374,0.7690838575363159,0.01927085593342781,0.4258609693877551,0.8095854780178435,
4,client_0,True,orig,raw,random,0.7393109202384949,0.127152681350708,0.12362146377563477,0.38075196743011475,0.9959702695462105,0.9961903536153522,0.964719255888262,0.9689542054872531,0.9697967477204061,0.9112070242659247,0.20521152019500732,0.12876653671264648,0.4164602756500244,0.9895546161376447,0.9958676468703034,0.9580112250302524,-1.110937476158142,1.076419711112976,0.0012957544531673193,0.5003188775510204,0.01627381427358521,
4,client_1,True,orig,raw,random,0.7292141914367676,0.09687268733978271,0.19120538234710693,0.14704585075378418,0.9976580423385073,0.9909224051221486,0.9946162175898288,0.9762148367663779,0.9538602142891643,0.9642282058909861,0.14749473333358765,0.1975846290588379,0.15370512008666992,0.9945834314602104,0.9903110662693244,0.9941197465052789,-1.0409785509109497,0.9893499612808228,0.001207786495797336,0.49752869897959184,0.009605405467115807,
4,client_2,False,orig,raw,random,0.9551972150802612,0.06418097019195557,0.03402841091156006,0.03870248794555664,0.9989709955945476,0.99971057965117,0.9996256345020909,0.9841458336660549,0.9915468742434157,0.9903941485385541,0.06515979766845703,0.03400218486785889,0.038823604583740234,0.9989393946111174,0.9997110255010357,0.9996232883993732,-0.7124257683753967,1.1614116430282593,0.06886357069015503,0.3383290816326531,0.6326635165062507,
4,client_3,False,orig,raw,random,0.9344459176063538,0.05767679214477539,0.027941584587097168,0.03298652172088623,0.999168865364449,0.9998048455313486,0.9997280278355771,0.9857352758919802,0.9930510338014731,0.9918041004064113,0.042000412940979004,0.02768397331237793,0.03183341026306152,0.9995591371525239,0.9998084269350429,0.9997467066262002,-1.1796702146530151,0.9639586210250854,0.0048128641210496426,0.45615433673469385,0.4642896875515324,
4,client_4,False,orig,raw,random,0.9555614590644836,0.04023337364196777,0.04740321636199951,0.03379952907562256,0.9995954417038577,0.9994384703684736,0.9997144591235092,0.9900170370481616,0.9882537146980195,0.991603373012742,0.03473520278930664,0.047278642654418945,0.0332036018371582,0.9996984346454176,0.9994414166091792,0.9997244371706702,-1.1634721755981445,1.0972859859466553,0.04111490398645401,0.32653061224489793,0.6605253616898241,
4,client_5,False,orig,raw,random,0.9700268507003784,0.06812834739685059,0.05192601680755615,0.08306372165679932,0.9988406411429198,0.9993262628297619,0.9982773334638326,0.9831830780717461,0.9871438183220085,0.9795531402800932,0.023648381233215332,0.05169045925140381,0.07943058013916016,0.9998602031753567,0.9993323586029625,0.9984245597237409,-0.8031356334686279,1.061330795288086,0.051337506622076035,0.3714126275510204,0.8111635826886863,
4,client_6,False,orig,raw,random,0.9236097931861877,0.07213795185089111,0.03615283966064453,0.05616426467895508,0.9987002972881458,0.9996733231065484,0.9992118600270079,0.9822065918444516,0.9910226960115567,0.9861054481022731,0.042441606521606445,0.03526628017425537,0.05390214920043945,0.9995498295568386,0.9996891448628844,0.9992740350891545,-0.6452645063400269,1.069016456604004,0.06462228298187256,0.3913424744897959,0.9912724336255583,
4,client_7,False,orig,raw,random,0.9588173031806946,0.026509761810302734,0.04020559787750244,0.056717753410339355,0.9998243312802484,0.9995959999286481,0.999196258940863,0.9934053592311958,0.9900238772856513,0.9859699644481679,0.005396604537963867,0.038927316665649414,0.054128289222717285,0.999992719204623,0.9996212736139753,0.9992679342652737,-0.8357358574867249,1.07917320728302,0.07124160975217819,0.35331632653061223,0.8563667108616487,
4,client_8,False,orig,raw,random,0.9665588140487671,0.06316471099853516,0.05655372142791748,0.07453417778015137,0.9990033005061727,0.999200898394103,0.9986126094185666,0.9843939258124055,0.9860101134862691,0.9816237173972293,0.053690195083618164,0.055261850357055664,0.07418572902679443,0.9992797300663632,0.9992369689176537,0.9986255379082396,-0.5960851311683655,1.0633175373077393,0.03669421374797821,0.41757015306122447,0.9148642281530359,
4,client_9,False,orig,raw,random,0.9695945978164673,0.07488656044006348,0.10870087146759033,0.0678185224533081,0.9985994736139987,0.9970525619387265,0.9988511528517077,0.981538045209168,0.973368946696213,0.9832585924830577,0.06986665725708008,0.11470139026641846,0.06672334671020508,0.9987807785756848,0.9967189939536296,0.998887927152359,-0.7334367036819458,0.9728373289108276,-0.00299458228982985,0.5127551020408163,0.8273782681053563,
4,client_0,True,orig,raw,pretrained,0.7393109202384949,0.11862921714782715,0.13311052322387695,0.16738593578338623,0.9964910392634758,0.9955850705707692,0.9930321162828917,0.9709897671601004,0.9675351646934425,0.9594317385221902,0.022215843200683594,0.12782180309295654,0.155065655708313,0.9998766254948614,0.9959278762299748,0.9940156563461884,-1.110937476158142,1.076419711112976,0.0012957544531673193,0.5003188775510204,0.01627381427358521,0.5011430978775024
4,client_1,True,orig,raw,pretrained,0.7292141914367676,0.06914007663726807,0.1378082036972046,0.13689231872558594,0.998805982787744,0.9952690783102205,0.9953315339111235,0.9829365473754395,0.96641846892714,0.9666360339729958,0.027515411376953125,0.1339324712753296,0.13126540184020996,0.9998107523994733,0.9955305619640067,0.9957062262694432,-1.0409785509109497,0.9893499612808228,0.001207786495797336,0.49752869897959184,0.009605405467115807,0.6166093349456787
4,client_2,False,orig,raw,pretrained,0.9551972150802612,0.06808531284332275,0.06562018394470215,0.06786572933197021,0.9988421040702149,0.9989243663944471,0.9988495543048703,0.9831935664709608,0.9837946491412206,0.9832470860698928,0.0686945915222168,0.06681990623474121,0.0662240982055664,0.9988213063012581,0.9988847088180024,0.9989044931391746,-0.7124257683753967,1.1614116430282593,0.06886357069015503,0.3383290816326531,0.6326635165062507,0.38300180435180664
4,client_3,False,orig,raw,pretrained,0.9344459176063538,0.06869912147521973,0.04194033145904541,0.04086756706237793,0.9988211509795362,0.9995603971411067,0.9995825912092511,0.9830439846592465,0.9895968067466225,0.9898608758108349,0.05289101600646973,0.0418773889541626,0.038951873779296875,0.9993010017717809,0.9995617151971141,0.9996207957637062,-1.1796702146530151,0.9639586210250854,0.0048128641210496426,0.45615433673469385,0.4642896875515324,0.3908348083496094
4,client_4,False,orig,raw,pretrained,0.9555614590644836,0.0648888349533081,0.023513197898864746,0.048645615577697754,0.9989481902400847,0.9998617967079266,0.9994086634115162,0.983973083105335,0.9941475168207765,0.9879486431368398,0.053850531578063965,0.02380049228668213,0.04630303382873535,0.9992754240609913,0.9998583991816201,0.999464222655039,-1.1634721755981445,1.0972859859466553,0.04111490398645401,0.32653061224489793,0.6605253616898241,0.368017315864563
4,client_5,False,orig,raw,pretrained,0.9700268507003784,0.04401969909667969,0.07334208488464355,0.1439809799194336,0.9995157424738264,0.9986565897469071,0.994837445876358,0.9890852556221867,0.9819136253441636,0.9649540652421715,0.04141819477081299,0.07334113121032715,0.14294445514678955,0.9995712711917035,0.9986566246484614,0.9949112262409474,-0.8031356334686279,1.061330795288086,0.051337506622076035,0.3714126275510204,0.8111635826886863,0.28774964809417725
4,client_6,False,orig,raw,pretrained,0.9236097931861877,0.08236837387084961,0.09953141212463379,0.08498013019561768,0.9983060180110259,0.9975279672980639,0.9981970360950045,0.9797216928774772,0.9755740537004456,0.9790888272717004,0.08029675483703613,0.10186624526977539,0.0836019515991211,0.9983900543809645,0.9974108557876795,0.9982549656515973,-0.6452645063400269,1.069016456604004,0.06462228298187256,0.3913424744897959,0.9912724336255583,0.4186244010925293
4,client_7,False,orig,raw,pretrained,0.9588173031806946,0.04798567295074463,0.06928062438964844,0.13331961631774902,0.9994245922391558,0.9988011278343891,0.9955712356756081,0.9881106746802368,0.9829023070787197,0.9674854195267104,0.04365825653076172,0.07054567337036133,0.13100922107696533,0.999523659402928,0.9987569870208401,0.9957229158294729,-0.8357358574867249,1.07917320728302,0.07124160975217819,0.35331632653061223,0.8563667108616487,0.32255256175994873
4,client_8,False,orig,raw,pretrained,0.9665588140487671,0.09966957569122314,0.059325456619262695,0.13276219367980957,0.9975211122524672,0.9991207028527394,0.9956080706307826,0.9755407719624218,0.985332023337403,0.9676180440197208,0.07043468952178955,0.05841326713562012,0.1303044557571411,0.9987608913768942,0.9991475179924787,0.9957686635220961,-0.5960851311683655,1.0633175373077393,0.03669421374797821,0.41757015306122447,0.9148642281530359,0.3422996997833252
4,client_9,False,orig,raw,pretrained,0.9695945978164673,0.05302274227142334,0.05322253704071045,0.09090900421142578,0.9992975175314096,0.999292216330733,0.9979370855207563,0.986874963407351,0.9868259968881881,0.9776544527154694,0.029367685317993164,0.05322253704071045,0.08693182468414307,0.9997844196272854,0.999292216330733,0.9981133882023858,-0.7334367036819458,0.9728373289108276,-0.00299458228982985,0.5127551020408163,0.8273782681053563,0.47609448432922363
4,client_0,True,orig,clip01,random,0.7393109202384949,0.07500922679901123,0.1974690556526184,0.3834751844406128,0.9985948864909298,0.99032231527536,0.9642264622971011,0.9815082248785161,0.9524031718342183,0.9106152806286774,0.12046706676483154,0.2037123441696167,0.40642035007476807,0.99638177024385,0.9897055001476041,0.9599507809063648,-1.110937476158142,1.076419711112976,0.0012957544531673193,0.5003188775510204,0.01627381427358521,
4,client_1,True,orig,clip01,random,0.7292141914367676,0.05699813365936279,0.15845191478729248,0.2313583493232727,0.9991882976742892,0.9937526747737477,0.9867514618656068,0.9859013432846189,0.9615340778553596,0.9445776122149931,0.08647692203521729,0.16060757637023926,0.23820966482162476,0.9981330537332531,0.9935823595553299,0.9859635785494845,-1.0409785509109497,0.9893499612808228,0.001207786495797336,0.49752869897959184,0.009605405467115807,
4,client_2,False,orig,clip01,random,0.9551972150802612,0.12057816982269287,0.04401683807373047,0.07813286781311035,0.9963751113680619,0.9995158053967332,0.9984755589290284,0.9705237551566779,0.989085959197922,0.9807493221842665,0.1350926160812378,0.04536759853363037,0.07697641849517822,0.9954530620349087,0.9994856437588033,0.9985203019332958,-0.7124257683753967,1.1614116430282593,0.06886357069015503,0.3383290816326531,0.6326635165062507,
4,client_3,False,orig,clip01,random,0.9344459176063538,0.0483778715133667,0.0357966423034668,0.053432464599609375,0.9994151520490653,0.9996797270518325,0.9992866248398644,0.9880143758382063,0.9911105545747405,0.9867745509115142,0.024612903594970703,0.03497457504272461,0.05026650428771973,0.9998485684449927,0.9996942648987139,0.9993686187778563,-1.1796702146530151,0.9639586210250854,0.0048128641210496426,0.45615433673469385,0.4642896875515324,
4,client_4,False,orig,clip01,random,0.9555614590644836,0.022214889526367188,0.06390607357025146,0.06877279281616211,0.9998766360860134,0.9989797847427269,0.9988186235251881,0.994469326557841,0.9842129329684877,0.9830260336515446,0.009351134300231934,0.06266903877258301,0.0667954683303833,0.9999781394302447,0.999018870454897,0.9988855237731411,-1.1634721755981445,1.0972859859466553,0.04111490398645401,0.32653061224489793,0.6605253616898241,
4,client_5,False,orig,clip01,random,0.9700268507003784,0.04979348182678223,0.06187260150909424,0.11615264415740967,0.9993804403332305,0.9990436318301543,0.9966356541218166,0.9876669097611557,0.9847094948938686,0.9715824227911145,0.027329564094543457,0.06072866916656494,0.10949158668518066,0.9998132998784244,0.9990786443532473,0.9970096218638833,-0.8031356334686279,1.061330795288086,0.051337506622076035,0.3714126275510204,0.8111635826886863,
4,client_6,False,orig,clip01,random,0.9236097931861877,0.08621680736541748,0.06538164615631104,0.0709991455078125,0.9981442524354651,0.9989321660603623,0.998740970466224,0.9787893769069176,0.9838528420703283,0.9824837850394643,0.053649187088012695,0.06441521644592285,0.0681992769241333,0.9992808293217736,0.9989634764642861,0.9988382279366426,-0.6452645063400269,1.069016456604004,0.06462228298187256,0.3913424744897959,0.9912724336255583,
4,client_7,False,orig,clip01,random,0.9588173031806946,0.041971564292907715,0.028240084648132324,0.07604098320007324,0.9995597423718521,0.9998006542138413,0.9985560079626126,0.9895891201321696,0.9929771894933059,0.9812574575416821,0.021569132804870605,0.027376651763916016,0.07063817977905273,0.9998837032722043,0.9998126560620277,0.9987537280120931,-0.8357358574867249,1.07917320728302,0.07124160975217819,0.35331632653061223,0.8563667108616487,
4,client_8,False,orig,clip01,random,0.9665588140487671,0.12799406051635742,0.051236510276794434,0.15559303760528564,0.995916927002015,0.9993440279070767,0.9939750658015942,0.9687536160662782,0.9873129025156335,0.9622082857898395,0.09148859977722168,0.05090665817260742,0.15742981433868408,0.9979107385743047,0.9993524427083345,0.9938326400323345,-0.5960851311683655,1.0633175373077393,0.03669421374797821,0.41757015306122447,0.9148642281530359,
4,client_9,False,orig,clip01,random,0.9695945978164673,0.04781055450439453,0.04490053653717041,0.07841920852661133,0.9994287825546255,0.9994961759147338,0.9984643778316911,0.9881536771007493,0.9888686779457512,0.98067979848751,0.019522547721862793,0.0442349910736084,0.07407689094543457,0.999904724341248,0.9995109958090937,0.998629563760665,-0.7334367036819458,0.9728373289108276,-0.00299458228982985,0.5127551020408163,0.8273782681053563,
4,client_0,True,orig,clip01,pretrained,0.7393109202384949,0.13800048828125,0.0927659273147583,0.13617002964019775,0.9952559139839581,0.997852087117777,0.9953804982972441,0.9663728017844992,0.9772058553287462,0.9668076629224234,0.022396564483642578,0.08676016330718994,0.12094449996948242,0.9998746102680198,0.9981208212102963,0.9963531126416159,-1.110937476158142,1.076419711112976,0.0012957544531673193,0.5003188775510204,0.01627381427358521,
4,client_1,True,orig,clip01,pretrained,0.7292141914367676,0.05944657325744629,0.09780144691467285,0.09817028045654297,0.9991171112875543,0.9976130011999695,0.9975949958715409,0.9853024087616133,0.9759909233013142,0.9759020230806867,0.02058243751525879,0.09222579002380371,0.08910810947418213,0.9998940992284648,0.9978769873723903,0.9980178877240067,-1.0409785509109497,0.9893499612808228,0.001207786495797336,0.49752869897959184,0.009605405467115807,
4,client_2,False,orig,clip01,pretrained,0.9551972150802612,0.07300710678100586,0.07157325744628906,0.07611048221588135,0.9986688211135426,0.9987205462840107,0.9985533700976279,0.9819951126067568,0.9823440276225344,0.9812405693341737,0.07342934608459473,0.07290923595428467,0.07480370998382568,0.9986533943418796,0.9986723842346275,0.9986025675866679,-0.7124257683753967,1.1614116430282593,0.06886357069015503,0.3383290816326531,0.6326635165062507,
4,client_3,False,orig,clip01,pretrained,0.9344459176063538,0.0725398063659668,0.05259203910827637,0.045068979263305664,0.9986857909214792,0.9993088778022297,0.9994923901107651,0.9821088057451686,0.9869805343032514,0.9888272698572393,0.060645103454589844,0.0528186559677124,0.04318678379058838,0.9990811765258627,0.9993029120588071,0.999533888435612,-1.1796702146530151,0.9639586210250854,0.0048128641210496426,0.45615433673469385,0.4642896875515324,
4,client_4,False,orig,clip01,pretrained,0.9555614590644836,0.06690216064453125,0.021878361701965332,0.049169063568115234,0.9988819636152959,0.9998803450613729,0.9993958746622433,0.9834819906022565,0.9945527667071812,0.9878201526119523,0.05915486812591553,0.022299885749816895,0.046889305114746094,0.9991257490538163,0.999875690364767,0.999450574772617,-1.1634721755981445,1.0972859859466553,0.04111490398645401,0.32653061224489793,0.6605253616898241,
4,client_5,False,orig,clip01,pretrained,0.9700268507003784,0.043816208839416504,0.06813132762908936,0.14213323593139648,0.999520207681218,0.9988405397980602,0.9949686030604454,0.9891352993192715,0.9831823517345275,0.9653920666483089,0.04594004154205322,0.06822860240936279,0.1454782485961914,0.999472586862201,0.9988372294764911,0.9947299430614747,-0.8031356334686279,1.061330795288086,0.051337506622076035,0.3714126275510204,0.8111635826886863,
4,client_6,False,orig,clip01,pretrained,0.9236097931861877,0.08901572227478027,0.09834539890289307,0.07811522483825684,0.998021989600917,0.9975864235660026,0.9984762465243373,0.978112152060647,0.9758598184084994,0.9807536061510875,0.08691895008087158,0.10067558288574219,0.07703804969787598,0.9981139461847328,0.9974709142273444,0.9985179341785002,-0.6452645063400269,1.069016456604004,0.06462228298187256,0.3913424744897959,0.9912724336255583,
4,client_7,False,orig,clip01,pretrained,0.9588173031806946,0.06329309940338135,0.06860911846160889,0.14042532444000244,0.9989992476562528,0.9988242350638787,0.9950883506642236,0.9843625780824135,0.9830659157651451,0.9657971868396322,0.05366063117980957,0.07029318809509277,0.13779282569885254,0.9992805226371313,0.9987658604439975,0.9952701303484464,-0.8357358574867249,1.07917320728302,0.07124160975217819,0.35331632653061223,0.8563667108616487,
4,client_8,False,orig,clip01,pretrained,0.9665588140487671,0.10740876197814941,0.05739033222198486,0.14323151111602783,0.9971220664741307,0.9991770956736943,0.9948908460012036,0.9736792249676092,0.985805367371664,0.9651316882797911,0.08362114429473877,0.05682015419006348,0.14268159866333008,0.9982541653859611,0.9991933558581869,0.994929853065941,-0.5960851311683655,1.0633175373077393,0.03669421374797821,0.41757015306122447,0.9148642281530359,
4,client_9,False,orig,clip01,pretrained,0.9695945978164673,0.06515932083129883,0.051903605461120605,0.0971064567565918,0.998939410121658,0.9993268439826064,0.997646745639583,0.9839070845093616,0.9871493134596887,0.9761584703327784,0.03713643550872803,0.05224180221557617,0.09288835525512695,0.9996553104235495,0.9993180475206886,0.9978464231225395,-0.7334367036819458,0.9728373289108276,-0.00299458228982985,0.5127551020408163,0.8273782681053563,
4,client_0,True,flip,raw,random,,0.0,0.29258501529693604,0.29258501529693604,1.0,0.9789372634232372,0.9789372634232372,1.0,0.9306824058275804,0.9306824058275804,0.0,0.2942441701889038,0.2942441701889038,1.0,0.9787015483112527,0.9787015483112527,,,,0.0,0.01627381427358521,
4,client_1,True,flip,raw,random,,0.0,0.29258501529693604,0.29258501529693604,1.0,0.9789372634232372,0.9789372634232372,1.0,0.9306824058275804,0.9306824058275804,0.0,0.2942441701889038,0.2942441701889038,1.0,0.9787015483112527,0.9787015483112527,,,,0.0,0.009605405467115807,
4,client_2,False,flip,raw,random,0.5313801169395447,0.41141796112060547,0.1309952735900879,0.34330523014068604,0.9589905004314496,0.995723823550847,0.9711741497636239,0.9045767099518984,0.9680386180467873,0.9194030868624128,0.48536568880081177,0.13625454902648926,0.3564368486404419,0.943609575668626,0.9953747818760805,0.968979350766441,-1.1966633796691895,0.7545340657234192,-0.04173360392451286,0.5371492346938775,0.6326635165062507,
4,client_3,False,flip,raw,random,0.501104474067688,0.2840240001678467,0.06873202323913574,0.30323272943496704,0.9801336516014381,0.9988200225470856,0.9774029085133724,0.9326067485302802,0.9830359676435536,0.9282973365495681,0.3285341262817383,0.06626629829406738,0.3240593671798706,0.9735529186086309,0.9989030976603459,0.9742545655756885,-0.9799066185951233,0.8049456477165222,-0.01763993687927723,0.5176977040816326,0.4642896875515324,
4,client_4,False,flip,raw,random,0.643169105052948,0.4843050241470337,0.1727839708328247,0.12814974784851074,0.9438452834435382,0.992578000091177,0.9959070184910344,0.8891063068664078,0.9581648263516185,0.9687165061867116,0.4630284309387207,0.17331922054290771,0.12788891792297363,0.9484825061032804,0.992532203475865,0.995923611930503,-1.0343269109725952,0.8338549137115479,-0.019113238900899887,0.5138711734693877,0.6605253616898241,
4,client_5,False,flip,raw,random,0.6498277187347412,0.46946388483047485,0.1387091875076294,0.45916831493377686,0.9470983023272765,0.9952072382752468,0.9493050498344233,0.8922238811795773,0.9662045153434287,0.8943962855170506,0.4192674160003662,0.14302599430084229,0.4880971312522888,0.9574615362833561,0.9949054412632774,0.9430006129231061,-1.0334120988845825,1.1970568895339966,-0.04924900829792023,0.5819515306122449,0.8111635826886863,
4,client_6,False,flip,raw,random,0.8193988800048828,0.25895392894744873,0.1971561312675476,0.423922598361969,0.9834442037792097,0.9903527407974408,0.9565428870741928,0.9382765360426073,0.9524758842567111,0.9018939067703875,0.3520439863204956,0.2021922469139099,0.44265156984329224,0.9697219016070799,0.9898573950339928,0.9527584529860131,-1.2960500717163086,0.9040271043777466,-0.08971969783306122,0.6736288265306123,0.9912724336255583,
4,client_7,False,flip,raw,random,0.5586851835250854,0.30333423614501953,0.05186355113983154,0.2302873134613037,0.9773880350123776,0.9993278820151421,0.9868726339304204,0.9282746434804103,0.9871591346711561,0.9448234498126804,0.30899739265441895,0.051525235176086426,0.2362433671951294,0.9765508900253619,0.9993366177769971,0.9861919527683654,-0.8968271613121033,1.2277525663375854,-0.0013250908814370632,0.5214445153061225,0.8563667108616487,
4,client_8,False,flip,raw,random,0.8792976140975952,0.20783758163452148,0.05473172664642334,0.14274227619171143,0.9892877354608942,0.9992515299458757,0.9949255562654105,0.9499986066718398,0.9864562362889266,0.9652476627497342,0.18166077136993408,0.05283164978027344,0.1430281400680542,0.9918006151783396,0.9993025692176305,0.9949052889831549,-0.7461075782775879,1.071585774421692,0.02412019483745098,0.5251913265306123,0.9148642281530359,
4,client_9,False,flip,raw,random,0.9599682688713074,0.28054070472717285,0.10721027851104736,0.231705904006958,0.98061087992415,0.9971326701992245,0.9867120251171708,0.9333914357451916,0.9737269005772458,0.9444978577620065,0.2182384729385376,0.10378360748291016,0.2300724983215332,0.988198500893178,0.9973126693349754,0.9868968721124751,-0.6127602458000183,0.7251500487327576,0.045423418283462524,0.3768335459183674,0.8273782681053563,
4,client_0,True,flip,raw,pretrained,,0.0,0.2558321952819824,0.2558321952819824,1.0,0.9838361387948666,0.9838361387948666,1.0,0.9389861666510426,0.9389861666510426,0.0,0.2516136169433594,0.2516136169433594,1.0,0.9843585951966249,0.9843585951966249,,,,0.0,0.01627381427358521,0.5720721483230591
4,client_1,True,flip,raw,pretrained,,0.0,0.25674498081207275,0.25674498081207275,1.0,0.9837220057399425,0.9837220057399425,1.0,0.938778589345058,0.938778589345058,0.0,0.2516136169433594,0.2516136169433594,1.0,0.9843585951966249,0.9843585951966249,,,,0.0,0.009605405467115807,0.7833242416381836
4,client_2,False,flip,raw,pretrained,0.5313801169395447,0.28897321224212646,0.03943371772766113,0.14740169048309326,0.9794460714192323,0.9996113587952238,0.9945902353341536,0.9314935370646753,0.9902139938020462,0.9641439848077287,0.1192556619644165,0.038553714752197266,0.1272033452987671,0.9964539807910522,0.9996285063078552,0.9959670673391743,-1.1966633796691895,0.7545340657234192,-0.04173360392451286,0.5371492346938775,0.6326635165062507,0.7358572483062744
4,client_3,False,flip,raw,pretrained,0.501104474067688,0.13159465789794922,0.0986565351486206,0.05975627899169922,0.9956847287681434,0.9975711555765387,0.9991078941199598,0.9678959178611903,0.9757848393304511,0.9852266878010252,0.06936001777648926,0.09226560592651367,0.05781102180480957,0.998798380999699,0.9978751567972666,0.9991649947338161,-0.9799066185951233,0.8049456477165222,-0.01763993687927723,0.5176977040816326,0.4642896875515324,0.5882258415222168
4,client_4,False,flip,raw,pretrained,0.643169105052948,0.18150317668914795,0.1431518793106079,0.04701375961303711,0.9918147478657611,0.994896503690792,0.9994476555218557,0.9561237413760584,0.9651505637899502,0.988349375041151,0.15464138984680176,0.14113664627075195,0.04594624042510986,0.9940482122154413,0.9950386507007076,0.9994724445767771,-1.0343269109725952,0.8338549137115479,-0.019113238900899887,0.5138711734693877,0.6605253616898241,0.5888775587081909
4,client_5,False,flip,raw,pretrained,0.6498277187347412,0.415648877620697,0.03344547748565674,0.12075543403625488,0.9581695113183213,0.9997204086512765,0.9963644746031712,0.9036676458627664,0.9916907790620859,0.9704813863612862,0.11197829246520996,0.03244912624359131,0.11294317245483398,0.996872570542815,0.999736815512611,0.9968185715165552,-1.0334120988845825,1.1970568895339966,-0.04924900829792023,0.5819515306122449,0.8111635826886863,0.5484440326690674
4,client_6,False,flip,raw,pretrained,0.8193988800048828,0.31220316886901855,0.0855858325958252,0.09586739540100098,0.9760706252097286,0.9981712783614538,0.9977063140294902,0.9262951017602548,0.9789421446485789,0.9764572882467126,0.13613760471343994,0.08054494857788086,0.0886073112487793,0.9953826904105842,0.9983800985711864,0.9980400718636193,-1.2960500717163086,0.9040271043777466,-0.08971969783306122,0.6736288265306123,0.9912724336255583,0.6857031583786011
4,client_7,False,flip,raw,pretrained,0.5586851835250854,0.16832619905471802,0.04061996936798096,0.08991503715515137,0.9929540298995856,0.9995876321020256,0.9979818813405996,0.9592108789706468,0.9899218388728643,0.9778947033325627,0.12236547470092773,0.04048764705657959,0.08297765254974365,0.996267156294715,0.9995903135347712,0.9982808970032822,-0.8968271613121033,1.2277525663375854,-0.0013250908814370632,0.5214445153061225,0.8563667108616487,0.5438075065612793
4,client_8,False,flip,raw,pretrained,0.8792976140975952,0.20339441299438477,0.23388993740081787,0.0407712459564209,0.9897373604377371,0.9864629044504503,0.9995845558665901,0.9510279037433282,0.9439969124053549,0.9898845911519789,0.2785366177558899,0.2606944441795349,0.03964829444885254,0.9808829367904564,0.9832237204027057,0.9996071189918603,-0.7461075782775879,1.071585774421692,0.02412019483745098,0.5251913265306123,0.9148642281530359,0.482547402381897
4,client_9,False,flip,raw,pretrained,0.9599682688713074,0.06878983974456787,0.16453194618225098,0.10860967636108398,0.9988180383089538,0.9932665091250206,0.9970574944824939,0.9830218800094976,0.9601025835464105,0.9733908407915526,0.09321367740631104,0.1780625581741333,0.11745989322662354,0.9978313363847446,0.9921203105355783,0.996559696007604,-0.6127602458000183,0.7251500487327576,0.045423418283462524,0.3768335459183674,0.8273782681053563,0.541978120803833
4,client_0,True,flip,clip01,random,,0.0,0.20860302448272705,0.20860302448272705,1.0,0.989209327043501,0.989209327043501,1.0,0.9498214545008254,0.9498214545008254,0.0,0.20860302448272705,0.20860302448272705,1.0,0.989209327043501,0.989209327043501,,,,0.0,0.01627381427358521,
4,client_1,True,flip,clip01,random,,0.0,0.20860302448272705,0.20860302448272705,1.0,0.989209327043501,0.989209327043501,1.0,0.9498214545008254,0.9498214545008254,0.0,0.20860302448272705,0.20860302448272705,1.0,0.989209327043501,0.989209327043501,,,,0.0,0.009605405467115807,
4,client_2,False,flip,clip01,random,0.5313801169395447,0.3934096097946167,0.03498995304107666,0.2101207971572876,0.9624022494757256,0.9996939960435143,0.9890530288590598,0.9084614687767845,0.9913095733198145,0.9494703317825124,0.18915796279907227,0.03422236442565918,0.192002534866333,0.9911144785217969,0.9997072717265516,0.9908470782909997,-1.1966633796691895,0.7545340657234192,-0.04173360392451286,0.5371492346938775,0.6326635165062507,
4,client_3,False,flip,clip01,random,0.501104474067688,0.21572816371917725,0.10893106460571289,0.13583481311798096,0.9884660949956758,0.9970400930451055,0.99540313602995,0.9481748093234923,0.9733136852813102,0.9668873319790299,0.15696263313293457,0.10653865337371826,0.13309180736541748,0.9938690213872159,0.9971684066903246,0.9955863078831793,-0.9799066185951233,0.8049456477165222,-0.01763993687927723,0.5176977040816326,0.4642896875515324,
4,client_4,False,flip,clip01,random,0.643169105052948,0.3173799514770508,0.2144380807876587,0.061118364334106445,0.9752853787094964,0.9886024528325641,0.999066790061024,0.9251425797504023,0.9484726338871992,0.9848937707760514,0.339541494846344,0.21959209442138672,0.059996724128723145,0.9717893619534304,0.9880529683650787,0.9991007052826841,-1.0343269109725952,0.8338549137115479,-0.019113238900899887,0.5138711734693877,0.6605253616898241,
4,client_5,False,flip,clip01,random,0.6498277187347412,0.6683281660079956,0.032152652740478516,0.18801379203796387,0.8970457867564825,0.9997416018185823,0.991220939357625,0.8517763777281566,0.9920100417688471,0.9546039236987003,0.20783591270446777,0.031032443046569824,0.17806148529052734,0.989287906113608,0.9997592903343326,0.9921204049285743,-1.0334120988845825,1.1970568895339966,-0.04924900829792023,0.5819515306122449,0.8111635826886863,
4,client_6,False,flip,clip01,random,0.8193988800048828,0.37478673458099365,0.11304521560668945,0.07130289077758789,0.9657877499396239,0.9968128338911235,0.9987301850623924,0.9125052686763382,0.9723268137525565,0.9824098398979186,0.16085410118103027,0.10874879360198975,0.06709754467010498,0.9935627382104417,0.9970499682906788,0.9988754292709396,-1.2960500717163086,0.9040271043777466,-0.08971969783306122,0.6736288265306123,0.9912724336255583,
4,client_7,False,flip,clip01,random,0.5586851835250854,0.3018125295639038,0.11866772174835205,0.10744976997375488,0.9776105199273606,0.9964887670246003,0.9971198732508906,0.9286149271650397,0.9709805571128387,0.9736693753085288,0.2677769660949707,0.12010419368743896,0.10037887096405029,0.9823120822606595,0.9964034764594967,0.9974857716626058,-0.8968271613121033,1.2277525663375854,-0.0013250908814370632,0.5214445153061225,0.8563667108616487,
4,client_8,False,flip,clip01,random,0.8792976140975952,0.341355562210083,0.16605043411254883,0.12238419055938721,0.971493611971795,0.9931422899906885,0.9962660175272191,0.9198328505407054,0.9597455674184603,0.9700922191826804,0.3326258659362793,0.1720339059829712,0.11935961246490479,0.9729035842138571,0.9926419435235729,0.9964478127316188,-0.7461075782775879,1.071585774421692,0.02412019483745098,0.5251913265306123,0.9148642281530359,
4,client_9,False,flip,clip01,random,0.9599682688713074,0.2848280668258667,0.14408671855926514,0.23877620697021484,0.9800227039776117,0.9948298898457197,0.9858974414718495,0.9324257561505183,0.9649290092873253,0.9428776082566201,0.3063768148422241,0.1470099687576294,0.24273037910461426,0.9769400626845686,0.994618834146987,0.9854316524941944,-0.6127602458000183,0.7251500487327576,0.045423418283462524,0.3768335459183674,0.8273782681053563,
4,client_0,True,flip,clip01,pretrained,,0.0,0.2016812562942505,0.2016812562942505,1.0,0.9899082077995904,0.9899082077995904,1.0,0.9514252184691041,0.9514252184691041,0.0,0.19594991207122803,0.19594991207122803,1.0,0.9904695825967842,0.9904695825967842,,,,0.0,0.01627381427358521,
4,client_1,True,flip,clip01,pretrained,,0.0,0.20338201522827148,0.20338201522827148,1.0,0.9897386018568153,0.9897386018568153,1.0,0.9510307781333962,0.9510307781333962,0.0,0.19594991207122803,0.19594991207122803,1.0,0.9904695825967842,0.9904695825967842,,,,0.0,0.009605405467115807,
4,client_2,False,flip,clip01,pretrained,0.5313801169395447,0.28589630126953125,0.03953719139099121,0.15590059757232666,0.9798748498246319,0.9996093171368323,0.9939513316315973,0.932185382290041,0.9901885047328456,0.9621357199575804,0.1211010217666626,0.03831684589385986,0.1297757625579834,0.9963436931257053,0.9996330558474971,0.9958028220947563,-1.1966633796691895,0.7545340657234192,-0.04173360392451286,0.5371492346938775,0.6326635165062507,
4,client_3,False,flip,clip01,pretrained,0.501104474067688,0.1364072561264038,0.10015058517456055,0.04837536811828613,0.9953644447484944,0.9974971731308337,0.99941521254885,0.9667512885723946,0.9754249165676605,0.9880149904670055,0.057805776596069336,0.09027934074401855,0.04377114772796631,0.9991651461525397,0.9979655198338764,0.9995211936678221,-0.9799066185951233,0.8049456477165222,-0.01763993687927723,0.5176977040816326,0.4642896875515324,
4,client_4,False,flip,clip01,pretrained,0.643169105052948,0.14577269554138184,0.13794457912445068,0.041117191314697266,0.9947086731873565,0.9952597435427721,0.9995774780859643,0.9645296301245345,0.9663860797453754,0.989799419475945,0.11161923408508301,0.13649022579193115,0.03932666778564453,0.9968925478966455,0.9953588235362159,0.9996134653935596,-1.0343269109725952,0.8338549137115479,-0.019113238900899887,0.5138711734693877,0.6605253616898241,
4,client_5,False,flip,clip01,pretrained,0.6498277187347412,0.5296800136566162,0.02962970733642578,0.13330864906311035,0.9333868796625018,0.9997805562341582,0.9955719618696084,0.879675854795805,0.9926335267160633,0.9674880286418337,0.10097765922546387,0.028705716133117676,0.12267398834228516,0.9974557434699025,0.9997940272894246,0.9962483627875067,-1.0334120988845825,1.1970568895339966,-0.04924900829792023,0.5819515306122449,0.8111635826886863,
4,client_6,False,flip,clip01,pretrained,0.8193988800048828,0.4493846893310547,0.1100168228149414,0.08695292472839355,0.9513636639543408,0.9969809282456512,0.9981124735536198,0.8964680600024499,0.973053095765336,0.9786111979090675,0.16333556175231934,0.10413539409637451,0.07791554927825928,0.9933635912273036,0.9972944574677352,0.9984840176565757,-1.2960500717163086,0.9040271043777466,-0.08971969783306122,0.6736288265306123,0.9912724336255583,
4,client_7,False,flip,clip01,pretrained,0.5586851835250854,0.1829952597618103,0.048108816146850586,0.0947037935256958,0.9916804621958599,0.999421636453123,0.9977615629410144,0.9557751132305743,0.9880804370832055,0.9767380330442583,0.12767863273620605,0.04746401309967041,0.08450305461883545,0.9959369655079495,0.9994370296798645,0.9982171958275581,-0.8968271613121033,1.2277525663375854,-0.0013250908814370632,0.5214445153061225,0.8563667108616487,
4,client_8,False,flip,clip01,pretrained,0.8792976140975952,0.22817707061767578,0.2497086524963379,0.032276034355163574,0.9871097964695361,0.9845918058319176,0.9997396152629181,0.9453081007318707,0.9403805124765083,0.991979566057765,0.30652719736099243,0.27201151847839355,0.030662059783935547,0.9769178132873417,0.9817559766316943,0.9997650009490879,-0.7461075782775879,1.071585774421692,0.02412019483745098,0.5251913265306123,0.9148642281530359,
4,client_9,False,flip,clip01,pretrained,0.9599682688713074,0.06578457355499268,0.1789001226425171,0.10941195487976074,0.9989189747331362,0.9920464516689338,0.9970139602649981,0.983754548175303,0.9567324076287442,0.9731982553483964,0.09401059150695801,0.19099897146224976,0.11502599716186523,0.9977941582854533,0.9909418602098552,0.9967004431194066,-0.6127602458000183,0.7251500487327576,0.045423418283462524,0.3768335459183674,0.8273782681053563,
4,client_0,True,flip_global,raw,random,0.8642585277557373,0.17098116874694824,0.2787889838218689,0.21963131427764893,0.9927312310602256,0.9808487789611495,0.9880487387694834,0.9585876621303351,0.9337864237990092,0.9472745953977526,0.18265533447265625,0.2840900421142578,0.2175673246383667,0.991711149357569,0.9801245500407221,0.9882703365278018,-0.9087945818901062,0.8993673920631409,0.002088437555357814,0.4965720663265306,0.01627381427358521,
4,client_1,True,flip_global,raw,random,0.8741497993469238,0.11750590801239014,0.1236640214920044,0.2439734935760498,0.9965570069751768,0.9961877376653812,0.985283706096153,0.9712585130629672,0.969786586976642,0.9416892470997222,0.10818696022033691,0.12523818016052246,0.24892640113830566,0.9970803046797561,0.9960903515521866,0.9846870815752344,-0.9796590805053711,0.9304357767105103,0.0028770072385668755,0.499202806122449,0.009605405467115807,
4,client_2,False,flip_global,raw,random,0.7053946256637573,0.20171594619750977,0.04334461688995361,0.11955857276916504,0.9899047621896948,0.99953047645152,0.9964359922958512,0.9514171707244155,0.9892512910001896,0.970767508025957,0.1701977252960205,0.042697787284851074,0.11617028713226318,0.9927973306034352,0.9995443804920225,0.9966346345728818,-1.2411956787109375,0.7907568216323853,-0.06164677441120148,0.6275510204081632,0.6326635165062507,
4,client_3,False,flip_global,raw,random,0.6301583647727966,0.142600417137146,0.040758490562438965,0.21561062335968018,0.9949355990168036,0.9995848156906197,0.9884785513465191,0.9652812947388938,0.9898877317375661,0.9482019385085019,0.11983895301818848,0.04131591320037842,0.21644246578216553,0.9964193015556444,0.9995733853783246,0.9883902558643065,-0.9363898038864136,0.7931190729141235,-0.005726972594857216,0.5259088010204082,0.4642896875515324,
4,client_4,False,flip_global,raw,random,0.7343775033950806,0.12856173515319824,0.0415189266204834,0.07028663158416748,0.9958807407185395,0.9995691839355929,0.99876609044587,0.9686183145370462,0.9897005261249434,0.9826572754817366,0.10054194927215576,0.04116857051849365,0.0670468807220459,0.9974776111304844,0.9995764218123768,0.9988771254793132,-1.2142019271850586,0.7916663885116577,-0.022221948951482773,0.5540497448979592,0.6605253616898241,
4,client_5,False,flip_global,raw,random,0.8171513676643372,0.21962976455688477,0.03249847888946533,0.2635183334350586,0.9880489059101789,0.9997360144953817,0.982863016322074,0.9472749525669497,0.9919246249916651,0.937240408832438,0.19802331924438477,0.03230583667755127,0.26563286781311035,0.9902683094611129,0.99973913427858,0.9825905076252057,-1.0892952680587769,0.9687875509262085,-0.03913174569606781,0.5553252551020408,0.8111635826886863,
4,client_6,False,flip_global,raw,random,0.873928964138031,0.1575171947479248,0.08838343620300293,0.2025134563446045,0.9938258235737072,0.9980499487807426,0.9898253902503911,0.9617544344374054,0.9782650783473856,0.951232183766797,0.12490081787109375,0.08825385570526123,0.20264184474945068,0.996111325140637,0.9980556542620389,0.9898125840627623,-1.193413496017456,0.8318219184875488,-0.09566555917263031,0.6541772959183674,0.9912724336255583,
4,client_7,False,flip_global,raw,random,0.8182360529899597,0.20515847206115723,0.04411947727203369,0.1422264575958252,0.9895599734371259,0.9995135454827457,0.9949620259288294,0.9506190442459443,0.9890607188882194,0.9653699616194529,0.13762414455413818,0.04398930072784424,0.1378844976425171,0.9952816625501544,0.9995164108208952,0.9952638571843413,-1.1537340879440308,1.133442759513855,-0.008480238728225231,0.5285395408163265,0.8563667108616487,
4,client_8,False,flip_global,raw,random,0.9129406213760376,0.1099632978439331,0.04129743576049805,0.042614102363586426,0.9969838585384585,0.9995737667550477,0.9995461641044265,0.973065939675531,0.9897550476875951,0.9894310069875258,0.06997919082641602,0.04001331329345703,0.04042088985443115,0.9987768514423525,0.9995998538181374,0.9995916630133017,-0.9240749478340149,0.9779286980628967,0.015502311289310455,0.4823022959183674,0.9148642281530359,
4,client_9,False,flip_global,raw,random,0.9814011454582214,0.12134230136871338,0.06375467777252197,0.09192633628845215,0.9963291492649655,0.9989846091930312,0.9978907298940143,0.9703411361174181,0.9842498899829055,0.9774086463100209,0.07017993927001953,0.059992432594299316,0.08623135089874268,0.998769830199657,0.999100833843477,0.9981436271789532,-0.7970007061958313,0.7633935213088989,0.030175121501088142,0.41661352040816324,0.8273782681053563,
4,client_0,True,flip_global,raw,pretrained,0.8642585277557373,0.08165109157562256,0.08805990219116211,0.13445496559143066,0.9983353560166259,0.9980641785623852,0.995495739937353,0.979895608029915,0.9783433429724275,0.9672153765474083,0.021041274070739746,0.08582711219787598,0.12546467781066895,0.9998893253838816,0.9981609671798715,0.9960762389756026,-0.9087945818901062,0.8993673920631409,0.002088437555357814,0.4965720663265306,0.01627381427358521,0.5077412128448486
4,client_1,True,flip_global,raw,pretrained,0.8741497993469238,0.0999598503112793,0.07488131523132324,0.1180887222290039,0.9975066794058571,0.998599669592529,0.9965228580167806,0.9754708542774038,0.9815393203556646,0.9711190638359022,0.031870365142822266,0.07268857955932617,0.10830843448638916,0.9997461183087171,0.9986804000654492,0.9970737588315541,-0.9796590805053711,0.9304357767105103,0.0028770072385668755,0.499202806122449,0.009605405467115807,0.643366277217865
4,client_2,False,flip_global,raw,pretrained,0.7053946256637573,0.13705968856811523,0.05821704864501953,0.0695810317993164,0.995320151365908,0.9991532319586709,0.9987907178970479,0.9665962704012152,0.9856031054050978,0.9828291277138039,0.06258082389831543,0.058304548263549805,0.06917440891265869,0.9990216286216098,0.9991506863015649,0.9988047977516932,-1.2411956787109375,0.7907568216323853,-0.06164677441120148,0.6275510204081632,0.6326635165062507,0.7168775796890259
4,client_3,False,flip_global,raw,pretrained,0.6301583647727966,0.054628968238830566,0.027019023895263672,0.08396458625793457,0.9992543362308883,0.9998175180655282,0.9982398142134825,0.9864814061245577,0.993279313169076,0.9793348350386522,0.05966150760650635,0.027573704719543457,0.08517765998840332,0.9991107196878886,0.9998099497956683,0.9981886560548903,-0.9363898038864136,0.7931190729141235,-0.005726972594857216,0.5259088010204082,0.4642896875515324,0.4328596591949463
4,client_4,False,flip_global,raw,pretrained,0.7343775033950806,0.04030251502990723,0.01835811138153076,0.061772823333740234,0.9995940504592227,0.9999157502605185,0.9990467116924244,0.9900000101555124,0.9954262225820552,0.9847338698143868,0.04680037498474121,0.01877748966217041,0.0619121789932251,0.9994526560183004,0.9999118572977825,0.9990424088153389,-1.2142019271850586,0.7916663885116577,-0.022221948951482773,0.5540497448979592,0.6605253616898241,0.4948192834854126
4,client_5,False,flip_global,raw,pretrained,0.8171513676643372,0.13746583461761475,0.035825490951538086,0.11410653591156006,0.9952924730369892,0.9996792107497408,0.9967528543290805,0.966499788812365,0.9911034384194952,0.9720724760084338,0.055394649505615234,0.036124229431152344,0.10904693603515625,0.9992332993595747,0.9996738398193301,0.9970338067346913,-1.0892952680587769,0.9687875509262085,-0.03913174569606781,0.5553252551020408,0.8111635826886863,0.46952998638153076
4,client_6,False,flip_global,raw,pretrained,0.873928964138031,0.18954181671142578,0.10754168033599854,0.07465958595275879,0.9910786215092235,0.9971149546108986,0.998607941636801,0.9542477523118964,0.9736473000171557,0.9815932265500138,0.04824268817901611,0.10490429401397705,0.07164227962493896,0.9994184145651812,0.997254438993324,0.9987180797678654,-1.193413496017456,0.8318219184875488,-0.09566555917263031,0.6541772959183674,0.9912724336255583,0.6765257716178894
4,client_7,False,flip_global,raw,pretrained,0.8182360529899597,0.13124775886535645,0.04361248016357422,0.08758735656738281,0.9957073766986888,0.99952465742447,0.9980848689937636,0.9679785030197567,0.9891854054560534,0.9784576712020867,0.04753470420837402,0.04223191738128662,0.08657491207122803,0.9994353522083756,0.9995542653542153,0.9981288262745722,-1.1537340879440308,1.133442759513855,-0.008480238728225231,0.5285395408163265,0.8563667108616487,0.49011993408203125
4,client_8,False,flip_global,raw,pretrained,0.9129406213760376,0.08934295177459717,0.042284607887268066,0.0444718599319458,0.9980074419769458,0.9995531527948043,0.9995057467097868,0.9780330216091577,0.9895120829070381,0.9889740707779582,0.09146225452423096,0.04286789894104004,0.04390919208526611,0.997911939772615,0.9995407440584829,0.9995181699036626,-0.9240749478340149,0.9779286980628967,0.015502311289310455,0.4823022959183674,0.9148642281530359,0.4750739336013794
4,client_9,False,flip_global,raw,pretrained,0.9814011454582214,0.046237945556640625,0.08510518074035645,0.05226695537567139,0.9994657272798138,0.9981917331752783,0.9993173910117772,0.9885399758404954,0.9790585411463877,0.9870602277392417,0.05153799057006836,0.08903706073760986,0.052686095237731934,0.9993362894510489,0.9980210425753167,0.999306404859271,-0.7970007061958313,0.7633935213088989,0.030175121501088142,0.41661352040816324,0.8273782681053563,0.4783930778503418
4,client_0,True,flip_global,clip01,random,0.8642585277557373,0.07446777820587158,0.2786046266555786,0.334769070148468,0.9986150776940277,0.9808737346329233,0.9725605260189614,0.9816398618909914,0.9338280083258159,0.9212869430770767,0.08465838432312012,0.2835868000984192,0.35235917568206787,0.9982106444701513,0.9801938540841106,0.9696689016773765,-0.9087945818901062,0.8993673920631409,0.002088437555357814,0.4965720663265306,0.01627381427358521,
4,client_1,True,flip_global,clip01,random,0.8741497993469238,0.1778252124786377,0.1665421724319458,0.37410610914230347,0.9921411788375538,0.9931018240097234,0.9659087032265787,0.9569839212823257,0.9596299961332166,0.9126535736354444,0.2387334108352661,0.17224693298339844,0.3975030779838562,0.9859024426661185,0.9926238105136587,0.9616385552530067,-0.9796590805053711,0.9304357767105103,0.0028770072385668755,0.499202806122449,0.009605405467115807,
4,client_2,False,flip_global,clip01,random,0.7053946256637573,0.2659844160079956,0.0728001594543457,0.12629318237304688,0.9825450020798105,0.9986763497039455,0.9960244019946094,0.9366813197527297,0.9820454599879909,0.9691591791763206,0.15471863746643066,0.07191479206085205,0.12322342395782471,0.9940422911732596,0.9987083183682661,0.9962147773453742,-1.2411956787109375,0.7907568216323853,-0.06164677441120148,0.6275510204081632,0.6326635165062507,
4,client_3,False,flip_global,clip01,random,0.6301583647727966,0.11157882213592529,0.04292035102844238,0.11496531963348389,0.996894792364382,0.9995396198911068,0.9967039147005696,0.97267838878297,0.989355659905919,0.9718667478019949,0.07172882556915283,0.041970252990722656,0.11129331588745117,0.9987149836912268,0.9995597698719538,0.9969106263579848,-0.9363898038864136,0.7931190729141235,-0.005726972594857216,0.5259088010204082,0.4642896875515324,
4,client_4,False,flip_global,clip01,random,0.7343775033950806,0.11167418956756592,0.03132820129394531,0.06500709056854248,0.9968894943933897,0.9997546810962972,0.9989443560777762,0.9726555181707581,0.99221372035902,0.9839442278995647,0.09917616844177246,0.03206765651702881,0.0628206729888916,0.9975455495340111,0.9997429659120256,0.9990141203377558,-1.2142019271850586,0.7916663885116577,-0.022221948951482773,0.5540497448979592,0.6605253616898241,
4,client_5,False,flip_global,clip01,random,0.8171513676643372,0.1320352554321289,0.027432799339294434,0.11391603946685791,0.9956558784980087,0.9998118869242161,0.9967636609365904,0.9677910414487609,0.9931769184109942,0.9721181197491044,0.04785323143005371,0.02702188491821289,0.11063230037689209,0.9994277627707466,0.999817479423039,0.9969471316019793,-1.0892952680587769,0.9687875509262085,-0.03913174569606781,0.5553252551020408,0.8111635826886863,
4,client_6,False,flip_global,clip01,random,0.873928964138031,0.31544554233551025,0.11186432838439941,0.08656620979309082,0.9755802017790507,0.9968789181818134,0.9981292018984378,0.9255729902655754,0.972609922297224,0.9787047971284724,0.06470394134521484,0.11095201969146729,0.08468079566955566,0.998954171037403,0.9969295016862265,0.99820969823656,-1.193413496017456,0.8318219184875488,-0.09566555917263031,0.6541772959183674,0.9912724336255583,
4,client_7,False,flip_global,clip01,random,0.8182360529899597,0.1988537311553955,0.06454694271087646,0.06563162803649902,0.990187121595413,0.9989592361533599,0.9989239914858283,0.9520815229170958,0.9840565143725004,0.9837918574064206,0.10556662082672119,0.06353509426116943,0.06404685974121094,0.9972197331995025,0.9989915862730319,0.9989752881471909,-1.1537340879440308,1.133442759513855,-0.008480238728225231,0.5285395408163265,0.8563667108616487,
4,client_8,False,flip_global,clip01,random,0.9129406213760376,0.10692012310028076,0.04606914520263672,0.05527138710021973,0.9971481363911554,0.9994696195371879,0.9992367056875022,0.9737966020397328,0.9885814537568274,0.9863240666726751,0.08347678184509277,0.04559922218322754,0.054839134216308594,0.9982601802932471,0.999480380326423,0.9992485910700137,-0.9240749478340149,0.9779286980628967,0.015502311289310455,0.4823022959183674,0.9148642281530359,
4,client_9,False,flip_global,clip01,random,0.9814011454582214,0.09164941310882568,0.036266446113586426,0.07054543495178223,0.9979033989191355,0.9996712672929726,0.9987569954148501,0.977475546924865,0.990994676645319,0.9825942539775172,0.08672916889190674,0.036591529846191406,0.07023108005523682,0.9981221617241407,0.9996653490030893,0.9987680383312407,-0.7970007061958313,0.7633935213088989,0.030175121501088142,0.41661352040816324,0.8273782681053563,
4,client_0,True,flip_global,clip01,pretrained,0.8642585277557373,0.09933829307556152,0.07447242736816406,0.13397479057312012,0.9975375331671057,0.9986149049417568,0.9955277465406922,0.9756205763288914,0.9816387314736053,0.9673295724263413,0.0237884521484375,0.07179665565490723,0.12080824375152588,0.9998585423955788,0.9987125545491058,0.9963613027604978,-0.9087945818901062,0.8993673920631409,0.002088437555357814,0.4965720663265306,0.01627381427358521,
4,client_1,True,flip_global,clip01,pretrained,0.8741497993469238,0.08914542198181152,0.07337033748626709,0.10472559928894043,0.9980162298959221,0.9986555555833172,0.9972637654544829,0.9780807870015971,0.9819067530391434,0.974324015706953,0.025268077850341797,0.07013130187988281,0.09240460395812988,0.9998404001670924,0.9987715331477063,0.9978687600722731,-0.9796590805053711,0.9304357767105103,0.0028770072385668755,0.499202806122449,0.009605405467115807,
4,client_2,False,flip_global,clip01,pretrained,0.7053946256637573,0.15598392486572266,0.06215357780456543,0.07963705062866211,0.9939448934047472,0.9990349322780505,0.9984163684772986,0.9621160610949864,0.9846408597497038,0.9803841883190365,0.08086979389190674,0.06216013431549072,0.07835352420806885,0.9983670218341514,0.9990347288069343,0.998466946286394,-1.2411956787109375,0.7907568216323853,-0.06164677441120148,0.6275510204081632,0.6326635165062507,
4,client_3,False,flip_global,clip01,pretrained,0.6301583647727966,0.049866676330566406,0.024886012077331543,0.08517134189605713,0.9993786183863052,0.999845189577772,0.9981889243943667,0.9876489489222087,0.993807409355614,0.9790425180740883,0.05640697479248047,0.025692224502563477,0.08590137958526611,0.9992050375910204,0.9998349978221621,0.9981577875226015,-0.9363898038864136,0.7931190729141235,-0.005726972594857216,0.5259088010204082,0.4642896875515324,
4,client_4,False,flip_global,clip01,pretrained,0.7343775033950806,0.04051673412322998,0.01925957202911377,0.05660521984100342,0.9995897248520236,0.999907273670448,0.9991994432651798,0.9899472589346252,0.9952024396687111,0.9859975082914809,0.049181461334228516,0.019850492477416992,0.05746197700500488,0.9993955701068076,0.9999014967648718,0.9991750410734288,-1.2142019271850586,0.7916663885116577,-0.022221948951482773,0.5540497448979592,0.6605253616898241,
4,client_5,False,flip_global,clip01,pretrained,0.8171513676643372,0.14091086387634277,0.03875994682312012,0.12986040115356445,0.9950544528872014,0.9996245224016749,0.9957973628609942,0.9656819898950508,0.9903799904844639,0.9683088927017118,0.05303335189819336,0.038588523864746094,0.12487554550170898,0.999297236523943,0.9996278353690269,0.9961128940558417,-1.0892952680587769,0.9687875509262085,-0.03913174569606781,0.5553252551020408,0.8111635826886863,
4,client_6,False,flip_global,clip01,pretrained,0.873928964138031,0.3139697313308716,0.14196014404296875,0.09060001373291016,0.9758040071438954,0.9949808040658832,0.9979510634414546,0.9259015642347435,0.9654331127845697,0.9777291289515657,0.06546401977539062,0.1393260955810547,0.08756363391876221,0.9989294758229701,0.995164667017999,0.9980859047732085,-1.193413496017456,0.8318219184875488,-0.09566555917263031,0.6541772959183674,0.9912724336255583,
4,client_7,False,flip_global,clip01,pretrained,0.8182360529899597,0.15568214654922485,0.0418241024017334,0.07847976684570312,0.9939681940668279,0.9995628295060395,0.998462007920935,0.962187260541064,0.9896254123012114,0.9806650958390577,0.04921448230743408,0.04028618335723877,0.07665002346038818,0.9993947585611951,0.9995943792960249,0.9985328099637514,-1.1537340879440308,1.133442759513855,-0.008480238728225231,0.5285395408163265,0.8563667108616487,
4,client_8,False,flip_global,clip01,pretrained,0.9129406213760376,0.09522712230682373,0.04549121856689453,0.04156148433685303,0.9977367977144627,0.9994828379384155,0.9995683005791953,0.9766117533600516,0.9887234826727018,0.9896900507541868,0.1092376708984375,0.046543121337890625,0.0409092903137207,0.9970234444732133,0.9994586543558848,0.9995817387447246,-0.9240749478340149,0.9779286980628967,0.015502311289310455,0.4823022959183674,0.9148642281530359,
4,client_9,False,flip_global,clip01,pretrained,0.9814011454582214,0.04784750938415527,0.08526229858398438,0.042604684829711914,0.9994278995542745,0.9981850594095678,0.9995463646055902,0.9881446021560345,0.9790204906010287,0.9894333241420672,0.05942809581756592,0.08897805213928223,0.043851256370544434,0.9991176596855935,0.9980236608942157,0.9995194401023599,-0.7970007061958313,0.7633935213088989,0.030175121501088142,0.41661352040816324,0.8273782681053563,
5,client_0,True,orig,raw,random,0.742724597454071,0.11931681632995605,0.2163684368133545,0.14998602867126465,0.9964503527485866,0.9883981269326345,0.9943996822739387,0.970825317698782,0.9480270500359587,0.9635326482194038,0.1418657898902893,0.22401976585388184,0.1534264087677002,0.9949874487915553,0.9875708781999046,0.9941409586039787,-1.0600234270095825,1.0261458158493042,0.003966894466429949,0.5002391581632653,0.017220413449875873,
5,client_1,True,orig,raw,random,0.7880819439888,0.11387121677398682,0.25275611877441406,0.23539608716964722,0.9967662010691845,0.9842179170542709,0.9862898002139622,0.972128859920453,0.939686208071328,0.9436516838663855,0.15535414218902588,0.2663991451263428,0.24112039804458618,0.9939934694240935,0.982491244884933,0.9856221865514576,-1.0783438682556152,0.9935106635093689,-0.004901483654975891,0.5049426020408163,0.0024793174339613295,
5,client_2,False,orig,raw,random,0.9537001252174377,0.06959819793701172,0.03240060806274414,0.03843998908996582,0.9987901216879962,0.9997376018003474,0.9996306941317197,0.9828249462828014,0.9919487973205257,0.9904588329723754,0.05590975284576416,0.03130149841308594,0.03840184211730957,0.999218982677164,0.9997550990409383,0.999631426547013,-0.8871415257453918,1.3269191980361938,0.08302460610866547,0.3479751275510204,0.6531883980320963,
5,client_3,False,orig,raw,random,0.9511483311653137,0.07303047180175781,0.04407799243927002,0.03543388843536377,0.998667969774123,0.9995144595303185,0.999686183767637,0.9819894284684034,0.9890709204301178,0.9912000423593945,0.0601118803024292,0.04316902160644531,0.034960389137268066,0.9990972521432158,0.999534271634573,0.9996945128077217,-1.0992499589920044,1.0240914821624756,0.03421953693032265,0.395328443877551,0.45648069662910495,
5,client_4,False,orig,raw,random,0.9171801209449768,0.03156387805938721,0.03383612632751465,0.04799222946166992,0.9997509769196165,0.9997138405690467,0.9994244350548993,0.9921554906217069,0.9915943387705142,0.9881090647054167,0.020063400268554688,0.03285694122314453,0.04740631580352783,0.9998993725874685,0.9997301599760404,0.9994383969661975,-0.8538056015968323,0.8883055448532104,0.031149961054325104,0.31863839285714285,0.6439303510261891,
5,client_5,False,orig,raw,random,0.9519919157028198,0.03832864761352539,0.04884195327758789,0.03966033458709717,0.9996328298348374,0.9994038825512503,0.9996068804108595,0.9904862714270557,0.9879004452774445,0.9901581716742567,0.01544177532196045,0.04755902290344238,0.03890395164489746,0.9999403905588249,0.9994347745593906,0.9996217279881809,-0.6625414490699768,0.9817472100257874,0.04978442192077637,0.43550701530612246,0.8383626996755884,
5,client_6,False,orig,raw,random,0.944543182849884,0.1013643741607666,0.039815306663513184,0.039548635482788086,0.9974362561963224,0.9996038031072081,0.9996090910030906,0.9751326565503069,0.990120000397013,0.990185685725748,0.06634998321533203,0.038730621337890625,0.0381312370300293,0.9989003277341955,0.9996250901941026,0.999636601265024,-0.7614884376525879,0.8196686506271362,0.01796906255185604,0.4534438775510204,0.9954956332007944,
5,client_7,False,orig,raw,random,0.9416595697402954,0.018144726753234863,0.02835237979888916,0.031039714813232422,0.9999176973034161,0.9997990659259504,0.9997591775315218,0.9954792052550929,0.9929494115387862,0.992285005014518,0.006137967109680176,0.027243375778198242,0.029300928115844727,0.9999905814064731,0.9998144754376193,0.9997853984495173,-0.6743174195289612,0.984085202217102,0.05681600421667099,0.3447863520408163,0.8652927891396239,
5,client_8,False,orig,raw,random,0.9703207612037659,0.0342559814453125,0.02143263816833496,0.05622565746307373,0.9997066964700096,0.999885170395624,0.9992101370855957,0.9914907039534835,0.9946632974775584,0.9860904189233108,0.027763724327087402,0.021272659301757812,0.05438029766082764,0.9998073217510841,0.9998868780898997,0.9992611055360143,-0.6594518423080444,1.0492737293243408,0.05511254817247391,0.3093112244897959,0.9068571261564683,
5,client_9,False,orig,raw,random,0.946104109287262,0.07452738285064697,0.025017261505126953,0.11543965339660645,0.9986128621075205,0.999843552515983,0.9966767280229196,0.9816253695084476,0.9937749021457578,0.9717531455474613,0.08231067657470703,0.025283098220825195,0.11886632442474365,0.9983083873658289,0.9998402103882134,0.9964770354687262,-0.8020902276039124,1.039029836654663,0.022215504199266434,0.4454719387755102,0.8381449406851887,
5,client_0,True,orig,raw,pretrained,0.742724597454071,0.10635733604431152,0.1845325231552124,0.15918505191802979,0.9971780162307864,0.9915409893974652,0.9936950041837815,0.9739318167429716,0.955416128322168,0.96136129671616,0.03997492790222168,0.17818689346313477,0.154077410697937,0.9996006209528798,0.9921093676752943,0.9940913532998219,-1.0600234270095825,1.0261458158493042,0.003966894466429949,0.5002391581632653,0.017220413449875873,0.5017731189727783
5,client_1,True,orig,raw,pretrained,0.7880819439888,0.062287092208862305,0.1638944149017334,0.16377723217010498,0.9990307846469679,0.9933183288020351,0.9933278321753616,0.9846082481967164,0.9602525348498914,0.9602801007811304,0.03143572807312012,0.1570972204208374,0.16151964664459229,0.9997529945184558,0.9938585513949665,0.9935096188944288,-1.0783438682556152,0.9935106635093689,-0.004901483654975891,0.5049426020408163,0.0024793174339613295,0.6659395694732666
5,client_2,False,orig,raw,pretrained,0.9537001252174377,0.03631579875946045,0.06238353252410889,0.0812610387802124,0.9996703722036686,0.9990277832040833,0.9983512026366499,0.9909825049090315,0.9845846931814883,0.9799902012530912,0.04574775695800781,0.06375706195831299,0.08339989185333252,0.999476990927844,0.9989845333058476,0.9982633797193987,-0.8871415257453918,1.3269191980361938,0.08302460610866547,0.3479751275510204,0.6531883980320963,0.40507376194000244
5,client_3,False,orig,raw,pretrained,0.9511483311653137,0.06556308269500732,0.02477860450744629,0.057401418685913086,0.9989262360584665,0.9998465228583806,0.9991767779077645,0.9838085789123188,0.993834012718869,0.9858026545785128,0.07010626792907715,0.024805426597595215,0.0579676628112793,0.9987724092065602,0.9998461904481664,0.9991604665044536,-1.0992499589920044,1.0240914821624756,0.03421953693032265,0.395328443877551,0.45648069662910495,0.33597874641418457
5,client_4,False,orig,raw,pretrained,0.9171801209449768,0.027984142303466797,0.024039030075073242,0.038295745849609375,0.999804250687981,0.9998555469101931,0.9996334597574665,0.9930405051756672,0.9940172240444456,0.9904943797968617,0.03431963920593262,0.024210453033447266,0.03938186168670654,0.9997056056084006,0.9998534795941432,0.9996123799663881,-0.8538056015968323,0.8883055448532104,0.031149961054325104,0.31863839285714285,0.6439303510261891,0.5135008096694946
5,client_5,False,orig,raw,pretrained,0.9519919157028198,0.021426796913146973,0.05475354194641113,0.07179629802703857,0.999885232973071,0.9992509335029134,0.998712567362531,0.9946647461176159,0.9864508929327591,0.9822897403781377,0.02088630199432373,0.05433070659637451,0.0726613998413086,0.9998909495170778,0.9992624518174433,0.9986813857547043,-0.6625414490699768,0.9817472100257874,0.04978442192077637,0.43550701530612246,0.8383626996755884,0.3884657621383667
5,client_6,False,orig,raw,pretrained,0.944543182849884,0.08624958992004395,0.06258797645568848,0.12822329998016357,0.998142842897553,0.9990214051307835,0.9959023332265442,0.9787814407738002,0.984534761675149,0.9686989749263595,0.09190797805786133,0.06258797645568848,0.13056707382202148,0.9978915709445992,0.9990214051307835,0.9957516449464612,-0.7614884376525879,0.8196686506271362,0.01796906255185604,0.4534438775510204,0.9954956332007944,0.6625885963439941
5,client_7,False,orig,raw,pretrained,0.9416595697402954,0.029087185859680176,0.07244622707366943,0.09321784973144531,0.9997885174543331,0.9986891761681942,0.997831142553804,0.9927676745866043,0.9821315757505489,0.9770967262004202,0.04071938991546631,0.07461035251617432,0.09600198268890381,0.9995856116545871,0.998609775072208,0.9976998804652575,-0.6743174195289612,0.984085202217102,0.05681600421667099,0.3447863520408163,0.8652927891396239,0.5452885627746582
5,client_8,False,orig,raw,pretrained,0.9703207612037659,0.03192305564880371,0.04624307155609131,0.07424604892730713,0.999745278302338,0.9994656088603804,0.9986233041777728,0.9920667568315633,0.9885387163118577,0.9816937763735378,0.02944660186767578,0.045633554458618164,0.07459545135498047,0.9997832596483462,0.9994795978799431,0.9986103297486455,-0.6594518423080444,1.0492737293243408,0.05511254817247391,0.3093112244897959,0.9068571261564683,0.34833645820617676
5,client_9,False,orig,raw,pretrained,0.946104109287262,0.01833808422088623,0.06155812740325928,0.06205260753631592,0.9999159339674766,0.9990533219249689,0.9990380630307538,0.9954311950776169,0.984786321190628,0.9846655233131802,0.018828868865966797,0.06187152862548828,0.063057541847229,0.9999113743156318,0.9990436649733141,0.9990066772429056,-0.8020902276039124,1.039029836654663,0.022215504199266434,0.4454719387755102,0.8381449406851887,0.5054444074630737
5,client_0,True,orig,clip01,random,0.742724597454071,0.10520875453948975,0.3243441581726074,0.2088032364845276,0.9972385122233467,0.9742101742734082,0.9891887722405184,0.9742078613679372,0.9235955182843332,0.9497751261283498,0.1316656470298767,0.3415752649307251,0.2146005630493164,0.995680086841201,0.9714576957443528,0.9885853224203618,-1.0600234270095825,1.0261458158493042,0.003966894466429949,0.5002391581632653,0.017220413449875873,
5,client_1,True,orig,clip01,random,0.7880819439888,0.0561143159866333,0.24681508541107178,0.1708555817604065,0.9992132604133466,0.9849428093036086,0.9927418468871521,0.9861176759791574,0.9410404680413649,0.9586171282035731,0.08792233467102051,0.2550521492958069,0.17311131954193115,0.9980702133832406,0.9839333678907738,0.9925500081856953,-1.0783438682556152,0.9935106635093689,-0.004901483654975891,0.5049426020408163,0.0024793174339613295,
5,client_2,False,orig,clip01,random,0.9537001252174377,0.07182550430297852,0.039412498474121094,0.053533196449279785,0.9987115207233752,0.9996117768160078,0.9992839340150379,0.982282632013068,0.9902192209447984,0.9867498664516379,0.08254337310791016,0.039324045181274414,0.055283188819885254,0.9982988215179702,0.9996135169310914,0.9992363798774482,-0.8871415257453918,1.3269191980361938,0.08302460610866547,0.3479751275510204,0.6531883980320963,
5,client_3,False,orig,clip01,random,0.9511483311653137,0.07538247108459473,0.031038999557495117,0.04469645023345947,0.9985808829954415,0.9997591886280512,0.9995007438555046,0.9814174971336738,0.9922851817628824,0.9889188517416343,0.05767512321472168,0.0296630859375,0.04372072219848633,0.9991689134330302,0.999780061619574,0.9995222958326353,-1.0992499589920044,1.0240914821624756,0.03421953693032265,0.395328443877551,0.45648069662910495,
5,client_4,False,orig,clip01,random,0.9171801209449768,0.03724241256713867,0.058930158615112305,0.07328081130981445,0.9996533408323709,0.9991323740964,0.998658831253346,0.9907540177868213,0.9854286880788592,0.9819285300849794,0.023013830184936523,0.05761432647705078,0.07156014442443848,0.9998676040530399,0.9991706635568838,0.998721014611768,-0.8538056015968323,0.8883055448532104,0.031149961054325104,0.31863839285714285,0.6439303510261891,
5,client_5,False,orig,clip01,random,0.9519919157028198,0.021390914916992188,0.04997074604034424,0.05263185501098633,0.9998856170033039,0.9993760232991855,0.9993078314926116,0.9946736449759837,0.9876234126123189,0.9869707742014537,0.01243889331817627,0.048761963844299316,0.051543593406677246,0.9999613196054211,0.9994058326295798,0.9993361452074712,-0.6625414490699768,0.9817472100257874,0.04978442192077637,0.43550701530612246,0.8383626996755884,
5,client_6,False,orig,clip01,random,0.944543182849884,0.11166107654571533,0.061151862144470215,0.08186864852905273,0.9968902231302905,0.999065767548617,0.9983264845603081,0.9726586628320602,0.9848855854637135,0.9798428533994006,0.0961606502532959,0.05970275402069092,0.08092498779296875,0.9976922842992557,0.9991094904935771,0.9983647947829879,-0.7614884376525879,0.8196686506271362,0.01796906255185604,0.4534438775510204,0.9954956332007944,
5,client_7,False,orig,clip01,random,0.9416595697402954,0.010474920272827148,0.026700258255004883,0.030956506729125977,0.9999725695756536,0.9998217978728623,0.999760466713635,0.9973864044267322,0.9933582071692546,0.9923055670578158,0.007464408874511719,0.026274919509887695,0.029619574546813965,0.9999860707955572,0.9998274294898783,0.9997807062749002,-0.6743174195289612,0.984085202217102,0.05681600421667099,0.3447863520408163,0.8652927891396239,
5,client_8,False,orig,clip01,random,0.9703207612037659,0.026610136032104492,0.03722524642944336,0.053974032402038574,0.999822998665705,0.9996536602468047,0.9992720985813406,0.9933805139840366,0.9907582499442178,0.9866418499764387,0.02139592170715332,0.03682136535644531,0.05338168144226074,0.9998855634563164,0.9996611329111518,0.9992879794802785,-0.6594518423080444,1.0492737293243408,0.05511254817247391,0.3093112244897959,0.9068571261564683,
5,client_9,False,orig,clip01,random,0.946104109287262,0.012384295463562012,0.03356313705444336,0.04037749767303467,0.9999616584090616,0.999718438429595,0.9995925389816369,0.9969111008252245,0.9916617307187914,0.9899815452806551,0.00538790225982666,0.03275775909423828,0.039397239685058594,0.9999927426668116,0.9997317862709574,0.9996120772763135,-0.8020902276039124,1.039029836654663,0.022215504199266434,0.4454719387755102,0.8381449406851887,
5,client_0,True,orig,clip01,pretrained,0.742724597454071,0.08542227745056152,0.13403236865997314,0.10583865642547607,0.9981782515397541,0.9955239145696821,0.9972054158341594,0.9789817494585438,0.9673158780587048,0.9740564591962064,0.028259634971618652,0.12661981582641602,0.10057926177978516,0.999800378149519,0.9960038728950125,0.997475742143072,-1.0600234270095825,1.0261458158493042,0.003966894466429949,0.5002391581632653,0.017220413449875873,
5,client_1,True,orig,clip01,pretrained,0.7880819439888,0.05506265163421631,0.11886930465698242,0.11049878597259521,0.99924245677807,0.9964768592771507,0.9969544789129545,0.9863751854555063,0.9709323419474942,0.9729374548265333,0.02478623390197754,0.11133885383605957,0.10693717002868652,0.9998464283427237,0.9969081035464993,0.9971472288854815,-1.0783438682556152,0.9935106635093689,-0.004901483654975891,0.5049426020408163,0.0024793174339613295,
5,client_2,False,orig,clip01,pretrained,0.9537001252174377,0.033951401710510254,0.06713330745697021,0.08926737308502197,0.9997118878520808,0.9988742311785728,0.9980108066870415,0.9915658831859979,0.9834256325725661,0.9780512971513928,0.04390156269073486,0.06894588470458984,0.09169387817382812,0.9995183372683707,0.9988126746129737,0.9979013672358616,-0.8871415257453918,1.3269191980361938,0.08302460610866547,0.3479751275510204,0.6531883980320963,
5,client_3,False,orig,clip01,pretrained,0.9511483311653137,0.08667206764221191,0.0277402400970459,0.07519519329071045,0.9981246301161217,0.9998076475239541,0.9985879179936985,0.9786791743047853,0.9931008479740542,0.9814630188073785,0.0939786434173584,0.02763211727142334,0.07628822326660156,0.9977956547959033,0.9998091438477315,0.9985466129450509,-1.0992499589920044,1.0240914821624756,0.03421953693032265,0.395328443877551,0.45648069662910495,
5,client_4,False,orig,clip01,pretrained,0.9171801209449768,0.030658245086669922,0.022000789642333984,0.04059457778930664,0.9997650594080776,0.999879002295234,0.9995881473247572,0.9923792775148392,0.9945224101841159,0.9899280910605082,0.0425114631652832,0.022352218627929688,0.04234635829925537,0.9995483469261355,0.9998751062806672,0.9995518471724429,-0.8538056015968323,0.8883055448532104,0.031149961054325104,0.31863839285714285,0.6439303510261891,
5,client_5,False,orig,clip01,pretrained,0.9519919157028198,0.0218888521194458,0.0539090633392334,0.07411134243011475,0.9998802302978977,0.9992738489366557,0.9986282900585668,0.9945501655095623,0.9866577680013524,0.9817265330413179,0.02553081512451172,0.05402040481567383,0.07544589042663574,0.9998370642835452,0.9992708479585928,0.9985784967295974,-0.6625414490699768,0.9817472100257874,0.04978442192077637,0.43550701530612246,0.8383626996755884,
5,client_6,False,orig,clip01,pretrained,0.944543182849884,0.08440744876861572,0.0705726146697998,0.13644367456436157,0.9982212222559768,0.9987560383156722,0.9953619778066889,0.979227543568612,0.9825876357652803,0.9667426345552552,0.09179449081420898,0.07143199443817139,0.13921409845352173,0.9978967664611025,0.9987255869514902,0.995172409486857,-0.7614884376525879,0.8196686506271362,0.01796906255185604,0.4534438775510204,0.9954956332007944,
5,client_7,False,orig,clip01,pretrained,0.9416595697402954,0.03535950183868408,0.07685518264770508,0.10279273986816406,0.9996874996691059,0.998524954080674,0.9973636375952228,0.9912183942935966,0.981059635080513,0.9747888984099737,0.054683685302734375,0.0789942741394043,0.10654783248901367,0.9992528425879148,0.9984417995542083,0.9971679197796905,-0.6743174195289612,0.984085202217102,0.05681600421667099,0.3447863520408163,0.8652927891396239,
5,client_8,False,orig,clip01,pretrained,0.9703207612037659,0.025723695755004883,0.046446800231933594,0.07847297191619873,0.999834593391552,0.9994608917646028,0.998462273926817,0.9935999633987769,0.9884886593211011,0.980666745529196,0.027867436408996582,0.04649782180786133,0.08014154434204102,0.9998058797636309,0.9994597071789684,0.9983962648086482,-0.6594518423080444,1.0492737293243408,0.05511254817247391,0.3093112244897959,0.9068571261564683,
5,client_9,False,orig,clip01,pretrained,0.946104109287262,0.01607227325439453,0.07067084312438965,0.06361126899719238,0.9999354236358597,0.9987525762632299,0.9989891686039554,0.9959940085247663,0.9825637178718596,0.9842848992174,0.021622538566589355,0.07172155380249023,0.0650707483291626,0.9998831267020212,0.9987152439731817,0.9989422892421513,-0.8020902276039124,1.039029836654663,0.022215504199266434,0.4454719387755102,0.8381449406851887,
5,client_0,True,flip,raw,random,,0.0,0.36096441745758057,0.36096441745758057,1.0,0.9682053037763698,0.9682053037763698,1.0,0.915524211404968,0.915524211404968,0.0,0.36697661876678467,0.36697661876678467,1.0,0.9671638061200198,0.9671638061200198,,,,0.0,0.017220413449875873,
5,client_1,True,flip,raw,random,,0.0,0.36096441745758057,0.36096441745758057,1.0,0.9682053037763698,0.9682053037763698,1.0,0.915524211404968,0.915524211404968,0.0,0.36697661876678467,0.36697661876678467,1.0,0.9671638061200198,0.9671638061200198,,,,0.0,0.0024793174339613295,
5,client_2,False,flip,raw,random,0.7678287625312805,0.283663272857666,0.1625460386276245,0.08080565929412842,0.980183330071261,0.9934272777392459,0.9983696077395097,0.9326879640591124,0.9605697972041471,0.9801006544499089,0.08940362930297852,0.1586911678314209,0.07731413841247559,0.99800473860764,0.9937338831806217,0.998507304215164,-0.6825085878372192,0.8375912308692932,-0.07011746615171432,0.6240433673469388,0.6531883980320963,
5,client_3,False,flip,raw,random,0.8176776170730591,0.20331549644470215,0.05322670936584473,0.0997995138168335,0.9897452612953175,0.9992921054133894,0.9975146567034845,0.9510462005645743,0.9868249743565463,0.9755094731774296,0.13156795501708984,0.05210578441619873,0.09462451934814453,0.9956864742102682,0.9993215921833325,0.9977653025710482,-0.6352931261062622,0.6331695914268494,-0.04649040475487709,0.5489477040816326,0.45648069662910495,
5,client_4,False,flip,raw,random,0.8031918406486511,0.30751657485961914,0.18418800830841064,0.18831074237823486,0.9767711797087109,0.9915723454074743,0.9911933696501882,0.927340355379213,0.9554965625231475,0.9545346911091792,0.22977328300476074,0.1853090524673462,0.18192267417907715,0.9869305971871318,0.9914701042056366,0.9917771019446253,-0.865653932094574,0.7200799584388733,-0.043305713683366776,0.5980548469387755,0.6439303510261891,
5,client_5,False,flip,raw,random,0.8096564412117004,0.22481000423431396,0.10832643508911133,0.09297215938568115,0.9874838616691781,0.997072788218927,0.9978425417367767,0.946082175320176,0.9734588459905809,0.9771560526392329,0.17828714847564697,0.10164892673492432,0.09108078479766846,0.9921005387111201,0.9974218698677266,0.9979292941608808,-0.8577714562416077,0.9936989545822144,-0.05711890757083893,0.6713169642857143,0.8383626996755884,
5,client_6,False,flip,raw,random,0.9041704535484314,0.1446845531463623,0.23132967948913574,0.133614182472229,0.9947870661689642,0.9867547124709066,0.9955517089992991,0.9647873640650382,0.9445841916228399,0.9674153460506951,0.1565876007080078,0.23499798774719238,0.13361597061157227,0.9938981499342412,0.9863356580194915,0.9955515903343914,-0.9722636342048645,0.5674468874931335,-0.08231636136770248,0.6344866071428571,0.9954956332007944,
5,client_7,False,flip,raw,random,0.7272636890411377,0.2212620973587036,0.1379009485244751,0.12213444709777832,0.9878722254173575,0.9952627310057329,0.9962811989994671,0.9468988556439906,0.9663964418412136,0.9701518764608654,0.19784152507781982,0.1355912685394287,0.12043905258178711,0.9902860391450936,0.9954195484906494,0.9963834482937359,-0.8284895420074463,0.9665963053703308,-0.028519047424197197,0.5316485969387755,0.8652927891396239,
5,client_8,False,flip,raw,random,0.8965150117874146,0.41512513160705566,0.12587344646453857,0.15154969692230225,0.958271539772287,0.9960507057128443,0.9942828060344797,0.9037801044682361,0.9692593016413045,0.9631630382623177,0.4071537256240845,0.12377011775970459,0.14923512935638428,0.9598105090609663,0.9961812122339575,0.994455384607013,-0.6590222716331482,0.7765092849731445,-0.057801082730293274,0.6855070153061225,0.9068571261564683,
5,client_9,False,flip,raw,random,0.9277172684669495,0.4256690740585327,0.14003753662109375,0.21780097484588623,0.9561959674717642,0.9951153411416387,0.9882453522466792,0.9015201635080121,0.9658892064911369,0.9476965807821078,0.3930661678314209,0.14033186435699463,0.2147291898727417,0.9624660051395033,0.9950948623192846,0.9885717524825184,-0.7964382171630859,0.871461808681488,-0.03427397832274437,0.5826690051020408,0.8381449406851887,
5,client_0,True,flip,raw,pretrained,,0.0,0.28326237201690674,0.28326237201690674,1.0,0.980238471492415,0.980238471492415,1.0,0.9327782368898228,0.9327782368898228,0.0,0.28249120712280273,0.28249120712280273,1.0,0.9803443341959912,0.9803443341959912,,,,0.0,0.017220413449875873,0.60381019115448
5,client_1,True,flip,raw,pretrained,,0.0,0.28398680686950684,0.28398680686950684,1.0,0.9801387765145368,0.9801387765145368,1.0,0.9326151218802343,0.9326151218802343,0.0,0.28249120712280273,0.28249120712280273,1.0,0.9803443341959912,0.9803443341959912,,,,0.0,0.0024793174339613295,0.7527762651443481
5,client_2,False,flip,raw,pretrained,0.7678287625312805,0.29217231273651123,0.1170419454574585,0.12775707244873047,0.9789957019931088,0.9965840724930299,0.9959319869499088,0.9307750359463489,0.9713695462980008,0.9688101090163501,0.10803556442260742,0.10859513282775879,0.12775707244873047,0.9970884527082449,0.9970582807310151,0.9959319869499088,-0.6825085878372192,0.8375912308692932,-0.07011746615171432,0.6240433673469388,0.6531883980320963,0.7674950361251831
5,client_3,False,flip,raw,pretrained,0.8176776170730591,0.2260119915008545,0.1033773422241211,0.32299596071243286,0.9873509404317431,0.997333625478201,0.9744200043085058,0.9458057341286212,0.9746482573434094,0.9238947092400647,0.21995532512664795,0.10266971588134766,0.34238696098327637,0.9880137685403745,0.9973699318534452,0.9713248194652804,-0.6352931261062622,0.6331695914268494,-0.04649040475487709,0.5489477040816326,0.45648069662910495,0.6077802181243896
5,client_4,False,flip,raw,pretrained,0.8031918406486511,0.30148446559906006,0.16531503200531006,0.3838447332382202,0.9776583486483288,0.9932025887810989,0.9641593473488383,0.9286883133397816,0.9599184450459022,0.9105350238018535,0.4091945290565491,0.17765355110168457,0.3992706537246704,0.9594189990431363,0.9921562549977916,0.9613066294232697,-0.865653932094574,0.7200799584388733,-0.043305713683366776,0.5980548469387755,0.6439303510261891,0.667595624923706
5,client_5,False,flip,raw,pretrained,0.8096564412117004,0.29571211338043213,0.05505204200744629,0.1547476053237915,0.9784919587923682,0.9992427485152606,0.9940400700337415,0.9299809863180939,0.9863777838322003,0.962407799811577,0.2336806058883667,0.04591727256774902,0.1614013910293579,0.9864868789074106,0.9994731093230067,0.9935190729656864,-0.8577714562416077,0.9936989545822144,-0.05711890757083893,0.6713169642857143,0.8383626996755884,0.6649576425552368
5,client_6,False,flip,raw,pretrained,0.9041704535484314,0.33049464225769043,0.1557629108428955,0.1347562074661255,0.9732427182973558,0.9939619625016696,0.9954756026611207,0.9222324550935568,0.9621682048080606,0.967143745127389,0.16532206535339355,0.1557629108428955,0.12794256210327148,0.9932020133282202,0.9939619625016696,0.995920201930717,-0.9722636342048645,0.5674468874931335,-0.08231636136770248,0.6344866071428571,0.9954956332007944,0.7500640153884888
5,client_7,False,flip,raw,pretrained,0.7272636890411377,0.23874741792678833,0.23409277200698853,0.16326522827148438,0.9859008058794823,0.9864396544329099,0.993369276916148,0.9428841971569144,0.9439504090926487,0.9604005579347361,0.3221193552017212,0.2521005868911743,0.17199981212615967,0.9745560043006329,0.9842987080240837,0.9926448435799424,-0.8284895420074463,0.9665963053703308,-0.028519047424197197,0.5316485969387755,0.8652927891396239,0.7205554842948914
5,client_8,False,flip,raw,pretrained,0.8965150117874146,0.26003289222717285,0.06134450435638428,0.5079521536827087,0.9833076891239958,0.9990598763473673,0.9384897992620131,0.9380314542537194,0.9848385146172205,0.884172727471707,0.5222569704055786,0.056069016456604004,0.5160558223724365,0.9351495273826671,0.9992145293786043,0.936606725245412,-0.6590222716331482,0.7765092849731445,-0.057801082730293274,0.6855070153061225,0.9068571261564683,0.5587430000305176
5,client_9,False,flip,raw,pretrained,0.9277172684669495,0.25575554370880127,0.24767518043518066,0.39702361822128296,0.9838457055709544,0.9848388834044375,0.9617283667077847,0.9390036011887402,0.9408442276048914,0.9076798434393056,0.4628608524799347,0.2737763524055481,0.4066033959388733,0.9485183356852642,0.9815217741125724,0.9599157907477756,-0.7964382171630859,0.871461808681488,-0.03427397832274437,0.5826690051020408,0.8381449406851887,0.6764068603515625
5,client_0,True,flip,clip01,random,,0.0,0.2410334348678589,0.2410334348678589,1.0,0.9856324437277384,0.9856324437277384,1.0,0.9423612156508536,0.9423612156508536,0.0,0.22933125495910645,0.22933125495910645,1.0,0.9869803417779204,0.9869803417779204,,,,0.0,0.017220413449875873,
5,client_1,True,flip,clip01,random,,0.0,0.2410334348678589,0.2410334348678589,1.0,0.9856324437277384,0.9856324437277384,1.0,0.9423612156508536,0.9423612156508536,0.0,0.22933125495910645,0.22933125495910645,1.0,0.9869803417779204,0.9869803417779204,,,,0.0,0.0024793174339613295,
5,client_2,False,flip,clip01,random,0.7678287625312805,0.4705008268356323,0.12051916122436523,0.24700027704238892,0.9468737655033683,0.9963786487587563,0.9849204616178389,0.8920055232309869,0.9705378597094503,0.9409982092721476,0.5336167216300964,0.10911130905151367,0.2539863586425781,0.9324440453464571,0.9970303114779016,0.9840657569342459,-0.6825085878372192,0.8375912308692932,-0.07011746615171432,0.6240433673469388,0.6531883980320963,
5,client_3,False,flip,clip01,random,0.8176776170730591,0.2774618864059448,0.19442707300186157,0.4508301019668579,0.9810280755571341,0.9906160992972317,0.9510619008658068,0.9340858326856425,0.9531103734207171,0.8961615254830573,0.3498886823654175,0.19484978914260864,0.478420615196228,0.9700831664528957,0.9905755399282872,0.9451451766500971,-0.6352931261062622,0.6331695914268494,-0.04649040475487709,0.5489477040816326,0.45648069662910495,
5,client_4,False,flip,clip01,random,0.8031918406486511,0.4025067090988159,0.08695852756500244,0.6402424573898315,0.9606955780178088,0.9981122306436978,0.9049009597218665,0.9064959112275248,0.9786098419155533,0.8573190452677353,0.6327433586120605,0.08695852756500244,0.6349605321884155,0.9069582630659268,0.9981122306436978,0.9063517964299288,-0.865653932094574,0.7200799584388733,-0.043305713683366776,0.5980548469387755,0.6439303510261891,
5,client_5,False,flip,clip01,random,0.8096564412117004,0.3830699920654297,0.12108230590820312,0.26896822452545166,0.9642999843427968,0.9963448200843763,0.9821564737879138,0.9107032905951535,0.9704032663825666,0.9360055264530778,0.5427438020706177,0.11529529094696045,0.2773125171661377,0.9302368871322912,0.9966850139610903,0.9810482054927276,-0.8577714562416077,0.9936989545822144,-0.05711890757083893,0.6713169642857143,0.8383626996755884,
5,client_6,False,flip,clip01,random,0.9041704535484314,0.34279704093933105,0.2241848111152649,0.13599789142608643,0.9712575790337872,0.9875527287251162,0.9953921299519743,0.9195150774678802,0.9462260094896842,0.9668485728281526,0.1800020933151245,0.2241848111152649,0.128196120262146,0.9919487613753291,0.9875527287251162,0.9959040648815665,-0.9722636342048645,0.5674468874931335,-0.08231636136770248,0.6344866071428571,0.9954956332007944,
5,client_7,False,flip,clip01,random,0.7272636890411377,0.2027890682220459,0.15919095277786255,0.39504551887512207,0.9897978894753838,0.9936945389462895,0.9620978867691075,0.9511682666104009,0.9613599062278946,0.9081075344999148,0.3182394504547119,0.159190833568573,0.4034323990345001,0.9751538473928472,0.993694548345194,0.9605199843880456,-0.8284895420074463,0.9665963053703308,-0.028519047424197197,0.5316485969387755,0.8652927891396239,
5,client_8,False,flip,clip01,random,0.8965150117874146,0.2599269151687622,0.13061994314193726,0.522552490234375,0.9833211216325433,0.995748214737739,0.9350797348184932,0.938055522216183,0.9681279920361929,0.8811471843489411,0.5769191980361938,0.12948089838027954,0.5212491750717163,0.9217144141861477,0.9958218135391173,0.9353872990842567,-0.6590222716331482,0.7765092849731445,-0.057801082730293274,0.6855070153061225,0.9068571261564683,
5,client_9,False,flip,clip01,random,0.9277172684669495,0.3294931650161743,0.3163398504257202,0.4623006582260132,0.9734013878939243,0.9754441077872282,0.9486380301877868,0.9224541949652505,0.9253739672128629,0.8937345065478017,0.6399986743927002,0.3393228054046631,0.4771418869495392,0.9049681091932402,0.971824917864859,0.9454259046617222,-0.7964382171630859,0.871461808681488,-0.03427397832274437,0.5826690051020408,0.8381449406851887,
5,client_0,True,flip,clip01,pretrained,,0.0,0.21373867988586426,0.21373867988586426,1.0,0.9886760472088885,0.9886760472088885,1.0,0.9486341541930758,0.9486341541930758,0.0,0.2078838348388672,0.2078838348388672,1.0,0.9892830054151538,0.9892830054151538,,,,0.0,0.017220413449875873,
5,client_1,True,flip,clip01,pretrained,,0.0,0.2161397933959961,0.2161397933959961,1.0,0.9884224208456913,0.9884224208456913,1.0,0.9480798113423821,0.9480798113423821,0.0,0.2078838348388672,0.2078838348388672,1.0,0.9892830054151538,0.9892830054151538,,,,0.0,0.0024793174339613295,
5,client_2,False,flip,clip01,pretrained,0.7678287625312805,0.3094237446784973,0.11183571815490723,0.1060647964477539,0.9764872826455142,0.996880510725872,0.9971934861640812,0.9269147842685144,0.9726167829132017,0.9740021131734757,0.08948755264282227,0.10470855236053467,0.10484647750854492,0.9980009965597494,0.997264654346316,0.9972574582864977,-0.6825085878372192,0.8375912308692932,-0.07011746615171432,0.6240433673469388,0.6531883980320963,
5,client_3,False,flip,clip01,pretrained,0.8176776170730591,0.23552095890045166,0.10552465915679932,0.3158220052719116,0.9862754006775101,0.9972219384097245,0.9755229558969505,0.9436230702089174,0.9741319266424235,0.9254892027865413,0.21670186519622803,0.10059165954589844,0.34110182523727417,0.988362654933941,0.9974751209853416,0.9715350657215227,-0.6352931261062622,0.6331695914268494,-0.04649040475487709,0.5489477040816326,0.45648069662910495,
5,client_4,False,flip,clip01,pretrained,0.8031918406486511,0.3440663814544678,0.18774020671844482,0.3956764340400696,0.971048980783255,0.9912463022977835,0.9619802055957378,0.919235388909099,0.9546677155201064,0.907971089408649,0.5100053548812866,0.191259503364563,0.41585075855255127,0.9380149738001069,0.9909173006079837,0.958130153872647,-0.865653932094574,0.7200799584388733,-0.043305713683366776,0.5980548469387755,0.6439303510261891,
5,client_5,False,flip,clip01,pretrained,0.8096564412117004,0.4183756113052368,0.05801272392272949,0.12104249000549316,0.9576365165346437,0.9991591615994666,0.9963472169902599,0.9030825026009051,0.9856530890858728,0.9704127815860928,0.2069258689880371,0.04945945739746094,0.1195523738861084,0.9893807630511975,0.999388720909822,0.9964363608718085,-0.8577714562416077,0.9936989545822144,-0.05711890757083893,0.6713169642857143,0.8383626996755884,
5,client_6,False,flip,clip01,pretrained,0.9041704535484314,0.5123782753944397,0.16124272346496582,0.12867677211761475,0.937464276470712,0.9935317471470912,0.9958733884423627,0.883253876005258,0.960876606706375,0.9685908996884067,0.15811288356781006,0.16251146793365479,0.12274205684661865,0.9937792555752216,0.9934300594557324,0.9962442100059301,-0.9722636342048645,0.5674468874931335,-0.08231636136770248,0.6344866071428571,0.9954956332007944,
5,client_7,False,flip,clip01,pretrained,0.7272636890411377,0.2435988187789917,0.24559462070465088,0.20008927583694458,0.9853283732038189,0.9850896865156549,0.9900657144594724,0.9417748412810556,0.9413190365311559,0.9517946536674626,0.354145884513855,0.25494587421417236,0.21017557382583618,0.9693676479921083,0.9839465927169655,0.98904736754254,-0.8284895420074463,0.9665963053703308,-0.028519047424197197,0.5316485969387755,0.8652927891396239,
5,client_8,False,flip,clip01,pretrained,0.8965150117874146,0.2694392204284668,0.06889486312866211,0.5222442150115967,0.9820947695252549,0.9988144296978434,0.9351525390962485,0.9358989190861287,0.9829962906699523,0.8812109050612567,0.5339395999908447,0.06141495704650879,0.5307021737098694,0.9323664706235135,0.9990577172157045,0.9331426077323344,-0.6590222716331482,0.7765092849731445,-0.057801082730293274,0.6855070153061225,0.9068571261564683,
5,client_9,False,flip,clip01,pretrained,0.9277172684669495,0.260359525680542,0.24833619594573975,0.4148108959197998,0.9832662558808531,0.9847587779663556,0.9583327005995239,0.9379572798721989,0.9406934512232497,0.9038475871869365,0.4708598554134369,0.27146363258361816,0.4209652245044708,0.9467959255763916,0.9818283927846481,0.9571275142473279,-0.7964382171630859,0.871461808681488,-0.03427397832274437,0.5826690051020408,0.8381449406851887,
5,client_0,True,flip_global,raw,random,0.9241292476654053,0.12702226638793945,0.21461868286132812,0.33749496936798096,0.9959785066066336,0.9885834112823733,0.9721212790773424,0.968985302714521,0.9484309321876045,0.9206847301336933,0.15477031469345093,0.21858429908752441,0.3429827094078064,0.9940383284844827,0.9881614024560474,0.9712271109776334,-0.8565007448196411,0.8513609170913696,0.0012762944679707289,0.49433992346938777,0.017220413449875873,
5,client_1,True,flip_global,raw,random,0.9232028126716614,0.08104455471038818,0.21808838844299316,0.18697583675384521,0.9983599651216424,0.9882145835513498,0.9913169732043965,0.9800427075632463,0.9476302987823995,0.954845977425038,0.08921301364898682,0.22356992959976196,0.19186723232269287,0.9980132249808362,0.9876202798593321,0.9908598851643486,-0.8878692984580994,0.8270819783210754,-0.004622104112058878,0.5152264030612245,0.0024793174339613295,
5,client_2,False,flip_global,raw,random,0.881509006023407,0.3097470998764038,0.13606643676757812,0.07441556453704834,0.976438987015072,0.9953874999720054,0.998617017097283,0.9268426590286512,0.9668322822148734,0.9816525574819817,0.2793766260147095,0.13404583930969238,0.07331681251525879,0.9807691284551872,0.9955230178285379,0.9986575144853771,-1.0537258386611938,0.7699694633483887,-0.10137726366519928,0.6522640306122449,0.6531883980320963,
5,client_3,False,flip_global,raw,random,0.8252629637718201,0.06552267074584961,0.11607098579406738,0.06215310096740723,0.9989275582849433,0.9966403709834537,0.9990349470751152,0.9838184375304555,0.971601973272568,0.9846409762224408,0.06726932525634766,0.11519753932952881,0.06377089023590088,0.9988696686222238,0.9966906187593587,0.998984093104391,-0.9413777589797974,0.7755703330039978,-0.015919271856546402,0.5270248724489796,0.45648069662910495,
5,client_4,False,flip_global,raw,random,0.8669653534889221,0.07685339450836182,0.119270920753479,0.07597923278808594,0.9985250226417861,0.9964530757207795,0.9985583497129855,0.981060069471279,0.9708362929985903,0.9812724632104384,0.06367158889770508,0.11891484260559082,0.0762028694152832,0.9989872520940137,0.9964741665262526,0.9985498597870686,-1.1119531393051147,0.8519498109817505,-0.023336688056588173,0.5866549744897959,0.6439303510261891,
5,client_5,False,flip_global,raw,random,0.9041014909744263,0.21480906009674072,0.1625354290008545,0.04873478412628174,0.9885633223418442,0.9934281315001294,0.9994064945230807,0.9483869763494597,0.9605722941903612,0.9879267532041307,0.20440614223480225,0.1625354290008545,0.04828011989593506,0.9896358063359898,0.9934281315001294,0.999417512100057,-1.082729697227478,0.8719220757484436,-0.06502161175012589,0.5932716836734694,0.8383626996755884,
5,client_6,False,flip_global,raw,random,0.9116589426994324,0.10480117797851562,0.1312495470046997,0.08318507671356201,0.9972598227648637,0.9957072601080814,0.9982723027276514,0.9743058446211261,0.9679780772959314,0.9795237282242713,0.09722495079040527,0.13141024112701416,0.08311975002288818,0.9976410091958119,0.9956967760970548,0.998275011733265,-1.0331792831420898,0.5851840376853943,-0.08719085901975632,0.6419005102040817,0.9954956332007944,
5,client_7,False,flip_global,raw,random,0.9135312438011169,0.1298823356628418,0.08059072494506836,0.10641634464263916,0.9957959475002534,0.9983782590013672,0.9971748906469744,0.9683036678319943,0.980152793693646,0.9739176380683303,0.09380388259887695,0.07753109931945801,0.10656082630157471,0.9978038319895888,0.998498924225929,0.9971672304454731,-0.9378736019134521,0.9408891797065735,-0.04103855788707733,0.6421396683673469,0.8652927891396239,
5,client_8,False,flip_global,raw,random,0.9434178471565247,0.234236478805542,0.07843601703643799,0.10988879203796387,0.9864231702700657,0.9984637202240736,0.9969879351013538,0.9439174639280767,0.9806757176011254,0.9730838185934423,0.20160114765167236,0.07612919807434082,0.10992598533630371,0.9899161624762955,0.9985526593191125,0.9969859004234072,-0.8299426436424255,0.841681957244873,-0.06463402509689331,0.6489158163265306,0.9068571261564683,
5,client_9,False,flip_global,raw,random,0.9705666899681091,0.24130678176879883,0.10116195678710938,0.1379251480102539,0.9856001909476162,0.9974464655976831,0.9952610741399699,0.942298710143421,0.9751813861221963,0.966390694537941,0.20324921607971191,0.09834003448486328,0.13538682460784912,0.9897518947649901,0.9975866863873495,0.995433303533098,-0.7634233236312866,0.863116443157196,-0.031971435993909836,0.5896045918367347,0.8381449406851887,
5,client_0,True,flip_global,raw,pretrained,0.9241292476654053,0.04482388496398926,0.1530594825744629,0.18262004852294922,0.9994978939972197,0.9941688268680604,0.9917143316516113,0.9888875219784024,0.962806366765887,0.9558627640980188,0.036440134048461914,0.15471267700195312,0.18706870079040527,0.9996681117931288,0.9940427481471927,0.9913084023119176,-0.8565007448196411,0.8513609170913696,0.0012762944679707289,0.49433992346938777,0.017220413449875873,0.5243947505950928
5,client_1,True,flip_global,raw,pretrained,0.9232028126716614,0.038878679275512695,0.18748462200164795,0.16412901878356934,0.999622219147386,0.9912699639877349,0.9932992827042868,0.9903507353846159,0.9547273159322338,0.9601973504740116,0.03043055534362793,0.19186091423034668,0.16873466968536377,0.9997685355150809,0.9908604829799947,0.992919974092743,-0.8878692984580994,0.8270819783210754,-0.004622104112058878,0.5152264030612245,0.0024793174339613295,0.664191484451294
5,client_2,False,flip_global,raw,pretrained,0.881509006023407,0.1455463171005249,0.05913853645324707,0.05198526382446289,0.9947250297789307,0.9991262314030391,0.9993247252783732,0.9645832408813666,0.9853777303437874,0.9871292915035845,0.04410505294799805,0.05554068088531494,0.051198720932006836,0.9995138633955065,0.9992292540189038,0.9993449946957758,-1.0537258386611938,0.7699694633483887,-0.10137726366519928,0.6522640306122449,0.6531883980320963,0.689562201499939
5,client_3,False,flip_global,raw,pretrained,0.8252629637718201,0.08471763134002686,0.051790714263916016,0.10223770141601562,0.9982081424497116,0.9993297675784287,0.9973919757065228,0.9791524067251864,0.9871769944522977,0.9749224553204938,0.1240004301071167,0.05377674102783203,0.10917341709136963,0.9961670278775938,0.9992774073752906,0.9970269372646712,-0.9413777589797974,0.7755703330039978,-0.015919271856546402,0.5270248724489796,0.45648069662910495,0.49973976612091064
5,client_4,False,flip_global,raw,pretrained,0.8669653534889221,0.06242775917053223,0.08151388168334961,0.06010639667510986,0.9990264052213187,0.9983409390321503,0.9990974167281699,0.9845738913498114,0.9799288817728313,0.985141096908176,0.13376057147979736,0.08329194784164429,0.06368052959442139,0.9955419891124511,0.9982678663678664,0.9989869678722296,-1.1119531393051147,0.8519498109817505,-0.023336688056588173,0.5866549744897959,0.6439303510261891,0.549297571182251
5,client_5,False,flip_global,raw,pretrained,0.9041014909744263,0.04411506652832031,0.04736936092376709,0.05572688579559326,0.9995136427067564,0.9994392718351888,0.9992240803843822,0.9890618035274144,0.988262029891166,0.9862125300077269,0.04944562911987305,0.0455472469329834,0.057376861572265625,0.9993890625181876,0.9994815637446115,0.9991774816939891,-1.082729697227478,0.8719220757484436,-0.06502161175012589,0.5932716836734694,0.8383626996755884,0.6171457767486572
5,client_6,False,flip_global,raw,pretrained,0.9116589426994324,0.2729342579841614,0.06528544425964355,0.09604358673095703,0.9816337028319571,0.9989353036408195,0.9976978898881725,0.9351084063901451,0.9838763126445658,0.9764147887353787,0.1091318130493164,0.06325960159301758,0.08943819999694824,0.9970291977446049,0.9990003058761494,0.9980031975617611,-1.0331792831420898,0.5851840376853943,-0.08719085901975632,0.6419005102040817,0.9954956332007944,0.7528634071350098
5,client_7,False,flip_global,raw,pretrained,0.9135312438011169,0.15400713682174683,0.05905449390411377,0.05482208728790283,0.9940967179900932,0.9991287114644518,0.9992490578902649,0.9625825944229289,0.9853982820436917,0.9864341039815456,0.07879161834716797,0.057265520095825195,0.055144667625427246,0.9984497749805337,0.9991806688782561,0.9992401996585281,-0.9378736019134521,0.9408891797065735,-0.04103855788707733,0.6421396683673469,0.8652927891396239,0.6687132716178894
5,client_8,False,flip_global,raw,pretrained,0.9434178471565247,0.14454591274261475,0.0429229736328125,0.14210176467895508,0.9947970127085359,0.999539563646703,0.994970822514224,0.964820209417979,0.9893550146975596,0.9653995293872304,0.2353578805923462,0.04262661933898926,0.16016888618469238,0.9862942045282745,0.9995458975470402,0.9936172026885441,-0.8299426436424255,0.841681957244873,-0.06463402509689331,0.6489158163265306,0.9068571261564683,0.5403410196304321
5,client_9,False,flip_global,raw,pretrained,0.9705666899681091,0.1203455924987793,0.05964529514312744,0.20005685091018677,0.9963890437615588,0.9991112026074538,0.9900689099212097,0.970579348824633,0.9852538215984601,0.9518021804400678,0.22885239124298096,0.06113433837890625,0.22341322898864746,0.9870341278896166,0.9990663025269302,0.9876374664931833,-0.7634233236312866,0.863116443157196,-0.031971435993909836,0.5896045918367347,0.8381449406851887,0.648284375667572
5,client_0,True,flip_global,clip01,random,0.9241292476654053,0.09086728096008301,0.32203590869903564,0.3595525026321411,0.9979389757335164,0.9745689327326665,0.9684476374798445,0.9776645358121459,0.9241078521449606,0.9158334346811938,0.14590561389923096,0.3477635383605957,0.3758106231689453,0.9946990577396393,0.9704373998964251,0.9656054245542258,-0.8565007448196411,0.8513609170913696,0.0012762944679707289,0.49433992346938777,0.017220413449875873,
5,client_1,True,flip_global,clip01,random,0.9232028126716614,0.07344341278076172,0.20729482173919678,0.23766952753067017,0.9986528788814228,0.9893431642402188,0.9860264930556075,0.9818889781715503,0.9501242517470077,0.9431309419477087,0.13286614418029785,0.22217416763305664,0.2594150900840759,0.9956012130464726,0.987772955810857,0.9833859218460201,-0.8878692984580994,0.8270819783210754,-0.004622104112058878,0.5152264030612245,0.0024793174339613295,
5,client_2,False,flip_global,clip01,random,0.881509006023407,0.38047564029693604,0.05966389179229736,0.06316530704498291,0.9647690848542709,0.9991106486592651,0.9990032817096706,0.9112671013379154,0.9852492749333495,0.984393780276307,0.07060670852661133,0.05812239646911621,0.06270670890808105,0.9987548372245538,0.9991559814137831,0.9990176914628661,-1.0537258386611938,0.7699694633483887,-0.10137726366519928,0.6522640306122449,0.6531883980320963,
5,client_3,False,flip_global,clip01,random,0.8252629637718201,0.11509692668914795,0.0540158748626709,0.09974288940429688,0.9966963826851001,0.9992709701746267,0.997517470927705,0.9718352261026038,0.9866315983882756,0.975523112370873,0.0971381664276123,0.051007628440856934,0.1015404462814331,0.99764521121561,0.9993498726335373,0.9974273591117906,-0.9413777589797974,0.7755703330039978,-0.015919271856546402,0.5270248724489796,0.45648069662910495,
5,client_4,False,flip_global,clip01,random,0.8669653534889221,0.0998544692993164,0.033154845237731934,0.11515498161315918,0.9975119239089452,0.9997252456899031,0.9966930574265032,0.9754962362550192,0.9917625371793648,0.9718213216379998,0.14501965045928955,0.032247066497802734,0.11949145793914795,0.9947629863752452,0.9997400823545819,0.9964399818336303,-1.1119531393051147,0.8519498109817505,-0.023336688056588173,0.5866549744897959,0.6439303510261891,
5,client_5,False,flip_global,clip01,random,0.9041014909744263,0.0633690357208252,0.05811357498168945,0.03780341148376465,0.9989968467052721,0.9991562374328984,0.9996428212314206,0.984344037929574,0.985628417552137,0.990615723459251,0.04836905002593994,0.056784987449645996,0.03840065002441406,0.9994153652248856,0.9991943534313021,0.9996314494232865,-1.082729697227478,0.8719220757484436,-0.06502161175012589,0.5932716836734694,0.8383626996755884,
5,client_6,False,flip_global,clip01,random,0.9116589426994324,0.3578106164932251,0.061069488525390625,0.08236193656921387,0.9687454217838269,0.9990682809807445,0.9983062824423952,0.9162151415491779,0.9849057139416231,0.9797232534854929,0.08482909202575684,0.05955946445465088,0.07876336574554443,0.998203430710878,0.9991137570595814,0.9984508852292298,-1.0331792831420898,0.5851840376853943,-0.08719085901975632,0.6419005102040817,0.9954956332007944,
5,client_7,False,flip_global,clip01,random,0.9135312438011169,0.19269180297851562,0.06316733360290527,0.11774671077728271,0.9907817003084278,0.9990032178002406,0.996542917836948,0.9535141433128247,0.9843932854538133,0.9712008928424416,0.12245488166809082,0.06150627136230469,0.1190037727355957,0.9962617147690005,0.9990549150699934,0.9964689049657369,-0.9378736019134521,0.9408891797065735,-0.04103855788707733,0.6421396683673469,0.8652927891396239,
5,client_8,False,flip_global,clip01,random,0.9434178471565247,0.14799010753631592,0.04113960266113281,0.12142562866210938,0.9945471355058892,0.9995770175068106,0.9963241198083939,0.964004740950263,0.9897939021863289,0.9703212249304896,0.16020166873931885,0.04082214832305908,0.1292797327041626,0.9936146021532748,0.9995835181901662,0.9958347456251138,-0.8299426436424255,0.841681957244873,-0.06463402509689331,0.6489158163265306,0.9068571261564683,
5,client_9,False,flip_global,clip01,random,0.9705666899681091,0.08213496208190918,0.04696822166442871,0.08774054050445557,0.9983155929525855,0.9994487245730257,0.9980781739527409,0.9797782817535103,0.9883605612105171,0.9784206075080297,0.1320047378540039,0.04645681381225586,0.09582674503326416,0.9956578798529985,0.9994606593782436,0.997708255442711,-0.7634233236312866,0.863116443157196,-0.031971435993909836,0.5896045918367347,0.8381449406851887,
5,client_0,True,flip_global,clip01,pretrained,0.9241292476654053,0.03742575645446777,0.1720062494277954,0.17096734046936035,0.9996499201325693,0.9926442960598962,0.9927324003338189,0.9907088176866194,0.9583472015960997,0.9585909065482454,0.023997783660888672,0.1755615472793579,0.17588889598846436,0.9998560421396301,0.9923388425344126,0.9923104113637677,-0.8565007448196411,0.8513609170913696,0.0012762944679707289,0.49433992346938777,0.017220413449875873,
5,client_1,True,flip_global,clip01,pretrained,0.9232028126716614,0.03581595420837402,0.1836075782775879,0.1636723279953003,0.999679381474095,0.9916250440632295,0.9933363341224386,0.9911057908590273,0.9556320990719951,0.9603047793271624,0.02451634407043457,0.18924856185913086,0.16797518730163574,0.9998497541508646,0.9911060217542023,0.9929832305868742,-0.8878692984580994,0.8270819783210754,-0.004622104112058878,0.5152264030612245,0.0024793174339613295,
5,client_2,False,flip_global,clip01,pretrained,0.881509006023407,0.21384042501449585,0.07737898826599121,0.05345332622528076,0.9886653555232683,0.9985048018766847,0.9992860679836679,0.9486106545075943,0.9809323999731439,0.9867694386691837,0.04699242115020752,0.07220804691314697,0.052719712257385254,0.9994481565934561,0.9986977727373627,0.9993055199240735,-1.0537258386611938,0.7699694633483887,-0.10137726366519928,0.6522640306122449,0.6531883980320963,
5,client_3,False,flip_global,clip01,pretrained,0.8252629637718201,0.07888281345367432,0.05103909969329834,0.09269070625305176,0.9984461885621079,0.9993490705322818,0.9978555634572468,0.9805672506169982,0.9873613205159995,0.9772240213043408,0.1098870038986206,0.05355119705200195,0.09836524724960327,0.9969880329052183,0.999283452636823,0.9975854510032671,-0.9413777589797974,0.7755703330039978,-0.015919271856546402,0.5270248724489796,0.45648069662910495,
5,client_4,False,flip_global,clip01,pretrained,0.8669653534889221,0.07189953327178955,0.09426701068878174,0.05411970615386963,0.9987088659139849,0.9977821288115951,0.999268166285296,0.9822646148295053,0.9768434478858115,0.9866061599525722,0.1535293459892273,0.0973098874092102,0.05736589431762695,0.994133128685543,0.9976368930343709,0.9991777959092427,-1.1119531393051147,0.8519498109817505,-0.023336688056588173,0.5866549744897959,0.6439303510261891,
5,client_5,False,flip_global,clip01,pretrained,0.9041014909744263,0.040482163429260254,0.050395965576171875,0.046529173851013184,0.9995904244686391,0.9993653638976254,0.9994589786236256,0.9899557716453575,0.9875190838257819,0.9884684208570158,0.03880882263183594,0.04780256748199463,0.04768228530883789,0.9996235751270384,0.9994289733071295,0.9994318421356654,-1.082729697227478,0.8719220757484436,-0.06502161175012589,0.5932716836734694,0.8383626996755884,
5,client_6,False,flip_global,clip01,pretrained,0.9116589426994324,0.4092037081718445,0.08163714408874512,0.12530171871185303,0.9594172342327159,0.9983359239608665,0.9960863951461647,0.9050530182433754,0.9798989902530209,0.9693957047449588,0.10265350341796875,0.0807265043258667,0.11718666553497314,0.9973707607716615,0.998372796451076,0.9965756415381,-1.0331792831420898,0.5851840376853943,-0.08719085901975632,0.6419005102040817,0.9954956332007944,
5,client_7,False,flip_global,clip01,pretrained,0.9135312438011169,0.18391132354736328,0.05084514617919922,0.05702924728393555,0.9915974865126107,0.9993540059295904,0.999187411803304,0.9555611677376064,0.9874088940868091,0.9858937288779182,0.08859407901763916,0.04851186275482178,0.05619466304779053,0.9980406563337605,0.9994119093098919,0.9992110071548042,-0.9378736019134521,0.9408891797065735,-0.04103855788707733,0.6421396683673469,0.8652927891396239,
5,client_8,False,flip_global,clip01,pretrained,0.9434178471565247,0.1436169147491455,0.03850245475769043,0.1444849967956543,0.9948634200202893,0.9996294932330791,0.9948013800599682,0.9650403420358169,0.9904434397349073,0.9648346415701459,0.23814082145690918,0.038028597831726074,0.16004949808120728,0.9859716049434806,0.9996385544488189,0.9936266689529967,-0.8299426436424255,0.841681957244873,-0.06463402509689331,0.6489158163265306,0.9068571261564683,
5,client_9,False,flip_global,clip01,pretrained,0.9705666899681091,0.12136268615722656,0.05257713794708252,0.1999678611755371,0.9963279191983687,0.9993092691819674,0.9900776772374185,0.9703362650836735,0.9869841870732068,0.9518228380163702,0.2326892614364624,0.054077982902526855,0.2192324995994568,0.9866001365239885,0.9992692936373953,0.9880917142809622,-0.7634233236312866,0.863116443157196,-0.031971435993909836,0.5896045918367347,0.8381449406851887,
6,client_0,True,orig,raw,random,0.7583551406860352,0.09707164764404297,0.17061471939086914,0.2542417049407959,0.9976484294720984,0.9927621855543078,0.9840340867152262,0.9761668631892169,0.9586736447788717,0.9393480262729537,0.13887226581573486,0.1763211488723755,0.26919156312942505,0.995196002759557,0.9922727897029313,0.9821272273624999,-0.927188515663147,0.9404506683349609,0.003532244823873043,0.48557079081632654,0.017468926955676457,
6,client_1,True,orig,raw,random,0.7100985050201416,0.0814976692199707,0.19105154275894165,0.2910526990890503,0.998341598093589,0.9909369070857075,0.9791538498009846,0.9799328134478864,0.9538960422598555,0.9310264004375721,0.12000036239624023,0.19511926174163818,0.3131483197212219,0.9964096754846838,0.9905496395170403,0.9759281520367171,-1.019333004951477,0.9533310532569885,0.0015709662111476064,0.4920280612244898,0.0030258026305590227,
6,client_2,False,orig,raw,random,0.9562321305274963,0.10036766529083252,0.045752525329589844,0.04474151134490967,0.9974863319181988,0.9994768819365785,0.9994997370672221,0.9753726376633207,0.9886592611859266,0.9889077733202472,0.08737218379974365,0.0473322868347168,0.04359102249145508,0.998094253667402,0.9994401488419291,0.9995251248871679,-0.9210501909255981,0.9668800234794617,0.043583013117313385,0.3867984693877551,0.6847263079547266,
6,client_3,False,orig,raw,random,0.939339816570282,0.15690398216247559,0.07570528984069824,0.0547480583190918,0.9938735812854254,0.9985687155632679,0.9992510834507806,0.9618990381055041,0.9813390369137185,0.9864522360673811,0.15007460117340088,0.0771491527557373,0.05407309532165527,0.994393093768613,0.9985136610422964,0.9992694256418748,-0.8315021991729736,0.8982406854629517,-0.004208564758300781,0.5112404336734694,0.49999795209525266,
6,client_4,False,orig,raw,random,0.943511426448822,0.050481200218200684,0.02794349193572998,0.0470883846282959,0.9993632163897845,0.9998048188910684,0.9994459013850285,0.9874981732609549,0.9930505619267036,0.9883310441900668,0.04812335968017578,0.028041958808898926,0.046300292015075684,0.9994212868677541,0.999803441117896,0.9994642860793015,-0.955412745475769,1.2747665643692017,0.045500535517930984,0.3711734693877551,0.6877592711041981,
6,client_5,False,orig,raw,random,0.9701390266418457,0.05844283103942871,0.07173943519592285,0.06047332286834717,0.9991466554166144,0.9987146038884329,0.9990863708274047,0.9855478769870305,0.982303580151213,0.9850514089281097,0.046596527099609375,0.07084739208221436,0.059450626373291016,0.9994574118182324,0.998746341752315,0.9991169909710518,-0.6590797305107117,0.9240279197692871,-0.018940696492791176,0.5652901785714286,0.8484629959871288,
6,client_6,False,orig,raw,random,0.9650650024414062,0.04017448425292969,0.0518186092376709,0.04625582695007324,0.9995966247790127,0.9993290457602757,0.9994653141318828,0.99003153961014,0.9871701544788247,0.9885355821463977,0.029265642166137695,0.05111265182495117,0.04582822322845459,0.99978591492768,0.9993471939989063,0.9994751501810399,-0.7731525301933289,0.9837772846221924,-0.027492165565490723,0.6006058673469388,0.996197055166047,
6,client_7,False,orig,raw,random,0.9628925919532776,0.052835941314697266,0.05941474437713623,0.029952287673950195,0.9993024559671952,0.9991180558415835,0.9997757528380098,0.9869207486481009,0.9853101912028241,0.9925537760101488,0.0182420015335083,0.05725371837615967,0.029058098793029785,0.9999168125354931,0.9991810063441535,0.9997889401392879,-0.6520640850067139,1.0582654476165771,0.10346907377243042,0.3286830357142857,0.8927563181743758,
6,client_8,False,orig,raw,random,0.9786005616188049,0.13013112545013428,0.10175681114196777,0.030979275703430176,0.9957798774042621,0.9974164050162926,0.9997601142868338,0.9682444082784172,0.9750381924346054,0.9922999404179651,0.07164573669433594,0.09887170791625977,0.030782103538513184,0.9987179561667794,0.9975605686763447,0.9997631576045922,-0.6444776654243469,1.1770923137664795,0.10147997736930847,0.3319515306122449,0.9414134998183692,
6,client_9,False,orig,raw,random,0.9661194682121277,0.10364723205566406,0.08836400508880615,0.03235268592834473,0.9973197129998363,0.9980508048708947,0.9997383772744872,0.9745833387117526,0.9782697785735819,0.991960633545663,0.07987117767333984,0.08672952651977539,0.032488226890563965,0.9984070544146317,0.9981221462593892,0.9997361809903611,-0.6598881483078003,0.9207144975662231,0.08188510686159134,0.35020727040816324,0.8070018177810689,
6,client_0,True,orig,raw,pretrained,0.7583551406860352,0.13426077365875244,0.12750208377838135,0.18305647373199463,0.9955086976225411,0.9959481599970699,0.9916749301206136,0.9672615570998768,0.9688708984550451,0.9557608145445573,0.05510854721069336,0.12503468990325928,0.17636454105377197,0.9992411941227495,0.9961030090970675,0.9922690080292198,-0.927188515663147,0.9404506683349609,0.003532244823873043,0.48557079081632654,0.017468926955676457,0.4878336191177368
6,client_1,True,orig,raw,pretrained,0.7100985050201416,0.06659650802612305,0.1362854242324829,0.16385948657989502,0.9988921476443182,0.9953726927766353,0.9933211621421536,0.9835565220207696,0.9667802400088894,0.960260751223867,0.020841360092163086,0.1345731019973755,0.15775680541992188,0.999891418270682,0.9954878481084857,0.9938071127379597,-1.019333004951477,0.9533310532569885,0.0015709662111476064,0.4920280612244898,0.0030258026305590227,0.6791900992393494
6,client_2,False,orig,raw,pretrained,0.9562321305274963,0.04742145538330078,0.03164839744567871,0.05911827087402344,0.9994380383554529,0.9997496417541591,0.9991268297538836,0.9882492350776213,0.9921346092791266,0.9853826860139865,0.04608869552612305,0.031146883964538574,0.06048274040222168,0.9994691694667441,0.9997575120141746,0.9990860864406972,-0.9210501909255981,0.9668800234794617,0.043583013117313385,0.3867984693877551,0.6847263079547266,0.45221376419067383
6,client_3,False,orig,raw,pretrained,0.939339816570282,0.09635090827941895,0.0320812463760376,0.02952861785888672,0.997683159324148,0.9997427480524481,0.9997820508147797,0.9763406656516422,0.9920276800443819,0.992658520785735,0.06318390369415283,0.03039264678955078,0.029164433479309082,0.9990026951699738,0.9997691117451182,0.9997873928623915,-0.8315021991729736,0.8982406854629517,-0.004208564758300781,0.5112404336734694,0.49999795209525266,0.47210919857025146
6,client_4,False,orig,raw,pretrained,0.943511426448822,0.028381824493408203,0.03073263168334961,0.03269219398498535,0.999798648421621,0.9997639181467701,0.9997328586485652,0.9929421281279316,0.9923608933225847,0.9918767834629851,0.0327298641204834,0.030979633331298828,0.03270220756530762,0.9997322427812705,0.9997601087492689,0.999732695006158,-0.955412745475769,1.2747665643692017,0.045500535517930984,0.3711734693877551,0.6877592711041981,0.37111008167266846
6,client_5,False,orig,raw,pretrained,0.9701390266418457,0.05197036266326904,0.08263564109802246,0.07077276706695557,0.999325112151169,0.9982950210637536,0.9987489788921868,0.9871329450997524,0.9796569020381267,0.9825389010785262,0.039343833923339844,0.08109807968139648,0.07019829750061035,0.9996131279722122,0.998357800790669,0.9987691871144657,-0.6590797305107117,0.9240279197692871,-0.018940696492791176,0.5652901785714286,0.8484629959871288,0.5014511346817017
6,client_6,False,orig,raw,pretrained,0.9650650024414062,0.04151952266693115,0.0697939395904541,0.08588016033172607,0.9995691715698953,0.9987833128866999,0.9981586962751903,0.9897003794099186,0.9827772682423033,0.9788708793686587,0.0338212251663208,0.06839680671691895,0.08576774597167969,0.9997140925041899,0.9988314942734904,0.9981635068972314,-0.7731525301933289,0.9837772846221924,-0.027492165565490723,0.6006058673469388,0.996197055166047,0.44913554191589355
6,client_7,False,orig,raw,pretrained,0.9628925919532776,0.06384992599487305,0.1769503355026245,0.0789637565612793,0.9989815752988671,0.992217866480662,0.9984430018637167,0.9842266388308654,0.9571887033550965,0.98054760230827,0.06901419162750244,0.18236041069030762,0.08070230484008789,0.9988103229047318,0.9917377288798053,0.9983737706924893,-0.6520640850067139,1.0582654476165771,0.10346907377243042,0.3286830357142857,0.8927563181743758,0.28024888038635254
6,client_8,False,orig,raw,pretrained,0.9786005616188049,0.20993447303771973,0.2057175636291504,0.04173004627227783,0.9890722752765615,0.9895034436796857,0.9995647929156595,0.9495134256460713,0.9504895175970338,0.9896485617044524,0.20070409774780273,0.2103102207183838,0.04099857807159424,0.9900050289718973,0.9890334453577905,0.999579911551725,-0.6444776654243469,1.1770923137664795,0.10147997736930847,0.3319515306122449,0.9414134998183692,0.37755775451660156
6,client_9,False,orig,raw,pretrained,0.9661194682121277,0.2517526149749756,0.2048511505126953,0.06623733043670654,0.984341512581701,0.9895909832577936,0.9989040556691342,0.9399147512688233,0.9506902537738462,0.9836441159923992,0.23914313316345215,0.2057483196258545,0.06625628471374512,0.9858545269245425,0.9895003296168965,0.9989034288710938,-0.6598881483078003,0.9207144975662231,0.08188510686159134,0.35020727040816324,0.8070018177810689,0.336405873298645
6,client_0,True,orig,clip01,random,0.7583551406860352,0.13042545318603516,0.15417230129241943,0.4092983603477478,0.9957608266650204,0.9940841055608884,0.9593990340333765,0.9681743090156572,0.9625436016518896,0.905032649873827,0.2390345335006714,0.1563326120376587,0.4300278425216675,0.9858672349768967,0.9939179156890212,0.9553247549647659,-0.927188515663147,0.9404506683349609,0.003532244823873043,0.48557079081632654,0.017468926955676457,
6,client_1,True,orig,clip01,random,0.7100985050201416,0.09571146965026855,0.20175546407699585,0.31749439239501953,0.9977137564105383,0.9899008363360273,0.9752678845174976,0.9764949017679214,0.9514080030574203,0.9251171258147046,0.17196577787399292,0.20417755842208862,0.32678431272506714,0.9926477380056717,0.9896587935319465,0.9738283463959789,-1.019333004951477,0.9533310532569885,0.0015709662111476064,0.4920280612244898,0.0030258026305590227,
6,client_2,False,orig,clip01,random,0.9562321305274963,0.058004021644592285,0.03199267387390137,0.046913981437683105,0.9991594136837294,0.999744166303367,0.999449996569671,0.9856552179968769,0.9920495592269671,0.9883738852989052,0.05442464351654053,0.031607866287231445,0.04732096195220947,0.9992599006117686,0.9997502824761879,0.9994404166011956,-0.9210501909255981,0.9668800234794617,0.043583013117313385,0.3867984693877551,0.6847263079547266,
6,client_3,False,orig,clip01,random,0.939339816570282,0.09255361557006836,0.04942965507507324,0.028308749198913574,0.9978618918932667,0.9993894570160591,0.9997996837797309,0.9772571301707458,0.9877561946904041,0.9929602041087358,0.0734095573425293,0.04880249500274658,0.027444839477539062,0.9986541193146907,0.9994048449111457,0.9998117217872549,-0.8315021991729736,0.8982406854629517,-0.004208564758300781,0.5112404336734694,0.49999795209525266,
6,client_4,False,orig,clip01,random,0.943511426448822,0.0656423568725586,0.05060243606567383,0.0652303695678711,0.9989236399498134,0.9993601555827123,0.9989370978035677,0.9837892401658441,0.9874684316861484,0.9838897497084376,0.038803815841674805,0.049033522605895996,0.06493496894836426,0.9996236722197458,0.9993991992737712,0.998946695280849,-0.955412745475769,1.2747665643692017,0.045500535517930984,0.3711734693877551,0.6877592711041981,
6,client_5,False,orig,clip01,random,0.9701390266418457,0.06836414337158203,0.08272325992584229,0.04930233955383301,0.9988326090850688,0.9982914081951091,0.9993925966747332,0.9831256127597925,0.9796356629085832,0.9877874414255492,0.049704551696777344,0.08166980743408203,0.04868900775909424,0.9993826503746717,0.9983345937517272,0.9994076084583943,-0.6590797305107117,0.9240279197692871,-0.018940696492791176,0.5652901785714286,0.8484629959871288,
6,client_6,False,orig,clip01,random,0.9650650024414062,0.02905106544494629,0.0882185697555542,0.06608033180236816,0.9997890422824443,0.998057206474904,0.9989092405770168,0.9927766069531032,0.9783049592571271,0.983682407509322,0.02103126049041748,0.08721053600311279,0.06547868251800537,0.9998894306905814,0.9981012887733496,0.9989289965989339,-0.7731525301933289,0.9837772846221924,-0.027492165565490723,0.6006058673469388,0.996197055166047,
6,client_7,False,orig,clip01,random,0.9628925919532776,0.026467323303222656,0.06580102443695068,0.0371471643447876,0.9998248931994853,0.9989184344358844,0.9996551112824459,0.9934158641529349,0.9837505353057718,0.9907775007246882,0.023178577423095703,0.06531119346618652,0.03719973564147949,0.9998657019156763,0.9989344642936844,0.9996541346603871,-0.6520640850067139,1.0582654476165771,0.10346907377243042,0.3286830357142857,0.8927563181743758,
6,client_8,False,orig,clip01,random,0.9786005616188049,0.15337896347045898,0.1637859344482422,0.047001004219055176,0.9941445657929651,0.9933271266604218,0.9994479550724049,0.9627309180866126,0.9602780536263538,0.9883525083207456,0.15926194190979004,0.16577529907226562,0.04732179641723633,0.9936889406722014,0.9931648801910011,0.9994403968737484,-0.6444776654243469,1.1770923137664795,0.10147997736930847,0.3319515306122449,0.9414134998183692,
6,client_9,False,orig,clip01,random,0.9661194682121277,0.1564110517501831,0.11543154716491699,0.0318300724029541,0.9939118387076944,0.9966771935664447,0.999746759730969,0.9620153013184973,0.9717550868108382,0.9920897269326627,0.1421980857849121,0.11548781394958496,0.031351327896118164,0.9949640281141401,0.996673961479327,0.9997543188386062,-0.6598881483078003,0.9207144975662231,0.08188510686159134,0.35020727040816324,0.8070018177810689,
6,client_0,True,orig,clip01,pretrained,0.7583551406860352,0.11554181575775146,0.0942380428314209,0.13071191310882568,0.9966708580309502,0.9977834894206334,0.9957422443773725,0.9717286804184297,0.976850439703282,0.9681060909273016,0.04086172580718994,0.09178686141967773,0.1239246129989624,0.9995827104849562,0.9978971155106953,0.9961717001400776,-0.927188515663147,0.9404506683349609,0.003532244823873043,0.48557079081632654,0.017468926955676457,
6,client_1,True,orig,clip01,pretrained,0.7100985050201416,0.09431469440460205,0.0908966064453125,0.11825430393218994,0.9977798882212803,0.9979376472740273,0.9965131255544868,0.9768319388848641,0.977657448819323,0.9710794507931257,0.028865933418273926,0.08807122707366943,0.11136841773986816,0.9997917220124863,0.9980636813438231,0.9969064651529242,-1.019333004951477,0.9533310532569885,0.0015709662111476064,0.4920280612244898,0.0030258026305590227,
6,client_2,False,orig,clip01,pretrained,0.9562321305274963,0.044579505920410156,0.03686356544494629,0.0620807409286499,0.9995033519850307,0.9996603559290647,0.9990371912177549,0.9889476037516889,0.9908474254563924,0.984658651199956,0.04717600345611572,0.036562323570251465,0.06378304958343506,0.9994438382703859,0.9996658828731066,0.998983705952059,-0.9210501909255981,0.9668800234794617,0.043583013117313385,0.3867984693877551,0.6847263079547266,
6,client_3,False,orig,clip01,pretrained,0.939339816570282,0.10002303123474121,0.03891110420227051,0.031137585639953613,0.9975035324444064,0.9996215889229771,0.999757656746834,0.9754556370513106,0.9903427462654895,0.9922608203920804,0.0636587142944336,0.03799939155578613,0.030982017517089844,0.9989876613034867,0.9996391092717141,0.9997600718305368,-0.8315021991729736,0.8982406854629517,-0.004208564758300781,0.5112404336734694,0.49999795209525266,
6,client_4,False,orig,clip01,pretrained,0.943511426448822,0.032134294509887695,0.02892756462097168,0.0271376371383667,0.9997418967529448,0.9997908318205673,0.9998159125827211,0.9920145764391568,0.9928071488927876,0.9932499589757553,0.03669142723083496,0.029086589813232422,0.02716803550720215,0.9996635197303048,0.9997885261201513,0.9998154999958369,-0.955412745475769,1.2747665643692017,0.045500535517930984,0.3711734693877551,0.6877592711041981,
6,client_5,False,orig,clip01,pretrained,0.9701390266418457,0.05064213275909424,0.09435856342315674,0.06504082679748535,0.9993591517790157,0.9977778258841197,0.9989432609834656,0.9874586935865259,0.9768213507837755,0.9839359962541354,0.042200565338134766,0.09376811981201172,0.06524896621704102,0.9995549266948307,0.997805503494366,0.9989364921511614,-0.6590797305107117,0.9240279197692871,-0.018940696492791176,0.5652901785714286,0.8484629959871288,
6,client_6,False,orig,clip01,pretrained,0.9650650024414062,0.0399174690246582,0.08241784572601318,0.0891726016998291,0.999601767898284,0.9983039851207669,0.9980150218424266,0.9900948379241314,0.9797096994404062,0.9780742143680725,0.03527677059173584,0.0819857120513916,0.08952772617340088,0.9996889599426559,0.9983217012682648,0.9979992040317738,-0.7731525301933289,0.9837772846221924,-0.027492165565490723,0.6006058673469388,0.996197055166047,
6,client_7,False,orig,clip01,pretrained,0.9628925919532776,0.07284164428710938,0.18045198917388916,0.08048868179321289,0.9986748422222818,0.9919087095842527,0.9983823582841262,0.9820353669997033,0.9563694681312744,0.9801775490017959,0.08133983612060547,0.18730825185775757,0.08230388164520264,0.9983480074341158,0.9912862737955173,0.9983086662926932,-0.6520640850067139,1.0582654476165771,0.10346907377243042,0.3286830357142857,0.8927563181743758,
6,client_8,False,orig,clip01,pretrained,0.9786005616188049,0.21650207042694092,0.22302186489105225,0.03972470760345459,0.9883839165618535,0.9876803399103262,0.9996056036017116,0.9479962150486507,0.9464936485076485,0.9901423156448348,0.22401154041290283,0.22966766357421875,0.03955078125,0.9875717823875192,0.9869424916675178,0.9996090485957365,-0.6444776654243469,1.1770923137664795,0.10147997736930847,0.3319515306122449,0.9414134998183692,
6,client_9,False,orig,clip01,pretrained,0.9661194682121277,0.2543368339538574,0.21432924270629883,0.07134771347045898,0.9840222802612035,0.9886139205617968,0.9987285896120375,0.9393263771484119,0.9484977663411602,0.9823989287632671,0.2692899703979492,0.21722412109375,0.07173550128936768,0.9821143335378453,0.988306988467335,0.9987147447207154,-0.6598881483078003,0.9207144975662231,0.08188510686159134,0.35020727040816324,0.8070018177810689,
6,client_0,True,flip,raw,random,-0.03975709155201912,0.5492408275604248,0.30092525482177734,0.28915154933929443,0.9286478188068903,0.9777397646314989,0.9794210874761877,0.8756569082448558,0.9288134259432461,0.931453461541969,0.7156829833984375,0.31828612089157104,0.282961368560791,0.8832904152647354,0.9751466958784218,0.9802798244454127,-1.3836753368377686,1.353998064994812,-0.0011545033194124699,0.502311862244898,0.017468926955676457,
6,client_1,True,flip,raw,random,-0.0194636732339859,0.5768057107925415,0.4081226587295532,0.28915154933929443,0.9217433753900315,0.9596248419981299,0.9794210874761877,0.8700402853755509,0.9052857001568368,0.931453461541969,0.8921400308609009,0.4283416271209717,0.282961368560791,0.827266433169318,0.9556626996674242,0.9802798244454127,-1.2880222797393799,1.0485756397247314,-0.007530256640166044,0.5099649234693877,0.0030258026305590227,
6,client_2,False,flip,raw,random,0.8139783143997192,0.597773551940918,0.12036406993865967,0.2051405906677246,0.9163197973914488,0.9963879378554896,0.9895617789660918,0.8658041831052068,0.9705749319309007,0.9506231873270219,0.42823219299316406,0.1142282485961914,0.19667541980743408,0.9556845923392647,0.9967459403703227,0.9903993889200484,-0.741001307964325,0.8346046209335327,0.009922035038471222,0.5158641581632653,0.6847263079547266,
6,client_3,False,flip,raw,random,0.9033600091934204,0.580933690071106,0.1957026720046997,0.1576298475265503,0.9206871628705464,0.9904934457822647,0.9938170301648408,0.8692038476479513,0.9528137255206379,0.9617278729670091,0.39572036266326904,0.1871556043624878,0.1577451229095459,0.9619720056414958,0.9913003777868699,0.9938080256548267,-0.6917936205863953,0.7878549098968506,0.03256019204854965,0.42330994897959184,0.49999795209525266,
6,client_4,False,flip,raw,random,0.7881820201873779,0.3896552324295044,0.05549192428588867,0.28842663764953613,0.9630965209371221,0.9992306058489369,0.9795225531292424,0.9092745261962629,0.9862700619979248,0.9316163782662077,0.362160325050354,0.05368912220001221,0.29895317554473877,0.967999373116416,0.9992797588366291,0.9780257555636331,-0.7703980803489685,0.7812520265579224,-0.0380726121366024,0.5881696428571429,0.6877592711041981,
6,client_5,False,flip,raw,random,0.884517252445221,0.6393572092056274,0.11305928230285645,0.18454551696777344,0.9051447129481569,0.9968120425542928,0.991539805648419,0.8574946317922587,0.9723234421170988,0.9554130948437711,0.376792311668396,0.10692214965820312,0.18057513236999512,0.9654301954426876,0.9971480285133778,0.9918977298081075,-0.7830934524536133,0.8534495830535889,0.02752634510397911,0.45790816326530615,0.8484629959871288,
6,client_6,False,flip,raw,random,0.9387659430503845,0.6322320103645325,0.10996723175048828,0.2848513126373291,0.9070979183117087,0.9969836432198378,0.9800194920640026,0.8589098740017234,0.9730649956823736,0.9324205243914694,0.6092021465301514,0.1047811508178711,0.2938326597213745,0.9133030783742118,0.9972608677901409,0.9787601276894546,-0.7432734966278076,0.9231143593788147,-0.001576987444423139,0.5774075255102041,0.996197055166047,
6,client_7,False,flip,raw,random,0.6078387498855591,0.4243127107620239,0.286226749420166,0.2421358823776245,0.9564655025541329,0.9798290072629994,0.9855021497395928,0.9018104030472263,0.9321110437978155,0.9421091600313964,0.248437762260437,0.2864476442337036,0.2463165521621704,0.9847464515554791,0.9797983351329596,0.9850028894343574,-1.0120161771774292,1.1113101243972778,-0.09050347656011581,0.7055165816326531,0.8927563181743758,
6,client_8,False,flip,raw,random,0.6714780330657959,0.4154547452926636,0.19338560104370117,0.26411008834838867,0.9582073424085948,0.9907156626316942,0.9827869625009522,0.9037093274471202,0.9533526766439617,0.9371062054912174,0.253587007522583,0.1946316957473755,0.26957786083221436,0.9841152271109639,0.9905964765518136,0.9820765870580639,-0.837941586971283,0.9726871252059937,-0.07899527996778488,0.6358418367346939,0.9414134998183692,
6,client_9,False,flip,raw,random,0.6689496040344238,0.3348243236541748,0.13774216175079346,0.17866790294647217,0.9725516549822573,0.995273595547097,0.9920669633751982,0.9212747304407682,0.9664341544839321,0.9567867353165502,0.2756514549255371,0.1364588737487793,0.17844843864440918,0.9812713716647254,0.9953609480398984,0.9920863245081322,-0.9514948725700378,0.9635694622993469,-0.0758456140756607,0.6545758928571429,0.8070018177810689,
6,client_0,True,flip,raw,pretrained,-0.03975709155201912,0.7592835426330566,0.2802464962005615,0.4339941740036011,0.870099946986655,0.9806509340719254,0.9545253190850327,0.834193120586241,0.9334577580100041,0.8997418060177276,1.1803648471832275,0.28368985652923584,0.4343712329864502,0.7255870480353275,0.9801796710599673,0.9544489913465106,-1.3836753368377686,1.353998064994812,-0.0011545033194124699,0.502311862244898,0.017468926955676457,0.5074567794799805
6,client_1,True,flip,raw,pretrained,-0.0194636732339859,0.9320752024650574,0.3798865079879761,0.434301495552063,0.8137466427652054,0.9648752128252498,0.9544631125424541,0.802266890735674,0.9113952061854089,0.8996762589897249,1.3343086242675781,0.389853835105896,0.4343712329864502,0.6695141473538251,0.9630599427026958,0.9544489913465106,-1.2880222797393799,1.0485756397247314,-0.007530256640166044,0.5099649234693877,0.0030258026305590227,0.7020311951637268
6,client_2,False,flip,raw,pretrained,0.8139783143997192,0.5818292498588562,0.19034802913665771,0.17691004276275635,0.9204572662693236,0.9910030803527499,0.9922213894575984,0.8690225436823729,0.9540599105460732,0.9571981362449185,0.4748905897140503,0.18972480297088623,0.17708241939544678,0.9459186244140874,0.991061503282872,0.9922063122930149,-0.741001307964325,0.8346046209335327,0.009922035038471222,0.5158641581632653,0.6847263079547266,0.6357462406158447
6,client_3,False,flip,raw,pretrained,0.9033600091934204,0.34052515029907227,0.09382843971252441,0.14760613441467285,0.9716291740084868,0.9978026838563068,0.9945752795621747,0.9200159893416091,0.9769493114688723,0.9640956014775424,0.2516258955001831,0.09435951709747314,0.14329123497009277,0.984357086545445,0.9977777810401232,0.9948866007009147,-0.6917936205863953,0.7878549098968506,0.03256019204854965,0.42330994897959184,0.49999795209525266,0.5623353719711304
6,client_4,False,flip,raw,pretrained,0.7881820201873779,0.1415245532989502,0.045542001724243164,0.16126632690429688,0.9950114434534791,0.9994816830972768,0.9935298625055882,0.9655364181716479,0.9887110011820142,0.9608710489830059,0.10496819019317627,0.045461177825927734,0.1578582525253296,0.9972511002871856,0.9994835204782879,0.9937991824763637,-0.7703980803489685,0.7812520265579224,-0.0380726121366024,0.5881696428571429,0.6877592711041981,0.5629123449325562
6,client_5,False,flip,raw,pretrained,0.884517252445221,0.47564101219177246,0.20649445056915283,0.1782156229019165,0.9457546027501327,0.9894246453030013,0.9921068381110068,0.8909242973093889,0.9503095775776289,0.9568925593231474,0.45274150371551514,0.20568907260894775,0.17863833904266357,0.9506615859351313,0.9895063280100149,0.9920695728555855,-0.7830934524536133,0.8534495830535889,0.02752634510397911,0.45790816326530615,0.8484629959871288,0.5819078683853149
6,client_6,False,flip,raw,pretrained,0.9387659430503845,0.4926857352256775,0.06817424297332764,0.1472632884979248,0.9419712570600767,0.9988390799422433,0.9946003483369934,0.8873530757026744,0.9831718925678763,0.9641767408406889,0.17223107814788818,0.06485927104949951,0.14872169494628906,0.9926251608443275,0.9989491476933026,0.9944933133421829,-0.7432734966278076,0.9231143593788147,-0.001576987444423139,0.5774075255102041,0.996197055166047,0.5672863721847534
6,client_7,False,flip,raw,pretrained,0.6078387498855591,0.5456193685531616,0.1758793592453003,0.21149635314941406,0.9295353984053369,0.9923112403888739,0.9889104294895141,0.8763988787945654,0.9574394759341505,0.9491522780564909,0.3012615442276001,0.17239081859588623,0.20880234241485596,0.9776908208623192,0.9926115504525017,0.989188864072756,-1.0120161771774292,1.1113101243972778,-0.09050347656011581,0.7055165816326531,0.8927563181743758,0.6641628742218018
6,client_8,False,flip,raw,pretrained,0.6714780330657959,0.4912487864494324,0.12919163703918457,0.15622639656066895,0.9422944598054424,0.9958404026692169,0.9939261397799042,0.8876533127986133,0.9684682147614307,0.9620588597680466,0.12567734718322754,0.1289302110671997,0.1586061716079712,0.9960629650704238,0.9958571676636774,0.993740562204164,-0.837941586971283,0.9726871252059937,-0.07899527996778488,0.6358418367346939,0.9414134998183692,0.6284365653991699
6,client_9,False,flip,raw,pretrained,0.6689496040344238,0.41013896465301514,0.0947868824005127,0.23231399059295654,0.959237236495136,0.9977576400201236,0.9866428893374704,0.9048517890225449,0.976717981990511,0.9443583425885627,0.33083081245422363,0.09209513664245605,0.23573517799377441,0.973189357766231,0.9978829887745257,0.9862506810319525,-0.9514948725700378,0.9635694622993469,-0.0758456140756607,0.6545758928571429,0.8070018177810689,0.6797469854354858
6,client_0,True,flip,clip01,random,-0.03975709155201912,0.8000630140304565,0.4659721851348877,0.27298426628112793,0.8573471337313407,0.9478513271957318,0.981627064971792,0.8264873216114663,0.892959751388751,0.9350971027271022,1.270194172859192,0.5292397737503052,0.2582566738128662,0.6928594112728426,0.9334919710046818,0.9835321363568987,-1.3836753368377686,1.353998064994812,-0.0011545033194124699,0.502311862244898,0.017468926955676457,
6,client_1,True,flip,clip01,random,-0.0194636732339859,0.8163320422172546,0.642304003238678,0.27298426628112793,0.8521555585806657,0.9043323899631839,0.981627064971792,0.8234430877680456,0.8569103536502161,0.9350971027271022,1.3330111503601074,0.6651549339294434,0.2582566738128662,0.6699856770760722,0.8979449486565572,0.9835321363568987,-1.2880222797393799,1.0485756397247314,-0.007530256640166044,0.5099649234693877,0.0030258026305590227,
6,client_2,False,flip,clip01,random,0.8139783143997192,0.5780513286590576,0.17419731616973877,0.1759796142578125,0.9214252650078818,0.9924567726551656,0.9923025230668705,0.8697877624081243,0.9578335310850152,0.957415996709382,0.5707510709762573,0.17662811279296875,0.16565775871276855,0.9232821855569291,0.9922460179508525,0.993174519757996,-0.741001307964325,0.8346046209335327,0.009922035038471222,0.5158641581632653,0.6847263079547266,
6,client_3,False,flip,clip01,random,0.9033600091934204,0.4225815534591675,0.07504808902740479,0.19017410278320312,0.9568084315985275,0.9985934316738443,0.991019403439956,0.9021810468236446,0.9814987777104718,0.9541004294502697,0.21509230136871338,0.06943047046661377,0.17838168144226074,0.9885334023967993,0.9987959408682294,0.992092209218308,-0.6917936205863953,0.7878549098968506,0.03256019204854965,0.42330994897959184,0.49999795209525266,
6,client_4,False,flip,clip01,random,0.7881820201873779,0.08590877056121826,0.04699134826660156,0.09932541847229004,0.998157470938374,0.9994481817810039,0.9975381702360264,0.9788639524177425,0.9883548802525945,0.9756236779558769,0.05678582191467285,0.046041011810302734,0.09427547454833984,0.9991943297672119,0.9994702668649578,0.9977817311889752,-0.7703980803489685,0.7812520265579224,-0.0380726121366024,0.5881696428571429,0.6877592711041981,
6,client_5,False,flip,clip01,random,0.884517252445221,0.24075090885162354,0.07784533500671387,0.1353703737258911,0.9856657428149904,0.9984867456062161,0.9954344094629723,0.9424258266723813,0.9808191427664912,0.9669977290139795,0.12895441055297852,0.06768107414245605,0.12997519969940186,0.9958556171825785,0.9988558008941191,0.9957899526787242,-0.7830934524536133,0.8534495830535889,0.02752634510397911,0.45790816326530615,0.8484629959871288,
6,client_6,False,flip,clip01,random,0.9387659430503845,0.5417174100875854,0.09431445598602295,0.1486586332321167,0.9304865676928789,0.9977798994270315,0.9944979630108717,0.8771993799931972,0.9768319964293626,0.9638465767167774,0.2611579895019531,0.08892881870269775,0.1507347822189331,0.9831647633522629,0.9980258441509453,0.9943438654372949,-0.7432734966278076,0.9231143593788147,-0.001576987444423139,0.5774075255102041,0.996197055166047,
6,client_7,False,flip,clip01,random,0.6078387498855591,0.5244762301445007,0.18979120254516602,0.11240220069885254,0.9346246345829998,0.991055287678202,0.9968489032498031,0.8807497027836468,0.9541896412494255,0.9724809562390768,0.09289264678955078,0.18132972717285156,0.10507023334503174,0.997846224444735,0.9918302885442345,0.997245764142658,-1.0120161771774292,1.1113101243972778,-0.09050347656011581,0.7055165816326531,0.8927563181743758,
6,client_8,False,flip,clip01,random,0.6714780330657959,0.4954600930213928,0.11674869060516357,0.13075518608093262,0.9413450441543245,0.9966011250177369,0.9957394338160663,0.8867738322287613,0.9714397364365053,0.9680957864503696,0.06817710399627686,0.11100852489471436,0.12838995456695557,0.9988389825859512,0.9969263806430186,0.9958917075197005,-0.837941586971283,0.9726871252059937,-0.07899527996778488,0.6358418367346939,0.9414134998183692,
6,client_9,False,flip,clip01,random,0.6689496040344238,0.46940886974334717,0.106955885887146,0.15861713886260986,0.9471102035499497,0.9971462323679081,0.9937397005919606,0.892235468437343,0.9737880106576966,0.9614951348151919,0.13209927082061768,0.09983384609222412,0.15293633937835693,0.9956516788597805,0.9975129496229278,0.9941781649746166,-0.9514948725700378,0.9635694622993469,-0.0758456140756607,0.6545758928571429,0.8070018177810689,
6,client_0,True,flip,clip01,pretrained,-0.03975709155201912,0.778531551361084,0.2846444845199585,0.37880897521972656,0.8641283467986429,0.9800480612048685,0.96506894237253,0.830542490617356,0.9324670751832567,0.91162958221914,1.140114188194275,0.2825726270675659,0.37898802757263184,0.7401900877057914,0.9803331699801996,0.9650367846413468,-1.3836753368377686,1.353998064994812,-0.0011545033194124699,0.502311862244898,0.017468926955676457,
6,client_1,True,flip,clip01,pretrained,-0.0194636732339859,0.8964964151382446,0.3216789960861206,0.37898802757263184,0.8258042081632853,0.9746241945837151,0.9650367846413468,0.8086877365872143,0.9241871098301226,0.9115906299444705,1.2354369163513184,0.32423532009124756,0.37898802757263184,0.7055323580730501,0.9742271434657692,0.9650367846413468,-1.2880222797393799,1.0485756397247314,-0.007530256640166044,0.5099649234693877,0.0030258026305590227,
6,client_2,False,flip,clip01,pretrained,0.8139783143997192,0.6144593358039856,0.20356178283691406,0.19599497318267822,0.9119013026100304,0.9897205941026441,0.9904652302229771,0.8624553718118397,0.950989100755097,0.9527457687344187,0.541508674621582,0.2023078203201294,0.19611239433288574,0.9305372992579584,0.9898458851607577,0.9904538841530557,-0.741001307964325,0.8346046209335327,0.009922035038471222,0.5158641581632653,0.6847263079547266,
6,client_3,False,flip,clip01,pretrained,0.9033600091934204,0.39307308197021484,0.09129559993743896,0.14947056770324707,0.9624647221036082,0.997919530337364,0.9944379491787063,0.9085343034256959,0.9775610330465483,0.9636545362936675,0.3033033609390259,0.09135150909423828,0.1440335512161255,0.9773925595628312,0.9979169853937813,0.9948336898402286,-0.6917936205863953,0.7878549098968506,0.03256019204854965,0.42330994897959184,0.49999795209525266,
6,client_4,False,flip,clip01,pretrained,0.7881820201873779,0.15002357959747314,0.062166452407836914,0.190790057182312,0.9943968894983979,0.9990345327145205,0.9909615304382333,0.9635237696739265,0.9846377149936161,0.9539569447324436,0.15239763259887695,0.06303524971008301,0.19225311279296875,0.9942189289840677,0.999007378915928,0.9908233370018937,-0.7703980803489685,0.7812520265579224,-0.0380726121366024,0.5881696428571429,0.6877592711041981,
6,client_5,False,flip,clip01,pretrained,0.884517252445221,0.4935518503189087,0.19772863388061523,0.17690002918243408,0.9417760726681119,0.9902970410318472,0.9922222648687697,0.8871721829153729,0.9523428614774507,0.9572004805350609,0.4924049377441406,0.19642138481140137,0.17715322971343994,0.9420344759544335,0.9904239957514331,0.9922001146138206,-0.7830934524536133,0.8534495830535889,0.02752634510397911,0.45790816326530615,0.8484629959871288,
6,client_6,False,flip,clip01,pretrained,0.9387659430503845,0.5075117349624634,0.08140039443969727,0.18061316013336182,0.9385914483927917,0.9983455497229123,0.9918943376743992,0.8842642360691284,0.9799564039954716,0.9563317864717789,0.2055511474609375,0.07921445369720459,0.18317675590515137,0.9895202855953122,0.9984331113761515,0.9916640546343232,-0.7432734966278076,0.9231143593788147,-0.001576987444423139,0.5774075255102041,0.996197055166047,
6,client_7,False,flip,clip01,pretrained,0.6078387498855591,0.5264755487442017,0.21565556526184082,0.21667730808258057,0.934150237324072,0.9884737893979381,0.9883652692567695,0.8803368915775514,0.948191565447078,0.9479557825144538,0.4030522108078003,0.21397924423217773,0.21724200248718262,0.9605921450671397,0.9886507600531789,0.9883050802275815,-1.0120161771774292,1.1113101243972778,-0.09050347656011581,0.7055165816326531,0.8927563181743758,
6,client_8,False,flip,clip01,pretrained,0.6714780330657959,0.484308123588562,0.1491762399673462,0.16301345825195312,0.943844595287977,0.9944597414455789,0.9933896100817936,0.88910565750369,0.9637241446586313,0.9604597992068358,0.1409214735031128,0.14934301376342773,0.16640043258666992,0.9950537108926814,0.9944473985629452,0.9931135000426907,-0.837941586971283,0.9726871252059937,-0.07899527996778488,0.6358418367346939,0.9414134998183692,
6,client_9,False,flip,clip01,pretrained,0.6689496040344238,0.4537208080291748,0.14020419120788574,0.24370408058166504,0.9504559274285882,0.9951037508021141,0.985315830974441,0.8955489551631906,0.9658496587748706,0.9417507931185225,0.36495256423950195,0.13801681995391846,0.24720895290374756,0.967516166972864,0.9952547950395008,0.9848952608405461,-0.9514948725700378,0.9635694622993469,-0.0758456140756607,0.6545758928571429,0.8070018177810689,
6,client_0,True,flip_global,raw,random,0.8705474138259888,0.06888008117675781,0.1018754243850708,0.19614267349243164,0.9988149379384961,0.9974103900604769,0.9904509572940146,0.9829998922872532,0.9750096435602382,0.952711432818107,0.06683015823364258,0.10204839706420898,0.19851726293563843,0.9988843668459189,0.9974016060393465,0.9902200572200659,-0.8641128540039062,0.8116191029548645,-0.011277859099209309,0.5187340561224489,0.017468926955676457,
6,client_1,True,flip_global,raw,random,0.8634198904037476,0.0602647066116333,0.12199664115905762,0.1927207112312317,0.999092659208213,0.9962895628548558,0.9907789533455786,0.9851023996164552,0.9701847971075146,0.9535074147146061,0.07552504539489746,0.12401080131530762,0.19714415073394775,0.9985755155794156,0.9961663885277192,0.9903539047290788,-0.8377233743667603,0.8602839708328247,-0.0005180268781259656,0.5004783163265306,0.0030258026305590227,
6,client_2,False,flip_global,raw,random,0.9198976755142212,0.408291220664978,0.06825971603393555,0.32070326805114746,0.959592502595028,0.9988361696669605,0.974774980650118,0.9052494134531301,0.9831510618918011,0.9244038367632852,0.4384673833847046,0.06837630271911621,0.3336597681045532,0.95361613608528,0.99883219414422,0.9727383420645945,-1.0070321559906006,1.014258623123169,-0.015634527429938316,0.5756536989795918,0.6847263079547266,
6,client_3,False,flip_global,raw,random,0.9567352533340454,0.2643861770629883,0.15838086605072021,0.12692022323608398,0.9827514235539061,0.9937582497797859,0.9959849458690626,0.9370436015687089,0.9615508246530262,0.9690096357765632,0.17942607402801514,0.15357506275177002,0.12648606300354004,0.9919998988271093,0.9941296495862018,0.9960122856708185,-0.6352173686027527,0.9197004437446594,0.04193604364991188,0.44395727040816324,0.49999795209525266,
6,client_4,False,flip_global,raw,random,0.8444254994392395,0.15912508964538574,0.045574069023132324,0.16210591793060303,0.9936997307891255,0.9994809532039552,0.9934626485546036,0.9613754264955083,0.9887031197991185,0.9606733882355432,0.1487029790878296,0.045366525650024414,0.16207146644592285,0.9944946935029431,0.9994856680768178,0.9934654133208394,-0.9649784564971924,0.8781941533088684,-0.045297879725694656,0.6020408163265306,0.6877592711041981,
6,client_5,False,flip_global,raw,random,0.9461243748664856,0.46641969680786133,0.08127760887145996,0.2925311326980591,0.9477550801523174,0.9983505309815448,0.9789448975689572,0.8928653879341473,0.9799861824969329,0.9306944988632269,0.487170934677124,0.07992696762084961,0.3048466444015503,0.9432074209212691,0.9984048309593252,0.9771658767649054,-0.7551359534263611,0.7145252227783203,0.028902672231197357,0.4778380102040816,0.8484629959871288,
6,client_6,False,flip_global,raw,random,0.9516833424568176,0.5970870852470398,0.10586059093475342,0.24444371461868286,0.916499652133371,0.997204259818478,0.9852275555498025,0.8659423758683036,0.9740511876904643,0.9415818419957478,0.5940670371055603,0.10158407688140869,0.2508629560470581,0.9172890800597837,0.9974251520490733,0.9844506947195932,-0.7069550156593323,0.9088810682296753,-0.013966353610157967,0.6025191326530612,0.996197055166047,
6,client_7,False,flip_global,raw,random,0.774364173412323,0.20531964302062988,0.25107836723327637,0.13979458808898926,0.9895436927241512,0.9844242924827455,0.9951322131682752,0.9505817024996019,0.940068354909992,0.9659468633843389,0.15542149543762207,0.25316083431243896,0.13859248161315918,0.9939882835887519,0.9841679381553854,0.9952152709087199,-1.1893420219421387,1.0471335649490356,-0.1145012304186821,0.7294323979591837,0.8927563181743758,
6,client_8,False,flip_global,raw,random,0.790647029876709,0.254233717918396,0.2539544105529785,0.22182679176330566,0.9840350777926112,0.984069717275633,0.987810810535193,0.9393498439654142,0.9394134122680187,0.9467687997233136,0.21312928199768066,0.2589385509490967,0.22662389278411865,0.9887399816953577,0.9834461455661838,0.9872830117055018,-1.1825809478759766,0.9579405784606934,-0.12350673228502274,0.7279177295918368,0.9414134998183692,
6,client_9,False,flip_global,raw,random,0.7855732440948486,0.23039960861206055,0.1536715030670166,0.181177020072937,0.9868599547129995,0.9941223070275755,0.9918439587526893,0.9447976699071594,0.9626618396590052,0.9561999739565024,0.20932996273040771,0.1544630527496338,0.18168962001800537,0.9891346046836735,0.9940618706903499,0.9917980268100235,-1.1505695581436157,0.833386242389679,-0.11690795421600342,0.6747448979591837,0.8070018177810689,
6,client_0,True,flip_global,raw,pretrained,0.8705474138259888,0.08607292175292969,0.17753815650939941,0.09882485866546631,0.9981504327234365,0.9921663815368758,0.9975628756964818,0.9788242104590217,0.957051105092428,0.9757442795415385,0.04491138458251953,0.1747734546661377,0.0981745719909668,0.9994959325278838,0.9924070783737289,0.997594785975914,-0.8641128540039062,0.8116191029548645,-0.011277859099209309,0.5187340561224489,0.017468926955676457,0.5077275037765503
6,client_1,True,flip_global,raw,pretrained,0.8634198904037476,0.09723484516143799,0.14714860916137695,0.13916373252868652,0.9976405298827671,0.9946087208507557,0.9951758893313973,0.9761275154256144,0.9642038836260753,0.9660966030672802,0.05388200283050537,0.1453932523727417,0.13917255401611328,0.9992745773631742,0.9947360750354166,0.9951752799334728,-0.8377233743667603,0.8602839708328247,-0.0005180268781259656,0.5004783163265306,0.0030258026305590227,0.695605456829071
6,client_2,False,flip_global,raw,pretrained,0.9198976755142212,0.20033550262451172,0.08815443515777588,0.10804009437561035,0.990041432529599,0.9980600261465009,0.9970882090731155,0.9517375001562087,0.9783204739652607,0.9735276026053357,0.21991801261901855,0.0916513204574585,0.10343658924102783,0.9880177981809695,0.9979033117892846,0.997330574452219,-1.0070321559906006,1.014258623123169,-0.015634527429938316,0.5756536989795918,0.6847263079547266,0.5561929941177368
6,client_3,False,flip_global,raw,pretrained,0.9567352533340454,0.16766846179962158,0.14079797267913818,0.08250856399536133,0.993008698245166,0.995062344634029,0.9983002541836563,0.9593653676245195,0.9657087721212019,0.9796877072283878,0.22275865077972412,0.15129786729812622,0.08456945419311523,0.9877091339557973,0.9943017095091646,0.9982143967500592,-0.6352173686027527,0.9197004437446594,0.04193604364991188,0.44395727040816324,0.49999795209525266,0.44616031646728516
6,client_4,False,flip_global,raw,pretrained,0.8444254994392395,0.08848726749420166,0.04281497001647949,0.14583945274353027,0.9980453710415433,0.9995418770540168,0.9947038449821897,0.9782399629893106,0.9893815860733051,0.9645138215930491,0.11941766738891602,0.04395484924316406,0.14947211742401123,0.9964443656414605,0.9995171677235777,0.9944378343243299,-0.9649784564971924,0.8781941533088684,-0.045297879725694656,0.6020408163265306,0.6877592711041981,0.4820209741592407
6,client_5,False,flip_global,raw,pretrained,0.9461243748664856,0.3033410310745239,0.1573268175125122,0.08532214164733887,0.9773870392042805,0.9938406699453113,0.9981825142854199,0.9282731244204343,0.9617993244215903,0.9790059984884509,0.3520500659942627,0.16447055339813232,0.08274435997009277,0.9697208797012524,0.9932715078168619,0.9982905375882609,-0.7551359534263611,0.7145252227783203,0.028902672231197357,0.4778380102040816,0.8484629959871288,0.49229538440704346
6,client_6,False,flip_global,raw,pretrained,0.9516833424568176,0.4066340923309326,0.058032870292663574,0.11836075782775879,0.9599099216195295,0.999158577862383,0.9965068613444945,0.9056062422537452,0.9856481605375622,0.971053984509888,0.13368439674377441,0.05481290817260742,0.11810183525085449,0.9955470482467574,0.9992493091950359,0.9965220877594536,-0.7069550156593323,0.9088810682296753,-0.013966353610157967,0.6025191326530612,0.996197055166047,0.5507333278656006
6,client_7,False,flip_global,raw,pretrained,0.774364173412323,0.3739469647407532,0.18054676055908203,0.134637713432312,0.9659369561877604,0.9919002601624085,0.995483528999066,0.912688255656465,0.9563473103764035,0.967171920524865,0.06419909000396729,0.17139720916748047,0.1327052116394043,0.998970414936581,0.9926960087975587,0.9956118274720067,-1.1893420219421387,1.0471335649490356,-0.1145012304186821,0.7294323979591837,0.8927563181743758,0.645513653755188
6,client_8,False,flip_global,raw,pretrained,0.790647029876709,0.3856933116912842,0.20937049388885498,0.11687994003295898,0.9638227564248385,0.9891304310640052,0.9965934982076678,0.910133718245032,0.9496438831440033,0.9714083211282099,0.08198773860931396,0.1994328498840332,0.11748754978179932,0.9983216184019021,0.9901303070622036,0.996558079926557,-1.1825809478759766,0.9579405784606934,-0.12350673228502274,0.7279177295918368,0.9414134998183692,0.65480637550354
6,client_9,False,flip_global,raw,pretrained,0.7855732440948486,0.32224059104919434,0.09003996849060059,0.12128400802612305,0.9745372156264231,0.9979762778656582,0.996332665696102,0.9240624040377832,0.977864501455854,0.9703550657674205,0.20844244956970215,0.08421993255615234,0.12454509735107422,0.989225798710573,0.9982291063113011,0.9961333794868297,-1.1505695581436157,0.833386242389679,-0.11690795421600342,0.6747448979591837,0.8070018177810689,0.659279465675354
6,client_0,True,flip_global,clip01,random,0.8705474138259888,0.05361354351043701,0.25177764892578125,0.3286494016647339,0.9992817840984134,0.9843384349976592,0.9735347262706207,0.9867301779728292,0.9399090488898232,0.9226410772286391,0.08701616525650024,0.26356446743011475,0.33893901109695435,0.9981097308689499,0.9828570928799383,0.9718872669051712,-0.8641128540039062,0.8116191029548645,-0.011277859099209309,0.5187340561224489,0.017468926955676457,
6,client_1,True,flip_global,clip01,random,0.8634198904037476,0.10766482353210449,0.3745608329772949,0.18244725465774536,0.9971083579916011,0.9658279165474786,0.9917299065603125,0.9736177243130331,0.9125544875106004,0.9559031335072938,0.15555644035339355,0.3966951370239258,0.1869567632675171,0.9939778869200475,0.9617898418493998,0.9913187330800362,-0.8377233743667603,0.8602839708328247,-0.0005180268781259656,0.5004783163265306,0.0030258026305590227,
6,client_2,False,flip_global,clip01,random,0.9198976755142212,0.27661681175231934,0.059363722801208496,0.07431113719940186,0.9811418284453632,0.9991195689055545,0.9986208918397992,0.934276566770033,0.9853226666194024,0.9816779494033077,0.16771674156188965,0.05878770351409912,0.07120418548583984,0.9930046925605085,0.9991365610320266,0.9987336949262109,-1.0070321559906006,1.014258623123169,-0.015634527429938316,0.5756536989795918,0.6847263079547266,
6,client_3,False,flip_global,clip01,random,0.9567352533340454,0.33324581384658813,0.07370805740356445,0.1026085615158081,0.9728045582959186,0.9986431629075803,0.997373057902728,0.9216237230911069,0.9818246099355712,0.9748332135405176,0.22806191444396973,0.06837916374206543,0.09920740127563477,0.9871226780818376,0.9988320965003921,0.9975440062152563,-0.6352173686027527,0.9197004437446594,0.04193604364991188,0.44395727040816324,0.49999795209525266,
6,client_4,False,flip_global,clip01,random,0.8444254994392395,0.07842278480529785,0.03898131847381592,0.052901506423950195,0.9984642379269255,0.9996202224104769,0.999300724610767,0.9806789302116763,0.9903254466293969,0.9869046781622477,0.07181715965270996,0.038194894790649414,0.05126476287841797,0.9987118198064027,0.9996353872405404,0.9993433046378191,-0.9649784564971924,0.8781941533088684,-0.045297879725694656,0.6020408163265306,0.6877592711041981,
6,client_5,False,flip_global,clip01,random,0.9461243748664856,0.1806933879852295,0.04701244831085205,0.08703434467315674,0.9918871789433588,0.9994476863205144,0.9981089420771445,0.9563130300866851,0.9883496971533192,0.9785914930040311,0.1704425811767578,0.046486854553222656,0.08453094959259033,0.9927767038848407,0.99945996191908,0.9982160201798609,-0.7551359534263611,0.7145252227783203,0.028902672231197357,0.4778380102040816,0.8484629959871288,
6,client_6,False,flip_global,clip01,random,0.9516833424568176,0.4951896071434021,0.08121800422668457,0.12573671340942383,0.9414062238540548,0.9983529463705878,0.9960592557203694,0.8868302804697392,0.9800006385698887,0.9692919208622142,0.21953296661376953,0.07789337635040283,0.1255863904953003,0.9880593435218086,0.9984848793788483,0.9960686449135299,-0.7069550156593323,0.9088810682296753,-0.013966353610157967,0.6025191326530612,0.996197055166047,
6,client_7,False,flip_global,clip01,random,0.774364173412323,0.36202818155288696,0.16050434112548828,0.109749436378479,0.9680221579521642,0.9935905674631695,0.9969955525545706,0.9152913403487106,0.961050492397437,0.9731172606455292,0.027997374534606934,0.15435516834259033,0.10583531856536865,0.999804065552288,0.9940701258228168,0.9972055917287648,-1.1893420219421387,1.0471335649490356,-0.1145012304186821,0.7294323979591837,0.8927563181743758,
6,client_8,False,flip_global,clip01,random,0.790647029876709,0.44273412227630615,0.14948439598083496,0.08296585083007812,0.9527414609961526,0.9944369242828792,0.9982813853461234,0.8978805098970128,0.9636512660985372,0.9795768615776412,0.06226944923400879,0.14339840412139893,0.08269619941711426,0.9990313332356453,0.9948789785176226,0.998292524412784,-1.1825809478759766,0.9579405784606934,-0.12350673228502274,0.7279177295918368,0.9414134998183692,
6,client_9,False,flip_global,clip01,random,0.7855732440948486,0.36855101585388184,0.07620859146118164,0.09830069541931152,0.9668885113040162,0.9985496422348532,0.9975886133090084,0.9138653588835406,0.9812167296054775,0.9758705919751738,0.08301746845245361,0.0705108642578125,0.09959542751312256,0.9982792489529564,0.9987582122471326,0.9975247923201198,-1.1505695581436157,0.833386242389679,-0.11690795421600342,0.6747448979591837,0.8070018177810689,
6,client_0,True,flip_global,clip01,pretrained,0.8705474138259888,0.07135546207427979,0.17357635498046875,0.12377679347991943,0.9987283137015439,0.9925101535023579,0.9961808014600271,0.9823970425483226,0.9579790663184942,0.9697596632017511,0.028479933738708496,0.16911804676055908,0.1235494613647461,0.9997972541782401,0.9928879369430335,0.996194777453365,-0.8641128540039062,0.8116191029548645,-0.011277859099209309,0.5187340561224489,0.017468926955676457,
6,client_1,True,flip_global,clip01,pretrained,0.8634198904037476,0.07394695281982422,0.15952301025390625,0.13222837448120117,0.9986343623817386,0.9936683315010446,0.9956432030867657,0.981766509993963,0.9612816645287616,0.9677450782705035,0.03471493721008301,0.15555012226104736,0.1326206922531128,0.9996987863481861,0.993978373887568,0.9956173969267383,-0.8377233743667603,0.8602839708328247,-0.0005180268781259656,0.5004783163265306,0.0030258026305590227,
6,client_2,False,flip_global,clip01,pretrained,0.9198976755142212,0.19392800331115723,0.09119081497192383,0.13561487197875977,0.9906638745510619,0.997924295901454,0.9954179591268566,0.9532264727231066,0.9775863526875144,0.9669396095296303,0.23201322555541992,0.09674334526062012,0.13139498233795166,0.9866771062483572,0.997664281061492,0.995697772155554,-1.0070321559906006,1.014258623123169,-0.015634527429938316,0.5756536989795918,0.6847263079547266,
6,client_3,False,flip_global,clip01,pretrained,0.9567352533340454,0.17582690715789795,0.1495688557624817,0.07959103584289551,0.9923157992420244,0.994430662442922,0.9984181958418528,0.9574517602965376,0.9636312928978303,0.980395355183278,0.2453169822692871,0.1651611328125,0.08385753631591797,0.9851230019201298,0.9932151744666604,0.998244293712172,-0.6352173686027527,0.9197004437446594,0.04193604364991188,0.44395727040816324,0.49999795209525266,
6,client_4,False,flip_global,clip01,pretrained,0.8444254994392395,0.08777403831481934,0.044816017150878906,0.15928411483764648,0.998076708351096,0.9994980701819627,0.9936871915910515,0.9784125028098416,0.9888894562330868,0.9613379537680398,0.12275171279907227,0.047321319580078125,0.16751152276992798,0.9962436207228513,0.9994404081466179,0.9930217113928712,-0.9649784564971924,0.8781941533088684,-0.045297879725694656,0.6020408163265306,0.6877592711041981,
6,client_5,False,flip_global,clip01,pretrained,0.9461243748664856,0.2981947660446167,0.14610183238983154,0.09229826927185059,0.9781352727260639,0.9946848473343968,0.9978736544817681,0.929424684280179,0.9644516921886588,0.9773188035227183,0.3714792728424072,0.15516889095306396,0.08999872207641602,0.9663736658017903,0.9940077213814442,0.9979781287229723,-0.7551359534263611,0.7145252227783203,0.028902672231197357,0.4778380102040816,0.8484629959871288,
6,client_6,False,flip_global,clip01,pretrained,0.9516833424568176,0.4260324239730835,0.06483900547027588,0.13888955116271973,0.956123636300344,0.9989498037607774,0.9951948110979523,0.9014424364641911,0.9839852422316371,0.9661616935406836,0.14355134963989258,0.06203329563140869,0.13944053649902344,0.9948680908676535,0.9990386612505857,0.99515674926948,-0.7069550156593323,0.9088810682296753,-0.013966353610157967,0.6025191326530612,0.996197055166047,
6,client_7,False,flip_global,clip01,pretrained,0.774364173412323,0.4605386257171631,0.216813325881958,0.1271662712097168,0.9490137191016923,0.988350785360437,0.9959694107249457,0.8941066853045427,0.9479244009529588,0.9689509650945791,0.07709360122680664,0.2102491855621338,0.12451338768005371,0.9985157983767454,0.9890397573235401,0.9961353424393959,-1.1893420219421387,1.0471335649490356,-0.1145012304186821,0.7294323979591837,0.8927563181743758,
6,client_8,False,flip_global,clip01,pretrained,0.790647029876709,0.5443648099899292,0.22810149192810059,0.10975432395935059,0.9298418033974791,0.9871182515659931,0.9969952855519184,0.8766561359381744,0.9453254655136283,0.9731160877128782,0.10630011558532715,0.2214348316192627,0.11029553413391113,0.9971810454583288,0.9878534552415561,0.9969656470035906,-1.1825809478759766,0.9579405784606934,-0.12350673228502274,0.7279177295918368,0.9414134998183692,
6,client_9,False,flip_global,clip01,pretrained,0.7855732440948486,0.3152276277542114,0.11718392372131348,0.11182498931884766,0.975613309508875,0.9965758013637143,0.9968811078258557,0.9256214956419406,0.9713355667350265,0.9726193556629261,0.2029285430908203,0.11300778388977051,0.11902368068695068,0.989783958745315,0.9968149391768153,0.9964677265765878,-1.1505695581436157,0.833386242389679,-0.11690795421600342,0.6747448979591837,0.8070018177810689,
7,client_0,True,orig,raw,random,0.685660183429718,0.1074599027633667,0.1908353567123413,0.1832677721977234,0.9971193311928543,0.990957267059817,0.9916558206359631,0.9736669415495374,0.9539463936235733,0.9557114607898964,0.11086034774780273,0.19085705280303955,0.1894679069519043,0.9969345618017027,0.9909552247772251,0.9910855311537436,-0.7405574917793274,0.7601808905601501,0.004734871443361044,0.49473852040816324,-0.0014827176252846634,
7,client_1,True,orig,raw,random,0.7249003052711487,0.08729779720306396,0.17306816577911377,0.20509928464889526,0.9980974926701873,0.992553701269848,0.9895659491552451,0.9785277374365844,0.9580981957989765,0.9506327579480465,0.152718186378479,0.18199080228805542,0.2103937864303589,0.9941946896677203,0.9917709800924177,0.9890248005157796,-1.2067255973815918,1.2624218463897705,0.0037427167408168316,0.48732461734693877,-0.0057219766652809815,
7,client_2,False,orig,raw,random,0.9221566319465637,0.028572678565979004,0.036100149154663086,0.034479498863220215,0.9997959317481631,0.99967427440252,0.9997028572765043,0.9928949205946374,0.9910356917559628,0.9914355387247586,0.046942830085754395,0.036344051361083984,0.03599238395690918,0.999449320217866,0.9996698592501478,0.9996762157229724,-0.6806051135063171,1.0780266523361206,0.058973297476768494,0.35897640306122447,0.6620804382038107,
7,client_3,False,orig,raw,random,0.8920495510101318,0.13973772525787354,0.03458261489868164,0.08821237087249756,0.9951361579476168,0.9997010777195106,0.9980574790972192,0.9659603588992323,0.9914100907182581,0.9783064588038712,0.1386939287185669,0.03275465965270996,0.09094762802124023,0.9952082888858869,0.9997318370135153,0.9979353349551627,-0.9759922623634338,1.2174153327941895,0.028793668374419212,0.4064891581632653,0.47749089728571903,
7,client_4,False,orig,raw,random,0.9055253267288208,0.07477045059204102,0.0675516128540039,0.03716278076171875,0.9986038086681253,0.9988601702479543,0.999654821318811,0.981566272897402,0.983323654009812,0.9907736505236944,0.09111011028289795,0.06982064247131348,0.037169575691223145,0.9979279625998985,0.9987823825599584,0.9996546951134162,-0.8139533996582031,0.8284487128257751,-0.01849842630326748,0.4607780612244898,0.6630034608900206,
7,client_5,False,orig,raw,random,0.9380620121955872,0.12804639339447021,0.05524790287017822,0.07329022884368896,0.9959135976737603,0.9992373538101447,0.9986584868630086,0.9687411416802147,0.9863298177021818,0.9819262392564267,0.09821033477783203,0.052459716796875,0.07218682765960693,0.9975930364914443,0.999312349381992,0.9986985372298844,-0.659021258354187,1.0247060060501099,0.06697333604097366,0.3596141581632653,0.8484886630724472,
7,client_6,False,orig,raw,random,0.7967501878738403,0.15938997268676758,0.03893423080444336,0.06826233863830566,0.9936788378465895,0.9996211391040528,0.998836080312353,0.9613130106200272,0.9903370482028424,0.9831504227462451,0.12770593166351318,0.03777611255645752,0.06653165817260742,0.9959352331913525,0.9996433367652717,0.9988943023975752,-0.7272596955299377,1.061170220375061,0.10388768464326859,0.33091517857142855,0.9968764745186715,
7,client_7,False,orig,raw,random,0.9377745389938354,0.06705832481384277,0.03501260280609131,0.06487727165222168,0.9988767424474168,0.9996935998402021,0.9989485647796259,0.983443914249073,0.9913039845658713,0.983975904700676,0.03260636329650879,0.03267025947570801,0.060637831687927246,0.9997342592436442,0.9997332169283815,0.9990813967073848,-0.7621253728866577,1.1120855808258057,0.09033806622028351,0.3356983418367347,0.9105582925417285,
7,client_8,False,orig,raw,random,0.9723333716392517,0.11609673500061035,0.047379374504089355,0.11233806610107422,0.9966388839771798,0.9994390348411881,0.9968524896466398,0.9715958083854557,0.9882595704569068,0.9724963324925955,0.07345318794250488,0.046712398529052734,0.10536003112792969,0.9986525206221766,0.9994547110636702,0.9972305817043001,-0.5799283981323242,0.8787906765937805,0.06759802252054214,0.36367984693877553,0.9408269646570991,
7,client_9,False,orig,raw,random,0.9308524131774902,0.11267352104187012,0.04008972644805908,0.10031247138977051,0.996833708626184,0.999598324506791,0.997489090569128,0.9724159112941695,0.990052413290301,0.9753859294845637,0.09362125396728516,0.04024302959442139,0.09749829769134521,0.9978123611678777,0.9995952475526839,0.9976277496386907,-0.7274778485298157,0.8993034958839417,-0.011116093955934048,0.4702646683673469,0.8236218569206416,
7,client_0,True,orig,raw,pretrained,0.685660183429718,0.04969429969787598,0.10995185375213623,0.11981606483459473,0.9993829048980698,0.9969844848764993,0.9964206655148049,0.9876912483575819,0.9730686858452615,0.9707059412776777,0.01911008358001709,0.10663950443267822,0.11813879013061523,0.9999087074276234,0.9971630547149577,0.9965199165789138,-0.7405574917793274,0.7601808905601501,0.004734871443361044,0.49473852040816324,-0.0014827176252846634,0.5150095224380493
7,client_1,True,orig,raw,pretrained,0.7249003052711487,0.08564209938049316,0.17283523082733154,0.12669885158538818,0.9981688763586942,0.9925736202198681,0.9959988975801495,0.9789285202262465,0.9581528077424262,0.9690624268940009,0.05120813846588135,0.1717602014541626,0.1255737543106079,0.9993447538276539,0.9926652092380508,0.9960694336659253,-1.2067255973815918,1.2624218463897705,0.0037427167408168316,0.48732461734693877,-0.0057219766652809815,0.5404726266860962
7,client_2,False,orig,raw,pretrained,0.9221566319465637,0.03784167766571045,0.028442859649658203,0.030988216400146484,0.9996420979573097,0.999797781608184,0.9997599758285463,0.9906062913485199,0.9929270307866249,0.9922977310175001,0.03447890281677246,0.028177618980407715,0.030478477478027344,0.9997028675475275,0.9998015349933698,0.9997678060461095,-0.6806051135063171,1.0780266523361206,0.058973297476768494,0.35897640306122447,0.6620804382038107,0.5511794090270996
7,client_3,False,orig,raw,pretrained,0.8920495510101318,0.06366407871246338,0.03316819667816162,0.034954071044921875,0.9989874908095657,0.9997250244041345,0.9996946231886352,0.9842720069876423,0.9917592404913549,0.9913184271794135,0.04386281967163086,0.03248405456542969,0.033591270446777344,0.9995191867191004,0.999736248734918,0.9997179663089066,-0.9759922623634338,1.2174153327941895,0.028793668374419212,0.4064891581632653,0.47749089728571903,0.35428309440612793
7,client_4,False,orig,raw,pretrained,0.9055253267288208,0.09379935264587402,0.08892655372619629,0.0321042537689209,0.9978040437485494,0.9980259445624255,0.9997423790097473,0.9769563332016249,0.9781337164145927,0.9920219968758421,0.07733404636383057,0.08761918544769287,0.03227090835571289,0.9985065362562238,0.9980834788414019,0.9997396979475162,-0.8139533996582031,0.8284487128257751,-0.01849842630326748,0.4607780612244898,0.6630034608900206,0.5745091438293457
7,client_5,False,orig,raw,pretrained,0.9380620121955872,0.12157344818115234,0.07623744010925293,0.09681415557861328,0.9963151893383939,0.9985485451613965,0.9976608666015621,0.9702859047349524,0.9812097197898997,0.9762289506974393,0.10789680480957031,0.07617485523223877,0.09570968151092529,0.9970959107311479,0.998550924651723,0.9977138416891658,-0.659021258354187,1.0247060060501099,0.06697333604097366,0.3596141581632653,0.8484886630724472,0.3340965509414673
7,client_6,False,orig,raw,pretrained,0.7967501878738403,0.21249020099639893,0.1565917730331421,0.0938180685043335,0.9888068408970041,0.9938978262484672,0.9978031687839657,0.9489225818608207,0.9619726737092951,0.9769518151107941,0.21707284450531006,0.1591029167175293,0.09266924858093262,0.9883231261112313,0.993701478156995,0.9978565546093947,-0.7272596955299377,1.061170220375061,0.10388768464326859,0.33091517857142855,0.9968764745186715,0.3992891311645508
7,client_7,False,orig,raw,pretrained,0.9377745389938354,0.050531864166259766,0.10305202007293701,0.16116857528686523,0.9993619381827477,0.9973503475926586,0.9935376658269639,0.9874857442190956,0.9747265181576543,0.9608940661312675,0.05414247512817383,0.10501396656036377,0.16367042064666748,0.9992675507072528,0.9972487071386935,0.9933364886538818,-0.7621253728866577,1.1120855808258057,0.09033806622028351,0.3356983418367347,0.9105582925417285,0.4009578227996826
7,client_8,False,orig,raw,pretrained,0.9723333716392517,0.11838865280151367,0.04559481143951416,0.20976591110229492,0.9965052189607344,0.9994804808064395,0.9890896727160545,0.9710473115398908,0.9886980218544468,0.9495524139257974,0.12189257144927979,0.046126484870910645,0.21355056762695312,0.9962958729691758,0.999468298973095,0.9886958016696121,-0.5799283981323242,0.8787906765937805,0.06759802252054214,0.36367984693877553,0.9408269646570991,0.3513612747192383
7,client_9,False,orig,raw,pretrained,0.9308524131774902,0.1736583709716797,0.057058095932006836,0.21345853805541992,0.992503113688002,0.9991865899901335,0.9887054599619272,0.9579598422527456,0.9858866688555377,0.9486988620072674,0.15638113021850586,0.05712413787841797,0.21503889560699463,0.9939141571797607,0.9991847070882827,0.9885390467799866,-0.7274778485298157,0.8993034958839417,-0.011116093955934048,0.4702646683673469,0.8236218569206416,0.49622392654418945
7,client_0,True,orig,clip01,random,0.685660183429718,0.11777651309967041,0.21888726949691772,0.11671936511993408,0.9965411721467885,0.9881288548091265,0.9966028279413681,0.9711937619839581,0.9474461011057531,0.9714467558692019,0.19593065977096558,0.22119104862213135,0.11766326427459717,0.9904714418463552,0.9878799418350741,0.9965478034434705,-0.7405574917793274,0.7601808905601501,0.004734871443361044,0.49473852040816324,-0.0014827176252846634,
7,client_1,True,orig,clip01,random,0.7249003052711487,0.060634613037109375,0.31126755475997925,0.17281919717788696,0.9990814941563733,0.9762112672512624,0.9925749903393859,0.9850119885566955,0.9265036306555228,0.9581565670272401,0.1360047459602356,0.3256700038909912,0.1751841902732849,0.9953916670575089,0.9740030371699451,0.9923715528630515,-1.2067255973815918,1.2624218463897705,0.0037427167408168316,0.48732461734693877,-0.0057219766652809815,
7,client_2,False,orig,clip01,random,0.9221566319465637,0.06588292121887207,0.05728912353515625,0.035019755363464355,0.9989157426914259,0.9991799937383101,0.9996934746701494,0.9837305585599836,0.9858301330658343,0.9913022197060268,0.04715442657470703,0.0558476448059082,0.034105896949768066,0.9994443466852649,0.9992207159051161,0.9997092603610351,-0.6806051135063171,1.0780266523361206,0.058973297476768494,0.35897640306122447,0.6620804382038107,
7,client_3,False,orig,clip01,random,0.8920495510101318,0.07642579078674316,0.04775810241699219,0.05370330810546875,0.9985413722897947,0.9994300346760623,0.9992793783834244,0.9811639550727496,0.9881665578821734,0.9867081824912014,0.03775966167449951,0.046465516090393066,0.052206993103027344,0.9996436472566841,0.9994604573828123,0.99931895553414,-0.9759922623634338,1.2174153327941895,0.028793668374419212,0.4064891581632653,0.47749089728571903,
7,client_4,False,orig,clip01,random,0.9055253267288208,0.0929192304611206,0.08900129795074463,0.06113100051879883,0.9978449935429039,0.9980226296412429,0.9990664044102262,0.9771688340064852,0.9781156403636346,0.9848906830661666,0.04333949089050293,0.08717715740203857,0.05920147895812988,0.9995305874589742,0.9981027398365621,0.9991243716915261,-0.8139533996582031,0.8284487128257751,-0.01849842630326748,0.4607780612244898,0.6630034608900206,
7,client_5,False,orig,clip01,random,0.9380620121955872,0.1484832763671875,0.08257555961608887,0.10669326782226562,0.9945108822351605,0.9982974962578814,0.9971601995416439,0.9638880600333526,0.9796714664121604,0.9738511026904006,0.09693002700805664,0.08083415031433105,0.10466611385345459,0.9976552739525464,0.9983684592343156,0.9972668666284881,-0.659021258354187,1.0247060060501099,0.06697333604097366,0.3596141581632653,0.8484886630724472,
7,client_6,False,orig,clip01,random,0.7967501878738403,0.20454955101013184,0.0587468147277832,0.11566781997680664,0.989621371922143,0.9991377609382888,0.9966636110657572,0.9507601452390617,0.9854735271599762,0.971698507081447,0.13551020622253418,0.05707728862762451,0.11280274391174316,0.9954250048341742,0.999186043016993,0.9968264590633666,-0.7272596955299377,1.061170220375061,0.10388768464326859,0.33091517857142855,0.9968764745186715,
7,client_7,False,orig,clip01,random,0.9377745389938354,0.06502306461334229,0.06190943717956543,0.05993342399597168,0.9989438376231516,0.9990424935674094,0.9991026006243373,0.9839403302171144,0.9847004964961457,0.9851833809698483,0.05613505840301514,0.06274604797363281,0.058344244956970215,0.9992126790195777,0.9990164594829885,0.9991495301342332,-0.7621253728866577,1.1120855808258057,0.09033806622028351,0.3356983418367347,0.9105582925417285,
7,client_8,False,orig,clip01,random,0.9723333716392517,0.1177140474319458,0.03800368309020996,0.15549242496490479,0.9965448306111895,0.9996390277734044,0.9939828200132206,0.9712087083536383,0.9905663606342692,0.9622320261644195,0.10085856914520264,0.03710901737213135,0.15373218059539795,0.9974617297503117,0.9996558190786289,0.9941176849759426,-0.5799283981323242,0.8787906765937805,0.06759802252054214,0.36367984693877553,0.9408269646570991,
7,client_9,False,orig,clip01,random,0.9308524131774902,0.10433578491210938,0.05276346206665039,0.12980914115905762,0.9972840559796685,0.9993043674095368,0.995800669577191,0.9744177453181606,0.9869385142967484,0.968321103160152,0.07784485816955566,0.05139756202697754,0.12850558757781982,0.9984867641238202,0.9993398996360603,0.9958843268803217,-0.7274778485298157,0.8993034958839417,-0.011116093955934048,0.4702646683673469,0.8236218569206416,
7,client_0,True,orig,clip01,pretrained,0.685660183429718,0.04283499717712402,0.08557248115539551,0.08788561820983887,0.9995414485173963,0.9981718480977444,0.998071822477437,0.9893766588499104,0.9789453776041366,0.9783855071043535,0.01095283031463623,0.0804452896118164,0.08489358425140381,0.999970009551612,0.9983840998708597,0.9982007016394265,-0.7405574917793274,0.7601808905601501,0.004734871443361044,0.49473852040816324,-0.0014827176252846634,
7,client_1,True,orig,clip01,pretrained,0.7249003052711487,0.14554882049560547,0.11236238479614258,0.08429694175720215,0.994724849037149,0.9968511299876013,0.9982258705962075,0.964582648004924,0.9724905020486685,0.979254314242928,0.07274818420410156,0.10793662071228027,0.08135223388671875,0.9986782371806904,0.9970937716862984,0.9983475044288033,-1.2067255973815918,1.2624218463897705,0.0037427167408168316,0.48732461734693877,-0.0057219766652809815,
7,client_2,False,orig,clip01,pretrained,0.9221566319465637,0.041800737380981445,0.031197190284729004,0.03327202796936035,0.9995633176599605,0.9997567282245723,0.9997233004740926,0.9896311629009416,0.9922460920662954,0.9917336034162594,0.038849592208862305,0.030857086181640625,0.03265380859375,0.999622784049212,0.9997620025487246,0.9997334854805646,-0.6806051135063171,1.0780266523361206,0.058973297476768494,0.35897640306122447,0.6620804382038107,
7,client_3,False,orig,clip01,pretrained,0.8920495510101318,0.07036900520324707,0.03718280792236328,0.045909762382507324,0.9987631992333157,0.9996544492788677,0.999473281596295,0.9826372159293237,0.990768712894208,0.9886206199774865,0.04841423034667969,0.036711931228637695,0.04452478885650635,0.9994142730093998,0.9996631436547296,0.9995045699595646,-0.9759922623634338,1.2174153327941895,0.028793668374419212,0.4064891581632653,0.47749089728571903,
7,client_4,False,orig,clip01,pretrained,0.9055253267288208,0.10482800006866455,0.10864496231079102,0.02839791774749756,0.9972584228671548,0.9970555864293666,0.9997984200479479,0.9742993960142514,0.9733823692630454,0.9929381473502084,0.09077417850494385,0.10716784000396729,0.028538823127746582,0.9979431904991649,0.997134934898964,0.9997964149841099,-0.8139533996582031,0.8284487128257751,-0.01849842630326748,0.4607780612244898,0.6630034608900206,
7,client_5,False,orig,clip01,pretrained,0.9380620121955872,0.12937712669372559,0.07022905349731445,0.11538469791412354,0.9958284870590555,0.9987681093624268,0.9966798835001078,0.9684240209547772,0.982671297212554,0.9717663062853104,0.13027286529541016,0.0706411600112915,0.11433351039886475,0.9957707084158711,0.9987536229475096,0.9967399550276026,-0.659021258354187,1.0247060060501099,0.06697333604097366,0.3596141581632653,0.8484886630724472,
7,client_6,False,orig,clip01,pretrained,0.7967501878738403,0.22650718688964844,0.1555776596069336,0.11063909530639648,0.9872959811575908,0.9939762513020813,0.9969467574412467,0.9456918810411974,0.9622119142972425,0.9729037932617057,0.2442365288734436,0.15910810232162476,0.10949325561523438,0.9852523089713525,0.9937010695197821,0.9970095309058427,-0.7272596955299377,1.061170220375061,0.10388768464326859,0.33091517857142855,0.9968764745186715,
7,client_7,False,orig,clip01,pretrained,0.9377745389938354,0.047975778579711914,0.1056908369064331,0.16425979137420654,0.9994248294039005,0.997213200180012,0.9932886544658444,0.9881131042860543,0.9740919856779786,0.9601665917387991,0.05621051788330078,0.10802054405212402,0.16720330715179443,0.9992105621407357,0.9970892604785884,0.9930472334430855,-0.7621253728866577,1.1120855808258057,0.09033806622028351,0.3356983418367347,0.9105582925417285,
7,client_8,False,orig,clip01,pretrained,0.9723333716392517,0.1165015697479248,0.04703199863433838,0.22024381160736084,0.9966154620138452,0.99944722705159,0.9879825906103894,0.9714988903806387,0.9883448947700557,0.9471334469876611,0.13808560371398926,0.04849886894226074,0.225203275680542,0.9952500809723053,0.9994122241668286,0.9874404469800504,-0.5799283981323242,0.8787906765937805,0.06759802252054214,0.36367984693877553,0.9408269646570991,
7,client_9,False,orig,clip01,pretrained,0.9308524131774902,0.18117809295654297,0.05806684494018555,0.21783506870269775,0.9918438627482589,0.9991575929957455,0.9882417044184437,0.9561997231764658,0.985639849164127,0.9476887178496873,0.17376577854156494,0.05841696262359619,0.21892690658569336,0.992493889480323,0.9991474101943032,0.9881245934417211,-0.7274778485298157,0.8993034958839417,-0.011116093955934048,0.4702646683673469,0.8236218569206416,
7,client_0,True,flip,raw,random,,0.5492408275604248,0.24242877960205078,0.43964409828186035,0.9286478188068903,0.9854674377470864,0.9533756369801534,0.8756569082448558,0.9420422111690616,0.8985379111148251,0.7060555815696716,0.24259936809539795,0.4555119276046753,0.8861367808198723,0.9854472023815457,0.950078808088229,,,,0.0,-0.0014827176252846634,
7,client_1,True,flip,raw,random,,0.5768057107925415,0.24242877960205078,0.576111376285553,0.9217433753900315,0.9854674377470864,0.9219204707362443,0.8700402853755509,0.9420422111690616,0.8701810951772964,0.8831239938735962,0.24259936809539795,0.5930176973342896,0.8302823575224973,0.9854472023815457,0.9175626745218519,,,,0.0,-0.0057219766652809815,
7,client_2,False,flip,raw,random,0.7185089588165283,0.508914053440094,0.1167442798614502,0.2201528549194336,0.9382675428179292,0.9966013811755812,0.9879924249283696,0.883972917066489,0.9714407921999719,0.9471544057203238,0.41020452976226807,0.1167442798614502,0.21067798137664795,0.9592246044469712,0.9966013811755812,0.9889953758034009,-1.2967240810394287,0.8823620676994324,-0.01344174426048994,0.529655612244898,0.6620804382038107,
7,client_3,False,flip,raw,random,0.6924797296524048,0.6770932078361511,0.13369321823120117,0.20759999752044678,0.8945470479155448,0.9955464625144921,0.9893120157497459,0.8500576847044605,0.9673965457633336,0.9500536026402275,0.5644145011901855,0.13593566417694092,0.1994342803955078,0.9248793349618059,0.9953963311761804,0.9901301665231548,-0.6718062162399292,0.7221601605415344,-0.03747840225696564,0.5625,0.47749089728571903,
7,client_4,False,flip,raw,random,0.7895852327346802,0.242232084274292,0.09058272838592529,0.1369861364364624,0.9854907530346089,0.9979518439883772,0.9953251552132973,0.9420871699337596,0.9777333066945231,0.9666137445457943,0.17095041275024414,0.08527553081512451,0.13312005996704102,0.9927338315600485,0.9981844967960063,0.9955844400270815,-0.9164178371429443,0.8935853242874146,0.017401739954948425,0.4846938775510204,0.6630034608900206,
7,client_5,False,flip,raw,random,0.743777334690094,0.8024327754974365,0.3060961961746216,0.15201401710510254,0.8565944818278277,0.9769815536187776,0.9942478710530767,0.8260428377269458,0.9276574935592334,0.9630533262156191,0.6790324449539185,0.3106881380081177,0.14135301113128662,0.8939912415101943,0.9762981690599875,0.9950234842492218,-0.8313080668449402,0.8787895441055298,-0.08432773500680923,0.693718112244898,0.8484886630724472,
7,client_6,False,flip,raw,random,0.8145462274551392,0.7296010255813599,0.34445202350616455,0.18756258487701416,0.8791323068659385,0.9709854666015574,0.9912627496162709,0.8398705092128664,0.9191504412634943,0.9547091349900891,0.8027186393737793,0.3567451238632202,0.18227744102478027,0.8565036066529765,0.9689269277459671,0.9917451988359414,-1.04508376121521,1.1201272010803223,-0.07961095124483109,0.5943877551020408,0.9968764745186715,
7,client_7,False,flip,raw,random,0.5748914480209351,0.5264724493026733,0.18505024909973145,0.23030495643615723,0.9341509738740463,0.9914937612015386,0.9868706422596396,0.880337531311925,0.9552952734946627,0.9448193993965821,0.3619344234466553,0.18406927585601807,0.22134625911712646,0.9680383196341695,0.991583138605981,0.9878630817392013,-1.0287901163101196,0.894191324710846,-0.02787105366587639,0.5185746173469388,0.9105582925417285,
7,client_8,False,flip,raw,random,0.768052339553833,0.34194791316986084,0.09055006504058838,0.19279694557189941,0.9713967282476661,0.9979533185487859,0.9907717073716473,0.9197022471501608,0.9777412012612747,0.9534896709802017,0.2862825393676758,0.0871131420135498,0.19301831722259521,0.9798212627026126,0.9981055212231122,0.9907506504953814,-1.2442848682403564,0.7254824638366699,-0.028489885851740837,0.55859375,0.9408269646570991,
7,client_9,False,flip,raw,random,0.9146613478660583,0.5666111707687378,0.17058348655700684,0.15843892097473145,0.9243272081864218,0.9927648208312772,0.9937536945470964,0.8721111775807975,0.9586809736991722,0.961537140575889,0.4259706735610962,0.16544222831726074,0.15376412868499756,0.9561359325755519,0.9931921781572517,0.9941152506410058,-0.5252735018730164,0.7601759433746338,0.05158073082566261,0.36654974489795916,0.8236218569206416,
7,client_0,True,flip,raw,pretrained,,0.7592835426330566,0.24826180934906006,0.5319663882255554,0.870099946986655,0.9847678027095017,0.9328399725249443,0.834193120586241,0.9407104168506495,0.8792046646753109,1.329214334487915,0.24303603172302246,0.626941442489624,0.6713658048024544,0.9853953429333979,0.9085380932782952,,,,0.0,-0.0014827176252846634,0.6032522916793823
7,client_1,True,flip,raw,pretrained,,0.9320752024650574,0.24910962581634521,0.6403721570968628,0.8137466427652054,0.9846647909578263,0.9048652268694277,0.802266890735674,0.9405170794510496,0.8572933242483258,1.463881254196167,0.24303603172302246,0.7671676874160767,0.6228020613370377,0.9853953429333979,0.8676645173702051,,,,0.0,-0.0057219766652809815,0.7197070121765137
7,client_2,False,flip,raw,pretrained,0.7185089588165283,0.2872331142425537,0.03642535209655762,0.32526421546936035,0.979689089522459,0.9996683809326685,0.9740665162705429,0.9318847042094998,0.9909554868081143,0.9233914235382397,0.2963755130767822,0.03642535209655762,0.35966962575912476,0.9783969201421974,0.9996683809326685,0.968427567742705,-1.2967240810394287,0.8823620676994324,-0.01344174426048994,0.529655612244898,0.6620804382038107,0.7532186508178711
7,client_3,False,flip,raw,pretrained,0.6924797296524048,0.11025261878967285,0.03903615474700928,0.15527749061584473,0.9969680024704268,0.9996191534736962,0.9939993684947053,0.9729965169375383,0.990311936193299,0.9622827446276068,0.12228381633758545,0.03899490833282471,0.16241776943206787,0.9962721227877753,0.9996199576399509,0.9934375959502575,-0.6718062162399292,0.7221601605415344,-0.03747840225696564,0.5625,0.47749089728571903,0.5411840677261353
7,client_4,False,flip,raw,pretrained,0.7895852327346802,0.11828231811523438,0.18626928329467773,0.05058407783508301,0.9965114776189294,0.9913820488586096,0.9993606195385623,0.9710727490424171,0.9550108001855209,0.9874729352404141,0.13720417022705078,0.19921201467514038,0.0526738166809082,0.9953103143800706,0.9901519910466965,0.9993067279398395,-0.9164178371429443,0.8935853242874146,0.017401739954948425,0.4846938775510204,0.6630034608900206,0.6047177314758301
7,client_5,False,flip,raw,pretrained,0.743777334690094,0.5630859136581421,0.07860088348388672,0.312740683555603,0.9252124706779095,0.9984572626364971,0.9759896485879476,0.8728290192440811,0.9806356915347183,0.9261753328625895,0.6568169593811035,0.07505488395690918,0.3440495729446411,0.9002935721502334,0.9985931772269165,0.971051747622099,-0.8313080668449402,0.8787895441055298,-0.08432773500680923,0.693718112244898,0.8484886630724472,0.6574564576148987
7,client_6,False,flip,raw,pretrained,0.8145462274551392,0.46056878566741943,0.08394861221313477,0.13404488563537598,0.9490072987873972,0.9982404830073108,0.9955230813175608,0.8941003129174394,0.9793387053702542,0.9673129010607875,0.14494764804840088,0.07904911041259766,0.12665271759033203,0.9947681650291891,0.9984396379923837,0.9960018020958832,-1.04508376121521,1.1201272010803223,-0.07961095124483109,0.5943877551020408,0.9968764745186715,0.6866227388381958
7,client_7,False,flip,raw,pretrained,0.5748914480209351,0.4571278691291809,0.1349118947982788,0.09147131443023682,0.9497374914538967,0.9954651779228627,0.9979115267296268,0.8948277733775658,0.9671067278168461,0.9775185766089511,0.26631975173950195,0.1312272548675537,0.08401274681091309,0.9825015419972116,0.99570871349225,0.9982377970839191,-1.0287901163101196,0.894191324710846,-0.02787105366587639,0.5185746173469388,0.9105582925417285,0.648512601852417
7,client_8,False,flip,raw,pretrained,0.768052339553833,0.19775402545928955,0.08946537971496582,0.07570052146911621,0.9902945670100332,0.998001985565037,0.9985688956657153,0.9523369623109565,0.9780034186245397,0.9813401957849441,0.18674933910369873,0.09251880645751953,0.07296299934387207,0.9913378604373451,0.9978634972841731,0.998670427494317,-1.2442848682403564,0.7254824638366699,-0.028489885851740837,0.55859375,0.9408269646570991,0.5165954828262329
7,client_9,False,flip,raw,pretrained,0.9146613478660583,0.22314727306365967,0.16443824768066406,0.08475542068481445,0.9876666094919317,0.9932741374624816,0.9982065456842599,0.9464647817518623,0.9601246198089683,0.979143253442883,0.29226893186569214,0.1893138885498047,0.08152174949645996,0.9789820276767365,0.9910999215342504,0.9983406191464992,-0.5252735018730164,0.7601759433746338,0.05158073082566261,0.36654974489795916,0.8236218569206416,0.5746511220932007
7,client_0,True,flip,clip01,random,,0.8000630140304565,0.19856393337249756,0.8977699279785156,0.8573471337313407,0.9902154920578448,0.8253761478597472,0.8264873216114663,0.9521488270902283,0.8084565670184636,1.3090218305587769,0.18977904319763184,0.8279588222503662,0.678712076724554,0.991056426062132,0.848411067695114,,,,0.0,-0.0014827176252846634,
7,client_1,True,flip,clip01,random,,0.8163319230079651,0.19856393337249756,0.9475073218345642,0.8521555968283623,0.9902154920578448,0.8084565312753136,0.8234431100121249,0.9521488270902283,0.7995058641808548,1.2531023025512695,0.18977904319763184,0.824850857257843,0.6990913933273855,0.991056426062132,0.8494147518446822,,,,0.0,-0.0057219766652809815,
7,client_2,False,flip,clip01,random,0.7185089588165283,0.39887475967407227,0.059874534606933594,0.5158606767654419,0.9613810857599576,0.999104362107212,0.9366523547557084,0.9072798769648607,0.9851977774056031,0.8825319497642277,0.6168584823608398,0.05962109565734863,0.5791266560554504,0.9112586768903972,0.9991119231924124,0.9211502253287651,-1.2967240810394287,0.8823620676994324,-0.01344174426048994,0.529655612244898,0.6620804382038107,
7,client_3,False,flip,clip01,random,0.6924797296524048,0.2609180212020874,0.042064666748046875,0.2430497407913208,0.9831952966717978,0.999557787671441,0.9853937133608621,0.9378304729364317,0.9895662075114873,0.9419002988725174,0.2863495349884033,0.043213844299316406,0.2583125829696655,0.9798119607377431,0.999533304333257,0.9835250938226532,-0.6718062162399292,0.7221601605415344,-0.03747840225696564,0.5625,0.47749089728571903,
7,client_4,False,flip,clip01,random,0.7895852327346802,0.18420088291168213,0.18178749084472656,0.10715270042419434,0.9915711746529894,0.9917892426231716,0.9971357425963876,0.9554935564945841,0.9560572960819123,0.9737407314549695,0.26354026794433594,0.18818318843841553,0.10908269882202148,0.982860200131122,0.9912052173075665,0.9970318651777517,-0.9164178371429443,0.8935853242874146,0.017401739954948425,0.4846938775510204,0.6630034608900206,
7,client_5,False,flip,clip01,random,0.743777334690094,0.37969720363616943,0.10020709037780762,0.2473839521408081,0.964909283455017,0.9974943534434841,0.9848741113665722,0.9114363755374104,0.9754113081447464,0.940910667754647,0.48301613330841064,0.09388923645019531,0.28986120223999023,0.9441311337854037,0.9977998401059116,0.9793215262177997,-0.8313080668449402,0.8787895441055298,-0.08432773500680923,0.693718112244898,0.8484886630724472,
7,client_6,False,flip,clip01,random,0.8145462274551392,0.52220219373703,0.1310640573501587,0.3198341131210327,0.9351624604457858,0.995719346085518,0.9749089408530807,0.8812195914271777,0.9680222405456644,0.9245969562657896,0.5768300890922546,0.11557495594024658,0.3392403721809387,0.921737154572098,0.996668952775279,0.9718383149410028,-1.04508376121521,1.1201272010803223,-0.07961095124483109,0.5943877551020408,0.9968764745186715,
7,client_7,False,flip,clip01,random,0.5748914480209351,0.5741467475891113,0.17468321323394775,0.1426304578781128,0.9224206850285475,0.9924148726540856,0.9949334731372175,0.8705797046608015,0.9577196741147089,0.9652741725237193,0.5131688117980957,0.17187631130218506,0.13298749923706055,0.9372803528206071,0.9926553439734116,0.9955932005879391,-1.0287901163101196,0.894191324710846,-0.02787105366587639,0.5185746173469388,0.9105582925417285,
7,client_8,False,flip,clip01,random,0.768052339553833,0.24852001667022705,0.16754484176635742,0.07816386222839355,0.9847364653747037,0.9930189496294912,0.9984743506170337,0.9406515285205697,0.9593944075441099,0.9807417963646206,0.30404090881347656,0.1883053183555603,0.07287836074829102,0.9772843596717435,0.9911938736115415,0.9986735073008288,-1.2442848682403564,0.7254824638366699,-0.028489885851740837,0.55859375,0.9408269646570991,
7,client_9,False,flip,clip01,random,0.9146613478660583,0.1866307258605957,0.15084612369537354,0.08787393569946289,0.9913487889137469,0.9943355420012667,0.9980723343218232,0.9549264785624458,0.9633293180704618,0.978388333525386,0.2039947509765625,0.1772286295890808,0.07856369018554688,0.9896771593603308,0.9921935125732069,0.9984587206247721,-0.5252735018730164,0.7601759433746338,0.05158073082566261,0.36654974489795916,0.8236218569206416,
7,client_0,True,flip,clip01,pretrained,,0.778531551361084,0.17737126350402832,0.5222799777984619,0.8641283467986429,0.9921810159921285,0.9351440948903607,0.830542490617356,0.9570901687045892,0.8812035125110784,1.212031602859497,0.17197179794311523,0.5855674743652344,0.7140622176045377,0.9926472260727195,0.9194947519062135,,,,0.0,-0.0014827176252846634,
7,client_1,True,flip,clip01,pretrained,,0.8964964151382446,0.17943882942199707,0.5715348124504089,0.8258042081632853,0.9919987681691664,0.9230836927129595,0.8086877365872143,0.9566063952774009,0.8711100747236773,1.306182622909546,0.17197179794311523,0.6472020745277405,0.6797457689925495,0.9926472260727195,0.9029763577433332,,,,0.0,-0.0057219766652809815,
7,client_2,False,flip,clip01,pretrained,0.7185089588165283,0.3067185878753662,0.03165698051452637,0.35626649856567383,0.9768894819852838,0.9997495059665782,0.9690083016334381,0.9275185076038754,0.9921324887847445,0.9165537108550779,0.3098900318145752,0.031552672386169434,0.3715628385543823,0.976417624078199,0.9997511536694565,0.9663589195680395,-1.2967240810394287,0.8823620676994324,-0.01344174426048994,0.529655612244898,0.6620804382038107,
7,client_3,False,flip,clip01,pretrained,0.6924797296524048,0.12563729286193848,0.028131484985351562,0.18914365768432617,0.996065466786459,0.9998021842413389,0.9911158134406108,0.9693156397963527,0.9930040544203278,0.9543405410342969,0.13885045051574707,0.028131484985351562,0.19495224952697754,0.9951975065100278,0.9998021842413389,0.9905656960264189,-0.6718062162399292,0.7221601605415344,-0.03747840225696564,0.5625,0.47749089728571903,
7,client_4,False,flip,clip01,pretrained,0.7895852327346802,0.13188600540161133,0.20617711544036865,0.043604254722595215,0.995665662030742,0.9894568668333776,0.9995248366456564,0.9678265658545993,0.9503830715203851,0.9891874285456628,0.16287541389465332,0.21676766872406006,0.0444868803024292,0.9934007456091882,0.9883556481545703,0.9995054129091894,-0.9164178371429443,0.8935853242874146,0.017401739954948425,0.4846938775510204,0.6630034608900206,
7,client_5,False,flip,clip01,pretrained,0.743777334690094,0.6160297393798828,0.0993037223815918,0.3266308307647705,0.9114808666238825,0.9975392436296944,0.9738524404792783,0.8621412008853759,0.9756289048052156,0.9230883948077317,0.7086243629455566,0.0936119556427002,0.3464308977127075,0.8853797383047504,0.9978127949793196,0.9706585309478619,-0.8313080668449402,0.8787895441055298,-0.08432773500680923,0.693718112244898,0.8484886630724472,
7,client_6,False,flip,clip01,pretrained,0.8145462274551392,0.48788702487945557,0.06431734561920166,0.14716780185699463,0.9430475554885398,0.9989666213662172,0.9946073200767303,0.8883563199431705,0.9841125484419662,0.9641993409385821,0.16621029376983643,0.0589752197265625,0.13401782512664795,0.9931291477237847,0.9991310475891415,0.9955248826328744,-1.04508376121521,1.1201272010803223,-0.07961095124483109,0.5943877551020408,0.9968764745186715,
7,client_7,False,flip,clip01,pretrained,0.5748914480209351,0.46473944187164307,0.13889861106872559,0.09264254570007324,0.9481160531945751,0.9951941864445175,0.9978577877247674,0.8932197684957701,0.966159542619824,0.9772356524011869,0.30716729164123535,0.13563406467437744,0.08090722560882568,0.9768229964345321,0.9954166665642621,0.9983655116447951,-1.0287901163101196,0.894191324710846,-0.02787105366587639,0.5185746173469388,0.9105582925417285,
7,client_8,False,flip,clip01,pretrained,0.768052339553833,0.194801926612854,0.08112895488739014,0.07391440868377686,0.9905801366073315,0.99835655167692,0.9986355629243693,0.9530231846562389,0.9800222365392259,0.9817744245027533,0.1727135181427002,0.08125364780426025,0.07086300849914551,0.9925840177951655,0.9983515021798732,0.9987457895404486,-1.2442848682403564,0.7254824638366699,-0.028489885851740837,0.55859375,0.9408269646570991,
7,client_9,False,flip,clip01,pretrained,0.9146613478660583,0.27561044692993164,0.19610321521759033,0.09177088737487793,0.9812768651517241,0.9904547713425307,0.9978978462399097,0.9345037805934686,0.9527206055080051,0.9774461996616342,0.357241690158844,0.21563011407852173,0.08629035949707031,0.9688423990044492,0.9884764862689623,0.9981410892015323,-0.5252735018730164,0.7601759433746338,0.05158073082566261,0.36654974489795916,0.8236218569206416,
7,client_0,True,flip_global,raw,random,0.8180797696113586,0.15023291110992432,0.2010180950164795,0.12335216999053955,0.9943813082873232,0.9899739664669109,0.9962068860066731,0.9634742775578335,0.951579085575637,0.9698610458808894,0.11626672744750977,0.2028641700744629,0.12374162673950195,0.9966290587889535,0.9897903894666493,0.996182965112216,-0.8420515656471252,0.8298295140266418,-0.0029685678891837597,0.5090082908163265,-0.0014827176252846634,
7,client_1,True,flip_global,raw,random,0.8274872899055481,0.14072537422180176,0.2996993064880371,0.1298365592956543,0.9950674163935025,0.9779177580340319,0.9957989010288746,0.9657259959161841,0.9290877969133198,0.9683145719559454,0.15322721004486084,0.31044697761535645,0.1302264928817749,0.9941560960004807,0.9763342943603381,0.995773709278905,-0.9608979821205139,0.94020015001297,0.007167045027017593,0.4864477040816326,-0.0057219766652809815,
7,client_2,False,flip_global,raw,random,0.8483845591545105,0.28173816204071045,0.0713050365447998,0.14969468116760254,0.98044744746718,0.9987301087072129,0.9944213273098683,0.9331215707783931,0.9824093175522208,0.9636015386333698,0.25749528408050537,0.06979250907897949,0.15113472938537598,0.9836278997299819,0.9987833627156262,0.9943139388891162,-1.3289159536361694,0.8011027574539185,-0.0191540215164423,0.5742984693877551,0.6620804382038107,
7,client_3,False,flip_global,raw,random,0.727906346321106,0.49746155738830566,0.09862565994262695,0.19750404357910156,0.9408914923001281,0.9975726728156169,0.9903189105003105,0.8863563108324328,0.9757922793964795,0.9523950424113128,0.3664281368255615,0.09862565994262695,0.1881868839263916,0.9672594629316944,0.9975726728156169,0.9912048741676138,-0.820980429649353,0.9007708430290222,-0.014041107147932053,0.5347576530612245,0.47749089728571903,
7,client_4,False,flip_global,raw,random,0.8463959693908691,0.14419341087341309,0.10627388954162598,0.12413156032562256,0.9948222601310228,0.997182433314092,0.9961589402528594,0.964903728339036,0.9739518679229924,0.9696749716264352,0.0959012508392334,0.10242176055908203,0.12085855007171631,0.9977046965099106,0.9973825952300313,0.9963582800003739,-0.9411511421203613,0.8457200527191162,0.028311727568507195,0.49936224489795916,0.6630034608900206,
7,client_5,False,flip_global,raw,random,0.798833966255188,0.6202267408370972,0.25333237648010254,0.1225970983505249,0.9103534011216297,0.9841467311902483,0.9962530510183576,0.8613024065266826,0.9395550058911688,0.9700413653467044,0.636223316192627,0.25632357597351074,0.11848616600036621,0.9060057110285955,0.9837747454831645,0.996499474627019,-0.8613924384117126,0.8126044273376465,-0.08215964585542679,0.5946269132653061,0.8484886630724472,
7,client_6,False,flip_global,raw,random,0.8228049278259277,0.648674726486206,0.228745698928833,0.19507813453674316,0.9025672417428665,0.9870460968845025,0.9905535947152344,0.8556492451180262,0.9451774694013471,0.9529589479718259,0.6893844604492188,0.23411476612091064,0.18467557430267334,0.8910062800182514,0.9864371321849339,0.9915279528224805,-0.9822303056716919,1.0802191495895386,-0.07621456682682037,0.5833067602040817,0.9968764745186715,
7,client_7,False,flip_global,raw,random,0.8054546117782593,0.2266913652420044,0.1001356840133667,0.20274198055267334,0.9872755106030315,0.9974979164562505,0.9898025904888514,0.9456495408416214,0.9754285053342779,0.9511791862556882,0.12261092662811279,0.09488546848297119,0.19869041442871094,0.9962522080780052,0.9977529809884595,0.9902031148240424,-1.1994431018829346,0.8194323778152466,-0.07650198042392731,0.681999362244898,0.9105582925417285,
7,client_8,False,flip_global,raw,random,0.8568455576896667,0.2472836971282959,0.06208920478820801,0.18346571922302246,0.9848862294000722,0.9990369288579273,0.9916378991361006,0.940933541333387,0.9846565837562489,0.955665229053545,0.21066784858703613,0.06028878688812256,0.1837369203567505,0.9889964255830008,0.9990919344557752,0.991613314820087,-1.2105059623718262,0.6563586592674255,-0.05423720180988312,0.5880899234693877,0.9408269646570991,
7,client_9,False,flip_global,raw,random,0.9690852761268616,0.4981362819671631,0.15155434608459473,0.16750061511993408,0.940738255141985,0.9942824567567741,0.9930226153953505,0.8862156246849335,0.9631619396404405,0.9594047972671103,0.4211575984954834,0.14596045017242432,0.1673964262008667,0.9570895930619325,0.9946950883156211,0.9930312474435614,-0.7244711518287659,0.8235098719596863,0.048637665808200836,0.3765146683673469,0.8236218569206416,
7,client_0,True,flip_global,raw,pretrained,0.8180797696113586,0.08979547023773193,0.16545403003692627,0.1746361255645752,0.9979872369660958,0.9931912118254582,0.992418938120996,0.9779236096843589,0.959885765935955,0.9577307069598349,0.026593446731567383,0.15985989570617676,0.16679847240447998,0.9998232205894533,0.9936416882675185,0.993080686196754,-0.8420515656471252,0.8298295140266418,-0.0029685678891837597,0.5090082908163265,-0.0014827176252846634,0.5331096649169922
7,client_1,True,flip_global,raw,pretrained,0.8274872899055481,0.11784195899963379,0.21103358268737793,0.147818922996521,0.996537337076983,0.9889585037968252,0.994559691694175,0.9711781028946023,0.9492592611846933,0.9640452471904202,0.03229856491088867,0.20665907859802246,0.1438995599746704,0.9997392516796697,0.9894079104234994,0.9948432603836321,-0.9608979821205139,0.94020015001297,0.007167045027017593,0.4864477040816326,-0.0057219766652809815,0.6261709928512573
7,client_2,False,flip_global,raw,pretrained,0.8483845591545105,0.12237274646759033,0.04205501079559326,0.09194529056549072,0.9962667138641061,0.9995579906006915,0.9978898613614593,0.9700949527609188,0.9895685838154293,0.9774040674835469,0.13326597213745117,0.04290938377380371,0.09405505657196045,0.9955747871504943,0.9995398550577939,0.9977920746145976,-1.3289159536361694,0.8011027574539185,-0.0191540215164423,0.5742984693877551,0.6620804382038107,0.7241439819335938
7,client_3,False,flip_global,raw,pretrained,0.727906346321106,0.05877256393432617,0.04498612880706787,0.1273127794265747,0.9991370054092676,0.9994942539699883,0.9959601462711571,0.9854672296789853,0.9888476365678343,0.9689160324209205,0.09306728839874268,0.04624581336975098,0.13415193557739258,0.9978381316252294,0.999465545514373,0.9955159518923233,-0.820980429649353,0.9007708430290222,-0.014041107147932053,0.5347576530612245,0.47749089728571903,0.4160783290863037
7,client_4,False,flip_global,raw,pretrained,0.8463959693908691,0.06244492530822754,0.10521447658538818,0.04468429088592529,0.9990258701085493,0.9972382124566288,0.999501015354983,0.9845696987730308,0.9742064858674686,0.9889218411888361,0.085349440574646,0.11507892608642578,0.04432201385498047,0.9981813526727854,0.9966974133829196,0.9995090706056813,-0.9411511421203613,0.8457200527191162,0.028311727568507195,0.49936224489795916,0.6630034608900206,0.5158401727676392
7,client_5,False,flip_global,raw,pretrained,0.798833966255188,0.38982534408569336,0.08735072612762451,0.14816951751708984,0.9630651911373971,0.9980951882766325,0.9945339606499723,0.9092376626986938,0.9785149293779247,0.9639622911229506,0.3800276517868042,0.08480298519134521,0.15295875072479248,0.9648498001636137,0.9982045348686046,0.9941764660431276,-0.8613924384117126,0.8126044273376465,-0.08215964585542679,0.5946269132653061,0.8484886630724472,0.6203474998474121
7,client_6,False,flip_global,raw,pretrained,0.8228049278259277,0.4430162310600281,0.057274699211120605,0.06770658493041992,0.9526833733078488,0.9991804063568113,0.998854938914773,0.8978205274713784,0.9858336627637552,0.9832858774372044,0.07517862319946289,0.05531024932861328,0.06421327590942383,0.9985885396019527,0.9992356325560265,0.9989699602284738,-0.9822303056716919,1.0802191495895386,-0.07621456682682037,0.5833067602040817,0.9968764745186715,0.6748189926147461
7,client_7,False,flip_global,raw,pretrained,0.8054546117782593,0.2733996510505676,0.12420439720153809,0.14501333236694336,0.9815718844054699,0.9961544442948151,0.994763440894872,0.9350032188587636,0.9696575850461575,0.9647094795627382,0.025925040245056152,0.12197268009185791,0.13920187950134277,0.9998319942445273,0.996291016170938,0.9951732538235061,-1.1994431018829346,0.8194323778152466,-0.07650198042392731,0.681999362244898,0.9105582925417285,0.7348569631576538
7,client_8,False,flip_global,raw,pretrained,0.8568455576896667,0.337640643119812,0.04835188388824463,0.16500592231750488,0.9720977136021558,0.9994157799422754,0.9932278557586214,0.9206525641719441,0.9880207562984402,0.9599911242205785,0.15877914428710938,0.047757863998413086,0.1595548391342163,0.9937269662720158,0.999430040364391,0.9936658166113903,-1.2105059623718262,0.6563586592674255,-0.05423720180988312,0.5880899234693877,0.9408269646570991,0.5329118967056274
7,client_9,False,flip_global,raw,pretrained,0.9690852761268616,0.30684900283813477,0.10713660717010498,0.09726130962371826,0.9768701673955771,0.9971366010483451,0.9976392476267382,0.9274893886779858,0.9737445972809875,0.9761211349315575,0.30574607849121094,0.11650741100311279,0.09043776988983154,0.9770332707380762,0.9966151234738032,0.9979583839907487,-0.7244711518287659,0.8235098719596863,0.048637665808200836,0.3765146683673469,0.8236218569206416,0.47007542848587036
7,client_0,True,flip_global,clip01,random,0.8180797696113586,0.10876786708831787,0.1971200704574585,0.2145063281059265,0.9970489356777172,0.9903562439660178,0.9885952590828468,0.9733528628776655,0.9524842640337856,0.9484568750002536,0.15033936500549316,0.20528995990753174,0.22202461957931519,0.9943733763920686,0.9895466920993548,0.987789259562716,-0.8420515656471252,0.8298295140266418,-0.0029685678891837597,0.5090082908163265,-0.0014827176252846634,
7,client_1,True,flip_global,clip01,random,0.8274872899055481,0.05144774913787842,0.3245461583137512,0.3160589337348938,0.9993386105375193,0.974178666055834,0.9754868955522258,0.987261096862226,0.9235507031225136,0.9254364766495606,0.08864235877990723,0.35818082094192505,0.3462698459625244,0.9980385233882734,0.968682242974277,0.9706852025987094,-0.9608979821205139,0.94020015001297,0.007167045027017593,0.4864477040816326,-0.0057219766652809815,
7,client_2,False,flip_global,clip01,random,0.8483845591545105,0.2770423889160156,0.057673096656799316,0.10513734817504883,0.9810845837151263,0.999168971800156,0.997242251702376,0.934180506314515,0.9857361800623672,0.9742250267127683,0.17388272285461426,0.055373549461364746,0.10642385482788086,0.9924838399140079,0.9992338829914467,0.9971744927220894,-1.3289159536361694,0.8011027574539185,-0.0191540215164423,0.5742984693877551,0.6620804382038107,
7,client_3,False,flip_global,clip01,random,0.727906346321106,0.28123044967651367,0.06987309455871582,0.12717914581298828,0.9805168215355422,0.9987805541001527,0.9959685970211594,0.9332359770456933,0.9827579889485625,0.9689478952638986,0.20845234394073486,0.06786477565765381,0.11951625347137451,0.9892247841074315,0.9988495866097165,0.9964385081595188,-0.820980429649353,0.9007708430290222,-0.014041107147932053,0.5347576530612245,0.47749089728571903,
7,client_4,False,flip_global,clip01,random,0.8463959693908691,0.07435619831085205,0.04933595657348633,0.08320903778076172,0.9986192205264903,0.9993917684490452,0.9982713085653236,0.9816669924944241,0.9877791907390026,0.9795179210890164,0.07136058807373047,0.04990494251251221,0.08188402652740479,0.998728131159736,0.9993776648067636,0.9983258565932305,-0.9411511421203613,0.8457200527191162,0.028311727568507195,0.49936224489795916,0.6630034608900206,
7,client_5,False,flip_global,clip01,random,0.798833966255188,0.28521037101745605,0.07398736476898193,0.11046111583709717,0.9799698490680031,0.9986328708654824,0.996956550314176,0.9323397194430822,0.981756682220732,0.9729464925537623,0.21660315990447998,0.07080709934234619,0.10707235336303711,0.9883731612538926,0.9987477659832271,0.9971400272232036,-0.8613924384117126,0.8126044273376465,-0.08215964585542679,0.5946269132653061,0.8484886630724472,
7,client_6,False,flip_global,clip01,random,0.8228049278259277,0.4699666500091553,0.0692143440246582,0.15744459629058838,0.9469894866915562,0.9988034185868571,0.9938314871678791,0.8921179994617512,0.9829184541033138,0.9617715524133073,0.20148026943206787,0.06369984149932861,0.15129363536834717,0.989928159714623,0.9989863538173944,0.9943020269130336,-0.9822303056716919,1.0802191495895386,-0.07621456682682037,0.5833067602040817,0.9968764745186715,
7,client_7,False,flip_global,clip01,random,0.8054546117782593,0.41820794343948364,0.09352970123291016,0.14666008949279785,0.9576693782530108,0.9978166306779044,0.9946443148220614,0.9031184668121879,0.9770214317244865,0.9643195213639708,0.036205291748046875,0.09006118774414062,0.13999080657958984,0.9996723747383727,0.9979753253621513,0.9951185886411944,-1.1994431018829346,0.8194323778152466,-0.07650198042392731,0.681999362244898,0.9105582925417285,
7,client_8,False,flip_global,clip01,random,0.8568455576896667,0.3098928928375244,0.04835999011993408,0.15003788471221924,0.9764171963696677,0.9994155841218202,0.9943958254031067,0.9268101422807438,0.9880187660565025,0.963520387403209,0.13187623023986816,0.04744923114776611,0.14316987991333008,0.9956663024241819,0.9994373801345549,0.9948952250529242,-1.2105059623718262,0.6563586592674255,-0.05423720180988312,0.5880899234693877,0.9408269646570991,
7,client_9,False,flip_global,clip01,random,0.9690852761268616,0.2781728506088257,0.04793143272399902,0.09901189804077148,0.9809321214973934,0.9994258917593652,0.9975536587433549,0.9339254127952235,0.9881239937138238,0.9756992128864705,0.11198854446411133,0.04935121536254883,0.0921860933303833,0.9968719992069961,0.9993913923308815,0.9978788116851778,-0.7244711518287659,0.8235098719596863,0.048637665808200836,0.3765146683673469,0.8236218569206416,
7,client_0,True,flip_global,clip01,pretrained,0.8180797696113586,0.08956921100616455,0.1701807975769043,0.15065276622772217,0.9979973521546985,0.9927987555264457,0.9943499927551083,0.9779783133499049,0.9587754739584802,0.9633750229884235,0.016953468322753906,0.16008341312408447,0.1375732421875,0.999928148850133,0.9936239805384635,0.9952851398503666,-0.8420515656471252,0.8298295140266418,-0.0029685678891837597,0.5090082908163265,-0.0014827176252846634,
7,client_1,True,flip_global,clip01,pretrained,0.8274872899055481,0.11866521835327148,0.19336211681365967,0.14165008068084717,0.9964889147774778,0.9907179017004075,0.9950026233885918,0.9709811559044943,0.953358141424703,0.9655066461973252,0.021172523498535156,0.18596374988555908,0.13161075115203857,0.9998879404810692,0.9914101150579924,0.9956836766587254,-0.9608979821205139,0.94020015001297,0.007167045027017593,0.4864477040816326,-0.0057219766652809815,
7,client_2,False,flip_global,clip01,pretrained,0.8483845591545105,0.12064075469970703,0.03634011745452881,0.09473752975463867,0.9963713577185085,0.9996699306979371,0.9977599705458786,0.9705087961188534,0.9909765073243735,0.9767298917241056,0.13684213161468506,0.036582112312316895,0.09548163414001465,0.9953349443807431,0.9996655211954519,0.9977247045877728,-1.3289159536361694,0.8011027574539185,-0.0191540215164423,0.5742984693877551,0.6620804382038107,
7,client_3,False,flip_global,clip01,pretrained,0.727906346321106,0.07102620601654053,0.037325143814086914,0.14130616188049316,0.9987400114613658,0.9996517993693197,0.9950267701658764,0.9824771969661543,0.9907336215197566,0.9655882184729028,0.09540700912475586,0.03773653507232666,0.14386308193206787,0.9977282537162748,0.9996440835161551,0.9948458643687705,-0.820980429649353,0.9007708430290222,-0.014041107147932053,0.5347576530612245,0.47749089728571903,
7,client_4,False,flip_global,clip01,pretrained,0.8463959693908691,0.05842185020446777,0.09569859504699707,0.049072265625,0.9991472676120752,0.9977143703813396,0.9993982499020677,0.985553008893497,0.9764980075687197,0.9878439116662299,0.07395267486572266,0.09876930713653564,0.04868018627166748,0.9986341512429158,0.997565609840509,0.9994078230029242,-0.9411511421203613,0.8457200527191162,0.028311727568507195,0.49936224489795916,0.6630034608900206,
7,client_5,False,flip_global,clip01,pretrained,0.798833966255188,0.4229229688644409,0.10317742824554443,0.13978934288024902,0.9567408961933492,0.9973439075912367,0.9951325771135024,0.9021079310366282,0.9746963483423374,0.965948108241782,0.41655874252319336,0.10022425651550293,0.14094209671020508,0.9579919979353793,0.9974934965169986,0.995052268431265,-0.8613924384117126,0.8126044273376465,-0.08215964585542679,0.5946269132653061,0.8484886630724472,
7,client_6,False,flip_global,clip01,pretrained,0.8228049278259277,0.46734780073165894,0.07556009292602539,0.07265603542327881,0.9475552238061631,0.9985741946180917,0.99868158025525,0.8926697334510474,0.9813743254635703,0.9820805256315017,0.08477997779846191,0.07401931285858154,0.06722772121429443,0.9982055076588936,0.9986316911572966,0.9988710651576687,-0.9822303056716919,1.0802191495895386,-0.07621456682682037,0.5833067602040817,0.9968764745186715,
7,client_7,False,flip_global,clip01,pretrained,0.8054546117782593,0.2875368595123291,0.1286931037902832,0.1699533462524414,0.9796467683905223,0.9958723441212651,0.9928178882260488,0.9318164056796681,0.9685870077266268,0.9588288568434489,0.023852944374084473,0.12622129917144775,0.16270971298217773,0.9998577744340778,0.9960289128611735,0.9934140998772454,-1.1994431018829346,0.8194323778152466,-0.07650198042392731,0.681999362244898,0.9105582925417285,
7,client_8,False,flip_global,clip01,pretrained,0.8568455576896667,0.3213939666748047,0.044252991676330566,0.17649877071380615,0.9746682859063844,0.9995105978920122,0.9922573040203062,0.9242504121396127,0.9890278874113565,0.9572944266883716,0.14594745635986328,0.04389047622680664,0.1692420244216919,0.9946960290292246,0.9995185804184517,0.9928775614451633,-1.2105059623718262,0.6563586592674255,-0.05423720180988312,0.5880899234693877,0.9408269646570991,
7,client_9,False,flip_global,clip01,pretrained,0.9690852761268616,0.3298499584197998,0.10838103294372559,0.1177067756652832,0.9733449099017024,0.9970698432636464,0.9965452563763164,0.9223751871447312,0.9734457366893274,0.9712104483160635,0.33277833461761475,0.11260497570037842,0.11005592346191406,0.9728792456838362,0.9968375507637623,0.9969787867376978,-0.7244711518287659,0.8235098719596863,0.048637665808200836,0.3765146683673469,0.8236218569206416,
8,client_0,True,orig,raw,random,0.8005052804946899,0.2843484878540039,0.4145095944404602,0.1886352300643921,0.9800889132579942,0.958391306002284,0.9911631948680057,0.9325337012149868,0.903912299385033,0.95445904694118,0.4286491870880127,0.4341704845428467,0.18769395351409912,0.9556011453280637,0.9544896357975734,0.9912505866834005,-0.9867892265319824,0.9854335784912109,-0.0014744546497240663,0.5051817602040817,0.007222299147246323,
8,client_1,True,orig,raw,random,0.8062778115272522,0.08722198009490967,0.22264045476913452,0.1663263440132141,0.9981007911388176,0.987722053237134,0.9931195993259301,0.9785460845536378,0.9465814505423931,0.9596807188466205,0.1412593126296997,0.23585563898086548,0.1753290891647339,0.9950300550095561,0.986236771066954,0.9923590007672494,-1.1373158693313599,1.090816855430603,-0.0012385352747514844,0.5011957908163265,0.022554307738891367,
8,client_2,False,orig,raw,random,0.971542477607727,0.03976404666900635,0.03058028221130371,0.045061588287353516,0.9996048223112792,0.9997662525714548,0.9994925565222106,0.9901326260366345,0.9923985461109395,0.98882908671808,0.03427720069885254,0.029604554176330566,0.04537761211395264,0.9997063330743041,0.9997809285938759,0.9994854167629774,-0.5395302772521973,0.9772878885269165,0.03207634761929512,0.39453125,0.6846701373952193,
8,client_3,False,orig,raw,random,0.9597302079200745,0.06394946575164795,0.03996860980987549,0.035099148750305176,0.998978399883504,0.9996007471499162,0.999692083567143,0.9842023409483545,0.9900822423675149,0.9912826300783502,0.029255986213684082,0.03834342956542969,0.0335845947265625,0.9997860561528467,0.9996325466501961,0.9997180783733106,-0.8494759798049927,0.8248870372772217,0.020482612773776054,0.4520886479591837,0.5336165059272445,
8,client_4,False,orig,raw,random,0.9725338220596313,0.05518615245819092,0.03174901008605957,0.0714728832244873,0.9992390566994904,0.999748047709738,0.9987241289430018,0.9863449399386777,0.9921097528000931,0.9823684598025286,0.05683016777038574,0.03121805191040039,0.07310068607330322,0.9991930716907753,0.9997564028225754,0.998665409779484,-0.6691855788230896,0.7562804222106934,0.027869846671819687,0.43662308673469385,0.6539931565557352,
8,client_5,False,orig,raw,random,0.9800003170967102,0.06001591682434082,0.0552065372467041,0.06499862670898438,0.9991001302180242,0.9992384947588457,0.9989446307298815,0.9851632148336433,0.9863399478105523,0.9839462930989116,0.027420759201049805,0.05271196365356445,0.06301248073577881,0.9998120519887561,0.9993057239484531,0.9990080953426446,-0.6135950684547424,0.9074553847312927,0.02253967709839344,0.4772799744897959,0.8399164113218706,
8,client_6,False,orig,raw,random,0.9841076731681824,0.1769617795944214,0.07298564910888672,0.04449725151062012,0.992216865728955,0.9986696027168578,0.9995051823621357,0.9571860242165888,0.9820003327773175,0.9889678276294622,0.12828195095062256,0.0715569257736206,0.04340243339538574,0.995898595261898,0.998721129551879,0.9995292234828455,-0.6069910526275635,0.7405318021774292,0.013469226658344269,0.4724968112244898,0.9971946576624012,
8,client_7,False,orig,raw,random,0.9810391068458557,0.09251236915588379,0.05302834510803223,0.04051172733306885,0.9978637941057908,0.999297369141199,0.9995898262127461,0.9772670919505284,0.9868735901915495,0.9899484918031707,0.039247989654541016,0.05103743076324463,0.038420677185058594,0.9996150100261312,0.9993491130803525,0.9996310650077462,-0.5125242471694946,0.993939220905304,0.06689481437206268,0.3514827806122449,0.8970131795881375,
8,client_8,False,orig,raw,random,0.9799989461898804,0.10220885276794434,0.06631875038146973,0.05405688285827637,0.9973934444450252,0.9989013619318317,0.9992698634251524,0.9749293978181741,0.9836242587821487,0.9866215514028385,0.07417404651641846,0.0648348331451416,0.05326676368713379,0.9986259703189817,0.9989499388081224,0.9992910401654358,-0.7358971238136292,0.8341087698936462,0.07731980830430984,0.35435267857142855,0.9243846127276609,
8,client_9,False,orig,raw,random,0.9834544658660889,0.0637444257736206,0.06341278553009033,0.04598116874694824,0.9989849354756821,0.9989954621226624,0.9994716424948653,0.984252392659174,0.9843333564782111,0.9886030725196651,0.058737754821777344,0.06289958953857422,0.0455935001373291,0.999138026694038,0.9990116436571745,0.9994805106770055,-0.6975974440574646,0.8694278597831726,0.06629873812198639,0.3489317602040816,0.8611255469353974,
8,client_0,True,orig,raw,pretrained,0.8005052804946899,0.11228394508361816,0.22406768798828125,0.134546160697937,0.9968555145081777,0.9875656096887715,0.9954896484613853,0.9725093082767684,0.9462529589112747,0.9671936906901926,0.06763362884521484,0.2235867977142334,0.13415956497192383,0.9988574031536792,0.987618429104032,0.9955154435674991,-0.9867892265319824,0.9854335784912109,-0.0014744546497240663,0.5051817602040817,0.007222299147246323,0.44153451919555664
8,client_1,True,orig,raw,pretrained,0.8062778115272522,0.06390070915222168,0.2645152807235718,0.23055946826934814,0.9989799558827628,0.9827347928742522,0.9868418947581028,0.9842142424334086,0.9370143290942863,0.9447609723113368,0.042397141456604004,0.2677452564239502,0.2329270839691162,0.9995507720108561,0.9823162154122049,0.9865730082587623,-1.1373158693313599,1.090816855430603,-0.0012385352747514844,0.5011957908163265,0.022554307738891367,0.5841233730316162
8,client_2,False,orig,raw,pretrained,0.971542477607727,0.06309843063354492,0.0296785831451416,0.05726194381713867,0.9990053895740252,0.9997798317879161,0.9991807711479763,0.9844101096280158,0.9926214426577915,0.9858367840826765,0.06639623641967773,0.02901136875152588,0.05876171588897705,0.998898795282773,0.999789618322027,0.9991373237511014,-0.5395302772521973,0.9772878885269165,0.03207634761929512,0.39453125,0.6846701373952193,0.5735675096511841
8,client_3,False,orig,raw,pretrained,0.9597302079200745,0.04621994495391846,0.030620217323303223,0.03926074504852295,0.9994661430209781,0.9997656417737559,0.9996147598182794,0.988544398855485,0.9923886760412832,0.9902566050321668,0.04651510715484619,0.03011345863342285,0.040180325508117676,0.9994593055646086,0.9997733334429564,0.999596507506779,-0.8494759798049927,0.8248870372772217,0.020482612773776054,0.4520886479591837,0.5336165059272445,0.3982280492782593
8,client_4,False,orig,raw,pretrained,0.9725338220596313,0.10620784759521484,0.02390456199645996,0.09978711605072021,0.9971859266831142,0.9998571582836024,0.9975152730060206,0.973967737439114,0.9940505406386329,0.9755124594184623,0.09262466430664062,0.023491740226745605,0.09936237335205078,0.9978586132742795,0.9998620488098409,0.9975363413922611,-0.6691855788230896,0.7562804222106934,0.027869846671819687,0.43662308673469385,0.6539931565557352,0.5085577964782715
8,client_5,False,orig,raw,pretrained,0.9800003170967102,0.07094836235046387,0.0752025842666626,0.10735750198364258,0.9987427692018975,0.9985876406855922,0.9971248068360394,0.9824961487392763,0.9814612222204038,0.9736915372518316,0.07498621940612793,0.07531869411468506,0.11006546020507812,0.9985957474247285,0.9985832807025576,0.9969782643042961,-0.6135950684547424,0.9074553847312927,0.02253967709839344,0.4772799744897959,0.8399164113218706,0.4929715394973755
8,client_6,False,orig,raw,pretrained,0.9841076731681824,0.2233356237411499,0.1045069694519043,0.21457374095916748,0.9876459737978474,0.9972751547647645,0.9885881511214794,0.9464214292243887,0.9743765828799857,0.9484413091846919,0.27497923374176025,0.10380864143371582,0.22097837924957275,0.9813613260290865,0.9973113753565372,0.9879030250291649,-0.6069910526275635,0.7405318021774292,0.013469226658344269,0.4724968112244898,0.9971946576624012,0.5570724010467529
8,client_7,False,orig,raw,pretrained,0.9810391068458557,0.09891068935394287,0.12057185173034668,0.18949121236801147,0.9975586482674148,0.9963754902008579,0.9910833526699034,0.9757235984705455,0.9705252653264029,0.9542595446176498,0.12684404850006104,0.12122535705566406,0.1984630823135376,0.9959897494155605,0.996336202013917,0.9902253556996452,-0.5125242471694946,0.993939220905304,0.06689481437206268,0.3514827806122449,0.8970131795881375,0.4208134412765503
8,client_8,False,orig,raw,pretrained,0.9799989461898804,0.08784079551696777,0.11637222766876221,0.10063838958740234,0.9980737859204087,0.9966229539527403,0.9974727790155833,0.9783963513986897,0.9715298534772412,0.9753074456486222,0.10318350791931152,0.11637222766876221,0.10583889484405518,0.9973435951883749,0.9966229539527403,0.9972054032700486,-0.7358971238136292,0.8341087698936462,0.07731980830430984,0.35435267857142855,0.9243846127276609,0.38546061515808105
8,client_9,False,orig,raw,pretrained,0.9834544658660889,0.08950638771057129,0.13861501216888428,0.08876430988311768,0.9980001562456149,0.9952137206946732,0.998033130581764,0.9779935032225264,0.9662268755138974,0.9781729549909046,0.09694766998291016,0.14080297946929932,0.09166908264160156,0.9976544218142336,0.9950619947625234,0.997902500306028,-0.6975974440574646,0.8694278597831726,0.06629873812198639,0.3489317602040816,0.8611255469353974,0.47665202617645264
8,client_0,True,orig,clip01,random,0.8005052804946899,0.12587761878967285,0.4339534640312195,0.23532521724700928,0.9960504446702452,0.9545335565546946,0.986297969295653,0.9692583063117448,0.8997504893772357,0.9436679238922225,0.21693557500839233,0.4532598853111267,0.24038976430892944,0.9883377601416397,0.9505527703900873,0.9857082536262529,-0.9867892265319824,0.9854335784912109,-0.0014744546497240663,0.5051817602040817,0.007222299147246323,
8,client_1,True,orig,clip01,random,0.8062778115272522,0.05808591842651367,0.29585695266723633,0.3414883613586426,0.9991570398361642,0.9784712261052182,0.9714719049586233,0.9856351831760164,0.9299485176048083,0.9198035681427237,0.12045496702194214,0.3101117014884949,0.36776065826416016,0.996382495065947,0.976384474712267,0.9670268436976268,-1.1373158693313599,1.090816855430603,-0.0012385352747514844,0.5011957908163265,0.022554307738891367,
8,client_2,False,orig,clip01,random,0.971542477607727,0.06636285781860352,0.045037150382995605,0.06742429733276367,0.9988999012824546,0.9994931065595887,0.9988644590505209,0.9836135018331078,0.9888350941162014,0.9833546905470061,0.04454374313354492,0.04371154308319092,0.06598901748657227,0.9995041482159039,0.9995224963266243,0.9989122506077555,-0.5395302772521973,0.9772878885269165,0.03207634761929512,0.39453125,0.6846701373952193,
8,client_3,False,orig,clip01,random,0.9597302079200745,0.05053424835205078,0.05637860298156738,0.05431056022644043,0.9993618780002997,0.9992058366205139,0.9992629983942003,0.9874851593287917,0.9860529787937109,0.9865594036960414,0.021884441375732422,0.0550922155380249,0.05297815799713135,0.9998802785574228,0.9992416435515614,0.999298697780995,-0.8494759798049927,0.8248870372772217,0.020482612773776054,0.4520886479591837,0.5336165059272445,
8,client_4,False,orig,clip01,random,0.9725338220596313,0.09932863712310791,0.0317760705947876,0.08620929718017578,0.9975380109764802,0.9997476181170335,0.9981445752727662,0.9756229025477428,0.9921030676269089,0.9787911950164672,0.06167280673980713,0.031145930290222168,0.0843956470489502,0.9990497939396974,0.9997575268605372,0.9982217189695595,-0.6691855788230896,0.7562804222106934,0.027869846671819687,0.43662308673469385,0.6539931565557352,
8,client_5,False,orig,clip01,random,0.9800003170967102,0.06260442733764648,0.07320070266723633,0.09362828731536865,0.9990208910052354,0.9986617589687459,0.9978120330000193,0.9845307440281794,0.9819480169509309,0.9769976305809998,0.0450366735458374,0.07179546356201172,0.09245681762695312,0.999493117289062,0.9987125972602762,0.9978663547137805,-0.6135950684547424,0.9074553847312927,0.02253967709839344,0.4772799744897959,0.8399164113218706,
8,client_6,False,orig,clip01,random,0.9841076731681824,0.21572160720825195,0.09995150566101074,0.07457160949707031,0.9884667899951234,0.9975070948947324,0.9986112170014612,0.9481763225840254,0.9754728641263615,0.9816146163681456,0.13980960845947266,0.09714746475219727,0.07310068607330322,0.9951311708870485,0.9976447611774197,0.998665409779484,-0.6069910526275635,0.7405318021774292,0.013469226658344269,0.4724968112244898,0.9971946576624012,
8,client_7,False,orig,clip01,random,0.9810391068458557,0.13552427291870117,0.07035636901855469,0.09031176567077637,0.9954240582288607,0.998763642966912,0.99796406038746,0.9669611451480171,0.9826402930421729,0.977798799919563,0.10933935642242432,0.0679481029510498,0.09349310398101807,0.9970179127580869,0.9988467622666757,0.9978183362090813,-0.5125242471694946,0.993939220905304,0.06689481437206268,0.3514827806122449,0.8970131795881375,
8,client_8,False,orig,clip01,random,0.9799989461898804,0.08941447734832764,0.09993934631347656,0.04889416694641113,0.9980042551018304,0.9975077002597479,0.9994026079027389,0.9780157266154432,0.9754757927745439,0.9878876282257321,0.06919479370117188,0.09840071201324463,0.04859447479248047,0.9988040938591869,0.9975837127559233,0.999409905543716,-0.7358971238136292,0.8341087698936462,0.07731980830430984,0.35435267857142855,0.9243846127276609,
8,client_9,False,orig,clip01,random,0.9834544658660889,0.048421502113342285,0.07392251491546631,0.04650688171386719,0.9994140971223577,0.9986352639373306,0.999459496696234,0.988003663828418,0.9817724531143186,0.9884738977750758,0.03268277645111084,0.07254087924957275,0.0455935001373291,0.9997330125046597,0.9986857520844956,0.9994805106770055,-0.6975974440574646,0.8694278597831726,0.06629873812198639,0.3489317602040816,0.8611255469353974,
8,client_0,True,orig,clip01,pretrained,0.8005052804946899,0.16372168064117432,0.15952908992767334,0.09238076210021973,0.993332335007751,0.9936678511668913,0.9978698579604985,0.9602931690743375,0.9612802320827805,0.9772988785329739,0.0844261646270752,0.15428709983825684,0.08822143077850342,0.9982204343968275,0.9940753313949888,0.9980570806427966,-0.9867892265319824,0.9854335784912109,-0.0014744546497240663,0.5051817602040817,0.007222299147246323,
8,client_1,True,orig,clip01,pretrained,0.8062778115272522,0.08632707595825195,0.187730073928833,0.1598149538040161,0.9981395091442469,0.9912472409753406,0.993645245771184,0.9787626830249441,0.9546700783031594,0.9612128826539774,0.048731088638305664,0.18679308891296387,0.15743744373321533,0.9994065844889239,0.9913338278248112,0.9938320450187847,-1.1373158693313599,1.090816855430603,-0.0012385352747514844,0.5011957908163265,0.022554307738891367,
8,client_2,False,orig,clip01,pretrained,0.971542477607727,0.06722557544708252,0.03771328926086426,0.06786191463470459,0.9988711371619345,0.9996445217553267,0.9988496835215404,0.9834031372190979,0.9906379379346952,0.9832480158735519,0.07701587677001953,0.036720871925354004,0.07057321071624756,0.9985187862379217,0.9996629796025729,0.9987560173225394,-0.5395302772521973,0.9772878885269165,0.03207634761929512,0.39453125,0.6846701373952193,
8,client_3,False,orig,clip01,pretrained,0.9597302079200745,0.04696798324584961,0.03751647472381592,0.04313969612121582,0.9994487301674304,0.9996482213698068,0.9995349039541355,0.9883606197773489,0.990686453891817,0.989301699206776,0.04903304576873779,0.036841511726379395,0.044217467308044434,0.9993992109536833,0.9996607620899316,0.9995113830300373,-0.8494759798049927,0.8248870372772217,0.020482612773776054,0.4520886479591837,0.5336165059272445,
8,client_4,False,orig,clip01,pretrained,0.9725338220596313,0.118507981300354,0.024080514907836914,0.1266106367111206,0.9964981888848852,0.9998550479606927,0.9960044505231223,0.9710187668343733,0.9940069458588561,0.9690834649454949,0.11583888530731201,0.023722290992736816,0.12711763381958008,0.9966537599562795,0.9998593280707211,0.9959724839825959,-0.6691855788230896,0.7562804222106934,0.027869846671819687,0.43662308673469385,0.6539931565557352,
8,client_5,False,orig,clip01,pretrained,0.9800003170967102,0.06918954849243164,0.0740731954574585,0.10973048210144043,0.9988042749974724,0.998629700351124,0.9969965878924274,0.98292449481916,0.9817358095638928,0.973121809355644,0.07897162437438965,0.0746084451675415,0.11347770690917969,0.9984426919375358,0.9986098460769492,0.9967884590441702,-0.6135950684547424,0.9074553847312927,0.02253967709839344,0.4772799744897959,0.8399164113218706,
8,client_6,False,orig,clip01,pretrained,0.9841076731681824,0.22822141647338867,0.11919808387756348,0.22778165340423584,0.9871048341817141,0.9964573949853819,0.9871540025537662,0.9452979121556597,0.9708537113243785,0.9453989561675291,0.2990342378616333,0.11919939517974854,0.23526662588119507,0.9780140344971833,0.9964573172475557,0.986304721263614,-0.6069910526275635,0.7405318021774292,0.013469226658344269,0.4724968112244898,0.9971946576624012,
8,client_7,False,orig,clip01,pretrained,0.9810391068458557,0.10049808025360107,0.11914682388305664,0.19978171586990356,0.9974798076539595,0.9964604331646751,0.9900960041350959,0.9753412321509227,0.9708659700019238,0.9518660509188164,0.1374133825302124,0.12027561664581299,0.2110273838043213,0.9952960521194001,0.9963932304125234,0.9889591470687618,-0.5125242471694946,0.993939220905304,0.06689481437206268,0.3514827806122449,0.8970131795881375,
8,client_8,False,orig,clip01,pretrained,0.9799989461898804,0.09620547294616699,0.11711502075195312,0.12725144624710083,0.9976901361685306,0.9965798166357072,0.9959640259599465,0.9763757422411294,0.9713520570137151,0.9689306561619755,0.1402001976966858,0.11741876602172852,0.13771212100982666,0.995104028697986,0.9965620985352681,0.9952756496127928,-0.7358971238136292,0.8341087698936462,0.07731980830430984,0.35435267857142855,0.9243846127276609,
8,client_9,False,orig,clip01,pretrained,0.9834544658660889,0.08385920524597168,0.1448194980621338,0.10009992122650146,0.9982442239195108,0.9947773757421841,0.9974996999893679,0.9793603680978811,0.9647553958243749,0.9754371184550359,0.09712755680084229,0.14731621742248535,0.10519599914550781,0.9976457246684791,0.9945964819356576,0.9972391803951306,-0.6975974440574646,0.8694278597831726,0.06629873812198639,0.3489317602040816,0.8611255469353974,
8,client_0,True,flip,raw,random,,0.0,0.3047865629196167,0.3047865629196167,1.0,0.9771747217832298,0.9771747217832298,1.0,0.9279500493836572,0.9279500493836572,0.0,0.3092740774154663,0.3092740774154663,1.0,0.9765096207583,0.9765096207583,,,,0.0,0.007222299147246323,
8,client_1,True,flip,raw,random,,0.0,0.3047865629196167,0.3047865629196167,1.0,0.9771747217832298,0.9771747217832298,1.0,0.9279500493836572,0.9279500493836572,0.0,0.3092740774154663,0.3092740774154663,1.0,0.9765096207583,0.9765096207583,,,,0.0,0.022554307738891367,
8,client_2,False,flip,raw,random,0.9210330843925476,0.4033317565917969,0.13469886779785156,0.24706852436065674,0.9605390924047219,0.9954794391020463,0.9849122219538242,0.9063179647362296,0.9671573791446808,0.9409826366761831,0.4399282932281494,0.12989604473114014,0.255398690700531,0.953317469762021,0.9957950627799326,0.9838902079926439,-0.5830322504043579,0.6277231574058533,0.002391916699707508,0.4846141581632653,0.6846701373952193,
8,client_3,False,flip,raw,random,0.8042764067649841,0.3406904935836792,0.10415363311767578,0.2790118455886841,0.9716022063198051,0.9972935115733443,0.9808185903137216,0.9199795202075891,0.9744615477711829,0.9337361576991345,0.4721739888191223,0.10569930076599121,0.2880600094795227,0.9465105880572795,0.9972127547546144,0.9795737789663161,-0.8714287281036377,0.6481289863586426,0.008358384482562542,0.4686702806122449,0.5336165059272445,
8,client_4,False,flip,raw,random,0.9122035503387451,0.18070495128631592,0.029341816902160645,0.1573352813720703,0.9918861468942921,0.9997847991850763,0.9938400102742895,0.9563103267602571,0.9927047092457983,0.9617973286196908,0.160284161567688,0.02885913848876953,0.15651750564575195,0.9936080559514773,0.9997918200413081,0.9939035865893289,-0.7245739102363586,0.6358404159545898,-0.008050917647778988,0.5078922193877551,0.6539931565557352,
8,client_5,False,flip,raw,random,0.8473607897758484,0.45113706588745117,0.10017955303192139,0.4195905923843384,0.9509977089045405,0.9974957277920962,0.9573980460197598,0.8960964467253139,0.9754179400620799,0.9028219575387875,0.5200901031494141,0.10030043125152588,0.4310547113418579,0.9356603060572264,0.997489692148178,0.9551183917831609,-0.8042834401130676,1.1122221946716309,-0.014443639665842056,0.5790019132653061,0.8399164113218706,
8,client_6,False,flip,raw,random,0.9535675644874573,0.47006022930145264,0.05496358871459961,0.5794302821159363,0.9469692221405039,0.9992451785680068,0.9210724958422609,0.8920982938695738,0.9863994471028765,0.8695083373544719,0.6060012578964233,0.053688883781433105,0.5977980494499207,0.9141522371954229,0.9992797652299437,0.916313376190536,-0.809954822063446,0.7411026358604431,-0.03652115911245346,0.5935905612244898,0.9971946576624012,
8,client_7,False,flip,raw,random,0.8022770285606384,0.403844952583313,0.12971889972686768,0.32085859775543213,0.9604416129456204,0.9958064878034705,0.9747510047810513,0.9062073050000885,0.9683425998081294,0.9243693300957911,0.4113121032714844,0.1296788454055786,0.32922911643981934,0.9590109474078925,0.99580906898567,0.973443148812164,-0.9089872241020203,0.9513745903968811,-0.04767218232154846,0.6029974489795918,0.8970131795881375,
8,client_8,False,flip,raw,random,0.7720353007316589,0.2527780532836914,0.2106614112854004,0.15392255783081055,0.9842152102823281,0.9889970924764462,0.9941031715414701,0.9396812135246408,0.949345312798691,0.9626025631300685,0.23192906379699707,0.212335467338562,0.15587902069091797,0.9866866733972071,0.9888229996067162,0.9939529982041633,-0.8446981310844421,0.7231721878051758,-0.07055303454399109,0.5966996173469388,0.9243846127276609,
8,client_9,False,flip,raw,random,0.7695514559745789,0.6472421884536743,0.2147970199584961,0.18779373168945312,0.9029652223566351,0.988564593347868,0.9912413430531077,0.8559325771167987,0.9483897561834116,0.9546552346118831,0.6738208532333374,0.21686315536499023,0.18426930904388428,0.8954825096027077,0.9883454770578379,0.9915649509713025,-0.9113079905509949,0.6946916580200195,-0.07524769753217697,0.611686862244898,0.8611255469353974,
8,client_0,True,flip,raw,pretrained,,0.0,0.26744508743286133,0.26744508743286133,1.0,0.9823553175529693,0.9823553175529693,1.0,0.9363504052969793,0.9363504052969793,0.0,0.2635396718978882,0.2635396718978882,1.0,0.9828602766609882,0.9828602766609882,,,,0.0,0.007222299147246323,0.5668048858642578
8,client_1,True,flip,raw,pretrained,,0.0,0.2693873643875122,0.2693873643875122,1.0,0.9821015680883443,0.9821015680883443,1.0,0.935910655525207,0.935910655525207,0.0,0.2635396718978882,0.2635396718978882,1.0,0.9828602766609882,0.9828602766609882,,,,0.0,0.022554307738891367,0.6520870923995972
8,client_2,False,flip,raw,pretrained,0.9210330843925476,0.12879705429077148,0.23689496517181396,0.09670937061309814,0.9958656939876185,0.9861164743162429,0.997665918431798,0.9685622360823667,0.9433083104768065,0.97625421856113,0.2674710154533386,0.2486492395401001,0.09670937061309814,0.9823519416237978,0.9847207705710062,0.997665918431798,-0.5830322504043579,0.6277231574058533,0.002391916699707508,0.4846141581632653,0.6846701373952193,0.7002529501914978
8,client_3,False,flip,raw,pretrained,0.8042764067649841,0.11848175525665283,0.25929105281829834,0.10937660932540894,0.9964997345573463,0.9834016074652905,0.9970158849152235,0.9710250402880005,0.9381999494903126,0.9732067387772421,0.18420767784118652,0.2871517539024353,0.10976040363311768,0.9915705567226338,0.9797004184102398,0.9969949534102236,-0.8714287281036377,0.6481289863586426,0.008358384482562542,0.4686702806122449,0.5336165059272445,0.4716686010360718
8,client_4,False,flip,raw,pretrained,0.9122035503387451,0.07486891746520996,0.11935675144195557,0.29052627086639404,0.9986001327601703,0.9964479825658759,0.9792280122476116,0.9815423343481773,0.9708157679141671,0.9311446241401014,0.14604562520980835,0.12618428468704224,0.3186720609664917,0.9946889198540976,0.9960312346310713,0.9750875194268085,-0.7245739102363586,0.6358404159545898,-0.008050917647778988,0.5078922193877551,0.6539931565557352,0.5866477489471436
8,client_5,False,flip,raw,pretrained,0.8473607897758484,0.39558374881744385,0.07657301425933838,0.09733307361602783,0.9619975040781261,0.9985357533763244,0.9976357687744191,0.9079911320770098,0.9811281855151777,0.9761038331861893,0.23855865001678467,0.07505184412002563,0.092201828956604,0.9859228564604143,0.9985932910612725,0.9978780886275251,-0.8042834401130676,1.1122221946716309,-0.014443639665842056,0.5790019132653061,0.8399164113218706,0.583554208278656
8,client_6,False,flip,raw,pretrained,0.9535675644874573,0.2880159020423889,0.04992485046386719,0.1808774471282959,0.9795799376034298,0.999377168419028,0.9918707436262713,0.9317087060467311,0.9876346742076108,0.9562700011816181,0.16347193717956543,0.04834282398223877,0.1756044626235962,0.9933525599347786,0.9994159987616524,0.9923351181611573,-0.809954822063446,0.7411026358604431,-0.03652115911245346,0.5935905612244898,0.9971946576624012,0.6591293215751648
8,client_7,False,flip,raw,pretrained,0.8022770285606384,0.36272990703582764,0.05548238754272461,0.2888886332511902,0.9679010770406857,0.9992308701270682,0.9794579153672551,0.9151377727961332,0.9862723972434135,0.9315125443771994,0.3958754539489746,0.051401615142822266,0.32263636589050293,0.9619430490234702,0.9993397955749475,0.9744758345119815,-0.9089872241020203,0.9513745903968811,-0.04767218232154846,0.6029974489795918,0.8970131795881375,0.6320010423660278
8,client_8,False,flip,raw,pretrained,0.7720353007316589,0.2826734781265259,0.07218289375305176,0.18252122402191162,0.9803193371948709,0.9986986789370511,0.9917232410343808,0.9329108648757456,0.9821956550880182,0.9558858519116025,0.35273587703704834,0.06729376316070557,0.19878607988357544,0.9696055018384879,0.9988688479062757,0.990193748074913,-0.8446981310844421,0.7231721878051758,-0.07055303454399109,0.5966996173469388,0.9243846127276609,0.6383571624755859
8,client_9,False,flip,raw,pretrained,0.7695514559745789,0.22993206977844238,0.0443958044052124,0.2918843626976013,0.9869127053059605,0.9995074351786017,0.9790364298815466,0.9449050110418473,0.988992771266761,0.9308396738674218,0.4760388731956482,0.042026638984680176,0.34809958934783936,0.9456675536183317,0.999558586592753,0.970381515382335,-0.9113079905509949,0.6946916580200195,-0.07524769753217697,0.611686862244898,0.8611255469353974,0.7197842001914978
8,client_0,True,flip,clip01,random,,0.0,0.18643856048583984,0.18643856048583984,1.0,0.9913664797902584,0.9913664797902584,1.0,0.9549713077952173,0.9549713077952173,0.0,0.1841660737991333,0.1841660737991333,1.0,0.9915743398425305,0.9915743398425305,,,,0.0,0.007222299147246323,
8,client_1,True,flip,clip01,random,,0.0,0.18643856048583984,0.18643856048583984,1.0,0.9913664797902584,0.9913664797902584,1.0,0.9549713077952173,0.9549713077952173,0.0,0.1841660737991333,0.1841660737991333,1.0,0.9915743398425305,0.9915743398425305,,,,0.0,0.022554307738891367,
8,client_2,False,flip,clip01,random,0.9210330843925476,0.2966921329498291,0.25663208961486816,0.1324542760848999,0.9783514909921898,0.9837361424011712,0.9956283527832166,0.9297613279750436,0.9388042582859957,0.9676913168608157,0.4199869632720947,0.2641575336456299,0.13481605052947998,0.957320118035885,0.9827808577084802,0.9954715970072603,-0.5830322504043579,0.6277231574058533,0.002391916699707508,0.4846141581632653,0.6846701373952193,
8,client_3,False,flip,clip01,random,0.8042764067649841,0.17478728294372559,0.1883305311203003,0.11346495151519775,0.9924058836582312,0.9911915309021271,0.9967891792467094,0.9576952908077274,0.9545300777242047,0.9722262151317269,0.20366144180297852,0.19386351108551025,0.11514949798583984,0.989710604381244,0.9906700395957513,0.9966933715876389,-0.8714287281036377,0.6481289863586426,0.008358384482562542,0.4686702806122449,0.5336165059272445,
8,client_4,False,flip,clip01,random,0.9122035503387451,0.21429443359375,0.0613018274307251,0.30972158908843994,0.9886175870388307,0.9990611830458629,0.9764427989535003,0.9485058045332846,0.984848942149753,0.9268483489712496,0.289401650428772,0.06247270107269287,0.3178003430366516,0.9793860254817197,0.999025003955653,0.9752210862352599,-0.7245739102363586,0.6358404159545898,-0.008050917647778988,0.5078922193877551,0.6539931565557352,
8,client_5,False,flip,clip01,random,0.8473607897758484,0.4592791199684143,0.20159685611724854,0.10809803009033203,0.9492815197420126,0.989916588533212,0.9970850922151195,0.8943728628327559,0.9514447989761603,0.973513690395494,0.5097053050994873,0.20528459548950195,0.10487890243530273,0.9380844605621752,0.9895472341103027,0.9972557651954763,-0.8042834401130676,1.1122221946716309,-0.014443639665842056,0.5790019132653061,0.8399164113218706,
8,client_6,False,flip,clip01,random,0.9535675644874573,0.4576045274734497,0.09813404083251953,0.2528945207595825,0.9496366168698587,0.997596767960258,0.984200834164209,0.8947269475884085,0.9759107574054364,0.939654694236048,0.42004990577697754,0.09630823135375977,0.24770629405975342,0.9573077374137833,0.9976852077126248,0.9848351174562295,-0.809954822063446,0.7411026358604431,-0.03652115911245346,0.5935905612244898,0.9971946576624012,
8,client_7,False,flip,clip01,random,0.8022770285606384,0.4980471134185791,0.05273127555847168,0.3504842519760132,0.9407585160296985,0.9993052154012694,0.9699835407112312,0.886234215199933,0.9869464038011806,0.9178232227842349,0.4796184301376343,0.05046534538269043,0.3577724099159241,0.9448816446348074,0.9993636161304928,0.9687519387220025,-0.9089872241020203,0.9513745903968811,-0.04767218232154846,0.6029974489795918,0.8970131795881375,
8,client_8,False,flip,clip01,random,0.7720353007316589,0.28074681758880615,0.09576761722564697,0.24821150302886963,0.9805827957291082,0.9977110778567482,0.9847739045191439,0.9333449767587501,0.9764813571989077,0.9407218906606771,0.3669270873069763,0.0927128791809082,0.25714123249053955,0.967172449840584,0.9978545390271689,0.9836723388177939,-0.8446981310844421,0.7231721878051758,-0.07055303454399109,0.5966996173469388,0.9243846127276609,
8,client_9,False,flip,clip01,random,0.7695514559745789,0.19431853294372559,0.04682052135467529,0.19663125276565552,0.9906264998416221,0.9994521848752485,0.9904036693320173,0.9531356214430682,0.9883968443604858,0.9525978659577514,0.2683791518211365,0.045195937156677246,0.2146308422088623,0.9822335032829048,0.9994895273371718,0.9885821287208336,-0.9113079905509949,0.6946916580200195,-0.07524769753217697,0.611686862244898,0.8611255469353974,
8,client_0,True,flip,clip01,pretrained,,0.0,0.18145298957824707,0.18145298957824707,1.0,0.9918192460057247,0.9918192460057247,1.0,0.9561354710142302,0.9561354710142302,0.0,0.17280888557434082,0.17280888557434082,1.0,0.9925758714286561,0.9925758714286561,,,,0.0,0.007222299147246323,
8,client_1,True,flip,clip01,pretrained,,0.0,0.18364429473876953,0.18364429473876953,1.0,0.991621715290026,0.991621715290026,1.0,0.9556235245343425,0.9556235245343425,0.0,0.17280888557434082,0.17280888557434082,1.0,0.9925758714286561,0.9925758714286561,,,,0.0,0.022554307738891367,
8,client_2,False,flip,clip01,pretrained,0.9210330843925476,0.10364139080047607,0.24469077587127686,0.09582304954528809,0.9973200144900918,0.9851980118044827,0.9977084318942739,0.9745847436840769,0.9415254171080469,0.9764679854488436,0.28665828704833984,0.2573062777519226,0.09592306613922119,0.9797690658377585,0.9836516302540144,0.997703653934481,-0.5830322504043579,0.6277231574058533,0.002391916699707508,0.4846141581632653,0.6846701373952193,
8,client_3,False,flip,clip01,pretrained,0.8042764067649841,0.13614904880523682,0.2856007218360901,0.08662289381027222,0.9953819167823073,0.9799158129577037,0.9981267545235477,0.9668126490322064,0.9322518841777769,0.9786910766736581,0.2357335090637207,0.3348878026008606,0.08755320310592651,0.9862508737001032,0.972541461680968,0.9980863601155725,-0.8714287281036377,0.6481289863586426,0.008358384482562542,0.4686702806122449,0.5336165059272445,
8,client_4,False,flip,clip01,pretrained,0.9122035503387451,0.07244503498077393,0.1217162013053894,0.3312312364578247,0.9986892192642787,0.9963065547543977,0.9731257331314376,0.9821318658194227,0.9702517969430129,0.9220694148937054,0.17216384410858154,0.12707746028900146,0.3740556836128235,0.9926308857080279,0.9959750215573016,0.9659176564551599,-0.7245739102363586,0.6358404159545898,-0.008050917647778988,0.5078922193877551,0.6539931565557352,
8,client_5,False,flip,clip01,pretrained,0.8473607897758484,0.37207722663879395,0.06513917446136475,0.10398149490356445,0.9662680836484652,0.998940065338626,0.997302432295442,0.9130958725449021,0.9839119999977375,0.9745029449528819,0.24026107788085938,0.06486755609512329,0.09793591499328613,0.9857233867218853,0.9989488794186254,0.9976064446724819,-0.8042834401130676,1.1122221946716309,-0.014443639665842056,0.5790019132653061,0.8399164113218706,
8,client_6,False,flip,clip01,pretrained,0.9535675644874573,0.3538992404937744,0.05267632007598877,0.14028501510620117,0.969409316459878,0.9993066620751427,0.9950981248452742,0.9170731307705513,0.9869598746182444,0.96583047985682,0.153273344039917,0.04840219020843506,0.12094664573669434,0.994152591931202,0.9994145641742309,0.9963529835903346,-0.809954822063446,0.7411026358604431,-0.03652115911245346,0.5935905612244898,0.9971946576624012,
8,client_7,False,flip,clip01,pretrained,0.8022770285606384,0.4090993404388428,0.052837371826171875,0.3104217052459717,0.9594372983099135,0.9993024182150101,0.9763380785983342,0.9050754781210104,0.986920398015128,0.9266922136757569,0.4677802324295044,0.048119544982910156,0.3587534427642822,0.9474619906812753,0.9994213785724824,0.9685844032985935,-0.9089872241020203,0.9513745903968811,-0.04767218232154846,0.6029974489795918,0.8970131795881375,
8,client_8,False,flip,clip01,pretrained,0.7720353007316589,0.29615509510040283,0.07424962520599365,0.16223949193954468,0.9784285193119386,0.9986231716863858,0.9934519236594854,0.9298816881960648,0.9816929067498454,0.9606419472012304,0.33984994888305664,0.06806039810180664,0.17670828104019165,0.9717391759290872,0.9988429506070913,0.9922390186146339,-0.8446981310844421,0.7231721878051758,-0.07055303454399109,0.5966996173469388,0.9243846127276609,
8,client_9,False,flip,clip01,pretrained,0.7695514559745789,0.250363826751709,0.04137742519378662,0.323331356048584,0.9845117883331256,0.9995721145351957,0.9743678795655448,0.9402311790267623,0.9897353571953946,0.923820264938841,0.5322949886322021,0.039814114570617676,0.3877379894256592,0.9327612165069392,0.9996038268245233,0.9634487831358169,-0.9113079905509949,0.6946916580200195,-0.07524769753217697,0.611686862244898,0.8611255469353974,
8,client_0,True,flip_global,raw,random,0.9235052466392517,0.14841163158416748,0.27171921730041504,0.18936371803283691,0.9945161562705067,0.9817946283564476,0.9910952670692224,0.9639050094611605,0.935383112179426,0.9542892555318585,0.13505268096923828,0.2785283327102661,0.1909945011138916,0.9954557407353994,0.9808840576798874,0.9909422813327105,-0.7098348736763,0.7451190948486328,0.0016216416843235493,0.4995216836734694,0.007222299147246323,
8,client_1,True,flip_global,raw,random,0.9167315363883972,0.05397796630859375,0.28551149368286133,0.28331196308135986,0.9992719925289806,0.9799281708973975,0.9802316545239911,0.9866408861451028,0.9322719608622496,0.9327670695117591,0.06132698059082031,0.2935217022895813,0.28825950622558594,0.9990604130064786,0.9788043422360075,0.9795459125644346,-0.7247921228408813,0.7162756323814392,0.0040033236145973206,0.49824617346938777,0.022554307738891367,
8,client_2,False,flip_global,raw,random,0.9766916036605835,0.2903820276260376,0.08068692684173584,0.15613830089569092,0.9792483110625942,0.9983743896406689,0.9939329567201951,0.9311770218036115,0.9801294563127869,0.96207964176356,0.2460477352142334,0.07827675342559814,0.15778005123138428,0.9850352374500899,0.998469945539967,0.993805296022346,-0.7276322245597839,0.636111319065094,-0.0115593196824193,0.5517378826530612,0.6846701373952193,
8,client_3,False,flip_global,raw,random,0.8429606556892395,0.2777031660079956,0.0751504898071289,0.17805635929107666,0.9809955376190427,0.9985895946819636,0.9921208559096695,0.9340313864149239,0.9814738853660734,0.9569298278406413,0.25547873973846436,0.07320499420166016,0.18233966827392578,0.9838802303811529,0.9986616022077028,0.9917395966796201,-0.7011064291000366,0.7249940037727356,0.022307103499770164,0.48086734693877553,0.5336165059272445,
8,client_4,False,flip_global,raw,random,0.9558799862861633,0.13165748119354248,0.05789685249328613,0.13562560081481934,0.9956806209249807,0.9991625150259511,0.9954172365985734,0.9678809628489669,0.985681436247497,0.966937059306731,0.11142516136169434,0.05689370632171631,0.13535642623901367,0.9969033192869383,0.9991912674167829,0.9954353469953436,-0.77862948179245,0.671661376953125,-0.01783868484199047,0.5490274234693877,0.6539931565557352,
8,client_5,False,flip_global,raw,random,0.8903195261955261,0.4315066337585449,0.040906429290771484,0.39587652683258057,0.9550274371595378,0.9995817972271792,0.9619428486737076,0.9002726254614184,0.9898513077338766,0.9079278227164762,0.44796985387802124,0.04026901721954346,0.4052867293357849,0.95165824354814,0.9995947247912127,0.9601671699596883,-0.9833061099052429,0.7425400018692017,-0.016985679045319557,0.5535714285714286,0.8399164113218706,
8,client_6,False,flip_global,raw,random,0.9623609781265259,0.48178941011428833,0.044957518577575684,0.4078376293182373,0.9444026094675086,0.9994948968094142,0.9596794995758733,0.8896335878957855,0.988854669822747,0.9053470640566446,0.49170124530792236,0.043427348136901855,0.42496514320373535,0.9421927752850101,0.9995286830295509,0.9563359449962818,-0.8453571796417236,0.7352386116981506,-0.04195904731750488,0.6003667091836735,0.9971946576624012,
8,client_7,False,flip_global,raw,random,0.9141497611999512,0.24948108196258545,0.11479401588439941,0.18413376808166504,0.9846195526085315,0.9967137058205058,0.9915772768769275,0.9404323908264673,0.9719077797048654,0.9555092269661758,0.19200122356414795,0.11447107791900635,0.18249201774597168,0.9908472024526092,0.9967321245045464,0.9917258731845222,-0.9462740421295166,0.7384266257286072,-0.04526001960039139,0.6133609693877551,0.8970131795881375,
8,client_8,False,flip_global,raw,random,0.8543990254402161,0.15562081336975098,0.15948259830474854,0.1455909013748169,0.9939729242572006,0.9936715238540197,0.9947218103959148,0.9622017320262284,0.9612911861629481,0.9645726821161678,0.16273736953735352,0.16009163856506348,0.14674484729766846,0.9934118718897547,0.9936233284310712,0.9946381476438477,-1.0199559926986694,0.6765230894088745,-0.09202451258897781,0.6625478316326531,0.9243846127276609,
8,client_9,False,flip_global,raw,random,0.8364626169204712,0.49204516410827637,0.15906095504760742,0.15465950965881348,0.9421154322228265,0.9937047843498781,0.9940468235897111,0.8874868981785338,0.9613905398055584,0.9624285931299339,0.4560800790786743,0.15884697437286377,0.15261685848236084,0.9499589208027972,0.9937216307488037,0.9942023571889775,-1.1417418718338013,0.6530547142028809,-0.0976639986038208,0.6262755102040817,0.8611255469353974,
8,client_0,True,flip_global,raw,pretrained,0.9235052466392517,0.07463884353637695,0.20732271671295166,0.17168736457824707,0.9986087142237192,0.9893403189152465,0.9926713944900871,0.9815982696148386,0.9501177936492549,0.9584219949938042,0.029729843139648438,0.20093142986297607,0.16885101795196533,0.9997790707208636,0.9899825446124617,0.9929102588963681,-0.7098348736763,0.7451190948486328,0.0016216416843235493,0.4995216836734694,0.007222299147246323,0.4794403314590454
8,client_1,True,flip_global,raw,pretrained,0.9167315363883972,0.11069095134735107,0.19120025634765625,0.2260342836380005,0.9969439012541448,0.9909228885165011,0.9873484688252296,0.9728913529389998,0.9538614080595764,0.9458006083783002,0.034282565116882324,0.18383634090423584,0.22536790370941162,0.9997062411689988,0.9916042935049318,0.9874222514041442,-0.7247921228408813,0.7162756323814392,0.0040033236145973206,0.49824617346938777,0.022554307738891367,0.6352431774139404
8,client_2,False,flip_global,raw,pretrained,0.9766916036605835,0.09379148483276367,0.08416855335235596,0.0790855884552002,0.9978044115162827,0.9982312634883128,0.998438199256962,0.9769582325357975,0.9792854181212185,0.9805180296793623,0.14791154861450195,0.08657479286193848,0.0811152458190918,0.9945528994868433,0.9981288314203582,0.9983571063611145,-0.7276322245597839,0.636111319065094,-0.0115593196824193,0.5517378826530612,0.6846701373952193,0.6629166603088379
8,client_3,False,flip_global,raw,pretrained,0.8429606556892395,0.04636251926422119,0.11477506160736084,0.07226037979125977,0.9994628457011305,0.9967147882920859,0.9986958863188051,0.9885093670473213,0.9719123199290984,0.9821767990406467,0.08433020114898682,0.11922979354858398,0.07450532913208008,0.9982244722183631,0.996455514906256,0.9986136820802729,-0.7011064291000366,0.7249940037727356,0.022307103499770164,0.48086734693877553,0.5336165059272445,0.4068632125854492
8,client_4,False,flip_global,raw,pretrained,0.9558799862861633,0.07023346424102783,0.0577397346496582,0.17541944980621338,0.9987679547625248,0.9991670514793538,0.9923511680005779,0.9826702230734854,0.9857198760197441,0.9575471955215888,0.11879563331604004,0.0603640079498291,0.18467986583709717,0.9964812134514907,0.9990896686416184,0.9915275615731278,-0.77862948179245,0.671661376953125,-0.01783868484199047,0.5490274234693877,0.6539931565557352,0.5457873344421387
8,client_5,False,flip_global,raw,pretrained,0.8903195261955261,0.2925146818161011,0.023976802825927734,0.1314159631729126,0.9789472280855953,0.9998562937220623,0.9956964025456831,0.9306981910318195,0.9940326416217997,0.9679384578293166,0.09862816333770752,0.023864150047302246,0.1279691457748413,0.9975725498137951,0.9998576407870665,0.9959185115629428,-0.9833061099052429,0.7425400018692017,-0.016985679045319557,0.5535714285714286,0.8399164113218706,0.5710005760192871
8,client_6,False,flip_global,raw,pretrained,0.9623609781265259,0.3110494613647461,0.06566822528839111,0.08706974983215332,0.976243994871066,0.9989227921218893,0.9981074054025127,0.9265522492789304,0.983782929750983,0.9785829245854518,0.07575619220733643,0.064613938331604,0.08329415321350098,0.9985667922657571,0.9989570762299245,0.9982677747603359,-0.8453571796417236,0.7352386116981506,-0.04195904731750488,0.6003667091836735,0.9971946576624012,0.6527625322341919
8,client_7,False,flip_global,raw,pretrained,0.9141497611999512,0.31027793884277344,0.060045838356018066,0.1718587875366211,0.9763596004721309,0.9990992333227411,0.9926568332965806,0.9267242722841798,0.9851559003910992,0.9583817872101301,0.08760273456573486,0.057840585708618164,0.16959309577941895,0.998084197409818,0.9991641410265211,0.9928481404636245,-0.9462740421295166,0.7384266257286072,-0.04526001960039139,0.6133609693877551,0.8970131795881375,0.5844465494155884
8,client_8,False,flip_global,raw,pretrained,0.8543990254402161,0.24753236770629883,0.14727401733398438,0.09349417686462402,0.9848561634591095,0.9945995647174446,0.9978182862192309,0.9408768076893743,0.9641742015535664,0.9770300084079084,0.16480743885040283,0.14519381523132324,0.09408950805664062,0.9932440555990938,0.9947504493960984,0.9977904595156946,-1.0199559926986694,0.6765230894088745,-0.09202451258897781,0.6625478316326531,0.9243846127276609,0.6401945352554321
8,client_9,False,flip_global,raw,pretrained,0.8364626169204712,0.2523043155670166,0.08331263065338135,0.18691951036453247,0.9842736209057386,0.9982670071429862,0.9913221698328987,0.9397890937533044,0.9794928152133642,0.9548591155154333,0.35613417625427246,0.08029031753540039,0.2023146152496338,0.9690307810561753,0.998390312194001,0.9898452082601048,-1.1417418718338013,0.6530547142028809,-0.0976639986038208,0.6262755102040817,0.8611255469353974,0.7270113229751587
8,client_0,True,flip_global,clip01,random,0.9235052466392517,0.11191415786743164,0.381483256816864,0.19469976425170898,0.9968761435374467,0.9645872295378224,0.9905899445280275,0.9725979735645389,0.9110480613133685,0.9530469458377786,0.15625107288360596,0.40335291624069214,0.20251816511154175,0.9939242296218669,0.9605350753732396,0.9898249207102576,-0.7098348736763,0.7451190948486328,0.0016216416843235493,0.4995216836734694,0.007222299147246323,
8,client_1,True,flip_global,clip01,random,0.9167315363883972,0.05154156684875488,0.31247031688690186,0.3481612801551819,0.9993361973824866,0.9760303954945306,0.9703712510029832,0.987238089677601,0.926235572989025,0.9183339843144054,0.0862690806388855,0.32615935802459717,0.37249577045440674,0.9981420046106082,0.9739263885591585,0.9661940896460637,-0.7247921228408813,0.7162756323814392,0.0040033236145973206,0.49824617346938777,0.022554307738891367,
8,client_2,False,flip_global,clip01,random,0.9766916036605835,0.3403857946395874,0.11695325374603271,0.08925473690032959,0.9716518937900598,0.9965892343083691,0.9980113689649117,0.9200467281741509,0.9713907737317347,0.97805435273371,0.22256910800933838,0.11198282241821289,0.08642518520355225,0.9877298485180335,0.9968723180984935,0.9981352838288005,-0.7276322245597839,0.636111319065094,-0.0115593196824193,0.5517378826530612,0.6846701373952193,
8,client_3,False,flip_global,clip01,random,0.8429606556892395,0.1565479040145874,0.04904282093048096,0.1309511661529541,0.9939012291496989,0.999398971492824,0.9957266934948201,0.9619830210475977,0.9878511390363374,0.968049120302862,0.137262225151062,0.0469970703125,0.12917590141296387,0.9953063588520104,0.999448047440781,0.9958414127282145,-0.7011064291000366,0.7249940037727356,0.022307103499770164,0.48086734693877553,0.5336165059272445,
8,client_4,False,flip_global,clip01,random,0.9558799862861633,0.07909011840820312,0.0246126651763916,0.07115912437438965,0.9984380205443564,0.9998485713783987,0.998735295645,0.9805169301358039,0.9938751156869226,0.982444838009271,0.08216440677642822,0.024169087409973145,0.07146847248077393,0.9983143865720705,0.9998539797968391,0.9987242862608787,-0.77862948179245,0.671661376953125,-0.01783868484199047,0.5490274234693877,0.6539931565557352,
8,client_5,False,flip_global,clip01,random,0.8903195261955261,0.2956691384315491,0.03041672706604004,0.11967003345489502,0.9784981085165378,0.9997687457953621,0.9964293617904643,0.9299906203671853,0.99243897073907,0.9707408568851448,0.11919295787811279,0.02932584285736084,0.11611902713775635,0.9964576988614926,0.9997850333994485,0.9966375963515679,-0.9833061099052429,0.7425400018692017,-0.016985679045319557,0.5535714285714286,0.8399164113218706,
8,client_6,False,flip_global,clip01,random,0.9623609781265259,0.42739999294281006,0.06826663017272949,0.1261141300201416,0.9558509183947705,0.998835934088343,0.9960356333053142,0.9011499794638533,0.9831493768730439,0.9692018878539956,0.13717353343963623,0.06622445583343506,0.11785531044006348,0.9953124011292334,0.9989044813168053,0.9965365544358704,-0.8453571796417236,0.7352386116981506,-0.04195904731750488,0.6003667091836735,0.9971946576624012,
8,client_7,False,flip_global,clip01,random,0.9141497611999512,0.34449470043182373,0.054604411125183105,0.13510119915008545,0.9709784338407734,0.9992550060954044,0.9954524862122189,0.9191410412917018,0.9864874213323671,0.9670617203546603,0.060614705085754395,0.05299365520477295,0.13145673274993896,0.9990820967817886,0.9992982876461494,0.9956937405274431,-0.9462740421295166,0.7384266257286072,-0.04526001960039139,0.6133609693877551,0.8970131795881375,
8,client_8,False,flip_global,clip01,random,0.8543990254402161,0.25646495819091797,0.13907909393310547,0.09089255332946777,0.9837570603717134,0.9951817343225784,0.9979378309076201,0.9388422621825439,0.9661166955107032,0.9776584283178034,0.13115239143371582,0.13299131393432617,0.09084641933441162,0.995713592592602,0.9955929486058233,0.9979399205165129,-1.0199559926986694,0.6765230894088745,-0.09202451258897781,0.6625478316326531,0.9243846127276609,
8,client_9,False,flip_global,clip01,random,0.8364626169204712,0.24465292692184448,0.09107065200805664,0.08405756950378418,0.985202539656068,0.9979297541540644,0.998235918721724,0.9415340608805585,0.9776153893920287,0.979312306698545,0.11350631713867188,0.08789634704589844,0.08721458911895752,0.9967868433449996,0.9980713523566747,0.9981011125352115,-1.1417418718338013,0.6530547142028809,-0.0976639986038208,0.6262755102040817,0.8611255469353974,
8,client_0,True,flip_global,clip01,pretrained,0.9235052466392517,0.05985426902770996,0.1877002716064453,0.17952585220336914,0.9991049678861146,0.9912500015057726,0.9919910522414845,0.9852027317176473,0.9546770277160037,0.9565860415608791,0.021815896034240723,0.18065738677978516,0.17704927921295166,0.9998810272870022,0.991890391714471,0.9922092120591137,-0.7098348736763,0.7451190948486328,0.0016216416843235493,0.4995216836734694,0.007222299147246323,
8,client_1,True,flip_global,clip01,pretrained,0.9167315363883972,0.10403192043304443,0.20805490016937256,0.21145999431610107,0.9972998206079728,0.9892655027106219,0.9889142102643405,0.9744908179427052,0.9499483059687983,0.9491606828241166,0.026059985160827637,0.1995847225189209,0.2067701816558838,0.9998302409100646,0.9901153810394214,0.9893966092033828,-0.7247921228408813,0.7162756323814392,0.0040033236145973206,0.49824617346938777,0.022554307738891367,
8,client_2,False,flip_global,clip01,pretrained,0.9766916036605835,0.09645438194274902,0.07341384887695312,0.07738995552062988,0.997678189099023,0.9986539621081976,0.9985043784806085,0.9763157106725224,0.9818961692506769,0.980929736234714,0.16399502754211426,0.07453274726867676,0.07910001277923584,0.9933101639279207,0.9986126626181475,0.9984376301629727,-0.7276322245597839,0.636111319065094,-0.0115593196824193,0.5517378826530612,0.6846701373952193,
8,client_3,False,flip_global,clip01,pretrained,0.8429606556892395,0.056349992752075195,0.126470685005188,0.062052011489868164,0.9992066419584289,0.9960132523520204,0.9990380814971056,0.9860599822410925,0.9691168429370707,0.9846656689095781,0.10022014379501343,0.13080132007598877,0.06377291679382324,0.9974937018355725,0.9957364364210455,0.9989840285841125,-0.7011064291000366,0.7249940037727356,0.022307103499770164,0.48086734693877553,0.5336165059272445,
8,client_4,False,flip_global,clip01,pretrained,0.9558799862861633,0.05146598815917969,0.0563579797744751,0.15641313791275024,0.9993381417416975,0.9992064171759603,0.9939116770449969,0.9872566239920435,0.986058027104521,0.9620148092289853,0.09199094772338867,0.05859231948852539,0.1632402539253235,0.9978877685053686,0.9991422871776405,0.9933712952401172,-0.77862948179245,0.671661376953125,-0.01783868484199047,0.5490274234693877,0.6539931565557352,
8,client_5,False,flip_global,clip01,pretrained,0.8903195261955261,0.3037732243537903,0.027385473251342773,0.15167653560638428,0.977323657870252,0.9998125353251264,0.9942732732468478,0.9281765118925391,0.99318862913839,0.963133066278697,0.1060408353805542,0.027156710624694824,0.14951550960540771,0.9971947513893082,0.9998156537586325,0.9944346179264005,-0.9833061099052429,0.7425400018692017,-0.016985679045319557,0.5535714285714286,0.8399164113218706,
8,client_6,False,flip_global,clip01,pretrained,0.9623609781265259,0.35757172107696533,0.0769195556640625,0.11054098606109619,0.9687861600916887,0.9985224848229566,0.9969521575880655,0.9162675103797757,0.9810439972052023,0.9729273304336983,0.07143580913543701,0.07551288604736328,0.10781848430633545,0.9987254509625287,0.9985759737295377,0.9971001160902799,-0.8453571796417236,0.7352386116981506,-0.04195904731750488,0.6003667091836735,0.9971946576624012,
8,client_7,False,flip_global,clip01,pretrained,0.9141497611999512,0.44984668493270874,0.0742870569229126,0.1798233985900879,0.9512673014942346,0.9986217845618275,0.991964642528329,0.8963700655506743,0.9816838047579146,0.956516453494646,0.08196866512298584,0.07197904586791992,0.17810368537902832,0.9983223982399356,0.9987060114176387,0.9921166917187814,-0.9462740421295166,0.7384266257286072,-0.04526001960039139,0.6133609693877551,0.8970131795881375,
8,client_8,False,flip_global,clip01,pretrained,0.8543990254402161,0.26404720544815063,0.1546553373336792,0.08678901195526123,0.9827950520496282,0.9940471433532176,0.9981195730733023,0.9371204652518099,0.9624295779452388,0.9786508691803579,0.14721465110778809,0.15268385410308838,0.0869976282119751,0.9946039000412137,0.9941972881644268,0.9981105350092627,-1.0199559926986694,0.6765230894088745,-0.09202451258897781,0.6625478316326531,0.9243846127276609,
8,client_9,False,flip_global,clip01,pretrained,0.8364626169204712,0.26668548583984375,0.1028890609741211,0.18257349729537964,0.9824540831023696,0.997358704313198,0.9917185289973711,0.936522470755994,0.9747657238050549,0.9558736394956988,0.3796018362045288,0.1004486083984375,0.1937180757522583,0.9649264417516827,0.997482283570309,0.9906839349693239,-1.1417418718338013,0.6530547142028809,-0.0976639986038208,0.6262755102040817,0.8611255469353974,
9,client_0,True,orig,raw,random,0.6805359721183777,0.23086464405059814,0.11062860488891602,0.41460782289505005,0.9868073844844136,0.9969473350833453,0.9583722039164864,0.9446909217012884,0.9729063099537354,0.9038912015458953,0.3469884395599365,0.11122012138366699,0.43600142002105713,0.9705661096194247,0.9969146792056494,0.9541183370845014,-0.9771924614906311,0.984825611114502,-3.7193829484749585e-05,0.49776785714285715,0.0022066174969642104,
9,client_1,True,orig,raw,random,0.6247128844261169,0.07337665557861328,0.2841683626174927,0.2237863540649414,0.998655324260391,0.9801137537343048,0.9875965237475284,0.9819052162044382,0.9325742491948861,0.9463176970956524,0.095672607421875,0.30083680152893066,0.2311784029006958,0.997715609442879,0.9777526297090067,0.9867718579087226,-0.9549086093902588,0.9803466796875,0.002870339434593916,0.49800701530612246,0.009928424098612802,
9,client_2,False,orig,raw,random,0.9059858918190002,0.12028944492340088,0.06428885459899902,0.03894686698913574,0.9963924032584928,0.9989675359777404,0.9996208932139186,0.9705927706675659,0.9841195021210174,0.9903339348491889,0.07705485820770264,0.06088554859161377,0.037502169609069824,0.9985172880997732,0.9990738812685958,0.9996484895158844,-0.7648134827613831,1.2130423784255981,0.12842921912670135,0.3096301020408163,0.6917899414298183,
9,client_3,False,orig,raw,random,0.849671483039856,0.08232688903808594,0.05366981029510498,0.052275657653808594,0.9983077217635747,0.9992802766033182,0.9993171638049334,0.979731750194597,0.9867163905463623,0.9870580942724836,0.05556488037109375,0.053574323654174805,0.04970991611480713,0.9992285826218534,0.9992828339403776,0.9993825171729387,-1.1523014307022095,1.0320669412612915,0.01608983799815178,0.4764827806122449,0.5239227645057118,
9,client_4,False,orig,raw,random,0.8787170648574829,0.13764536380767822,0.09254944324493408,0.046350955963134766,0.9952802126219322,0.9978620843519086,0.9994631135037177,0.9664571455576965,0.9772581378583023,0.9885122081864253,0.11929941177368164,0.09319961071014404,0.044637084007263184,0.9964513854782184,0.9978319898083996,0.9995020687127303,-0.911217212677002,1.2379858493804932,-0.003075655549764633,0.5090082908163265,0.6718241300519936,
9,client_5,False,orig,raw,random,0.9173750877380371,0.07943427562713623,0.04371476173400879,0.055046916007995605,0.9984244132996813,0.9995224260283231,0.9992428894468404,0.9804333991720551,0.9891602492951643,0.9863790392313618,0.04633665084838867,0.04355645179748535,0.05146503448486328,0.9994634447135982,0.9995258775383136,0.9993381662580063,-0.7838495969772339,1.0588676929473877,0.02602575533092022,0.4215561224489796,0.8517352072180764,
9,client_6,False,orig,raw,random,0.9323539137840271,0.21274352073669434,0.06691348552703857,0.07117640972137451,0.9887803623701876,0.9988815853889916,0.998734681732006,0.9488640484512512,0.9834792292655943,0.9824406300113402,0.1400928497314453,0.06547212600708008,0.06873178482055664,0.995111495782375,0.9989292108993277,0.9988200307260688,-0.8642398715019226,0.9136679768562317,0.09358730912208557,0.3257334183673469,0.995079022999555,
9,client_7,False,orig,raw,random,0.9329001903533936,0.09982836246490479,0.039346933364868164,0.06137204170227051,0.997513222320735,0.9996130670332377,0.9990590327170024,0.9755025244773787,0.9902353724901982,0.9848317863252412,0.068306565284729,0.03930699825286865,0.0590825080871582,0.998834572953458,0.9996138518413666,0.9991278851681722,-0.8565182685852051,1.0775508880615234,0.006067004520446062,0.4091198979591837,0.9176783597623507,
9,client_8,False,orig,raw,random,0.9014747142791748,0.0949101448059082,0.08325958251953125,0.05547678470611572,0.997751814069384,0.9982692104927253,0.9992310253693375,0.976688237376186,0.9795056713811465,0.9862737692040076,0.052237629890441895,0.08204233646392822,0.05368077754974365,0.9993181563897762,0.9983193851175431,0.9992799825857817,-0.7264193296432495,1.1029685735702515,0.08608238399028778,0.3742825255102041,0.9071306689483655,
9,client_9,False,orig,raw,random,0.8979505300521851,0.13719356060028076,0.1363375186920166,0.052001118659973145,0.9953110370806175,0.995369166867293,0.9993243135241812,0.9665644669763012,0.9667678604192662,0.9871254040995447,0.1162039041519165,0.13919031620025635,0.050939321517944336,0.9966326914945338,0.9951740527870228,0.9993516118589478,-0.7107097506523132,0.9389249086380005,0.035982534289360046,0.43423150510204084,0.8259014246029497,
9,client_0,True,orig,raw,pretrained,0.6805359721183777,0.17705321311950684,0.11737751960754395,0.19478237628936768,0.9922088678699981,0.996564507190477,0.9905820138891146,0.9571646194207781,0.9712892364369332,0.9530277316512787,0.06753420829772949,0.11487805843353271,0.18844544887542725,0.9988607570207251,0.9967089040502588,0.9911808491534273,-0.9771924614906311,0.984825611114502,-3.7193829484749585e-05,0.49776785714285715,0.0022066174969642104,0.4538700580596924
9,client_1,True,orig,raw,pretrained,0.6247128844261169,0.23008060455322266,0.1157371997833252,0.22778642177581787,0.9868959578585748,0.9966596174401812,0.9871534699076845,0.9448709073077204,0.9716818937916167,0.945397860455514,0.12416338920593262,0.11292815208435059,0.22572684288024902,0.9961569758913882,0.9968194156402639,0.9873825351636616,-0.9549086093902588,0.9803466796875,0.002870339434593916,0.49800701530612246,0.009928424098612802,0.5905280113220215
9,client_2,False,orig,raw,pretrained,0.9059858918190002,0.24214887619018555,0.1375044584274292,0.047147274017333984,0.9855006106605781,0.9952898366699761,0.9994445151693403,0.9421061898244396,0.9664906143277783,0.9883165789904145,0.19508790969848633,0.1370633840560913,0.04351472854614258,0.9905526547125296,0.9953198998871733,0.9995267851162752,-0.7648134827613831,1.2130423784255981,0.12842921912670135,0.3096301020408163,0.6917899414298183,0.4488067626953125
9,client_3,False,orig,raw,pretrained,0.849671483039856,0.10386145114898682,0.05528414249420166,0.04937851428985596,0.9973086446628943,0.9992363535463322,0.9993907191423295,0.9745318156027951,0.9863209430381439,0.987768745869257,0.07839274406433105,0.05611824989318848,0.04643440246582031,0.9984654129295738,0.9992131501654833,0.9994611794117534,-1.1523014307022095,1.0320669412612915,0.01608983799815178,0.4764827806122449,0.5239227645057118,0.3646376132965088
9,client_4,False,orig,raw,pretrained,0.8787170648574829,0.15055060386657715,0.042732954025268555,0.04270303249359131,0.9943576205993845,0.9995436299255251,0.9995442685822771,0.9633991729561726,0.9894017646104127,0.9894091264106881,0.11187195777893066,0.0437932014465332,0.03998374938964844,0.9968784934352444,0.9995207112348168,0.9996004447199156,-0.911217212677002,1.2379858493804932,-0.003075655549764633,0.5090082908163265,0.6718241300519936,0.44370007514953613
9,client_5,False,orig,raw,pretrained,0.9173750877380371,0.02562093734741211,0.05813181400299072,0.07067418098449707,0.9998359120887905,0.9991557080533005,0.9987524585363925,0.9936254072364972,0.9856239557779747,0.9825629051432596,0.017212867736816406,0.057842254638671875,0.06844532489776611,0.9999259334107209,0.9991640928203849,0.9988298373512225,-0.7838495969772339,1.0588676929473877,0.02602575533092022,0.4215561224489796,0.8517352072180764,0.3969099521636963
9,client_6,False,orig,raw,pretrained,0.9323539137840271,0.24938631057739258,0.11349010467529297,0.08202791213989258,0.9846311005936708,0.9967877589573881,0.9983199752774923,0.9404539967514114,0.9722201871392571,0.9798042368219313,0.16801464557647705,0.11276578903198242,0.07979083061218262,0.9929799510275483,0.9968285331181361,0.998410253855369,-0.8642398715019226,0.9136679768562317,0.09358730912208557,0.3257334183673469,0.995079022999555,0.3667140007019043
9,client_7,False,orig,raw,pretrained,0.9329001903533936,0.07298827171325684,0.09589934349060059,0.11043882369995117,0.998669507199839,0.9977047876528513,0.9969577757821273,0.9819996947542369,0.9764495817692562,0.9729518408884197,0.04194188117980957,0.09379541873931885,0.1076955795288086,0.9995603646640332,0.9978042276362469,0.997106709265267,-0.8565182685852051,1.0775508880615234,0.006067004520446062,0.4091198979591837,0.9176783597623507,0.5102024078369141
9,client_8,False,orig,raw,pretrained,0.9014747142791748,0.09804809093475342,0.1096501350402832,0.09477746486663818,0.9976009682445017,0.9970009747153246,0.9977580848270515,0.9759314731646263,0.9731410916636967,0.9767202546040035,0.08771514892578125,0.11302971839904785,0.09076595306396484,0.9980792845186228,0.9968137055899848,0.9979435626599842,-0.7264193296432495,1.1029685735702515,0.08608238399028778,0.3742825255102041,0.9071306689483655,0.2713674306869507
9,client_9,False,orig,raw,pretrained,0.8979505300521851,0.10055005550384521,0.12818658351898193,0.10259568691253662,0.9974772051470082,0.9959046723938889,0.9973737157829041,0.9753287163003186,0.9687077262901251,0.9748363114103187,0.07593262195587158,0.13241732120513916,0.10074865818023682,0.9985601160731297,0.9956307838319363,0.9974672484050087,-0.7107097506523132,0.9389249086380005,0.035982534289360046,0.43423150510204084,0.8259014246029497,0.3634709119796753
9,client_0,True,orig,clip01,random,0.6805359721183777,0.17295348644256592,0.09630870819091797,0.4535374045372009,0.9925635111134892,0.997685184830581,0.9504944717496224,0.9581250819543965,0.9763508434180297,0.8955878015055494,0.30713361501693726,0.09934961795806885,0.4757869839668274,0.9768279895211494,0.9975369727146501,0.9457226722281975,-0.9771924614906311,0.984825611114502,-3.7193829484749585e-05,0.49776785714285715,0.0022066174969642104,
9,client_1,True,orig,clip01,random,0.6247128844261169,0.14601171016693115,0.15230131149291992,0.3159714937210083,0.9946913764397625,0.9942262027190933,0.9755002067760028,0.9644730317334271,0.9629854521667283,0.925455935052496,0.24805045127868652,0.15432953834533691,0.32729947566986084,0.9847934310506863,0.9940720861541061,0.9737473982866125,-0.9549086093902588,0.9803466796875,0.002870339434593916,0.49800701530612246,0.009928424098612802,
9,client_2,False,orig,clip01,random,0.9059858918190002,0.10056817531585693,0.05607461929321289,0.04662179946899414,0.9974762975370755,0.9992143724830453,0.9994568233357817,0.9753243530329367,0.9861273942393018,0.9884456643108464,0.08193445205688477,0.057372093200683594,0.04387867450714111,0.998323796622069,0.9991776183166792,0.9995188391882506,-0.7648134827613831,1.2130423784255981,0.12842921912670135,0.3096301020408163,0.6917899414298183,
9,client_3,False,orig,clip01,random,0.849671483039856,0.0979379415512085,0.03910958766937256,0.05165290832519531,0.9976063457911566,0.9996177196771607,0.9993333277920331,0.9759580224813502,0.9902938443902827,0.9872107861340431,0.07413554191589355,0.03850722312927246,0.04980897903442383,0.9986273950293632,0.9996294014814116,0.9993800548019085,-1.1523014307022095,1.0320669412612915,0.01608983799815178,0.4764827806122449,0.5239227645057118,
9,client_4,False,orig,clip01,random,0.8787170648574829,0.10007596015930176,0.07200312614440918,0.04097938537597656,0.9975008946028114,0.998705146317475,0.9995803046485308,0.9754428893098215,0.9822394032104735,0.9898333459519342,0.06509685516357422,0.07147908210754395,0.03930342197418213,0.9989414410242339,0.9987239078312597,0.9996139220838571,-0.911217212677002,1.2379858493804932,-0.003075655549764633,0.5090082908163265,0.6718241300519936,
9,client_5,False,orig,clip01,random,0.9173750877380371,0.037572503089904785,0.052716732025146484,0.0801093578338623,0.9996471701473955,0.9993055983985302,0.998397551188321,0.990672642202447,0.986949968719413,0.9802695798832624,0.0247344970703125,0.0510711669921875,0.07710766792297363,0.9998470687069205,0.9993482527318283,0.9985152573082163,-0.7838495969772339,1.0588676929473877,0.02602575533092022,0.4215561224489796,0.8517352072180764,
9,client_6,False,orig,clip01,random,0.9323539137840271,0.21826016902923584,0.0882565975189209,0.09669351577758789,0.9881961751146002,0.9980555336250654,0.9976666823425018,0.9475906868613018,0.9782957601901088,0.9762580418842717,0.13161075115203857,0.0868232250213623,0.09408330917358398,0.9956836766587254,0.9981180923098916,0.9977907501650749,-0.8642398715019226,0.9136679768562317,0.09358730912208557,0.3257334183673469,0.995079022999555,
9,client_7,False,orig,clip01,random,0.9329001903533936,0.04528164863586426,0.05392289161682129,0.06664657592773438,0.9994875900823954,0.9992734765601841,0.9988904826167937,0.9887749932974976,0.9866543799123886,0.9835443127055061,0.013149499893188477,0.052657127380371094,0.06371521949768066,0.9999567740645521,0.9993071669579898,0.998985864715046,-0.8565182685852051,1.0775508880615234,0.006067004520446062,0.4091198979591837,0.9176783597623507,
9,client_8,False,orig,clip01,random,0.9014747142791748,0.07815170288085938,0.09904682636260986,0.08756446838378906,0.9984748247039872,0.9975519356235376,0.9980858683434892,0.980744748791226,0.9756907973436735,0.9784632093046697,0.05685305595397949,0.10213053226470947,0.08514237403869629,0.9991924219776809,0.9973974298141466,0.9981901544520906,-0.7264193296432495,1.1029685735702515,0.08608238399028778,0.3742825255102041,0.9071306689483655,
9,client_9,False,orig,clip01,random,0.8979505300521851,0.0990380048751831,0.1303093433380127,0.0722348690032959,0.9975523708711507,0.9957683470985776,0.9986968060641996,0.9756929227605793,0.9682019616825308,0.9821830069716335,0.07568228244781494,0.13329052925109863,0.06980752944946289,0.9985695844533435,0.9955731615392431,0.9987828394611475,-0.7107097506523132,0.9389249086380005,0.035982534289360046,0.43423150510204084,0.8259014246029497,
9,client_0,True,orig,clip01,pretrained,0.6805359721183777,0.225266695022583,0.0807570219039917,0.14716458320617676,0.987433439047904,0.9983715674366616,0.9946075550016877,0.9459771281693026,0.9801124526497589,0.9642001027534961,0.06004452705383301,0.07671642303466797,0.13253843784332275,0.9990992726382502,0.9985302697028962,0.9956228137674119,-0.9771924614906311,0.984825611114502,-3.7193829484749585e-05,0.49776785714285715,0.0022066174969642104,
9,client_1,True,orig,clip01,pretrained,0.6247128844261169,0.2280658483505249,0.08350801467895508,0.16084229946136475,0.9871222381298752,0.9982588798437357,0.9935636782027526,0.945333655064456,0.9794454662539402,0.9609708988769878,0.10290384292602539,0.07900691032409668,0.15286791324615479,0.9973579468196485,0.9984413015875571,0.9941833506243567,-0.9549086093902588,0.9803466796875,0.002870339434593916,0.49800701530612246,0.009928424098612802,
9,client_2,False,orig,clip01,pretrained,0.9059858918190002,0.2536661624908447,0.14029347896575928,0.05341196060180664,0.9841054275681158,0.9950975355116198,0.9992871719385947,0.9394790221888951,0.9658284714781309,0.9867795755541349,0.2063748836517334,0.1410008668899536,0.048584938049316406,0.9894367915054434,0.9950481566924962,0.9994101370324779,-0.7648134827613831,1.2130423784255981,0.12842921912670135,0.3096301020408163,0.6917899414298183,
9,client_3,False,orig,clip01,pretrained,0.849671483039856,0.11601293087005615,0.05588948726654053,0.05714118480682373,0.9966437224338778,0.99921954843304,0.9991842207156856,0.9716158730252107,0.9861727188342582,0.9858663352480863,0.08276808261871338,0.057358503341674805,0.05312299728393555,0.9982895585066058,0.999178007629205,0.999294859928977,-1.1523014307022095,1.0320669412612915,0.01608983799815178,0.4764827806122449,0.5239227645057118,
9,client_4,False,orig,clip01,pretrained,0.8787170648574829,0.16510486602783203,0.04907429218292236,0.047185301780700684,0.9932197730281012,0.9993982002220252,0.9994436191028786,0.9599678592582601,0.9878434142388173,0.9883072382711928,0.13076448440551758,0.05029439926147461,0.04389321804046631,0.9957388297739296,0.9993679181563535,0.9995185202902681,-0.911217212677002,1.2379858493804932,-0.003075655549764633,0.5090082908163265,0.6718241300519936,
9,client_5,False,orig,clip01,pretrained,0.9173750877380371,0.024790525436401367,0.0498882532119751,0.06506812572479248,0.9998463751648858,0.9993780807879264,0.9989423744325103,0.9938310600176279,0.9876436543710423,0.9839293353870222,0.01768195629119873,0.05007171630859375,0.06266140937805176,0.9999218416872728,0.9993735003386728,0.9990191091520724,-0.7838495969772339,1.0588676929473877,0.02602575533092022,0.4215561224489796,0.8517352072180764,
9,client_6,False,orig,clip01,pretrained,0.9323539137840271,0.2638837695121765,0.10853028297424316,0.08189249038696289,0.982816068666035,0.9970617853558879,0.9983255109178708,0.9371575286389158,0.9734099021354343,0.97983707232923,0.18420648574829102,0.10756182670593262,0.07916152477264404,0.9915706651330749,0.997113875908348,0.9984352021232743,-0.8642398715019226,0.9136679768562317,0.09358730912208557,0.3257334183673469,0.995079022999555,
9,client_7,False,orig,clip01,pretrained,0.9329001903533936,0.08073735237121582,0.09314095973968506,0.10808777809143066,0.9983723596278122,0.9978347131969305,0.9970856438785076,0.9801172240411202,0.9771152921174173,0.9735161522051283,0.044750213623046875,0.09032094478607178,0.10395574569702148,0.9994995425178612,0.9979636471407505,0.9973037654386652,-0.8565182685852051,1.0775508880615234,0.006067004520446062,0.4091198979591837,0.9176783597623507,
9,client_8,False,orig,clip01,pretrained,0.9014747142791748,0.11477231979370117,0.11442708969116211,0.09501755237579346,0.9967149448613728,0.996734629385994,0.9977467313600239,0.9719129766937309,0.9719956772520035,0.9766623198219357,0.10152781009674072,0.11816811561584473,0.09087324142456055,0.9974279981400511,0.9965181931637586,0.9979387057559193,-0.7264193296432495,1.1029685735702515,0.08608238399028778,0.3742825255102041,0.9071306689483655,
9,client_9,False,orig,clip01,pretrained,0.8979505300521851,0.11493659019470215,0.13558244705200195,0.10215353965759277,0.9967055577831614,0.9954201424252582,0.9973962593884873,0.9718736291017398,0.9669473169313418,0.9749427092609821,0.08846867084503174,0.1408442258834839,0.0997927188873291,0.9980461913279246,0.9950591120213488,0.9975149944940938,-0.7107097506523132,0.9389249086380005,0.035982534289360046,0.43423150510204084,0.8259014246029497,
9,client_0,True,flip,raw,random,,0.0,0.2554032802581787,0.2554032802581787,1.0,0.983889636013406,0.983889636013406,1.0,0.9390837303998663,0.9390837303998663,0.0,0.2540309429168701,0.2540309429168701,1.0,0.9840602293964438,0.9840602293964438,,,,0.0,0.0022066174969642104,
9,client_1,True,flip,raw,random,-0.13524655997753143,0.6016302108764648,0.3135383129119873,0.2554032802581787,0.9153065018909008,0.9758692476051412,0.983889636013406,0.8650284164444646,0.9259976482014465,0.9390837303998663,0.6945760250091553,0.3295826315879822,0.2540309429168701,0.8894980460338089,0.973387231218126,0.9840602293964438,-1.0498589277267456,1.1955854892730713,-0.0009609733242541552,0.5035076530612245,0.009928424098612802,
9,client_2,False,flip,raw,random,0.501426637172699,0.41335296630859375,0.25661563873291016,0.08922243118286133,0.9586159332237985,0.9837382019490486,0.9980128061269085,0.904160779660389,0.9388079989378102,0.9780621647121437,0.4656381607055664,0.26973336935043335,0.07786715030670166,0.9479231157049401,0.982056181836682,0.9984858983050782,-1.3410348892211914,0.9049790501594543,-0.11449263244867325,0.6646205357142857,0.6917899414298183,
9,client_3,False,flip,raw,random,0.7171489596366882,0.18478715419769287,0.06870508193969727,0.11192154884338379,0.9915177774597914,0.9988209465933005,0.9968757318830783,0.9553566859141731,0.9830425322940528,0.9725962012832456,0.12917792797088623,0.0682985782623291,0.10646224021911621,0.9958412826516747,0.9988348452438935,0.9971724584489459,-1.0781517028808594,0.7750680446624756,0.011288991197943687,0.5110809948979592,0.5239227645057118,
9,client_4,False,flip,raw,random,0.7368428707122803,0.17808854579925537,0.08061361312866211,0.07958710193634033,0.9921180239578318,0.9983773388264188,0.9984183520185459,0.9569222958536541,0.9801472412300203,0.9803963098722404,0.08824396133422852,0.07677173614501953,0.07285988330841064,0.9980560895731767,0.9985281519069913,0.9986741791794664,-0.7927855849266052,0.7464110851287842,0.01883590780198574,0.49314413265306123,0.6718241300519936,
9,client_5,False,flip,raw,random,0.7655311226844788,0.16466856002807617,0.05807673931121826,0.10686492919921875,0.9932553792635346,0.999157306066832,0.9971510736947005,0.9600704557005195,0.9856374286786567,0.9738098616293596,0.09971916675567627,0.05491518974304199,0.09872806072235107,0.9975186494683377,0.9992465065692557,0.9975676389258827,-0.9218614101409912,1.3331972360610962,-0.02814876288175583,0.6202168367346939,0.8517352072180764,
9,client_6,False,flip,raw,random,0.8246448040008545,0.2915000915527344,0.10386168956756592,0.07230210304260254,0.979090722904469,0.9973086323315825,0.9986943813651246,0.9309259440975928,0.9745317582616022,0.9821666460094156,0.21708226203918457,0.10687685012817383,0.06346821784973145,0.9883221217991083,0.9971504394152009,0.9989937064467309,-1.2254992723464966,1.051525592803955,-0.10383859276771545,0.6981026785714286,0.995079022999555,
9,client_7,False,flip,raw,random,0.7406660318374634,0.24357688426971436,0.06497800350189209,0.1101384162902832,0.9853309861080739,0.9989452998033617,0.9969742662045971,0.9417798525659142,0.9839513252316003,0.9730239190087882,0.13206720352172852,0.060866355895996094,0.09613919258117676,0.9956537828403047,0.9990744646442982,0.9976933123078389,-0.8206110596656799,0.9875657558441162,-0.003825010033324361,0.5958227040816326,0.9176783597623507,
9,client_8,False,flip,raw,random,0.6167569160461426,0.2155013084411621,0.05889785289764404,0.12922894954681396,0.9884901301239508,0.9991333244884535,0.9958380071194686,0.948227170247812,0.9854365886310095,0.9684593246328308,0.09440743923187256,0.05756986141204834,0.11385011672973633,0.9977755270495878,0.999171942383674,0.9967673964803954,-1.4406099319458008,0.9958900213241577,-0.05567607656121254,0.6808832908163265,0.9071306689483655,
9,client_9,False,flip,raw,random,0.6950940489768982,0.2557060718536377,0.07726001739501953,0.11729228496551514,0.983851878636179,0.9985093909649148,0.9965694819602,0.939014853909282,0.9809612964420948,0.9713096339117848,0.12472164630889893,0.07687878608703613,0.10002660751342773,0.9961224413838894,0.9985240489251572,0.9975033542554961,-1.2066625356674194,0.7057011127471924,-0.027433419600129128,0.5584343112244898,0.8259014246029497,
9,client_0,True,flip,raw,pretrained,,0.0,0.2965484857559204,0.2965484857559204,1.0,0.9783721073511513,0.9783721073511513,1.0,0.9297935197008682,0.9297935197008682,0.0,0.29367005825042725,0.29367005825042725,1.0,0.9787832532017977,0.9787832532017977,,,,0.0,0.0022066174969642104,0.5891683101654053
9,client_1,True,flip,raw,pretrained,-0.13524655997753143,0.7966333627700806,0.34336400032043457,0.2973520755767822,0.8584342303382855,0.9711644942026401,0.9782566556050334,0.8271312443056771,0.919390136891892,0.9296134545811305,1.1223363876342773,0.3522474765777588,0.29367005825042725,0.7466168357970484,0.969687689107215,0.9787832532017977,-1.0498589277267456,1.1955854892730713,-0.0009609733242541552,0.5035076530612245,0.009928424098612802,0.6209114789962769
9,client_2,False,flip,raw,pretrained,0.501426637172699,0.2954031229019165,0.07736444473266602,0.10525846481323242,0.9785361567947772,0.9985053632445675,0.9972359074600976,0.9300502586050825,0.9809359323386768,0.9741959118049797,0.20701181888580322,0.07250666618347168,0.09655976295471191,0.9893720099610044,0.9986869902709685,0.9976731218118868,-1.3410348892211914,0.9049790501594543,-0.11449263244867325,0.6646205357142857,0.6917899414298183,0.8105869889259338
9,client_3,False,flip,raw,pretrained,0.7171489596366882,0.25580894947052,0.22504687309265137,0.10403990745544434,0.9838390403603379,0.9874577215849842,0.9972994068212131,0.9389914539011057,0.9460276890052548,0.9744888971368197,0.25993144512176514,0.23333609104156494,0.09874939918518066,0.9833205475709641,0.986526290892836,0.9975665893017851,-1.0781517028808594,0.7750680446624756,0.011288991197943687,0.5110809948979592,0.5239227645057118,0.48564982414245605
9,client_4,False,flip,raw,pretrained,0.7368428707122803,0.08669507503509521,0.09653162956237793,0.04423236846923828,0.998123635739272,0.9976744751546871,0.9995110537702758,0.9786736055134795,0.9762970813123673,0.9890329585951854,0.08815324306488037,0.10053682327270508,0.04262340068817139,0.9980600785374545,0.9974778678385643,0.9995459660978347,-0.7927855849266052,0.7464110851287842,0.01883590780198574,0.49314413265306123,0.6718241300519936,0.5710885524749756
9,client_5,False,flip,raw,pretrained,0.7655311226844788,0.07366788387298584,0.04487729072570801,0.03718721866607666,0.9986446400506541,0.9994966972602983,0.9996543673145937,0.98183438074202,0.9888743926421162,0.9907676254450561,0.09399080276489258,0.045845866203308105,0.03614497184753418,0.9977950852880519,0.9994747461485449,0.9996734652433028,-0.9218614101409912,1.3331972360610962,-0.02814876288175583,0.6202168367346939,0.8517352072180764,0.4878197908401489
9,client_6,False,flip,raw,pretrained,0.8246448040008545,0.11996734142303467,0.08803927898406982,0.04625427722930908,0.9964116458197232,0.99806508386027,0.9994653499443489,0.9706697735470804,0.9783483321562827,0.9885359629320596,0.038803815841674805,0.0838857889175415,0.04310131072998047,0.9996236722197458,0.9982431120358386,0.9995357309760393,-1.2254992723464966,1.051525592803955,-0.10383859276771545,0.6981026785714286,0.995079022999555,0.5996721982955933
9,client_7,False,flip,raw,pretrained,0.7406660318374634,0.11774277687072754,0.03403770923614502,0.06989610195159912,0.996543148235385,0.999710421494655,0.9987797516395394,0.9712018341216349,0.9915445790830095,0.9827523852844171,0.09009218215942383,0.03492546081542969,0.06746125221252441,0.9979739336639908,0.9996951227772508,0.9988632150039196,-0.8206110596656799,0.9875657558441162,-0.003825010033324361,0.5958227040816326,0.9176783597623507,0.5428189039230347
9,client_8,False,flip,raw,pretrained,0.6167569160461426,0.1593492031097412,0.05818963050842285,0.09321045875549316,0.9936820558117438,0.9991540288594338,0.9978314859055808,0.9613226169876048,0.9856098124458321,0.9770985108081955,0.04588890075683594,0.055776238441467285,0.08856558799743652,0.9994737599855867,0.999222706243158,0.9980419144929185,-1.4406099319458008,0.9958900213241577,-0.05567607656121254,0.6808832908163265,0.9071306689483655,0.5812978744506836
9,client_9,False,flip,raw,pretrained,0.6950940489768982,0.2003391981124878,0.051143765449523926,0.06250786781311035,0.990041067874273,0.9993463993861722,0.9990239067733588,0.951736642408586,0.9873356491759082,0.9845543262207348,0.1282825469970703,0.05189847946166992,0.05813133716583252,0.9958985572657861,0.9993269768706812,0.9991557218953993,-1.2066625356674194,0.7057011127471924,-0.027433419600129128,0.5584343112244898,0.8259014246029497,0.68892502784729
9,client_0,True,flip,clip01,random,,0.0,0.20505285263061523,0.20505285263061523,1.0,0.9895706358859622,0.9895706358859622,1.0,0.9506435164380478,0.9506435164380478,0.0,0.20070838928222656,0.20070838928222656,1.0,0.9900046047448605,0.9900046047448605,,,,0.0,0.0022066174969642104,
9,client_1,True,flip,clip01,random,-0.13524655997753143,0.6996915340423584,0.729402482509613,0.20505285263061523,0.888004641031475,0.8791919764203637,0.9895706358859622,0.845650572957614,0.8399086810101906,0.9506435164380478,1.3820831775665283,0.733470618724823,0.20070838928222656,0.6521934499179918,0.8779673326640947,0.9900046047448605,-1.0498589277267456,1.1955854892730713,-0.0009609733242541552,0.5035076530612245,0.009928424098612802,
9,client_2,False,flip,clip01,random,0.501426637172699,0.4148443937301636,0.11477351188659668,0.13815975189208984,0.9583261827259195,0.996714876788225,0.995244996663748,0.9038403931063961,0.971912691143809,0.9663349795001175,0.2870246171951294,0.11202371120452881,0.1362757682800293,0.9797181153210417,0.9968700389985676,0.9953733461744994,-1.3410348892211914,0.9049790501594543,-0.11449263244867325,0.6646205357142857,0.6917899414298183,
9,client_3,False,flip,clip01,random,0.7171489596366882,0.14848458766937256,0.10602128505706787,0.11223948001861572,0.9945107856820663,0.9971957835023917,0.9968579986113317,0.9638877498150518,0.974012569487305,0.9725199691926463,0.09076476097106934,0.10330855846405029,0.1003798246383667,0.997943616593554,0.9973371654397478,0.9974857239784123,-1.0781517028808594,0.7750680446624756,0.011288991197943687,0.5110809948979592,0.5239227645057118,
9,client_4,False,flip,clip01,random,0.7368428707122803,0.15413737297058105,0.10037684440612793,0.04680907726287842,0.9940867738941277,0.9974858729900238,0.9994524525316406,0.9625518474893817,0.9753704271708254,0.9883996557291459,0.1659163236618042,0.10239231586456299,0.04614090919494629,0.9931533058286046,0.9973840969880403,0.9994679665148116,-0.7927855849266052,0.7464110851287842,0.01883590780198574,0.49314413265306123,0.6718241300519936,
9,client_5,False,flip,clip01,random,0.7655311226844788,0.1346672773361206,0.05694079399108887,0.1648350954055786,0.9954815520456368,0.9991899289931059,0.9932417994694211,0.967164890732825,0.9859153761963653,0.9600312933116784,0.13137531280517578,0.057599425315856934,0.16392755508422852,0.9956990559687697,0.9991710922278643,0.9933156399663636,-0.9218614101409912,1.3331972360610962,-0.02814876288175583,0.6202168367346939,0.8517352072180764,
9,client_6,False,flip,clip01,random,0.8246448040008545,0.33085697889328003,0.08149755001068115,0.10333728790283203,0.9731852022577359,0.9983416029391461,0.997335687161196,0.9221522488828349,0.9799328423573495,0.9746578924639044,0.13964378833770752,0.07903146743774414,0.09945881366729736,0.9951426712257567,0.998440333614306,0.9975315655194066,-1.2254992723464966,1.051525592803955,-0.10383859276771545,0.6981026785714286,0.995079022999555,
9,client_7,False,flip,clip01,random,0.7406660318374634,0.1823049783706665,0.046852827072143555,0.09363842010498047,0.9917427199507955,0.999451428951087,0.9978115601727586,0.9559363750921099,0.9883889081657868,0.9769951843217479,0.11992597579956055,0.04443979263305664,0.09080624580383301,0.9964141133164841,0.9995064589709151,0.9979417392912986,-0.8206110596656799,0.9875657558441162,-0.003825010033324361,0.5958227040816326,0.9176783597623507,
9,client_8,False,flip,clip01,random,0.6167569160461426,0.15219557285308838,0.09562432765960693,0.10509383678436279,0.9942341824204384,0.9977179104819249,0.9972445291152847,0.96301043236075,0.9765159237276448,0.974235486619665,0.0737154483795166,0.09509599208831787,0.10149025917053223,0.998642891060969,0.9977430158514908,0.9974298966734234,-1.4406099319458008,0.9958900213241577,-0.05567607656121254,0.6808832908163265,0.9071306689483655,
9,client_9,False,flip,clip01,random,0.6950940489768982,0.2373659610748291,0.05750834941864014,0.058716416358947754,0.9860617920399408,0.9991737098608939,0.9991386524572277,0.9432004502421465,0.9857764898261547,0.9854809617638822,0.10984146595001221,0.05735456943511963,0.05613088607788086,0.9969905231121368,0.9991781203077654,0.9992127959838228,-1.2066625356674194,0.7057011127471924,-0.027433419600129128,0.5584343112244898,0.8259014246029497,
9,client_0,True,flip,clip01,pretrained,,0.0,0.23002183437347412,0.23002183437347412,1.0,0.9869025854983458,0.9869025854983458,1.0,0.9448844007790822,0.9448844007790822,0.0,0.2248135805130005,0.2248135805130005,1.0,0.9874834671995367,0.9874834671995367,,,,0.0,0.0022066174969642104,
9,client_1,True,flip,clip01,pretrained,-0.13524655997753143,0.8078573942184448,0.343308687210083,0.23112773895263672,0.8548669882262812,0.9711735818312106,0.9867775976693614,0.8250267299433736,0.9194023250918435,0.9446305366798455,1.0462944507598877,0.3623027801513672,0.2248135805130005,0.7738740221886247,0.967974801891788,0.9874834671995367,-1.0498589277267456,1.1955854892730713,-0.0009609733242541552,0.5035076530612245,0.009928424098612802,
9,client_2,False,flip,clip01,pretrained,0.501426637172699,0.3652815818786621,0.09942519664764404,0.09009850025177002,0.9674590089476269,0.9975332308081002,0.9979736499132739,0.9145796839337441,0.975599640733932,0.9778503520124813,0.22063279151916504,0.09329020977020264,0.08759069442749023,0.9879404895841903,0.9978277796005133,0.9980847232335655,-1.3410348892211914,0.9049790501594543,-0.11449263244867325,0.6646205357142857,0.6917899414298183,
9,client_3,False,flip,clip01,pretrained,0.7171489596366882,0.21332240104675293,0.2321305274963379,0.12227916717529297,0.9887197398537306,0.9866637663072819,0.9962724054529772,0.9487303096464217,0.9444004318272348,0.9701173058919612,0.2304375171661377,0.23968034982681274,0.11858868598937988,0.986855673127299,0.9857915819389225,0.9964934303056245,-1.0781517028808594,0.7750680446624756,0.011288991197943687,0.5110809948979592,0.5239227645057118,
9,client_4,False,flip,clip01,pretrained,0.7368428707122803,0.09076666831970215,0.10778248310089111,0.041832685470581055,0.9979435302995043,0.9971020481317596,0.9995626501157724,0.9776888511216819,0.9735894668896798,0.989623299848597,0.09896016120910645,0.11246395111083984,0.041849493980407715,0.9975562099691948,0.9968454482603857,0.9995622987033443,-0.7927855849266052,0.7464110851287842,0.01883590780198574,0.49314413265306123,0.6718241300519936,
9,client_5,False,flip,clip01,pretrained,0.7655311226844788,0.06944084167480469,0.05458211898803711,0.04098868370056152,0.9987955814526319,0.9992556139160824,0.9995801142270724,0.9828632770664323,0.9864928817871186,0.9898310567403543,0.1014944314956665,0.05608212947845459,0.040734052658081055,0.9974296857596858,0.9992141621516988,0.9995853132575139,-0.9218614101409912,1.3331972360610962,-0.02814876288175583,0.6202168367346939,0.8517352072180764,
9,client_6,False,flip,clip01,pretrained,0.8246448040008545,0.13285470008850098,0.11361515522003174,0.045661330223083496,0.9956019682693305,0.996780693270116,0.9994789644287412,0.9675960325908497,0.9721902194219973,0.9886816735393276,0.04111671447753906,0.10904598236083984,0.04242813587188721,0.9995774878827974,0.9970338585009058,0.9995501151765664,-1.2254992723464966,1.051525592803955,-0.10383859276771545,0.6981026785714286,0.995079022999555,
9,client_7,False,flip,clip01,pretrained,0.7406660318374634,0.11517989635467529,0.0391695499420166,0.0699843168258667,0.99669162985568,0.9996165469022642,0.9987766724081486,0.9718153545158392,0.9902790717436216,0.9827309001772078,0.09844350814819336,0.039493441581726074,0.06835901737213135,0.9975816143451834,0.9996101810246625,0.998832783989078,-0.8206110596656799,0.9875657558441162,-0.003825010033324361,0.5958227040816326,0.9176783597623507,
9,client_8,False,flip,clip01,pretrained,0.6167569160461426,0.17037498950958252,0.07158815860748291,0.09054887294769287,0.9927824007219985,0.9987200139896169,0.9979533723548624,0.9587299005945227,0.9823404005951761,0.9777414893859588,0.045281410217285156,0.06710875034332275,0.08537578582763672,0.9994875954762259,0.9988750539371114,0.9981802312900743,-1.4406099319458008,0.9958900213241577,-0.05567607656121254,0.6808832908163265,0.9071306689483655,
9,client_9,False,flip,clip01,pretrained,0.6950940489768982,0.1807628870010376,0.05348539352416992,0.07084870338439941,0.9918809750391535,0.9992852115931836,0.9987462953880428,0.9562967824316342,0.9867615804999041,0.9825204124533959,0.1268678903579712,0.05515408515930176,0.06631624698638916,0.995988246264444,0.9992399402689296,0.9989014448045257,-1.2066625356674194,0.7057011127471924,-0.027433419600129128,0.5584343112244898,0.8259014246029497,
9,client_0,True,flip_global,raw,random,0.758301854133606,0.2013767957687378,0.16788530349731445,0.23650085926055908,0.9899384239970097,0.9929906984294166,0.9861621497464976,0.9514958549538999,0.959314431938574,0.943398576796743,0.12736129760742188,0.1683955192565918,0.2321944236755371,0.995957075899021,0.9929482560930227,0.9866564971124698,-1.0127655267715454,1.035180687904358,0.003277648240327835,0.49609375,0.0022066174969642104,
9,client_1,True,flip_global,raw,random,0.7516154646873474,0.12657654285430908,0.20276165008544922,0.23518645763397217,0.9960065956367301,0.9898006269030584,0.9863139571024491,0.9690915960518569,0.9511746248619628,0.9436997222325265,0.0982367992401123,0.205527663230896,0.22999882698059082,0.9975917414656836,0.9895226612211749,0.9869051796486339,-1.0130928754806519,1.0621206760406494,-0.002828876953572035,0.5063775510204082,0.009928424098612802,
9,client_2,False,flip_global,raw,random,0.7020872831344604,0.4815254807472229,0.1975710391998291,0.08236825466156006,0.9444609424996961,0.9903123893307912,0.99830602290809,0.8896889356743467,0.9523794763115743,0.9797217217775918,0.416959285736084,0.19932782649993896,0.07513022422790527,0.9579137451534872,0.9901406222986857,0.9985903544535717,-1.3859058618545532,0.34476596117019653,-0.16553321480751038,0.7290338010204082,0.6917899414298183,
9,client_3,False,flip_global,raw,random,0.6950530409812927,0.14003849029541016,0.08036637306213379,0.11001074314117432,0.9951152748550176,0.9983872648665872,0.9969812611562823,0.9658889801739678,0.9802072219044695,0.9730545546376443,0.07126748561859131,0.0786505937576294,0.10383737087249756,0.9987314445923776,0.9984553129065794,0.9973098899807473,-0.9585070610046387,1.050829291343689,0.022705795243382454,0.49433992346938777,0.5239227645057118,
9,client_4,False,flip_global,raw,random,0.7799569368362427,0.1977696418762207,0.06501328945159912,0.09196209907531738,0.9902930452753742,0.9989441549015061,0.9978890910044891,0.9523333342123537,0.9839427153633251,0.9774000070417257,0.1153794527053833,0.06406831741333008,0.08555257320404053,0.9966801845958706,0.9989746019402961,0.9981726974510767,-1.107224464416504,0.8096184134483337,0.007798651698976755,0.5214445153061225,0.6718241300519936,
9,client_5,False,flip_global,raw,random,0.862153172492981,0.10606467723846436,0.04168736934661865,0.07502949237823486,0.9971934924594357,0.9995656823350221,0.998594127937606,0.9740021418206808,0.9896590657574351,0.9815032984241634,0.0468062162399292,0.04143500328063965,0.07025146484375,0.9994525194355321,0.9995709232559726,0.9987673237274932,-1.14093017578125,1.0833146572113037,-0.024907421320676804,0.5888871173469388,0.8517352072180764,
9,client_6,False,flip_global,raw,random,0.8412215113639832,0.2735401391983032,0.07321560382843018,0.07417905330657959,0.9815532037393377,0.9986612146202822,0.9986257850083966,0.9349714694076257,0.9819443921179343,0.9817100675377641,0.20130574703216553,0.07403898239135742,0.06721866130828857,0.9899454688614588,0.9986309645921583,0.9988713691600997,-1.2420693635940552,1.0237106084823608,-0.10725309699773788,0.7022480867346939,0.995079022999555,
9,client_7,False,flip_global,raw,random,0.9020174145698547,0.1818094253540039,0.03798675537109375,0.12121367454528809,0.9917872733052993,0.9996393491855706,0.9963369062003837,0.9560521701923359,0.9905705328254863,0.9703718729022937,0.08778083324432373,0.037387847900390625,0.11312079429626465,0.9980764109903804,0.9996506287795481,0.9968085809866014,-0.834916353225708,0.9602178335189819,0.019288206472992897,0.5673628826530612,0.9176783597623507,
9,client_8,False,flip_global,raw,random,0.76663738489151,0.14430832862854004,0.03554391860961914,0.10787034034729004,0.9948140359846187,0.9996842322643615,0.9970973320586949,0.9648764994694972,0.9911728977248166,0.9735683676713731,0.07975077629089355,0.035221219062805176,0.10088205337524414,0.9984118476317598,0.9996899385543916,0.9974605498274978,-1.3250592947006226,0.9193452000617981,-0.07420012354850769,0.6808035714285714,0.9071306689483655,
9,client_9,False,flip_global,raw,random,0.7773001194000244,0.15816068649291992,0.06666707992553711,0.09688615798950195,0.9937755111029443,0.9988898003884312,0.9976573921154299,0.9616027256493214,0.9835393127658587,0.9762115885934273,0.0853428840637207,0.06583702564239502,0.08928787708282471,0.9981816316964411,0.9989172515764577,0.9980098941432709,-1.2349220514297485,0.7004777193069458,-0.06223803013563156,0.568000637755102,0.8259014246029497,
9,client_0,True,flip_global,raw,pretrained,0.758301854133606,0.13818800449371338,0.13602900505065918,0.1949695348739624,0.9952430586871888,0.9953900286288189,0.9905640348375755,0.966328270240217,0.96684117825521,0.9529842038290652,0.04514670372009277,0.1351696252822876,0.1760094165802002,0.9994906384564246,0.9954478943352709,0.9922999307750697,-1.0127655267715454,1.035180687904358,0.003277648240327835,0.49609375,0.0022066174969642104,0.45258092880249023
9,client_1,True,flip_global,raw,pretrained,0.7516154646873474,0.18076848983764648,0.13797450065612793,0.17551422119140625,0.991880474794552,0.9952576942250166,0.9923429486593391,0.9562954726044375,0.9663789735957748,0.9575249967611696,0.051910996437072754,0.13714170455932617,0.15617549419403076,0.9993266523534869,0.9953145685882496,0.9939300791219543,-1.0130928754806519,1.0621206760406494,-0.002828876953572035,0.5063775510204082,0.009928424098612802,0.6037616729736328
9,client_2,False,flip_global,raw,pretrained,0.7020872831344604,0.4819924235343933,0.13615894317626953,0.07080376148223877,0.9443577218688848,0.9953812478645025,0.9987478839306496,0.8895910181346791,0.9668102976233495,0.9825313546378522,0.2255772352218628,0.1284651756286621,0.0694880485534668,0.9873990964836736,0.9958869070455965,0.9987939448161416,-1.3859058618545532,0.34476596117019653,-0.16553321480751038,0.7290338010204082,0.6917899414298183,0.8176721334457397
9,client_3,False,flip_global,raw,pretrained,0.6950530409812927,0.11516642570495605,0.21038317680358887,0.1046137809753418,0.99669240173816,0.9890258982617948,0.9972695934708455,0.97181858075209,0.9494096524449886,0.974350900675707,0.12299883365631104,0.22070741653442383,0.10786616802215576,0.9962285238449695,0.987932404401604,0.9970975561103264,-0.9585070610046387,1.050829291343689,0.022705795243382454,0.49433992346938777,0.5239227645057118,0.4028959274291992
9,client_4,False,flip_global,raw,pretrained,0.7799569368362427,0.08846175670623779,0.1218104362487793,0.0542140007019043,0.9980464962624853,0.9963008493567103,0.9992656152736772,0.9782461336075721,0.9702292825144339,0.9865830588505697,0.10087716579437256,0.13283181190490723,0.054335594177246094,0.9974607954176542,0.9956034785224679,0.9992623191854944,-1.107224464416504,0.8096184134483337,0.007798651698976755,0.5214445153061225,0.6718241300519936,0.48496031761169434
9,client_5,False,flip_global,raw,pretrained,0.862153172492981,0.08227753639221191,0.056328415870666504,0.03127920627593994,0.9983097475293612,0.9992072490476855,0.9997554476773307,0.9797437151357782,0.9860652640570373,0.992225826426202,0.05192232131958008,0.05608868598937988,0.030835628509521484,0.9993263586753951,0.9992139785061189,0.9997623333761778,-1.14093017578125,1.0833146572113037,-0.024907421320676804,0.5888871173469388,0.8517352072180764,0.5367600917816162
9,client_6,False,flip_global,raw,pretrained,0.8412215113639832,0.15433692932128906,0.09319734573364258,0.05104196071624756,0.9940715208820758,0.9978320950115254,0.9993489975895014,0.962504737887329,0.9771016770598389,0.9873606187804036,0.034319162368774414,0.09146344661712646,0.04972660541534424,0.9997056137871703,0.9979118854271762,0.9993821026757874,-1.2420693635940552,1.0237106084823608,-0.10725309699773788,0.7022480867346939,0.995079022999555,0.5968620777130127
9,client_7,False,flip_global,raw,pretrained,0.9020174145698547,0.08939790725708008,0.030368924140930176,0.04202890396118164,0.9980049936201802,0.9997694719767682,0.9995585390283082,0.9780197332481273,0.992450786275531,0.9895750086800708,0.07313525676727295,0.030233383178710938,0.04070019721984863,0.9986641484405059,0.9997715247936374,0.9995860020772325,-0.834916353225708,0.9602178335189819,0.019288206472992897,0.5673628826530612,0.9176783597623507,0.4982008934020996
9,client_8,False,flip_global,raw,pretrained,0.76663738489151,0.14534199237823486,0.09947776794433594,0.1025000810623169,0.9947397714353694,0.9975306263336847,0.9973785985900736,0.9646316327373399,0.975586976318709,0.9748593164243855,0.014742612838745117,0.09737205505371094,0.0991675853729248,0.9999456660559065,0.9976338780310254,0.9975459735676482,-1.3250592947006226,0.9193452000617981,-0.07420012354850769,0.6808035714285714,0.9071306689483655,0.5991618633270264
9,client_9,False,flip_global,raw,pretrained,0.7773001194000244,0.18116158246994019,0.043465375900268555,0.06481611728668213,0.9918453400883722,0.9995278575300321,0.9989505444853399,0.9562035824135262,0.9892215874453112,0.9839908273604456,0.10175490379333496,0.043663978576660156,0.06199228763580322,0.9974165016823986,0.9995235345767239,0.9990399309288229,-1.2349220514297485,0.7004777193069458,-0.06223803013563156,0.568000637755102,0.8259014246029497,0.6880183219909668
9,client_0,True,flip_global,clip01,random,0.758301854133606,0.11147427558898926,0.3085278272628784,0.40850627422332764,0.9969005951128103,0.976620850092589,0.9595512265462409,0.9727034616193593,0.9271146651461208,0.9052031215733161,0.1750117540359497,0.3211662769317627,0.44727659225463867,0.992386477211382,0.9747034813982782,0.9518022967215476,-1.0127655267715454,1.035180687904358,0.003277648240327835,0.49609375,0.0022066174969642104,
9,client_1,True,flip_global,clip01,random,0.7516154646873474,0.09858345985412598,0.25203460454940796,0.3383064866065979,0.9975747458084152,0.9843068289407106,0.9719898823394242,0.9758024485820065,0.9398505210490946,0.9205055619820961,0.15823543071746826,0.2668432593345642,0.36285901069641113,0.9937696540535781,0.9824335908348965,0.967878777482605,-1.0130928754806519,1.0621206760406494,-0.002828876953572035,0.5063775510204082,0.009928424098612802,
9,client_2,False,flip_global,clip01,random,0.7020872831344604,0.5671447515487671,0.132421612739563,0.17219936847686768,0.9241928454640205,0.9956305015509586,0.9926278611410322,0.8720026030887873,0.9676990900009945,0.9583019104181403,0.39623987674713135,0.12428975105285645,0.1668243408203125,0.9618749692651738,0.9961491723916276,0.9930785509839812,-1.3859058618545532,0.34476596117019653,-0.16553321480751038,0.7290338010204082,0.6917899414298183,
9,client_3,False,flip_global,clip01,random,0.6950530409812927,0.05129349231719971,0.060662150382995605,0.0724261999130249,0.9993425687534285,0.9990806602594109,0.9986899000886651,0.9872989274511301,0.9850052584859941,0.9821364489246978,0.040253520011901855,0.05836069583892822,0.07199466228485107,0.9995950365702737,0.9991490507717893,0.9987054504201862,-0.9585070610046387,1.050829291343689,0.022705795243382454,0.49433992346938777,0.5239227645057118,
9,client_4,False,flip_global,clip01,random,0.7799569368362427,0.09744322299957275,0.09583652019500732,0.03827822208404541,0.9976304241844127,0.9977077886672867,0.9996337950391896,0.9760772779145039,0.9764647360113132,0.990498698425778,0.12674641609191895,0.10168027877807617,0.036919355392456055,0.9959959019077214,0.997420282332542,0.9996593273677814,-1.107224464416504,0.8096184134483337,0.007798651698976755,0.5214445153061225,0.6718241300519936,
9,client_5,False,flip_global,clip01,random,0.862153172492981,0.17150723934173584,0.059702157974243164,0.05584275722503662,0.9926866795698566,0.9991095082625339,0.9992208522195993,0.9584642466540452,0.9852399193945842,0.9861841599216037,0.07208192348480225,0.05877518653869629,0.0533299446105957,0.9987023134550903,0.9991369284387079,0.9992893582381801,-1.14093017578125,1.0833146572113037,-0.024907421320676804,0.5888871173469388,0.8517352072180764,
9,client_6,False,flip_global,clip01,random,0.8412215113639832,0.37830811738967896,0.09086620807647705,0.0868375301361084,0.9651588240652818,0.9979390243276147,0.9981174730033167,0.9117385555672568,0.9776647950938333,0.9786391262325298,0.10577201843261719,0.08682513236999512,0.08196663856506348,0.9972089264029922,0.9981180097415434,0.9983224810871172,-1.2420693635940552,1.0237106084823608,-0.10725309699773788,0.7022480867346939,0.995079022999555,
9,client_7,False,flip_global,clip01,random,0.9020174145698547,0.11518287658691406,0.038208842277526855,0.05027604103088379,0.9966914590731448,0.999635120976256,0.9993683792927825,0.9718146407489296,0.9905157969482463,0.987548505969428,0.07344484329223633,0.036925554275512695,0.04774630069732666,0.9986528264562067,0.9996592129872761,0.9994303162142955,-0.834916353225708,0.9602178335189819,0.019288206472992897,0.5673628826530612,0.9176783597623507,
9,client_8,False,flip_global,clip01,random,0.76663738489151,0.3067259192466736,0.08775770664215088,0.11393511295318604,0.9768883964042825,0.9980774229665763,0.9967625797288466,0.9275168706259511,0.9784164541981482,0.9721135495174615,0.02508234977722168,0.0836327075958252,0.1067279577255249,0.9998427374835013,0.9982536831501292,0.9971583565327948,-1.3250592947006226,0.9193452000617981,-0.07420012354850769,0.6808035714285714,0.9071306689483655,
9,client_9,False,flip_global,clip01,random,0.7773001194000244,0.23244905471801758,0.039930105209350586,0.06501376628875732,0.9866275097556845,0.9996015158068203,0.9989441394256164,0.944327358615632,0.9900917257129522,0.9839425990145281,0.07059383392333984,0.03972506523132324,0.061333298683166504,0.9987552908513531,0.9996055965025503,0.999060219534764,-1.2349220514297485,0.7004777193069458,-0.06223803013563156,0.568000637755102,0.8259014246029497,
9,client_0,True,flip_global,clip01,pretrained,0.758301854133606,0.12449324131011963,0.1320505142211914,0.20074915885925293,0.9961365893217813,0.9956548776492911,0.9900005741492075,0.9695886409086991,0.967787409670954,0.951641494972699,0.04162466526031494,0.13142669200897217,0.17588376998901367,0.9995669874868094,0.9956957020935882,0.9923108569702204,-1.0127655267715454,1.035180687904358,0.003277648240327835,0.49609375,0.0022066174969642104,
9,client_1,True,flip_global,clip01,pretrained,0.7516154646873474,0.18077635765075684,0.11861252784729004,0.21252095699310303,0.991879772297874,0.9964920239081536,0.9888036277182148,0.9562936332771794,0.9709937591717992,0.9489154749268578,0.04741191864013672,0.11555826663970947,0.1835770606994629,0.9994382642653095,0.9966699123241651,0.9916278103419958,-1.0130928754806519,1.0621206760406494,-0.002828876953572035,0.5063775510204082,0.009928424098612802,
9,client_2,False,flip_global,clip01,pretrained,0.7020872831344604,0.5813518166542053,0.1807248592376709,0.0681840181350708,0.9205798601091619,0.9918843699165942,0.9988387472914366,0.869119191807836,0.9563056726066035,0.98316951022549,0.3041715621948242,0.17321109771728516,0.06728518009185791,0.9772651670124564,0.99254146575722,0.9988691361915785,-1.3859058618545532,0.34476596117019653,-0.16553321480751038,0.7290338010204082,0.6917899414298183,
9,client_3,False,flip_global,clip01,pretrained,0.6950530409812927,0.1113196611404419,0.22274333238601685,0.1294478178024292,0.9969091669503414,0.9877108086879423,0.9958239415128944,0.9727405437502519,0.9465577665251024,0.9684071792534736,0.12101638317108154,0.2322271466255188,0.13422739505767822,0.9963487881909687,0.9866527736189936,0.9955109229882309,-0.9585070610046387,1.050829291343689,0.022705795243382454,0.49433992346938777,0.5239227645057118,
9,client_4,False,flip_global,clip01,pretrained,0.7799569368362427,0.093994140625,0.1281183958053589,0.06382012367248535,0.9977949289397596,0.9959090148063519,0.9989825250627717,0.9769093120593608,0.9687239791378142,0.9842339138211125,0.11812269687652588,0.13679146766662598,0.06457912921905518,0.9965208621756427,0.995338386003201,0.9989581987465077,-1.107224464416504,0.8096184134483337,0.007798651698976755,0.5214445153061225,0.6718241300519936,
9,client_5,False,flip_global,clip01,pretrained,0.862153172492981,0.08310973644256592,0.045328497886657715,0.031238913536071777,0.9982754267951568,0.9994865296444679,0.999756077203213,0.9795419878121308,0.9887634777742118,0.9922357824334105,0.04407358169555664,0.04528462886810303,0.030811071395874023,0.9995145566630395,0.9994875226571216,0.9997627117076235,-1.14093017578125,1.0833146572113037,-0.024907421320676804,0.5888871173469388,0.8517352072180764,
9,client_6,False,flip_global,clip01,pretrained,0.8412215113639832,0.18543261289596558,0.11571359634399414,0.052169203758239746,0.9914587982903182,0.9966609763623788,0.9993199406047077,0.9552060315370778,0.9716875456877139,0.9870841931837597,0.03511834144592285,0.11365914344787598,0.050604820251464844,0.9996917468071007,0.9967782059865464,0.9993600953163779,-1.2420693635940552,1.0237106084823608,-0.10725309699773788,0.7022480867346939,0.995079022999555,
9,client_7,False,flip_global,clip01,pretrained,0.9020174145698547,0.10453677177429199,0.0254594087600708,0.0494074821472168,0.9972736036311911,0.9998379743183323,0.9993900043917798,0.9743694169841575,0.9936654050363898,0.987761636430869,0.08326470851898193,0.025432586669921875,0.04718828201293945,0.9982689976457075,0.9998383154929065,0.9994435488477573,-0.834916353225708,0.9602178335189819,0.019288206472992897,0.5673628826530612,0.9176783597623507,
9,client_8,False,flip_global,clip01,pretrained,0.76663738489151,0.14110732078552246,0.11371862888336182,0.0982898473739624,0.995040704557751,0.9967748409076662,0.9975891445376197,0.9656353852593249,0.9721654235415482,0.9758732063876097,0.01591026782989502,0.11177444458007812,0.09542286396026611,0.999936718847934,0.9968839200667927,0.9977274998987764,-1.3250592947006226,0.9193452000617981,-0.07420012354850769,0.6808035714285714,0.9071306689483655,
9,client_9,False,flip_global,clip01,pretrained,0.7773001194000244,0.1647099256515503,0.03801107406616211,0.07095718383789062,0.99325200744189,0.9996388873936533,0.9987424568374839,0.9600607279540183,0.9905645389815849,0.9824940010375733,0.0957028865814209,0.038513779640197754,0.06862103939056396,0.9977141657335198,0.9996292753043363,0.9988238268073579,-1.2349220514297485,0.7004777193069458,-0.06223803013563156,0.568000637755102,0.8259014246029497,
10,client_0,True,orig,raw,random,0.7571372985839844,0.19957327842712402,0.24678254127502441,0.12996625900268555,0.990116506147338,0.984946734858956,0.9957905300278711,0.9519144423522128,0.9410478945633167,0.9682836774169861,0.23750603199005127,0.2644367218017578,0.13033604621887207,0.9860455098363334,0.9827449134751438,0.9957666181388081,-1.038893222808838,1.07919180393219,0.0027141559403389692,0.4911511479591837,0.02304150235909638,
10,client_1,True,orig,raw,random,0.7188989520072937,0.12032246589660645,0.2192118763923645,0.28291863203048706,0.9963904276912205,0.9880939345507984,0.9802856923936936,0.9705848771083492,0.9473712720009375,0.9328556489905957,0.15425324440002441,0.2270926833152771,0.2954983711242676,0.9940779196664038,0.9872308505784759,0.9785225370946968,-1.1185981035232544,1.114391565322876,0.0015595456352457404,0.5019929846938775,-4.223530187827998e-05,
10,client_2,False,orig,raw,random,0.9159348011016846,0.08817732334136963,0.028088927268981934,0.0652543306350708,0.9980590201036041,0.9998027822172189,0.9989363174117558,0.9783149370753634,0.9930145824663019,0.9838839036792697,0.04977679252624512,0.027912378311157227,0.06124699115753174,0.9993808553868895,0.9998052532336597,0.999062860712757,-0.6808886528015137,1.196894645690918,0.06395930796861649,0.3653539540816326,0.7319055233239461,
10,client_3,False,orig,raw,random,0.9194269776344299,0.07298243045806885,0.09160017967224121,0.05834460258483887,0.9986697199376176,0.9979056473348764,0.999149519714744,0.9820011158064939,0.9774874417271873,0.9855719039856838,0.06266093254089355,0.09128880500793457,0.05763530731201172,0.9990191240696837,0.9979198395320219,0.9991700598006366,-0.854796826839447,0.9808317422866821,-0.02675962634384632,0.506218112244898,0.5606232803688352,
10,client_4,False,orig,raw,random,0.90937340259552,0.06573367118835449,0.04874372482299805,0.10510945320129395,0.9989206456695128,0.999406276835614,0.9972437118499899,0.983766964963452,0.9879245583980836,0.9742317324966963,0.06252670288085938,0.04866528511047363,0.10493814945220947,0.9990233188767945,0.9994081853210868,0.9972526702285098,-0.8811876177787781,1.1228502988815308,0.0035966672003269196,0.4174904336734694,0.6815449710338688,
10,client_5,False,orig,raw,random,0.9564679265022278,0.046896934509277344,0.045639991760253906,0.04462003707885742,0.9994503960369905,0.9994794511057703,0.9995024488186979,0.9883780729252096,0.9886869178471189,0.9889376385908788,0.02392125129699707,0.044704437255859375,0.044132113456726074,0.9998569587815429,0.9995005654774747,0.9995132668953595,-0.6619872450828552,1.0167741775512695,0.0054014744237065315,0.5339604591836735,0.8936025072926552,
10,client_6,False,orig,raw,random,0.8761406540870667,0.12423014640808105,0.0403599739074707,0.06854915618896484,0.9961528542653391,0.9995928924716999,0.9988262875223011,0.9696514386747825,0.9899858605548968,0.9830805272273899,0.06955933570861816,0.03987014293670654,0.06651711463928223,0.9987914712294002,0.9996027113439876,0.9988947853454511,-1.0670150518417358,0.9397451281547546,0.026741348206996918,0.4927455357142857,0.9950662953422524,
10,client_7,False,orig,raw,random,0.9391849637031555,0.11036849021911621,0.0463254451751709,0.04842185974121094,0.9969616406253723,0.9994637040900438,0.999414088471495,0.972968715602619,0.988518476309848,0.9880035760257793,0.07153511047363281,0.04357588291168213,0.04834020137786865,0.9987219084546617,0.9995254545698504,0.9994160620964643,-1.141555666923523,1.0218024253845215,0.11488837003707886,0.2932079081632653,0.8910541354622019,
10,client_8,False,orig,raw,random,0.9645450711250305,0.08042740821838379,0.0911717414855957,0.0822908878326416,0.9983848172857757,0.9979251627682997,0.9983091996153588,0.9801924142055494,0.977590961601789,0.9797404782218357,0.0423663854598999,0.08498561382293701,0.08060705661773682,0.9995514233187346,0.998196803717736,0.9983776024447755,-0.40664437413215637,0.8976534605026245,0.1275496631860733,0.285953443877551,0.9248347354612577,
10,client_9,False,orig,raw,random,0.8930566310882568,0.08365607261657715,0.0651395320892334,0.13821542263031006,0.9982527085330337,0.9989400537093165,0.9952411775769803,0.9794095884886671,0.983911912740226,0.9663217592109989,0.0778505802154541,0.0650644302368164,0.13916337490081787,0.9984865419051188,0.9989424944676613,0.9951759140359158,-0.9154905676841736,1.2103657722473145,0.07692299783229828,0.3551498724489796,0.821088534389029,
10,client_0,True,orig,raw,pretrained,0.7571372985839844,0.15752160549163818,0.14699947834014893,0.10399675369262695,0.9938254793975654,0.9946195990018232,0.9973016421301042,0.9617533944437637,0.9642391822496392,0.9744992752899615,0.07769489288330078,0.14501750469207764,0.10232698917388916,0.9984925823083408,0.9947631407425872,0.9973874272940213,-1.038893222808838,1.07919180393219,0.0027141559403389692,0.4911511479591837,0.02304150235909638,0.4616677761077881
10,client_1,True,orig,raw,pretrained,0.7188989520072937,0.2667684555053711,0.17545711994171143,0.11512339115142822,0.9824433080934447,0.9923479014610306,0.9966948670647058,0.9365036740993331,0.9575383717707793,0.9718288876853884,0.13637089729309082,0.17354214191436768,0.11276865005493164,0.99536690700497,0.9925130892082539,0.9968283725701927,-1.1185981035232544,1.114391565322876,0.0015595456352457404,0.5019929846938775,-4.223530187827998e-05,0.5450080633163452
10,client_2,False,orig,raw,pretrained,0.9159348011016846,0.0835498571395874,0.02947258949279785,0.12815618515014648,0.9982571368800419,0.9997828769804353,0.9959066085414978,0.9794353266855105,0.9926723740376577,0.968714971827235,0.07748091220855713,0.02878737449645996,0.1277703046798706,0.998500864752379,0.9997928539551435,0.9959311468042453,-0.6808886528015137,1.196894645690918,0.06395930796861649,0.3653539540816326,0.7319055233239461,0.4105195999145508
10,client_3,False,orig,raw,pretrained,0.9194269776344299,0.11716735363006592,0.08807218074798584,0.07084131240844727,0.9965767671875685,0.9980636394698843,0.9987465567027702,0.9713395323518932,0.9783403725516235,0.9825222119512709,0.08689773082733154,0.08659064769744873,0.07180249691009521,0.9981148656429752,0.9981281469689667,0.9987123452541589,-0.854796826839447,0.9808317422866821,-0.02675962634384632,0.506218112244898,0.5606232803688352,0.46899938583374023
10,client_4,False,orig,raw,pretrained,0.90937340259552,0.05697464942932129,0.05484795570373535,0.06678056716918945,0.9991889660008282,0.9992483494418383,0.9988860205511909,0.9859070906155569,0.9864277680887994,0.9835116393711907,0.06463396549224854,0.05466485023498535,0.06760060787200928,0.9989564301251992,0.9992533569079194,0.9988585176332707,-0.8811876177787781,1.1228502988815308,0.0035966672003269196,0.4174904336734694,0.6815449710338688,0.45109331607818604
10,client_5,False,orig,raw,pretrained,0.9564679265022278,0.03825831413269043,0.07910585403442383,0.07331347465515137,0.9996341757514831,0.9984373996740372,0.9986576365969164,0.9905036046575353,0.9805131106830869,0.9819205847139567,0.0361253023147583,0.07850229740142822,0.07295799255371094,0.9996738204499762,0.9984611257373934,0.998670609779134,-0.6619872450828552,1.0167741775512695,0.0054014744237065315,0.5339604591836735,0.8936025072926552,0.5036340951919556
10,client_6,False,orig,raw,pretrained,0.8761406540870667,0.10926032066345215,0.04739522933959961,0.12771070003509521,0.9970222127625099,0.9994386594984113,0.9959349305657701,0.9732346504709015,0.9882556763714472,0.9688211637990718,0.08670568466186523,0.048180341720581055,0.12619447708129883,0.99812317710402,0.999419916164553,0.9960305953702573,-1.0670150518417358,0.9397451281547546,0.026741348206996918,0.4927455357142857,0.9950662953422524,0.49908602237701416
10,client_7,False,orig,raw,pretrained,0.9391849637031555,0.1995234489440918,0.14247643947601318,0.0845346450805664,0.9901214043250628,0.9949443678226564,0.9982158644027102,0.9519260114551409,0.9653106888428546,0.9791967312182013,0.1638038158416748,0.1471562385559082,0.08299911022186279,0.9933256768568981,0.9946081640428521,0.998280008930168,-1.141555666923523,1.0218024253845215,0.11488837003707886,0.2932079081632653,0.8910541354622019,0.2730149030685425
10,client_8,False,orig,raw,pretrained,0.9645450711250305,0.051575303077697754,0.15760815143585205,0.10925328731536865,0.9993353285552935,0.9938187241899596,0.9970225952681888,0.9872298166427089,0.9617329884237853,0.973236338659037,0.05269646644592285,0.16103386878967285,0.11051177978515625,0.9993061319074319,0.9935484115823778,0.996953764248304,-0.40664437413215637,0.8976534605026245,0.1275496631860733,0.285953443877551,0.9248347354612577,0.2944732904434204
10,client_9,False,orig,raw,pretrained,0.8930566310882568,0.048477768898010254,0.15009164810180664,0.15343177318572998,0.9994127352689064,0.9943918252863673,0.9941405506870118,0.9879898496905803,0.9635076758618801,0.9627184473878241,0.047606587409973145,0.15321385860443115,0.15738904476165771,0.9994336438933362,0.9941571099046909,0.9938358191563039,-0.9154905676841736,1.2103657722473145,0.07692299783229828,0.3551498724489796,0.821088534389029,0.2450861930847168
10,client_0,True,orig,clip01,random,0.7571372985839844,0.16555309295654297,0.2970467209815979,0.09868597984313965,0.9931830978329512,0.9783005602920916,0.9975697081950694,0.9598624767840436,0.929681871010942,0.9757777440572426,0.2822074890136719,0.3243393301963806,0.10170960426330566,0.9803832136705368,0.9742109271254495,0.9974187969740029,-1.038893222808838,1.07919180393219,0.0027141559403389692,0.4911511479591837,0.02304150235909638,
10,client_1,True,orig,clip01,random,0.7188989520072937,0.16504311561584473,0.29574644565582275,0.15439724922180176,0.9932248179877776,0.9784870452360426,0.9940669065389505,0.9599823787378055,0.9299732898763293,0.9624904987489586,0.26507139205932617,0.30814701318740845,0.15216445922851562,0.9826630685987454,0.9766775145751283,0.9942365294128026,-1.1185981035232544,1.114391565322876,0.0015595456352457404,0.5019929846938775,-4.223530187827998e-05,
10,client_2,False,orig,clip01,random,0.9159348011016846,0.05197286605834961,0.04495346546173096,0.044599294662475586,0.999325047164275,0.999494987845311,0.9995029111297378,0.987132331294178,0.9888556662065966,0.9889427383896454,0.032640814781188965,0.04243957996368408,0.04410195350646973,0.9997336975023339,0.9995498725319645,0.9995139316937904,-0.6808886528015137,1.196894645690918,0.06395930796861649,0.3653539540816326,0.7319055233239461,
10,client_3,False,orig,clip01,random,0.9194269776344299,0.08975577354431152,0.09021973609924316,0.05047285556793213,0.9979890134888578,0.9979682012809705,0.9993634267952536,0.9779332069920557,0.9778210454871776,0.9875002204197785,0.0504688024520874,0.08684515953063965,0.04981076717376709,0.9993635289796694,0.9981171426649937,0.9993800103098196,-0.854796826839447,0.9808317422866821,-0.02675962634384632,0.506218112244898,0.5606232803688352,
10,client_4,False,orig,clip01,random,0.90937340259552,0.07797932624816895,0.11420679092407227,0.10059881210327148,0.9984815376857463,0.9967471598156405,0.9974747625905502,0.9807866052153338,0.9720484557826974,0.9753169757330384,0.047254323959350586,0.11226892471313477,0.099578857421875,0.9994419908575349,0.9968563537512269,0.9975256143430351,-0.8811876177787781,1.1228502988815308,0.0035966672003269196,0.4174904336734694,0.6815449710338688,
10,client_5,False,orig,clip01,random,0.9564679265022278,0.05105447769165039,0.08464908599853516,0.05477416515350342,0.9993486784168562,0.9982110369833095,0.9992503694343953,0.9873575486959711,0.9791690100098398,0.9864458416032071,0.03243982791900635,0.08280766010284424,0.05359232425689697,0.9997369662927231,0.9982879244423435,0.9992823521931988,-0.6619872450828552,1.0167741775512695,0.0054014744237065315,0.5339604591836735,0.8936025072926552,
10,client_6,False,orig,clip01,random,0.8761406540870667,0.09640610218048096,0.0843583345413208,0.07835245132446289,0.9976805088149252,0.9982232889327662,0.9984669882215924,0.976327354293619,0.9792394415104586,0.9806960065148773,0.0608140230178833,0.08274126052856445,0.075661301612854,0.999076054407644,0.9982906654878536,0.998570376579816,-1.0670150518417358,0.9397451281547546,0.026741348206996918,0.4927455357142857,0.9950662953422524,
10,client_7,False,orig,clip01,random,0.9391849637031555,0.11102986335754395,0.054076313972473145,0.06958174705505371,0.9969252016116774,0.9992693387134339,0.9987906930579298,0.9728100534465491,0.9866167908209083,0.982828953486979,0.06256723403930664,0.05274045467376709,0.06651759147644043,0.9990220531840184,0.9993049736192219,0.998894769512763,-1.141555666923523,1.0218024253845215,0.11488837003707886,0.2932079081632653,0.8910541354622019,
10,client_8,False,orig,clip01,random,0.9645450711250305,0.05456423759460449,0.08864808082580566,0.09751784801483154,0.9992561012937875,0.9980382705181645,0.9976267998719988,0.9864972618638213,0.978201066371559,0.9760592876216247,0.03966248035430908,0.08577346801757812,0.09832596778869629,0.9996068378838767,0.9981632621813019,0.9975873754957334,-0.40664437413215637,0.8976534605026245,0.1275496631860733,0.285953443877551,0.9248347354612577,
10,client_9,False,orig,clip01,random,0.8930566310882568,0.06063187122344971,0.1045067310333252,0.12696588039398193,0.9990815771644062,0.9972751671720643,0.9959820653824858,0.9850126586540928,0.9743766402074714,0.9689987483234599,0.03897285461425781,0.10438764095306396,0.12720298767089844,0.9996203872648335,0.9972813611090914,0.9959670899474051,-0.9154905676841736,1.2103657722473145,0.07692299783229828,0.3551498724489796,0.821088534389029,
10,client_0,True,orig,clip01,pretrained,0.7571372985839844,0.19391107559204102,0.10200941562652588,0.08032190799713135,0.9906654929257526,0.997403586912911,0.9983890468031835,0.9532304110154248,0.9749773948840448,0.9802180097559186,0.08471274375915527,0.09672427177429199,0.07698750495910645,0.9982083489196993,0.9976652003572362,0.9985198761513789,-1.038893222808838,1.07919180393219,0.0027141559403389692,0.4911511479591837,0.02304150235909638,
10,client_1,True,orig,clip01,pretrained,0.7188989520072937,0.25394606590270996,0.12376534938812256,0.09126365184783936,0.9840707516150431,0.996181505630499,0.9979209838956808,0.9394153115485566,0.9697623953729786,0.9775687526962444,0.11265671253204346,0.11821961402893066,0.08719921112060547,0.9968346509994555,0.9965151656542874,0.9981017811602748,-1.1185981035232544,1.114391565322876,0.0015595456352457404,0.5019929846938775,-4.223530187827998e-05,
10,client_2,False,orig,clip01,pretrained,0.9159348011016846,0.0942612886428833,0.028829455375671387,0.1341402530670166,0.9977823976067965,0.9997922480020351,0.995516730209441,0.9768448289796046,0.9928314124616269,0.9672902196236508,0.08884632587432861,0.028307676315307617,0.1343064308166504,0.99802949960286,0.9997996989608771,0.995505652756211,-0.6808886528015137,1.196894645690918,0.06395930796861649,0.3653539540816326,0.7319055233239461,
10,client_3,False,orig,clip01,pretrained,0.9194269776344299,0.11607241630554199,0.1208486557006836,0.07720720767974854,0.9966402883805598,0.9963588746226149,0.9985114257523611,0.9716016307772986,0.9704591061050749,0.9809741236408731,0.08287334442138672,0.11965131759643555,0.07843422889709473,0.9982852107710807,0.9964304755750577,0.998463790188999,-0.854796826839447,0.9808317422866821,-0.02675962634384632,0.506218112244898,0.5606232803688352,
10,client_4,False,orig,clip01,pretrained,0.90937340259552,0.055976152420043945,0.06141841411590576,0.07932901382446289,0.9992171275610995,0.9990576112048581,0.9984285813698439,0.9861515008143302,0.9848204561539553,0.9804589463031379,0.06911611557006836,0.06136620044708252,0.08120584487915039,0.9988068094968363,0.9990592117004471,0.998353438893417,-0.8811876177787781,1.1228502988815308,0.0035966672003269196,0.4174904336734694,0.6815449710338688,
10,client_5,False,orig,clip01,pretrained,0.9564679265022278,0.03576004505157471,0.07695412635803223,0.0647287368774414,0.999680381432184,0.9985211578906468,0.9989533699582043,0.991119582204316,0.9810355992413959,0.9840121501907899,0.037743449211120605,0.07702267169952393,0.06500780582427979,0.9996439531160448,0.9985185251488868,0.9989443328661054,-0.6619872450828552,1.0167741775512695,0.0054014744237065315,0.5339604591836735,0.8936025072926552,
10,client_6,False,orig,clip01,pretrained,0.8761406540870667,0.11240911483764648,0.0488286018371582,0.11973357200622559,0.9968485164911518,0.999404208270509,0.9964255793125336,0.9724792985978554,0.9879037227371232,0.9707256648013325,0.10170376300811768,0.04963696002960205,0.11947691440582275,0.9974190928719993,0.9993843274871215,0.9964408460594283,-1.0670150518417358,0.9397451281547546,0.026741348206996918,0.4927455357142857,0.9950662953422524,
10,client_7,False,orig,clip01,pretrained,0.9391849637031555,0.21660006046295166,0.14667737483978271,0.09346199035644531,0.9883734910876913,0.994643057383934,0.9978197856668334,0.9479736055162273,0.964315429385286,0.9770377793260527,0.19060111045837402,0.15132617950439453,0.09159612655639648,0.990979302595195,0.9942995858081045,0.9979058323809913,-1.141555666923523,1.0218024253845215,0.11488837003707886,0.2932079081632653,0.8910541354622019,
10,client_8,False,orig,clip01,pretrained,0.9645450711250305,0.04495251178741455,0.1592409610748291,0.11781501770019531,0.9994950092643309,0.9936905954967723,0.9965389160677729,0.9888559006500743,0.9613481223122624,0.9711845490311968,0.06147408485412598,0.16329240798950195,0.12101185321807861,0.9990559032452446,0.9933670800192218,0.9963490607852747,-0.40664437413215637,0.8976534605026245,0.1275496631860733,0.285953443877551,0.9248347354612577,
10,client_9,False,orig,clip01,pretrained,0.8930566310882568,0.05602431297302246,0.15687739849090576,0.16605889797210693,0.9992157806446416,0.993875647517628,0.9931415944764841,0.986139710078763,0.9619053076267003,0.9597435780146542,0.059764981269836426,0.16045546531677246,0.1709580421447754,0.9991076344410825,0.9935944516188326,0.9927331865174984,-0.9154905676841736,1.2103657722473145,0.07692299783229828,0.3551498724489796,0.821088534389029,
10,client_0,True,flip,raw,random,-0.04751427471637726,0.3856319189071655,0.2586517930030823,0.3555046319961548,0.9638339580025981,0.9834823345535706,0.9691376267837197,0.9101470416521997,0.9383451821544586,0.9167208300542777,0.6312384605407715,0.26438242197036743,0.3480672836303711,0.9073690380866359,0.9827519071565467,0.9703868898846149,-1.0991466045379639,1.4198179244995117,-0.007564392406493425,0.5199298469387755,0.02304150235909638,
10,client_1,True,flip,raw,random,-0.03846470266580582,0.1927725076675415,0.29709160327911377,0.3505682945251465,0.9907740304657726,0.9782941096398174,0.969969469831427,0.9534953589098363,0.9296718144027505,0.9178047520106334,0.27199578285217285,0.3185945153236389,0.36993324756622314,0.9817580583935588,0.9750994148762973,0.9666459440328359,-1.1196742057800293,1.0079466104507446,-0.003250695066526532,0.5021524234693877,-4.223530187827998e-05,
10,client_2,False,flip,raw,random,0.7381501793861389,0.23502099514007568,0.1165093183517456,0.2877013087272644,0.986333009781807,0.9966150129264773,0.9796238379991082,0.9437376419464405,0.9714970354956256,0.9317794316535681,0.2736140489578247,0.11334037780761719,0.2951315641403198,0.9815433723430564,0.9967962087851605,0.9785749648851609,-1.1067389249801636,1.1569401025772095,-0.028003424406051636,0.6465242346938775,0.7319055233239461,
10,client_3,False,flip,raw,random,0.8593544363975525,0.22771388292312622,0.17573535442352295,0.10579216480255127,0.9871615716274253,0.9923237533301468,0.9972078652994527,0.9454145291808855,0.9574732026600523,0.974067632638028,0.13413214683532715,0.17123663425445557,0.10638654232025146,0.9955172702269195,0.9927096130992157,0.9971764694395029,-0.844717264175415,0.7863494157791138,0.03762595355510712,0.39883609693877553,0.5606232803688352,
10,client_4,False,flip,raw,random,0.7394229769706726,0.09554672241210938,0.07046699523925781,0.10191106796264648,0.9977216067718233,0.9987597555098726,0.9974085811925479,0.9765346456344419,0.9826133542809838,0.9750010647969796,0.05528569221496582,0.0665137767791748,0.09912598133087158,0.9992363107573026,0.9988948961710999,0.9975480284366709,-0.7492367029190063,0.9557442665100098,-0.011635624803602695,0.5970982142857143,0.6815449710338688,
10,client_5,False,flip,raw,random,0.8313508629798889,0.14860761165618896,0.06268680095672607,0.06472551822662354,0.9945017235163105,0.9990183146257805,0.998953473961727,0.9638586463650558,0.9845106270500088,0.9840129356288883,0.11764359474182129,0.06043803691864014,0.06307804584503174,0.9965489545515167,0.999087435984868,0.9990060316354226,-1.068501353263855,0.9496309757232666,-0.004587780684232712,0.5405771683673469,0.8936025072926552,
10,client_6,False,flip,raw,random,0.8606715202331543,0.09777414798736572,0.08535230159759521,0.1359778642654419,0.9976143311758758,0.9981812309103273,0.9953934822770352,0.9759975036651174,0.9789986948167031,0.9668533325981943,0.10430192947387695,0.08510982990264893,0.13889861106872559,0.9972858146728207,0.9981915358723981,0.9951941864445175,-1.2020010948181152,0.7502967715263367,-0.04650205373764038,0.5766900510204082,0.9950662953422524,
10,client_7,False,flip,raw,random,0.6734690070152283,0.3187425136566162,0.21842527389526367,0.07670736312866211,0.9750767097105446,0.988178468890204,0.99853061643842,0.924839587215887,0.9475526166800625,0.9810955456917112,0.16735172271728516,0.21395397186279297,0.07407498359680176,0.993034949513443,0.988653417874438,0.9986296342598138,-1.018240213394165,0.9574829339981079,-0.08297079801559448,0.7057557397959183,0.8910541354622019,
10,client_8,False,flip,raw,random,0.6234861016273499,0.4600290060043335,0.38453638553619385,0.07726240158081055,0.9491221509352519,0.9640335793192567,0.9985092990682438,0.8942143713618327,0.9103848426995405,0.9809607173419947,0.24336159229278564,0.3873746395111084,0.07585620880126953,0.985356620394549,0.9635153686584841,0.998563009484597,-0.9130194187164307,0.32692649960517883,-0.11907386034727097,0.6830357142857143,0.9248347354612577,
10,client_9,False,flip,raw,random,0.7276983261108398,0.20791137218475342,0.10635364055633545,0.09974586963653564,0.989280188847486,0.9971782119172226,0.997517322850163,0.9499815266096794,0.9739327047106852,0.9755223945114491,0.13285458087921143,0.10084688663482666,0.09998273849487305,0.9956019761358974,0.9974623166154521,0.9975055396025134,-0.9571614861488342,0.9479914903640747,-0.06567586213350296,0.6446906887755102,0.821088534389029,
10,client_0,True,flip,raw,pretrained,-0.04751427471637726,0.8062307834625244,0.30306708812713623,0.3444160223007202,0.8553856580995638,0.9774271695213503,0.9709913986476335,0.8253312186266124,0.928334369485968,0.9191583709611191,1.1099714040756226,0.30987584590911865,0.3340737819671631,0.7510765249727043,0.9764197447454908,0.9726720408601748,-1.0991466045379639,1.4198179244995117,-0.007564392406493425,0.5199298469387755,0.02304150235909638,0.5091524124145508
10,client_1,True,flip,raw,pretrained,-0.03846470266580582,0.22650480270385742,0.3778648376464844,0.3619863986968994,0.9872962460436772,0.9652382843233047,0.9680293607962318,0.9456924291530764,0.9118350178112173,0.9153004854482527,0.07770097255706787,0.39281225204467773,0.3809638023376465,0.9984923466532063,0.9625131096718955,0.964681034670325,-1.1196742057800293,1.0079466104507446,-0.003250695066526532,0.5021524234693877,-4.223530187827998e-05,0.6109724044799805
10,client_2,False,flip,raw,pretrained,0.7381501793861389,0.1469428539276123,0.0651775598526001,0.08942270278930664,0.9946237265524356,0.9989388167628723,0.9980038884486648,0.9642525855127622,0.9839026344244535,0.9780137377206004,0.09944581985473633,0.06478691101074219,0.08532595634460449,0.9975322092610748,0.9989514893021685,0.998182351986217,-1.1067389249801636,1.1569401025772095,-0.028003424406051636,0.6465242346938775,0.7319055233239461,0.5976099967956543
10,client_3,False,flip,raw,pretrained,0.8593544363975525,0.2793924808502197,0.10415363311767578,0.2881014347076416,0.9807669772618852,0.9972935115733443,0.9795679940350606,0.9336503154595359,0.9744615477711829,0.9316894783320151,0.31826770305633545,0.10315990447998047,0.29938262701034546,0.9751495182394398,0.9973448079443716,0.9779636259931892,-0.844717264175415,0.7863494157791138,0.03762595355510712,0.39883609693877553,0.5606232803688352,0.49717259407043457
10,client_4,False,flip,raw,pretrained,0.7394229769706726,0.09166347980499268,0.08309471607208252,0.14537549018859863,0.9979027562941278,0.9982760492947178,0.9947373560262243,0.9774721484498259,0.9795456282340873,0.9646236989334724,0.13087081909179688,0.08473336696624756,0.15168213844299316,0.9957319189948073,0.9982074776365915,0.9942728519749067,-0.7492367029190063,0.9557442665100098,-0.011635624803602695,0.5970982142857143,0.6815449710338688,0.5081346035003662
10,client_5,False,flip,raw,pretrained,0.8313508629798889,0.03720903396606445,0.06496703624725342,0.0693901777267456,0.9996539617809155,0.9989456555250193,0.9987973367108955,0.9907622470066662,0.9839540012947734,0.9828756188947232,0.06757760047912598,0.06584060192108154,0.06989920139312744,0.9988592938273191,0.9989171340386529,0.9987796435159189,-1.068501353263855,0.9496309757232666,-0.004587780684232712,0.5405771683673469,0.8936025072926552,0.6046250462532043
10,client_6,False,flip,raw,pretrained,0.8606715202331543,0.140419602394104,0.0671079158782959,0.0929868221282959,0.995088749459732,0.9988750818896557,0.9978418622748448,0.965798544550037,0.9834318232898465,0.9771525118994544,0.09856343269348145,0.06573021411895752,0.08991026878356934,0.9975757292934424,0.998920759105558,0.9979820950604779,-1.2020010948181152,0.7502967715263367,-0.04650205373764038,0.5766900510204082,0.9950662953422524,0.6191693544387817
10,client_7,False,flip,raw,pretrained,0.6734690070152283,0.35364842414855957,0.13087260723114014,0.05016684532165527,0.9694516627920613,0.9957318027347437,0.9993711186840104,0.9171281904369379,0.9680678260962317,0.9875752970575589,0.16991448402404785,0.12379872798919678,0.05024564266204834,0.9928211547260442,0.9961794516200551,0.9993691424933653,-1.018240213394165,0.9574829339981079,-0.08297079801559448,0.7057557397959183,0.8910541354622019,0.646988570690155
10,client_8,False,flip,raw,pretrained,0.6234861016273499,0.4729832410812378,0.18520689010620117,0.07344114780426025,0.946334544129126,0.9914794466287487,0.9986529618859352,0.8914831065281212,0.9552587126870113,0.9818895290982035,0.10554873943328857,0.17265546321868896,0.07148444652557373,0.997220673026072,0.9925889747428782,0.9987237164691412,-0.9130194187164307,0.32692649960517883,-0.11907386034727097,0.6830357142857143,0.9248347354612577,0.6346244812011719
10,client_9,False,flip,raw,pretrained,0.7276983261108398,0.17985355854034424,0.06568396091461182,0.09534561634063721,0.9919619631999634,0.9989222762295868,0.9977311714601367,0.9565094003211059,0.9837790911873276,0.9765831640509894,0.1523677110671997,0.06337201595306396,0.09676742553710938,0.9942211890068884,0.9989967524178942,0.9976631201935513,-0.9571614861488342,0.9479914903640747,-0.06567586213350296,0.6446906887755102,0.821088534389029,0.6031613945960999
10,client_0,True,flip,clip01,random,-0.04751427471637726,0.6614707708358765,0.41117870807647705,0.20497465133666992,0.8989852092857513,0.9590367068006713,0.9895785270038331,0.8531246707768312,0.904628157520726,0.9506616364137275,1.1529165506362915,0.48774707317352295,0.18552470207214355,0.7355524252809034,0.9430788146311546,0.9914503672538675,-1.0991466045379639,1.4198179244995117,-0.007564392406493425,0.5199298469387755,0.02304150235909638,
10,client_1,True,flip,clip01,random,-0.03846470266580582,0.21968340873718262,0.5494864583015442,0.5647629499435425,0.9880431196092516,0.9285874511326448,0.9247918633983512,0.9472625891355739,0.8756066173142867,0.8724874163281953,0.2641422748565674,0.6018474698066711,0.6544555425643921,0.9827828211722378,0.9152492759264139,0.9009550123578809,-1.1196742057800293,1.0079466104507446,-0.003250695066526532,0.5021524234693877,-4.223530187827998e-05,
10,client_2,False,flip,clip01,random,0.7381501793861389,0.2171635627746582,0.06237006187438965,0.11998927593231201,0.9883134499135857,0.999028202719664,0.9964103370649273,0.9478436026805024,0.9845879832625908,0.9706645295366163,0.0790557861328125,0.056940436363220215,0.10894930362701416,0.9984393747437872,0.9991899391625119,0.9970391039725421,-1.1067389249801636,1.1569401025772095,-0.028003424406051636,0.6465242346938775,0.7319055233239461,
10,client_3,False,flip,clip01,random,0.8593544363975525,0.17875826358795166,0.11368393898010254,0.11111772060394287,0.9920589850115968,0.9967768035203044,0.9969203447988988,0.95676559493648,0.9721737363403589,0.9727889795834868,0.06548833847045898,0.08811712265014648,0.08419084548950195,0.998928680953951,0.9980616656493484,0.9982303277045768,-0.844717264175415,0.7863494157791138,0.03762595355510712,0.39883609693877553,0.5606232803688352,
10,client_4,False,flip,clip01,random,0.7394229769706726,0.11520993709564209,0.045112013816833496,0.09650611877441406,0.996689908167514,0.9994914206254328,0.9976757019998597,0.9718081597814126,0.9888166911379705,0.9763032335420427,0.13267207145690918,0.04679214954376221,0.0972907543182373,0.9956140116811589,0.9994528483202822,0.9976378205653138,-0.7492367029190063,0.9557442665100098,-0.011635624803602695,0.5970982142857143,0.6815449710338688,
10,client_5,False,flip,clip01,random,0.8313508629798889,0.05058026313781738,0.0424727201461792,0.04746663570404053,0.9993607159238878,0.9995491695050036,0.9994369674910368,0.9874738710477657,0.9894657944932181,0.988238138632827,0.04430198669433594,0.04130661487579346,0.04729604721069336,0.9995095140008861,0.9995735773182304,0.9994410054464251,-1.068501353263855,0.9496309757232666,-0.004587780684232712,0.5405771683673469,0.8936025072926552,
10,client_6,False,flip,clip01,random,0.8606715202331543,0.12550878524780273,0.06350696086883545,0.09716761112213135,0.9960734878055331,0.9989924784533692,0.9976437859479419,0.9693462993742898,0.9843103642984901,0.9761437256110308,0.06778895854949951,0.061978936195373535,0.08644890785217285,0.9988521533973682,0.9990403441317741,0.9981342614382187,-1.2020010948181152,0.7502967715263367,-0.04650205373764038,0.5766900510204082,0.9950662953422524,
10,client_7,False,flip,clip01,random,0.6734690070152283,0.4447200298309326,0.11987900733947754,0.07747721672058105,0.9523318791477318,0.9964169140069581,0.9985010075920548,0.8974583912903669,0.970690892519845,0.9809085425288431,0.11246812343597412,0.10668373107910156,0.06661462783813477,0.996845214747365,0.9971607061066432,0.9988915452069305,-1.018240213394165,0.9574829339981079,-0.08297079801559448,0.7057557397959183,0.8910541354622019,
10,client_8,False,flip,clip01,random,0.6234861016273499,0.47758179903030396,0.20617640018463135,0.1102370023727417,0.9453293983793007,0.9894569394047195,0.9969688593732324,0.8905165708410812,0.9503832371812933,0.9730002639164739,0.03994178771972656,0.1680293083190918,0.10323441028594971,0.999601282670229,0.9929787321471764,0.9973409788636214,-0.9130194187164307,0.32692649960517883,-0.11907386034727097,0.6830357142857143,0.9248347354612577,
10,client_9,False,flip,clip01,random,0.7276983261108398,0.23971331119537354,0.071441650390625,0.08017408847808838,0.9857877154955053,0.9987252427154114,0.9983949636130127,0.9426631725648182,0.9823760624008819,0.980253874135596,0.10704851150512695,0.06570732593536377,0.0740891695022583,0.9971412980127801,0.998921509980393,0.9986291098791178,-0.9571614861488342,0.9479914903640747,-0.06567586213350296,0.6446906887755102,0.821088534389029,
10,client_0,True,flip,clip01,pretrained,-0.04751427471637726,0.8335583209991455,0.323836088180542,0.26076650619506836,0.8465977965112379,0.9742893436532867,0.9832145615613641,0.8202381830374132,0.9237082516737734,0.9378648720140008,1.0637857913970947,0.33753061294555664,0.25218629837036133,0.7676437015350122,0.9721155139172832,0.9842881558780323,-1.0991466045379639,1.4198179244995117,-0.007564392406493425,0.5199298469387755,0.02304150235909638,
10,client_1,True,flip,clip01,pretrained,-0.03846470266580582,0.16669392585754395,0.3379420042037964,0.36038243770599365,0.9930893123018965,0.9720489332120423,0.9683052957689038,0.9595943343554509,0.9205860265345052,0.9156516516742903,0.03411567211151123,0.348946213722229,0.38037216663360596,0.9997090937145408,0.9702405058729773,0.9647877355303962,-1.1196742057800293,1.0079466104507446,-0.003250695066526532,0.5021524234693877,-4.223530187827998e-05,
10,client_2,False,flip,clip01,pretrained,0.7381501793861389,0.1695326566696167,0.05353832244873047,0.11317670345306396,0.9928532097190979,0.9992837969502701,0.9968054330990155,0.9589276045650306,0.9867486103441376,0.9722952982178261,0.09684908390045166,0.05353832244873047,0.10757589340209961,0.9976591814509712,0.9992837969502701,0.9971131226126615,-1.1067389249801636,1.1569401025772095,-0.028003424406051636,0.6465242346938775,0.7319055233239461,
10,client_3,False,flip,clip01,pretrained,0.8593544363975525,0.22882139682769775,0.0922853946685791,0.26894211769104004,0.987037605468801,0.9978742466984072,0.9821598910060347,0.9451600813230676,0.9773219132582125,0.9360114361274723,0.2788599729537964,0.089272141456604,0.2777683734893799,0.980839165306272,0.9980105944861506,0.9809867394397997,-0.844717264175415,0.7863494157791138,0.03762595355510712,0.39883609693877553,0.5606232803688352,
10,client_4,False,flip,clip01,pretrained,0.7394229769706726,0.09373366832733154,0.0789036750793457,0.14403915405273438,0.9978071131118487,0.9984453675592491,0.9948332894574585,0.976972189934225,0.9805621865633758,0.964940280108898,0.15217435359954834,0.08205103874206543,0.1503065824508667,0.9942357831023794,0.9983190290206982,0.9943758196135675,-0.7492367029190063,0.9557442665100098,-0.011635624803602695,0.5970982142857143,0.6815449710338688,
10,client_5,False,flip,clip01,pretrained,0.8313508629798889,0.033538222312927246,0.06576418876647949,0.074637770652771,0.9997188562064743,0.9989196440450949,0.9986087541792967,0.9916678816798712,0.9837595206781518,0.9815985304640771,0.07091832160949707,0.06813943386077881,0.07600545883178711,0.9987438326391469,0.9988402641176917,0.9985573553785958,-1.068501353263855,0.9496309757232666,-0.004587780684232712,0.5405771683673469,0.8936025072926552,
10,client_6,False,flip,clip01,pretrained,0.8606715202331543,0.1532278060913086,0.08368480205535889,0.12636590003967285,0.9941560507348761,0.9982515097805857,0.9960198361811974,0.962766614339919,0.9794026269286125,0.9691418349144167,0.10055792331695557,0.0834200382232666,0.12329864501953125,0.9974768110731584,0.9982625417037063,0.9962101677471153,-1.2020010948181152,0.7502967715263367,-0.04650205373764038,0.5766900510204082,0.9950662953422524,
10,client_7,False,flip,clip01,pretrained,0.6734690070152283,0.3911144733428955,0.14099550247192383,0.04927182197570801,0.9628273751090399,0.9950485320733713,0.9993933480512163,0.9089583792144194,0.9656619110273876,0.9877949315000538,0.1912170648574829,0.13445746898651123,0.04949188232421875,0.9909213033855917,0.9954955727747523,0.9993879195231943,-1.018240213394165,0.9574829339981079,-0.08297079801559448,0.7057557397959183,0.8910541354622019,
10,client_8,False,flip,clip01,pretrained,0.6234861016273499,0.47987496852874756,0.17214083671569824,0.0878911018371582,0.9448251321678485,0.9926328442463135,0.9980715822006201,0.8900351769915742,0.9583156372195125,0.9783841804211568,0.0735774040222168,0.1628502607345581,0.0843125581741333,0.9986479639726014,0.9934027736255975,0.9982252140785253,-0.9130194187164307,0.32692649960517883,-0.11907386034727097,0.6830357142857143,0.9248347354612577,
10,client_9,False,flip,clip01,pretrained,0.7276983261108398,0.19096040725708008,0.07691478729248047,0.08549237251281738,0.9909454927809407,0.9985226678015184,0.998175264659112,0.9539172679199719,0.9810451555535058,0.9789647756740529,0.15729403495788574,0.07430458068847656,0.08784127235412598,0.9938432246804052,0.998621134936224,0.9980737650379583,-0.9571614861488342,0.9479914903640747,-0.06567586213350296,0.6446906887755102,0.821088534389029,
10,client_0,True,flip_global,raw,random,0.8246998190879822,0.20986652374267578,0.33560264110565186,0.24630200862884521,0.9890792900146328,0.9724265522761464,0.9850046403895545,0.9495291419899146,0.9211027254613897,0.941157561632233,0.24880576133728027,0.35028672218322754,0.254791796207428,0.984701749744729,0.9700166001914912,0.9839657568043207,-0.908964216709137,0.946709156036377,-0.005959037225693464,0.5117984693877551,0.02304150235909638,
10,client_1,True,flip_global,raw,random,0.8149063587188721,0.1204226016998291,0.27821433544158936,0.2799128293991089,0.9963844335218486,0.9809265154217996,0.9806963122558949,0.970560940550633,0.9339160535577187,0.9335329837740041,0.13067114353179932,0.28461170196533203,0.2900373935699463,0.9957448915039784,0.9800525876643584,0.9792967718703587,-0.9193459153175354,0.8895273804664612,-0.006940087303519249,0.5045440051020408,-4.223530187827998e-05,
10,client_2,False,flip_global,raw,random,0.8743699193000793,0.252427339553833,0.05803036689758301,0.22043758630752563,0.984258462402116,0.9991586504087602,0.9879616264622515,0.9397610767657845,0.9856487729587127,0.9470887986959042,0.2675454616546631,0.055193543434143066,0.22121381759643555,0.982342246716591,0.9992388529788563,0.9878774692162307,-1.1333445310592651,0.9433432817459106,-0.048847004771232605,0.6750637755102041,0.7319055233239461,
10,client_3,False,flip_global,raw,random,0.8549097180366516,0.21718907356262207,0.19575965404510498,0.12961161136627197,0.9883107281776422,0.9904879485690845,0.9958133999148833,0.9478377178465527,0.9528004772558969,0.9683681581820813,0.14063596725463867,0.18773198127746582,0.13086092472076416,0.9950736588616207,0.9912470642868634,0.9957325622721485,-0.7739346027374268,0.8172409534454346,0.04743153601884842,0.41151147959183676,0.5606232803688352,
10,client_4,False,flip_global,raw,random,0.8464027643203735,0.1447063684463501,0.08415031433105469,0.128007173538208,0.9947855002096102,0.9982320289462081,0.9959160929001964,0.9647821959465941,0.9792898368983243,0.96875049034325,0.11850619316101074,0.08137190341949463,0.13002240657806396,0.9964982942823968,0.9983467062350122,0.9957869036250999,-0.8556013703346252,0.8960347771644592,-0.007839814759790897,0.6034757653061225,0.6815449710338688,
10,client_5,False,flip_global,raw,random,0.9124246835708618,0.09094059467315674,0.051161885261535645,0.05090749263763428,0.9979356537860278,0.9993459364008308,0.9993524214888758,0.9776468184746865,0.9873312050365086,0.9873936011624802,0.07532131671905518,0.04866480827331543,0.05016446113586426,0.9985831821450961,0.9994081969134396,0.9993711784297274,-0.941860020160675,0.7821903228759766,-0.010082785971462727,0.5632174744897959,0.8936025072926552,
10,client_6,False,flip_global,raw,random,0.8817147016525269,0.09605956077575684,0.06550729274749756,0.11936116218566895,0.9976971253702684,0.9989280612196214,0.9964477207363813,0.9764109357370048,0.9838221890789576,0.9708147131704865,0.11544013023376465,0.06509745121002197,0.12135112285614014,0.9966767006369985,0.998941421654568,0.9963286169805257,-1.2219370603561401,0.7383167147636414,-0.048680223524570465,0.5766103316326531,0.9950662953422524,
10,client_7,False,flip_global,raw,random,0.8270026445388794,0.4169192314147949,0.21507763862609863,0.06345045566558838,0.9579215733837478,0.9885349522171296,0.998994269184678,0.9033949633523037,0.9483249699691856,0.9843241595095997,0.34320664405822754,0.2103182077407837,0.06284618377685547,0.9711903434321747,0.9890326192468111,0.999013320058052,-0.9456340074539185,0.9503102898597717,-0.12315811216831207,0.7697704081632653,0.8910541354622019,
10,client_8,False,flip_global,raw,random,0.793484091758728,0.4039897918701172,0.38083624839782715,0.0575181245803833,0.960414081584412,0.9647040514087493,0.9991734291086949,0.906176077187453,0.9111887016862923,0.985774098005578,0.3365631103515625,0.383054256439209,0.05738234519958496,0.9722718044787704,0.9643028381697423,0.9991773245638931,-0.9394075274467468,0.2140273004770279,-0.15912578999996185,0.7873883928571429,0.9248347354612577,
10,client_9,False,flip_global,raw,random,0.8270379304885864,0.10846436023712158,0.09744095802307129,0.1071547269821167,0.9970653458348866,0.99763053414443,0.9971356344859679,0.9734257297732583,0.976077823953541,0.9737402446488821,0.09382903575897217,0.09655129909515381,0.10747003555297852,0.9978026559852831,0.9976735290028129,0.9971187890841451,-1.0684163570404053,0.896143913269043,-0.09225913137197495,0.681281887755102,0.821088534389029,
10,client_0,True,flip_global,raw,pretrained,0.8246998190879822,0.09012401103973389,0.24264967441558838,0.22549927234649658,0.9979725040016845,0.9854412324005357,0.9874077226580944,0.9778441851414774,0.9419917249586747,0.9459236379104041,0.05867016315460205,0.24550092220306396,0.23421156406402588,0.9991400080815631,0.9851009339519754,0.9864260288583633,-0.908964216709137,0.946709156036377,-0.005959037225693464,0.5117984693877551,0.02304150235909638,0.5595201253890991
10,client_1,True,flip_global,raw,pretrained,0.8149063587188721,0.12569141387939453,0.28944873809814453,0.22538745403289795,0.9960620863046119,0.9793794210205531,0.9874200897473311,0.969302727942345,0.9313866836942766,0.9459493543408555,0.06835460662841797,0.293576717376709,0.23349976539611816,0.9988329344774158,0.9787965229180493,0.9865075737462359,-0.9193459153175354,0.8895273804664612,-0.006940087303519249,0.5045440051020408,-4.223530187827998e-05,0.6304694414138794
10,client_2,False,flip_global,raw,pretrained,0.8743699193000793,0.16315901279449463,0.0570673942565918,0.10841381549835205,0.9933778587209601,0.9991863250198512,0.9970680742977502,0.9604255496770358,0.9858843933273023,0.9734378655113429,0.0823814868927002,0.05704939365386963,0.10207843780517578,0.9983054792909298,0.9991868379361231,0.9974000789822584,-1.1333445310592651,0.9433432817459106,-0.048847004771232605,0.6750637755102041,0.7319055233239461,0.6079007983207703
10,client_3,False,flip_global,raw,pretrained,0.8549097180366516,0.16273510456085205,0.19339412450790405,0.36089247465133667,0.9934120543682017,0.9907148499093972,0.9682176724228597,0.9605253019836355,0.953350693245334,0.915539963789898,0.22264432907104492,0.21310526132583618,0.39447319507598877,0.9877216298656188,0.9887424981920816,0.9622044954325841,-0.7739346027374268,0.8172409534454346,0.04743153601884842,0.41151147959183676,0.5606232803688352,0.39270079135894775
10,client_4,False,flip_global,raw,pretrained,0.8464027643203735,0.09430265426635742,0.06538915634155273,0.22923433780670166,0.9977804540765538,0.9989319209253467,0.9869912362598767,0.976834844888393,0.9838510098303768,0.945065235767029,0.18823391199111938,0.06873643398284912,0.250602126121521,0.9912005068620542,0.998819871230795,0.9844826348693458,-0.8556013703346252,0.8960347771644592,-0.007839814759790897,0.6034757653061225,0.6815449710338688,0.44887518882751465
10,client_5,False,flip_global,raw,pretrained,0.9124246835708618,0.061368703842163086,0.034013986587524414,0.0694957971572876,0.9990591349953366,0.9997108249110989,0.9987936760704335,0.9848326018721099,0.9915504347003328,0.9828498900756715,0.048552513122558594,0.034808993339538574,0.06921780109405518,0.9994109237550195,0.9996971523008151,0.9988032991591673,-0.941860020160675,0.7821903228759766,-0.010082785971462727,0.5632174744897959,0.8936025072926552,0.610567569732666
10,client_6,False,flip_global,raw,pretrained,0.8817147016525269,0.14911389350891113,0.057686805725097656,0.0704345703125,0.9944643522071936,0.9991685769238268,0.9987608955673244,0.9637388905346962,0.9857328258881546,0.9826212500099487,0.09756302833557129,0.05633974075317383,0.06811714172363281,0.9976246042609935,0.9992069304386002,0.9988410221600583,-1.2219370603561401,0.7383167147636414,-0.048680223524570465,0.5766103316326531,0.9950662953422524,0.6144130229949951
10,client_7,False,flip_global,raw,pretrained,0.8270026445388794,0.33883750438690186,0.1332176923751831,0.06878125667572021,0.9719037463125375,0.9955779822720778,0.9988183329813465,0.9203883513701616,0.9675096676886041,0.9830239713504525,0.22119617462158203,0.12748205661773682,0.07164126634597778,0.9878793851935825,0.9959494288985231,0.9987181159946439,-0.9456340074539185,0.9503102898597717,-0.12315811216831207,0.7697704081632653,0.8910541354622019,0.6916303634643555
10,client_8,False,flip_global,raw,pretrained,0.793484091758728,0.3568767309188843,0.16966867446899414,0.09462714195251465,0.9689045351110019,0.992841798906829,0.9977651789037163,0.916419886437067,0.9588956756764444,0.9767565311927635,0.05364692211151123,0.16085577011108398,0.09178638458251953,0.9992808900120382,0.9935626052767776,0.9978971373253376,-0.9394075274467468,0.2140273004770279,-0.15912578999996185,0.7873883928571429,0.9248347354612577,0.683324933052063
10,client_9,False,flip_global,raw,pretrained,0.8270379304885864,0.18702483177185059,0.06453919410705566,0.10494065284729004,0.9913124517224221,0.9989594858224558,0.9972525394170877,0.9548345495926762,0.9840584053715364,0.9742723125651109,0.1499314308166504,0.06188511848449707,0.10766077041625977,0.994403741654672,0.9990432451176148,0.9971085752308007,-1.0684163570404053,0.896143913269043,-0.09225913137197495,0.681281887755102,0.821088534389029,0.6181567907333374
10,client_0,True,flip_global,clip01,random,0.8246998190879822,0.1507277488708496,0.28244370222091675,0.32855141162872314,0.9943443910189285,0.9803508466192941,0.9735501910728108,0.9633572985614975,0.9329626216445392,0.9226627843987218,0.23606961965560913,0.31500566005706787,0.3421545624732971,0.9862120453274832,0.9756470112388194,0.9713628930021854,-0.908964216709137,0.946709156036377,-0.005959037225693464,0.5117984693877551,0.02304150235909638,
10,client_1,True,flip_global,clip01,random,0.8149063587188721,0.2258915901184082,0.47868120670318604,0.2667020559310913,0.9873642856968883,0.9450878904413829,0.9824519314505284,0.9458334193841871,0.8902857286249959,0.936518716780669,0.32140982151031494,0.5041342973709106,0.2831372022628784,0.9746658342630059,0.9393685805708853,0.9802556727919156,-0.9193459153175354,0.8895273804664612,-0.006940087303519249,0.5045440051020408,-4.223530187827998e-05,
10,client_2,False,flip_global,clip01,random,0.8743699193000793,0.2215404510498047,0.06273925304412842,0.11624836921691895,0.9878419711490638,0.9990166723345522,0.9966301205395818,0.9468347440819185,0.9844978177182329,0.9715595052415595,0.0557703971862793,0.06169843673706055,0.10833823680877686,0.9992228689463798,0.9990490045654661,0.9970721517702312,-1.1333445310592651,0.9433432817459106,-0.048847004771232605,0.6750637755102041,0.7319055233239461,
10,client_3,False,flip_global,clip01,random,0.8549097180366516,0.10577142238616943,0.08613419532775879,0.0803990364074707,0.9972089577935359,0.99814780210762,0.9983859552584178,0.9740726177741506,0.9788093763907852,0.9801992974300799,0.06517279148101807,0.07316243648529053,0.07519865036010742,0.9989389719053339,0.9986631563500317,0.9985877882884466,-0.7739346027374268,0.8172409534454346,0.04743153601884842,0.41151147959183676,0.5606232803688352,
10,client_4,False,flip_global,clip01,random,0.8464027643203735,0.09925055503845215,0.04640328884124756,0.12113308906555176,0.9975418730498773,0.9994619009578387,0.9963417618215527,0.9756417136357294,0.9884993499329868,0.9703911304280677,0.15173029899597168,0.04959142208099365,0.127677321434021,0.9942692301981413,0.9993854561092137,0.9959370487104555,-0.8556013703346252,0.8960347771644592,-0.007839814759790897,0.6034757653061225,0.6815449710338688,
10,client_5,False,flip_global,clip01,random,0.9124246835708618,0.11788344383239746,0.036183834075927734,0.05438864231109619,0.9965349050119969,0.9996727628731941,0.9992608788778121,0.9711681771107792,0.9910150515754692,0.9865402757675776,0.026691675186157227,0.03607833385467529,0.05361783504486084,0.9998219124089094,0.9996746678591333,0.999281669175557,-0.941860020160675,0.7821903228759766,-0.010082785971462727,0.5632174744897959,0.8936025072926552,
10,client_6,False,flip_global,clip01,random,0.8817147016525269,0.1468157172203064,0.054961562156677246,0.07719206809997559,0.9946329882896476,0.999245234197385,0.9985120088332573,0.9642826803851201,0.986399943439547,0.980977801010658,0.07646059989929199,0.05358719825744629,0.07213211059570312,0.998540044741201,0.9992824893959271,0.9987005075571351,-1.2219370603561401,0.7383167147636414,-0.048680223524570465,0.5766103316326531,0.9950662953422524,
10,client_7,False,flip_global,clip01,random,0.8270026445388794,0.44960713386535645,0.11856913566589355,0.050824642181396484,0.9513172772829539,0.9964945833428043,0.9993545265841506,0.8964208750060929,0.9710041385175485,0.9874139235774506,0.1741313934326172,0.11214673519134521,0.04930245876312256,0.992462448534406,0.9968631767945135,0.9993925937387584,-0.9456340074539185,0.9503102898597717,-0.12315811216831207,0.7697704081632653,0.8910541354622019,
10,client_8,False,flip_global,clip01,random,0.793484091758728,0.3047258257865906,0.14842963218688965,0.07837378978729248,0.977183661674643,0.9945148314155716,0.998466154069727,0.9279636206729234,0.9639007509105706,0.9806908256909805,0.026164531707763672,0.13891375064849854,0.07460653781890869,0.9998288762857968,0.9951931425261318,0.9986099170798828,-0.9394075274467468,0.2140273004770279,-0.15912578999996185,0.7873883928571429,0.9248347354612577,
10,client_9,False,flip_global,clip01,random,0.8270379304885864,0.19590699672698975,0.057408928871154785,0.05757451057434082,0.9904737268109489,0.9991765626121865,0.999171808718667,0.952766221519769,0.9858008168862915,0.9857603014544558,0.06419682502746582,0.05338287353515625,0.05578649044036865,0.998970487527763,0.9992879476959395,0.999222420641299,-1.0684163570404053,0.896143913269043,-0.09225913137197495,0.681281887755102,0.821088534389029,
10,client_0,True,flip_global,clip01,pretrained,0.8246998190879822,0.08823299407958984,0.25290465354919434,0.22519922256469727,0.9980565720300276,0.9841995831289896,0.9874408947908664,0.978301469940559,0.9396523870839999,0.945992646952676,0.03818094730377197,0.25261223316192627,0.22909092903137207,0.9996356534077182,0.9842356673425527,0.9870073487593716,-0.908964216709137,0.946709156036377,-0.005959037225693464,0.5117984693877551,0.02304150235909638,
10,client_1,True,flip_global,clip01,pretrained,0.8149063587188721,0.11781466007232666,0.25997209548950195,0.20380091667175293,0.996538937025425,0.9833153956984402,0.989696615595367,0.9711846345998136,0.9380452614077395,0.950933664146091,0.051972150802612305,0.26138031482696533,0.2072436809539795,0.9993250657322776,0.9831364511292231,0.9893483797068434,-0.9193459153175354,0.8895273804664612,-0.006940087303519249,0.5045440051020408,-4.223530187827998e-05,
10,client_2,False,flip_global,clip01,pretrained,0.8743699193000793,0.21347308158874512,0.05065488815307617,0.15315520763397217,0.9887039339190338,0.9993588290687057,0.994161562812899,0.9486955025447374,0.9874555645580809,0.9627837593827717,0.08217287063598633,0.050727248191833496,0.14366364479064941,0.9983140397191184,0.9993569968309974,0.9948600896982795,-1.1333445310592651,0.9433432817459106,-0.048847004771232605,0.6750637755102041,0.7319055233239461,
10,client_3,False,flip_global,clip01,pretrained,0.8549097180366516,0.14699172973632812,0.19637340307235718,0.3565465211868286,0.9946201639169376,0.9904286399839419,0.9689607053641731,0.9642410163638568,0.952657798793973,0.9164922980308037,0.20158207416534424,0.21683233976364136,0.38192063570022583,0.9899180559952749,0.9883487599627991,0.9645081574614047,-0.7739346027374268,0.8172409534454346,0.04743153601884842,0.41151147959183676,0.5606232803688352,
10,client_4,False,flip_global,clip01,pretrained,0.8464027643203735,0.08535933494567871,0.06534075736999512,0.22317242622375488,0.9981809315603627,0.9989335001919664,0.9876638546823977,0.9789969916006651,0.9838628176887942,0.9464589920960884,0.18790364265441895,0.06761729717254639,0.24215245246887207,0.9912311551664446,0.998857954426178,0.9855001870469886,-0.8556013703346252,0.8960347771644592,-0.007839814759790897,0.6034757653061225,0.6815449710338688,
10,client_5,False,flip_global,clip01,pretrained,0.9124246835708618,0.06092572212219238,0.028426527976989746,0.055681467056274414,0.9990726595716635,0.9997980137308531,0.9992253439202659,0.9849408455861925,0.9929310704711558,0.9862236507151252,0.03983807563781738,0.02864229679107666,0.055610060691833496,0.999603349970341,0.9997949362524507,0.9992273283459367,-0.941860020160675,0.7821903228759766,-0.010082785971462727,0.5632174744897959,0.8936025072926552,
10,client_6,False,flip_global,clip01,pretrained,0.8817147016525269,0.1621028184890747,0.0646522045135498,0.08826339244842529,0.9934628973114812,0.9989558415347297,0.9980552346391158,0.9606741178093521,0.9840308264181534,0.9782941164833434,0.09150636196136475,0.06402206420898438,0.0866771936416626,0.9979099285225974,0.9989760808119834,0.9981244085937424,-1.2219370603561401,0.7383167147636414,-0.048680223524570465,0.5766103316326531,0.9950662953422524,
10,client_7,False,flip_global,clip01,pretrained,0.8270026445388794,0.4634413719177246,0.14768564701080322,0.05943429470062256,0.9483941694337041,0.9945694574366706,0.9991174757258494,0.8934936879861664,0.9640767851556256,0.9853054109658326,0.24073290824890137,0.14434802532196045,0.0603940486907959,0.9856678631361784,0.9948111935721855,0.9990887629649865,-0.9456340074539185,0.9503102898597717,-0.12315811216831207,0.7697704081632653,0.8910541354622019,
10,client_8,False,flip_global,clip01,pretrained,0.793484091758728,0.2848588228225708,0.17673659324645996,0.10845351219177246,0.9800184543161907,0.9922365459888915,0.997065931531034,0.9324188341402888,0.9572387439184602,0.9734283343582781,0.036438941955566406,0.17103099822998047,0.10623908042907715,0.9996681335019746,0.9927270168760782,0.9971842748527684,-0.9394075274467468,0.2140273004770279,-0.15912578999996185,0.7873883928571429,0.9248347354612577,
10,client_9,False,flip_global,clip01,pretrained,0.8270379304885864,0.1630852222442627,0.06701016426086426,0.09081459045410156,0.993383817493249,0.9988783539334736,0.9979413615700372,0.9604429126409935,0.9834556566441781,0.9776772695458622,0.12920677661895752,0.0654904842376709,0.09228944778442383,0.99583943075535,0.9989286108043209,0.9978740602686889,-1.0684163570404053,0.896143913269043,-0.09225913137197495,0.681281887755102,0.821088534389029,
11,client_0,True,orig,raw,random,0.7124966979026794,0.10680317878723145,0.3167230486869812,0.27079451084136963,0.9971543581397382,0.9753856842835615,0.9819166459309987,0.9738246966535105,0.9252887083749191,0.9355922582870959,0.17700380086898804,0.3377584218978882,0.29538971185684204,0.9922131905516482,0.9720786538573338,0.9785380741323999,-1.0409845113754272,1.048823595046997,0.0013795688282698393,0.4992825255102041,0.013356521285909799,
11,client_1,True,orig,raw,random,0.7118592858314514,0.09407424926757812,0.22555649280548096,0.24572503566741943,0.997791174926105,0.9874013918009952,0.9850740248638725,0.9768899750969358,0.9459104785230035,0.94128926367648,0.1301087737083435,0.23558729887008667,0.25490444898605347,0.9957813224132857,0.9862677477311748,0.983951746234139,-0.8430315256118774,0.8166800141334534,0.0011925881262868643,0.4955357142857143,0.022439043287565595,
11,client_2,False,orig,raw,random,0.9474335312843323,0.08323228359222412,0.048375844955444336,0.050571441650390625,0.9982703438072733,0.9994152010253226,0.9993609387871654,0.9795122873504696,0.9880148733948091,0.9874760351073633,0.04663872718811035,0.047417283058166504,0.050395846366882324,0.9994564289854226,0.9994381371965966,0.9993653668985965,-0.6564297676086426,1.2253247499465942,0.071967214345932,0.3514030612244898,0.7122283617161157,
11,client_3,False,orig,raw,random,0.9164573550224304,0.04514288902282715,0.037839412689208984,0.09050345420837402,0.9994907244975142,0.9996421407882796,0.9979554218419853,0.9888091015243419,0.990606849631696,0.977752467031358,0.036020755767822266,0.03680729866027832,0.08993566036224365,0.9996757051854299,0.9996613917076107,0.9979809568723998,-0.9250206351280212,0.8346383571624756,-0.007366894278675318,0.4805484693877551,0.5431118477321436,
11,client_4,False,orig,raw,random,0.9405985474586487,0.08243322372436523,0.037012696266174316,0.04587900638580322,0.9983033529628851,0.9996576030309707,0.9994739868028959,0.979705971404867,0.990810654529368,0.9886281781250295,0.07788872718811035,0.03660416603088379,0.0456315279006958,0.9984850600315878,0.9996651178906086,0.9994796440823492,-0.7517751455307007,1.01485013961792,0.07132522016763687,0.33474170918367346,0.65904491913593,
11,client_5,False,orig,raw,random,0.9561572074890137,0.03983950614929199,0.060373544692993164,0.06212508678436279,0.9996033214923701,0.9990893811739125,0.9990358162039854,0.990114040004576,0.9850757965516934,0.9846478190320418,0.020012617111206055,0.059288620948791504,0.061417341232299805,0.9998998813075402,0.9991217937205028,0.9990576441054129,-0.6037655472755432,0.8946413993835449,-0.009011190384626389,0.5365114795918368,0.826895201385976,
11,client_6,False,orig,raw,random,0.9651373028755188,0.14423644542694092,0.05440700054168701,0.06533312797546387,0.9948191810971734,0.9992603801076199,0.998933749034046,0.9648935315006539,0.9865357785949771,0.9838646790454879,0.11365735530853271,0.052971839904785156,0.06492602825164795,0.9967783071142269,0.9992988649554675,0.9989469850843713,-0.6975463032722473,0.8421092629432678,-0.014274652116000652,0.5324457908163265,0.996994006185901,
11,client_7,False,orig,raw,random,0.939480185508728,0.06417477130889893,0.05341506004333496,0.05946552753448486,0.9989711942031814,0.9992870892510668,0.9991165485606393,0.9841473466709316,0.9867788160126709,0.9852977743179756,0.02540421485900879,0.052121758460998535,0.05761981010437012,0.9998386759885862,0.9993211763730998,0.9991705057781215,-0.5807811617851257,0.8173753619194031,0.07714904844760895,0.3638392857142857,0.9279797455644351,
11,client_8,False,orig,raw,random,0.9501574039459229,0.19292879104614258,0.038958072662353516,0.12998461723327637,0.9907591690564683,0.9996206750937262,0.9957893444952162,0.9534589847856529,0.9903311739629521,0.968279304596315,0.12408185005187988,0.038408875465393066,0.12483322620391846,0.9961620071923112,0.9996312915625609,0.9961155205461116,-0.7818571329116821,0.9379668235778809,0.019521210342645645,0.44722576530612246,0.8947065384330971,
11,client_9,False,orig,raw,random,0.9649379849433899,0.0760190486907959,0.035727620124816895,0.1001591682434082,0.9985568399981974,0.9996809606502068,0.9974967449255681,0.9812627877011795,0.9911275807283917,0.9754228494470862,0.07546091079711914,0.03558194637298584,0.10148000717163086,0.9985779312687038,0.9996835563955682,0.9974304148820647,-0.7363074421882629,0.9042571187019348,0.014280971139669418,0.4823022959183674,0.8434805820108809,
11,client_0,True,orig,raw,pretrained,0.7124966979026794,0.08310461044311523,0.2189486026763916,0.2218785285949707,0.9982756392480645,0.9881222605886899,0.9878051762136657,0.9795432301760714,0.9474319617639497,0.9467568854505881,0.03036355972290039,0.2215794324874878,0.22345304489135742,0.9997695533972184,0.9878377313305231,0.9876331006578665,-1.0409845113754272,1.048823595046997,0.0013795688282698393,0.4992825255102041,0.013356521285909799,0.420413613319397
11,client_1,True,orig,raw,pretrained,0.7118592858314514,0.2078850269317627,0.15416955947875977,0.26777589321136475,0.9892828834932939,0.9940843150419725,0.9823122221117064,0.9499876246079841,0.9625442489322238,0.9362754858091464,0.11887657642364502,0.14889585971832275,0.27257800102233887,0.9964764293513633,0.9944804617443459,0.9816809574188734,-0.8430315256118774,0.8166800141334534,0.0011925881262868643,0.4955357142857143,0.022439043287565595,0.5839412212371826
11,client_2,False,orig,raw,pretrained,0.9474335312843323,0.025414109230041504,0.07885706424713135,0.05826747417449951,0.9998385503151772,0.9984472016162549,0.9991517653766349,0.9936766225652818,0.98057350116017,0.9855907704611806,0.024801135063171387,0.07894706726074219,0.05882525444030762,0.9998462436579565,0.998443659181145,0.9991354583437837,-0.6564297676086426,1.2253247499465942,0.071967214345932,0.3514030612244898,0.7122283617161157,0.5108642578125
11,client_3,False,orig,raw,pretrained,0.9164573550224304,0.12257027626037598,0.036955952644348145,0.06810426712036133,0.9962546857639707,0.9996586518051773,0.9988414598473279,0.9700477716846032,0.9908246454641145,0.9831889469060151,0.0660163164138794,0.03590738773345947,0.0650627613067627,0.9989113511769181,0.9996777427850256,0.9989425486748569,-0.9250206351280212,0.8346383571624756,-0.007366894278675318,0.4805484693877551,0.5431118477321436,0.42036616802215576
11,client_4,False,orig,raw,pretrained,0.9405985474586487,0.09379184246063232,0.05079782009124756,0.044336915016174316,0.9978043948002324,0.9993552073565397,0.999508740568704,0.9769581462023058,0.9874205029110379,0.9890072513200685,0.1166222095489502,0.0520176887512207,0.04353666305541992,0.9966084667159221,0.999323883060699,0.9995263080978583,-0.7517751455307007,1.01485013961792,0.07132522016763687,0.33474170918367346,0.65904491913593,0.5476019978523254
11,client_5,False,orig,raw,pretrained,0.9561572074890137,0.040699124336242676,0.08228909969329834,0.07497072219848633,0.9995860238966754,0.9983092730018284,0.9985963271800866,0.989902348865346,0.9797409117361648,0.9815175852440376,0.03946805000305176,0.08153605461120605,0.07710802555084229,0.99961068197102,0.9983400374575191,0.9985152435509557,-0.6037655472755432,0.8946413993835449,-0.009011190384626389,0.5365114795918368,0.826895201385976,0.5452479124069214
11,client_6,False,orig,raw,pretrained,0.9651373028755188,0.12170195579528809,0.07946383953094482,0.08259916305541992,0.9963074168602593,0.9984232416631262,0.9982965240737924,0.9702552005207168,0.9804262241666035,0.9796657446550288,0.15129613876342773,0.07929527759552002,0.08532881736755371,0.9943018391540526,0.9984299160652166,0.9981822302570791,-0.6975463032722473,0.8421092629432678,-0.014274652116000652,0.5324457908163265,0.996994006185901,0.6868367195129395
11,client_7,False,orig,raw,pretrained,0.939480185508728,0.08355975151062012,0.15106427669525146,0.2560696005821228,0.99825672459926,0.9943192162559902,0.9838064912672118,0.9794329290328196,0.9632777560125205,0.9389321714778145,0.09385085105895996,0.15397703647613525,0.27348417043685913,0.9978016357847908,0.994099015107647,0.9815606469745619,-0.5807811617851257,0.8173753619194031,0.07714904844760895,0.3638392857142857,0.9279797455644351,0.3557790517807007
11,client_8,False,orig,raw,pretrained,0.9501574039459229,0.22500288486480713,0.05404675006866455,0.277956485748291,0.9874625779869453,0.9992701369731822,0.9809613473099319,0.946037807143973,0.986624033928563,0.9339742283459465,0.2696295380592346,0.05326104164123535,0.28915470838546753,0.9820698074087444,0.9992911923926711,0.9794206447827132,-0.7818571329116821,0.9379668235778809,0.019521210342645645,0.44722576530612246,0.8947065384330971,0.39702653884887695
11,client_9,False,orig,raw,pretrained,0.9649379849433899,0.1222844123840332,0.0623784065246582,0.23834288120269775,0.9962720865478782,0.9990279428534026,0.9859480406463219,0.9701160529571495,0.9845859451573082,0.9429767901211785,0.1381744146347046,0.06339085102081299,0.24486327171325684,0.9952439909271995,0.9989961564194065,0.985177367735588,-0.7363074421882629,0.9042571187019348,0.014280971139669418,0.4823022959183674,0.8434805820108809,0.4331552982330322
11,client_0,True,orig,clip01,random,0.7124966979026794,0.07060372829437256,0.35044097900390625,0.41575103998184204,0.9987549422380879,0.9699907845211986,0.9581495964674469,0.9825800597360348,0.9178327334858212,0.9036457120435495,0.14647436141967773,0.36836719512939453,0.4446716606616974,0.994657816577545,0.9669207083884568,0.9523418736360838,-1.0409845113754272,1.048823595046997,0.0013795688282698393,0.4992825255102041,0.013356521285909799,
11,client_1,True,orig,clip01,random,0.7118592858314514,0.13793885707855225,0.2429370880126953,0.40040677785873413,0.9952601353942703,0.9854071015901966,0.9610925951116216,0.9663874386992573,0.9419260417579034,0.9069490624243386,0.20796382427215576,0.25282931327819824,0.41576290130615234,0.9892748229579076,0.9842088838016936,0.9581472840230014,-0.8430315256118774,0.8166800141334534,0.0011925881262868643,0.4955357142857143,0.022439043287565595,
11,client_2,False,orig,clip01,random,0.9474335312843323,0.05667519569396973,0.06562376022338867,0.06535172462463379,0.9991974639239738,0.9989242492425041,0.9989331424307328,0.9859803807870386,0.9837937767228184,0.9838601419978064,0.04214835166931152,0.06442618370056152,0.06313884258270264,0.9995560270023536,0.9989631237543779,0.999004116103984,-0.6564297676086426,1.2253247499465942,0.071967214345932,0.3514030612244898,0.7122283617161157,
11,client_3,False,orig,clip01,random,0.9164573550224304,0.0483853816986084,0.03211033344268799,0.05351519584655762,0.9994149705309598,0.9997422814465329,0.9992844152317637,0.9880125319552513,0.9920204951140768,0.9867542774527986,0.019783377647399902,0.031216740608215332,0.05109560489654541,0.999902161672062,0.9997564232828171,0.9993476291567942,-0.9250206351280212,0.8346383571624756,-0.007366894278675318,0.4805484693877551,0.5431118477321436,
11,client_4,False,orig,clip01,random,0.9405985474586487,0.08088672161102295,0.022000789642333984,0.0725409984588623,0.9983663389684114,0.999879002295234,0.9986857477692399,0.980080991257219,0.9945224101841159,0.982108515686517,0.0649881362915039,0.021569252014160156,0.07028746604919434,0.998944971094285,0.9998837019868045,0.9987660611740914,-0.7517751455307007,1.01485013961792,0.07132522016763687,0.33474170918367346,0.65904491913593,
11,client_5,False,orig,clip01,random,0.9561572074890137,0.0319211483001709,0.07378947734832764,0.05928671360015869,0.9997453087339963,0.9986401667125735,0.9991218501871639,0.9920672280051079,0.9818048078288772,0.9853414967858694,0.018060803413391113,0.07179617881774902,0.05834090709686279,0.9999184568323254,0.9987125716336587,0.9991496273797287,-0.6037655472755432,0.8946413993835449,-0.009011190384626389,0.5365114795918368,0.826895201385976,
11,client_6,False,orig,clip01,random,0.9651373028755188,0.19052088260650635,0.06089794635772705,0.11012589931488037,0.9909868435726112,0.9990735043321277,0.9969749523396367,0.954019644148663,0.9849476332600031,0.9730269224377839,0.1708228588104248,0.05953717231750488,0.10989940166473389,0.992744611694369,0.9991144199073954,0.996987354765984,-0.6975463032722473,0.8421092629432678,-0.014274652116000652,0.5324457908163265,0.996994006185901,
11,client_7,False,orig,clip01,random,0.939480185508728,0.06277251243591309,0.07932746410369873,0.08650350570678711,0.9990156302630864,0.9984286426933209,0.9981319073385186,0.9844896955669864,0.9804593224291793,0.9787199750867779,0.05564260482788086,0.0776059627532959,0.08648622035980225,0.9992264242399724,0.99849602724426,0.9981326527919792,-0.5807811617851257,0.8173753619194031,0.07714904844760895,0.3638392857142857,0.9279797455644351,
11,client_8,False,orig,clip01,random,0.9501574039459229,0.21309828758239746,0.040911316871643066,0.15352141857147217,0.988743228736578,0.9995816973171812,0.9941337318678256,0.9487820832528648,0.9898501043965988,0.9626972787210073,0.17060470581054688,0.039422035217285156,0.15372848510742188,0.992763030503669,0.9996115889693027,0.9941179665273987,-0.7818571329116821,0.9379668235778809,0.019521210342645645,0.44722576530612246,0.8947065384330971,
11,client_9,False,orig,clip01,random,0.9649379849433899,0.13991820812225342,0.033263325691223145,0.16242289543151855,0.9951236317453143,0.9997234451663213,0.993437183758566,0.9659175250553116,0.9917357520652026,0.9605987796780198,0.13899147510528564,0.03301119804382324,0.16389822959899902,0.9951877814315206,0.9997276208565278,0.9933180193229016,-0.7363074421882629,0.9042571187019348,0.014280971139669418,0.4823022959183674,0.8434805820108809,
11,client_0,True,orig,clip01,pretrained,0.7124966979026794,0.0904926061630249,0.1393132209777832,0.1731477975845337,0.9979559112008385,0.9951655573638056,0.9925468857053596,0.9777550890160311,0.9660611173832718,0.9580795270771381,0.03357374668121338,0.13590633869171143,0.17178046703338623,0.9997182604305024,0.9953983104060933,0.9926634878442662,-1.0409845113754272,1.048823595046997,0.0013795688282698393,0.4992825255102041,0.013356521285909799,
11,client_1,True,orig,clip01,pretrained,0.7118592858314514,0.20588994026184082,0.1071709394454956,0.20554375648498535,0.9894859846268014,0.9971347695296351,0.9895210332825601,0.9504495878639765,0.973736350213338,0.9505297812495028,0.11123776435852051,0.10041213035583496,0.2045609951019287,0.9969137025393724,0.997484108410778,0.9896202196261732,-0.8430315256118774,0.8166800141334534,0.0011925881262868643,0.4955357142857143,0.022439043287565595,
11,client_2,False,orig,clip01,pretrained,0.9474335312843323,0.028896808624267578,0.08307456970214844,0.06411886215209961,0.9997912762927827,0.9982768840588565,0.9989729846361923,0.9928147551163238,0.9795505110541547,0.9841609929688044,0.0329279899597168,0.08413100242614746,0.06514251232147217,0.9997289919659282,0.9982328392511832,0.9989399567959278,-0.6564297676086426,1.2253247499465942,0.071967214345932,0.3514030612244898,0.7122283617161157,
11,client_3,False,orig,clip01,pretrained,0.9164573550224304,0.11470389366149902,0.0483323335647583,0.09781479835510254,0.9967188510866849,0.9994162520803196,0.997612350597173,0.971929367470391,0.988025556318453,0.9759877049816992,0.06957387924194336,0.047422170639038086,0.09493255615234375,0.9987909662742374,0.9994380214103851,0.9977507539976618,-0.9250206351280212,0.8346383571624756,-0.007366894278675318,0.4805484693877551,0.5431118477321436,
11,client_4,False,orig,clip01,pretrained,0.9405985474586487,0.1014021635055542,0.048611998558044434,0.05382132530212402,0.9974343479576768,0.9994094800648801,0.999276209380626,0.9751235596205718,0.9879568959474538,0.9866792652485017,0.1374835968017578,0.04985308647155762,0.05382132530212402,0.995291260724323,0.9993789568650353,0.999276209380626,-0.7517751455307007,1.01485013961792,0.07132522016763687,0.33474170918367346,0.65904491913593,
11,client_5,False,orig,clip01,pretrained,0.9561572074890137,0.0386652946472168,0.08680379390716553,0.08010518550872803,0.9996263534892964,0.9981189333721583,0.9983977179035894,0.9904033132500063,0.978647291453947,0.9802705922372299,0.04400324821472168,0.086403489112854,0.08343982696533203,0.9995161042247713,0.9981362186351945,0.998261718368008,-0.6037655472755432,0.8946413993835449,-0.009011190384626389,0.5365114795918368,0.826895201385976,
11,client_6,False,orig,clip01,pretrained,0.9651373028755188,0.11997866630554199,0.09510397911071777,0.09249687194824219,0.9964109701334865,0.9977426373538094,0.9978645085921862,0.9706670660363659,0.9766414657138234,0.9772708348551622,0.16376042366027832,0.09571707248687744,0.09629201889038086,0.9933291947783003,0.9977134891939257,0.9976859856351719,-0.6975463032722473,0.8421092629432678,-0.014274652116000652,0.5324457908163265,0.996994006185901,
11,client_7,False,orig,clip01,pretrained,0.939480185508728,0.08262503147125244,0.1582568883895874,0.2694849967956543,0.9982954582818202,0.9937679721023176,0.9820887670063587,0.9796594738980073,0.9615800483022561,0.935888558827255,0.09900808334350586,0.1629542112350464,0.29223185777664185,0.9975538468973728,0.9933943904520115,0.97898727520073,-0.5807811617851257,0.8173753619194031,0.07714904844760895,0.3638392857142857,0.9279797455644351,
11,client_8,False,orig,clip01,pretrained,0.9501574039459229,0.2401878833770752,0.052426934242248535,0.29535621404647827,0.9857319906921282,0.9993132081091094,0.9785428628600858,0.9425546051204332,0.9870210081272828,0.9300607757361021,0.30009257793426514,0.052426934242248535,0.3085554838180542,0.9778607334695177,0.9993132081091094,0.9766167323110464,-0.7818571329116821,0.9379668235778809,0.019521210342645645,0.44722576530612246,0.8947065384330971,
11,client_9,False,orig,clip01,pretrained,0.9649379849433899,0.1260690689086914,0.06440770626068115,0.2545284032821655,0.9960384573471286,0.9989637179593667,0.9839984918503624,0.9692126365548852,0.9840904950020644,0.9392827827540209,0.15962374210357666,0.06621658802032471,0.2640035152435303,0.9936603707073441,0.9989047413942282,0.9828006714853996,-0.7363074421882629,0.9042571187019348,0.014280971139669418,0.4823022959183674,0.8434805820108809,
11,client_0,True,flip,raw,random,-0.025652695447206497,0.09663653373718262,0.433289110660553,0.36314576864242554,0.9976694267993542,0.9546678911760573,0.9678292213061712,0.9762717830357197,0.8998922125226483,0.9150467827864432,0.16055572032928467,0.4568125009536743,0.3723582625389099,0.9935864831121233,0.9498041834626081,0.9662184077894307,-1.4077290296554565,1.2508946657180786,-0.005890796426683664,0.5087691326530612,0.013356521285909799,
11,client_1,True,flip,raw,random,,0.526353120803833,0.3218427896499634,0.44018757343292236,0.9341793284148125,0.9745988409589597,0.9532643738009947,0.8803621616182158,0.9241507357951873,0.8984222344905548,0.8741616606712341,0.32360994815826416,0.4651695489883423,0.8332662118105267,0.9743245448302704,0.9480237566898768,,,,0.0,0.022439043287565595,
11,client_2,False,flip,raw,random,0.7619001269340515,0.2470635175704956,0.2802501916885376,0.11929178237915039,0.9849128265095823,0.980650431206082,0.9964518381346303,0.9409837791067361,0.9334569249068152,0.9708313042028545,0.16219651699066162,0.28418445587158203,0.1168830394744873,0.9934553751395623,0.9801115349687095,0.9965933179988329,-0.7517786026000977,0.9252719879150391,-0.06141430139541626,0.6380739795918368,0.7122283617161157,
11,client_3,False,flip,raw,random,0.8627029657363892,0.1667482852935791,0.08321523666381836,0.14743638038635254,0.993084827781602,0.9982710513227229,0.9945876990857119,0.9595815604715745,0.9795164187539815,0.9641357749012216,0.10141849517822266,0.08315908908843994,0.1458953619003296,0.9974335230430531,0.9982733806513675,0.9946997996864873,-0.8992462158203125,0.8347551822662354,0.025052854791283607,0.44044961734693877,0.5431118477321436,
11,client_4,False,flip,raw,random,0.8113787174224854,0.24648141860961914,0.19788503646850586,0.043686747550964355,0.9849830335893512,0.9902817970859445,0.9995230377106232,0.9411166144732395,0.9523065256999974,0.9891671392903916,0.22197377681732178,0.20074188709259033,0.04182720184326172,0.9877948000398373,0.9900012931148008,0.9995627647304615,-0.7044084668159485,0.8767864108085632,-0.06726939976215363,0.6541772959183674,0.65904491913593,
11,client_5,False,flip,raw,random,0.8871408104896545,0.12108254432678223,0.03763735294342041,0.0447465181350708,0.9963448057292983,0.9996459514567477,0.9994996251393282,0.970403209405722,0.9906566562674051,0.988906542396033,0.07573747634887695,0.03522062301635742,0.04348456859588623,0.9985674995762988,0.9996899490461626,0.9995274406246428,-0.7937332987785339,1.0873582363128662,0.013497423380613327,0.48788265306122447,0.826895201385976,
11,client_6,False,flip,raw,random,0.967528760433197,0.2470148801803589,0.06736087799072266,0.15305423736572266,0.9849186987283551,0.9988665924117159,0.9941692247695353,0.9409948771120469,0.983370151243341,0.9628076055496475,0.2413715124130249,0.0637127161026001,0.15731608867645264,0.9855925481205168,0.9989859443443794,0.9938415060979555,-0.5582528710365295,0.7687234878540039,-0.008203805424273014,0.5166613520408163,0.996994006185901,
11,client_7,False,flip,raw,random,0.7185377478599548,0.35844647884368896,0.15319561958312988,0.37785422801971436,0.9686368695535423,0.9941584948299864,0.9652401851342349,0.9160757746039903,0.9627742155338574,0.9118373267636612,0.24903464317321777,0.15390419960021973,0.388083815574646,0.9846739150338748,0.9941045718523496,0.9633853573675168,-0.9100247025489807,0.9164836406707764,-0.05442089959979057,0.6194196428571429,0.9279797455644351,
11,client_8,False,flip,raw,random,0.9124522805213928,0.7931536436080933,0.047884464263916016,0.6005972623825073,0.8595345379174977,0.9994270158728489,0.9155783712390064,0.8277853429580682,0.9881355273363825,0.8652360911005597,0.7773990035057068,0.04577052593231201,0.6279304027557373,0.864482119979028,0.9994764703923276,0.9082695417887885,-0.8938283324241638,0.7270947694778442,-0.0133054843172431,0.5776466836734694,0.8947065384330971,
11,client_9,False,flip,raw,random,0.9140369892120361,0.4189765453338623,0.11336863040924072,0.16782569885253906,0.957518643435995,0.9967946151967422,0.992995648421924,0.9029536219230161,0.9722492991478673,0.9593284325468852,0.366702675819397,0.1089698076248169,0.16510605812072754,0.9672115986582559,0.9970379918780166,0.9932196756168676,-0.7200649976730347,0.8191455006599426,-0.01804962009191513,0.5672034438775511,0.8434805820108809,
11,client_0,True,flip,raw,pretrained,-0.025652695447206497,0.13634252548217773,0.4152737855911255,0.41873252391815186,0.9953688279227204,0.9582425926176441,0.9575665259645492,0.9667666706314302,0.9037481833823917,0.9030059531886865,0.0597386360168457,0.44476795196533203,0.447733998298645,0.9991084204764678,0.9523219761132671,0.9517072734567023,-1.4077290296554565,1.2508946657180786,-0.005890796426683664,0.5087691326530612,0.013356521285909799,0.4672074317932129
11,client_1,True,flip,raw,pretrained,,0.8789558410644531,0.29242897033691406,0.5038670301437378,0.8316718447010207,0.9789593684293987,0.9394298970598796,0.8118819300628874,0.9307174281216652,0.8850220677214002,1.2787914276123047,0.27892446517944336,0.5447091460227966,0.6897252870740918,0.9808304294912706,0.9297577601812888,,,,0.0,0.022439043287565595,0.7095351219177246
11,client_2,False,flip,raw,pretrained,0.7619001269340515,0.3101130723953247,0.07907736301422119,0.0622178316116333,0.976384269632907,0.9984385237353841,0.9990329373383187,0.9267610380652738,0.9805200262237128,0.984625165237484,0.07900607585906982,0.07665753364562988,0.060921669006347656,0.9984413344745922,0.9985325227550366,0.9990727828653683,-0.7517786026000977,0.9252719879150391,-0.06141430139541626,0.6380739795918368,0.7122283617161157,0.7370901107788086
11,client_3,False,flip,raw,pretrained,0.8627029657363892,0.08341991901397705,0.14522528648376465,0.09371709823608398,0.9982625466629713,0.9947481824072464,0.9978078870784552,0.9794668147493,0.9646592747626053,0.9769761901510259,0.08715987205505371,0.15074801445007324,0.09251737594604492,0.9981034910629418,0.9943428765658289,0.997863563246306,-0.8992462158203125,0.8347551822662354,0.025052854791283607,0.44044961734693877,0.5431118477321436,0.4360696077346802
11,client_4,False,flip,raw,pretrained,0.8113787174224854,0.21426153182983398,0.05586707592010498,0.09392738342285156,0.9886210520843013,0.9992201738542064,0.9977980548576599,0.9485134023706396,0.9861782058614947,0.9769254266336542,0.19243240356445312,0.05309426784515381,0.09805309772491455,0.990806331416056,0.9992956220132327,0.9976007236679738,-0.7044084668159485,0.8767864108085632,-0.06726939976215363,0.6541772959183674,0.65904491913593,0.7541517019271851
11,client_5,False,flip,raw,pretrained,0.8871408104896545,0.12463092803955078,0.08985447883605957,0.05388295650482178,0.9961280637533674,0.9979845947460688,0.9992745516979591,0.9695557790838754,0.9779093436774537,0.9866641645272514,0.1760469675064087,0.08910655975341797,0.0554119348526001,0.9922966638768667,0.9980179565645639,0.999232821077765,-0.7937332987785339,1.0873582363128662,0.013497423380613327,0.48788265306122447,0.826895201385976,0.5788134336471558
11,client_6,False,flip,raw,pretrained,0.967528760433197,0.19394421577453613,0.0364069938659668,0.08306407928466797,0.9906623244296757,0.999668715034741,0.9982773186492147,0.9532227008604264,0.9909600142473922,0.9795530536021462,0.09168124198913574,0.03725242614746094,0.08073580265045166,0.9979019447039001,0.999653154439349,0.9983724220347119,-0.5582528710365295,0.7687234878540039,-0.008203805424273014,0.5166613520408163,0.996994006185901,0.7286365032196045
11,client_7,False,flip,raw,pretrained,0.7185377478599548,0.45930689573287964,0.07200002670288086,0.14318835735321045,0.9492756206446082,0.9987052576831636,0.9948939123792027,0.8943669915570145,0.9822401575140942,0.9651419171551043,0.09395551681518555,0.06571662425994873,0.1265929937362671,0.9977967377755113,0.9989212049689289,0.9960055606531732,-0.9100247025489807,0.9164836406707764,-0.05442089959979057,0.6194196428571429,0.9279797455644351,0.6550794839859009
11,client_8,False,flip,raw,pretrained,0.9124522805213928,0.6350681185722351,0.0407027006149292,0.18804311752319336,0.9063223297705687,0.999585951162965,0.9912182185818958,0.8583461301171096,0.9899014683063121,0.9545970862625905,0.26166272163391113,0.04145920276641846,0.16044390201568604,0.9831004548037461,0.9995704220796111,0.9935953703835108,-0.8938283324241638,0.7270947694778442,-0.0133054843172431,0.5776466836734694,0.8947065384330971,0.48645567893981934
11,client_9,False,flip,raw,pretrained,0.9140369892120361,0.1298999786376953,0.03726005554199219,0.06566250324249268,0.9957948088866422,0.9996530123920193,0.9989229796885433,0.9682994652501176,0.9907496680977637,0.9837843255978855,0.09290802478790283,0.036641836166381836,0.06293249130249023,0.9978455124410477,0.9996644284407323,0.9990106101677276,-0.7200649976730347,0.8191455006599426,-0.01804962009191513,0.5672034438775511,0.8434805820108809,0.6063870191574097
11,client_0,True,flip,clip01,random,-0.025652695447206497,0.09044170379638672,0.5780147910118103,0.6618950963020325,0.9979582066445527,0.9214346035391592,0.8988655988508991,0.9777673923158459,0.8697951680778955,0.8530411469019388,0.15838360786437988,0.6094251871109009,0.6814652681350708,0.9937580346824486,0.9132437859475981,0.8932924591275595,-1.4077290296554565,1.2508946657180786,-0.005890796426683664,0.5087691326530612,0.013356521285909799,
11,client_1,True,flip,clip01,random,,0.7457965612411499,0.20480668544769287,0.7864210605621338,0.8742312025833845,0.9895954662096742,0.861655732249982,0.8367655694339056,0.9507005574453469,0.8290531198386264,1.3206654787063599,0.19721078872680664,0.7760119438171387,0.6744747432824536,0.9903474298498922,0.8649149902558959,,,,0.0,0.022439043287565595,
11,client_2,False,flip,clip01,random,0.7619001269340515,0.3484534025192261,0.06515955924987793,0.07529091835021973,0.9703226239562872,0.998939402366402,0.9985843243059318,0.9182697306404854,0.9839070263381222,0.9814397504903727,0.09264278411865234,0.06380832195281982,0.0718691349029541,0.997857776716371,0.9989829010470899,0.9987099563827588,-0.7517786026000977,0.9252719879150391,-0.06141430139541626,0.6380739795918368,0.7122283617161157,
11,client_3,False,flip,clip01,random,0.8627029657363892,0.21588116884231567,0.11939346790313721,0.10209918022155762,0.9884498704460805,0.9964458027204333,0.99739902432543,0.9481394963560477,0.9708069879381436,0.9749557914620064,0.16202378273010254,0.12437820434570312,0.08180475234985352,0.9934692390364048,0.9961437052735367,0.9983290925310448,-0.8992462158203125,0.8347551822662354,0.025052854791283607,0.44044961734693877,0.5431118477321436,
11,client_4,False,flip,clip01,random,0.8113787174224854,0.2544479966163635,0.06639182567596436,0.0836796760559082,0.9840084785456462,0.9988989414645153,0.9982517236958877,0.9393010800930051,0.9836064372301974,0.9794038690272446,0.2020735740661621,0.06355166435241699,0.08938395977020264,0.9898692069430692,0.9989910606095893,0.9980056151452765,-0.7044084668159485,0.8767864108085632,-0.06726939976215363,0.6541772959183674,0.65904491913593,
11,client_5,False,flip,clip01,random,0.8871408104896545,0.20415353775024414,0.12814104557037354,0.03696036338806152,0.9896612076886455,0.9959075726497417,0.9996585703404306,0.9508519274972955,0.9687185804192127,0.990823557922847,0.2273101806640625,0.13030028343200684,0.03686654567718506,0.9872066150050265,0.9957689336304629,0.9996603010238378,-0.7937332987785339,1.0873582363128662,0.013497423380613327,0.48788265306122447,0.826895201385976,
11,client_6,False,flip,clip01,random,0.967528760433197,0.23491185903549194,0.04430341720581055,0.09626126289367676,0.9863455695517904,0.9995094823364361,0.9976874610426159,0.9437626543657385,0.9890154880915285,0.9763622864077313,0.13559246063232422,0.04215741157531738,0.09454238414764404,0.9954194682262927,0.9995558361789605,0.9977691738840884,-0.5582528710365295,0.7687234878540039,-0.008203805424273014,0.5166613520408163,0.996994006185901,
11,client_7,False,flip,clip01,random,0.7185377478599548,0.5183658003807068,0.08514904975891113,0.1278005838394165,0.9360655433027014,0.9981898710188992,0.9959292239854003,0.8820131699688629,0.9790479167950181,0.9687997364490284,0.1313990354537964,0.08109855651855469,0.11470770835876465,0.9956975075886507,0.9983577815029339,0.996718633378737,-0.9100247025489807,0.9164836406707764,-0.05442089959979057,0.6194196428571429,0.9279797455644351,
11,client_8,False,flip,clip01,random,0.9124522805213928,0.567939817905426,0.06687700748443604,0.19713711738586426,0.9239924571838576,0.998882803447593,0.9903545880002356,0.8718408586050654,0.9834881237179405,0.9524803026708173,0.27896106243133545,0.06387054920196533,0.16456925868988037,0.9808254713523616,0.9989809178034514,0.9932634701921186,-0.8938283324241638,0.7270947694778442,-0.0133054843172431,0.5776466836734694,0.8947065384330971,
11,client_9,False,flip,clip01,random,0.9140369892120361,0.3801537752151489,0.10908365249633789,0.10135793685913086,0.9648270847541791,0.9970318133942626,0.9974365811887012,0.9113370864628378,0.9732770567996365,0.9751342061977255,0.21095824241638184,0.10327959060668945,0.09720456600189209,0.988966320786749,0.9973386555733248,0.9976419965435075,-0.7200649976730347,0.8191455006599426,-0.01804962009191513,0.5672034438775511,0.8434805820108809,
11,client_0,True,flip,clip01,pretrained,-0.025652695447206497,0.15223312377929688,0.38131165504455566,0.40078043937683105,0.9942313492154824,0.9646182306828981,0.9610220838315993,0.9630015610417322,0.9110853592470842,0.9068684038131285,0.05064427852630615,0.4174766540527344,0.4386029839515686,0.999359097496975,0.9578125715688695,0.9535884500146783,-1.4077290296554565,1.2508946657180786,-0.005890796426683664,0.5087691326530612,0.013356521285909799,
11,client_1,True,flip,clip01,pretrained,,0.8799097537994385,0.2380281686782837,0.40845656394958496,0.8313541206630877,0.985984734249856,0.9595607693228281,0.811707728874349,0.9430488329985567,0.9052138217631729,1.1654119491577148,0.22402071952819824,0.44781792163848877,0.7310192575161885,0.9875707733644905,0.9516898299078866,,,,0.0,0.022439043287565595,
11,client_2,False,flip,clip01,pretrained,0.7619001269340515,0.2755732536315918,0.08865654468536377,0.05447721481323242,0.9812818469497822,0.9980378964513759,0.999258470923984,0.9345121795692826,0.978199019245463,0.9865185786537467,0.06427621841430664,0.08700227737426758,0.054244041442871094,0.9989679414920252,0.9981103333437742,0.9992648016313115,-0.7517786026000977,0.9252719879150391,-0.06141430139541626,0.6380739795918368,0.7122283617161157,
11,client_3,False,flip,clip01,pretrained,0.8627029657363892,0.07531332969665527,0.16810786724090576,0.10272276401519775,0.9985834822867221,0.9929721999497223,0.997367218676593,0.9814343029840913,0.959262156379896,0.9748057349350232,0.08069241046905518,0.1741102933883667,0.10232162475585938,0.9983741689439305,0.9924642647827373,0.997387700674361,-0.8992462158203125,0.8347551822662354,0.025052854791283607,0.44044961734693877,0.5431118477321436,
11,client_4,False,flip,clip01,pretrained,0.8113787174224854,0.1985992193222046,0.0582280158996582,0.09680724143981934,0.9902120398006051,0.9991529130935208,0.9976612001092935,0.9521406317119965,0.9856004226079829,0.9762306179437423,0.20002257823944092,0.05630385875701904,0.101936936378479,0.9900722869311114,0.9992079397068296,0.9974072680089345,-0.7044084668159485,0.8767864108085632,-0.06726939976215363,0.6541772959183674,0.65904491913593,
11,client_5,False,flip,clip01,pretrained,0.8871408104896545,0.11618971824645996,0.09627819061279297,0.06469094753265381,0.9966335115139064,0.9976866490545706,0.9989545907115345,0.9715735467820921,0.9763582037099114,0.984021371875196,0.20344722270965576,0.09347355365753174,0.06647813320159912,0.9897320716484364,0.9978192470354326,0.9988960792850732,-0.7937332987785339,1.0873582363128662,0.013497423380613327,0.48788265306122447,0.826895201385976,
11,client_6,False,flip,clip01,pretrained,0.967528760433197,0.17564857006072998,0.03516793251037598,0.095306396484375,0.992331289406374,0.9996908758177698,0.9977330344404449,0.9574935288998412,0.9912656587534041,0.9765926265705154,0.09133052825927734,0.035964250564575195,0.09413743019104004,0.9979179406074079,0.9996767215734417,0.9977882119304462,-0.5582528710365295,0.7687234878540039,-0.008203805424273014,0.5166613520408163,0.996994006185901,
11,client_7,False,flip,clip01,pretrained,0.7185377478599548,0.3794233798980713,0.09057414531707764,0.1406797170639038,0.9649585388658175,0.9979522315153004,0.9950706047022324,0.9114959308693884,0.9777353811699483,0.9657368281943286,0.08053672313690186,0.08211898803710938,0.12776947021484375,0.9983804290086495,0.9983162472462179,0.9959311997889433,-0.9100247025489807,0.9164836406707764,-0.05442089959979057,0.6194196428571429,0.9279797455644351,
11,client_8,False,flip,clip01,pretrained,0.9124522805213928,0.6180365085601807,0.04571199417114258,0.1694120168685913,0.9109424693140662,0.9994778080008122,0.9928633229461341,0.8617399830525956,0.9886692221377595,0.958955924950796,0.2526528835296631,0.047121644020080566,0.15054428577423096,0.9842306535309449,0.999445118694414,0.9943580921660278,-0.8938283324241638,0.7270947694778442,-0.0133054843172431,0.5776466836734694,0.8947065384330971,
11,client_9,False,flip,clip01,pretrained,0.9140369892120361,0.1415247917175293,0.04489278793334961,0.08220767974853516,0.9950114267085199,0.999496349726541,0.9983126128515667,0.9655363616233814,0.9888705828390332,0.9797606513936623,0.0992351770401001,0.044769287109375,0.07817625999450684,0.9975426333166264,0.9994991159761566,0.9984738671586664,-0.7200649976730347,0.8191455006599426,-0.01804962009191513,0.5672034438775511,0.8434805820108809,
11,client_0,True,flip_global,raw,random,0.8803605437278748,0.150412917137146,0.24110662937164307,0.37809085845947266,0.9943678927854525,0.9856238107816424,0.9651977793002295,0.963431721900839,0.9423444778477221,0.9117858314318326,0.17887037992477417,0.24787038564682007,0.39532774686813354,0.9920490802620578,0.9848152485788044,0.9620452648582931,-0.8058437705039978,0.8259183764457703,-0.0033160997554659843,0.5036670918367347,0.013356521285909799,
11,client_1,True,flip_global,raw,random,0.8710314035415649,0.10894310474395752,0.37318742275238037,0.26970577239990234,0.997039440146334,0.9660716494025345,0.9820598038133206,0.9733107949899673,0.9128538084522668,0.9358385945833978,0.09253311157226562,0.38954055309295654,0.2784825563430786,0.9978628376071097,0.963117634803794,0.9808902502292218,-0.8075647950172424,0.8008059859275818,-0.002020346699282527,0.49728954081632654,0.022439043287565595,
11,client_2,False,flip_global,raw,random,0.868213951587677,0.1612858772277832,0.17652475833892822,0.07762491703033447,0.9935283012845815,0.9922550370527439,0.9984952933312281,0.9608664456527358,0.9572883418180553,0.9808726711420839,0.09517788887023926,0.17625558376312256,0.07587134838104248,0.9977391333400567,0.9922785020460734,0.9985624364494017,-0.9682406187057495,0.7705129384994507,-0.09030059725046158,0.6552136479591837,0.7122283617161157,
11,client_3,False,flip_global,raw,random,0.9064489006996155,0.1581021547317505,0.11758911609649658,0.17057323455810547,0.9937800958278478,0.9965521417777434,0.992765685742969,0.9616165235360816,0.9712386021291548,0.9586833793936493,0.07339644432067871,0.11436128616333008,0.16771602630615234,0.9986545996111531,0.9967383747460095,0.9930047519122243,-0.9116660356521606,1.0865238904953003,0.04023075848817825,0.43104272959183676,0.5431118477321436,
11,client_4,False,flip_global,raw,random,0.845336377620697,0.234277606010437,0.16302895545959473,0.05162215232849121,0.9864184509097138,0.9933883594021253,0.9993341210803968,0.9439080357254075,0.9604561525684834,0.9872183281130975,0.2179349660873413,0.16511917114257812,0.05050992965698242,0.9882310128555256,0.9932186040478255,0.9993624917282959,-0.808784544467926,0.8332207202911377,-0.08740422129631042,0.6616709183673469,0.65904491913593,
11,client_5,False,flip_global,raw,random,0.9507022500038147,0.09565091133117676,0.07015776634216309,0.07641482353210449,0.9977166436327671,0.9987706066895086,0.9985417904338425,0.9765095106638126,0.9826886578667706,0.9811666197659019,0.07966375350952148,0.0690300464630127,0.07609748840332031,0.9984153075557758,0.998809776713941,0.9985538634657245,-1.0567187070846558,0.9698392748832703,-0.010471954941749573,0.5511798469387755,0.826895201385976,
11,client_6,False,flip_global,raw,random,0.9703244566917419,0.21866846084594727,0.06990087032318115,0.10497748851776123,0.9881523654481437,0.9987795852935291,0.9972506142626476,0.9474965463755234,0.9827512239092466,0.9742634569523598,0.19284844398498535,0.06558990478515625,0.10557842254638672,0.990766810938355,0.9989253580258586,0.9972191128274819,-0.5531037449836731,0.7640268802642822,-0.010783995501697063,0.5345184948979592,0.996994006185901,
11,client_7,False,flip_global,raw,random,0.8582618236541748,0.20475316047668457,0.16191351413726807,0.30924391746520996,0.9896008613276182,0.9934780817765465,0.9765141209705246,0.9507129607470284,0.9607186795105749,0.9269548988615384,0.07864618301391602,0.16121578216552734,0.3085298538208008,0.9984554859538026,0.9935338979729713,0.9766205483702439,-0.9264394044876099,0.7343060374259949,-0.08141960203647614,0.6983418367346939,0.9279797455644351,
11,client_8,False,flip_global,raw,random,0.9595927000045776,0.7689296007156372,0.060422658920288086,0.5309679508209229,0.8671182355248939,0.9990878999980277,0.9330790319533202,0.8323605974769466,0.9850637920168104,0.8794103819792971,0.7394444346427917,0.058159708976745605,0.54124516248703,0.876161378619059,0.9991548980934102,0.9306013218907285,-0.6596418619155884,0.7443852424621582,-0.012522168457508087,0.5701530612244898,0.8947065384330971,
11,client_9,False,flip_global,raw,random,0.9607042670249939,0.3326011896133423,0.10351431369781494,0.13668370246887207,0.9729075223251686,0.99732656926941,0.9953457023574714,0.9217663002314589,0.9746153097530352,0.9666856002689213,0.30449891090393066,0.10001552104949951,0.13656973838806152,0.9772170465721381,0.9975039066205358,0.9953534333784457,-0.6679925918579102,0.7903715372085571,-0.021487204357981682,0.5732621173469388,0.8434805820108809,
11,client_0,True,flip_global,raw,pretrained,0.8803605437278748,0.19077008962631226,0.21033871173858643,0.20290648937225342,0.9909634093779018,0.9890304983453897,0.9897861620855075,0.9539615956058485,0.9494199352665276,0.9511410374294087,0.07157444953918457,0.20725810527801514,0.20001506805419922,0.9987205037045215,0.9893469088039104,0.9900730268617843,-0.8058437705039978,0.8259183764457703,-0.0033160997554659843,0.5036670918367347,0.013356521285909799,0.4761502742767334
11,client_1,True,flip_global,raw,pretrained,0.8710314035415649,0.09030508995056152,0.21135616302490234,0.22828102111816406,0.997964360904303,0.9889250037062469,0.9870981629798941,0.9778004135621241,0.9491846852516947,0.9452842180928047,0.025447487831115723,0.20492887496948242,0.2255803346633911,0.9998381259958529,0.9895831448418986,0.987398753487785,-0.8075647950172424,0.8008059859275818,-0.002020346699282527,0.49728954081632654,0.022439043287565595,0.5944863557815552
11,client_2,False,flip_global,raw,pretrained,0.868213951587677,0.32491207122802734,0.07935786247253418,0.08354532718658447,0.9741215444812394,0.9984274395920472,0.9982573256188911,0.9234695310811043,0.9804519446117577,0.9794364244089597,0.037665724754333496,0.0783689022064209,0.08315896987915039,0.9996454176194249,0.9984663451524076,0.9982733855951997,-0.9682406187057495,0.7705129384994507,-0.09030059725046158,0.6552136479591837,0.7122283617161157,0.7568901777267456
11,client_3,False,flip_global,raw,pretrained,0.9064489006996155,0.04834115505218506,0.16829204559326172,0.145757794380188,0.9994160390660205,0.9929568737482823,0.9947097506147338,0.9880233904514317,0.9592188999808393,0.9645331588677242,0.06920087337493896,0.18111497163772583,0.1568387746810913,0.9988038838863265,0.9918495100654376,0.9938786489645892,-0.9116660356521606,1.0865238904953003,0.04023075848817825,0.43104272959183676,0.5431118477321436,0.36245667934417725
11,client_4,False,flip_global,raw,pretrained,0.845336377620697,0.09451913833618164,0.05039966106414795,0.06713008880615234,0.9977702689324437,0.9993652708640104,0.9988743390329402,0.9767825963505936,0.9875181772001005,0.9834264173081391,0.10771000385284424,0.04964900016784668,0.0700157880783081,0.9971059358645886,0.9993840289089715,0.9987755729350518,-0.808784544467926,0.8332207202911377,-0.08740422129631042,0.6616709183673469,0.65904491913593,0.7347854375839233
11,client_5,False,flip_global,raw,pretrained,0.9507022500038147,0.03032839298248291,0.030098795890808105,0.045319199562072754,0.9997700867975341,0.99977355408715,0.9994867402001528,0.9924608046014642,0.9925175583356676,0.98876576328191,0.059114694595336914,0.031493425369262695,0.045937418937683105,0.9991269353239765,0.9997520871448677,0.9994726470541102,-1.0567187070846558,0.9698392748832703,-0.010471954941749573,0.5511798469387755,0.826895201385976,0.5396641492843628
11,client_6,False,flip_global,raw,pretrained,0.9703244566917419,0.18486762046813965,0.04847514629364014,0.07905876636505127,0.9915104357408777,0.9994127987802055,0.9984392572149483,0.955337902600732,0.9879904935634465,0.9805245401725646,0.06223106384277344,0.04918360710144043,0.0781259536743164,0.9990325262513597,0.9993955173875093,0.9984758284104731,-0.5531037449836731,0.7640268802642822,-0.010783995501697063,0.5345184948979592,0.996994006185901,0.7439259886741638
11,client_7,False,flip_global,raw,pretrained,0.8582618236541748,0.22340917587280273,0.13899219036102295,0.17692255973815918,0.9876379108775273,0.9951877320825704,0.9922202951255812,0.9464045005983184,0.966137326292219,0.9571952058943696,0.022385597229003906,0.1360701322555542,0.17069852352142334,0.9998747330292808,0.9953872502903318,0.9927551122309173,-0.9264394044876099,0.7343060374259949,-0.08141960203647614,0.6983418367346939,0.9279797455644351,0.6639764904975891
11,client_8,False,flip_global,raw,pretrained,0.9595927000045776,0.4834904670715332,0.02882230281829834,0.2108074426651001,0.9440260094541197,0.9997923510592961,0.9889819590288422,0.8892769891604395,0.9928331814078808,0.9493115467545412,0.2170572280883789,0.028878450393676758,0.20086169242858887,0.9883247913969091,0.9997915413727025,0.9899894446418303,-0.6596418619155884,0.7443852424621582,-0.012522168457508087,0.5701530612244898,0.8947065384330971,0.500461220741272
11,client_9,False,flip_global,raw,pretrained,0.9607042670249939,0.21136492490768433,0.04545938968658447,0.10265946388244629,0.9889240930913779,0.9994835610914656,0.9973704560374137,0.9491826597532793,0.9887313056993734,0.9748209656259446,0.11771237850189209,0.045644283294677734,0.0997474193572998,0.9965449283300774,0.9994793532448378,0.9975172458481059,-0.6679925918579102,0.7903715372085571,-0.021487204357981682,0.5732621173469388,0.8434805820108809,0.5591832399368286
11,client_0,True,flip_global,clip01,random,0.8803605437278748,0.12363564968109131,0.29060328006744385,0.24512267112731934,0.9961894817309287,0.9792171711601789,0.9851462970005087,0.9697933607880564,0.931127328230384,0.9414267912622671,0.17005813121795654,0.3029181957244873,0.2618299126625061,0.9928090770578444,0.9774489668227111,0.9830791268040173,-0.8058437705039978,0.8259183764457703,-0.0033160997554659843,0.5036670918367347,0.013356521285909799,
11,client_1,True,flip_global,clip01,random,0.8710314035415649,0.16868329048156738,0.44263923168182373,0.427005410194397,0.9929242622213357,0.9527609923499836,0.9559296830130555,0.9591270213531209,0.8979006870451842,0.901234347002374,0.1753675937652588,0.47656404972076416,0.4413459300994873,0.992355663540087,0.9455525557838642,0.953026835352887,-0.8075647950172424,0.8008059859275818,-0.002020346699282527,0.49728954081632654,0.022439043287565595,
11,client_2,False,flip_global,clip01,random,0.868213951587677,0.38775283098220825,0.08420133590698242,0.08809924125671387,0.9634460621731096,0.9982298872504676,0.9980624511090013,0.9096869332812614,0.9792774759500278,0.9783338261380365,0.02327120304107666,0.08290231227874756,0.08644413948059082,0.9998646265233102,0.998284013317541,0.9981344669662693,-0.9682406187057495,0.7705129384994507,-0.09030059725046158,0.6552136479591837,0.7122283617161157,
11,client_3,False,flip_global,clip01,random,0.9064489006996155,0.18500268459320068,0.08432042598724365,0.07539701461791992,0.9914981055281002,0.9982248832680674,0.9985803359456362,0.9553063757085363,0.9792486250217254,0.9814139621649498,0.13437879085540771,0.08294141292572021,0.0682532787322998,0.9955008249884092,0.998282396341402,0.9988363889774026,-0.9116660356521606,1.0865238904953003,0.04023075848817825,0.43104272959183676,0.5431118477321436,
11,client_4,False,flip_global,clip01,random,0.845336377620697,0.16949093341827393,0.06764984130859375,0.04364597797393799,0.9928567081735449,0.9988568557738395,0.9995239272040206,0.958937399022725,0.9832997092217963,0.9891771665610471,0.11983382701873779,0.06599283218383789,0.04493820667266846,0.9964196070480613,0.9989121249453838,0.9994953304951852,-0.808784544467926,0.8332207202911377,-0.08740422129631042,0.6616709183673469,0.65904491913593,
11,client_5,False,flip_global,clip01,random,0.9507022500038147,0.0680696964263916,0.04435992240905762,0.04630696773529053,0.9988426347107813,0.9995082307740486,0.9994641316484607,0.983197372552091,0.9890015940953849,0.988523016343029,0.05080366134643555,0.04358398914337158,0.04636740684509277,0.9993550591299913,0.9995252780610624,0.9994627324861698,-1.0567187070846558,0.9698392748832703,-0.010471954941749573,0.5511798469387755,0.826895201385976,
11,client_6,False,flip_global,clip01,random,0.9703244566917419,0.1470174789428711,0.04144167900085449,0.07049560546875,0.9946182865474742,0.999570785029614,0.9987587491427032,0.9642349214814507,0.9897195406683634,0.9826063875403879,0.057517051696777344,0.039962172508239746,0.06978976726531982,0.9991734599252862,0.9996008757075381,0.998783458218224,-0.5531037449836731,0.7640268802642822,-0.010783995501697063,0.5345184948979592,0.996994006185901,
11,client_7,False,flip_global,clip01,random,0.8582618236541748,0.33257657289505005,0.11795461177825928,0.1717921495437622,0.972911450656871,0.9965307307894267,0.9926624954211305,0.921771745582668,0.9711511496122898,0.9583974170558442,0.017696619033813477,0.11573219299316406,0.1680910587310791,0.9999217120157533,0.9966599057193335,0.9929735978335892,-0.9264394044876099,0.7343060374259949,-0.08141960203647614,0.6983418367346939,0.9279797455644351,
11,client_8,False,flip_global,clip01,random,0.9595927000045776,0.5316246747970581,0.053876280784606934,0.19147753715515137,0.9329218303687816,0.9992747313449462,0.9908967221538596,0.8792750628904302,0.9866658001785682,0.9537968366322425,0.12705373764038086,0.0528026819229126,0.18416976928710938,0.9959765196343533,0.9993033334179604,0.9915740038397973,-0.6596418619155884,0.7443852424621582,-0.012522168457508087,0.5701530612244898,0.8947065384330971,
11,client_9,False,flip_global,clip01,random,0.9607042670249939,0.46309661865234375,0.06405723094940186,0.10661697387695312,0.9484679239080971,0.9989749565091377,0.9971642508045668,0.8935664592930843,0.9841760362317797,0.9738694328925777,0.19602549076080322,0.06239879131317139,0.10455429553985596,0.9904622820314835,0.9990273078914786,0.9972726913598544,-0.6679925918579102,0.7903715372085571,-0.021487204357981682,0.5732621173469388,0.8434805820108809,
11,client_0,True,flip_global,clip01,pretrained,0.8803605437278748,0.1529167890548706,0.21431660652160645,0.18514704704284668,0.994179646821489,0.9886152516096789,0.9914849167551443,0.9628400681683336,0.9485006843031774,0.9552726801142235,0.045957207679748535,0.2092353105545044,0.18068647384643555,0.9994721927940724,0.9891443482691546,0.9918877960140815,-0.8058437705039978,0.8259183764457703,-0.0033160997554659843,0.5036670918367347,0.013356521285909799,
11,client_1,True,flip_global,clip01,pretrained,0.8710314035415649,0.12542498111724854,0.20303547382354736,0.18341386318206787,0.9960787142116125,0.989773272231889,0.9916425958418804,0.9693662942991155,0.9511111281460802,0.955677340023704,0.033147335052490234,0.19466960430145264,0.17981243133544922,0.9997253701240276,0.9905928390260585,0.9919656167208384,-0.8075647950172424,0.8008059859275818,-0.002020346699282527,0.49728954081632654,0.022439043287565595,
11,client_2,False,flip_global,clip01,pretrained,0.868213951587677,0.39526957273483276,0.08522212505340576,0.09169363975524902,0.9620561142498312,0.9981867669926134,0.997901378132217,0.9080590758782907,0.9790302195504821,0.9774648619487214,0.03373289108276367,0.08424663543701172,0.0926351547241211,0.9997155836988487,0.9982279846627535,0.9978581289710962,-0.9682406187057495,0.7705129384994507,-0.09030059725046158,0.6552136479591837,0.7122283617161157,
11,client_3,False,flip_global,clip01,pretrained,0.9064489006996155,0.04166460037231445,0.18300509452819824,0.14928603172302246,0.9995661564858369,0.9916795735225381,0.9944516173132245,0.9896646699435243,0.9557728159516576,0.9636981780792646,0.06313085556030273,0.19474685192108154,0.15986722707748413,0.9990043678572083,0.9905854245789083,0.9936411078389566,-0.9116660356521606,1.0865238904953003,0.04023075848817825,0.43104272959183676,0.5431118477321436,
11,client_4,False,flip_global,clip01,pretrained,0.845336377620697,0.09751760959625244,0.06570398807525635,0.07028114795684814,0.9976268114556581,0.9989216194611945,0.998766282794658,0.9760593450978061,0.9837742057751857,0.9826586108717337,0.11594653129577637,0.06530129909515381,0.07324200868606567,0.9966475535774655,0.9989347868596234,0.9986602497637755,-0.808784544467926,0.8332207202911377,-0.08740422129631042,0.6616709183673469,0.65904491913593,
11,client_5,False,flip_global,clip01,pretrained,0.9507022500038147,0.027768969535827637,0.021920442581176758,0.04831242561340332,0.9998072489519907,0.9998798843711822,0.9994167326591674,0.9930937398610336,0.9945423324192888,0.9880304441796697,0.05878615379333496,0.022570490837097168,0.04894673824310303,0.9991366065247054,0.9998726553996367,0.9994013231502881,-1.0567187070846558,0.9698392748832703,-0.010471954941749573,0.5511798469387755,0.826895201385976,
11,client_6,False,flip_global,clip01,pretrained,0.9703244566917419,0.15407931804656982,0.04481065273284912,0.09923124313354492,0.9940912076597919,0.999498190290218,0.9975428277846861,0.9625655532628865,0.9888907750463538,0.9756463662330845,0.059839725494384766,0.045366644859313965,0.09887814521789551,0.9991054024955099,0.9994856653748447,0.997560251596395,-0.5531037449836731,0.7640268802642822,-0.010783995501697063,0.5345184948979592,0.996994006185901,
11,client_7,False,flip_global,clip01,pretrained,0.8582618236541748,0.2803056240081787,0.15954279899597168,0.21474182605743408,0.9806428874691617,0.993666767994567,0.9885704189603504,0.933444428493154,0.9612770020692951,0.9484024995393485,0.020415782928466797,0.15849602222442627,0.21245908737182617,0.999895807094692,0.9937492125457512,0.9888100909810893,-0.9264394044876099,0.7343060374259949,-0.08141960203647614,0.6983418367346939,0.9279797455644351,
11,client_8,False,flip_global,clip01,pretrained,0.9595927000045776,0.4897160530090332,0.02786099910736084,0.24251103401184082,0.9426383491458818,0.9998059694227108,0.9854576823517207,0.8879737319745107,0.9930709708178549,0.942023411187471,0.23790371417999268,0.028292298316955566,0.23788714408874512,0.9859992320895772,0.9997999164941169,0.9860011618096713,-0.6596418619155884,0.7443852424621582,-0.012522168457508087,0.5701530612244898,0.8947065384330971,
11,client_9,False,flip_global,clip01,pretrained,0.9607042670249939,0.23514103889465332,0.05202913284301758,0.11889326572418213,0.9863191882607534,0.9993235856822735,0.9964754425380482,0.9437101308020299,0.9871185354342786,0.9709266111113048,0.12631642818450928,0.052073121070861816,0.11744236946105957,0.9960229427136811,0.999322442026213,0.9965607197951141,-0.6679925918579102,0.7903715372085571,-0.021487204357981682,0.5732621173469388,0.8434805820108809,
12,client_0,True,orig,raw,random,0.7967391610145569,0.09375166893005371,0.23662465810775757,0.40395450592041016,0.99780627217394,0.9861478097646195,0.9604207896135073,0.97696784440283,0.9433702204152792,0.9061836848015823,0.2029893398284912,0.2427954077720642,0.42186570167541504,0.9897778834704654,0.985423931166161,0.956949880426442,-0.850350558757782,0.8322329521179199,-0.006547156721353531,0.5149872448979592,0.007976676968921395,
12,client_1,True,orig,raw,random,0.7586182951927185,0.04209733009338379,0.2611527442932129,0.288246750831604,0.9995571008745239,0.9831654310320628,0.9795476948240915,0.9895581692134756,0.937777186529513,0.9316568126837874,0.07008993625640869,0.26977890729904175,0.3025619387626648,0.998772980562709,0.9820502044176447,0.9775010810161213,-0.9516026973724365,0.962236762046814,-0.0060141002759337425,0.5086096938775511,0.03327402054721952,
12,client_2,False,orig,raw,random,0.9645541906356812,0.07455408573150635,0.02610182762145996,0.0467984676361084,0.9986118689521915,0.9998296954045751,0.9994527006130696,0.9816188770252299,0.9935063432151321,0.9884022621128936,0.054696083068847656,0.025460243225097656,0.04609823226928711,0.999252503951686,0.9998379636982468,0.9994689498510028,-0.5928532481193542,1.0740766525268555,0.03715803101658821,0.3553890306122449,0.7291530739753174,
12,client_3,False,orig,raw,random,0.9499828219413757,0.039048075675964355,0.03221940994262695,0.04621171951293945,0.9996189208975239,0.9997405279111273,0.9994663329416169,0.9903089991785696,0.9919935523208057,0.9885464199781799,0.03274071216583252,0.0315096378326416,0.045813918113708496,0.9997320652956578,0.9997518318811573,0.9994754776609691,-0.7487784028053284,0.737296998500824,0.02274502068758011,0.4245057397959184,0.5831628455898454,
12,client_4,False,orig,raw,random,0.96944260597229,0.041620612144470215,0.02454984188079834,0.031284332275390625,0.999567071782721,0.9998493433411446,0.9997553675315782,0.9896754970138197,0.9938906776054819,0.9922245598443162,0.03367185592651367,0.024376869201660156,0.030985116958618164,0.9997166117756977,0.9998514586124652,0.9997600238319406,-0.6377131342887878,0.8596189022064209,0.027900418266654015,0.4377391581632653,0.7031886557796414,
12,client_5,False,orig,raw,random,0.9687185883522034,0.04785478115081787,0.04383087158203125,0.06691646575927734,0.9994277257223978,0.9995198866258503,0.9988814858451489,0.9881428164558326,0.9891316932316521,0.9834785025999855,0.030556440353393555,0.04318046569824219,0.06643986701965332,0.9997666168470569,0.999534024759321,0.9988973487473587,-0.5918457508087158,0.9572462439537048,0.020013857632875443,0.4689094387755102,0.8488993701327928,
12,client_6,False,orig,raw,random,0.9826304316520691,0.022002816200256348,0.05139362812042236,0.06589853763580322,0.9998789800053165,0.9993400006287205,0.9989152290396179,0.9945219077022458,0.9872743694795467,0.9837267493806305,0.017714262008666992,0.05033564567565918,0.06544947624206543,0.9999215558457919,0.9993668814837131,0.9989299510451966,-0.5100235939025879,0.7241604924201965,0.013377279974520206,0.4783960459183674,0.9945458307590898,
12,client_7,False,orig,raw,random,0.9751281142234802,0.06712758541107178,0.037548184394836426,0.04702615737915039,0.9988744229161077,0.9996476266151337,0.9994473642921531,0.983427027658679,0.9906786370278775,0.9883463296248016,0.03150463104248047,0.03713417053222656,0.04582703113555908,0.9997519107266077,0.9996553524571028,0.9994751774749329,-0.5127987861633301,0.8456084132194519,0.03400756046175957,0.47464923469387754,0.9116355634729942,
12,client_8,False,orig,raw,random,0.9698139429092407,0.0747079849243164,0.054291486740112305,0.04433155059814453,0.9986061381026341,0.9992635156769243,0.9995088593947772,0.9815814595499877,0.9865640762516985,0.9890085703690741,0.054557204246520996,0.05325937271118164,0.04436171054840088,0.9992562929520228,0.9992912367892075,0.9995081911416424,-0.827820897102356,0.8690161108970642,0.07566171139478683,0.35666454081632654,0.9403796930656992,
12,client_9,False,orig,raw,random,0.9761934280395508,0.08130574226379395,0.05505990982055664,0.04121804237365723,0.9983493903053968,0.9992425321762017,0.9995754035058564,0.9799793593416926,0.9863758569451284,0.9897745920360779,0.054245829582214355,0.05417144298553467,0.0412672758102417,0.9992647531860368,0.9992667671638398,0.9995743888942572,-0.7409209609031677,0.8860418200492859,0.07899757474660873,0.32955994897959184,0.8249669033525935,
12,client_0,True,orig,raw,pretrained,0.7967391610145569,0.12676453590393066,0.2047501802444458,0.2332761287689209,0.9959947604069719,0.9896011616837928,0.9865331447877099,0.969046762520025,0.9507136513611729,0.9441376595426589,0.04642081260681152,0.20150065422058105,0.23529481887817383,0.9994614946292057,0.9899261370008294,0.9863014725524668,-0.850350558757782,0.8322329521179199,-0.006547156721353531,0.5149872448979592,0.007976676968921395,0.5302407741546631
12,client_1,True,orig,raw,pretrained,0.7586182951927185,0.10591495037078857,0.22230350971221924,0.16296672821044922,0.9972013938862412,0.9877588463901732,0.9933933806565487,0.9740381237086662,0.946659026737533,0.9604707953499312,0.04799628257751465,0.22299396991729736,0.15785729885101318,0.9994243378757273,0.9876833930043385,0.9937992570497087,-0.9516026973724365,0.962236762046814,-0.0060141002759337425,0.5086096938775511,0.03327402054721952,0.5289106369018555
12,client_2,False,orig,raw,pretrained,0.9645541906356812,0.08760595321655273,0.02416837215423584,0.08643782138824463,0.9980840568309011,0.9998539884383575,0.9981347392735715,0.9784531715283851,0.9939851790784251,0.978735874809862,0.0849921703338623,0.02390289306640625,0.08689963817596436,0.9981965258557743,0.9998571782261536,0.9981147830041741,-0.5928532481193542,1.0740766525268555,0.03715803101658821,0.3553890306122449,0.7291530739753174,0.6066038608551025
12,client_3,False,orig,raw,pretrained,0.9499828219413757,0.03791189193725586,0.029069066047668457,0.04594898223876953,0.9996407689270266,0.999788780815906,0.9994723816367257,0.9905889848042246,0.9927721554946598,0.9886109820003945,0.02533113956451416,0.02820408344268799,0.045224905014038086,0.9998396026401895,0.9998011620766591,0.9994888730143237,-0.7487784028053284,0.737296998500824,0.02274502068758011,0.4245057397959184,0.5831628455898454,0.49998223781585693
12,client_4,False,orig,raw,pretrained,0.96944260597229,0.049352049827575684,0.015120625495910645,0.05283474922180176,0.9993913717585714,0.9999428441213671,0.9993024874265701,0.9877752409788556,0.9962305343160098,0.9869210408423876,0.05317974090576172,0.015025138854980469,0.0535658597946167,0.9992933535248516,0.9999435636895038,0.9992830604014458,-0.6377131342887878,0.8596189022064209,0.027900418266654015,0.4377391581632653,0.7031886557796414,0.4780240058898926
12,client_5,False,orig,raw,pretrained,0.9687185883522034,0.022735118865966797,0.06500065326690674,0.1064753532409668,0.9998707911151059,0.9989445649713558,0.9971717633442327,0.9943403593338607,0.9839457986139686,0.9739034597035929,0.017665624618530273,0.06494414806365967,0.10679638385772705,0.999921985991649,0.998946397707849,0.9971547194405526,-0.5918457508087158,0.9572462439537048,0.020013857632875443,0.4689094387755102,0.8488993701327928,0.5228449106216431
12,client_6,False,orig,raw,pretrained,0.9826304316520691,0.04301488399505615,0.06568467617034912,0.11222696304321289,0.9995375903683694,0.9989222527770092,0.9968586977139033,0.989332403476122,0.9837789167076956,0.9725229702864067,0.03592026233673096,0.06562614440917969,0.11296522617340088,0.9996775117086858,0.9989241711376733,0.9968173319270828,-0.5100235939025879,0.7241604924201965,0.013377279974520206,0.4783960459183674,0.9945458307590898,0.5986299514770508
12,client_7,False,orig,raw,pretrained,0.9751281142234802,0.04432535171508789,0.08588004112243652,0.14859366416931152,0.9995089966870261,0.9981587013799111,0.9945027512839866,0.9890100946067681,0.978870908231108,0.9638619458177624,0.04234647750854492,0.0862128734588623,0.1506890058517456,0.9995518446500964,0.9981444215442059,0.9943472857398419,-0.5127987861633301,0.8456084132194519,0.03400756046175957,0.47464923469387754,0.9116355634729942,0.5297155380249023
12,client_8,False,orig,raw,pretrained,0.9698139429092407,0.08397471904754639,0.08705556392669678,0.07491767406463623,0.9982393899129807,0.9981080211817772,0.9985983108239562,0.9793323799894624,0.9785863577093405,0.9815304813231138,0.08385276794433594,0.08775150775909424,0.07466137409210205,0.9982444931121621,0.998077694172874,0.9986078750244716,-0.827820897102356,0.8690161108970642,0.07566171139478683,0.35666454081632654,0.9403796930656992,0.4138624668121338
12,client_9,False,orig,raw,pretrained,0.9761934280395508,0.028079748153686523,0.11240577697753906,0.08702468872070312,0.9998029110737896,0.9968487032051669,0.998109361062373,0.9930168532432719,0.9724800988379154,0.9785938298650076,0.036046743392944336,0.11426687240600586,0.08898186683654785,0.999675237197549,0.9967437447970784,0.9980234916813251,-0.7409209609031677,0.8860418200492859,0.07899757474660873,0.32955994897959184,0.8249669033525935,0.43973636627197266
12,client_0,True,orig,clip01,random,0.7967391610145569,0.08438694477081299,0.27518975734710693,0.4023106098175049,0.9982220851888588,0.9813331767635463,0.9607327303889783,0.9792325106441617,0.9345987871669332,0.9065382137165996,0.14051413536071777,0.28511321544647217,0.42062538862228394,0.9950821589729197,0.9799832874835055,0.9571944666199521,-0.850350558757782,0.8322329521179199,-0.006547156721353531,0.5149872448979592,0.007976676968921395,
12,client_1,True,orig,clip01,random,0.7586182951927185,0.10341918468475342,0.2552274465560913,0.2942381501197815,0.997331470909351,0.9839115425137459,0.9787024058336575,0.9746381922363245,0.9391237310605836,0.930311502564489,0.16579848527908325,0.2603873610496521,0.3052530288696289,0.9931629778831821,0.983262722698371,0.9771060074270006,-0.9516026973724365,0.962236762046814,-0.0060141002759337425,0.5086096938775511,0.03327402054721952,
12,client_2,False,orig,clip01,random,0.9645541906356812,0.09130585193634033,0.029347777366638184,0.06614017486572266,0.9979190637898605,0.9997847117590004,0.9989072656955618,0.9775585558649211,0.9927032354097782,0.9836678116938447,0.07971787452697754,0.028591394424438477,0.06632089614868164,0.9984131562094105,0.9997956643614108,0.9989012908956121,-0.5928532481193542,1.0740766525268555,0.03715803101658821,0.3553890306122449,0.7291530739753174,
12,client_3,False,orig,clip01,random,0.9499828219413757,0.0349123477935791,0.03541076183319092,0.03128862380981445,0.9996953516187743,0.9996865931739793,0.999755300422716,0.991328722514192,0.9912057478740697,0.9922234994520449,0.02347433567047119,0.034752607345581055,0.030530214309692383,0.9998622531235144,0.9996981324311189,0.9997670172222932,-0.7487784028053284,0.737296998500824,0.02274502068758011,0.4245057397959184,0.5831628455898454,
12,client_4,False,orig,clip01,random,0.96944260597229,0.019252538681030273,0.02914905548095703,0.023156166076660156,0.9999073413783028,0.9997876169771218,0.9998659614694287,0.9952041853686122,0.9927523748726574,0.994235998183278,0.01643502712249756,0.028414487838745117,0.023164749145507812,0.9999324758906947,0.9997981847724617,0.9998658620955183,-0.6377131342887878,0.8596189022064209,0.027900418266654015,0.4377391581632653,0.7031886557796414,
12,client_5,False,orig,clip01,random,0.9687185883522034,0.023898959159851074,0.06295228004455566,0.08173036575317383,0.9998572252280891,0.9990099883167383,0.9983321261237907,0.9940519288664147,0.9844457969346441,0.9798763846160441,0.012242794036865234,0.0615687370300293,0.08031761646270752,0.9999625295516019,0.9990529958061798,0.998389218734409,-0.5918457508087158,0.9572462439537048,0.020013857632875443,0.4689094387755102,0.8488993701327928,
12,client_6,False,orig,clip01,random,0.9826304316520691,0.06941604614257812,0.10888803005218506,0.07207715511322021,0.998796440656164,0.9970424260887287,0.9987024849717141,0.9828693172733338,0.9733240160319485,0.9822213872169838,0.04748678207397461,0.1077415943145752,0.07123327255249023,0.9994364896533834,0.9971042416945,0.9987326611218781,-0.5100235939025879,0.7241604924201965,0.013377279974520206,0.4783960459183674,0.9945458307590898,
12,client_7,False,orig,clip01,random,0.9751281142234802,0.04414939880371094,0.05205488204956055,0.07230925559997559,0.9995128856798228,0.99932291634212,0.998694123286181,0.9890533609775607,0.9871122221711646,0.9821649055055932,0.03190171718597412,0.0506058931350708,0.07167923450469971,0.9997456186529765,0.999360068195603,0.9987167582071848,-0.5127987861633301,0.8456084132194519,0.03400756046175957,0.47464923469387754,0.9116355634729942,
12,client_8,False,orig,clip01,random,0.9698139429092407,0.06035804748535156,0.07163536548614502,0.052417755126953125,0.9990898482859365,0.9987183269522135,0.999313448456707,0.9850795844359377,0.982328910305206,0.9870232583696466,0.045639991760253906,0.07133626937866211,0.05111491680145264,0.9994794511057703,0.9987289970560158,0.9993471361698223,-0.827820897102356,0.8690161108970642,0.07566171139478683,0.35666454081632654,0.9403796930656992,
12,client_9,False,orig,clip01,random,0.9761934280395508,0.031052350997924805,0.04496026039123535,0.03762102127075195,0.9997589814507004,0.9994948352216604,0.9996462585674304,0.9922818824678672,0.9888539957992322,0.9906606821006114,0.024565696716308594,0.04454147815704346,0.03759598731994629,0.9998491487054697,0.9995041986223743,0.9996467290625575,-0.7409209609031677,0.8860418200492859,0.07899757474660873,0.32955994897959184,0.8249669033525935,
12,client_0,True,orig,clip01,pretrained,0.7967391610145569,0.08241748809814453,0.13451850414276123,0.13341808319091797,0.9983039998207168,0.9954914962413985,0.9955647130760239,0.9797097861391606,0.9672002672390296,0.967461994683801,0.03137850761413574,0.12683629989624023,0.1305750608444214,0.9997538927510037,0.9959902378795784,0.9957511268292221,-0.850350558757782,0.8322329521179199,-0.006547156721353531,0.5149872448979592,0.007976676968921395,
12,client_1,True,orig,clip01,pretrained,0.7586182951927185,0.1394280195236206,0.15408551692962646,0.0967099666595459,0.9951576155852517,0.9940907343174643,0.997665889710925,0.9660338677442142,0.9625640897987597,0.9762540748276158,0.05940365791320801,0.15031766891479492,0.09089171886444092,0.9991183847250757,0.9943749934190975,0.9979378687135261,-0.9516026973724365,0.962236762046814,-0.0060141002759337425,0.5086096938775511,0.03327402054721952,
12,client_2,False,orig,clip01,pretrained,0.9645541906356812,0.09137773513793945,0.028372526168823242,0.0935051441192627,0.9979157910701315,0.9997987803118829,0.9978177751791837,0.9775411870537634,0.9929444281437525,0.9770273605606976,0.0951082706451416,0.02826869487762451,0.09443557262420654,0.997742433968881,0.9998002501525287,0.9977742032817813,-0.5928532481193542,1.0740766525268555,0.03715803101658821,0.3553890306122449,0.7291530739753174,
12,client_3,False,orig,clip01,pretrained,0.9499828219413757,0.040204763412475586,0.034130096435546875,0.06336021423339844,0.9995960166933922,0.9997088477221969,0.9989971257700005,0.9900240827874456,0.991521775037681,0.9843461917037839,0.032013535499572754,0.033414483070373535,0.06301367282867432,0.9997438326131509,0.9997209265055653,0.999008057839794,-0.7487784028053284,0.737296998500824,0.02274502068758011,0.4245057397959184,0.5831628455898454,
12,client_4,False,orig,clip01,pretrained,0.96944260597229,0.05430293083190918,0.015679478645324707,0.05009102821350098,0.9992632053290453,0.9999385413203767,0.9993730172098794,0.9865612727143191,0.9960916248303062,0.9875938993716515,0.062220215797424316,0.01568126678466797,0.05095255374908447,0.999032863275034,0.9999385273023236,0.9993512751225948,-0.6377131342887878,0.8596189022064209,0.027900418266654015,0.4377391581632653,0.7031886557796414,
12,client_5,False,orig,clip01,pretrained,0.9687185883522034,0.025830626487731934,0.06500017642974854,0.12537801265716553,0.9998332155495413,0.9989445804441339,0.9960816418694953,0.9935734874964488,0.9839459149633334,0.969377500829371,0.02407848834991455,0.06535935401916504,0.12646913528442383,0.9998550723546407,0.9989328935180528,0.9960133497630648,-0.5918457508087158,0.9572462439537048,0.020013857632875443,0.4689094387755102,0.8488993701327928,
12,client_6,False,orig,clip01,pretrained,0.9826304316520691,0.043398261070251465,0.07057070732116699,0.14838266372680664,0.9995293139591022,0.9987561054925103,0.9945182879900349,0.9892380957711135,0.982588100199044,0.9639118626846832,0.04581582546234131,0.07110929489135742,0.1512514352798462,0.9994754340028764,0.9987370645766529,0.9943051915334056,-0.5100235939025879,0.7241604924201965,0.013377279974520206,0.4783960459183674,0.9945458307590898,
12,client_7,False,orig,clip01,pretrained,0.9751281142234802,0.04575347900390625,0.08972668647766113,0.15595173835754395,0.9994768601369641,0.9979903147095752,0.9939473806738512,0.9886590268124029,0.9779402393433079,0.9621236545755458,0.046627044677734375,0.09034872055053711,0.15924334526062012,0.9994567011579945,0.997962396412676,0.9936904074592972,-0.5127987861633301,0.8456084132194519,0.03400756046175957,0.47464923469387754,0.9116355634729942,
12,client_8,False,orig,clip01,pretrained,0.9698139429092407,0.08799886703491211,0.08083879947662354,0.08384227752685547,0.9980668572142113,0.998368271783098,0.9982449317524384,0.9783581087602493,0.9800926156025163,0.979364469655295,0.10482072830200195,0.0819476842880249,0.08441650867462158,0.9972588024300821,0.9983232558532626,0.9982208408936257,-0.827820897102356,0.8690161108970642,0.07566171139478683,0.35666454081632654,0.9403796930656992,
12,client_9,False,orig,clip01,pretrained,0.9761934280395508,0.03326892852783203,0.10888218879699707,0.10354053974151611,0.9997233520126472,0.9970427426918136,0.9973252171539824,0.9917343686876849,0.973325418279489,0.9746090014408273,0.04703807830810547,0.11091119050979614,0.10707014799118042,0.9994470841912975,0.9969317558905717,0.9971401447830155,-0.7409209609031677,0.8860418200492859,0.07899757474660873,0.32955994897959184,0.8249669033525935,
12,client_0,True,flip,raw,random,,0.5526617765426636,0.34577250480651855,0.5040789246559143,0.9278051704721291,0.970767495517719,0.9393812863640312,0.8749568881656098,0.9188596605234451,0.8849779823867197,0.9131805300712585,0.34873509407043457,0.5259628891944885,0.8201750502332199,0.9702756980802882,0.9342720184287225,,,,0.0,0.007976676968921395,
12,client_1,True,flip,raw,random,-0.015902629122138023,0.3696225881576538,0.22088104486465454,0.34577250480651855,0.9667005326605762,0.9879135825938061,0.970767495517719,0.9136314182029608,0.9469866317946471,0.9188596605234451,0.4683065414428711,0.2339991331100464,0.34873509407043457,0.9473484197135389,0.9864503902402715,0.9702756980802882,-1.0725704431533813,1.1325751543045044,0.003505921456962824,0.4950573979591837,0.03327402054721952,
12,client_2,False,flip,raw,random,0.8901934027671814,0.6070317029953003,0.09100234508514404,0.3376760482788086,0.913879230723506,0.9979328537222465,0.9720919847437712,0.8639436684689203,0.977631895953019,0.9206447466772456,0.59328293800354,0.08548009395599365,0.3525654077529907,0.9174935523846979,0.9981757880472191,0.9696341998924054,-0.5575471520423889,0.7939417958259583,-0.011807791888713837,0.5618622448979592,0.7291530739753174,
12,client_3,False,flip,raw,random,0.8128676414489746,0.12734770774841309,0.056589722633361816,0.10984158515930176,0.9959579360214927,0.9991998812901761,0.9969905165946058,0.9689077045687848,0.9860013014959568,0.9730951469310858,0.13724517822265625,0.05677473545074463,0.11146008968353271,0.995307520502593,0.9991946441332409,0.9969013820716626,-0.7198283672332764,0.7734558582305908,0.0016871507978066802,0.4721779336734694,0.5831628455898454,
12,client_4,False,flip,raw,random,0.9034727811813354,0.2963249683380127,0.021783947944641113,0.2215510606765747,0.9784041681891,0.9998813754578801,0.9878408172635158,0.9298436138942627,0.9945761779450661,0.9468323005583035,0.33039116859436035,0.021773338317871094,0.22758352756500244,0.9732591327091049,0.9998814909689708,0.9871761245228075,-0.6895781755447388,0.7536187171936035,-0.013317907229065895,0.5294164540816326,0.7031886557796414,
12,client_5,False,flip,raw,random,0.8817370533943176,0.11311042308807373,0.06139731407165527,0.06113088130950928,0.9968091647537143,0.9990582581439027,0.9990664080488127,0.9723111843700085,0.984825611503267,0.9848907121954373,0.0838080644607544,0.06025290489196777,0.05892586708068848,0.9982463619385382,0.9990930143032299,0.9991325003776816,-0.6986422538757324,1.052575707435608,-0.011006727814674377,0.5242346938775511,0.8488993701327928,
12,client_6,False,flip,raw,random,0.9565109610557556,0.08681118488311768,0.056346774101257324,0.12084805965423584,0.9981186134809625,0.9992067325334244,0.9963589104416941,0.9786455025981042,0.9860607701335944,0.9704592485595163,0.051040053367614746,0.05406677722930908,0.1174243688583374,0.9993490462184751,0.9992695962641702,0.9965617712833894,-0.8206051588058472,0.6867766976356506,-0.023107975721359253,0.5647321428571429,0.9945458307590898,
12,client_7,False,flip,raw,random,0.897256076335907,0.2749084234237671,0.04181492328643799,0.17618751525878906,0.9813707895592017,0.9995630213132836,0.9922844303012763,0.9346623304125345,0.9896276714594112,0.9573673100867568,0.24280595779418945,0.04069554805755615,0.17862987518310547,0.9854226782986426,0.9995860966240024,0.9920703198469536,-0.68306964635849,0.6373610496520996,-0.022740062326192856,0.5716677295918368,0.9116355634729942,
12,client_8,False,flip,raw,random,0.8133339881896973,0.3889625072479248,0.19323885440826416,0.0934985876083374,0.9632239760573917,0.9907296496348732,0.9978180806994144,0.9094246642096595,0.9533868253604634,0.9770289435115396,0.3559718132019043,0.1924048662185669,0.09161365032196045,0.9690583535750115,0.9908089443131045,0.9979050322702121,-0.7039246559143066,0.6961941123008728,-0.06057528033852577,0.5813137755102041,0.9403796930656992,
12,client_9,False,flip,raw,random,0.79635089635849,0.6393619775772095,0.3470953702926636,0.19873595237731934,0.9051434006151027,0.9705483686953156,0.9901986566804617,0.8574936858535696,0.9185684935405591,0.9521088756224736,0.6873151659965515,0.3530067205429077,0.19671106338500977,0.8916053567370024,0.9695598801452352,0.9903959338717727,-0.9270511269569397,0.8020673394203186,-0.0886634811758995,0.6470025510204082,0.8249669033525935,
12,client_0,True,flip,raw,pretrained,,0.8003486394882202,0.27280616760253906,0.45405280590057373,0.8572564823443685,0.981650699691879,0.9503861206581747,0.8264337291568575,0.9351373603330997,0.8954786417856013,1.3069474697113037,0.26708149909973145,0.4983710050582886,0.6794672891405114,0.9824026255280005,0.9406849071318168,,,,0.0,0.007976676968921395,0.6815427541732788
12,client_1,True,flip,raw,pretrained,-0.015902629122138023,0.8082209825515747,0.5239635705947876,0.27379465103149414,0.854750974557206,0.9347460456054988,0.9815193382981975,0.824958692311063,0.8808556016582267,0.9349139554384027,1.4159640073776245,0.5851283669471741,0.26708149909973145,0.6399719164800126,0.9196080536569087,0.9824026255280005,-1.0725704431533813,1.1325751543045044,0.003505921456962824,0.4950573979591837,0.03327402054721952,0.5460937023162842
12,client_2,False,flip,raw,pretrained,0.8901934027671814,0.27652841806411743,0.07698166370391846,0.06222271919250488,0.9811537079427375,0.9985201004956965,0.9990327855055399,0.9342965206855622,0.9810289099060538,0.9846239714216787,0.11871004104614258,0.07696282863616943,0.06150555610656738,0.9964862688306424,0.9985208237762373,0.9990549370350472,-0.5575471520423889,0.7939417958259583,-0.011807791888713837,0.5618622448979592,0.7291530739753174,0.7192601561546326
12,client_3,False,flip,raw,pretrained,0.8128676414489746,0.1290801763534546,0.07637310028076172,0.2042444944381714,0.9958475546360988,0.9985433806532373,0.9896520647898102,0.9684947722651982,0.9811767572847718,0.9508308456864383,0.1311187744140625,0.07565879821777344,0.21517574787139893,0.9957157826320244,0.9985704710803032,0.9885245803389369,-0.7198283672332764,0.7734558582305908,0.0016871507978066802,0.4721779336734694,0.5831628455898454,0.5668966770172119
12,client_4,False,flip,raw,pretrained,0.9034727811813354,0.14803171157836914,0.053911566734313965,0.05111992359161377,0.9945440817382518,0.9992737815307382,0.9993470083280347,0.9639948968532221,0.986657154639125,0.9873414967734846,0.15056371688842773,0.0559544563293457,0.04998648166656494,0.9943566418140717,0.9992177339627262,0.9993756304448969,-0.6895781755447388,0.7536187171936035,-0.013317907229065895,0.5294164540816326,0.7031886557796414,0.5512702465057373
12,client_5,False,flip,raw,pretrained,0.8817370533943176,0.13656914234161377,0.020377278327941895,0.16100633144378662,0.9953534737959409,0.9998961997135694,0.9935506071963651,0.9667128208698328,0.9949250796877043,0.960932270811558,0.1722489595413208,0.020369887351989746,0.16213321685791016,0.9926236379062412,0.9998962749921816,0.9934604573791737,-0.6986422538757324,1.052575707435608,-0.011006727814674377,0.5242346938775511,0.8488993701327928,0.6503704786300659
12,client_6,False,flip,raw,pretrained,0.9565109610557556,0.21550261974334717,0.028497695922851562,0.06721878051757812,0.9884899912627194,0.9997970012434425,0.9988713651603329,0.9482268675710228,0.992913467062758,0.9834047938273125,0.0504680871963501,0.028126835823059082,0.0682903528213501,0.9993635470113631,0.9998022496104566,0.9988351256292376,-0.8206051588058472,0.6867766976356506,-0.023107975721359253,0.5647321428571429,0.9945458307590898,0.6912673711776733
12,client_7,False,flip,raw,pretrained,0.897256076335907,0.3123694062232971,0.03578794002532959,0.06336796283721924,0.9760455953431537,0.9996798827142752,0.9989968806476459,0.9262580583032469,0.9911127011986052,0.9843442998747083,0.07538914680480957,0.0355762243270874,0.059470176696777344,0.9985806319036599,0.9996836581398416,0.9991164105059576,-0.68306964635849,0.6373610496520996,-0.022740062326192856,0.5716677295918368,0.9116355634729942,0.674999475479126
12,client_8,False,flip,raw,pretrained,0.8133339881896973,0.22949838638305664,0.05400586128234863,0.07256698608398438,0.9869615440980319,0.9992712403000972,0.9986848068748815,0.9450045957747182,0.9866340517452519,0.9821021924398643,0.17359209060668945,0.05163288116455078,0.07274103164672852,0.992508803092309,0.999333844405454,0.9986784968200964,-0.7039246559143066,0.6961941123008728,-0.06057528033852577,0.5813137755102041,0.9403796930656992,0.6093426942825317
12,client_9,False,flip,raw,pretrained,0.79635089635849,0.49589502811431885,0.07248663902282715,0.07884001731872559,0.9412466110940205,0.9986877147930835,0.9984478721145078,0.8866830761039521,0.9821217424917854,0.9805776392841541,0.16168725490570068,0.0678243637084961,0.07813727855682373,0.9934962076428837,0.9988509551118148,0.9984753870060494,-0.9270511269569397,0.8020673394203186,-0.0886634811758995,0.6470025510204082,0.8249669033525935,0.7223904132843018
12,client_0,True,flip,clip01,random,,0.6318413019180298,0.19726991653442383,0.739352285861969,0.9072045711082299,0.9903416829186911,0.8761893047923683,0.8589875803806293,0.9524494436698225,0.837998957616904,1.2291812896728516,0.18632960319519043,0.7065463066101074,0.7078127786376702,0.9913765025872832,0.8859922969836924,,,,0.0,0.007976676968921395,
12,client_1,True,flip,clip01,random,-0.015902629122138023,0.6253187656402588,0.639407753944397,0.19726991653442383,0.9089780711979563,0.9051308018655708,0.9903416829186911,0.8602863891369692,0.8574846049222908,0.9524494436698225,1.1733037233352661,0.6309128403663635,0.18632960319519043,0.728153204883863,0.9074578270238618,0.9913765025872832,-1.0725704431533813,1.1325751543045044,0.003505921456962824,0.4950573979591837,0.03327402054721952,
12,client_2,False,flip,clip01,random,0.8901934027671814,0.28518420457839966,0.07226693630218506,0.051695942878723145,0.9799734687946009,0.9986956498833885,0.9993322170117711,0.9323456077613461,0.982175203553878,0.9872002333549947,0.11022508144378662,0.07240414619445801,0.04783773422241211,0.9969695134165604,0.9986906970323495,0.9994281331883601,-0.5575471520423889,0.7939417958259583,-0.011807791888713837,0.5618622448979592,0.7291530739753174,
12,client_3,False,flip,clip01,random,0.8128676414489746,0.2064296007156372,0.15961778163909912,0.2743239998817444,0.9894312339191207,0.993660841897442,0.981448807696083,0.9503245959309439,0.9612593355883166,0.9347943515014967,0.2590792179107666,0.16930270195007324,0.2984735369682312,0.9834283794012963,0.9928724807251541,0.9780950473592203,-0.7198283672332764,0.7734558582305908,0.0016871507978066802,0.4721779336734694,0.5831628455898454,
12,client_4,False,flip,clip01,random,0.9034727811813354,0.23239684104919434,0.057091474533081055,0.07205760478973389,0.9866334562775907,0.9991856386145548,0.9987031880717048,0.9443393363516186,0.9858785003292794,0.9822261450157004,0.1708681583404541,0.05247640609741211,0.06806051731109619,0.9927407841367355,0.9993119120060487,0.9988429465574107,-0.6895781755447388,0.7536187171936035,-0.013317907229065895,0.5294164540816326,0.7031886557796414,
12,client_5,False,flip,clip01,random,0.8817370533943176,0.25791501998901367,0.05352330207824707,0.3369647264480591,0.9835751409183349,0.9992841985448808,0.9722069772189665,0.9385126106561066,0.9867522910380175,0.9208018264087208,0.41818898916244507,0.05363953113555908,0.39080554246902466,0.9576730924353851,0.9992810880361704,0.9628844295573649,-0.6986422538757324,1.052575707435608,-0.011006727814674377,0.5242346938775511,0.8488993701327928,
12,client_6,False,flip,clip01,random,0.9565109610557556,0.23768121004104614,0.031074047088623047,0.15690231323242188,0.9860251337390535,0.9997586445976125,0.9938737110141491,0.9431282671308838,0.9922765211485716,0.961899431705926,0.2027454376220703,0.029715299606323242,0.16177427768707275,0.9898022453871473,0.99977928678488,0.9934892390967609,-0.8206051588058472,0.6867766976356506,-0.023107975721359253,0.5647321428571429,0.9945458307590898,
12,client_7,False,flip,clip01,random,0.897256076335907,0.16210269927978516,0.0391690731048584,0.0759272575378418,0.9934629068789602,0.999616556235585,0.9985603192934074,0.9606741458699,0.9902791892186329,0.9812850937314104,0.10260820388793945,0.03679049015045166,0.0714421272277832,0.9973730761782833,0.9996617008179032,0.9987252257148977,-0.68306964635849,0.6373610496520996,-0.022740062326192856,0.5716677295918368,0.9116355634729942,
12,client_8,False,flip,clip01,random,0.8133339881896973,0.29752182960510254,0.10433328151702881,0.14250671863555908,0.9782322296955286,0.9972841860432631,0.9949422269036603,0.929575423502768,0.9744183472951902,0.9653035097741687,0.3359248638153076,0.09731078147888184,0.15342605113983154,0.9723746819379391,0.9976368496873744,0.9941409857979451,-0.7039246559143066,0.6961941123008728,-0.06057528033852577,0.5813137755102041,0.9403796930656992,
12,client_9,False,flip,clip01,random,0.79635089635849,0.5999772548675537,0.08307456970214844,0.2757328748703003,0.9157413894932638,0.9982768840588565,0.9812604622524559,0.8653607799567531,0.9795505110541547,0.9344761347664889,0.5236585140228271,0.07546257972717285,0.287864089012146,0.9348182457770693,0.9985778684327968,0.9796011282014883,-0.9270511269569397,0.8020673394203186,-0.0886634811758995,0.6470025510204082,0.8249669033525935,
12,client_0,True,flip,clip01,pretrained,,0.8051855564117432,0.20503497123718262,0.3995460271835327,0.855718643302267,0.9895724405145434,0.9612548011161046,0.8255269665715017,0.9506476596794007,0.9071349052492057,1.1405893564224243,0.19577229022979736,0.43069517612457275,0.7400180927414619,0.9904867293112161,0.9551906936220971,,,,0.0,0.007976676968921395,
12,client_1,True,flip,clip01,pretrained,-0.015902629122138023,0.8286409378051758,0.4564340114593506,0.2065567970275879,0.8481905209467351,0.9498841724718008,0.9894183091377438,0.8211511224861174,0.8949745731369942,0.9502951393131931,1.236424446105957,0.49566221237182617,0.19577229022979736,0.70517233585522,0.94129930999476,0.9904867293112161,-1.0725704431533813,1.1325751543045044,0.003505921456962824,0.4950573979591837,0.03327402054721952,
12,client_2,False,flip,clip01,pretrained,0.8901934027671814,0.3323709964752197,0.07830953598022461,0.0677863359451294,0.972944246083256,0.9984686651608352,0.9988522421344568,0.9218172220882812,0.9807064261733665,0.9832664378806331,0.13424396514892578,0.07805526256561279,0.06557941436767578,0.9955098183213489,0.9984785822638216,0.998925701476792,-0.5575471520423889,0.7939417958259583,-0.011807791888713837,0.5618622448979592,0.7291530739753174,
12,client_3,False,flip,clip01,pretrained,0.8128676414489746,0.12725770473480225,0.0887448787689209,0.22024023532867432,0.9959636301579464,0.9980339903397681,0.9879829773547666,0.9689291639283162,0.9781776545526828,0.9471342710400015,0.12472474575042725,0.0889972448348999,0.22636866569519043,0.9961222492209902,0.9980228094687285,0.9873113665911042,-0.7198283672332764,0.7734558582305908,0.0016871507978066802,0.4721779336734694,0.5831628455898454,
12,client_4,False,flip,clip01,pretrained,0.9034727811813354,0.13698244094848633,0.05106937885284424,0.05221390724182129,0.9953254065522901,0.9993482983475803,0.9993187752233734,0.9666146225137113,0.9873538938522297,0.9870732332684631,0.14377784729003906,0.05312752723693848,0.05041790008544922,0.9948519463101793,0.9992947397287679,0.9993648115983731,-0.6895781755447388,0.7536187171936035,-0.013317907229065895,0.5294164540816326,0.7031886557796414,
12,client_5,False,flip,clip01,pretrained,0.8817370533943176,0.10573124885559082,0.019615650177001953,0.15599274635314941,0.9972110731118458,0.9999038135064782,0.9939442116207833,0.9740822730030487,0.9951140659160624,0.9621139799345497,0.16742384433746338,0.019615650177001953,0.1534724235534668,0.9930289763617464,0.9999038135064782,0.9941374591275218,-0.6986422538757324,1.052575707435608,-0.011006727814674377,0.5242346938775511,0.8488993701327928,
12,client_6,False,flip,clip01,pretrained,0.9565109610557556,0.20079654455184937,0.025035977363586426,0.05601298809051514,0.9899958884679143,0.9998433183736479,0.9992160974739688,0.9516304981897448,0.9937702668243598,0.9861424826336955,0.0486067533493042,0.024091124534606934,0.05682480335235596,0.9994096074351477,0.9998549202177063,0.9991932239295296,-0.8206051588058472,0.6867766976356506,-0.023107975721359253,0.5647321428571429,0.9945458307590898,
12,client_7,False,flip,clip01,pretrained,0.897256076335907,0.18334424495697021,0.03112483024597168,0.06836450099945068,0.9916488992690635,0.9997578552201047,0.9988325968819758,0.9556935997117542,0.9922639722964066,0.9831255256069296,0.05798530578613281,0.030710577964782715,0.0631709098815918,0.999159955709751,0.9997642567897125,0.9990031050139065,-0.68306964635849,0.6373610496520996,-0.022740062326192856,0.5716677295918368,0.9116355634729942,
12,client_8,False,flip,clip01,pretrained,0.8133339881896973,0.21613597869873047,0.060337185859680176,0.07843291759490967,0.9884228259562009,0.9990904769017341,0.998463841495602,0.948080691651866,0.9850846835454012,0.980676470103081,0.18702244758605957,0.055689334869384766,0.07863938808441162,0.9913126717725804,0.9992251251136375,0.9984557525211619,-0.7039246559143066,0.6961941123008728,-0.06057528033852577,0.5813137755102041,0.9403796930656992,
12,client_9,False,flip,clip01,pretrained,0.79635089635849,0.5237767696380615,0.09139370918273926,0.07825183868408203,0.9347902612729999,0.997915063451505,0.9984709182712002,0.8808941934628427,0.9775373273808627,0.9807204350872194,0.1843928098678589,0.08436703681945801,0.07721555233001709,0.9915537122823459,0.9982229228369597,0.9985111043205259,-0.9270511269569397,0.8020673394203186,-0.0886634811758995,0.6470025510204082,0.8249669033525935,
12,client_0,True,flip_global,raw,random,0.9231340885162354,0.056348562240600586,0.24839580059051514,0.2496274709701538,0.9992066822146197,0.984751544740111,0.9846017067428599,0.9860603324154211,0.9406798573024717,0.9403990186126832,0.06914222240447998,0.2600768804550171,0.2573213577270508,0.9988059087401644,0.9833021121236658,0.9836497375090845,-0.7700353860855103,0.7088369131088257,0.008430524729192257,0.4765625,0.007976676968921395,
12,client_1,True,flip_global,raw,random,0.9172085523605347,0.18425369262695312,0.2429715394973755,0.4202076196670532,0.991566371556996,0.9854030078303486,0.9572767084223408,0.9554812263594246,0.9419181689537064,0.9026896832500406,0.20522475242614746,0.24926835298538208,0.4434128999710083,0.9895532796134432,0.9846454679952448,0.9526016435055933,-0.7068639397621155,0.7060180902481079,7.098046626197174e-05,0.49258609693877553,0.03327402054721952,
12,client_2,False,flip_global,raw,random,0.9699497818946838,0.40095269680023193,0.0660545825958252,0.21955430507659912,0.9609895587029369,0.9989100897785257,0.9880570430008766,0.9068312239460423,0.9836886878805429,0.9472923442042598,0.33303022384643555,0.06343650817871094,0.22135305404663086,0.9728390142516166,0.9989947109560859,0.9878623433640632,-0.6771256327629089,0.7164424061775208,-0.023535339161753654,0.5785235969387755,0.7291530739753174,
12,client_3,False,flip_global,raw,random,0.8526716828346252,0.07994115352630615,0.0776749849319458,0.13453376293182373,0.9984042653471632,0.9984933538349252,0.9954904768229014,0.9803103934540043,0.9808605117968183,0.9671966387899875,0.05221247673034668,0.07560336589813232,0.13266217708587646,0.9993188125310044,0.9985725627933724,0.9956146636968006,-0.709241509437561,0.8271770477294922,0.02428920567035675,0.44985650510204084,0.5831628455898454,
12,client_4,False,flip_global,raw,random,0.9533459544181824,0.3356066942214966,0.059709787368774414,0.22548186779022217,0.9724259001024083,0.9991092808065267,0.9874096479872871,0.9211018298658016,0.9852380541317678,0.9459276406119801,0.37111496925354004,0.05846095085144043,0.23223507404327393,0.9664379170032424,0.9991461265259083,0.986651871494701,-0.6956772804260254,0.7457044720649719,-0.021998658776283264,0.5596301020408163,0.7031886557796414,
12,client_5,False,flip_global,raw,random,0.9173945188522339,0.04125475883483887,0.04545152187347412,0.061113953590393066,0.9995746469610338,0.9994837397704992,0.9990669246562631,0.9897655534365719,0.9887332394955648,0.9848948485649978,0.031758904457092285,0.04442620277404785,0.06079840660095215,0.9997478906764052,0.999506760666582,0.9990765285375391,-0.8019927144050598,0.7466360926628113,-0.018290113657712936,0.5537308673469388,0.8488993701327928,
12,client_6,False,flip_global,raw,random,0.9597803354263306,0.04990875720977783,0.05229604244232178,0.09759342670440674,0.9993775697058556,0.999316631432905,0.9976231264346882,0.987638623124319,0.9870530967267572,0.976041067928217,0.024351835250854492,0.05019259452819824,0.09444224834442139,0.9998517635125843,0.9993704732496747,0.9977738891098733,-0.8414407968521118,0.6651186943054199,-0.0245341919362545,0.5741390306122449,0.9945458307590898,
12,client_7,False,flip_global,raw,random,0.9624974131584167,0.29999983310699463,0.08409273624420166,0.1954028606414795,0.9778741878059887,0.9982344443090354,0.9905223437946871,0.9290205268632423,0.9793037865675267,0.9528834359083704,0.25267350673675537,0.08243107795715332,0.195886492729187,0.9842281095731797,0.9983034411780058,0.9904757065131145,-0.6854774951934814,0.6226852536201477,-0.01954679563641548,0.5307716836734694,0.9116355634729942,
12,client_8,False,flip_global,raw,random,0.8852463364601135,0.38310420513153076,0.20450425148010254,0.08395159244537354,0.9642937790704191,0.9896259324808074,0.9982403582419475,0.9106958588379928,0.9507706434383241,0.9793379832917206,0.3246968984603882,0.20514929294586182,0.08218085765838623,0.9741551416479999,0.9895609002943688,0.998313712374578,-0.8265854120254517,0.6457099914550781,-0.0853501707315445,0.6252391581632653,0.9403796930656992,
12,client_9,False,flip_global,raw,random,0.8662439584732056,0.5061815977096558,0.26604175567626953,0.14693069458007812,0.9388980104731275,0.9825375744376212,0.9946246126855636,0.8845406938169411,0.936668326160967,0.9642554637236547,0.45792174339294434,0.26708221435546875,0.14486634731292725,0.9495694355497197,0.982402532522956,0.994774009406802,-0.868586540222168,0.7297715544700623,-0.10713192820549011,0.6149553571428571,0.8249669033525935,
12,client_0,True,flip_global,raw,pretrained,0.9231340885162354,0.09367036819458008,0.23648178577423096,0.21535849571228027,0.9978100690434222,0.9861643584447455,0.9885052484924117,0.9769874714704241,0.9434029457320559,0.9482601353707858,0.03549015522003174,0.2313089370727539,0.20807313919067383,0.9996851865710017,0.9867570640190486,0.9892636357467028,-0.7700353860855103,0.7088369131088257,0.008430524729192257,0.4765625,0.007976676968921395,0.5552877187728882
12,client_1,True,flip_global,raw,pretrained,0.9172085523605347,0.08774781227111816,0.20625734329223633,0.202439546585083,0.9980778558444894,0.9894487252007158,0.9898327588606459,0.9784188481165852,0.9503644901639245,0.951249325278178,0.024970054626464844,0.19772982597351074,0.1911686658859253,0.9998441423140998,0.990296924887488,0.9909258672964958,-0.7068639397621155,0.7060180902481079,7.098046626197174e-05,0.49258609693877553,0.03327402054721952,0.5876832008361816
12,client_2,False,flip_global,raw,pretrained,0.9699497818946838,0.3607333302497864,0.05138421058654785,0.09099793434143066,0.9682450251412096,0.9993402423676874,0.9979330537894431,0.9155748110284305,0.9872766790592511,0.9776329618360844,0.07565045356750488,0.05169856548309326,0.0898367166519165,0.9985707860594424,0.9993321492889458,0.9979853902624853,-0.6771256327629089,0.7164424061775208,-0.023535339161753654,0.5785235969387755,0.7291530739753174,0.7014623880386353
12,client_3,False,flip_global,raw,pretrained,0.8526716828346252,0.0869603157043457,0.12620186805725098,0.21980774402618408,0.9981121531159785,0.9960301317807965,0.9880297030118346,0.9786094091522595,0.9691809596801195,0.9472339343815046,0.12436825037002563,0.13164091110229492,0.23394131660461426,0.9961443207004925,0.9956817045857416,0.9864570169119276,-0.709241509437561,0.8271770477294922,0.02428920567035675,0.44985650510204084,0.5831628455898454,0.4953880310058594
12,client_4,False,flip_global,raw,pretrained,0.9533459544181824,0.11465466022491455,0.0475001335144043,0.07084453105926514,0.9967216602365605,0.9994361728683812,0.9987464429077595,0.9719411610908333,0.9882299115741411,0.9825214282983625,0.1393355131149292,0.04953455924987793,0.07055783271789551,0.995164015695182,0.9993868639578982,0.998756558888855,-0.6956772804260254,0.7457044720649719,-0.021998658776283264,0.5596301020408163,0.7031886557796414,0.5253462791442871
12,client_5,False,flip_global,raw,pretrained,0.9173945188522339,0.03766191005706787,0.021427392959594727,0.06139576435089111,0.9996454894192537,0.9998852265883984,0.9990583056504618,0.9906506028709798,0.994664598297057,0.9848259901463383,0.055266737937927246,0.021442413330078125,0.06451058387756348,0.9992368340178623,0.9998850656360383,0.9989604074187364,-0.8019927144050598,0.7466360926628113,-0.018290113657712936,0.5537308673469388,0.8488993701327928,0.6573716402053833
12,client_6,False,flip_global,raw,pretrained,0.9597803354263306,0.15327095985412598,0.04239463806152344,0.07892322540283203,0.994152773045448,0.999550825041934,0.9984445979661474,0.9627564232509676,0.9894850076038837,0.980557440857327,0.04013097286224365,0.04214644432067871,0.08062100410461426,0.9995974978016109,0.9995560671704804,0.9983770416310513,-0.8414407968521118,0.6651186943054199,-0.0245341919362545,0.5741390306122449,0.9945458307590898,0.6839759349822998
12,client_7,False,flip_global,raw,pretrained,0.9624974131584167,0.36697113513946533,0.03064119815826416,0.15667128562927246,0.9671647631179427,0.9997653205578743,0.9938916561043796,0.9142104355756375,0.992383490630868,0.9619539195847171,0.12067985534667969,0.03081655502319336,0.15278613567352295,0.9963690116034478,0.9997626272519644,0.9941895451173275,-0.6854774951934814,0.6226852536201477,-0.01954679563641548,0.5307716836734694,0.9116355634729942,0.6169629096984863
12,client_8,False,flip_global,raw,pretrained,0.8852463364601135,0.22618162631988525,0.11808037757873535,0.052278876304626465,0.9873321265346378,0.9965233481364681,0.9993170797599626,0.9457667301373658,0.9711210602377711,0.9870573051837919,0.1307978630065918,0.11433041095733643,0.05256974697113037,0.9957366610682212,0.9967401313444639,0.9993094632652553,-0.8265854120254517,0.6457099914550781,-0.0853501707315445,0.6252391581632653,0.9403796930656992,0.6205143928527832
12,client_9,False,flip_global,raw,pretrained,0.8662439584732056,0.460790753364563,0.1305156946182251,0.08687376976013184,0.9489600363794997,0.9957549771615695,0.9981159036392699,0.8940534162680096,0.9681528179776331,0.978630355225218,0.1623164415359497,0.1240987777709961,0.08827602863311768,0.9934457413080053,0.9961609629511927,0.9980546785693096,-0.868586540222168,0.7297715544700623,-0.10713192820549011,0.6149553571428571,0.8249669033525935,0.7304822206497192
12,client_0,True,flip_global,clip01,random,0.9231340885162354,0.18081331253051758,0.5204870700836182,0.3551539182662964,0.9918764722931859,0.9355668596941049,0.9691970752939887,0.9562849940838951,0.881574240865729,0.9167977762586608,0.2494303584098816,0.5513380765914917,0.3769526481628418,0.9846257338430391,0.9281317083365033,0.9654015368681337,-0.7700353860855103,0.7088369131088257,0.008430524729192257,0.4765625,0.007976676968921395,
12,client_1,True,flip_global,clip01,random,0.9172085523605347,0.16276824474334717,0.2831761837005615,0.5332669615745544,0.9934093841721372,0.9802503165823744,0.9325280366577435,0.9605175030142017,0.9327976460565208,0.8789368042911454,0.20113110542297363,0.3020576238632202,0.5740962028503418,0.9899627752704303,0.9775747557716064,0.922433537060817,-0.7068639397621155,0.7060180902481079,7.098046626197174e-05,0.49258609693877553,0.03327402054721952,
12,client_2,False,flip_global,clip01,random,0.9699497818946838,0.34702980518341064,0.049536705017089844,0.07211446762084961,0.9705592472214948,0.9993868108608042,0.9987011425523289,0.9185829213634946,0.9877299228343988,0.9822123068800739,0.06024050712585449,0.04912221431732178,0.06974315643310547,0.9990933872576395,0.9993970248383452,0.9987850811904386,-0.6771256327629089,0.7164424061775208,-0.023535339161753654,0.5785235969387755,0.7291530739753174,
12,client_3,False,flip_global,clip01,random,0.8526716828346252,0.11439657211303711,0.061281442642211914,0.13310587406158447,0.9967363666298201,0.9990618068751265,0.9955853779446551,0.9720029883068713,0.9848539229570077,0.9675362708154878,0.09992575645446777,0.059432029724121094,0.13731837272644043,0.9975083767576738,0.9991175429441284,0.9953025317103663,-0.709241509437561,0.8271770477294922,0.02428920567035675,0.44985650510204084,0.5831628455898454,
12,client_4,False,flip_global,clip01,random,0.9533459544181824,0.12172889709472656,0.032050371170043945,0.06142532825469971,0.9963057863500173,0.9997432428808519,0.9990573991653147,0.9702487636441006,0.9920353067566485,0.9848187668392623,0.055595993995666504,0.029417037963867188,0.05790257453918457,0.9992277189683194,0.9997836945667993,0.9991623495816191,-0.6956772804260254,0.7457044720649719,-0.021998658776283264,0.5596301020408163,0.7031886557796414,
12,client_5,False,flip_global,clip01,random,0.9173945188522339,0.10994923114776611,0.031734585762023926,0.0839993953704834,0.9969846284032022,0.9997482765502537,0.998238356403423,0.9730693151774636,0.992113316290067,0.9793264012612557,0.09133601188659668,0.030877232551574707,0.08311903476715088,0.9979176909703475,0.999761691729186,0.9982750413821928,-0.8019927144050598,0.7466360926628113,-0.018290113657712936,0.5537308673469388,0.8488993701327928,
12,client_6,False,flip_global,clip01,random,0.9597803354263306,0.15834474563598633,0.04467928409576416,0.05123293399810791,0.9937610831122767,0.9995011271274474,0.999344119431774,0.9615593387131129,0.9889230721416253,0.987313779621632,0.05580317974090576,0.04411876201629639,0.048023104667663574,0.9992219555960249,0.999513561249461,0.9994236945717669,-0.8414407968521118,0.6651186943054199,-0.0245341919362545,0.5741390306122449,0.9945458307590898,
12,client_7,False,flip_global,clip01,random,0.9624974131584167,0.40984439849853516,0.04333829879760742,0.1046609878540039,0.9592939670091252,0.9995306132727821,0.9972671337821399,0.9049151604307142,0.9892528451223324,0.9743395503824757,0.11142337322235107,0.038417696952819824,0.09963798522949219,0.9969034184455963,0.9996311222251197,0.9975226804593156,-0.6854774951934814,0.6226852536201477,-0.01954679563641548,0.5307716836734694,0.9116355634729942,
12,client_8,False,flip_global,clip01,random,0.8852463364601135,0.2657039165496826,0.12370991706848145,0.07754230499267578,0.9825813154425174,0.9961849155453117,0.9984984907784125,0.9367448869047659,0.9697756294909492,0.9808927345564198,0.13025009632110596,0.11257994174957275,0.07352197170257568,0.995772181979145,0.9968389534018742,0.9986499983576995,-0.8265854120254517,0.6457099914550781,-0.0853501707315445,0.6252391581632653,0.9403796930656992,
12,client_9,False,flip_global,clip01,random,0.8662439584732056,0.5883916616439819,0.10343444347381592,0.12374567985534668,0.9187645072332034,0.9973306849824186,0.9961827157731202,0.8676957377514307,0.9746345218087533,0.9697670913192813,0.251537561416626,0.09573698043823242,0.1202918291091919,0.9843679384826654,0.9977125395964686,0.9963922606362219,-0.868586540222168,0.7297715544700623,-0.10713192820549011,0.6149553571428571,0.8249669033525935,
12,client_0,True,flip_global,clip01,pretrained,0.9231340885162354,0.10048329830169678,0.21389126777648926,0.231154203414917,0.9974805475725788,0.9886600109705934,0.9867745996391999,0.9753447917488036,0.9485989118759945,0.9446244629299585,0.0304872989654541,0.20574712753295898,0.22394895553588867,0.9997676716407415,0.989500450325403,0.9875786610292463,-0.7700353860855103,0.7088369131088257,0.008430524729192257,0.4765625,0.007976676968921395,
12,client_1,True,flip_global,clip01,pretrained,0.9172085523605347,0.09575259685516357,0.18697023391723633,0.2019031047821045,0.9977117945653888,0.9913174901860025,0.9898861625604243,0.9764849805591638,0.9548472842705424,0.9513737533853917,0.030036211013793945,0.1785818338394165,0.18882620334625244,0.9997744946537439,0.992074559157438,0.9911454122275558,-0.7068639397621155,0.7060180902481079,7.098046626197174e-05,0.49258609693877553,0.03327402054721952,
12,client_2,False,flip_global,clip01,pretrained,0.9699497818946838,0.35920196771621704,0.05224716663360596,0.09658694267272949,0.9685076683719034,0.9993179075333971,0.9976718139731922,0.9159102296414277,0.9870650792099585,0.976283742098393,0.09173858165740967,0.052515387535095215,0.09496140480041504,0.9978993236717011,0.9993108898799579,0.9977493890712927,-0.6771256327629089,0.7164424061775208,-0.023535339161753654,0.5785235969387755,0.7291530739753174,
12,client_3,False,flip_global,clip01,pretrained,0.8526716828346252,0.0818411111831665,0.1403038501739502,0.23296773433685303,0.9983276087662714,0.9950968133226183,0.9865683686359916,0.9798495305991648,0.9658260105156127,0.9442083867023592,0.11657136678695679,0.14594155550003052,0.2519230842590332,0.9966114157067631,0.9946964562068146,0.9843205499327077,-0.709241509437561,0.8271770477294922,0.02428920567035675,0.44985650510204084,0.5831628455898454,
12,client_4,False,flip_global,clip01,pretrained,0.9533459544181824,0.10698330402374268,0.04854476451873779,0.08910465240478516,0.9971447721892233,0.9994111116809521,0.9980180412897699,0.9737814240085372,0.9879734018790409,0.9780906460762013,0.14651954174041748,0.05128896236419678,0.08910465240478516,0.9946545336820098,0.9993426848123168,0.9980180412897699,-0.6956772804260254,0.7457044720649719,-0.021998658776283264,0.5596301020408163,0.7031886557796414,
12,client_5,False,flip_global,clip01,pretrained,0.9173945188522339,0.032115817070007324,0.017496466636657715,0.04925251007080078,0.9997421934325057,0.9999234728064004,0.9993938232917279,0.9920191405867831,0.9956401919763223,0.9877996713568578,0.05215597152709961,0.017392635345458984,0.05148887634277344,0.9993202853665144,0.9999243783481846,0.9993375532142705,-0.8019927144050598,0.7466360926628113,-0.018290113657712936,0.5537308673469388,0.8488993701327928,
12,client_6,False,flip_global,clip01,pretrained,0.9597803354263306,0.15342187881469727,0.042875051498413086,0.07498610019683838,0.994141303056284,0.999540590843766,0.9985957518848405,0.9627207838659657,0.9893668045135817,0.981513846877651,0.04449737071990967,0.04227340221405029,0.07638812065124512,0.9995051797118577,0.9995533895184447,0.9985428082738701,-0.8414407968521118,0.6651186943054199,-0.0245341919362545,0.5741390306122449,0.9945458307590898,
12,client_7,False,flip_global,clip01,pretrained,0.9624974131584167,0.33390235900878906,0.03320896625518799,0.1797940731048584,0.9726995021072076,0.9997243481412943,0.9919672473046268,0.9214785433992909,0.9917491739207982,0.9565233115960159,0.1267712116241455,0.03338122367858887,0.17620491981506348,0.9959943398134254,0.9997214816694622,0.9922829147080594,-0.6854774951934814,0.6226852536201477,-0.01954679563641548,0.5307716836734694,0.9116355634729942,
12,client_8,False,flip_global,clip01,pretrained,0.8852463364601135,0.23975372314453125,0.13687682151794434,0.06130492687225342,0.9857829743875792,0.9953325871568461,0.9990610881765098,0.9426539268279472,0.9666397159094582,0.9848481848373412,0.1530778408050537,0.13344335556030273,0.06217789649963379,0.9941674341073969,0.9955630382285152,0.9990341774776637,-0.8265854120254517,0.6457099914550781,-0.0853501707315445,0.6252391581632653,0.9403796930656992,
12,client_9,False,flip_global,clip01,pretrained,0.8662439584732056,0.49800217151641846,0.16909551620483398,0.09726977348327637,0.9407687266076454,0.9928898216912692,0.9976388374627223,0.8862435852410833,0.9590302299589777,0.9761190943363123,0.18838715553283691,0.1640779972076416,0.09972965717315674,0.9911862683850761,0.9933034271149881,0.9975181283389571,-0.868586540222168,0.7297715544700623,-0.10713192820549011,0.6149553571428571,0.8249669033525935,
13,client_0,True,orig,raw,random,0.6799373626708984,0.1583106517791748,0.25596189498901367,0.23680514097213745,0.9937637568971582,0.9838199449439131,0.986126891023569,0.9615673751905462,0.9389566673286363,0.9433288827380244,0.20595067739486694,0.2666393518447876,0.24406003952026367,0.9894798295327607,0.9824600730056134,0.9852733791357875,-0.7600588798522949,0.785159170627594,0.00042249300167895854,0.4979272959183674,0.016394862416221144,
13,client_1,True,orig,raw,random,0.750754714012146,0.08076202869415283,0.1977139711380005,0.24444133043289185,0.9983713657573439,0.9902984695518606,0.9852278405133699,0.9801112381193431,0.9523462680633927,0.9415823865308874,0.11413311958312988,0.20891398191452026,0.253315806388855,0.9967513448513923,0.9891773943454585,0.9841487802708682,-1.0029317140579224,1.0104866027832031,0.006143270060420036,0.48716517857142855,-0.0030781238896855924,
13,client_2,False,orig,raw,random,0.9301386475563049,0.09601891040802002,0.04157519340515137,0.04002535343170166,0.9976990706489908,0.9995680158321465,0.9995996130436187,0.9764207408001189,0.9896866763704639,0.9900682671595085,0.08592724800109863,0.042380452156066895,0.037558674812316895,0.9981566793592989,0.9995511254923082,0.9996474297436904,-0.6838446259498596,0.8740995526313782,0.013098582625389099,0.43191964285714285,0.7494676469295131,
13,client_3,False,orig,raw,random,0.8938766717910767,0.06812179088592529,0.04144167900085449,0.039118051528930664,0.9988408640860604,0.999570785029614,0.9996175542451513,0.9831846760164618,0.9897195406683634,0.990291759165641,0.03871738910675049,0.039284348487854004,0.03703963756561279,0.9996253462525793,0.9996142966026575,0.999657104520776,-0.7634967565536499,1.1376605033874512,0.011745929718017578,0.5095663265306123,0.6093181496417491,
13,client_4,False,orig,raw,random,0.9010233879089355,0.0256577730178833,0.031407833099365234,0.027875542640686035,0.9998354399837626,0.9997534326111044,0.9998057668301568,0.9936162863052374,0.9921940447907587,0.9930673726728547,0.022166013717651367,0.03145420551300049,0.02705395221710205,0.999877178274023,0.9997527041149079,0.9998170460253555,-0.8012021780014038,0.918336033821106,0.03127242252230644,0.41446109693877553,0.7604336006904284,
13,client_5,False,orig,raw,random,0.9290657639503479,0.08050024509429932,0.037261128425598145,0.05124557018280029,0.9983818940222571,0.999652992414283,0.9993437960159739,0.9801747437386541,0.9907494035905695,0.9873106805190037,0.042487144470214844,0.035785794258117676,0.04913783073425293,0.9995488633400806,0.9996799210909844,0.9993966415679165,-0.6099092364311218,0.9048303961753845,0.016782701015472412,0.4919483418367347,0.861313791795901,
13,client_6,False,orig,raw,random,0.9457311034202576,0.1486217975616455,0.09187734127044678,0.07050669193267822,0.9945006780826384,0.9978929741443208,0.9987583590660147,0.9638552905288493,0.9774204822936894,0.9826036879483369,0.11831963062286377,0.09187734127044678,0.06633663177490234,0.9965092821091783,0.9978929741443208,0.998900769893339,-0.6143320798873901,0.8266320824623108,-0.030929001048207283,0.5665656887755102,0.9940931160453462,
13,client_7,False,orig,raw,random,0.9609395861625671,0.04053819179534912,0.040778160095214844,0.042687296867370605,0.9995892903072228,0.9995844149934607,0.9995446042703302,0.9899419752383825,0.9898828887847317,0.9894129979880353,0.01599276065826416,0.039348602294921875,0.04069924354553223,0.9999360609679473,0.9996130342179577,0.9995860214723211,-0.5865690112113953,1.1766703128814697,0.0771833062171936,0.36057079081632654,0.9206765035833445,
13,client_8,False,orig,raw,random,0.9403586387634277,0.057466983795166016,0.08174681663513184,0.06207835674285889,0.9991748973951258,0.9983314554695737,0.9990372651154937,0.9857866114071989,0.9798723954672481,0.9846592335796411,0.021007418632507324,0.07835161685943604,0.06016111373901367,0.9998896812191251,0.9984670208374626,0.9990957737858199,-0.6961684226989746,1.013939380645752,0.10310032218694687,0.2872289540816326,0.9319240692187554,
13,client_9,False,orig,raw,random,0.9505725502967834,0.05078423023223877,0.09751319885253906,0.0680609941482544,0.9993555521443169,0.997627025748286,0.9988429303586179,0.9874238364651655,0.9760604084080786,0.9831994935076591,0.020924925804138184,0.09544610977172852,0.06612002849578857,0.9998905458560106,0.9977263944527195,0.9989079307450461,-0.6966322064399719,1.0058010816574097,0.12306424230337143,0.2849968112244898,0.851496581346934,
13,client_0,True,orig,raw,pretrained,0.6799373626708984,0.09897470474243164,0.15485692024230957,0.19602394104003906,0.9975554929380732,0.9940316845244803,0.9904624317550781,0.9757081742668603,0.9623819990271889,0.9527390344250797,0.021978139877319336,0.1515026092529297,0.1900721788406372,0.9998792512781887,0.9942863429972737,0.9910289623128676,-0.7600588798522949,0.785159170627594,0.00042249300167895854,0.4979272959183674,0.016394862416221144,0.4885401725769043
13,client_1,True,orig,raw,pretrained,0.750754714012146,0.1419677734375,0.192743182182312,0.21140718460083008,0.9949802665890117,0.9907768178007932,0.9889197005657311,0.9654313035332645,0.9535021844926945,0.949172890603837,0.03694283962249756,0.19011878967285156,0.20897161960601807,0.9996588939403086,0.9910245915639768,0.989171470386798,-1.0029317140579224,1.0104866027832031,0.006143270060420036,0.48716517857142855,-0.0030781238896855924,0.6302943229675293
13,client_2,False,orig,raw,pretrained,0.9301386475563049,0.0333331823348999,0.033890485763549805,0.03292036056518555,0.9997222825976428,0.9997129205696154,0.9997291175106484,0.9917185042035699,0.9915809200588683,0.9918204379427613,0.027478575706481934,0.03312075138092041,0.032228708267211914,0.9998112586910062,0.9997258103550204,0.9997403781545693,-0.6838446259498596,0.8740995526313782,0.013098582625389099,0.43191964285714285,0.7494676469295131,0.5452719330787659
13,client_3,False,orig,raw,pretrained,0.8938766717910767,0.042183637619018555,0.027889251708984375,0.0393751859664917,0.9995552835645634,0.999805575765021,0.9996125113299885,0.9895369298026155,0.9930639809967061,0.990228412593984,0.03171491622924805,0.02794647216796875,0.03811788558959961,0.9997485884380397,0.9998047772619922,0.9996368556352566,-0.7634967565536499,1.1376605033874512,0.011745929718017578,0.5095663265306123,0.6093181496417491,0.34960341453552246
13,client_4,False,orig,raw,pretrained,0.9010233879089355,0.03145897388458252,0.03562819957733154,0.020241737365722656,0.9997526291443766,0.9996827333625404,0.9998975758858093,0.9921814091431929,0.9911521062184869,0.9949587081392,0.024428486824035645,0.03485262393951416,0.019711852073669434,0.9998508289489763,0.9996963928018598,0.9999028677985353,-0.8012021780014038,0.918336033821106,0.03127242252230644,0.41446109693877553,0.7604336006904284,0.40923047065734863
13,client_5,False,orig,raw,pretrained,0.9290657639503479,0.03657937049865723,0.07818198204040527,0.06720459461212158,0.9996655713190834,0.9984736439982922,0.9988718410829582,0.9909175045789342,0.9807373966948245,0.9834082523737515,0.03110814094543457,0.07982015609741211,0.06635701656341553,0.9997581147820389,0.9984090864783528,0.998900094775409,-0.6099092364311218,0.9048303961753845,0.016782701015472412,0.4919483418367347,0.861313791795901,0.43279051780700684
13,client_6,False,orig,raw,pretrained,0.9457311034202576,0.09100496768951416,0.11934316158294678,0.06770038604736328,0.9979327347588043,0.996448789223596,0.9988551483974724,0.9776312621855368,0.9708190176757852,0.9832873884582878,0.07527482509613037,0.11905467510223389,0.06720483303070068,0.9985849287934554,0.9964658915705786,0.9988718330850856,-0.6143320798873901,0.8266320824623108,-0.030929001048207283,0.5665656887755102,0.9940931160453462,0.5853849053382874
13,client_7,False,orig,raw,pretrained,0.9609395861625671,0.056983113288879395,0.12802207469940186,0.09071612358093262,0.9991887251635392,0.9959151449547712,0.997945816482906,0.9859050192366825,0.9687469384036465,0.9777010667382526,0.04584765434265137,0.12813198566436768,0.08945977687835693,0.9994747051906399,0.9959081495426017,0.9980022354364189,-0.5865690112113953,1.1766703128814697,0.0771833062171936,0.36057079081632654,0.9206765035833445,0.39441776275634766
13,client_8,False,orig,raw,pretrained,0.9403586387634277,0.031166672706604004,0.11787426471710205,0.07262957096099854,0.9997572038496445,0.996535443214301,0.9986825395819388,0.9922536329281195,0.9711703733199388,0.9820869646883774,0.030335545539855957,0.11911332607269287,0.0726844072341919,0.9997699783593756,0.9964624178809869,0.9986805514012527,-0.6961684226989746,1.013939380645752,0.10310032218694687,0.2872289540816326,0.9319240692187554,0.37747836112976074
13,client_9,False,orig,raw,pretrained,0.9505725502967834,0.06483280658721924,0.19885599613189697,0.08880317211151123,0.9989500043994215,0.9901868997018546,0.9980314105044081,0.9839867548659915,0.9520809969151027,0.9781635559690287,0.07025647163391113,0.20367461442947388,0.0894925594329834,0.9987671481791769,0.9897092836149746,0.9980007732022596,-0.6966322064399719,1.0058010816574097,0.12306424230337143,0.2849968112244898,0.851496581346934,0.24075937271118164
13,client_0,True,orig,clip01,random,0.6799373626708984,0.08390951156616211,0.2739073634147644,0.2140730619430542,0.9982421195207818,0.981504331244154,0.9886408908666537,0.9793481791146403,0.9348884866659561,0.9485569265276763,0.1207282543182373,0.2946820855140686,0.22468262910842896,0.9963661065293021,0.9786391258968801,0.9874979074250827,-0.7600588798522949,0.785159170627594,0.00042249300167895854,0.4979272959183674,0.016394862416221144,
13,client_1,True,orig,clip01,random,0.750754714012146,0.10792696475982666,0.3765784502029419,0.2155848741531372,0.9970942905085523,0.9654684040904089,0.9884812792460946,0.9735547694887878,0.9121150359765999,0.9482078817717354,0.1429731249809265,0.39037972688674927,0.2209388017654419,0.9949091925657321,0.9629630051025537,0.9879073184191802,-1.0029317140579224,1.0104866027832031,0.006143270060420036,0.48716517857142855,-0.0030781238896855924,
13,client_2,False,orig,clip01,random,0.9301386475563049,0.05249130725860596,0.03311944007873535,0.050499677658081055,0.9993115213744943,0.9997258320613172,0.9993627503684142,0.9870052274231216,0.9917712793691458,0.9874936402890808,0.03350567817687988,0.031929731369018555,0.048810720443725586,0.9997194014481332,0.9997451717772257,0.9994046443624116,-0.6838446259498596,0.8740995526313782,0.013098582625389099,0.43191964285714285,0.7494676469295131,
13,client_3,False,orig,clip01,random,0.8938766717910767,0.05348312854766846,0.04871249198913574,0.04553115367889404,0.9992852720985521,0.9994070371169008,0.9994819298967459,0.9867621355348006,0.9879322256190743,0.9887136673960815,0.026714682579040527,0.04784691333770752,0.043863654136657715,0.9998216053057718,0.9994279138016195,0.9995191684311298,-0.7634967565536499,1.1376605033874512,0.011745929718017578,0.5095663265306123,0.6093181496417491,
13,client_4,False,orig,clip01,random,0.9010233879089355,0.029834866523742676,0.046378135681152344,0.04051017761230469,0.9997775073190993,0.9994624839237392,0.9995898575837676,0.992582804625828,0.9885055300644752,0.9899488734058064,0.010846972465515137,0.043732643127441406,0.03857874870300293,0.9999705864459671,0.9995220353880836,0.9996280238444308,-0.8012021780014038,0.918336033821106,0.03127242252230644,0.41446109693877553,0.7604336006904284,
13,client_5,False,orig,clip01,random,0.9290657639503479,0.05872189998626709,0.0946575403213501,0.08036720752716064,0.9991384916682269,0.9977637452384891,0.9983872314160362,0.9854796206134258,0.9767491951611447,0.9802070194531969,0.019066929817199707,0.09333395957946777,0.07796859741210938,0.9999091192417962,0.9978257450581809,0.9984819550184167,-0.6099092364311218,0.9048303961753845,0.016782701015472412,0.4919483418367347,0.861313791795901,
13,client_6,False,orig,clip01,random,0.9457311034202576,0.0774538516998291,0.09989011287689209,0.13859319686889648,0.9985019105504225,0.9975101506473749,0.9952152216993928,0.980914217278883,0.9754876510633899,0.9662320552591819,0.028861522674560547,0.09597361087799072,0.1360917091369629,0.9997917856478569,0.9977012374449554,0.9953857923380223,-0.6143320798873901,0.8266320824623108,-0.030929001048207283,0.5665656887755102,0.9940931160453462,
13,client_7,False,orig,clip01,random,0.9609395861625671,0.03538334369659424,0.07146918773651123,0.06973767280578613,0.9996870782066603,0.9987242607505287,0.9987852720573198,0.9912125122078879,0.9823693593420024,0.9827909731456808,0.019399523735046387,0.06889677047729492,0.06707799434661865,0.9999059212583479,0.9988143641104887,0.99887608395912,-0.5865690112113953,1.1766703128814697,0.0771833062171936,0.36057079081632654,0.9206765035833445,
13,client_8,False,orig,clip01,random,0.9403586387634277,0.05623579025268555,0.08943819999694824,0.06563472747802734,0.9992098525360795,0.9980031975617611,0.9989238899368627,0.9860879384122603,0.9780099905439137,0.9837911013136251,0.039191603660583496,0.08718812465667725,0.06427967548370361,0.9996161151121747,0.9981022631195733,0.9989678305573342,-0.6961684226989746,1.013939380645752,0.10310032218694687,0.2872289540816326,0.9319240692187554,
13,client_9,False,orig,clip01,random,0.9505725502967834,0.0705406665802002,0.08798027038574219,0.049353837966918945,0.9987571632891143,0.9980676729989344,0.9993913276738802,0.9825954150742819,0.9783626077777186,0.9877748021180801,0.058481693267822266,0.0889047384262085,0.048541903495788574,0.9991455208844813,0.9980269115533595,0.9994111810614204,-0.6966322064399719,1.0058010816574097,0.12306424230337143,0.2849968112244898,0.851496581346934,
13,client_0,True,orig,clip01,pretrained,0.6799373626708984,0.0830998420715332,0.10773301124572754,0.1365739107131958,0.9982758368669729,0.9971047020460435,0.9953531504511106,0.9795443858655815,0.9736013480270862,0.9667116878353892,0.010598182678222656,0.1029198169708252,0.1285017728805542,0.9999719202223492,0.9973571281165421,0.9958845704700039,-0.7600588798522949,0.785159170627594,0.00042249300167895854,0.4979272959183674,0.016394862416221144,
13,client_1,True,orig,clip01,pretrained,0.750754714012146,0.17872774600982666,0.1334751844406128,0.15011143684387207,0.9920616799916562,0.9955609284233506,0.9943903526048452,0.9567727346169683,0.9674484109338335,0.96350299717616,0.04677724838256836,0.12845838069915771,0.14451169967651367,0.9994531966074964,0.9958873407999829,0.9947994658276222,-1.0029317140579224,1.0104866027832031,0.006143270060420036,0.48716517857142855,-0.0030781238896855924,
13,client_2,False,orig,clip01,pretrained,0.9301386475563049,0.03308463096618652,0.035501956939697266,0.033722877502441406,0.9997264079508881,0.9996849772126857,0.9997157524952709,0.9917798744967348,0.991183249609894,0.9916222952948905,0.028446435928344727,0.03500473499298096,0.03300511837005615,0.9997977307606196,0.9996937374977564,0.9997277211549591,-0.6838446259498596,0.8740995526313782,0.013098582625389099,0.43191964285714285,0.7494676469295131,
13,client_3,False,orig,clip01,pretrained,0.8938766717910767,0.048789381980895996,0.036272287368774414,0.04487776756286621,0.999405164556753,0.9996711614158973,0.9994966865687385,0.9879133503692927,0.9909932360174849,0.9888742754170776,0.03860437870025635,0.03635811805725098,0.04337918758392334,0.9996275295696959,0.9996696037069654,0.999529727454237,-0.7634967565536499,1.1376605033874512,0.011745929718017578,0.5095663265306123,0.6093181496417491,
13,client_4,False,orig,clip01,pretrained,0.9010233879089355,0.03241395950317383,0.028255701065063477,0.021060705184936523,0.9997373855435696,0.999800433714392,0.9998891208957736,0.9919454997035042,0.9929733264595595,0.9947555437320617,0.026546478271484375,0.027749300003051758,0.020638585090637207,0.9998238443994045,0.9998075218777229,0.9998935207055089,-0.8012021780014038,0.918336033821106,0.03127242252230644,0.41446109693877553,0.7604336006904284,
13,client_5,False,orig,clip01,pretrained,0.9290657639503479,0.041466712951660156,0.08789992332458496,0.05958294868469238,0.9995702664826984,0.9980711956370749,0.9991130584976757,0.9897133784877734,0.9783820461973332,0.9852690648144413,0.04207026958465576,0.09075677394866943,0.05904805660247803,0.9995576699010391,0.997943977930313,0.9991289012815618,-0.6099092364311218,0.9048303961753845,0.016782701015472412,0.4919483418367347,0.861313791795901,
13,client_6,False,orig,clip01,pretrained,0.9457311034202576,0.0869063138961792,0.15197551250457764,0.06287312507629395,0.9981144937541664,0.9942507720939524,0.9990124745511362,0.9786224787304016,0.9630624235740248,0.9844651259439212,0.08467602729797363,0.15271389484405518,0.06253838539123535,0.998209899583719,0.9941950145112013,0.9990229541433508,-0.6143320798873901,0.8266320824623108,-0.030929001048207283,0.5665656887755102,0.9940931160453462,
13,client_7,False,orig,clip01,pretrained,0.9609395861625671,0.056128859519958496,0.12274360656738281,0.08661234378814697,0.9992128527918982,0.9962441154327211,0.9981272101493086,0.9861141155714752,0.970006373626682,0.9786936303011082,0.047641754150390625,0.12329268455505371,0.08539247512817383,0.999432807211736,0.99621053310992,0.9981795207338,-0.5865690112113953,1.1766703128814697,0.0771833062171936,0.36057079081632654,0.9206765035833445,
13,client_8,False,orig,clip01,pretrained,0.9403586387634277,0.02991628646850586,0.12288105487823486,0.06650018692016602,0.9997762914921979,0.9962357228208312,0.9988953473325877,0.9925626760188462,0.9699735474790439,0.9835800110575059,0.03296840190887451,0.12478673458099365,0.06695723533630371,0.9997283264864694,0.9961184049718665,0.9988801236417106,-0.6961684226989746,1.013939380645752,0.10310032218694687,0.2872289540816326,0.9319240692187554,
13,client_9,False,orig,clip01,pretrained,0.9505725502967834,0.06818008422851562,0.2064908742904663,0.08373522758483887,0.9988388811688176,0.9894250086980028,0.9982494047561887,0.983170468971994,0.9503104057863505,0.9793904082704341,0.07564413547515869,0.21195697784423828,0.08484947681427002,0.9985710245206363,0.9888624770119088,0.9982025683253062,-0.6966322064399719,1.0058010816574097,0.12306424230337143,0.2849968112244898,0.851496581346934,
13,client_0,True,flip,raw,random,,0.0,0.20570707321166992,0.20570707321166992,1.0,0.9895045057375262,0.9895045057375262,1.0,0.9504919477036549,0.9504919477036549,0.0,0.20276546478271484,0.20276546478271484,1.0,0.9898002460650419,0.9898002460650419,,,,0.0,0.016394862416221144,
13,client_1,True,flip,raw,random,,0.3696225881576538,0.20570707321166992,0.21300184726715088,0.9667005326605762,0.9895045057375262,0.9887533291118098,0.9136314182029608,0.9504919477036549,0.9488043637338308,0.4402761459350586,0.20276546478271484,0.22337114810943604,0.9532462295823845,0.9898002460650419,0.987642079870233,,,,0.0,-0.0030781238896855924,
13,client_2,False,flip,raw,random,0.8509282469749451,0.22181975841522217,0.1109771728515625,0.13226914405822754,0.987811576393615,0.9969281125555183,0.9956405248292504,0.9467704194229496,0.9728226923743757,0.9677353753519453,0.13452553749084473,0.10769665241241455,0.1245795488357544,0.9954910263673558,0.9971066517431313,0.9961312462453258,-0.5733651518821716,1.0306838750839233,0.044645387679338455,0.41525829081632654,0.7494676469295131,
13,client_3,False,flip,raw,random,0.8067389726638794,0.10642850399017334,0.06151843070983887,0.11913728713989258,0.9971742463736835,0.9990545416251115,0.9964609982646857,0.9739147164405497,0.9847960197666865,0.970868250711761,0.0781247615814209,0.06049692630767822,0.12016093730926514,0.9984758748703919,0.999085657977355,0.9964000864617462,-0.7389909625053406,0.7312229871749878,0.020928608253598213,0.41015625,0.6093181496417491,
13,client_4,False,flip,raw,random,0.8251217007637024,0.0801612138748169,0.08474481105804443,0.065559983253479,0.9983954784345785,0.998206994059005,0.9989263374969393,0.9802569979006204,0.9791458232788894,0.9838093350252741,0.07705926895141602,0.08474481105804443,0.0655585527420044,0.9985171185381416,0.998206994059005,0.9989263843130838,-0.9250518083572388,0.8133610486984253,-0.003441093023866415,0.5090082908163265,0.7604336006904284,
13,client_5,False,flip,raw,random,0.8314926624298096,0.14899754524230957,0.09859144687652588,0.1633472442626953,0.9944729515423816,0.9975743535298915,0.9933626465923213,0.9637664095576934,0.9758005238934431,0.9603812608267872,0.13302099704742432,0.09894025325775146,0.1649925708770752,0.9955909876263151,0.9975571913094254,0.9932289460768624,-0.8667386770248413,0.8910691738128662,-0.0015531242825090885,0.517219387755102,0.861313791795901,
13,client_6,False,flip,raw,random,0.9681136012077332,0.2531321048736572,0.06662845611572266,0.1461855173110962,0.9841714885057369,0.9988910853421855,0.9946787810440003,0.9396006005473301,0.9835487312885749,0.9644318775320353,0.2184000015258789,0.0648956298828125,0.1426912546157837,0.9881811799940394,0.9989479701188009,0.9949291694125497,-0.5781192779541016,0.6769371032714844,0.0452067032456398,0.39516900510204084,0.9940931160453462,
13,client_7,False,flip,raw,random,0.8048722147941589,0.3474045991897583,0.13361632823944092,0.1324101686477661,0.9704970363770984,0.9955515666012218,0.9956312542801695,0.9185004512775852,0.9674148356284078,0.9677018134591509,0.25427961349487305,0.13031959533691406,0.1303335428237915,0.9840293823915474,0.9957676833428868,0.9957667802436443,-0.7531411647796631,0.9653897285461426,-0.016825607046484947,0.5578762755102041,0.9206765035833445,
13,client_8,False,flip,raw,random,0.7291609644889832,0.29702794551849365,0.26310980319976807,0.2504230737686157,0.9783032585019424,0.9829154272497116,0.9845045425428856,0.9296860780071303,0.9373330757446383,0.9402176766497541,0.21691513061523438,0.277667760848999,0.25207769870758057,0.9883399389138725,0.9810003138769272,0.9843015252652241,-0.9486976861953735,1.025501012802124,-0.047510068863630295,0.5095663265306123,0.9319240692187554,
13,client_9,False,flip,raw,random,0.64296555519104,0.5498129725456238,0.7957330346107483,0.42364704608917236,0.9285071724048459,0.8587191771125904,0.9565975096788504,0.8755397728754843,0.8273004081217734,0.9019528958672893,0.46457040309906006,0.8290501832962036,0.45382553339004517,0.9481523074755405,0.8480581550255704,0.950433912272133,-1.2963894605636597,0.6731494069099426,-0.12715740501880646,0.6598373724489796,0.851496581346934,
13,client_0,True,flip,raw,pretrained,,0.0,0.28633666038513184,0.28633666038513184,1.0,0.9798137484626037,0.9798137484626037,1.0,0.9320863199114728,0.9320863199114728,0.0,0.28633666038513184,0.28633666038513184,1.0,0.9798137484626037,0.9798137484626037,,,,0.0,0.016394862416221144,0.5782960653305054
13,client_1,True,flip,raw,pretrained,,0.8082209825515747,0.2884479761123657,0.593238115310669,0.854750974557206,0.9795195698047052,0.9175052348692712,0.824958692311063,0.931611582045847,0.8667178295856026,1.42781400680542,0.28633666038513184,0.6520624756813049,0.6357122553201897,0.9798137484626037,0.9016236302516414,,,,0.0,-0.0030781238896855924,0.7291488647460938
13,client_2,False,flip,raw,pretrained,0.8509282469749451,0.24512112140655518,0.30200207233428955,0.07332301139831543,0.9851464827186187,0.977582864221872,0.9986572876921136,0.9414271451224403,0.9285725314246713,0.9819182649157998,0.2546619176864624,0.3205109238624573,0.07238662242889404,0.9839819024167205,0.9748046550154716,0.9986913301071272,-0.5733651518821716,1.0306838750839233,0.044645387679338455,0.41525829081632654,0.7494676469295131,0.645524263381958
13,client_3,False,flip,raw,pretrained,0.8067389726638794,0.10219848155975342,0.05834376811981201,0.1000528335571289,0.9973939723620866,0.9991495440267868,0.9975020473436123,0.9749318936929163,0.9855721081023021,0.9754484592381747,0.07992112636566162,0.05427277088165283,0.09896266460418701,0.9984050638294142,0.9992640230843677,0.9975560865532576,-0.7389909625053406,0.7312229871749878,0.020928608253598213,0.41015625,0.6093181496417491,0.5196956396102905
13,client_4,False,flip,raw,pretrained,0.8251217007637024,0.09753692150115967,0.16753876209259033,0.04583847522735596,0.997625873088138,0.9930194536049577,0.9994749154242992,0.9760546895435751,0.9593958357709442,0.9886381386069305,0.11189770698547363,0.17303913831710815,0.046544551849365234,0.9968770597037153,0.9925561849236719,0.9994586210921688,-0.9250518083572388,0.8133610486984253,-0.003441093023866415,0.5090082908163265,0.7604336006904284,0.45126891136169434
13,client_5,False,flip,raw,pretrained,0.8314926624298096,0.06221938133239746,0.08101224899291992,0.053923726081848145,0.9990328891975055,0.9983612707446683,0.9992734540861412,0.9846247867102862,0.9800505433934303,0.9866541754593028,0.09792017936706543,0.08237552642822266,0.053273677825927734,0.9976072123877657,0.9983057241742777,0.9992908562024208,-0.8667386770248413,0.8910691738128662,-0.0015531242825090885,0.517219387755102,0.861313791795901,0.5823197960853577
13,client_6,False,flip,raw,pretrained,0.9681136012077332,0.07762598991394043,0.0923992395401001,0.04738211631774902,0.9984952517836456,0.9978690071216669,0.9994389699412527,0.9808724105823132,0.9772944156492103,0.9882588970419852,0.1096576452255249,0.09383821487426758,0.045484304428100586,0.997000564805961,0.9978022267493061,0.999482995070808,-0.5781192779541016,0.6769371032714844,0.0452067032456398,0.39516900510204084,0.9940931160453462,0.5688936710357666
13,client_7,False,flip,raw,pretrained,0.8048722147941589,0.3088202476501465,0.06323134899139404,0.05332612991333008,0.9765772942922131,0.9990011979619413,0.9992894598449402,0.927049418475494,0.9843776550765926,0.986800609358619,0.09565544128417969,0.05693399906158447,0.05132412910461426,0.9977164277222512,0.9991901222009225,0.9993417835602896,-0.7531411647796631,0.9653897285461426,-0.016825607046484947,0.5578762755102041,0.9206765035833445,0.5759174823760986
13,client_8,False,flip,raw,pretrained,0.7291609644889832,0.4019700288772583,0.10125911235809326,0.09558165073394775,0.9607972179100976,0.997441567852857,0.9977199435263182,0.9066116908177506,0.97515799661938,0.9765262192717648,0.09911954402923584,0.09515976905822754,0.08923995494842529,0.9975483463055583,0.9977399926387511,0.9980120266235115,-0.9486976861953735,1.025501012802124,-0.047510068863630295,0.5095663265306123,0.9319240692187554,0.5602092742919922
13,client_9,False,flip,raw,pretrained,0.64296555519104,0.5116913318634033,0.14062261581420898,0.11332070827484131,0.9376239122600485,0.9950745907347729,0.9967973180131884,0.8833963893311332,0.9657503758695039,0.972260784323854,0.09903085231781006,0.12678277492523193,0.104209303855896,0.997552723746371,0.995993611233539,0.9972906234154892,-1.2963894605636597,0.6731494069099426,-0.12715740501880646,0.6598373724489796,0.851496581346934,0.6148284673690796
13,client_0,True,flip,clip01,random,,0.0,0.22202622890472412,0.22202622890472412,1.0,0.9877890841700958,0.9877890841700958,1.0,0.9467228733634989,0.9467228733634989,0.0,0.21616673469543457,0.21616673469543457,1.0,0.9884195595562479,0.9884195595562479,,,,0.0,0.016394862416221144,
13,client_1,True,flip,clip01,random,,0.6253187656402588,0.22202622890472412,0.6838729977607727,0.9089780711979563,0.9877890841700958,0.892599238006077,0.8602863891369692,0.9467228733634989,0.8487318590274164,1.171823501586914,0.21616673469543457,0.6721553802490234,0.7286909415184215,0.9884195595562479,0.8959574380980233,,,,0.0,-0.0030781238896855924,
13,client_2,False,flip,clip01,random,0.8509282469749451,0.07548069953918457,0.0963590145111084,0.07557237148284912,0.998577186125309,0.997682770142928,0.9985737316879786,0.981393621978571,0.976338710618708,0.9813713412185545,0.1196364164352417,0.09908533096313477,0.07485055923461914,0.9964313622230028,0.9975500353759641,0.998600818464294,-0.5733651518821716,1.0306838750839233,0.044645387679338455,0.41525829081632654,0.7494676469295131,
13,client_3,False,flip,clip01,random,0.8067389726638794,0.14875030517578125,0.0987628698348999,0.1498432159423828,0.9944912032121398,0.9975659265739802,0.9944102974087952,0.9638248914003615,0.9757592162798596,0.9635664160004338,0.10516047477722168,0.09139585494995117,0.1515876054763794,0.9972410408613077,0.9979149657020603,0.9942799577706691,-0.7389909625053406,0.7312229871749878,0.020928608253598213,0.41015625,0.6093181496417491,
13,client_4,False,flip,clip01,random,0.8251217007637024,0.23221182823181152,0.2288886308670044,0.04332435131072998,0.9866545167378353,0.9870300612230296,0.9995309152416576,0.9443817798479155,0.9451446378267792,0.9892562759332411,0.27358919382095337,0.2518494725227356,0.04002714157104492,0.9815466788264025,0.984329603644208,0.9995995772788562,-0.9250518083572388,0.8133610486984253,-0.003441093023866415,0.5090082908163265,0.7604336006904284,
13,client_5,False,flip,clip01,random,0.8314926624298096,0.0858081579208374,0.046889543533325195,0.08032894134521484,0.9981617782434,0.9994505691875681,0.9983887650072398,0.9788883125207444,0.9883798885476858,0.980216303354682,0.09294235706329346,0.047737717628479004,0.07988834381103516,0.9978439224288826,0.9994305209257452,0.9984063704391055,-0.8667386770248413,0.8910691738128662,-0.0015531242825090885,0.517219387755102,0.861313791795901,
13,client_6,False,flip,clip01,random,0.9681136012077332,0.021779894828796387,0.04277944564819336,0.03741860389709473,0.9998814195923527,0.9995426367040137,0.9996500538944557,0.9945771829914636,0.9893903261196715,0.9907105809615273,0.04437553882598877,0.04410088062286377,0.03549933433532715,0.9995078845971666,0.9995139553343877,0.9996850237427657,-0.5781192779541016,0.6769371032714844,0.0452067032456398,0.39516900510204084,0.9940931160453462,
13,client_7,False,flip,clip01,random,0.8048722147941589,0.3380199670791626,0.1381995677947998,0.06499278545379639,0.9720363071148119,0.9952422653942616,0.9989448202577269,0.9205688142572823,0.9663255242763824,0.9839477183811283,0.20544636249542236,0.13258421421051025,0.06138277053833008,0.989530883438773,0.9956197995870817,0.9990587039276433,-0.7531411647796631,0.9653897285461426,-0.016825607046484947,0.5578762755102041,0.9206765035833445,
13,client_8,False,flip,clip01,random,0.7291609644889832,0.4614366292953491,0.2047959566116333,0.10508811473846436,0.9488224040502626,0.9895965477458981,0.9972448285411233,0.8939169786730949,0.9507030436110535,0.9742368621816095,0.2214832305908203,0.19760537147521973,0.09872710704803467,0.9878481934342085,0.9903090466893796,0.9975676858312001,-0.9486976861953735,1.025501012802124,-0.047510068863630295,0.5095663265306123,0.9319240692187554,
13,client_9,False,flip,clip01,random,0.64296555519104,0.5267183780670166,0.2311002016067505,0.08537673950195312,0.9340925207040844,0.98678071689138,0.9981801906905796,0.880286773028176,0.9446368567251537,0.978992776881795,0.27484631538391113,0.2244192361831665,0.07841682434082031,0.9813790881692193,0.9875269276709431,0.9984644710980064,-1.2963894605636597,0.6731494069099426,-0.12715740501880646,0.6598373724489796,0.851496581346934,
13,client_0,True,flip,clip01,pretrained,,0.0,0.23292410373687744,0.23292410373687744,1.0,0.9865733483764929,0.9865733483764929,1.0,0.9442183935844686,0.9442183935844686,0.0,0.23023438453674316,0.23023438453674316,1.0,0.986878608063454,0.986878608063454,,,,0.0,0.016394862416221144,
13,client_1,True,flip,clip01,pretrained,,0.8286410570144653,0.23405253887176514,0.551255464553833,0.8481904823947852,0.9864442677129908,0.9281520673088199,0.8211511003356238,0.9439596329552495,0.8752445560245745,1.3170626163482666,0.23023438453674316,0.6054445505142212,0.6757855512214581,0.986878608063454,0.9142995894368742,,,,0.0,-0.0030781238896855924,
13,client_2,False,flip,clip01,pretrained,0.8509282469749451,0.21361291408538818,0.3187248110771179,0.08020377159118652,0.9886892562668521,0.9750794260653788,0.9983937763497579,0.9486632030508895,0.9248435227758911,0.9802466721787264,0.2528153657913208,0.3400411605834961,0.07907485961914062,0.9842106053139259,0.97170804451819,0.9984386224830191,-0.5733651518821716,1.0306838750839233,0.044645387679338455,0.41525829081632654,0.7494676469295131,
13,client_3,False,flip,clip01,pretrained,0.8067389726638794,0.08904433250427246,0.06665003299713135,0.11495828628540039,0.9980207197943725,0.9988903676045782,0.9967043169865899,0.9781052331678275,0.9835434696897523,0.9718684324287798,0.07528924942016602,0.06335663795471191,0.1145327091217041,0.998584386999507,0.9989972388933155,0.9967286133517019,-0.7389909625053406,0.7312229871749878,0.020928608253598213,0.41015625,0.6093181496417491,
13,client_4,False,flip,clip01,pretrained,0.8251217007637024,0.09411334991455078,0.17121195793151855,0.0450671911239624,0.9977893414561831,0.9927117026324397,0.9994924303740975,0.97688053702633,0.9585335163491817,0.9888277094198867,0.12264406681060791,0.17916637659072876,0.04667186737060547,0.9962501875452561,0.9920229017543678,0.9994556565335952,-0.9250518083572388,0.8133610486984253,-0.003441093023866415,0.5090082908163265,0.7604336006904284,
13,client_5,False,flip,clip01,pretrained,0.8314926624298096,0.05843353271484375,0.09273302555084229,0.05519211292266846,0.9991469267575646,0.997853608016706,0.9992388924107809,0.9855501513497207,0.9772138010813696,0.9863434802481688,0.10034394264221191,0.0956641435623169,0.05522966384887695,0.9974875177863995,0.9977160129182943,0.999237856984835,-0.8667386770248413,0.8910691738128662,-0.0015531242825090885,0.517219387755102,0.861313791795901,
13,client_6,False,flip,clip01,pretrained,0.9681136012077332,0.08581101894378662,0.10376322269439697,0.055074453353881836,0.998161655830132,0.9973137227744617,0.9992421321955218,0.9788876198038232,0.9745554406052919,0.986372295138443,0.1260467767715454,0.10684561729431152,0.05309903621673584,0.9960398540573223,0.9971521010786266,0.9992954955546927,-0.5781192779541016,0.6769371032714844,0.0452067032456398,0.39516900510204084,0.9940931160453462,
13,client_7,False,flip,clip01,pretrained,0.8048722147941589,0.278846800327301,0.06861889362335205,0.052161216735839844,0.9808409493745145,0.9988239002987478,0.9993201487146179,0.9337733829917363,0.9830635338081635,0.9870861513745217,0.1080402135848999,0.06305932998657227,0.051925063133239746,0.997088202661528,0.9990066209482569,0.9993262875647706,-0.7531411647796631,0.9653897285461426,-0.016825607046484947,0.5578762755102041,0.9206765035833445,
13,client_8,False,flip,clip01,pretrained,0.7291609644889832,0.41264957189559937,0.07774925231933594,0.10515081882476807,0.9587522701584346,0.9984904746225287,0.9972415464507765,0.9043119413062379,0.9808424758513763,0.9742217884744016,0.09029686450958252,0.07452285289764404,0.1010446548461914,0.9979647311536224,0.9986130305540779,0.9974523727315145,-0.9486976861953735,1.025501012802124,-0.047510068863630295,0.5095663265306123,0.9319240692187554,
13,client_9,False,flip,clip01,pretrained,0.64296555519104,0.508303165435791,0.08558547496795654,0.13000237941741943,0.9384087340831853,0.9981712936233995,0.9957881972965148,0.8840998057488856,0.9789422312453937,0.9682750737785675,0.08963978290557861,0.0771181583404541,0.12422454357147217,0.9979941998758513,0.9985148537355089,0.9961532002717075,-1.2963894605636597,0.6731494069099426,-0.12715740501880646,0.6598373724489796,0.851496581346934,
13,client_0,True,flip_global,raw,random,0.8250241279602051,0.114113450050354,0.17567849159240723,0.21041059494018555,0.9967524617630064,0.992328691527127,0.9890230612804904,0.9720708194125296,0.9574865207411978,0.9494033119145886,0.10934674739837646,0.17870819568634033,0.21438491344451904,0.9970175104885013,0.9920634062272262,0.988608055514431,-0.8842705488204956,0.895231306552887,-0.015020467340946198,0.5149872448979592,0.016394862416221144,
13,client_1,True,flip_global,raw,random,0.8145965337753296,0.15575754642486572,0.260648250579834,0.21749162673950195,0.9939623765047538,0.9832295901907537,0.9882784253766854,0.9621694704849286,0.9378917213926508,0.947767929003009,0.1283808946609497,0.26406121253967285,0.21713411808013916,0.9958922855193788,0.9827932502703465,0.9883165909729901,-0.920724630355835,1.0006450414657593,-0.008486945182085037,0.5099649234693877,-0.0030781238896855924,
13,client_2,False,flip_global,raw,random,0.9456065893173218,0.18442440032958984,0.11951196193695068,0.09650230407714844,0.9915508363425134,0.9964387632401468,0.9976758854256684,0.9554413707632274,0.9707786533742662,0.9763041535066226,0.09892022609710693,0.11374819278717041,0.09138286113739014,0.9975581783281915,0.9967731678350551,0.9979155575943439,-0.6900740265846252,0.9763866662979126,0.024642370641231537,0.46348852040816324,0.7494676469295131,
13,client_3,False,flip_global,raw,random,0.8266914486885071,0.07788515090942383,0.10078096389770508,0.09675109386444092,0.9984851989879295,0.9974656269471827,0.9976639075461824,0.9808094739655495,0.9752731155395804,0.9762441572918519,0.029182076454162598,0.0975182056427002,0.09296154975891113,0.9997871355930075,0.9976267824964569,0.9978430333135802,-0.824005663394928,0.7258023023605347,0.040230412036180496,0.41796875,0.6093181496417491,
13,client_4,False,flip_global,raw,random,0.8556879758834839,0.09064614772796631,0.054593563079833984,0.1006767749786377,0.9979489794639198,0.9992553019107311,0.9974708544471806,0.9777179788308754,0.9864900785533453,0.9752982027484896,0.059452056884765625,0.05396294593811035,0.09735310077667236,0.9991169485044507,0.9992723974146791,0.99763479747721,-0.9576504230499268,0.840852677822113,-0.00990336574614048,0.5102040816326531,0.7604336006904284,
13,client_5,False,flip_global,raw,random,0.8942363858222961,0.10026288032531738,0.07448673248291016,0.08115208148956299,0.9974915678997647,0.9986143733289432,0.9983556157374023,0.9753978722599856,0.9816352532785184,0.980016627359364,0.07581090927124023,0.07400798797607422,0.07844853401184082,0.9985647233980486,0.9986321093954669,0.9984632304251404,-0.9142516851425171,0.7723351120948792,-0.013540579006075859,0.5551658163265306,0.861313791795901,
13,client_6,False,flip_global,raw,random,0.9742771983146667,0.25756752490997314,0.09482312202453613,0.09140729904174805,0.9836188252201918,0.9977559279485382,0.9979144443331718,0.9385915930075044,0.9767092368177017,0.9775340437965543,0.16481828689575195,0.09162521362304688,0.08591878414154053,0.9932431706958862,0.997904504222662,0.998157041974598,-0.637653648853302,0.668069064617157,0.04278137907385826,0.38863201530612246,0.9940931160453462,
13,client_7,False,flip_global,raw,random,0.932449460029602,0.19086098670959473,0.12593770027160645,0.09346604347229004,0.9909548544490498,0.9960466847087999,0.9978195968757335,0.9539404239949067,0.9692439737362635,0.9770368007608838,0.09130477905273438,0.12161624431610107,0.08935225009918213,0.9979191126170384,0.9963126018175725,0.9980070278265376,-0.8780208230018616,0.925494909286499,-0.022777415812015533,0.5444036989795918,0.9206765035833445,
13,client_8,False,flip_global,raw,random,0.8164539337158203,0.276536226272583,0.23413217067718506,0.20073246955871582,0.9811526587179717,0.9864351360986139,0.9900022241966353,0.9342947580414616,0.9439413766710809,0.9516453680989576,0.16203629970550537,0.23805594444274902,0.19656586647033691,0.9934682348928983,0.9859814976296193,0.9904100044760697,-0.9277510643005371,0.9335335493087769,-0.08890692889690399,0.6020408163265306,0.9319240692187554,
13,client_9,False,flip_global,raw,random,0.7585180997848511,0.36115992069244385,0.5510113835334778,0.27163517475128174,0.9681716809563434,0.9282122049175605,0.9818057342458977,0.9154814066527797,0.8752944984918578,0.9354021176552683,0.2569406032562256,0.5650814175605774,0.2696108818054199,0.9836974951615554,0.9247118817166673,0.9820722551055896,-1.2416523694992065,0.6451535224914551,-0.1468169093132019,0.6724330357142857,0.851496581346934,
13,client_0,True,flip_global,raw,pretrained,0.8250241279602051,0.17129111289978027,0.1687072515487671,0.2302011251449585,0.9927049989322203,0.99292226258027,0.9868823614046633,0.9585149467468252,0.9591213948466772,0.9448432370178503,0.06829226016998291,0.16316449642181396,0.2288684844970703,0.9988350606153431,0.9933774157988207,0.987032322044979,-0.8842705488204956,0.895231306552887,-0.015020467340946198,0.5149872448979592,0.016394862416221144,0.49896299839019775
13,client_1,True,flip_global,raw,pretrained,0.8145965337753296,0.13402295112609863,0.16896748542785645,0.21134114265441895,0.9955245414421003,0.9929005271819427,0.9889265646754106,0.9673181179043036,0.9590602902611214,0.9491881575498049,0.06218135356903076,0.1655822992324829,0.20651531219482422,0.9990340701537073,0.9931807047129424,0.989422525377381,-0.920724630355835,1.0006450414657593,-0.008486945182085037,0.5099649234693877,-0.0030781238896855924,0.647759199142456
13,client_2,False,flip_global,raw,pretrained,0.9456065893173218,0.10313701629638672,0.12951409816741943,0.099723219871521,0.9973459836873304,0.9958196773571475,0.9975184481293453,0.9747060702114754,0.9683913887829647,0.9755278502629607,0.13768470287322998,0.13406884670257568,0.10179173946380615,0.9952775239697771,0.9955214860208008,0.9974146345003061,-0.6900740265846252,0.9763866662979126,0.024642370641231537,0.46348852040816324,0.7494676469295131,0.5885472297668457
13,client_3,False,flip_global,raw,pretrained,0.8266914486885071,0.04610884189605713,0.08419966697692871,0.1389557123184204,0.9994687054751819,0.9982299573263635,0.9951902485599262,0.9885716991814733,0.979277880276407,0.9661459863235837,0.06776118278503418,0.09281551837921143,0.14906364679336548,0.9988530930300452,0.9978497937355173,0.9944680667667491,-0.824005663394928,0.7258023023605347,0.040230412036180496,0.41796875,0.6093181496417491,0.43109703063964844
13,client_4,False,flip_global,raw,pretrained,0.8556879758834839,0.041054725646972656,0.08381032943725586,0.0343470573425293,0.999578760504904,0.9982462672751764,0.9997051351381834,0.9898147976969527,0.9793722106930625,0.9914682254056542,0.06483709812164307,0.08591866493225098,0.037653207778930664,0.9989498654977815,0.9981570470816019,0.9996456531854254,-0.9576504230499268,0.840852677822113,-0.00990336574614048,0.5102040816326531,0.7604336006904284,0.40988457202911377
13,client_5,False,flip_global,raw,pretrained,0.8942363858222961,0.04415631294250488,0.07667267322540283,0.07133126258850098,0.9995127331518701,0.9985319436935771,0.9987291752922824,0.989051660754908,0.9811039733871125,0.9824029333607083,0.07172441482543945,0.08395397663116455,0.07164859771728516,0.9987151415703033,0.9982402584264847,0.9987178538717325,-0.9142516851425171,0.7723351120948792,-0.013540579006075859,0.5551658163265306,0.861313791795901,0.5758166909217834
13,client_6,False,flip_global,raw,pretrained,0.9742771983146667,0.06714236736297607,0.06943929195404053,0.09087789058685303,0.9988739275608309,0.9987956351618101,0.9979384951611763,0.9834234236922952,0.9828636545777314,0.977661971809904,0.1075279712677002,0.07345020771026611,0.09087789058685303,0.9971156885247323,0.9986526298525884,0.9979384951611763,-0.637653648853302,0.668069064617157,0.04278137907385826,0.38863201530612246,0.9940931160453462,0.5704903602600098
13,client_7,False,flip_global,raw,pretrained,0.932449460029602,0.22549408674240112,0.06236827373504639,0.05374956130981445,0.9874082963156494,0.9990282584007817,0.9992781372175423,0.9459248304934851,0.9845884200002608,0.9866968491172625,0.0675421953201294,0.06001543998718262,0.05414867401123047,0.9988604877669973,0.9991001445075671,0.9992673830705807,-0.8780208230018616,0.925494909286499,-0.022777415812015533,0.5444036989795918,0.9206765035833445,0.5445773601531982
13,client_8,False,flip_global,raw,pretrained,0.8164539337158203,0.286796510219574,0.13821280002593994,0.2060943841934204,0.9797498484379767,0.9952413575251717,0.9894652593019693,0.9319828898336915,0.9663223820022484,0.9504022332531932,0.046594977378845215,0.13339710235595703,0.20321917533874512,0.9994574478940541,0.9955661032776804,0.9897549006112754,-0.9277510643005371,0.9335335493087769,-0.08890692889690399,0.6020408163265306,0.9319240692187554,0.5908001661300659
13,client_9,False,flip_global,raw,pretrained,0.7585180997848511,0.34104931354522705,0.16570711135864258,0.21432292461395264,0.9715436411916534,0.9931704731286408,0.9886145860952114,0.9199003841469984,0.959826269583723,0.9484992253204825,0.042932987213134766,0.15907764434814453,0.2073071002960205,0.9995393488637752,0.993703469489273,0.9893419118565101,-1.2416523694992065,0.6451535224914551,-0.1468169093132019,0.6724330357142857,0.851496581346934,0.6459389925003052
13,client_0,True,flip_global,clip01,random,0.8250241279602051,0.2074335813522339,0.2306121587753296,0.5551007390022278,0.9893290069093068,0.9868359394747286,0.927201917602261,0.9500921275025402,0.9447488770780723,0.8744583246421704,0.29843389987945557,0.2424495816230774,0.5758129358291626,0.9781007689502583,0.9854649709206846,0.9219965404326405,-0.8842705488204956,0.895231306552887,-0.015020467340946198,0.5149872448979592,0.016394862416221144,
13,client_1,True,flip_global,clip01,random,0.8145965337753296,0.09248781204223633,0.31968504190444946,0.2803356647491455,0.9978649262368373,0.9749318829939648,0.9806387986634768,0.9772730230247622,0.9246300848344935,0.9334376563482789,0.14517098665237427,0.3356207609176636,0.2964664697647095,0.9947520935191136,0.9724236366198975,0.9783838741658639,-0.920724630355835,1.0006450414657593,-0.008486945182085037,0.5099649234693877,-0.0030781238896855924,
13,client_2,False,flip_global,clip01,random,0.9456065893173218,0.04411590099334717,0.03121495246887207,0.08327639102935791,0.999513624313769,0.9997564511817629,0.9982685125037942,0.9890615983252675,0.992241703088649,0.9795015978264134,0.05518937110900879,0.03163635730743408,0.08301472663879395,0.999238967985786,0.9997498321719538,0.9982793624666682,-0.6900740265846252,0.9763866662979126,0.024642370641231537,0.46348852040816324,0.7494676469295131,
13,client_3,False,flip_global,clip01,random,0.8266914486885071,0.06428217887878418,0.07131123542785645,0.07263493537902832,0.9989677502216037,0.9987298881127251,0.998682345151956,0.9841211314456009,0.9824078085558801,0.9820856594690255,0.04528987407684326,0.06764340400695801,0.07273483276367188,0.9994874039778783,0.9988570731314852,0.9986787218203466,-0.824005663394928,0.7258023023605347,0.040230412036180496,0.41796875,0.6093181496417491,
13,client_4,False,flip_global,clip01,random,0.8556879758834839,0.18056392669677734,0.10790503025054932,0.034657955169677734,0.9918987292380881,0.9970954688967752,0.999699774154676,0.9563432969787782,0.9735600369614688,0.9913914981123311,0.14091134071350098,0.10745322704315186,0.03324258327484131,0.9950544195403144,0.997119688319138,0.9997237898966691,-0.9576504230499268,0.840852677822113,-0.00990336574614048,0.5102040816326531,0.7604336006904284,
13,client_5,False,flip_global,clip01,random,0.8942363858222961,0.03796875476837158,0.046054840087890625,0.06295609474182129,0.9996396908120027,0.9994699487362373,0.9990098684194391,0.9905749694802857,0.9885849689545192,0.9844448654305107,0.03274846076965332,0.04567980766296387,0.06208300590515137,0.9997319384842391,0.9994785428210053,0.9990371210122819,-0.9142516851425171,0.7723351120948792,-0.013540579006075859,0.5551658163265306,0.861313791795901,
13,client_6,False,flip_global,clip01,random,0.9742771983146667,0.02324962615966797,0.042020440101623535,0.06991887092590332,0.9998648774160062,0.9995587167560374,0.9987789572354391,0.9942128353094353,0.9895770916404909,0.9827468397365435,0.028381943702697754,0.04268455505371094,0.06940650939941406,0.9997986467304398,0.9995446627487907,0.9987967710376493,-0.637653648853302,0.668069064617157,0.04278137907385826,0.38863201530612246,0.9940931160453462,
13,client_7,False,flip_global,clip01,random,0.932449460029602,0.18638253211975098,0.0651085376739502,0.04937565326690674,0.9913716344577794,0.9989410613465555,0.9993907897122729,0.9549843789485082,0.9839194751009963,0.987769448040178,0.03795361518859863,0.06116485595703125,0.047142863273620605,0.999639978014965,0.9990653707652988,0.9994446190551345,-0.8780208230018616,0.925494909286499,-0.022777415812015533,0.5444036989795918,0.9206765035833445,
13,client_8,False,flip_global,clip01,random,0.8164539337158203,0.48223865032196045,0.10468077659606934,0.18049955368041992,0.9443032584409081,0.9972661023731364,0.9919044694720658,0.8895393911075475,0.9743347924903203,0.9563583473503467,0.04399371147155762,0.10004723072052002,0.1754366159439087,0.9995163138736398,0.9975023265760778,0.9923496795358957,-0.9277510643005371,0.9335335493087769,-0.08890692889690399,0.6020408163265306,0.9319240692187554,
13,client_9,False,flip_global,clip01,random,0.7585180997848511,0.4614523649215698,0.1312699317932129,0.1569157838821411,0.9488190488506967,0.9957059308643339,0.9938726638793662,0.893913655003507,0.9679732240641963,0.9618962547951393,0.04445028305053711,0.12611734867095947,0.15170788764953613,0.9995062260200189,0.9960354315498834,0.9942709157199765,-1.2416523694992065,0.6451535224914551,-0.1468169093132019,0.6724330357142857,0.851496581346934,
13,client_0,True,flip_global,clip01,pretrained,0.8250241279602051,0.14046359062194824,0.13908159732818604,0.2076050043106079,0.9950856833077075,0.9951815614928516,0.989311504350048,0.9657881072249821,0.9661161012181589,0.9500524436191411,0.045087575912475586,0.1318608522415161,0.20243942737579346,0.999491971277551,0.9956673097775754,0.9898327707433949,-0.8842705488204956,0.895231306552887,-0.015020467340946198,0.5149872448979592,0.016394862416221144,
13,client_1,True,flip_global,clip01,pretrained,0.8145965337753296,0.09258747100830078,0.13589763641357422,0.1859346628189087,0.9978603299100866,0.9953988976575214,0.9914127846466037,0.9772489535636801,0.9668724003631695,0.9550888744050072,0.04174387454986572,0.13196074962615967,0.18079471588134766,0.9995645045289505,0.9956607638151913,0.9918781330229598,-0.920724630355835,1.0006450414657593,-0.008486945182085037,0.5099649234693877,-0.0030781238896855924,
13,client_2,False,flip_global,clip01,pretrained,0.9456065893173218,0.08897089958190918,0.12413060665130615,0.08891034126281738,0.9980239781489488,0.9961589991024506,0.9980266632230044,0.9781229918071135,0.9696751992770722,0.9781376372828958,0.1386185884475708,0.13036870956420898,0.08965778350830078,0.9952134746061108,0.9957645027749442,0.9979933954367537,-0.6900740265846252,0.9763866662979126,0.024642370641231537,0.46348852040816324,0.7494676469295131,
13,client_3,False,flip_global,clip01,pretrained,0.8266914486885071,0.04341137409210205,0.0935511589050293,0.14343667030334473,0.999529029575905,0.9978156303838208,0.9948762555555046,0.9892348703108427,0.977016251232206,0.9650830609641259,0.06236612796783447,0.1021275520324707,0.15231257677078247,0.9990283252160215,0.9973975814045519,0.9942253522495221,-0.824005663394928,0.7258023023605347,0.040230412036180496,0.41796875,0.6093181496417491,
13,client_4,False,flip_global,clip01,pretrained,0.8556879758834839,0.03883635997772217,0.08659374713897705,0.029879331588745117,0.9996230408934823,0.9981280131518755,0.9997768437420287,0.9903611625054174,0.9786981316348655,0.9925718119139004,0.06906837224960327,0.08943301439285278,0.03268718719482422,0.998808455894288,0.9980034287563964,0.9997329404509907,-0.9576504230499268,0.840852677822113,-0.00990336574614048,0.5102040816326531,0.7604336006904284,
13,client_5,False,flip_global,clip01,pretrained,0.8942363858222961,0.04496407508850098,0.0823209285736084,0.059546828269958496,0.9994947495281123,0.9983079664854464,0.9991141328218796,0.9888530580285326,0.9797331952241572,0.9852778961320847,0.07786107063293457,0.0903928279876709,0.06007802486419678,0.9984861344619365,0.9979604094925751,0.9990982680372502,-0.9142516851425171,0.7723351120948792,-0.013540579006075859,0.5551658163265306,0.861313791795901,
13,client_6,False,flip_global,clip01,pretrained,0.9742771983146667,0.07689285278320312,0.05275154113769531,0.08711838722229004,0.9985235093574463,0.999304681540756,0.998105293401927,0.9810504839821428,0.9869414363243916,0.9785711540122346,0.11952579021453857,0.05508613586425781,0.08636701107025146,0.996437941281237,0.9992418108232304,0.9981377898165706,-0.637653648853302,0.668069064617157,0.04278137907385826,0.38863201530612246,0.9940931160453462,
13,client_7,False,flip_global,clip01,pretrained,0.932449460029602,0.19006168842315674,0.06876349449157715,0.05154728889465332,0.9910299458670717,0.9988189426731269,0.9993360500595254,0.9541266195350604,0.9830282992855819,0.9872366864700102,0.06492328643798828,0.06490659713745117,0.05194103717803955,0.9989470739494815,0.9989476147868546,0.9993258731935728,-0.8780208230018616,0.925494909286499,-0.022777415812015533,0.5444036989795918,0.9206765035833445,
13,client_8,False,flip_global,clip01,pretrained,0.8164539337158203,0.3752647042274475,0.16204118728637695,0.22315144538879395,0.9657026926340264,0.9934678427781218,0.9876661525536876,0.9124011431043346,0.960688625276753,0.9464638213787386,0.053835391998291016,0.15598607063293457,0.21855401992797852,0.9992758311981145,0.9939447275688886,0.9881646529102248,-0.9277510643005371,0.9335335493087769,-0.08890692889690399,0.6020408163265306,0.9319240692187554,
13,client_9,False,flip_global,clip01,pretrained,0.7585180997848511,0.12462764978408813,0.22819900512695312,0.25229907035827637,0.9961282668513365,0.987107342120439,0.9842742670420697,0.9695565614888397,0.9453030612004274,0.9397902883039386,0.01188969612121582,0.22073781490325928,0.24418342113494873,0.9999646597182659,0.9879291101614218,0.9852586507645043,-1.2416523694992065,0.6451535224914551,-0.1468169093132019,0.6724330357142857,0.851496581346934,
14,client_0,True,orig,raw,random,0.6512618064880371,0.11570084095001221,0.19996404647827148,0.2499140501022339,0.9966617106152191,0.9900780529788444,0.9845667418005553,0.9716906000157457,0.9518237235537887,0.9403336924946188,0.14569461345672607,0.21405398845672607,0.2639116048812866,0.9947143177027058,0.9886428976470212,0.9828124901213353,-0.7787618041038513,0.7882011532783508,5.950702689005993e-05,0.5021524234693877,0.021279046933447742,
14,client_1,True,orig,raw,random,0.665336549282074,0.15822768211364746,0.2528282403945923,0.2019650936126709,0.9937702613698673,0.9842090162289228,0.9898799984866475,0.9615869329137818,0.9396697859347889,0.951359373776588,0.22176247835159302,0.27227312326431274,0.2210613489151001,0.9878178127255173,0.9817213506681695,0.9878940220233898,-0.9617021083831787,1.1112009286880493,-0.00410850252956152,0.5146683673469388,0.014072464961109346,
14,client_2,False,orig,raw,random,0.9166142344474792,0.09797418117523193,0.056029558181762695,0.05133414268493652,0.9976045772174387,0.9992156338809857,0.9993415268198242,0.9759492875215339,0.9861384259520212,0.9872889579735624,0.10440623760223389,0.05333530902862549,0.05373179912567139,0.997280394349197,0.9992892153414028,0.9992786139769374,-0.7553379535675049,0.8810969591140747,0.09472348541021347,0.3450255102040816,0.7210912561531831,
14,client_3,False,orig,raw,random,0.8518863320350647,0.11178874969482422,0.048007845878601074,0.05990111827850342,0.9968831242773364,0.9994240605842384,0.9991035671577257,0.9726280459153198,0.9881052300539714,0.9851912785706134,0.06990933418273926,0.04495358467102051,0.055518507957458496,0.9987792900015158,0.9994949851679016,0.9992298689344232,-0.8825198411941528,0.8637473583221436,0.01986483298242092,0.3946906887755102,0.6327235276264855,
14,client_4,False,orig,raw,random,0.8671630024909973,0.06690430641174316,0.05939352512359619,0.033653974533081055,0.9988818919562639,0.9991186852639753,0.9997169126177528,0.9834814674007322,0.9853153795482157,0.9916393052115398,0.06217193603515625,0.058072686195373535,0.03350555896759033,0.9990343625049956,0.9991574236098737,0.999719403444383,-0.842341959476471,0.8225317597389221,-0.01350809633731842,0.4716198979591837,0.596591094448632,
14,client_5,False,orig,raw,random,0.9313649535179138,0.11563563346862793,0.05335843563079834,0.04543888568878174,0.9966654629736234,0.9992885991333202,0.9994840266752336,0.9717062144225834,0.986792692389358,0.9887363453013254,0.053426265716552734,0.04985034465789795,0.04248249530792236,0.999286790263904,0.9993790251434402,0.9995489620326754,-0.7459858655929565,0.9511044025421143,0.06354472041130066,0.3553890306122449,0.9149559870233438,
14,client_6,False,orig,raw,random,0.8794674873352051,0.16839802265167236,0.0538712739944458,0.10707712173461914,0.9929480475371284,0.9992748660656114,0.99713977303162,0.9591940113809121,0.9866670269197262,0.9737588867193792,0.1671736240386963,0.05471765995025635,0.10625648498535156,0.9930496889484977,0.9992519144117522,0.9971833541582025,-1.207879662513733,0.8550466895103455,0.06946872919797897,0.371890943877551,0.9977882003998727,
14,client_7,False,orig,raw,random,0.9472535848617554,0.0696101188659668,0.04237675666809082,0.04718673229217529,0.9987897075677177,0.9995512037444063,0.9994435853809731,0.9828220425269811,0.9894894076316709,0.9883068868987606,0.03135812282562256,0.04097414016723633,0.045099735260009766,0.9997542123512955,0.9995804120467289,0.9994916973317853,-0.6484065055847168,0.8170889019966125,0.049018118530511856,0.3726084183673469,0.92240273402236,
14,client_8,False,orig,raw,random,0.9443636536598206,0.07684588432312012,0.03492283821105957,0.0871964693069458,0.998525310581114,0.999695168552424,0.998101900360181,0.9810618939156492,0.9913261339577788,0.978552258070768,0.03895449638366699,0.033435940742492676,0.08155035972595215,0.9996207447133632,0.9997205680421524,0.9983394556669842,-0.6291363835334778,0.9316292405128479,0.07051251083612442,0.3599330357142857,0.9507167087292201,
14,client_9,False,orig,raw,random,0.9199740886688232,0.14718782901763916,0.05697643756866455,0.09572434425354004,0.9946058582078632,0.9991889151226843,0.9977131423577101,0.9641946007772075,0.9859066529997575,0.9764917959819523,0.11622583866119385,0.0571671724319458,0.09232628345489502,0.9966314233703413,0.9991834789740002,0.9978723655785979,-0.8962236046791077,0.8670464754104614,-0.015588918700814247,0.46181441326530615,0.817298921371152,
14,client_0,True,orig,raw,pretrained,0.6512618064880371,0.06513571739196777,0.13699424266815186,0.14574480056762695,0.9989401777520046,0.9953246038656396,0.9947106900429383,0.9839128434876132,0.9666118186848811,0.9645362359476113,0.02660059928894043,0.1330420970916748,0.14055359363555908,0.999823125496315,0.9955895934144385,0.9950794067961146,-0.7787618041038513,0.7882011532783508,5.950702689005993e-05,0.5021524234693877,0.021279046933447742,0.5571445226669312
14,client_1,True,orig,raw,pretrained,0.665336549282074,0.1594785451889038,0.21777784824371338,0.1737884283065796,0.9936718439872347,0.9882478263341388,0.9924919435971518,0.9612921411429252,0.9477019144354337,0.9579293587668618,0.05164194107055664,0.21479105949401855,0.16840112209320068,0.9993336107241488,0.9885652225333141,0.992947789320864,-0.9617021083831787,1.1112009286880493,-0.00410850252956152,0.5146683673469388,0.014072464961109346,0.5746680498123169
14,client_2,False,orig,raw,pretrained,0.9166142344474792,0.0960770845413208,0.0800851583480835,0.03561866283416748,0.9976962865374828,0.9983985180165886,0.9996829031474859,0.9764067089665351,0.9802754515581191,0.991154458831347,0.0869210958480835,0.07950830459594727,0.034528493881225586,0.9981138531933815,0.9984214786668584,0.9997020123917972,-0.7553379535675049,0.8810969591140747,0.09472348541021347,0.3450255102040816,0.7210912561531831,0.45435357093811035
14,client_3,False,orig,raw,pretrained,0.8518863320350647,0.0550992488861084,0.03876602649688721,0.03800523281097412,0.999241450018221,0.9996244046348886,0.9996389983412,0.9863662225945018,0.9903784924508641,0.9905659786744188,0.0593264102935791,0.03864645957946777,0.0379490852355957,0.9991206746012342,0.9996267173284106,0.9996400639274703,-0.8825198411941528,0.8637473583221436,0.01986483298242092,0.3946906887755102,0.6327235276264855,0.5018640756607056
14,client_4,False,orig,raw,pretrained,0.8671630024909973,0.05761289596557617,0.04974329471588135,0.030834197998046875,0.9991707047140974,0.999381688039757,0.9997623554231647,0.9857509094649277,0.9876792252124869,0.9923357926544694,0.047280311584472656,0.048954129219055176,0.02935314178466797,0.9994413771891626,0.9994011424169977,0.999784633060359,-0.842341959476471,0.8225317597389221,-0.01350809633731842,0.4716198979591837,0.596591094448632,0.5177693367004395
14,client_5,False,orig,raw,pretrained,0.9313649535179138,0.04453158378601074,0.06790435314178467,0.09308755397796631,0.9995044187890503,0.9988482455784213,0.9978371915488211,0.9889593862832831,0.9832376718821658,0.977128187825691,0.03981828689575195,0.06719815731048584,0.09512972831726074,0.9996037438108174,0.998872057014826,0.9977414169075101,-0.7459858655929565,0.9511044025421143,0.06354472041130066,0.3553890306122449,0.9149559870233438,0.4111607074737549
14,client_6,False,orig,raw,pretrained,0.8794674873352051,0.28092432022094727,0.10232460498809814,0.1453927755355835,0.9805585942992507,0.9973875487981501,0.9947361094264435,0.9333049694641433,0.9749015422119807,0.9646196050160731,0.33732229471206665,0.10369014739990234,0.1450955867767334,0.972149200396377,0.9973174974525818,0.9947575220389977,-1.207879662513733,0.8550466895103455,0.06946872919797897,0.371890943877551,0.9977882003998727,0.5982536673545837
14,client_7,False,orig,raw,pretrained,0.9472535848617554,0.08180224895477295,0.05584263801574707,0.11831724643707275,0.9983291946677588,0.9992208555441939,0.9965094224178344,0.9798589539496751,0.9861841891083056,0.9710643933398697,0.06956124305725098,0.05637991428375244,0.11701023578643799,0.9987914050117648,0.9992057996994186,0.9965859184255748,-0.6484065055847168,0.8170889019966125,0.049018118530511856,0.3726084183673469,0.92240273402236,0.4914371967315674
14,client_8,False,orig,raw,pretrained,0.9443636536598206,0.044322967529296875,0.05151486396789551,0.118491530418396,0.9995090494866328,0.9993368846738255,0.9964991584826364,0.9890106808529737,0.9872446380192654,0.9710227019936251,0.04807758331298828,0.05203044414520264,0.11874651908874512,0.9994223868455276,0.9993235516034933,0.9964841147505554,-0.6291363835334778,0.9316292405128479,0.07051251083612442,0.3599330357142857,0.9507167087292201,0.3261932134628296
14,client_9,False,orig,raw,pretrained,0.9199740886688232,0.23434126377105713,0.06429505348205566,0.19449472427368164,0.9864111445937482,0.9989673370171508,0.9906096139501341,0.943893442786472,0.9841179891803866,0.9530946372429969,0.2648134231567383,0.06550860404968262,0.19807684421539307,0.9826963578064045,0.9989280183383078,0.9902630863648922,-0.8962236046791077,0.8670464754104614,-0.015588918700814247,0.46181441326530615,0.817298921371152,0.6291539669036865
14,client_0,True,orig,clip01,random,0.6512618064880371,0.10346603393554688,0.2868450880050659,0.3228797912597656,0.9973290575025033,0.9797430925212003,0.9744380468949712,0.9746269229426274,0.9319719646571825,0.9239204962995944,0.1444317102432251,0.29897284507751465,0.34486740827560425,0.9948051989381999,0.9780229117539483,0.9709169812746328,-0.7787618041038513,0.7882011532783508,5.950702689005993e-05,0.5021524234693877,0.021279046933447742,
14,client_1,True,orig,clip01,random,0.665336549282074,0.179925799369812,0.27190643548965454,0.4169120788574219,0.9919555437372098,0.9817698765428124,0.9579229712129844,0.9564925064761141,0.9353407765365727,0.9033964983079044,0.2000882625579834,0.28830772638320923,0.42732226848602295,0.9900658143252563,0.9795391742880379,0.9558664383412356,-0.9617021083831787,1.1112009286880493,-0.00410850252956152,0.5146683673469388,0.014072464961109346,
14,client_2,False,orig,clip01,random,0.9166142344474792,0.12240219116210938,0.06932997703552246,0.039762139320373535,0.9962649221170377,0.9987994207112023,0.9996048602098446,0.9700879195153138,0.9828902841930931,0.9901330958325381,0.10020232200622559,0.06842362880706787,0.03886699676513672,0.9974945914527651,0.9988305784292404,0.9996224460849308,-0.7553379535675049,0.8810969591140747,0.09472348541021347,0.3450255102040816,0.7210912561531831,
14,client_3,False,orig,clip01,random,0.8518863320350647,0.07279765605926514,0.045773983001708984,0.051471710205078125,0.9986764406453004,0.9994763913355262,0.9993379946343239,0.98204606905261,0.9886539878018061,0.9872552207449199,0.051476478576660156,0.04497373104095459,0.05092132091522217,0.9993378720323778,0.9994945325838749,0.9993520698015919,-0.8825198411941528,0.8637473583221436,0.01986483298242092,0.3946906887755102,0.6327235276264855,
14,client_4,False,orig,clip01,random,0.8671630024909973,0.16351532936096191,0.12782204151153564,0.044103145599365234,0.9933490480859075,0.9959278610853997,0.9995139054257869,0.9603417147946414,0.9687946212717473,0.9890647349936286,0.08420848846435547,0.12451207637786865,0.042528629302978516,0.9982295869095505,0.9961354236034885,0.999547982220973,-0.842341959476471,0.8225317597389221,-0.01350809633731842,0.4716198979591837,0.596591094448632,
14,client_5,False,orig,clip01,random,0.9313649535179138,0.08431339263916016,0.0658102035522461,0.1036062240600586,0.9982251789940233,0.9989181329071495,0.9973218292282946,0.9792503288949521,0.9837482962515667,0.974593202255188,0.05160689353942871,0.0642855167388916,0.10281622409820557,0.9993345144748109,0.9989676431024443,0.9973624352250161,-0.7459858655929565,0.9511044025421143,0.06354472041130066,0.3553890306122449,0.9149559870233438,
14,client_6,False,orig,clip01,random,0.8794674873352051,0.2653590440750122,0.06687486171722412,0.1006089448928833,0.9826259127555583,0.9988828750774834,0.9974742548213049,0.9368230512437998,0.9834886469247794,0.9753145357884727,0.1592618227005005,0.06504380702972412,0.09746921062469482,0.993688950075218,0.9989431642164595,0.9976291623562958,-1.207879662513733,0.8550466895103455,0.06946872919797897,0.371890943877551,0.9977882003998727,
14,client_7,False,orig,clip01,random,0.9472535848617554,0.03716850280761719,0.04785120487213135,0.05922722816467285,0.9996547150421162,0.9994278112167803,0.9991236103317644,0.9907722397686449,0.9881436946684417,0.9853560424389578,0.01932656764984131,0.04679059982299805,0.05742037296295166,0.9999066274850545,0.9994528845473125,0.9991762344887063,-0.6484065055847168,0.8170889019966125,0.049018118530511856,0.3726084183673469,0.92240273402236,
14,client_8,False,orig,clip01,random,0.9443636536598206,0.07420086860656738,0.030834197998046875,0.09334635734558105,0.9986249774383251,0.9997623554231647,0.9978251683397976,0.9817047627190947,0.9923357926544694,0.9770656978344678,0.05887436866760254,0.030264616012573242,0.09186828136444092,0.9991340150375883,0.9997710525746974,0.9978933890092632,-0.6291363835334778,0.9316292405128479,0.07051251083612442,0.3599330357142857,0.9507167087292201,
14,client_9,False,orig,clip01,random,0.9199740886688232,0.19673633575439453,0.10143280029296875,0.08888375759124756,0.9903934837701658,0.9974328003817949,0.9980278413330841,0.9525734428045001,0.975116184600707,0.978144066404776,0.18859314918518066,0.1005849838256836,0.08928120136260986,0.9911671109100593,0.9974754554643301,0.9980101912734172,-0.8962236046791077,0.8670464754104614,-0.015588918700814247,0.46181441326530615,0.817298921371152,
14,client_0,True,orig,clip01,pretrained,0.6512618064880371,0.059789061546325684,0.09584236145019531,0.1019599437713623,0.999106915681053,0.9977075097179386,0.9974060997843646,0.9852186731989352,0.9764633269682264,0.9749893014596867,0.01625370979309082,0.08800745010375977,0.09427082538604736,0.9999339575008817,0.9980664806403703,0.9977819496057898,-0.7787618041038513,0.7882011532783508,5.950702689005993e-05,0.5021524234693877,0.021279046933447742,
14,client_1,True,orig,clip01,pretrained,0.665336549282074,0.1350409984588623,0.14115512371063232,0.11421692371368408,0.9954565242075595,0.9950373563878792,0.996746583994732,0.9670760328400057,0.9656240456859853,0.9720460281043577,0.04680430889129639,0.13432013988494873,0.10721778869628906,0.9994525640358582,0.9955047383019417,0.9971322693311344,-0.9617021083831787,1.1112009286880493,-0.00410850252956152,0.5146683673469388,0.014072464961109346,
14,client_2,False,orig,clip01,pretrained,0.9166142344474792,0.1033545732498169,0.07843434810638428,0.040035247802734375,0.9973347975440234,0.99846378552472,0.9995994151252507,0.9746537344330555,0.9806761227943783,0.9900658303363175,0.10070466995239258,0.07898926734924316,0.03951060771942139,0.9974694553908086,0.9984419968398202,0.9996098421743846,-0.7553379535675049,0.8810969591140747,0.09472348541021347,0.3450255102040816,0.7210912561531831,
14,client_3,False,orig,clip01,pretrained,0.8518863320350647,0.06879258155822754,0.05374026298522949,0.05229222774505615,0.9988179441697735,0.9992783868158972,0.9993167310738338,0.9830212119436554,0.9866991274602526,0.9870540319371046,0.07003140449523926,0.05346667766571045,0.05240225791931152,0.9987750271803506,0.9992857114818705,0.9993138541430568,-0.8825198411941528,0.8637473583221436,0.01986483298242092,0.3946906887755102,0.6327235276264855,
14,client_4,False,orig,clip01,pretrained,0.8671630024909973,0.05849885940551758,0.05493021011352539,0.025116324424743652,0.9991450195019291,0.9992460945558519,0.9998423112136465,0.9855341726606217,0.9864076221075533,0.9937503677876582,0.054836392402648926,0.05471503734588623,0.024300575256347656,0.9992486661627635,0.9992519860809255,0.9998523868548204,-0.842341959476471,0.8225317597389221,-0.01350809633731842,0.4716198979591837,0.596591094448632,
14,client_5,False,orig,clip01,pretrained,0.9313649535179138,0.05162346363067627,0.05720174312591553,0.10640335083007812,0.9993340872676486,0.9991824917319454,0.9971755790544261,0.9872180065540863,0.9858515157413188,0.9739207602145226,0.05635952949523926,0.05731308460235596,0.10877931118011475,0.9992063735577696,0.9991793080850975,0.9970483160237853,-0.7459858655929565,0.9511044025421143,0.06354472041130066,0.3553890306122449,0.9149559870233438,
14,client_6,False,orig,clip01,pretrained,0.8794674873352051,0.2875940799713135,0.10732579231262207,0.1831289529800415,0.9796387911072773,0.9971265013874162,0.9916683776387396,0.9318035402372529,0.9736991538051427,0.9557438848703224,0.3817012906074524,0.10869598388671875,0.18409550189971924,0.9645478221410027,0.9970528264013458,0.991580755149857,-1.207879662513733,0.8550466895103455,0.06946872919797897,0.371890943877551,0.9977882003998727,
14,client_7,False,orig,clip01,pretrained,0.9472535848617554,0.08292901515960693,0.05572175979614258,0.11342799663543701,0.998282909123279,0.9992242230396247,0.9967912653621702,0.9795857897923861,0.9862137850912669,0.9722350715257704,0.08448243141174316,0.056366920471191406,0.1131361722946167,0.9982180647548462,0.9992061655160922,0.996807715303307,-0.6484065055847168,0.8170889019966125,0.049018118530511856,0.3726084183673469,0.92240273402236,
14,client_8,False,orig,clip01,pretrained,0.9443636536598206,0.04655420780181885,0.04532420635223389,0.12079274654388428,0.999458396535388,0.9994866268293741,0.9963622336917455,0.9884622703616059,0.9887645326229335,0.9704724684683383,0.060070037841796875,0.045804619789123535,0.12134182453155518,0.9990985076191818,0.9994756904681845,0.9963291780360073,-0.6291363835334778,0.9316292405128479,0.07051251083612442,0.3599330357142857,0.9507167087292201,
14,client_9,False,orig,clip01,pretrained,0.9199740886688232,0.2462146282196045,0.07551240921020508,0.19949400424957275,0.9850151583945039,0.9985759916947123,0.9901242981449732,0.9411775056370062,0.9813859148937643,0.9519328478425444,0.29720938205718994,0.0770498514175415,0.2026430368423462,0.9782771777011003,0.9985174805634294,0.9898124651197919,-0.8962236046791077,0.8670464754104614,-0.015588918700814247,0.46181441326530615,0.817298921371152,
14,client_0,True,flip,raw,random,-0.03829403966665268,0.4881725311279297,0.2694978713989258,0.2939732074737549,0.9429837627964373,0.9820870786241145,0.9787401290489874,0.8882965826568785,0.9358856450355171,0.9303709310866601,0.6903479099273682,0.28040462732315063,0.290999174118042,0.8907269470119585,0.9806294106976514,0.9791613960676337,-0.9868008494377136,1.005885362625122,0.003559947945177555,0.5004783163265306,0.021279046933447742,
14,client_1,True,flip,raw,random,,0.0,0.2939732074737549,0.2939732074737549,1.0,0.9787401290489874,0.9787401290489874,1.0,0.9303709310866601,0.9303709310866601,0.0,0.290999174118042,0.290999174118042,1.0,0.9791613960676337,0.9791613960676337,,,,0.0,0.014072464961109346,
14,client_2,False,flip,raw,random,0.6539950966835022,0.6970447301864624,0.3119385242462158,0.14600491523742676,0.8887782364039305,0.9761104464638752,0.9946918685528592,0.8461649646252136,0.9263540783728623,0.9644746406961071,0.6424859166145325,0.32266175746917725,0.1411682367324829,0.9042821567759307,0.9744718941331294,0.995036437742032,-1.1074026823043823,1.0690393447875977,-0.0738956555724144,0.5923150510204082,0.7210912561531831,
14,client_3,False,flip,raw,random,0.7372016906738281,0.2737691402435303,0.05427443981170654,0.11560964584350586,0.9815227341144397,0.999263977844933,0.9966669578454552,0.9349197200647419,0.9865682523764219,0.9717124374538846,0.19176042079925537,0.053830623626708984,0.11064553260803223,0.9908699890585997,0.9992759594066243,0.9969464029521808,-0.8178687691688538,0.918049693107605,0.006735640112310648,0.4677136479591837,0.6327235276264855,
14,client_4,False,flip,raw,random,0.7693085074424744,0.17168903350830078,0.0670245885848999,0.08634114265441895,0.9926712527945383,0.9988778714064637,0.9981389036205293,0.9584216035288964,0.9834521397166394,0.9787592778299474,0.108909010887146,0.06322908401489258,0.08352053165435791,0.9970412887633187,0.9990012694621648,0.9982583585353886,-0.8061572313308716,1.0137488842010498,0.019520258530974388,0.4987244897959184,0.596591094448632,
14,client_5,False,flip,raw,random,0.8192684054374695,0.2073897123336792,0.14795434474945068,0.05007815361022949,0.9893334837577206,0.9945497598462283,0.9993733393164026,0.9501022834446251,0.96401320304547,0.9875970583074032,0.13624358177185059,0.14401733875274658,0.04891312122344971,0.9953755238376689,0.994834848308253,0.9994021448515398,-0.8777543306350708,0.911823034286499,-0.0785064622759819,0.6805644132653061,0.9149559870233438,
14,client_6,False,flip,raw,random,0.8460710048675537,0.45688456296920776,0.15775775909423828,0.12758851051330566,0.9497889476934112,0.9938070382112048,0.9959426818247465,0.8948792456343748,0.9616977150882888,0.9688502936324244,0.4112429618835449,0.1637716293334961,0.122702956199646,0.95902429992781,0.9933282863915687,0.9962465957700677,-1.197557806968689,0.8443618416786194,-0.04674886539578438,0.5627391581632653,0.9977882003998727,
14,client_7,False,flip,raw,random,0.693564772605896,0.3900918960571289,0.0813741683959961,0.1438140869140625,0.9630160753146022,0.9983466143094597,0.9948493608554523,0.9091799049382048,0.9799627643380209,0.9649936143971016,0.24627864360809326,0.07995259761810303,0.1345733404159546,0.9850074531928521,0.9984038089821969,0.9954878321745719,-0.9454529285430908,0.6968281269073486,-0.03150312975049019,0.5679209183673469,0.92240273402236,
14,client_8,False,flip,raw,random,0.7693815231323242,0.2881889343261719,0.17752063274383545,0.17729270458221436,0.979555772362873,0.9921679187861636,0.9921878999871621,0.931669809064338,0.9570552066591556,0.9571085573340326,0.22946202754974365,0.17752063274383545,0.17729270458221436,0.9869656345847004,0.9921679187861636,0.9921878999871621,-1.0409626960754395,0.9081681966781616,-0.046151239424943924,0.5998883928571429,0.9507167087292201,
14,client_9,False,flip,raw,random,0.9301925897598267,0.923824667930603,0.20122861862182617,0.4994436502456665,0.8165604358049103,0.9899531138292179,0.9404408538331477,0.8037489581109751,0.9515302357024911,0.8859431223934751,1.1655915975570679,0.19574010372161865,0.5134302377700806,0.7309540393986405,0.9904898348174136,0.9372194798604148,-0.5098228454589844,0.8324006795883179,0.03835513815283775,0.4614158163265306,0.817298921371152,
14,client_0,True,flip,raw,pretrained,-0.03829403966665268,0.9379831552505493,0.4019266366958618,0.2652331590652466,0.8117255048774552,0.9608054305753431,0.9826421779484018,0.8012081697919928,0.9066210529124714,0.9368515851566719,1.1285839080810547,0.413175106048584,0.26483380794525146,0.7443602211724585,0.9586504265525062,0.9826937284000214,-0.9868008494377136,1.005885362625122,0.003559947945177555,0.5004783163265306,0.021279046933447742,0.5350455045700073
14,client_1,True,flip,raw,pretrained,,0.0,0.2663736343383789,0.2663736343383789,1.0,0.9824945538836549,0.9824945538836549,1.0,0.9365931253317556,0.9365931253317556,0.0,0.26483380794525146,0.26483380794525146,1.0,0.9826937284000214,0.9826937284000214,,,,0.0,0.014072464961109346,0.7207521200180054
14,client_2,False,flip,raw,pretrained,0.6539950966835022,0.5565955638885498,0.06535303592681885,0.22678852081298828,0.926831167719091,0.9989330996509271,0.9872647057733492,0.874152969882062,0.9838598220789627,0.9456272071916667,0.3810187578201294,0.06361675262451172,0.22381019592285156,0.9646711159914527,0.9989889944506125,0.9875939053620166,-1.1074026823043823,1.0690393447875977,-0.0738956555724144,0.5923150510204082,0.7210912561531831,0.6460990905761719
14,client_3,False,flip,raw,pretrained,0.7372016906738281,0.1636580228805542,0.06498372554779053,0.04892623424530029,0.9933374930652457,0.9989451141856922,0.9994018243968115,0.960308144657253,0.9839499290290636,0.9878797566898063,0.126076340675354,0.06503379344940186,0.045687198638916016,0.9960380016829911,0.9989434893360762,0.9994783741302249,-0.8178687691688538,0.918049693107605,0.006735640112310648,0.4677136479591837,0.6327235276264855,0.5433930158615112
14,client_4,False,flip,raw,pretrained,0.7693085074424744,0.07779431343078613,0.059557437896728516,0.1149364709854126,0.9984887263495186,0.9991138173287,0.9967055646000844,0.9808315329361099,0.9852753021023688,0.9718736576550033,0.07955217361450195,0.06100344657897949,0.11351358890533447,0.9984197383413376,0.9990702936511611,0.9967864326238363,-0.8061572313308716,1.0137488842010498,0.019520258530974388,0.4987244897959184,0.596591094448632,0.49725091457366943
14,client_5,False,flip,raw,pretrained,0.8192684054374695,0.28990644216537476,0.09418594837188721,0.056670308113098145,0.9793151714912076,0.9977859352320002,0.999197602253626,0.931283852390967,0.9768630136546017,0.985981577071823,0.1502852439880371,0.09299135208129883,0.057233214378356934,0.9943774096472084,0.9978416523382516,0.9991815924835517,-0.8777543306350708,0.911823034286499,-0.0785064622759819,0.6805644132653061,0.9149559870233438,0.613484263420105
14,client_6,False,flip,raw,pretrained,0.8460710048675537,0.06340217590332031,0.034896016120910645,0.05784440040588379,0.9989957979808815,0.9996956365104346,0.9991640308390284,0.9843359467869508,0.9913327524460653,0.9856942686982464,0.08125054836273193,0.03537142276763916,0.05776035785675049,0.998351627786705,0.9996872889733603,0.9991664567279188,-1.197557806968689,0.8443618416786194,-0.04674886539578438,0.5627391581632653,0.9977882003998727,0.7102282047271729
14,client_7,False,flip,raw,pretrained,0.693564772605896,0.29303687810897827,0.03766906261444092,0.05155384540557861,0.9788731911909312,0.9996453547886155,0.9993358812318995,0.9305810021814145,0.9906488397562445,0.9872350786316584,0.05967247486114502,0.0372164249420166,0.04958486557006836,0.9991103929327825,0.9996538243331099,0.9993856185220056,-0.9454529285430908,0.6968281269073486,-0.03150312975049019,0.5679209183673469,0.92240273402236,0.664209246635437
14,client_8,False,flip,raw,pretrained,0.7693815231323242,0.18200922012329102,0.050932884216308594,0.059625983238220215,0.9917693247196497,0.9993517756450707,0.9991117776790517,0.9560054819250694,0.9873873729796665,0.985258543168634,0.09781765937805176,0.049877166748046875,0.05663180351257324,0.9976122111708163,0.9993783570415018,0.9991986916051807,-1.0409626960754395,0.9081681966781616,-0.046151239424943924,0.5998883928571429,0.9507167087292201,0.46713554859161377
14,client_9,False,flip,raw,pretrained,0.9301925897598267,0.5392844676971436,0.26250219345092773,0.08825945854187012,0.9310769189774437,0.9829932356995654,0.9980554077390338,0.8776990652497527,0.9374709253449982,0.9782950681025444,0.508062481880188,0.27176201343536377,0.08199858665466309,0.9384643241747233,0.9817889717693131,0.9983211747884853,-0.5098228454589844,0.8324006795883179,0.03835513815283775,0.4614158163265306,0.817298921371152,0.6214592456817627
14,client_0,True,flip,clip01,random,-0.03829403966665268,0.6941766738891602,0.6375184655189514,0.1934223175048828,0.8896143287069049,0.9056502484236517,0.9907121614260446,0.8467228891599214,0.8578595150150552,0.9533441328171204,1.2594186067581177,0.6530455350875854,0.18508005142211914,0.69678827022373,0.9013491715519959,0.9914910386378835,-0.9868008494377136,1.005885362625122,0.003559947945177555,0.5004783163265306,0.021279046933447742,
14,client_1,True,flip,clip01,random,,0.0,0.1934223175048828,0.1934223175048828,1.0,0.9907121614260446,0.9907121614260446,1.0,0.9533441328171204,0.9533441328171204,0.0,0.18508005142211914,0.18508005142211914,1.0,0.9914910386378835,0.9914910386378835,,,,0.0,0.014072464961109346,
14,client_2,False,flip,clip01,random,0.6539950966835022,0.20735383033752441,0.07623302936553955,0.08933508396148682,0.9893371448463628,0.9985487129225394,0.9980077923784438,0.9501105904641971,0.9812107915336947,0.978034924086495,0.17323005199432373,0.0689551830291748,0.09105968475341797,0.9925398424581207,0.9988123546215879,0.997930251971725,-1.1074026823043823,1.0690393447875977,-0.0738956555724144,0.5923150510204082,0.7210912561531831,
14,client_3,False,flip,clip01,random,0.7372016906738281,0.19222736358642578,0.050194382667541504,0.08196067810058594,0.9908257780276621,0.9993704284155707,0.998322724743486,0.9536222546142208,0.9875685406868575,0.9798205387511429,0.09936761856079102,0.053331971168518066,0.06886613368988037,0.9975360817597114,0.9992893042566389,0.998815417388502,-0.8178687691688538,0.918049693107605,0.006735640112310648,0.4677136479591837,0.6327235276264855,
14,client_4,False,flip,clip01,random,0.7693085074424744,0.22954607009887695,0.06551992893218994,0.19349002838134766,0.9869561785815901,0.998927647964087,0.9907057029627482,0.9449936456094643,0.9838191064096233,0.9533283769706338,0.2364826202392578,0.06528902053833008,0.2037196159362793,0.9861642618177682,0.9989351870845578,0.9897047708704665,-0.8061572313308716,1.0137488842010498,0.019520258530974388,0.4987244897959184,0.596591094448632,
14,client_5,False,flip,clip01,random,0.8192684054374695,0.3017582893371582,0.0935356616973877,0.0539247989654541,0.97761843100227,0.9978163528413029,0.9992734251904334,0.9286270598151958,0.9770199926947167,0.9866539125911431,0.11819088459014893,0.08958566188812256,0.05150735378265381,0.9965168547730969,0.9979966175535213,0.9993370779104696,-0.8777543306350708,0.911823034286499,-0.0785064622759819,0.6805644132653061,0.9149559870233438,
14,client_6,False,flip,clip01,random,0.8460710048675537,0.07725048065185547,0.05304861068725586,0.044129133224487305,0.9985097585233671,0.9992968322800047,0.9995133326071102,0.9809636128476265,0.9868686232647212,0.9890583444140504,0.09499108791351318,0.053873419761657715,0.044719576835632324,0.9977479842336214,0.9992748083297132,0.9995002272705904,-1.197557806968689,0.8443618416786194,-0.04674886539578438,0.5627391581632653,0.9977882003998727,
14,client_7,False,flip,clip01,random,0.693564772605896,0.29098665714263916,0.07507538795471191,0.15076839923858643,0.97916316059714,0.9985924092831031,0.9943413530022664,0.9310412307053189,0.9814921415912155,0.9633476898161863,0.22195684909820557,0.0722419023513794,0.1355907917022705,0.9877966444292328,0.9986965525218339,0.9954195805961972,-0.9454529285430908,0.6968281269073486,-0.03150312975049019,0.5679209183673469,0.92240273402236,
14,client_8,False,flip,clip01,random,0.7693815231323242,0.46251022815704346,0.08872807025909424,0.16339778900146484,0.9485932665183436,0.9980347339058762,0.9933585588371889,0.8936902564499669,0.9781817198451197,0.9603693687131207,0.2108457088470459,0.08589768409729004,0.14598000049591064,0.9889779917713188,0.9981579458045575,0.9946936727747331,-1.0409626960754395,0.9081681966781616,-0.046151239424943924,0.5998883928571429,0.9507167087292201,
14,client_9,False,flip,clip01,random,0.9301925897598267,0.4103837013244629,0.0995030403137207,0.16662025451660156,0.9591900754810923,0.9975293738097262,0.9930953877218578,0.9047991427485074,0.9755808882976451,0.9596116467373348,0.28904175758361816,0.09908592700958252,0.1535567045211792,0.9794364703441281,0.9975500059546047,0.9941310467913833,-0.5098228454589844,0.8324006795883179,0.03835513815283775,0.4614158163265306,0.817298921371152,
14,client_0,True,flip,clip01,pretrained,-0.03829403966665268,0.9317082166671753,0.35859131813049316,0.2094498872756958,0.813872019321441,0.9686121186956895,0.9891222534146098,0.802332725463996,0.9160440335011735,0.9496255165406906,0.9958655834197998,0.36676228046417236,0.20693433284759521,0.7916698407610903,0.967201202669743,0.9893799012526017,-0.9868008494377136,1.005885362625122,0.003559947945177555,0.5004783163265306,0.021279046933447742,
14,client_1,True,flip,clip01,pretrained,,0.0,0.2094498872756958,0.2094498872756958,1.0,0.9891222534146098,0.9891222534146098,1.0,0.9496255165406906,0.9496255165406906,0.0,0.20693433284759521,0.20693433284759521,1.0,0.9893799012526017,0.9893799012526017,,,,0.0,0.014072464961109346,
14,client_2,False,flip,clip01,pretrained,0.6539950966835022,0.5885186195373535,0.07135522365570068,0.22418522834777832,0.9187316180047278,0.9987283221915426,0.9875526828271504,0.8676700992039736,0.9823971005856245,0.9462259134887177,0.4136950969696045,0.06923449039459229,0.21954190731048584,0.9585495456202424,0.9988027225280955,0.9880583796426279,-1.1074026823043823,1.0690393447875977,-0.0738956555724144,0.5923150510204082,0.7210912561531831,
14,client_3,False,flip,clip01,pretrained,0.7372016906738281,0.1520785093307495,0.059857726097106934,0.0511019229888916,0.9942430104162945,0.9991048645618292,0.9993474678913967,0.9630380891335621,0.9852018865676535,0.987345911744087,0.11377060413360596,0.060105323791503906,0.046172261238098145,0.9967718992510832,0.9990974489278226,0.9994672435409371,-0.8178687691688538,0.918049693107605,0.006735640112310648,0.4677136479591837,0.6327235276264855,
14,client_4,False,flip,clip01,pretrained,0.7693085074424744,0.08215034008026123,0.06746017932891846,0.12187778949737549,0.9983149629532739,0.9988632511309767,0.9962967688192497,0.9797745533262314,0.9833459432093625,0.9702131910885825,0.09164869785308838,0.06916391849517822,0.11904692649841309,0.9979034315923649,0.9988051599082339,0.996466350366398,-0.8061572313308716,1.0137488842010498,0.019520258530974388,0.4987244897959184,0.596591094448632,
14,client_5,False,flip,clip01,pretrained,0.8192684054374695,0.29068058729171753,0.10802638530731201,0.05291342735290527,0.9792062854094106,0.9970889463589063,0.9993004095884885,0.931109965871999,0.9735308946328192,0.9869017562979199,0.1719905138015747,0.10708701610565186,0.05333244800567627,0.9926456344068553,0.9971392455482799,0.9992892915548022,-0.8777543306350708,0.911823034286499,-0.0785064622759819,0.6805644132653061,0.9149559870233438,
14,client_6,False,flip,clip01,pretrained,0.8460710048675537,0.07970571517944336,0.04354143142700195,0.05776965618133545,0.9984136396781931,0.9995262043664379,0.9991661885047982,0.9803675251667807,0.9892028804638595,0.9857125553737633,0.11666977405548096,0.04387402534484863,0.05754685401916504,0.9966057067186638,0.999518941108789,0.9991726036956086,-1.197557806968689,0.8443618416786194,-0.04674886539578438,0.5627391581632653,0.9977882003998727,
14,client_7,False,flip,clip01,pretrained,0.693564772605896,0.2659571170806885,0.0336759090423584,0.057228684425354004,0.9825485377839807,0.9997165435626345,0.9991817219512189,0.936687505986241,0.9916338902424762,0.9858449229185904,0.05295228958129883,0.0322718620300293,0.05451810359954834,0.9992993821240268,0.9997396825653286,0.9992573579924142,-0.9454529285430908,0.6968281269073486,-0.03150312975049019,0.5679209183673469,0.92240273402236,
14,client_8,False,flip,clip01,pretrained,0.7693815231323242,0.1790151596069336,0.05141615867614746,0.06278526782989502,0.9920362809503336,0.9993394221117748,0.9990152304695219,0.956705496501987,0.9872688440622701,0.9844865806467722,0.09755301475524902,0.04951345920562744,0.05831265449523926,0.997625090974277,0.9993873859570381,0.9991504502711104,-1.0409626960754395,0.9081681966781616,-0.046151239424943924,0.5998883928571429,0.9507167087292201,
14,client_9,False,flip,clip01,pretrained,0.9301925897598267,0.5657334327697754,0.2609065771102905,0.08865225315093994,0.9245480229373773,0.9831967521405778,0.9980380861234803,0.8722898264960524,0.9378330710696103,0.9782000572240883,0.49389219284057617,0.27513015270233154,0.079947829246521,0.941699297216666,0.9813411486074866,0.9984039991421672,-0.5098228454589844,0.8324006795883179,0.03835513815283775,0.4614158163265306,0.817298921371152,
14,client_0,True,flip_global,raw,random,0.7639116644859314,0.11474466323852539,0.2448744773864746,0.23800277709960938,0.9967165239618809,0.9851760261750193,0.9859876927321332,0.9719196014872848,0.9414834658783244,0.9430546459095763,0.09920024871826172,0.2501455545425415,0.24184131622314453,0.9975443596896165,0.9845384684793201,0.9855370190455806,-0.7644025683403015,0.7967669367790222,0.0025805810000747442,0.4932238520408163,0.021279046933447742,
14,client_1,True,flip_global,raw,random,0.7663572430610657,0.16068005561828613,0.2620145082473755,0.313274621963501,0.9935765938670256,0.9830555635463978,0.9759090828339751,0.9610091081460788,0.9375815894831383,0.9260563838917268,0.11829602718353271,0.26422548294067383,0.3153287172317505,0.9965106710416212,0.9827721128533173,0.9755979536348873,-0.749047040939331,0.8153696656227112,0.00452449219301343,0.4923469387755102,0.014072464961109346,
14,client_2,False,flip_global,raw,random,0.7815966606140137,0.687739908695221,0.21014153957366943,0.17326796054840088,0.8914824878913696,0.989050885242226,0.9925365953389975,0.8479770610618285,0.9494655345668475,0.958051357345703,0.5674197673797607,0.2104283571243286,0.16519784927368164,0.9241235549220133,0.9890212232191811,0.993212172882862,-1.0791693925857544,0.9247943162918091,-0.10525520145893097,0.6029974489795918,0.7210912561531831,
14,client_3,False,flip_global,raw,random,0.7944275736808777,0.18021750450134277,0.045186638832092285,0.14425969123840332,0.9919295966566868,0.9994897372779794,0.9948175175308966,0.956424294470013,0.9887983472794293,0.9648880235804824,0.1349644660949707,0.04484999179840088,0.14020991325378418,0.9954616550962039,0.9994973091629671,0.9951033526093609,-0.8134173154830933,0.9496691226959229,0.022183777764439583,0.4846141581632653,0.6327235276264855,
14,client_4,False,flip_global,raw,random,0.8133305907249451,0.11482787132263184,0.08241820335388184,0.08552706241607666,0.9967117719088727,0.9983039704207535,0.9981737855566806,0.9718996702011982,0.9797096127416636,0.9789563755461619,0.08091270923614502,0.08013701438903809,0.08274233341217041,0.9983652903484632,0.9983964458857713,0.998290621215457,-0.7508675456047058,0.9628793001174927,0.012786592356860638,0.5161830357142857,0.596591094448632,
14,client_5,False,flip_global,raw,random,0.8677181005477905,0.24638593196868896,0.1864103078842163,0.04021811485290527,0.9849945351582396,0.9913690792473975,0.9995957484157818,0.9411384072789652,0.9549778989601936,0.9900207947664166,0.17325878143310547,0.18585872650146484,0.0389178991317749,0.9925373816548408,0.9914197521061003,0.9996214567873809,-0.813620924949646,0.8347231149673462,-0.08806460350751877,0.6536192602040817,0.9149559870233438,
14,client_6,False,flip_global,raw,random,0.8568657040596008,0.4435778260231018,0.09392690658569336,0.17689883708953857,0.9525676436581791,0.9977980771777093,0.9922223690811618,0.897701138207645,0.9769255417391915,0.9572007596177954,0.3854055404663086,0.09449315071105957,0.17227387428283691,0.9638752487397229,0.9977714928236867,0.9926215156880676,-1.158108115196228,0.8294321298599243,-0.04984790459275246,0.5593112244897959,0.9977882003998727,
14,client_7,False,flip_global,raw,random,0.8401615023612976,0.3191184997558594,0.06786465644836426,0.17989718914031982,0.9750189839508243,0.9988495906477903,0.9919580863995547,0.9247560055812449,0.9832473475770385,0.9564991970541821,0.19757437705993652,0.06530416011810303,0.17324066162109375,0.9903120643765109,0.9989346935925512,0.9925389337432016,-0.9365260601043701,0.6718575954437256,-0.050706326961517334,0.6008450255102041,0.92240273402236,
14,client_8,False,flip_global,raw,random,0.8368778824806213,0.26898694038391113,0.14041638374328613,0.17365002632141113,0.982154023808256,0.9950889737751696,0.9925038300967253,0.9360012898717138,0.9657993082633995,0.9579617981631847,0.2001432180404663,0.14109337329864502,0.1706780195236206,0.9900603973668312,0.9950416812446636,0.9927568431446359,-0.9875068068504333,0.8106253147125244,-0.0674469992518425,0.6297831632653061,0.9507167087292201,
14,client_9,False,flip_global,raw,random,0.965110182762146,1.0049750804901123,0.19118928909301758,0.3809387683868408,0.7884753257393102,0.990923922713244,0.9646855525169911,0.7893496792141215,0.9538639621805558,0.9111664147132474,1.004615306854248,0.1886279582977295,0.38242173194885254,0.7886016702491814,0.9911638716386071,0.9644174667844059,-0.5769990086555481,0.8283803462982178,0.03525722026824951,0.4580676020408163,0.817298921371152,
14,client_0,True,flip_global,raw,pretrained,0.7639116644859314,0.16133570671081543,0.2105191946029663,0.1600337028503418,0.9935243212356817,0.9890118208553942,0.9936279208358512,0.9608547129241805,0.9493781985258789,0.9611613502424752,0.027427196502685547,0.19642484188079834,0.14572179317474365,0.999811963745437,0.9904236610933657,0.994712353231995,-0.7644025683403015,0.7967669367790222,0.0025805810000747442,0.4932238520408163,0.021279046933447742,0.5982857942581177
14,client_1,True,flip_global,raw,pretrained,0.7663572430610657,0.1929762363433838,0.21661043167114258,0.15965402126312256,0.9907546550379207,0.9883723873951786,0.9936579767951041,0.9534479425579137,0.9479712125839435,0.9612507974320978,0.061019182205200195,0.21075034141540527,0.14986836910247803,0.9990698142949934,0.9889878777229184,0.9944084285195776,-0.749047040939331,0.8153696656227112,0.00452449219301343,0.4923469387755102,0.014072464961109346,0.6428892612457275
14,client_2,False,flip_global,raw,pretrained,0.7815966606140137,0.30910468101501465,0.09335911273956299,0.08658182621002197,0.9765348913673557,0.9978245749058812,0.9981285278069263,0.9269859605456869,0.9770626181051856,0.9787010171215689,0.2344597578048706,0.09060323238372803,0.08335602283477783,0.9863975393776059,0.9979509180818875,0.9982652038143696,-1.0791693925857544,0.9247943162918091,-0.10525520145893097,0.6029974489795918,0.7210912561531831,0.6871684789657593
14,client_3,False,flip_global,raw,pretrained,0.7944275736808777,0.06671380996704102,0.08090472221374512,0.06315720081329346,0.9988882447608547,0.9983656126664195,0.9990035373269481,0.9835279176971128,0.9800766249521282,0.9843957595700141,0.08160006999969482,0.08319056034088135,0.061751604080200195,0.998337433155257,0.998272075233049,0.9990473660299928,-0.8134173154830933,0.9496691226959229,0.022183777764439583,0.4846141581632653,0.6327235276264855,0.45905399322509766
14,client_4,False,flip_global,raw,pretrained,0.8133305907249451,0.06384408473968506,0.04894137382507324,0.07679224014282227,0.998981761487423,0.999401454310616,0.9985273664758891,0.9842280647225949,0.9878760404211657,0.9810749258092539,0.09260869026184082,0.051422715187072754,0.07613050937652588,0.997859350631275,0.9993392537127468,0.9985526095128212,-0.7508675456047058,0.9628793001174927,0.012786592356860638,0.5161830357142857,0.596591094448632,0.48876696825027466
14,client_5,False,flip_global,raw,pretrained,0.8677181005477905,0.2826404571533203,0.10940420627593994,0.03722703456878662,0.9803238668805074,0.9970143822478075,0.9996536269813314,0.9329183025477947,0.9732001151125029,0.9907578090932232,0.10400795936584473,0.10637545585632324,0.03722703456878662,0.9973010617791944,0.9971770566384319,0.9996536269813314,-0.813620924949646,0.8347231149673462,-0.08806460350751877,0.6536192602040817,0.9149559870233438,0.64753258228302
14,client_6,False,flip_global,raw,pretrained,0.8568657040596008,0.06824946403503418,0.0321650505065918,0.04576718807220459,0.9988365189294199,0.999741402546914,0.9994765467173756,0.9831535603758674,0.9920069794116866,0.988655657702211,0.07460200786590576,0.031778812408447266,0.045895934104919434,0.9986100857046054,0.9997475745696145,0.9994735987243113,-1.158108115196228,0.8294321298599243,-0.04984790459275246,0.5593112244897959,0.9977882003998727,0.723681628704071
14,client_7,False,flip_global,raw,pretrained,0.8401615023612976,0.37459808588027954,0.05500674247741699,0.056270718574523926,0.96582129426133,0.9992439935037167,0.9992088712850804,0.912546370673085,0.9863888781403851,0.986079388016528,0.08081996440887451,0.05412697792053223,0.05250275135040283,0.998369031134543,0.999267969715153,0.9993112212943194,-0.9365260601043701,0.6718575954437256,-0.050706326961517334,0.6008450255102041,0.92240273402236,0.7224135994911194
14,client_8,False,flip_global,raw,pretrained,0.8368778824806213,0.17183709144592285,0.05401813983917236,0.09334266185760498,0.9926586770147583,0.9992709090678882,0.9978253402542001,0.9583868759550664,0.9866310434635623,0.9770665900952069,0.07116007804870605,0.05278360843658447,0.0877753496170044,0.9987352617778098,0.9993038363667712,0.998076650967477,-0.9875068068504333,0.8106253147125244,-0.0674469992518425,0.6297831632653061,0.9507167087292201,0.499761700630188
14,client_9,False,flip_global,raw,pretrained,0.965110182762146,0.5723927021026611,0.2524409294128418,0.11826181411743164,0.9228661823653612,0.9842567874845196,0.9965126838054026,0.8709358210328639,0.9397579819430162,0.9710776541467607,0.6064192056655884,0.2705422639846802,0.10889267921447754,0.9140415470919836,0.9819498623329348,0.9970421740864874,-0.5769990086555481,0.8283803462982178,0.03525722026824951,0.4580676020408163,0.817298921371152,0.5707969665527344
14,client_0,True,flip_global,clip01,random,0.7639116644859314,0.10782361030578613,0.34080970287323,0.2067488431930542,0.9970998409462626,0.9715827557172094,0.9893987801729238,0.9735795899652504,0.9199532280213347,0.9502506671131914,0.12038564682006836,0.3870222568511963,0.2196253538131714,0.996386646230035,0.9635798913462987,0.9880493816120901,-0.7644025683403015,0.7967669367790222,0.0025805810000747442,0.4932238520408163,0.021279046933447742,
14,client_1,True,flip_global,clip01,random,0.7663572430610657,0.12615370750427246,0.21109598875045776,0.2786449193954468,0.9960331521074051,0.988952026762639,0.9808682816987,0.9691924473437226,0.9492448331138166,0.9338189194555773,0.16373610496520996,0.2235809564590454,0.2971193790435791,0.9933311659612498,0.9876190700168423,0.9782901171464828,-0.749047040939331,0.8153696656227112,0.00452449219301343,0.4923469387755102,0.014072464961109346,
14,client_2,False,flip_global,clip01,random,0.7815966606140137,0.1281874179840088,0.07744073867797852,0.03586161136627197,0.9959046192383427,0.9985024171939922,0.9996785637195553,0.9687075273941756,0.9809174021091669,0.9910945286307238,0.06982231140136719,0.07327878475189209,0.03485691547393799,0.9987823244027643,0.9986589053568959,0.9996963180456999,-1.0791693925857544,0.9247943162918091,-0.10525520145893097,0.6029974489795918,0.7210912561531831,
14,client_3,False,flip_global,clip01,random,0.7944275736808777,0.10575509071350098,0.04587423801422119,0.095039963722229,0.9972098178261848,0.9994740960950046,0.9977456700968963,0.9740765428795446,0.9886293499386136,0.976656912071773,0.053875088691711426,0.04698896408081055,0.07970285415649414,0.9992747634224282,0.999448237751277,0.9984137534248867,-0.8134173154830933,0.9496691226959229,0.022183777764439583,0.4846141581632653,0.6327235276264855,
14,client_4,False,flip_global,clip01,random,0.8133305907249451,0.19418716430664062,0.04094517230987549,0.1349121332168579,0.9906390803205227,0.9995810049303839,0.9954651619493804,0.953166181074659,0.9898417691449859,0.9671066711304066,0.14078998565673828,0.040026187896728516,0.12990224361419678,0.9950629027370115,0.9995995963535949,0.995794662702213,-0.7508675456047058,0.9628793001174927,0.012786592356860638,0.5161830357142857,0.596591094448632,
14,client_5,False,flip_global,clip01,random,0.8677181005477905,0.3410535454750061,0.09468603134155273,0.03265488147735596,0.9715429501371742,0.9977624011134849,0.9997334679704115,0.9198994508758358,0.9767423195046405,0.9918859982082235,0.06952500343322754,0.09043407440185547,0.030748844146728516,0.9987926628374764,0.9979585505817063,0.9997636690435123,-0.813620924949646,0.8347231149673462,-0.08806460350751877,0.6536192602040817,0.9149559870233438,
14,client_6,False,flip_global,clip01,random,0.8568657040596008,0.06191825866699219,0.0396881103515625,0.05060601234436035,0.9990422208734846,0.9996063297450357,0.9993600651821481,0.9846983415583725,0.9901513300444607,0.9874675543739693,0.055088043212890625,0.039981842041015625,0.04874396324157715,0.9992417583478268,0.9996004828276313,0.9994062710300691,-1.158108115196228,0.8294321298599243,-0.04984790459275246,0.5593112244897959,0.9977882003998727,
14,client_7,False,flip_global,clip01,random,0.8401615023612976,0.3575407862663269,0.0698859691619873,0.07887458801269531,0.9687914335349606,0.9987801050872704,0.9984465122124107,0.9162742920023781,0.982754853213494,0.9805692473117884,0.11839938163757324,0.06546223163604736,0.07183694839477539,0.9965045871726999,0.9989295342576072,0.9987111104960777,-0.9365260601043701,0.6718575954437256,-0.050706326961517334,0.6008450255102041,0.92240273402236,
14,client_8,False,flip_global,clip01,random,0.8368778824806213,0.4691641330718994,0.0720294713973999,0.0879061222076416,0.947163132403269,0.9987041995163186,0.9980709239747512,0.8922870175343545,0.9822329916648012,0.9783805464766648,0.08892154693603516,0.0696030855178833,0.079964280128479,0.9980261665156236,0.9987899519072294,0.9984033430425674,-0.9875068068504333,0.8106253147125244,-0.0674469992518425,0.6297831632653061,0.9507167087292201,
14,client_9,False,flip_global,clip01,random,0.965110182762146,0.44898921251296997,0.06510603427886963,0.11011874675750732,0.9514460849895159,0.9989411427117754,0.9969753443821079,0.8965519578936254,0.9839200859108661,0.973028638689174,0.14425313472747803,0.06653404235839844,0.09941816329956055,0.9948179867686187,0.9988942232157527,0.9975335791488791,-0.5769990086555481,0.8283803462982178,0.03525722026824951,0.4580676020408163,0.817298921371152,
14,client_0,True,flip_global,clip01,pretrained,0.7639116644859314,0.16643714904785156,0.20650792121887207,0.13810276985168457,0.9931104764032792,0.9894232764604602,0.9952489041369885,0.9596546776022823,0.9503064580011811,0.9663485114692083,0.019374728202819824,0.19029760360717773,0.12596917152404785,0.9999061615815266,0.9910078143117931,0.9960447144976332,-0.7644025683403015,0.7967669367790222,0.0025805810000747442,0.4932238520408163,0.021279046933447742,
14,client_1,True,flip_global,clip01,pretrained,0.7663572430610657,0.186332106590271,0.204015851020813,0.12700557708740234,0.991376272368258,0.9896750403490608,0.9959795601067372,0.9549961432162994,0.9508838416666636,0.9689892823581676,0.04345870018005371,0.19173145294189453,0.11670553684234619,0.9995280024975215,0.9908727283456216,0.9966036307990955,-0.749047040939331,0.8153696656227112,0.00452449219301343,0.4923469387755102,0.014072464961109346,
14,client_2,False,flip_global,clip01,pretrained,0.7815966606140137,0.3691902160644531,0.10687017440795898,0.09068870544433594,0.966776439828309,0.9971507946203626,0.9979470561000952,0.9137258008188021,0.9738086015271126,0.9777076932298865,0.3027937412261963,0.10294568538665771,0.08913004398345947,0.977467178845574,0.9973558020388988,0.9980169132377184,-1.0791693925857544,0.9247943162918091,-0.10525520145893097,0.6029974489795918,0.7210912561531831,
14,client_3,False,flip_global,clip01,pretrained,0.7944275736808777,0.07639896869659424,0.07856583595275879,0.08282208442687988,0.9985423948190757,0.9984586365287347,0.998287328701589,0.9811704720045527,0.9806442001245128,0.9796117083116265,0.0981743335723877,0.08038794994354248,0.08263576030731201,0.997594797637021,0.9983863998198299,0.9982950161508737,-0.8134173154830933,0.9496691226959229,0.022183777764439583,0.4846141581632653,0.6327235276264855,
14,client_4,False,flip_global,clip01,pretrained,0.8133305907249451,0.057013750076293945,0.04338717460632324,0.08114266395568848,0.9991878531020075,0.9995295543252394,0.99835599689945,0.9858975214832508,0.9892408227634717,0.98001891150411,0.09339308738708496,0.045232415199279785,0.0803368091583252,0.9978229938711103,0.999488703306735,0.9983884497487814,-0.7508675456047058,0.9628793001174927,0.012786592356860638,0.5161830357142857,0.596591094448632,
14,client_5,False,flip_global,clip01,pretrained,0.8677181005477905,0.3073923587799072,0.12294471263885498,0.032396912574768066,0.9767896136378478,0.9962318327231381,0.9997376616414038,0.9273680834902451,0.9699583449541571,0.9919497100567147,0.12105774879455566,0.11860275268554688,0.03264272212982178,0.9963462985076925,0.9964926005649519,0.9997336663851524,-0.813620924949646,0.8347231149673462,-0.08806460350751877,0.6536192602040817,0.9149559870233438,
14,client_6,False,flip_global,clip01,pretrained,0.8568657040596008,0.09684503078460693,0.046871185302734375,0.04359257221221924,0.9976593770284126,0.9994509991533755,0.9995250911336695,0.9762215056324914,0.9883843983412972,0.9891903019299821,0.11569547653198242,0.0469813346862793,0.04313039779663086,0.9966620193892062,0.9994484168370992,0.9995351043561078,-1.158108115196228,0.8294321298599243,-0.04984790459275246,0.5593112244897959,0.9977882003998727,
14,client_7,False,flip_global,clip01,pretrained,0.8401615023612976,0.38289034366607666,0.04375743865966797,0.05542707443237305,0.9643325593169316,0.9995214934363046,0.9992324020465682,0.9107423152921494,0.9891497531855327,0.9862859418308825,0.0738363265991211,0.04211747646331787,0.05107700824737549,0.9986384412009206,0.9995566770007551,0.9993481037092633,-0.9365260601043701,0.6718575954437256,-0.050706326961517334,0.6008450255102041,0.92240273402236,
14,client_8,False,flip_global,clip01,pretrained,0.8368778824806213,0.1577439308166504,0.060533761978149414,0.10522615909576416,0.9938081188058783,0.999084544944957,0.9972376003827113,0.9617009753310193,0.9850366369372829,0.9742036775630651,0.07138359546661377,0.0593874454498291,0.10017454624176025,0.9987273116832855,0.9991188655627712,0.9974959776333845,-0.9875068068504333,0.8106253147125244,-0.0674469992518425,0.6297831632653061,0.9507167087292201,
14,client_9,False,flip_global,clip01,pretrained,0.965110182762146,0.5948936939239502,0.2569023370742798,0.14968109130859375,0.9170732917657325,0.9837022911319737,0.9944223359291009,0.8663841510660617,0.9387428118002445,0.9636047521966002,0.6714836955070496,0.2780149579048157,0.14347684383392334,0.8961487511597717,0.9809534512080349,0.9948733960996996,-0.5769990086555481,0.8283803462982178,0.03525722026824951,0.4580676020408163,0.817298921371152,
15,client_0,True,orig,raw,random,0.7896740436553955,0.076529860496521,0.13740313053131104,0.2625594139099121,0.9985374014930555,0.9952967515100037,0.9829859155200271,0.9811386699924314,0.9665146834701861,0.9374579423286309,0.14050883054733276,0.13962125778198242,0.2739661931991577,0.9950825289205059,0.9951442327789035,0.9814964960549841,-1.2229759693145752,1.3403013944625854,0.000913999043405056,0.49784757653061223,0.009723897624237242,
15,client_1,True,orig,raw,random,0.8016945719718933,0.06789040565490723,0.26766306161880493,0.34033751487731934,0.9988487182596815,0.9823269268188006,0.9716597630743529,0.9832410714343505,0.9363010384161805,0.9200573780017969,0.12727093696594238,0.2772291302680969,0.3564692735671997,0.9959627932561226,0.9810594387888143,0.9689738387538869,-0.9997208118438721,1.0796014070510864,0.005581872072070837,0.4965720663265306,-0.016682520130535287,
15,client_2,False,orig,raw,random,0.9643324017524719,0.0590977668762207,0.04465043544769287,0.0567394495010376,0.9991274349359853,0.9995017709061189,0.9991956442884928,0.9853877000242541,0.9889301648191535,0.9859646542213187,0.03128623962402344,0.043198585510253906,0.05531430244445801,0.9997553377065529,0.9995336337398628,0.9992355205910031,-0.6207340955734253,1.0239835977554321,0.08627921342849731,0.31784119897959184,0.7284888423415822,
15,client_3,False,orig,raw,random,0.9624127149581909,0.08822834491729736,0.04311871528625488,0.03847062587738037,0.9980567765317874,0.9995353560820521,0.9996301053847338,0.978302594594272,0.9893068604739443,0.9904512831908232,0.03649401664733887,0.041321516036987305,0.03718268871307373,0.9996671298125233,0.9995732697013953,0.9996544514939836,-0.878329336643219,1.02261221408844,0.05028442293405533,0.3413584183673469,0.6249368910889612,
15,client_4,False,orig,raw,random,0.9270469546318054,0.03543984889984131,0.05537271499633789,0.07307887077331543,0.9996860782072563,0.999233906068373,0.9986662054221993,0.9911985718739085,0.9862992531629502,0.9819776543389074,0.03844451904296875,0.05576157569885254,0.0733264684677124,0.9996306071091527,0.9992231146292254,0.9986571612029602,-0.982384979724884,1.0240387916564941,0.008125039748847485,0.42227359693877553,0.6519256895811959,
15,client_5,False,orig,raw,random,0.9640785455703735,0.06899905204772949,0.04996061325073242,0.05054318904876709,0.9988108443386532,0.9993762762081921,0.9993616522908797,0.9829709056387992,0.9876258989219766,0.9874829659947821,0.01940464973449707,0.04842805862426758,0.04848587512969971,0.9999058715378242,0.9994139385130738,0.9994125389395689,-0.6768113374710083,0.9438469409942627,0.06504407525062561,0.3792251275510204,0.8800503204583638,
15,client_6,False,orig,raw,random,0.9880885481834412,0.12495136260986328,0.043863892555236816,0.07102322578430176,0.9961081863688976,0.9995191632059315,0.9987401170964805,0.9694793071301777,0.9891235722773002,0.98247792252164,0.08966374397277832,0.041908979415893555,0.0715254545211792,0.9979931290308086,0.9995610539199098,0.9987222531393751,-0.6833094358444214,0.9424923062324524,0.07737328857183456,0.3783482142857143,0.9972611521251455,
15,client_7,False,orig,raw,random,0.9381842017173767,0.07665956020355225,0.048027992248535156,0.041649580001831055,0.9985324452494724,0.999423577308844,0.9995664691348012,0.9811071591421974,0.988100283093873,0.9896683669719346,0.07024037837982178,0.047839999198913574,0.041135549545288086,0.9987677123972651,0.9994280790578745,0.999577100821607,-0.941007673740387,0.9002001285552979,0.037568893283605576,0.42275191326530615,0.9157401596076878,
15,client_8,False,orig,raw,random,0.9606989622116089,0.11591875553131104,0.08584833145141602,0.03395521640777588,0.9966491555481778,0.9981600589854493,0.9997118231192721,0.9716384215135911,0.9788785856880176,0.9915649415536794,0.10988879203796387,0.08580899238586426,0.033316612243652344,0.9969879351013538,0.9981617425399494,0.9997225585809859,-0.8339167237281799,0.8849719762802124,0.003244176274165511,0.47823660714285715,0.9252335375792172,
15,client_9,False,orig,raw,random,0.9616184830665588,0.03161656856536865,0.03898167610168457,0.06427884101867676,0.9997501449785675,0.9996202154440126,0.9989678573352181,0.992142472838492,0.9903253585169611,0.9841219461094106,0.033734679222106934,0.039137840270996094,0.06474721431732178,0.9997155535513615,0.9996171673209231,0.9989527728011944,-0.7270844578742981,0.8660926818847656,0.029486756771802902,0.41055484693877553,0.8283512311891954,
15,client_0,True,orig,raw,pretrained,0.7896740436553955,0.18563330173492432,0.14550626277923584,0.14807748794555664,0.9914404193928996,0.9947279212313482,0.9945407207432893,0.9551591966941522,0.9645927269788823,0.9639840657002698,0.12625646591186523,0.14764070510864258,0.1413881778717041,0.996026706369538,0.9945727485822373,0.9950210170164699,-1.2229759693145752,1.3403013944625854,0.000913999043405056,0.49784757653061223,0.009723897624237242,0.38969194889068604
15,client_1,True,orig,raw,pretrained,0.8016945719718933,0.15757441520690918,0.13477063179016113,0.23875415325164795,0.993821357851354,0.9954746373153724,0.9859000187961484,0.9617409427591872,0.9671403154096401,0.9428826556481591,0.048673152923583984,0.13636434078216553,0.23113620281219482,0.9994079940308944,0.99536735094955,0.986776638875744,-0.9997208118438721,1.0796014070510864,0.005581872072070837,0.4965720663265306,-0.016682520130535287,0.5217039585113525
15,client_2,False,orig,raw,pretrained,0.9643324017524719,0.04094743728637695,0.05975234508514404,0.09142792224884033,0.9995809585883175,0.9991080114966637,0.9979135046192036,0.9898412115086719,0.9852276495598513,0.977529060844978,0.025527596473693848,0.057297348976135254,0.08827483654022217,0.9998371053583053,0.9991797583970579,0.998054731032106,-0.6207340955734253,1.0239835977554321,0.08627921342849731,0.31784119897959184,0.7284888423415822,0.48510122299194336
15,client_3,False,orig,raw,pretrained,0.9624127149581909,0.020809173583984375,0.015710830688476562,0.03376567363739014,0.9998917533624923,0.9999382953055203,0.9997150307412224,0.9948179354934956,0.9960838327741406,0.9916117305324581,0.01722562313079834,0.015398025512695312,0.03229248523712158,0.9999258236038007,0.9999407278376014,0.9997393498144098,-0.878329336643219,1.02261221408844,0.05028442293405533,0.3413584183673469,0.6249368910889612,0.4027261734008789
15,client_4,False,orig,raw,pretrained,0.9270469546318054,0.061501264572143555,0.028775453567504883,0.04264998435974121,0.9990550688200199,0.9997930254524601,0.9995453997640842,0.9848002137899194,0.9928447681227701,0.9894221784100294,0.035172343254089355,0.02786386013031006,0.04041886329650879,0.9996907982905043,0.9998059295767865,0.9995917039448299,-0.982384979724884,1.0240387916564941,0.008125039748847485,0.42227359693877553,0.6519256895811959,0.5052411556243896
15,client_5,False,orig,raw,pretrained,0.9640785455703735,0.037255287170410156,0.04544663429260254,0.05562794208526611,0.9996531011750056,0.9994838507525312,0.9992268316497375,0.9907508436865753,0.9887344407960568,0.9862367564622616,0.016577601432800293,0.04423367977142334,0.054419517517089844,0.9999312993227265,0.9995110247901138,0.9992600399407394,-0.6768113374710083,0.9438469409942627,0.06504407525062561,0.3792251275510204,0.8800503204583638,0.44225847721099854
15,client_6,False,orig,raw,pretrained,0.9880885481834412,0.04855465888977051,0.073280930519104,0.11041879653930664,0.9994108717086985,0.99865882689425,0.9969588765283011,0.9879709727886723,0.9819285010870995,0.9729566458470378,0.05145406723022461,0.07509493827819824,0.10949921607971191,0.9993384481629688,0.998591676863076,0.9970092060444817,-0.6833094358444214,0.9424923062324524,0.07737328857183456,0.3783482142857143,0.9972611521251455,0.5733100175857544
15,client_7,False,orig,raw,pretrained,0.9381842017173767,0.05130600929260254,0.07670950889587402,0.05744147300720215,0.9993422480112089,0.9985305343205331,0.9991756293400054,0.9872958576545505,0.9810950243945333,0.9857928536127414,0.04847419261932373,0.07741427421569824,0.05754399299621582,0.999412821874373,0.9985034394327463,0.9991726859128558,-0.941007673740387,0.9002001285552979,0.037568893283605576,0.42275191326530615,0.9157401596076878,0.47910916805267334
15,client_8,False,orig,raw,pretrained,0.9606989622116089,0.08836126327514648,0.04589807987213135,0.04909968376159668,0.9980509256538261,0.9994735495210436,0.9993975775867392,0.9782704417984125,0.9886234908915343,0.9878371817977982,0.08655440807342529,0.045177459716796875,0.048802852630615234,0.9981297112461587,0.9994899444849339,0.9994048361923371,-0.8339167237281799,0.8849719762802124,0.003244176274165511,0.47823660714285715,0.9252335375792172,0.4685347080230713
15,client_9,False,orig,raw,pretrained,0.9616184830665588,0.06120562553405762,0.04375958442687988,0.04481673240661621,0.9990641252664612,0.9995214465222102,0.999498054166444,0.9848724483964792,0.9891492254525898,0.9888892803915172,0.0651935338973999,0.04375958442687988,0.04512941837310791,0.9989382969531861,0.9995214465222102,0.9994910282720344,-0.7270844578742981,0.8660926818847656,0.029486756771802902,0.41055484693877553,0.8283512311891954,0.4720085859298706
15,client_0,True,orig,clip01,random,0.7896740436553955,0.10382938385009766,0.2712025046348572,0.3256198763847351,0.9973103029684611,0.9818628584921578,0.9740108827637608,0.9745395280394178,0.9354999713482948,0.9233125460653464,0.1651475429534912,0.2710573673248291,0.343424916267395,0.9932162852767554,0.9818820012916638,0.9711544845137254,-1.2229759693145752,1.3403013944625854,0.000913999043405056,0.49784757653061223,0.009723897624237242,
15,client_1,True,orig,clip01,random,0.8016945719718933,0.10419726371765137,0.16690611839294434,0.32442402839660645,0.997291248178934,0.9930717988238884,0.9741977181846753,0.9744510555531198,0.9595444728351863,0.923577798118481,0.1707857847213745,0.1688319444656372,0.3482712507247925,0.9927477435094021,0.9929118520006566,0.9703529495244216,-0.9997208118438721,1.0796014070510864,0.005581872072070837,0.4965720663265306,-0.016682520130535287,
15,client_2,False,orig,clip01,random,0.9643324017524719,0.07316231727600098,0.04424107074737549,0.08374714851379395,0.9986631607021075,0.9995108614313373,0.9982489069301415,0.9819573546132356,0.9890308187267303,0.9793875197322017,0.062436699867248535,0.04328715801239014,0.0837477445602417,0.999026126535056,0.9995317200174718,0.9982488820369886,-0.6207340955734253,1.0239835977554321,0.08627921342849731,0.31784119897959184,0.7284888423415822,
15,client_3,False,orig,clip01,random,0.9624127149581909,0.04007232189178467,0.04561483860015869,0.04175448417663574,0.9995986730929678,0.9994800244948456,0.9995642832020419,0.9900566996692173,0.9886930997383978,0.9896425468891026,0.022806286811828613,0.044689059257507324,0.04081392288208008,0.9998699810005616,0.9995009088933902,0.9995836859584946,-0.878329336643219,1.02261221408844,0.05028442293405533,0.3413584183673469,0.6249368910889612,
15,client_4,False,orig,clip01,random,0.9270469546318054,0.07594752311706543,0.058257460594177246,0.11836779117584229,0.998559551497352,0.9991520567135654,0.9965064472752945,0.9812801689579713,0.9855932199351545,0.971052302002414,0.048171281814575195,0.05820024013519287,0.1145472526550293,0.9994201342088864,0.9991537205378997,0.9967277845282292,-0.982384979724884,1.0240387916564941,0.008125039748847485,0.42227359693877553,0.6519256895811959,
15,client_5,False,orig,clip01,random,0.9640785455703735,0.04144012928009033,0.06581687927246094,0.060219526290893555,0.9995708171198581,0.9989179135871922,0.9990940182368917,0.989719922138578,0.9837466678533124,0.9851134432645223,0.022499442100524902,0.064491868019104,0.058358073234558105,0.9998734557876532,0.9989610100759012,0.9991491272009208,-0.6768113374710083,0.9438469409942627,0.06504407525062561,0.3792251275510204,0.8800503204583638,
15,client_6,False,orig,clip01,random,0.9880885481834412,0.05431830883026123,0.049275875091552734,0.08315873146057129,0.9992627881963074,0.9993932482857699,0.9982733954828429,0.9865575054797924,0.9877939367196258,0.9795301132435776,0.04305863380432129,0.050313711166381836,0.08090090751647949,0.9995366495969524,0.9993674328834321,0.998365766598152,-0.6833094358444214,0.9424923062324524,0.07737328857183456,0.3783482142857143,0.9972611521251455,
15,client_7,False,orig,clip01,random,0.9381842017173767,0.12598085403442383,0.09058141708374023,0.052884459495544434,0.996043983007566,0.9979519031962412,0.9993011749695602,0.9692336795034322,0.9777336236278411,0.9869088564507915,0.11292457580566406,0.08868777751922607,0.05192434787750244,0.99681961660571,0.9980365157850133,0.9993263061157296,-0.941007673740387,0.9002001285552979,0.037568893283605576,0.42275191326530615,0.9157401596076878,
15,client_8,False,orig,clip01,random,0.9606989622116089,0.10590100288391113,0.08028614521026611,0.032846689224243164,0.9972021293632596,0.9983904792840563,0.9997303283062917,0.9740414756262754,0.9802266864413531,0.9918386304854176,0.08846449851989746,0.07846832275390625,0.03213930130004883,0.9980463753429945,0.998462455917632,0.999741816332993,-0.8339167237281799,0.8849719762802124,0.003244176274165511,0.47823660714285715,0.9252335375792172,
15,client_9,False,orig,clip01,random,0.9616184830665588,0.07807791233062744,0.03381657600402832,0.08833682537078857,0.9984777001863756,0.9997141710852606,0.9980520020327459,0.9807626662545137,0.9915991648650038,0.9782763531799814,0.05562770366668701,0.03300631046295166,0.0871126651763916,0.9992268382734015,0.9997277014900547,0.9981055419334528,-0.7270844578742981,0.8660926818847656,0.029486756771802902,0.41055484693877553,0.8283512311891954,
15,client_0,True,orig,clip01,pretrained,0.7896740436553955,0.21283268928527832,0.09514641761779785,0.10741376876831055,0.9887710346753866,0.9977406257022297,0.997121798741355,0.9488434459822102,0.9766312258723426,0.9736780223849368,0.11567282676696777,0.09670507907867432,0.09588789939880371,0.9966633229453423,0.9976661252168961,0.9977053344726903,-1.2229759693145752,1.3403013944625854,0.000913999043405056,0.49784757653061223,0.009723897624237242,
15,client_1,True,orig,clip01,pretrained,0.8016945719718933,0.1555243730545044,0.07089686393737793,0.16681671142578125,0.9939803583090521,0.9987445919624833,0.9930791807578652,0.9622244876563097,0.9825086868141837,0.959565481428249,0.04656660556793213,0.06978857517242432,0.15453028678894043,0.9994581081473832,0.9987834997399265,0.9940567231900554,-0.9997208118438721,1.0796014070510864,0.005581872072070837,0.4965720663265306,-0.016682520130535287,
15,client_2,False,orig,clip01,pretrained,0.9643324017524719,0.04110395908355713,0.060651540756225586,0.09020328521728516,0.9995777499059695,0.9990809815891015,0.9979689410504291,0.9898026770462682,0.9850078514487848,0.9778250221065083,0.02785944938659668,0.05936288833618164,0.0897064208984375,0.9998059910042123,0.9991195936411528,0.9979912210499975,-0.6207340955734253,1.0239835977554321,0.08627921342849731,0.31784119897959184,0.7284888423415822,
15,client_3,False,orig,clip01,pretrained,0.9624127149581909,0.02464437484741211,0.02093195915222168,0.048171281814575195,0.9998481809860713,0.9998904722695874,0.9994201342088864,0.9938672610433259,0.9947874781182289,0.9880650992782565,0.018282175064086914,0.020771265029907227,0.04648303985595703,0.9999164457550849,0.9998921473622027,0.9994600505102735,-0.878329336643219,1.02261221408844,0.05028442293405533,0.3413584183673469,0.6249368910889612,
15,client_4,False,orig,clip01,pretrained,0.9270469546318054,0.046379685401916504,0.035086631774902344,0.039050936698913574,0.9994624480155314,0.9996923030941678,0.9996188650686879,0.9885051492964041,0.9912857184945947,0.9903082942969794,0.034853577613830566,0.034741997718811035,0.03796720504760742,0.9996963761901747,0.9996983166756419,0.9996397202159877,-0.982384979724884,1.0240387916564941,0.008125039748847485,0.42227359693877553,0.6519256895811959,
15,client_5,False,orig,clip01,pretrained,0.9640785455703735,0.03791975975036621,0.0380021333694458,0.05002617835998535,0.9996406198500936,0.9996390572044103,0.9993746388320941,0.9905870455592765,0.9905667425943405,0.9876098112021965,0.02080392837524414,0.037671566009521484,0.04985928535461426,0.999891807920986,0.9996453076618586,0.9993788024826504,-0.6768113374710083,0.9438469409942627,0.06504407525062561,0.3792251275510204,0.8800503204583638,
15,client_6,False,orig,clip01,pretrained,0.9880885481834412,0.048725128173828125,0.06894278526306152,0.11726069450378418,0.9994067295807725,0.9988127812672138,0.9965713248475356,0.98792912360288,0.9829846145952086,0.9713171939784184,0.057123780250549316,0.07133197784423828,0.11834979057312012,0.9991847172903532,0.9987291498307216,0.996507506963141,-0.6833094358444214,0.9424923062324524,0.07737328857183456,0.3783482142857143,0.9972611521251455,
15,client_7,False,orig,clip01,pretrained,0.9381842017173767,0.0528336763381958,0.08197379112243652,0.05526590347290039,0.9993025157394022,0.998322188676203,0.9992368570503767,0.9869213038173568,0.9798173592649053,0.9863254095481582,0.0524829626083374,0.083548903465271,0.05561089515686035,0.9993117401418004,0.9982571766153825,0.9992273051703247,-0.941007673740387,0.9002001285552979,0.037568893283605576,0.42275191326530615,0.9157401596076878,
15,client_8,False,orig,clip01,pretrained,0.9606989622116089,0.08793747425079346,0.05268371105194092,0.04199683666229248,0.998069549698533,0.9993064675992411,0.9995592122022638,0.978372961403841,0.9869580629087844,0.9895829004944465,0.0967174768447876,0.05261635780334473,0.04243886470794678,0.9976655278128623,0.999308238832795,0.9995498876991666,-0.8339167237281799,0.8849719762802124,0.003244176274165511,0.47823660714285715,0.9252335375792172,
15,client_9,False,orig,clip01,pretrained,0.9616184830665588,0.05784201622009277,0.04078257083892822,0.05176210403442383,0.9991640997070608,0.9995843251136549,0.9993305075018011,0.9856948519974196,0.9898818027941279,0.987184009883586,0.0714569091796875,0.04138016700744629,0.05286276340484619,0.9987246986429126,0.9995720578451288,0.9993017479439963,-0.7270844578742981,0.8660926818847656,0.029486756771802902,0.41055484693877553,0.8283512311891954,
15,client_0,True,flip,raw,random,,0.4881725311279297,0.3404754400253296,0.4530390501022339,0.9429837627964373,0.9716372794740484,0.9505991397237634,0.8882965826568785,0.9200269541713009,0.8956933698241869,0.8790032863616943,0.3430737257003784,0.4591824412345886,0.8316560456896507,0.9712121697709186,0.9493020502994574,,,,0.0,0.009723897624237242,
15,client_1,True,flip,raw,random,,0.0,0.3404754400253296,0.3404754400253296,1.0,0.9716372794740484,0.9716372794740484,1.0,0.9200269541713009,0.9200269541713009,0.0,0.3430737257003784,0.3430737257003784,1.0,0.9712121697709186,0.9712121697709186,,,,0.0,-0.016682520130535287,
15,client_2,False,flip,raw,random,0.8466559648513794,0.36348819732666016,0.12487292289733887,0.484762966632843,0.9677699980842849,0.9961130568498264,0.9437435688977971,0.91497187003119,0.9694980259899668,0.8890103712719248,0.38258183002471924,0.12308108806610107,0.4998995065689087,0.9643884691442994,0.9962234921762878,0.9403370052473081,-0.8617441654205322,1.011920690536499,-0.05332843214273453,0.6014030612244898,0.7284888423415822,
15,client_3,False,flip,raw,random,0.8188949823379517,0.17562651634216309,0.05218791961669922,0.1411418914794922,0.992333203901191,0.9993194528196121,0.9950382832998381,0.9574986943250641,0.9870796046103323,0.9656271845503588,0.19630861282348633,0.05218791961669922,0.14170420169830322,0.9904349093915075,0.9993194528196121,0.9949988182492853,-0.8982234597206116,0.8394747376441956,-0.039659399539232254,0.5920758928571429,0.6249368910889612,
15,client_4,False,flip,raw,random,0.8970524072647095,0.14990413188934326,0.13119232654571533,0.06132304668426514,0.9944057708001222,0.9957109902298085,0.9990605334599592,0.9635520123305434,0.967991700597804,0.9848437574899611,0.14435362815856934,0.1316601037979126,0.0604710578918457,0.994810792328874,0.9956804493979878,0.9990864392176197,-0.604267418384552,0.8835679292678833,0.004477251321077347,0.5183354591836735,0.6519256895811959,
15,client_5,False,flip,raw,random,0.8846349120140076,0.1950361728668213,0.12685132026672363,0.21486425399780273,0.9905576293289307,0.9959892909840518,0.988557494968423,0.9529687064275172,0.9690260667977102,0.9483742333069829,0.1411430835723877,0.12685132026672363,0.21486425399780273,0.9950381997977646,0.9959892909840518,0.988557494968423,-0.838188111782074,0.9884194135665894,-0.07273422926664352,0.6537786989795918,0.8800503204583638,
15,client_6,False,flip,raw,random,0.8985609412193298,0.14237213134765625,0.2226254940032959,0.3318202495574951,0.9949517396055556,0.9877236880359264,0.9730320144875186,0.965335420500474,0.9465848948160731,0.9219390719845224,0.16701018810272217,0.2239515781402588,0.3425803780555725,0.9930632013749543,0.987578372818543,0.9712931142042618,-1.0888066291809082,0.7036409974098206,-0.08973199129104614,0.6145567602040817,0.9972611521251455,
15,client_7,False,flip,raw,random,0.8663979768753052,0.19474554061889648,0.08962070941925049,0.09383106231689453,0.9905855504652854,0.9979950520864598,0.9978025612224866,0.953036298943917,0.9779658619537617,0.9769486783655443,0.17235851287841797,0.08733808994293213,0.0941169261932373,0.9926143039971411,0.9980957385508413,0.997789173722986,-0.6317335963249207,0.8748704195022583,0.00796023290604353,0.4962531887755102,0.9157401596076878,
15,client_8,False,flip,raw,random,0.971735417842865,0.31888270378112793,0.04512810707092285,0.2678006887435913,0.9750551934486025,0.9994910578381706,0.9823089898630875,0.9248084216506292,0.9888127351508478,0.9362698705854264,0.3675755262374878,0.04431653022766113,0.2708394527435303,0.9670592078051625,0.999509192031405,0.9819107248140162,-0.6803544163703918,0.5610631108283997,0.010803290642797947,0.48668686224489793,0.9252335375792172,
15,client_9,False,flip,raw,random,0.954201877117157,0.40430986881256104,0.08530223369598389,0.2685610055923462,0.9603532098690493,0.998183361167281,0.9822097404129391,0.9061070733229262,0.9790108195339826,0.936097712967509,0.34563732147216797,0.08286654949188232,0.2693018913269043,0.97078984509147,0.998285491594961,0.982112771293874,-0.6652749180793762,0.9081169366836548,-0.004292342346161604,0.5473533163265306,0.8283512311891954,
15,client_0,True,flip,raw,pretrained,,0.9379832148551941,0.2851001024246216,0.7686486840248108,0.8117254844604764,0.979985100927877,0.867205383017746,0.8012081591213591,0.9323645339193021,0.8324138789504343,1.559370517730713,0.27395570278167725,0.9367256164550781,0.5891051000919414,0.9814978933277045,0.8121561463651421,,,,0.0,0.009723897624237242,0.5807092189788818
15,client_1,True,flip,raw,pretrained,,0.0,0.28655993938446045,0.28655993938446045,1.0,0.9797827339822645,0.9797827339822645,1.0,0.9320360975260296,0.9320360975260296,0.0,0.27395570278167725,0.27395570278167725,1.0,0.9814978933277045,0.9814978933277045,,,,0.0,-0.016682520130535287,0.694443941116333
15,client_2,False,flip,raw,pretrained,0.8466559648513794,0.29909026622772217,0.08266615867614746,0.1977090835571289,0.9780059314378662,0.9982937631363697,0.9902989457023439,0.9292241473031229,0.9796495043853086,0.952347403596109,0.16064274311065674,0.08268368244171143,0.1854335069656372,0.9935795623771535,0.998293040602027,0.9914587164552013,-0.8617441654205322,1.011920690536499,-0.05332843214273453,0.6014030612244898,0.7284888423415822,0.6615232229232788
15,client_3,False,flip,raw,pretrained,0.8188949823379517,0.11006641387939453,0.06267225742340088,0.18008464574813843,0.9969782120584887,0.9990187697458355,0.9919414194874641,0.9730411960667948,0.9845141787726563,0.9564553611079578,0.15061748027801514,0.06440359354019165,0.18392986059188843,0.9943526279181305,0.9989638501947777,0.9915958032857703,-0.8982234597206116,0.8394747376441956,-0.039659399539232254,0.5920758928571429,0.6249368910889612,0.5428014993667603
15,client_4,False,flip,raw,pretrained,0.8970524072647095,0.03779792785644531,0.1261410117149353,0.18294018507003784,0.9996429248182974,0.9960339481176466,0.9916854379059519,0.9906170751123262,0.9691954756851378,0.955787978145815,0.09789800643920898,0.1296122670173645,0.18665426969528198,0.9976082939605149,0.9958133576913528,0.9913466202315033,-0.604267418384552,0.8835679292678833,0.004477251321077347,0.5183354591836735,0.6519256895811959,0.5488830804824829
15,client_5,False,flip,raw,pretrained,0.8846349120140076,0.4612152576446533,0.07304203510284424,0.10696196556091309,0.9488695953698101,0.9986675483476144,0.9971459086211736,0.8939637386344563,0.9819866154182,0.9737865501340679,0.11225318908691406,0.06438934803009033,0.09380161762237549,0.9968572328389464,0.998964308162503,0.9978039378703389,-0.838188111782074,0.9884194135665894,-0.07273422926664352,0.6537786989795918,0.8800503204583638,0.594245433807373
15,client_6,False,flip,raw,pretrained,0.8985609412193298,0.22853171825408936,0.12041473388671875,0.15654027462005615,0.9870700855738819,0.9963849046708446,0.9939018208630648,0.9452266241287426,0.9705628212480808,0.9619848206017592,0.12689423561096191,0.11156821250915527,0.15654027462005615,0.9959865849578582,0.9968953814864798,0.9939018208630648,-1.0888066291809082,0.7036409974098206,-0.08973199129104614,0.6145567602040817,0.9972611521251455,0.8215585350990295
15,client_7,False,flip,raw,pretrained,0.8663979768753052,0.1457858681678772,0.10475373268127441,0.14250952005386353,0.9947077206512944,0.9972622981582919,0.9949420288038657,0.9645265107317007,0.9743172516471035,0.9653028455730475,0.15208208560943604,0.10475373268127441,0.1487562656402588,0.994242740820769,0.9972622981582919,0.9944907635514704,-0.6317335963249207,0.8748704195022583,0.00796023290604353,0.4962531887755102,0.9157401596076878,0.6242777109146118
15,client_8,False,flip,raw,pretrained,0.971735417842865,0.1311866044998169,0.12323576211929321,0.1532127857208252,0.9957113631536727,0.9962140214450468,0.9941571913753686,0.9679930629438271,0.9698888420872751,0.9627701615525397,0.2771710157394409,0.12733572721481323,0.1584520936012268,0.9810672656856105,0.9959586942121574,0.993752660739597,-0.6803544163703918,0.5610631108283997,0.010803290642797947,0.48668686224489793,0.9252335375792172,0.5726476907730103
15,client_9,False,flip,raw,pretrained,0.954201877117157,0.3773540258407593,0.052069664001464844,0.5152279138565063,0.9653297466929163,0.9993225319419647,0.936800213464609,0.9119461947802288,0.9871085979178649,0.8826630598168679,0.711885392665863,0.05362904071807861,0.7607724070549011,0.8844161360258571,0.9992813690559361,0.8696411737896155,-0.6652749180793762,0.9081169366836548,-0.004292342346161604,0.5473533163265306,0.8283512311891954,0.6492154598236084
15,client_0,True,flip,clip01,random,,0.6941767930984497,0.21741390228271484,0.8453423976898193,0.8896142940022211,0.9882867279518712,0.8427612703830585,0.8467228659585291,0.9477858566843074,0.8180566427626774,1.199083924293518,0.2125948667526245,0.740821123123169,0.7187772233981227,0.9887959042883037,0.8757439115837913,,,,0.0,0.009723897624237242,
15,client_1,True,flip,clip01,random,,0.0,0.21741390228271484,0.21741390228271484,1.0,0.9882867279518712,0.9882867279518712,1.0,0.9477858566843074,0.9477858566843074,0.0,0.2125948667526245,0.2125948667526245,1.0,0.9887959042883037,0.9887959042883037,,,,0.0,-0.016682520130535287,
15,client_2,False,flip,clip01,random,0.8466559648513794,0.3447161912918091,0.0968470573425293,0.21535563468933105,0.9709419214392663,0.9976592792407077,0.9885055512657106,0.9190922582866399,0.9762210169632557,0.9482607957915146,0.2967149019241333,0.09833812713623047,0.20852267742156982,0.9783482223141808,0.9975867798315097,0.9892175705253161,-0.8617441654205322,1.011920690536499,-0.05332843214273453,0.6014030612244898,0.7284888423415822,
15,client_3,False,flip,clip01,random,0.8188949823379517,0.09651589393615723,0.06365132331848145,0.1880754828453064,0.9976752319383606,0.998987896182761,0.9912152152949476,0.976300876138747,0.9842751208889973,0.9545895401532773,0.20849978923797607,0.06447303295135498,0.19931191205978394,0.9892199182545478,0.9989616163956541,0.9901421849307093,-0.8982234597206116,0.8394747376441956,-0.039659399539232254,0.5920758928571429,0.6249368910889612,
15,client_4,False,flip,clip01,random,0.8970524072647095,0.0976710319519043,0.15035516023635864,0.16611546277999878,0.9976193515580221,0.9943721990165362,0.9931369453951135,0.9760223602254234,0.963445376040799,0.9597302827919125,0.17454242706298828,0.1592726707458496,0.17475688457489014,0.9924270246993969,0.9936880943724411,0.9924085098508193,-0.604267418384552,0.8835679292678833,0.004477251321077347,0.5183354591836735,0.6519256895811959,
15,client_5,False,flip,clip01,random,0.8846349120140076,0.4528592824935913,0.0660630464553833,0.12807583808898926,0.9506368718118667,0.9989098106792405,0.9959117238616733,0.8957314552821336,0.9836866234926225,0.9687341231681246,0.1622791290283203,0.06286096572875977,0.12077152729034424,0.9934487394608873,0.9990128561963378,0.9963635081598581,-0.838188111782074,0.9884194135665894,-0.07273422926664352,0.6537786989795918,0.8800503204583638,
15,client_6,False,flip,clip01,random,0.8985609412193298,0.2146080732345581,0.13055241107940674,0.19004690647125244,0.9885845303228658,0.9957525960354696,0.9910313316947055,0.9484333819142368,0.9681440741407727,0.9541300634865886,0.1503145694732666,0.12348318099975586,0.1921072006225586,0.9943752244042297,0.9961988474758385,0.9908371652773658,-1.0888066291809082,0.7036409974098206,-0.08973199129104614,0.6145567602040817,0.9972611521251455,
15,client_7,False,flip,clip01,random,0.8663979768753052,0.13975071907043457,0.10804688930511475,0.1933419108390808,0.9951352566594522,0.997087843601435,0.9907198279972094,0.9659572749935104,0.973525970910952,0.9533628433930115,0.27658700942993164,0.10793423652648926,0.21072059869766235,0.9811458340704959,0.9970938997948364,0.9889909600194524,-0.6317335963249207,0.8748704195022583,0.00796023290604353,0.4962531887755102,0.9157401596076878,
15,client_8,False,flip,clip01,random,0.971735417842865,0.18996191024780273,0.10821890830993652,0.1520313024520874,0.9910392981682739,0.997078583808076,0.9942465684933461,0.9541498665703432,0.9734846646471449,0.963049242304133,0.29165852069854736,0.11764681339263916,0.1546308994293213,0.9790683468352319,0.9965487662014143,0.9940490160836193,-0.6803544163703918,0.5610631108283997,0.010803290642797947,0.48668686224489793,0.9252335375792172,
15,client_9,False,flip,clip01,random,0.954201877117157,0.15662896633148193,0.0957413911819458,0.31502896547317505,0.9938949404468729,0.9977123291800725,0.9756434737714832,0.9619639010969019,0.9764876837140879,0.9256657190012174,0.30520761013031006,0.0969390869140625,0.33746784925460815,0.977112702288006,0.9976548363872431,0.9721256652386965,-0.6652749180793762,0.9081169366836548,-0.004292342346161604,0.5473533163265306,0.8283512311891954,
15,client_0,True,flip,clip01,pretrained,,0.9317082762718201,0.22474300861358643,0.7584171891212463,0.8138719989598224,0.9874912502842765,0.8703666560155441,0.8023327147706685,0.9460975870007,0.8343580056645277,1.5870137214660645,0.2156161069869995,0.9676222801208496,0.5795047874706265,0.9884779703643225,0.8015108559542123,,,,0.0,0.009723897624237242,
15,client_1,True,flip,clip01,pretrained,,0.0,0.22474300861358643,0.22474300861358643,1.0,0.9874912502842765,0.9874912502842765,1.0,0.9460975870007,0.9460975870007,0.0,0.2156161069869995,0.2156161069869995,1.0,0.9884779703643225,0.9884779703643225,,,,0.0,-0.016682520130535287,
15,client_2,False,flip,clip01,pretrained,0.8466559648513794,0.2884595990180969,0.07777917385101318,0.22223985195159912,0.9795179447223858,0.9984893138447306,0.9877657915542883,0.9316089695950716,0.9808352095036019,0.9466736839890637,0.1616758108139038,0.07777917385101318,0.2076859474182129,0.9934971237809125,0.9984893138447306,0.9893032350652169,-0.8617441654205322,1.011920690536499,-0.05332843214273453,0.6014030612244898,0.7284888423415822,
15,client_3,False,flip,clip01,pretrained,0.8188949823379517,0.09554922580718994,0.06187659502029419,0.1575036644935608,0.9977214875831866,0.9990435084589124,0.993826879298267,0.976534041693554,0.9847085193334586,0.9617576246987094,0.13053321838378906,0.06527841091156006,0.1582431197166443,0.9957538407975033,0.9989355328495682,0.9937690513801054,-0.8982234597206116,0.8394747376441956,-0.039659399539232254,0.5920758928571429,0.6249368910889612,
15,client_4,False,flip,clip01,pretrained,0.8970524072647095,0.03956031799316406,0.1349787712097168,0.20959413051605225,0.9996088600908037,0.9954606962696109,0.9891073884501707,0.990182808001757,0.9670908274661412,0.949592149152827,0.11794251203536987,0.14494633674621582,0.22730547189712524,0.9965314406530816,0.9947682593189524,0.9872071399357913,-0.604267418384552,0.8835679292678833,0.004477251321077347,0.5183354591836735,0.6519256895811959,
15,client_5,False,flip,clip01,pretrained,0.8846349120140076,0.5244408845901489,0.08681535720825195,0.13302266597747803,0.9346330083726335,0.9981184328852635,0.9955908773576168,0.8807570034154606,0.9786444927622959,0.9675560678850315,0.1918637752532959,0.08237028121948242,0.127710223197937,0.9908602122733947,0.9983059396570417,0.9959349608288306,-0.838188111782074,0.9884194135665894,-0.07273422926664352,0.6537786989795918,0.8800503204583638,
15,client_6,False,flip,clip01,pretrained,0.8985609412193298,0.21690988540649414,0.128851056098938,0.12547844648361206,0.9883404978672308,0.9958622371807833,0.9960753802669984,0.9479021240172758,0.9685493677022907,0.969353537863749,0.14756858348846436,0.12063193321228027,0.12547844648361206,0.9945780280694276,0.9963718869209897,0.9960753802669984,-1.0888066291809082,0.7036409974098206,-0.08973199129104614,0.6145567602040817,0.9972611521251455,
15,client_7,False,flip,clip01,pretrained,0.8663979768753052,0.14433282613754272,0.16385889053344727,0.13920611143112183,0.9948122819741747,0.9933212104875322,0.9951729614029827,0.9648706951242287,0.9602608914359434,0.9660865429317338,0.19311481714248657,0.16385889053344727,0.1470593810081482,0.9907414640686689,0.9933212104875322,0.9946152307847334,-0.6317335963249207,0.8748704195022583,0.00796023290604353,0.4962531887755102,0.9157401596076878,
15,client_8,False,flip,clip01,pretrained,0.971735417842865,0.12254512310028076,0.14494609832763672,0.1522112488746643,0.9962562184707338,0.9947682764624557,0.9942329997533124,0.9700537794636452,0.9647254058647305,0.9630067289221713,0.32025688886642456,0.15308082103729248,0.16147375106811523,0.9748438216724176,0.9941672079944033,0.9935132888713878,-0.6803544163703918,0.5610631108283997,0.010803290642797947,0.48668686224489793,0.9252335375792172,
15,client_9,False,flip,clip01,pretrained,0.954201877117157,0.3328641653060913,0.0655508041381836,0.5519128441810608,0.9728655400522992,0.9989266378828372,0.9279899963435738,0.9217081316061597,0.9838115742879892,0.8751100681212771,0.749543309211731,0.06618225574493408,0.8180854320526123,0.8730879964812881,0.9989058759171046,0.851592669002007,-0.6652749180793762,0.9081169366836548,-0.004292342346161604,0.5473533163265306,0.8283512311891954,
15,client_0,True,flip_global,raw,random,0.9212244153022766,0.0901181697845459,0.3010517358779907,0.3026767373085022,0.9979727664117721,0.977721362482078,0.9774842942282445,0.9778455971768809,0.9287851260330171,0.9284216502076417,0.09041476249694824,0.30808937549591064,0.3168303370475769,0.997959421043747,0.9766860852968957,0.9753693150617346,-0.8198277950286865,0.8217594027519226,0.006047148257493973,0.49410076530612246,0.009723897624237242,
15,client_1,True,flip_global,raw,random,0.9243422746658325,0.14405417442321777,0.2505866289138794,0.3277682065963745,0.9948322160152339,0.9844845315962498,0.9736736440971123,0.9649367208807254,0.9401804039952923,0.9228363109291113,0.12634801864624023,0.2574912905693054,0.3358587622642517,0.9960209591629645,0.9836284013030911,0.972385326465006,-0.8377839922904968,0.8251119256019592,0.00230065593495965,0.49888392857142855,-0.016682520130535287,
15,client_2,False,flip_global,raw,random,0.9212462902069092,0.23115622997283936,0.06839632987976074,0.2728433609008789,0.986774370046728,0.9988315105519288,0.9816457651307493,0.9446239978254047,0.9831177690485746,0.935128952906918,0.1759737730026245,0.06653499603271484,0.2757207155227661,0.9923030311058034,0.9988941915422318,0.9812620916696286,-0.970853328704834,0.8553402423858643,-0.06646116077899933,0.6011639030612245,0.7284888423415822,
15,client_3,False,flip_global,raw,random,0.8542227149009705,0.09849250316619873,0.04196000099182129,0.06999504566192627,0.9975792108742525,0.999559984843172,0.998776297643104,0.9758243674522913,0.9895919659293662,0.9827282871717129,0.10237693786621094,0.041680335998535156,0.07080590724945068,0.9973848811367039,0.9995658288280715,0.9987478081079424,-0.9226401448249817,0.794456422328949,-0.021816840395331383,0.5262276785714286,0.6249368910889612,
15,client_4,False,flip_global,raw,random,0.9411460161209106,0.11692404747009277,0.08002161979675293,0.06899213790893555,0.9965909332520473,0.998401055152468,0.9988110824359131,0.9713977641009377,0.9802908685714589,0.9829725901984872,0.09647965431213379,0.07896208763122559,0.06833457946777344,0.997676974368118,0.9984430676016827,0.9988336176541006,-0.8032090663909912,0.8702414631843567,0.002113533206284046,0.5184948979591837,0.6519256895811959,
15,client_5,False,flip_global,raw,random,0.9289463758468628,0.29537057876586914,0.16048765182495117,0.25339317321777344,0.9785408093931551,0.9935918938906676,0.9841392118875851,0.930057555096294,0.9610544231982332,0.9395411653144046,0.192793607711792,0.1604170799255371,0.25339317321777344,0.9907720246891905,0.9935975012886733,0.9841392118875851,-1.0078163146972656,0.8172942996025085,-0.08431605249643326,0.6236447704081632,0.8800503204583638,
15,client_6,False,flip_global,raw,random,0.9078814387321472,0.1301363706588745,0.10639238357543945,0.18112409114837646,0.9957795382733079,0.9971761600307145,0.9918486942827225,0.9682431589741447,0.9739233954321771,0.9562123458943299,0.11934149265289307,0.10653722286224365,0.18731796741485596,0.9964488882805598,0.9971684825687555,0.9912853757395723,-1.0771546363830566,0.7051979303359985,-0.09026241302490234,0.6211734693877551,0.9972611521251455,
15,client_7,False,flip_global,raw,random,0.9531577229499817,0.15229904651641846,0.06318366527557373,0.06907737255096436,0.9942263737055119,0.9990027026908028,0.9988081456114386,0.9629859872452384,0.9843892977802853,0.9829518239462351,0.11739015579223633,0.06130385398864746,0.06769263744354248,0.9965637693677531,0.9990611210164426,0.9988554102239671,-0.7567334175109863,0.8068177700042725,-0.0062692309729754925,0.5239955357142857,0.9157401596076878,
15,client_8,False,flip_global,raw,random,0.9833202958106995,0.3010258674621582,0.06964325904846191,0.1809389591217041,0.9777251267506613,0.9987885559420417,0.9918652473550902,0.9287909139393162,0.9828139701534551,0.9562556217037821,0.3447294235229492,0.06848645210266113,0.18447458744049072,0.9709397394502739,0.9988284319179359,0.9915462664092669,-0.8246721029281616,0.5810701251029968,0.011714361608028412,0.49314413265306123,0.9252335375792172,
15,client_9,False,flip_global,raw,random,0.9770073294639587,0.3176257610321045,0.08450102806091309,0.22355997562408447,0.9752477954487961,0.9982172812228229,0.9876213719380833,0.925087908116448,0.9792048745470137,0.9463697942223339,0.2963993549346924,0.0829552412033081,0.22339677810668945,0.9783935008510438,0.9982818243024199,0.9876392701226318,-0.7134793400764465,0.8801102638244629,-0.010061470791697502,0.5485491071428571,0.8283512311891954,
15,client_0,True,flip_global,raw,pretrained,0.9212244153022766,0.10946190357208252,0.19861817359924316,0.2956209182739258,0.9970112393880695,0.9902101851328426,0.978505007836155,0.973186267150908,0.9521362295086655,0.9300014304567272,0.03925323486328125,0.19536137580871582,0.2900350093841553,0.9996149071467522,0.9905263390165158,0.9792971069353575,-0.8198277950286865,0.8217594027519226,0.006047148257493973,0.49410076530612246,0.009723897624237242,0.49139130115509033
15,client_1,True,flip_global,raw,pretrained,0.9243422746658325,0.12084007263183594,0.1937021017074585,0.298306941986084,0.9963593904004979,0.9906854605647075,0.9781190904725889,0.9704611574520605,0.9532790315253861,0.9293995602009315,0.06266212463378906,0.19070196151733398,0.3000298738479614,0.9990190867754432,0.9909698187679428,0.977869830271044,-0.8377839922904968,0.8251119256019592,0.00230065593495965,0.49888392857142855,-0.016682520130535287,0.5791442394256592
15,client_2,False,flip_global,raw,pretrained,0.9212462902069092,0.37954509258270264,0.04560649394989014,0.1495727300643921,0.9649366491103659,0.999480214648991,0.9944303751191317,0.9114694582289729,0.9886951506156163,0.963630376710878,0.13882720470428467,0.04410266876220703,0.14354538917541504,0.9951991086108516,0.9995139159330735,0.9948685153860106,-0.970853328704834,0.8553402423858643,-0.06646116077899933,0.6011639030612245,0.7284888423415822,0.6447997093200684
15,client_3,False,flip_global,raw,pretrained,0.8542227149009705,0.056393980979919434,0.0641469955444336,0.12046307325363159,0.9992054035828755,0.9989720838878091,0.9963820094788092,0.986049214471588,0.9841541261394955,0.9705512664434133,0.1050916314125061,0.06478142738342285,0.12576419115066528,0.9972446445209082,0.9989516666490164,0.996057538256454,-0.9226401448249817,0.794456422328949,-0.021816840395331383,0.5262276785714286,0.6249368910889612,0.464028000831604
15,client_4,False,flip_global,raw,pretrained,0.9411460161209106,0.0405958890914917,0.05286586284637451,0.11377978324890137,0.99958812072489,0.9993016661048699,0.9967713796000346,0.9899277681761272,0.9869134146140246,0.9721507692798417,0.08511829376220703,0.0535283088684082,0.11955273151397705,0.998191176652454,0.9992840646925043,0.9964363396083249,-0.8032090663909912,0.8702414631843567,0.002113533206284046,0.5184948979591837,0.6519256895811959,0.5148390531539917
15,client_5,False,flip_global,raw,pretrained,0.9289463758468628,0.2896614074707031,0.07915842533111572,0.15957093238830566,0.97934957971223,0.9984353245113033,0.993664544850628,0.931338901639537,0.9805003504007186,0.9612703735709371,0.06966066360473633,0.07454884052276611,0.15463852882385254,0.9987879509127051,0.998612064064236,0.9940484314575286,-1.0078163146972656,0.8172942996025085,-0.08431605249643326,0.6236447704081632,0.8800503204583638,0.6034810543060303
15,client_6,False,flip_global,raw,pretrained,0.9078814387321472,0.22228151559829712,0.07753372192382812,0.07415890693664551,0.9877612462000025,0.9984988227863552,0.9986265305871129,0.946664090861717,0.9808948191023241,0.9817149665615255,0.06060624122619629,0.0720754861831665,0.07476353645324707,0.9990823529280175,0.9987025449998621,0.9986040666017166,-1.0771546363830566,0.7051979303359985,-0.09026241302490234,0.6211734693877551,0.9972611521251455,0.8231582641601562
15,client_7,False,flip_global,raw,pretrained,0.9531577229499817,0.18025535345077515,0.05829334259033203,0.08846938610076904,0.9919262269984448,0.999151012525064,0.9980461597816177,0.9564154444490867,0.9855844426957001,0.9782442881829025,0.048750996589660645,0.05887258052825928,0.08846938610076904,0.9994060997537464,0.9991340676062181,0.9980461597816177,-0.7567334175109863,0.8068177700042725,-0.0062692309729754925,0.5239955357142857,0.9157401596076878,0.5989041328430176
15,client_8,False,flip_global,raw,pretrained,0.9833202958106995,0.09727537631988525,0.06721949577331543,0.06280255317687988,0.9976385659262033,0.998871341161583,0.9990146885639546,0.9761177435232642,0.9834046194473032,0.9844823595168144,0.1014014482498169,0.0693427324295044,0.060559988021850586,0.9974343840823114,0.99879897930122,0.9990837520829428,-0.8246721029281616,0.5810701251029968,0.011714361608028412,0.49314413265306123,0.9252335375792172,0.537519097328186
15,client_9,False,flip_global,raw,pretrained,0.9770073294639587,0.2905346155166626,0.0422285795211792,0.3930099606513977,0.9792268376468753,0.999554335786432,0.9624764345943237,0.9311427499469764,0.9895258703249805,0.908547965739023,0.47521889209747314,0.043147921562194824,0.45951104164123535,0.9458468931715844,0.9995347266395078,0.9492322542890961,-0.7134793400764465,0.8801102638244629,-0.010061470791697502,0.5485491071428571,0.8283512311891954,0.5950964689254761
15,client_0,True,flip_global,clip01,random,0.9212244153022766,0.08448195457458496,0.2888551950454712,0.3565324544906616,0.9982180848431552,0.9794625969613084,0.9689630971302376,0.9792094949206196,0.9315200590569885,0.9164953829036249,0.11061966419219971,0.29961562156677246,0.37672364711761475,0.9969478273491152,0.977929883385459,0.9654424652189535,-0.8198277950286865,0.8217594027519226,0.006047148257493973,0.49410076530612246,0.009723897624237242,
15,client_1,True,flip_global,clip01,random,0.9243422746658325,0.11289870738983154,0.3185374140739441,0.19593417644500732,0.9968210700680649,0.9751081724581199,0.9904711022443546,0.9723619312366059,0.9248851856025437,0.9527599027026508,0.13743829727172852,0.3308493494987488,0.20084726810455322,0.9952943522231594,0.9731864139178283,0.9899908715374504,-0.8377839922904968,0.8251119256019592,0.00230065593495965,0.49888392857142855,-0.016682520130535287,
15,client_2,False,flip_global,clip01,random,0.9212462902069092,0.38554930686950684,0.049033403396606445,0.12540292739868164,0.9638490286880002,0.9993992021937599,0.99608008900826,0.9101649705061736,0.9878534506410956,0.9693715562243737,0.10572695732116699,0.04750490188598633,0.12273621559143066,0.997211299033459,0.9994360597093346,0.9962445664635677,-0.970853328704834,0.8553402423858643,-0.06646116077899933,0.6011639030612245,0.7284888423415822,
15,client_3,False,flip_global,clip01,random,0.8542227149009705,0.11098909378051758,0.06136894226074219,0.06337428092956543,0.996927454090766,0.9990591276899252,0.9989966807565305,0.9728198328668622,0.9848325436187286,0.9843427573104235,0.11737120151519775,0.061122894287109375,0.06436276435852051,0.9965648760723615,0.9990666518179929,0.9989651625100147,-0.9226401448249817,0.794456422328949,-0.021816840395331383,0.5262276785714286,0.6249368910889612,
15,client_4,False,flip_global,clip01,random,0.9411460161209106,0.1567472219467163,0.04460275173187256,0.05761730670928955,0.9938857606076381,0.9995028340928036,0.9991705778094147,0.9619360094866656,0.9889418884204437,0.985749830269764,0.07821416854858398,0.043039917945861816,0.05673015117645264,0.9984723884182456,0.9995370521691889,0.9991959077396526,-0.8032090663909912,0.8702414631843567,0.002113533206284046,0.5184948979591837,0.6519256895811959,
15,client_5,False,flip_global,clip01,random,0.9289463758468628,0.30935168266296387,0.052736759185791016,0.13207924365997314,0.9764980392864742,0.9993050709650966,0.9956529929290296,0.9269308590437866,0.9869450596566998,0.967780571769846,0.05214667320251465,0.051249146461486816,0.12972867488861084,0.9993205275793535,0.9993437044687481,0.9958058577526165,-1.0078163146972656,0.8172942996025085,-0.08431605249643326,0.6236447704081632,0.8800503204583638,
15,client_6,False,flip_global,clip01,random,0.9078814387321472,0.21560561656951904,0.07336723804473877,0.08007514476776123,0.9884790817960676,0.9986556690552353,0.9983989179984256,0.9482030941386348,0.9819075069593755,0.9802778812321227,0.05073368549346924,0.0710606575012207,0.08082199096679688,0.9993568337048231,0.9987387899988709,0.9983689494406258,-1.0771546363830566,0.7051979303359985,-0.09026241302490234,0.6211734693877551,0.9972611521251455,
15,client_7,False,flip_global,clip01,random,0.9531577229499817,0.1517161726951599,0.04465508460998535,0.1043391227722168,0.9942702926433387,0.9995016671847272,0.9972838825567278,0.9631237003211,0.9889290217791857,0.9744169426829896,0.05804014205932617,0.04464304447174072,0.10184502601623535,0.9991583671147264,0.9995019357743389,0.9974119322444268,-0.7567334175109863,0.8068177700042725,-0.0062692309729754925,0.5239955357142857,0.9157401596076878,
15,client_8,False,flip_global,clip01,random,0.9833202958106995,0.09243655204772949,0.05959010124206543,0.0762789249420166,0.9978672884607214,0.99911284568314,0.9985469668269475,0.9772854035965557,0.9852673160527614,0.9811996396909959,0.04900944232940674,0.057843804359436035,0.07485997676849365,0.9993997889676209,0.999164048056302,0.9986004667279011,-0.8246721029281616,0.5810701251029968,0.011714361608028412,0.49314413265306123,0.9252335375792172,
15,client_9,False,flip_global,clip01,random,0.9770073294639587,0.0909569263458252,0.049646615982055664,0.10947096347808838,0.997934913412339,0.999384088039097,0.9970107457319926,0.9776428717513355,0.9877029499262322,0.9731840927044748,0.09229588508605957,0.04936385154724121,0.11258113384246826,0.9978737641577091,0.9993910807701469,0.9968388866165878,-0.7134793400764465,0.8801102638244629,-0.010061470791697502,0.5485491071428571,0.8283512311891954,
15,client_0,True,flip_global,clip01,pretrained,0.9212244153022766,0.13596034049987793,0.20746159553527832,0.29879307746887207,0.9953946654003512,0.9893261475728108,0.978048895953229,0.9668574974258473,0.9500856421357453,0.9292906920955566,0.04410099983215332,0.2028101682662964,0.2951371669769287,0.9995139527076831,0.9897957826019694,0.9785741645287336,-0.8198277950286865,0.8217594027519226,0.006047148257493973,0.49410076530612246,0.009723897624237242,
15,client_1,True,flip_global,clip01,pretrained,0.9243422746658325,0.13177013397216797,0.19082295894622803,0.29004573822021484,0.9956732500222019,0.9909584339770345,0.9792955991225283,0.9678541468554236,0.9539492812780472,0.9312525604606687,0.053640127182006836,0.18614959716796875,0.28470873832702637,0.9992810720674916,0.991393048534355,0.9800391879230097,-0.8377839922904968,0.8251119256019592,0.00230065593495965,0.49888392857142855,-0.016682520130535287,
15,client_2,False,flip_global,clip01,pretrained,0.9212462902069092,0.4106602668762207,0.048020005226135254,0.17203426361083984,0.9591367513448019,0.9994237689274474,0.9926419131004223,0.9047396551886815,0.988102244310294,0.9583406313801461,0.1342848539352417,0.047159671783447266,0.16939020156860352,0.995507091841207,0.9994442231140599,0.9928651509692561,-0.970853328704834,0.8553402423858643,-0.06646116077899933,0.6011639030612245,0.7284888423415822,
15,client_3,False,flip_global,clip01,pretrained,0.8542227149009705,0.0502324104309082,0.060689687728881836,0.11668002605438232,0.9993694745661668,0.9990798259848628,0.996605111686109,0.9875592105746833,0.9849985284843026,0.9714561723009623,0.10699987411499023,0.062174320220947266,0.1218482255935669,0.9971438895535225,0.9990342884961851,0.9962985601970817,-0.9226401448249817,0.794456422328949,-0.021816840395331383,0.5262276785714286,0.6249368910889612,
15,client_4,False,flip_global,clip01,pretrained,0.9411460161209106,0.035893797874450684,0.04570627212524414,0.10947853326797485,0.9996779866091583,0.9994779386732822,0.9970103332383007,0.9910865893162473,0.988670628401914,0.9731822759028512,0.08962708711624146,0.047968149185180664,0.1157335638999939,0.9979947671485978,0.9994250122445834,0.9966598267869835,-0.8032090663909912,0.8702414631843567,0.002113533206284046,0.5184948979591837,0.6519256895811959,
15,client_5,False,flip_global,clip01,pretrained,0.9289463758468628,0.34952831268310547,0.09240055084228516,0.19026756286621094,0.9701433735704181,0.9978689467331312,0.9910106339626557,0.9180333573813191,0.9772940989295897,0.9540786561193655,0.07004010677337646,0.08926594257354736,0.18835794925689697,0.9987747230048862,0.9980108703451116,0.9911889829282958,-1.0078163146972656,0.8172942996025085,-0.08431605249643326,0.6236447704081632,0.8800503204583638,
15,client_6,False,flip_global,clip01,pretrained,0.9078814387321472,0.23763561248779297,0.11029839515686035,0.0999000072479248,0.9860304388721834,0.9969654899401721,0.9975096582928131,0.9431387071693198,0.9729855335515936,0.9754852679032191,0.059508442878723145,0.10614550113677979,0.10098326206207275,0.9991152738008118,0.997189222598946,0.9974554616604216,-1.0771546363830566,0.7051979303359985,-0.09026241302490234,0.6211734693877551,0.9972611521251455,
15,client_7,False,flip_global,clip01,pretrained,0.9531577229499817,0.18918609619140625,0.048487186431884766,0.08726394176483154,0.9911118528948195,0.9994125071773323,0.9980989659233985,0.954330650333415,0.9879875376068425,0.978535930110578,0.05822789669036865,0.04873502254486084,0.08750629425048828,0.9991529165597686,0.9994064887185989,0.9980884071885776,-0.7567334175109863,0.8068177700042725,-0.0062692309729754925,0.5239955357142857,0.9157401596076878,
15,client_8,False,flip_global,clip01,pretrained,0.9833202958106995,0.09706544876098633,0.048734426498413086,0.0834355354309082,0.9976487292698037,0.9994065032297503,0.9982618969392345,0.9761683578188503,0.9879268409965247,0.9794630303236811,0.12546539306640625,0.05173635482788086,0.08175528049468994,0.9960761943696566,0.9993311730839618,0.9983311103705153,-0.8246721029281616,0.5810701251029968,0.011714361608028412,0.49314413265306123,0.9252335375792172,
15,client_9,False,flip_global,clip01,pretrained,0.9770073294639587,0.25684618949890137,0.044127821922302246,0.39266693592071533,0.9837093269805728,0.9995133615188767,0.9625400554799148,0.9387555776435008,0.9890586668730035,0.9086222172404672,0.49709832668304443,0.04644775390625,0.47916579246520996,0.9409739153857144,0.9994608696347234,0.9449812942038547,-0.7134793400764465,0.8801102638244629,-0.010061470791697502,0.5485491071428571,0.8283512311891954,
