round,client,is_byz,recon,prep,extractor,S_R,mmd2_cl,mmd2_cg,mmd2_lg,S_cl,S_cg,S_lg,Ssqrt_cl,Ssqrt_cg,Ssqrt_lg,mmd2fix_cl,mmd2fix_cg,mmd2fix_lg,Sfix_cl,Sfix_cg,Sfix_lg,drec_min,drec_max,drec_mean,drec_frac_outside_01,cos_update_vs_neg_true_grad,mmd2_rec_vs_real
1,client_0,True,orig,raw,random,0.926420271396637,0.0,0.052713751792907715,0.052713751792907715,1.0,0.99930567686856,0.99930567686856,1.0,0.9869506992378299,0.9869506992378299,0.0,0.05375468730926514,0.05375468730926514,1.0,0.9992779996000247,0.9992779996000247,-0.9413906931877136,0.7762845754623413,-0.013839875347912312,0.5006377551020408,-0.5239515106886077,
1,client_1,True,orig,raw,random,0.9543551206588745,0.0,0.0586012601852417,0.0586012601852417,1.0,0.9991420255665755,0.9991420255665755,1.0,0.985509126556225,0.985509126556225,0.0,0.05821835994720459,0.05821835994720459,1.0,0.9991531938366434,0.9991531938366434,-1.2618908882141113,0.7530021667480469,-0.011332964524626732,0.4879623724489796,-0.5153629405245348,
1,client_2,False,orig,raw,random,0.9695634245872498,0.0,0.031931161880493164,0.031931161880493164,1.0,0.9997451489475202,0.9997451489475202,1.0,0.9920647543477445,0.9920647543477445,0.0,0.031728148460388184,0.031728148460388184,1.0,0.999748378643891,0.999748378643891,-0.8613956570625305,0.8231549859046936,0.007575001567602158,0.4622130102040816,0.5255459925637671,
1,client_3,False,orig,raw,random,0.9580816626548767,0.0,0.030340909957885742,0.030340909957885742,1.0,0.9997698970139877,0.9997698970139877,1.0,0.9924577106904968,0.9924577106904968,0.0,0.0300140380859375,0.0300140380859375,1.0,0.9997748274136964,0.9997748274136964,-0.8002432584762573,1.0008593797683716,0.018743546679615974,0.42753507653061223,0.6653482332138091,
1,client_4,False,orig,raw,random,0.9624106287956238,0.0,0.03510487079620361,0.03510487079620361,1.0,0.9996919831858768,0.9996919831858768,1.0,0.9912812182357325,0.9912812182357325,0.0,0.035027384757995605,0.035027384757995605,1.0,0.9996933411272713,0.9996933411272713,-0.9290884137153625,0.9232601523399353,0.02025684155523777,0.39150191326530615,0.6262344158323471,
1,client_5,False,orig,raw,random,0.9663839936256409,0.0,0.0370941162109375,0.0370941162109375,1.0,0.9996560953641993,0.9996560953641993,1.0,0.9907905798193894,0.9907905798193894,0.0,0.03784751892089844,0.03784751892089844,1.0,0.9996419874866742,0.9996419874866742,-1.0159752368927002,0.9615061283111572,0.006073161028325558,0.4417251275510204,0.6303692648424521,
1,client_6,False,orig,raw,random,0.9659206867218018,0.0,0.049975037574768066,0.049975037574768066,1.0,0.9993759161693505,0.9993759161693505,1.0,0.9876223595898834,0.9876223595898834,0.0,0.04994392395019531,0.04994392395019531,1.0,0.9993766926526066,0.9993766926526066,-0.9414072632789612,0.8911058306694031,0.01433547679334879,0.42410714285714285,0.6139150482241953,
1,client_7,False,orig,raw,random,0.9708166718482971,0.0,0.05697929859161377,0.05697929859161377,1.0,0.9991888337143406,0.9991888337143406,1.0,0.9859059528150851,0.9859059528150851,0.0,0.05796158313751221,0.05796158313751221,1.0,0.9991606424856267,0.9991606424856267,-0.7268680334091187,1.0162928104400635,0.026215985417366028,0.38472576530612246,0.5820557182145112,
1,client_8,False,orig,raw,random,0.9579267501831055,0.0,0.013269662857055664,0.013269662857055664,1.0,0.9999559804652587,0.9999559804652587,1.0,0.996690820307311,0.996690820307311,0.0,0.013304710388183594,0.013304710388183594,1.0,0.9999557476391301,0.9999557476391301,-1.0066288709640503,0.9721657037734985,0.0031345782335847616,0.4772799744897959,0.6419109053584656,
1,client_9,False,orig,raw,random,0.9649419784545898,0.0,0.04023385047912598,0.04023385047912598,1.0,0.9995954321172378,0.9995954321172378,1.0,0.9900169196198108,0.9900169196198108,0.0,0.039902448654174805,0.039902448654174805,1.0,0.999602067450508,0.999602067450508,-1.0491043329238892,1.0550463199615479,0.010975416749715805,0.45607461734693877,0.48885365504937034,
1,client_0,True,orig,raw,pretrained,0.926420271396637,0.0,0.06329619884490967,0.06329619884490967,1.0,0.9989991497144377,0.9989991497144377,1.0,0.9843618213312222,0.9843618213312222,0.0,0.06536746025085449,0.06536746025085449,1.0,0.9989326290165941,0.9989326290165941,-0.9413906931877136,0.7762845754623413,-0.013839875347912312,0.5006377551020408,-0.5239515106886077,0.42920589447021484
1,client_1,True,orig,raw,pretrained,0.9543551206588745,0.0,0.050786733627319336,0.050786733627319336,1.0,0.9993554886376974,0.9993554886376974,1.0,0.9874232223881363,0.9874232223881363,0.0,0.051915884017944336,0.051915884017944336,1.0,0.9993265256160471,0.9993265256160471,-1.2618908882141113,0.7530021667480469,-0.011332964524626732,0.4879623724489796,-0.5153629405245348,0.5209263563156128
1,client_2,False,orig,raw,pretrained,0.9695634245872498,0.0,0.01817476749420166,0.01817476749420166,1.0,0.9999174245710156,0.9999174245710156,1.0,0.9954717459860285,0.9954717459860285,0.0,0.018032073974609375,0.018032073974609375,1.0,0.9999187160326961,0.9999187160326961,-0.8613956570625305,0.8231549859046936,0.007575001567602158,0.4622130102040816,0.5255459925637671,0.4636496305465698
1,client_3,False,orig,raw,pretrained,0.9580816626548767,0.0,0.018407225608825684,0.018407225608825684,1.0,0.9999152988924396,0.9999152988924396,1.0,0.9954140282864035,0.9954140282864035,0.0,0.01792430877685547,0.01792430877685547,1.0,0.9999196846269656,0.9999196846269656,-0.8002432584762573,1.0008593797683716,0.018743546679615974,0.42753507653061223,0.6653482332138091,0.4069387912750244
1,client_4,False,orig,raw,pretrained,0.9624106287956238,0.0,0.039513587951660156,0.039513587951660156,1.0,0.9996097833312276,0.9996097833312276,1.0,0.9901943189730169,0.9901943189730169,0.0,0.040125370025634766,0.040125370025634766,1.0,0.9995976101495494,0.9995976101495494,-0.9290884137153625,0.9232601523399353,0.02025684155523777,0.39150191326530615,0.6262344158323471,0.4468737840652466
1,client_5,False,orig,raw,pretrained,0.9663839936256409,0.0,0.022472023963928223,0.022472023963928223,1.0,0.9998737639876634,0.9998737639876634,1.0,0.9944055786226738,0.9944055786226738,0.0,0.021916747093200684,0.021916747093200684,1.0,0.9998799248638386,0.9998799248638386,-1.0159752368927002,0.9615061283111572,0.006073161028325558,0.4417251275510204,0.6303692648424521,0.3971738815307617
1,client_6,False,orig,raw,pretrained,0.9659206867218018,0.0,0.012471199035644531,0.012471199035644531,1.0,0.9999611184325228,0.9999611184325228,1.0,0.9968894758751154,0.9968894758751154,0.0,0.012480020523071289,0.012480020523071289,1.0,0.9999610634090168,0.9999610634090168,-0.9414072632789612,0.8911058306694031,0.01433547679334879,0.42410714285714285,0.6139150482241953,0.447979211807251
1,client_7,False,orig,raw,pretrained,0.9708166718482971,0.0,0.037433624267578125,0.037433624267578125,1.0,0.999649772964996,0.999649772964996,1.0,0.9907068780896597,0.9907068780896597,0.0,0.03640568256378174,0.03640568256378174,1.0,0.9996687388927361,0.9996687388927361,-0.7268680334091187,1.0162928104400635,0.026215985417366028,0.38472576530612246,0.5820557182145112,0.5205370783805847
1,client_8,False,orig,raw,pretrained,0.9579267501831055,0.0,0.01668238639831543,0.01668238639831543,1.0,0.9999304281264119,0.9999304281264119,1.0,0.9958424132317958,0.9958424132317958,0.0,0.01661860942840576,0.01661860942840576,1.0,0.9999309590303667,0.9999309590303667,-1.0066288709640503,0.9721657037734985,0.0031345782335847616,0.4772799744897959,0.6419109053584656,0.3998907804489136
1,client_9,False,orig,raw,pretrained,0.9649419784545898,0.0,0.027742981910705566,0.027742981910705566,1.0,0.9998076095037638,0.9998076095037638,1.0,0.9931001696031267,0.9931001696031267,0.0,0.02757120132446289,0.02757120132446289,1.0,0.9998099842982024,0.9998099842982024,-1.0491043329238892,1.0550463199615479,0.010975416749715805,0.45607461734693877,0.48885365504937034,0.32425105571746826
1,client_0,True,orig,clip01,random,0.926420271396637,0.0,0.04063284397125244,0.04063284397125244,1.0,0.9995873707393936,0.9995873707393936,1.0,0.9899186687721901,0.9899186687721901,0.0,0.04156363010406494,0.04156363010406494,1.0,0.9995682560162831,0.9995682560162831,-0.9413906931877136,0.7762845754623413,-0.013839875347912312,0.5006377551020408,-0.5239515106886077,
1,client_1,True,orig,clip01,random,0.9543551206588745,0.0,0.08073103427886963,0.08073103427886963,1.0,0.9983726140484643,0.9983726140484643,1.0,0.9801187566772591,0.9801187566772591,0.0,0.08196759223937988,0.08196759223937988,1.0,0.998322442100462,0.998322442100462,-1.2618908882141113,0.7530021667480469,-0.011332964524626732,0.4879623724489796,-0.5153629405245348,
1,client_2,False,orig,clip01,random,0.9695634245872498,0.0,0.03382384777069092,0.03382384777069092,1.0,0.9997140481716447,0.9997140481716447,1.0,0.9915973697891565,0.9915973697891565,0.0,0.03390705585479736,0.03390705585479736,1.0,0.9997126398377443,0.9997126398377443,-0.8613956570625305,0.8231549859046936,0.007575001567602158,0.4622130102040816,0.5255459925637671,
1,client_3,False,orig,clip01,random,0.9580816626548767,0.0,0.05380237102508545,0.05380237102508545,1.0,0.9992767188095726,0.9992767188095726,1.0,0.9866839094472089,0.9866839094472089,0.0,0.05360293388366699,0.05360293388366699,1.0,0.9992820681738563,0.9992820681738563,-0.8002432584762573,1.0008593797683716,0.018743546679615974,0.42753507653061223,0.6653482332138091,
1,client_4,False,orig,clip01,random,0.9624106287956238,0.0,0.025353193283081055,0.025353193283081055,1.0,0.9998393232629756,0.9998393232629756,1.0,0.993691707489192,0.993691707489192,0.0,0.025848031044006348,0.025848031044006348,1.0,0.9998329907448062,0.9998329907448062,-0.9290884137153625,0.9232601523399353,0.02025684155523777,0.39150191326530615,0.6262344158323471,
1,client_5,False,orig,clip01,random,0.9663839936256409,0.0,0.03017115592956543,0.03017115592956543,1.0,0.9997724641743446,0.9997724641743446,1.0,0.9924996712490937,0.9924996712490937,0.0,0.029956340789794922,0.029956340789794922,1.0,0.9997756921542778,0.9997756921542778,-1.0159752368927002,0.9615061283111572,0.006073161028325558,0.4417251275510204,0.6303692648424521,
1,client_6,False,orig,clip01,random,0.9659206867218018,0.0,0.04959523677825928,0.04959523677825928,1.0,0.9993853616046349,0.9993853616046349,1.0,0.9877155585993003,0.9877155585993003,0.0,0.04904162883758545,0.04904162883758545,1.0,0.9993990006979188,0.9993990006979188,-0.9414072632789612,0.8911058306694031,0.01433547679334879,0.42410714285714285,0.6139150482241953,
1,client_7,False,orig,clip01,random,0.9708166718482971,0.0,0.12241744995117188,0.12241744995117188,1.0,0.9962639934326645,0.9962639934326645,1.0,0.9700842747865783,0.9700842747865783,0.0,0.12363266944885254,0.12363266944885254,1.0,0.9961896649081314,0.9961896649081314,-0.7268680334091187,1.0162928104400635,0.026215985417366028,0.38472576530612246,0.5820557182145112,
1,client_8,False,orig,clip01,random,0.9579267501831055,0.0,0.04315674304962158,0.04315674304962158,1.0,0.9995345364384782,0.9995345364384782,1.0,0.9892975057069529,0.9892975057069529,0.0,0.04312276840209961,0.04312276840209961,1.0,0.9995352687562757,0.9995352687562757,-1.0066288709640503,0.9721657037734985,0.0031345782335847616,0.4772799744897959,0.6419109053584656,
1,client_9,False,orig,clip01,random,0.9649419784545898,0.0,0.030934572219848633,0.030934572219848633,1.0,0.9997608059793974,0.9997608059793974,1.0,0.992310987531005,0.992310987531005,0.0,0.029913902282714844,0.029913902282714844,1.0,0.9997763271418043,0.9997763271418043,-1.0491043329238892,1.0550463199615479,0.010975416749715805,0.45607461734693877,0.48885365504937034,
1,client_0,True,orig,clip01,pretrained,0.926420271396637,0.0,0.06582760810852051,0.06582760810852051,1.0,0.9989175610622338,0.9989175610622338,1.0,0.9837440507931652,0.9837440507931652,0.0,0.06797683238983154,0.06797683238983154,1.0,0.99884578769395,0.99884578769395,-0.9413906931877136,0.7762845754623413,-0.013839875347912312,0.5006377551020408,-0.5239515106886077,
1,client_1,True,orig,clip01,pretrained,0.9543551206588745,0.0,0.05957317352294922,0.05957317352294922,1.0,0.9991133493030051,0.9991133493030051,1.0,0.9852714547962704,0.9852714547962704,0.0,0.06112241744995117,0.06112241744995117,1.0,0.999066666370372,0.999066666370372,-1.2618908882141113,0.7530021667480469,-0.011332964524626732,0.4879623724489796,-0.5153629405245348,
1,client_2,False,orig,clip01,pretrained,0.9695634245872498,0.0,0.020045757293701172,0.020045757293701172,1.0,0.999899549472004,0.999899549472004,1.0,0.9950073348787096,0.9950073348787096,0.0,0.01993107795715332,0.01993107795715332,1.0,0.9999006954295351,0.9999006954295351,-0.8613956570625305,0.8231549859046936,0.007575001567602158,0.4622130102040816,0.5255459925637671,
1,client_3,False,orig,clip01,pretrained,0.9580816626548767,0.0,0.01883375644683838,0.01883375644683838,1.0,0.9999113283019694,0.9999113283019694,1.0,0.9953081367638956,0.9953081367638956,0.0,0.018346667289733887,0.018346667289733887,1.0,0.9999158552604701,0.9999158552604701,-0.8002432584762573,1.0008593797683716,0.018743546679615974,0.42753507653061223,0.6653482332138091,
1,client_4,False,orig,clip01,pretrained,0.9624106287956238,0.0,0.04772496223449707,0.04772496223449707,1.0,0.9994308250818345,0.9994308250818345,1.0,0.988174696323959,0.988174696323959,0.0,0.048612117767333984,0.048612117767333984,1.0,0.999409477169942,0.999409477169942,-0.9290884137153625,0.9232601523399353,0.02025684155523777,0.39150191326530615,0.6262344158323471,
1,client_5,False,orig,clip01,pretrained,0.9663839936256409,0.0,0.020252585411071777,0.020252585411071777,1.0,0.999897466081628,0.999897466081628,1.0,0.9949560166172433,0.9949560166172433,0.0,0.01951777935028076,0.01951777935028076,1.0,0.9999047708742952,0.9999047708742952,-1.0159752368927002,0.9615061283111572,0.006073161028325558,0.4417251275510204,0.6303692648424521,
1,client_6,False,orig,clip01,pretrained,0.9659206867218018,0.0,0.013721704483032227,0.013721704483032227,1.0,0.9999529303682488,0.9999529303682488,1.0,0.9965783799406467,0.9965783799406467,0.0,0.013761281967163086,0.013761281967163086,1.0,0.9999526584606382,0.9999526584606382,-0.9414072632789612,0.8911058306694031,0.01433547679334879,0.42410714285714285,0.6139150482241953,
1,client_7,False,orig,clip01,pretrained,0.9708166718482971,0.0,0.03477513790130615,0.03477513790130615,1.0,0.9996977409838648,0.9996977409838648,1.0,0.9913625805893118,0.9913625805893118,0.0,0.03361868858337402,0.03361868858337402,1.0,0.99971750581099,0.99971750581099,-0.7268680334091187,1.0162928104400635,0.026215985417366028,0.38472576530612246,0.5820557182145112,
1,client_8,False,orig,clip01,pretrained,0.9579267501831055,0.0,0.01986706256866455,0.01986706256866455,1.0,0.9999013322583241,0.9999013322583241,1.0,0.995051675871101,0.995051675871101,0.0,0.01979827880859375,0.01979827880859375,1.0,0.999902014240557,0.999902014240557,-1.0066288709640503,0.9721657037734985,0.0031345782335847616,0.4772799744897959,0.6419109053584656,
1,client_9,False,orig,clip01,pretrained,0.9649419784545898,0.0,0.028900146484375,0.028900146484375,1.0,0.9997912280783459,0.9997912280783459,1.0,0.9928139296304703,0.9928139296304703,0.0,0.028678536415100098,0.028678536415100098,1.0,0.9997944170910251,0.9997944170910251,-1.0491043329238892,1.0550463199615479,0.010975416749715805,0.45607461734693877,0.48885365504937034,
1,client_0,True,flip,raw,random,0.8050512075424194,0.0,0.23119652271270752,0.23119652271270752,1.0,0.9867698048069526,0.9867698048069526,1.0,0.9446147505239679,0.9446147505239679,0.0,0.2352147102355957,0.2352147102355957,1.0,0.9863107025861466,0.9863107025861466,-0.4498588442802429,0.9614866971969604,0.010342303663492203,0.4646843112244898,-0.5239515106886077,
1,client_1,True,flip,raw,random,0.7754331231117249,0.0,0.1062016487121582,0.1062016487121582,1.0,0.997186254470029,0.997186254470029,1.0,0.9739692270165137,0.9739692270165137,0.0,0.10652875900268555,0.10652875900268555,1.0,0.9971689314954668,0.9971689314954668,-0.5926963686943054,0.7956156134605408,0.011367547325789928,0.4602200255102041,-0.5153629405245348,
1,client_2,False,flip,raw,random,0.7651503682136536,0.0,0.06373834609985352,0.06373834609985352,1.0,0.9989851289441725,0.9989851289441725,1.0,0.9842538768089142,0.9842538768089142,0.0,0.06308555603027344,0.06308555603027344,1.0,0.9990057951105513,0.9990057951105513,-0.5848374962806702,0.6786522269248962,0.020461726933717728,0.45591517857142855,0.5255459925637671,
1,client_3,False,flip,raw,random,0.8667767643928528,0.0,0.17645597457885742,0.17645597457885742,1.0,0.9922610365270736,0.9922610365270736,1.0,0.957304447312453,0.957304447312453,0.0,0.17977607250213623,0.17977607250213623,1.0,0.9919688459660483,0.9919688459660483,-0.8494678735733032,0.5658441185951233,-0.04306435585021973,0.5945471938775511,0.6653482332138091,
1,client_4,False,flip,raw,random,0.7752370834350586,0.0,0.14509296417236328,0.14509296417236328,1.0,0.9947577108071268,0.9947577108071268,1.0,0.9646906170066469,0.9646906170066469,0.0,0.1451038122177124,0.1451038122177124,1.0,0.9947569299717187,0.9947569299717187,-0.947600245475769,0.9285850524902344,-0.04458652064204216,0.6053890306122449,0.6262344158323471,
1,client_5,False,flip,raw,random,0.9108990430831909,0.0,0.06390857696533203,0.06390857696533203,1.0,0.9989797048724751,0.9989797048724751,1.0,0.9842123218857528,0.9842123218857528,0.0,0.0653693675994873,0.0653693675994873,1.0,0.9989325667762048,0.9989325667762048,-0.7523155212402344,0.7137774229049683,-0.006590596865862608,0.545280612244898,0.6303692648424521,
1,client_6,False,flip,raw,random,0.7949092388153076,0.0,0.0694047212600708,0.0694047212600708,1.0,0.9987968329791426,0.9987968329791426,1.0,0.9828720760402123,0.9828720760402123,0.0,0.06868875026702881,0.06868875026702881,1.0,0.9988215065694661,0.9988215065694661,-1.023056149482727,0.7347404956817627,-0.02127358317375183,0.578125,0.6139150482241953,
1,client_7,False,flip,raw,random,0.8347886204719543,0.0,0.11846423149108887,0.11846423149108887,1.0,0.9965007671589259,0.9965007671589259,1.0,0.9710292321295695,0.9710292321295695,0.0,0.1144094467163086,0.1144094467163086,1.0,0.9967356337860358,0.9967356337860358,-0.5306386351585388,0.567180335521698,0.0023355435114353895,0.5352359693877551,0.5820557182145112,
1,client_8,False,flip,raw,random,0.7968560457229614,0.0,0.06447029113769531,0.06447029113769531,1.0,0.9989617046426693,0.9989617046426693,1.0,0.9840752209566825,0.9840752209566825,0.0,0.06079137325286865,0.06079137325286865,1.0,0.999076742037297,0.999076742037297,-0.6278542876243591,0.6440976858139038,-0.011752593331038952,0.580436862244898,0.6419109053584656,
1,client_9,False,flip,raw,random,0.7784518599510193,0.0,0.1409912109375,0.1409912109375,1.0,0.9950488323679416,0.9950488323679416,1.0,0.9656629290957286,0.9656629290957286,0.0,0.14489006996154785,0.14489006996154785,1.0,0.9947723044160217,0.9947723044160217,-0.8548374176025391,0.582779049873352,-0.023847296833992004,0.5774075255102041,0.48885365504937034,
1,client_0,True,flip,raw,pretrained,0.8050512075424194,0.0,0.23532474040985107,0.23532474040985107,1.0,0.9862980242520507,0.9862980242520507,1.0,0.9436680331621119,0.9436680331621119,0.0,0.2334916591644287,0.2334916591644287,1.0,0.9865085010389361,0.9865085010389361,-0.4498588442802429,0.9614866971969604,0.010342303663492203,0.4646843112244898,-0.5239515106886077,0.5635942220687866
1,client_1,True,flip,raw,pretrained,0.7754331231117249,0.0,0.16236281394958496,0.16236281394958496,1.0,0.993442014227401,0.993442014227401,1.0,0.9606129206841676,0.9606129206841676,0.0,0.16426873207092285,0.16426873207092285,1.0,0.9932879275285802,0.9932879275285802,-0.5926963686943054,0.7956156134605408,0.011367547325789928,0.4602200255102041,-0.5153629405245348,0.6072826385498047
1,client_2,False,flip,raw,pretrained,0.7651503682136536,0.0,0.08599698543548584,0.08599698543548584,1.0,0.9981536902614327,0.9981536902614327,1.0,0.9788425947822836,0.9788425947822836,0.0,0.08783715963363647,0.08783715963363647,1.0,0.9980739451453879,0.9980739451453879,-0.5848374962806702,0.6786522269248962,0.020461726933717728,0.45591517857142855,0.5255459925637671,0.514554500579834
1,client_3,False,flip,raw,pretrained,0.8667767643928528,0.0,0.05519747734069824,0.05519747734069824,1.0,0.9992387445358062,0.9992387445358062,1.0,0.9863421665294825,0.9863421665294825,0.0,0.054044127464294434,0.054044127464294434,1.0,0.9992702077655133,0.9992702077655133,-0.8494678735733032,0.5658441185951233,-0.04306435585021973,0.5945471938775511,0.6653482332138091,0.5982048511505127
1,client_4,False,flip,raw,pretrained,0.7752370834350586,0.0,0.11330437660217285,0.11330437660217285,1.0,0.9967982388637036,0.9967982388637036,1.0,0.9722646984726593,0.9722646984726593,0.0,0.11158120632171631,0.11158120632171631,1.0,0.9968946599697568,0.9968946599697568,-0.947600245475769,0.9285850524902344,-0.04458652064204216,0.6053890306122449,0.6262344158323471,0.6446367502212524
1,client_5,False,flip,raw,pretrained,0.9108990430831909,0.0,0.09128189086914062,0.09128189086914062,1.0,0.9979201541276723,0.9979201541276723,1.0,0.9775643455715894,0.9775643455715894,0.0,0.09516924619674683,0.09516924619674683,1.0,0.9977395432231899,0.9977395432231899,-0.7523155212402344,0.7137774229049683,-0.006590596865862608,0.545280612244898,0.6303692648424521,0.4384855031967163
1,client_6,False,flip,raw,pretrained,0.7949092388153076,0.0,0.08753037452697754,0.08753037452697754,1.0,0.9980873564766763,0.9980873564766763,1.0,0.9784714588572241,0.9784714588572241,0.0,0.08549356460571289,0.08549356460571289,1.0,0.9981752138407509,0.9981752138407509,-1.023056149482727,0.7347404956817627,-0.02127358317375183,0.578125,0.6139150482241953,0.6545002460479736
1,client_7,False,flip,raw,pretrained,0.8347886204719543,0.0,0.08022081851959229,0.08022081851959229,1.0,0.9983930943100947,0.9983930943100947,1.0,0.9802425361510467,0.9802425361510467,0.0,0.07967054843902588,0.07967054843902588,1.0,0.9984150375326395,0.9984150375326395,-0.5306386351585388,0.567180335521698,0.0023355435114353895,0.5352359693877551,0.5820557182145112,0.7818269729614258
1,client_8,False,flip,raw,pretrained,0.7968560457229614,0.0,0.12585043907165527,0.12585043907165527,1.0,0.9960521450227542,0.9960521450227542,1.0,0.9692647902004434,0.9692647902004434,0.0,0.12274503707885742,0.12274503707885742,1.0,0.9962440281333267,0.9962440281333267,-0.6278542876243591,0.6440976858139038,-0.011752593331038952,0.580436862244898,0.6419109053584656,0.6458234786987305
1,client_9,False,flip,raw,pretrained,0.7784518599510193,0.0,0.07598483562469482,0.07598483562469482,1.0,0.9985581373157022,0.9985581373157022,1.0,0.9812711016780231,0.9812711016780231,0.0,0.07600653171539307,0.07600653171539307,1.0,0.998557314694005,0.998557314694005,-0.8548374176025391,0.582779049873352,-0.023847296833992004,0.5774075255102041,0.48885365504937034,0.5090891122817993
1,client_0,True,flip,clip01,random,0.8050512075424194,0.0,0.17192864418029785,0.17192864418029785,1.0,0.9926508953828688,0.9926508953828688,1.0,0.9583654028455835,0.9583654028455835,0.0,0.1677950620651245,0.1677950620651245,1.0,0.9929981920485484,0.9929981920485484,-0.4498588442802429,0.9614866971969604,0.010342303663492203,0.4646843112244898,-0.5239515106886077,
1,client_1,True,flip,clip01,random,0.7754331231117249,0.0,0.08943843841552734,0.08943843841552734,1.0,0.9980031869318025,0.9980031869318025,1.0,0.9780099328952099,0.9780099328952099,0.0,0.09063005447387695,0.09063005447387695,1.0,0.9979497065525775,0.9979497065525775,-0.5926963686943054,0.7956156134605408,0.011367547325789928,0.4602200255102041,-0.5153629405245348,
1,client_2,False,flip,clip01,random,0.7651503682136536,0.0,0.09985041618347168,0.09985041618347168,1.0,0.9975121255109547,0.9975121255109547,1.0,0.9754972125047285,0.9754972125047285,0.0,0.10347700119018555,0.10347700119018555,1.0,0.9973284923753218,0.9973284923753218,-0.5848374962806702,0.6786522269248962,0.020461726933717728,0.45591517857142855,0.5255459925637671,
1,client_3,False,flip,clip01,random,0.8667767643928528,0.0,0.11421084403991699,0.11421084403991699,1.0,0.9967469294933478,0.9967469294933478,1.0,0.9720474847102691,0.9720474847102691,0.0,0.1123894453048706,0.1123894453048706,1.0,0.9968496166909961,0.9968496166909961,-0.8494678735733032,0.5658441185951233,-0.04306435585021973,0.5945471938775511,0.6653482332138091,
1,client_4,False,flip,clip01,random,0.7752370834350586,0.0,0.11109042167663574,0.11109042167663574,1.0,0.996921854311134,0.996921854311134,1.0,0.972795527562516,0.972795527562516,0.0,0.11011362075805664,0.11011362075805664,1.0,0.9969756253303574,0.9969756253303574,-0.947600245475769,0.9285850524902344,-0.04458652064204216,0.6053890306122449,0.6262344158323471,
1,client_5,False,flip,clip01,random,0.9108990430831909,0.0,0.07702845335006714,0.07702845335006714,1.0,0.9985183029761244,0.9985183029761244,1.0,0.9810175439845963,0.9810175439845963,0.0,0.08000421524047852,0.08000421524047852,1.0,0.9984017497781115,0.9984017497781115,-0.7523155212402344,0.7137774229049683,-0.006590596865862608,0.545280612244898,0.6303692648424521,
1,client_6,False,flip,clip01,random,0.7949092388153076,0.0,0.04549741744995117,0.04549741744995117,1.0,0.9994826970408239,0.9994826970408239,1.0,0.9887219590977891,0.9887219590977891,0.0,0.045041799545288086,0.045041799545288086,1.0,0.9994930019412793,0.9994930019412793,-1.023056149482727,0.7347404956817627,-0.02127358317375183,0.578125,0.6139150482241953,
1,client_7,False,flip,clip01,random,0.8347886204719543,0.0,0.12487685680389404,0.12487685680389404,1.0,0.9961128126575822,0.9961128126575822,1.0,0.9694970871892392,0.9694970871892392,0.0,0.12380504608154297,0.12380504608154297,1.0,0.9961790627635934,0.9961790627635934,-0.5306386351585388,0.567180335521698,0.0023355435114353895,0.5352359693877551,0.5820557182145112,
1,client_8,False,flip,clip01,random,0.7968560457229614,0.0,0.07718312740325928,0.07718312740325928,1.0,0.9985123531189053,0.9985123531189053,1.0,0.9809799726954458,0.9809799726954458,0.0,0.07307374477386475,0.07307374477386475,1.0,0.9986663923421801,0.9986663923421801,-0.6278542876243591,0.6440976858139038,-0.011752593331038952,0.580436862244898,0.6419109053584656,
1,client_9,False,flip,clip01,random,0.7784518599510193,0.0,0.10455679893493652,0.10455679893493652,1.0,0.9972725610229973,0.9972725610229973,1.0,0.9743646015466105,0.9743646015466105,0.0,0.10734617710113525,0.10734617710113525,1.0,0.9971254120899289,0.9971254120899289,-0.8548374176025391,0.582779049873352,-0.023847296833992004,0.5774075255102041,0.48885365504937034,
1,client_0,True,flip,clip01,pretrained,0.8050512075424194,0.0,0.24550318717956543,0.24550318717956543,1.0,0.9851006621157299,0.9851006621157299,1.0,0.9413399110312244,0.9413399110312244,0.0,0.24634230136871338,0.24634230136871338,1.0,0.984999789140429,0.984999789140429,-0.4498588442802429,0.9614866971969604,0.010342303663492203,0.4646843112244898,-0.5239515106886077,
1,client_1,True,flip,clip01,pretrained,0.7754331231117249,0.0,0.17480719089508057,0.17480719089508057,1.0,0.9924041635176801,0.9924041635176801,1.0,0.9576906265242267,0.9576906265242267,0.0,0.17646312713623047,0.17646312713623047,1.0,0.9922604127713175,0.9922604127713175,-0.5926963686943054,0.7956156134605408,0.011367547325789928,0.4602200255102041,-0.5153629405245348,
1,client_2,False,flip,clip01,pretrained,0.7651503682136536,0.0,0.09667003154754639,0.09667003154754639,1.0,0.9976678136207917,0.9976678136207917,1.0,0.9762637050433143,0.9762637050433143,0.0,0.09829771518707275,0.09829771518707275,1.0,0.997588759256733,0.997588759256733,-0.5848374962806702,0.6786522269248962,0.020461726933717728,0.45591517857142855,0.5255459925637671,
1,client_3,False,flip,clip01,pretrained,0.8667767643928528,0.0,0.06752312183380127,0.06752312183380127,1.0,0.9988611307083806,0.9988611307083806,1.0,0.9833305993244332,0.9833305993244332,0.0,0.0665140151977539,0.0665140151977539,1.0,0.998894888255166,0.998894888255166,-0.8494678735733032,0.5658441185951233,-0.04306435585021973,0.5945471938775511,0.6653482332138091,
1,client_4,False,flip,clip01,pretrained,0.7752370834350586,0.0,0.11761140823364258,0.11761140823364258,1.0,0.9965508377720589,0.9965508377720589,1.0,0.9712332679286306,0.9712332679286306,0.0,0.11624503135681152,0.11624503135681152,1.0,0.9966303135673196,0.9966303135673196,-0.947600245475769,0.9285850524902344,-0.04458652064204216,0.6053890306122449,0.6262344158323471,
1,client_5,False,flip,clip01,pretrained,0.9108990430831909,0.0,0.09184920787811279,0.09184920787811279,1.0,0.9978942622762603,0.9978942622762603,1.0,0.9774272787221894,0.9774272787221894,0.0,0.09514296054840088,0.09514296054840088,1.0,0.9977407896060722,0.9977407896060722,-0.7523155212402344,0.7137774229049683,-0.006590596865862608,0.545280612244898,0.6303692648424521,
1,client_6,False,flip,clip01,pretrained,0.7949092388153076,0.0,0.09061551094055176,0.09061551094055176,1.0,0.9979503635149247,0.9979503635149247,1.0,0.9777253834116966,0.9777253834116966,0.0,0.08843827247619629,0.08843827247619629,1.0,0.9980475318115889,0.9980475318115889,-1.023056149482727,0.7347404956817627,-0.02127358317375183,0.578125,0.6139150482241953,
1,client_7,False,flip,clip01,pretrained,0.8347886204719543,0.0,0.07568228244781494,0.07568228244781494,1.0,0.9985695844533435,0.9985695844533435,1.0,0.9813446284863372,0.9813446284863372,0.0,0.07523858547210693,0.07523858547210693,1.0,0.9985862895386886,0.9985862895386886,-0.5306386351585388,0.567180335521698,0.0023355435114353895,0.5352359693877551,0.5820557182145112,
1,client_8,False,flip,clip01,pretrained,0.7968560457229614,0.0,0.11885523796081543,0.11885523796081543,1.0,0.9964776908630162,0.9964776908630162,1.0,0.9709357063426496,0.9709357063426496,0.0,0.11596155166625977,0.11596155166625977,1.0,0.9966466871174204,0.9966466871174204,-0.6278542876243591,0.6440976858139038,-0.011752593331038952,0.580436862244898,0.6419109053584656,
1,client_9,False,flip,clip01,pretrained,0.7784518599510193,0.0,0.0800706148147583,0.0800706148147583,1.0,0.9983990989262381,0.9983990989262381,1.0,0.9802789803733318,0.9802789803733318,0.0,0.07967972755432129,0.07967972755432129,1.0,0.9984146727281475,0.9984146727281475,-0.8548374176025391,0.582779049873352,-0.023847296833992004,0.5774075255102041,0.48885365504937034,
1,client_0,True,flip_global,raw,random,0.9459481835365295,0.0,0.11063075065612793,0.11063075065612793,1.0,0.9969472169336948,0.9969472169336948,1.0,0.9729057951750251,0.9729057951750251,0.0,0.11007726192474365,0.11007726192474365,1.0,0.9969776177308578,0.9969776177308578,-0.8478543758392334,0.9910870790481567,0.024180809035897255,0.4340720663265306,-0.5239515106886077,
1,client_1,True,flip_global,raw,random,0.9367050528526306,0.0,0.1502833366394043,0.1502833366394043,1.0,0.994377551762315,0.994377551762315,1.0,0.9634623560527018,0.9634623560527018,0.0,0.1562126874923706,0.1562126874923706,1.0,0.9939272008508333,0.9939272008508333,-0.8490757346153259,0.9965575337409973,0.029914159327745438,0.4362244897959184,-0.5153629405245348,
1,client_2,False,flip_global,raw,random,0.966823935508728,0.0,0.06467556953430176,0.06467556953430176,1.0,0.9989550872815307,0.9989550872815307,1.0,0.9840251245851601,0.9840251245851601,0.0,0.0639958381652832,0.0639958381652832,1.0,0.9989769188744533,0.9989769188744533,-0.8064261674880981,0.8477954864501953,0.0029202101286500692,0.5245535714285714,0.5255459925637671,
1,client_3,False,flip_global,raw,random,0.9585127234458923,0.0,0.03498494625091553,0.03498494625091553,1.0,0.9996940835907291,0.9996940835907291,1.0,0.9913108087349611,0.9913108087349611,0.0,0.03523063659667969,0.03523063659667969,1.0,0.9996897727608676,0.9996897727608676,-0.8759961724281311,0.8206262588500977,-0.016045358031988144,0.5521364795918368,0.6653482332138091,
1,client_4,False,flip_global,raw,random,0.9455518126487732,0.0,0.04973256587982178,0.04973256587982178,1.0,0.9993819546074336,0.9993819546074336,1.0,0.9876818579992008,0.9876818579992008,0.0,0.04961872100830078,0.04961872100830078,1.0,0.999384779650992,0.999384779650992,-0.9774491190910339,0.8572664260864258,-0.02764158323407173,0.5094866071428571,0.6262344158323471,
1,client_5,False,flip_global,raw,random,0.9682417511940002,0.0,0.013863921165466309,0.013863921165466309,1.0,0.9999519496541764,0.9999519496541764,1.0,0.9965430090452534,0.9965430090452534,0.0,0.013754844665527344,0.013754844665527344,1.0,0.9999527027398969,0.9999527027398969,-0.829272985458374,0.7765927314758301,-0.005788196809589863,0.5270248724489796,0.6303692648424521,
1,client_6,False,flip_global,raw,random,0.9359333515167236,0.0,0.04330885410308838,0.04330885410308838,1.0,0.9995312506487934,0.9995312506487934,1.0,0.9892600879663016,0.9892600879663016,0.0,0.043443918228149414,0.043443918228149414,1.0,0.999528323417834,0.999528323417834,-0.9381306171417236,0.8523206114768982,-0.027028584852814674,0.5082908163265306,0.6139150482241953,
1,client_7,False,flip_global,raw,random,0.9699450135231018,0.0,0.026247739791870117,0.026247739791870117,1.0,0.9998277862853624,0.9998277862853624,1.0,0.9934702209327244,0.9934702209327244,0.0,0.025701522827148438,0.025701522827148438,1.0,0.9998348783828044,0.9998348783828044,-0.8094803690910339,0.8052359819412231,-0.005689315032213926,0.5555644132653061,0.5820557182145112,
1,client_8,False,flip_global,raw,random,0.9309956431388855,0.0,0.04018402099609375,0.04018402099609375,1.0,0.9995964333053464,0.9995964333053464,1.0,0.9900291909954753,0.9900291909954753,0.0,0.04038870334625244,0.04038870334625244,1.0,0.9995923128600364,0.9995923128600364,-0.9939256310462952,0.858924388885498,-0.014185061678290367,0.49123086734693877,0.6419109053584656,
1,client_9,False,flip_global,raw,random,0.9181462526321411,0.0,0.05766558647155762,0.05766558647155762,1.0,0.999169188084019,0.999169188084019,1.0,0.9857380175737629,0.9857380175737629,0.0,0.057492852210998535,0.057492852210998535,1.0,0.9991741548582946,0.9991741548582946,-0.9352167844772339,0.832278847694397,-0.026385394856333733,0.5227200255102041,0.48885365504937034,
1,client_0,True,flip_global,raw,pretrained,0.9459481835365295,0.0,0.10456967353820801,0.10456967353820801,1.0,0.99727189067027,0.99727189067027,1.0,0.9743615059270547,0.9743615059270547,0.0,0.10422694683074951,0.10422694683074951,1.0,0.9972897077912086,0.9972897077912086,-0.8478543758392334,0.9910870790481567,0.024180809035897255,0.4340720663265306,-0.5239515106886077,0.436165452003479
1,client_1,True,flip_global,raw,pretrained,0.9367050528526306,0.0,0.15362191200256348,0.15362191200256348,1.0,0.9941260832475027,0.9941260832475027,1.0,0.9626735492514475,0.9626735492514475,0.0,0.1538318395614624,0.1538318395614624,1.0,0.9941100896617221,0.9941100896617221,-0.8490757346153259,0.9965575337409973,0.029914159327745438,0.4362244897959184,-0.5153629405245348,0.45451462268829346
1,client_2,False,flip_global,raw,pretrained,0.966823935508728,0.0,0.012653827667236328,0.012653827667236328,1.0,0.9999599713631013,0.9999599713631013,1.0,0.9968440331429052,0.9968440331429052,0.0,0.012657999992370605,0.012657999992370605,1.0,0.9999599449623935,0.9999599449623935,-0.8064261674880981,0.8477954864501953,0.0029202101286500692,0.5245535714285714,0.5255459925637671,0.3960254192352295
1,client_3,False,flip_global,raw,pretrained,0.9585127234458923,0.0,0.01834714412689209,0.01834714412689209,1.0,0.9999158508867791,0.9999158508867791,1.0,0.9954289456107233,0.9954289456107233,0.0,0.01842057704925537,0.01842057704925537,1.0,0.9999151759820153,0.9999151759820153,-0.8759961724281311,0.8206262588500977,-0.016045358031988144,0.5521364795918368,0.6653482332138091,0.4337148666381836
1,client_4,False,flip_global,raw,pretrained,0.9455518126487732,0.0,0.03426194190979004,0.03426194190979004,1.0,0.9997065944152717,0.9997065944152717,1.0,0.9914892328209481,0.9914892328209481,0.0,0.03432726860046387,0.03432726860046387,1.0,0.9997054747326428,0.9997054747326428,-0.9774491190910339,0.8572664260864258,-0.02764158323407173,0.5094866071428571,0.6262344158323471,0.4776570796966553
1,client_5,False,flip_global,raw,pretrained,0.9682417511940002,0.0,0.019556164741516113,0.019556164741516113,1.0,0.9999043959608034,0.9999043959608034,1.0,0.9951288285728412,0.9951288285728412,0.0,0.019337058067321777,0.019337058067321777,1.0,0.9999065260998701,0.9999065260998701,-0.829272985458374,0.7765927314758301,-0.005788196809589863,0.5270248724489796,0.6303692648424521,0.34465038776397705
1,client_6,False,flip_global,raw,pretrained,0.9359333515167236,0.0,0.022916674613952637,0.022916674613952637,1.0,0.999868719433533,0.999868719433533,1.0,0.9942953567431023,0.9942953567431023,0.0,0.022989988327026367,0.022989988327026367,1.0,0.9998678782027686,0.9998678782027686,-0.9381306171417236,0.8523206114768982,-0.027028584852814674,0.5082908163265306,0.6139150482241953,0.5004270076751709
1,client_7,False,flip_global,raw,pretrained,0.9699450135231018,0.0,0.019767045974731445,0.019767045974731445,1.0,0.9999023231295268,0.9999023231295268,1.0,0.9950764951054456,0.9950764951054456,0.0,0.019744396209716797,0.019744396209716797,1.0,0.9999025468280052,0.9999025468280052,-0.8094803690910339,0.8052359819412231,-0.005689315032213926,0.5555644132653061,0.5820557182145112,0.5421817302703857
1,client_8,False,flip_global,raw,pretrained,0.9309956431388855,0.0,0.02530670166015625,0.02530670166015625,1.0,0.9998399119365109,0.9998399119365109,1.0,0.9937032206759953,0.9937032206759953,0.0,0.025372028350830078,0.025372028350830078,1.0,0.999839084467337,0.999839084467337,-0.9939256310462952,0.858924388885498,-0.014185061678290367,0.49123086734693877,0.6419109053584656,0.49242210388183594
1,client_9,False,flip_global,raw,pretrained,0.9181462526321411,0.0,0.026436448097229004,0.026436448097229004,1.0,0.9998253014460665,0.9998253014460665,1.0,0.9934235068833175,0.9934235068833175,0.0,0.02628147602081299,0.02628147602081299,1.0,0.9998273433655371,0.9998273433655371,-0.9352167844772339,0.832278847694397,-0.026385394856333733,0.5227200255102041,0.48885365504937034,0.372713565826416
1,client_0,True,flip_global,clip01,random,0.9459481835365295,0.0,0.09944677352905273,0.09944677352905273,1.0,0.9975321620168187,0.9975321620168187,1.0,0.9755944428375054,0.9755944428375054,0.0,0.0963740348815918,0.0963740348815918,1.0,0.9976820489270817,0.9976820489270817,-0.8478543758392334,0.9910870790481567,0.024180809035897255,0.4340720663265306,-0.5239515106886077,
1,client_1,True,flip_global,clip01,random,0.9367050528526306,0.0,0.14835548400878906,0.14835548400878906,1.0,0.9945202877497843,0.9945202877497843,1.0,0.9639182929362624,0.9639182929362624,0.0,0.15073037147521973,0.15073037147521973,1.0,0.994344195042155,0.994344195042155,-0.8490757346153259,0.9965575337409973,0.029914159327745438,0.4362244897959184,-0.5153629405245348,
1,client_2,False,flip_global,clip01,random,0.966823935508728,0.0,0.021099567413330078,0.021099567413330078,1.0,0.9998887113534878,0.9998887113534878,1.0,0.9947459045806488,0.9947459045806488,0.0,0.020796537399291992,0.020796537399291992,1.0,0.9998918847755267,0.9998918847755267,-0.8064261674880981,0.8477954864501953,0.0029202101286500692,0.5245535714285714,0.5255459925637671,
1,client_3,False,flip_global,clip01,random,0.9585127234458923,0.0,0.019856572151184082,0.019856572151184082,1.0,0.9999014364222918,0.9999014364222918,1.0,0.9950542790368275,0.9950542790368275,0.0,0.019976258277893066,0.019976258277893066,1.0,0.9999002447402663,0.9999002447402663,-0.8759961724281311,0.8206262588500977,-0.016045358031988144,0.5521364795918368,0.6653482332138091,
1,client_4,False,flip_global,clip01,random,0.9455518126487732,0.0,0.01877617835998535,0.01877617835998535,1.0,0.9999118696072067,0.9999118696072067,1.0,0.9953224302448753,0.9953224302448753,0.0,0.018251895904541016,0.018251895904541016,1.0,0.9999167222757228,0.9999167222757228,-0.9774491190910339,0.8572664260864258,-0.02764158323407173,0.5094866071428571,0.6262344158323471,
1,client_5,False,flip_global,clip01,random,0.9682417511940002,0.0,0.016554594039916992,0.016554594039916992,1.0,0.9999314898744751,0.9999314898744751,1.0,0.9958741630336483,0.9958741630336483,0.0,0.0171281099319458,0.0171281099319458,1.0,0.9999266609967468,0.9999266609967468,-0.829272985458374,0.7765927314758301,-0.005788196809589863,0.5270248724489796,0.6303692648424521,
1,client_6,False,flip_global,clip01,random,0.9359333515167236,0.0,0.02527165412902832,0.02527165412902832,1.0,0.9998403549918695,0.9998403549918695,1.0,0.9937118999798882,0.9937118999798882,0.0,0.025458812713623047,0.025458812713623047,1.0,0.9998379819038947,0.9998379819038947,-0.9381306171417236,0.8523206114768982,-0.027028584852814674,0.5082908163265306,0.6139150482241953,
1,client_7,False,flip_global,clip01,random,0.9699450135231018,0.0,0.03580760955810547,0.03580760955810547,1.0,0.9996795308206552,0.9996795308206552,1.0,0.9911078492504908,0.9911078492504908,0.0,0.03595280647277832,0.03595280647277832,1.0,0.9996769272300565,0.9996769272300565,-0.8094803690910339,0.8052359819412231,-0.005689315032213926,0.5555644132653061,0.5820557182145112,
1,client_8,False,flip_global,clip01,random,0.9309956431388855,0.0,0.04276418685913086,0.04276418685913086,1.0,0.9995429628033061,0.9995429628033061,1.0,0.9893940802691159,0.9893940802691159,0.0,0.042571187019348145,0.042571187019348145,1.0,0.9995470774219555,0.9995470774219555,-0.9939256310462952,0.858924388885498,-0.014185061678290367,0.49123086734693877,0.6419109053584656,
1,client_9,False,flip_global,clip01,random,0.9181462526321411,0.0,0.05644369125366211,0.05644369125366211,1.0,0.9992040029575355,0.9992040029575355,1.0,0.9860370462290022,0.9860370462290022,0.0,0.05666816234588623,0.05666816234588623,1.0,0.9991976629799577,0.9991976629799577,-0.9352167844772339,0.832278847694397,-0.026385394856333733,0.5227200255102041,0.48885365504937034,
1,client_0,True,flip_global,clip01,pretrained,0.9459481835365295,0.0,0.116943359375,0.116943359375,1.0,0.9965898099159194,0.9965898099159194,1.0,0.9713931418891679,0.9713931418891679,0.0,0.11672914028167725,0.11672914028167725,1.0,0.9966022603472062,0.9966022603472062,-0.8478543758392334,0.9910870790481567,0.024180809035897255,0.4340720663265306,-0.5239515106886077,
1,client_1,True,flip_global,clip01,pretrained,0.9367050528526306,0.0,0.16869020462036133,0.16869020462036133,1.0,0.9929236852390146,0.9929236852390146,1.0,0.959125397779008,0.959125397779008,0.0,0.1692107915878296,0.1692107915878296,1.0,0.9928801759736328,0.9928801759736328,-0.8490757346153259,0.9965575337409973,0.029914159327745438,0.4362244897959184,-0.5153629405245348,
1,client_2,False,flip_global,clip01,pretrained,0.966823935508728,0.0,0.0111769437789917,0.0111769437789917,1.0,0.9999687697134576,0.9999687697134576,1.0,0.9972116091629961,0.9972116091629961,0.0,0.011175870895385742,0.011175870895385742,1.0,0.999968775708669,0.999968775708669,-0.8064261674880981,0.8477954864501953,0.0029202101286500692,0.5245535714285714,0.5255459925637671,
1,client_3,False,flip_global,clip01,pretrained,0.9585127234458923,0.0,0.01719987392425537,0.01719987392425537,1.0,0.9999260451864895,0.9999260451864895,1.0,0.9957138598286868,0.9957138598286868,0.0,0.017285704612731934,0.017285704612731934,1.0,0.9999253052887491,0.9999253052887491,-0.8759961724281311,0.8206262588500977,-0.016045358031988144,0.5521364795918368,0.6653482332138091,
1,client_4,False,flip_global,clip01,pretrained,0.9455518126487732,0.0,0.04066669940948486,0.04066669940948486,1.0,0.9995866830576903,0.9995866830576903,1.0,0.989910332654224,0.989910332654224,0.0,0.040743350982666016,0.040743350982666016,1.0,0.9995851239745059,0.9995851239745059,-0.9774491190910339,0.8572664260864258,-0.02764158323407173,0.5094866071428571,0.6262344158323471,
1,client_5,False,flip_global,clip01,pretrained,0.9682417511940002,0.0,0.02058398723602295,0.02058398723602295,1.0,0.9998940832818828,0.9998940832818828,1.0,0.9948737973641057,0.9948737973641057,0.0,0.020275473594665527,0.020275473594665527,1.0,0.9998972342139205,0.9998972342139205,-0.829272985458374,0.7765927314758301,-0.005788196809589863,0.5270248724489796,0.6303692648424521,
1,client_6,False,flip_global,clip01,pretrained,0.9359333515167236,0.0,0.029029011726379395,0.029029011726379395,1.0,0.9997893624016159,0.9997893624016159,1.0,0.9927820607675135,0.9927820607675135,0.0,0.029146552085876465,0.029146552085876465,1.0,0.9997876534497347,0.9997876534497347,-0.9381306171417236,0.8523206114768982,-0.027028584852814674,0.5082908163265306,0.6139150482241953,
1,client_7,False,flip_global,clip01,pretrained,0.9699450135231018,0.0,0.021851301193237305,0.021851301193237305,1.0,0.9998806408450736,0.9998806408450736,1.0,0.9945594766617987,0.9945594766617987,0.0,0.02184772491455078,0.02184772491455078,1.0,0.9998806799080537,0.9998806799080537,-0.8094803690910339,0.8052359819412231,-0.005689315032213926,0.5555644132653061,0.5820557182145112,
1,client_8,False,flip_global,clip01,pretrained,0.9309956431388855,0.0,0.026148557662963867,0.026148557662963867,1.0,0.999829085145115,0.999829085145115,1.0,0.9934947744265448,0.9934947744265448,0.0,0.026211023330688477,0.026211023330688477,1.0,0.9998282676861885,0.9998282676861885,-0.9939256310462952,0.858924388885498,-0.014185061678290367,0.49123086734693877,0.6419109053584656,
1,client_9,False,flip_global,clip01,pretrained,0.9181462526321411,0.0,0.030509233474731445,0.030509233474731445,1.0,0.9997673372751319,0.9997673372751319,1.0,0.9924161063601773,0.9924161063601773,0.0,0.030350327491760254,0.030350327491760254,1.0,0.9997697541728736,0.9997697541728736,-0.9352167844772339,0.832278847694397,-0.026385394856333733,0.5227200255102041,0.48885365504937034,
2,client_0,True,orig,raw,random,0.9341104030609131,0.04098367691040039,0.03614997863769531,0.06685531139373779,0.9995802167670653,0.9996733747962168,0.9988835275998671,0.9898322893917562,0.9910234016562713,0.9834934139396652,0.04492926597595215,0.03605949878692627,0.06785261631011963,0.9994955312126288,0.9996750073737102,0.9988499984568491,-0.9240334033966064,0.8376902341842651,0.0037308395840227604,0.5028698979591837,-0.5166808100171192,
2,client_1,True,orig,raw,random,0.9455485343933105,0.14924824237823486,0.1203620433807373,0.06761610507965088,0.9944544142305907,0.996388059156613,0.9988579946598508,0.9637071154260937,0.9705754163629334,0.983307932879208,0.13872754573822021,0.12199771404266357,0.06668353080749512,0.9952059741083468,0.9962894977743986,0.9988892528679372,-0.8393731713294983,0.7336754202842712,-0.0030304444953799248,0.4953762755102041,-0.5782089814151459,
2,client_2,False,orig,raw,random,0.9303023219108582,0.053029417991638184,0.02799856662750244,0.05662107467651367,0.9992973407242676,0.9998040488691016,0.9991989950080913,0.9868733272356593,0.9930369366878362,0.9859936275741805,0.045030951499938965,0.026452064514160156,0.05564117431640625,0.999493246033895,0.9998250950179386,0.9992264639919823,-0.7395453453063965,0.9195578694343567,0.00823393277823925,0.4886001275510204,0.43236936186203323,
2,client_3,False,orig,raw,random,0.9470983147621155,0.06770241260528564,0.0247800350189209,0.035010337829589844,0.9988550799148466,0.9998465051389103,0.9996936394720601,0.9832868944702424,0.993833658394025,0.9913045434391383,0.05283701419830322,0.024588465690612793,0.03402268886566162,0.9993024276531519,0.9998488689713727,0.9997106769567976,-0.9752614498138428,1.2813414335250854,0.017973050475120544,0.44706632653061223,0.5374139817557203,
2,client_4,False,orig,raw,random,0.9154055118560791,0.0274350643157959,0.02892148494720459,0.02526402473449707,0.9998118558643776,0.9997909197188248,0.9998404513579531,0.993176357953165,0.9928086524416697,0.9937137893672383,0.026543736457824707,0.028728127479553223,0.02473616600036621,0.9998238807806592,0.9997937055964765,0.9998470480708865,-0.791056215763092,1.1357810497283936,0.019524404779076576,0.46659757653061223,0.5009718598599997,
2,client_5,False,orig,raw,random,0.9442346692085266,0.0582118034362793,0.03186631202697754,0.05973184108734131,0.9991533844382166,0.999746182867161,0.9991086231535056,0.985604388485853,0.992080774388107,0.98523266238624,0.06742048263549805,0.03281068801879883,0.05991005897521973,0.9988645874295523,0.9997309190037122,0.99910329971895,-0.8224292993545532,0.8342525959014893,-0.004614697303622961,0.5145886479591837,0.5749530524458394,
2,client_6,False,orig,raw,random,0.899828314781189,0.06319940090179443,0.02924036979675293,0.039420247077941895,0.9990022062553954,0.999786284455471,0.9996116241940176,0.9843854556652198,0.9927297944383231,0.9902173121519158,0.05539536476135254,0.028751134872436523,0.03917217254638672,0.9992332795715559,0.9997933750868659,0.9996164955669715,-1.0849692821502686,0.9337465167045593,0.03934158757328987,0.413265306122449,0.6024560881872699,
2,client_7,False,orig,raw,random,0.9541353583335876,0.03190135955810547,0.033600568771362305,0.05804896354675293,0.9997456243552396,0.9997178101821156,0.9991581114182773,0.992072116450446,0.9916524896695611,0.9856442235580871,0.03711676597595215,0.03425419330596924,0.0588756799697876,0.9996556753663242,0.9997067270829716,0.9991339764862477,-0.7317885160446167,0.9918258190155029,0.010576413944363594,0.4025829081632653,0.5990172262435506,
2,client_8,False,orig,raw,random,0.9196504354476929,0.05651593208312988,0.03991973400115967,0.02083265781402588,0.9992019653218178,0.9996017227179403,0.9998915089206455,0.9860193632853582,0.9900942800738779,0.9948121100426481,0.06246352195739746,0.04016375541687012,0.020738720893859863,0.9990252902375103,0.999596840132629,0.9998924850343098,-0.8325341939926147,0.9538599848747253,0.006427955348044634,0.4684311224489796,0.5622127629185967,
2,client_9,False,orig,raw,random,0.9398384690284729,0.04703044891357422,0.024981141090393066,0.040058255195617676,0.9994472634640101,0.9998440039009473,0.9995989547165269,0.9883452754455,0.9937838481125256,0.9900601640232094,0.036818861961364746,0.0250093936920166,0.0387728214263916,0.9996611789753744,0.9998436508929929,0.9996242729913525,-0.9700018167495728,0.9140498042106628,0.017001204192638397,0.428890306122449,0.4678977653730273,
2,client_0,True,orig,raw,pretrained,0.9341104030609131,0.03388404846191406,0.03515195846557617,0.09865117073059082,0.9997130295939394,0.9996911565108966,0.9975714192233456,0.9915825091026043,0.991269600062098,0.9757861319999028,0.04919266700744629,0.03617990016937256,0.10299932956695557,0.999395294769605,0.9996728340063095,0.9973530510546162,-0.9240334033966064,0.8376902341842651,0.0037308395840227604,0.5028698979591837,-0.5166808100171192,0.3693965673446655
2,client_1,True,orig,raw,pretrained,0.9455485343933105,0.07558643817901611,0.06632494926452637,0.06581008434295654,0.9985732012488049,0.998901156709836,0.9989181368233757,0.9813679223914906,0.9836227469840528,0.9837483253301438,0.09174680709838867,0.0683053731918335,0.06787300109863281,0.9978989475480815,0.9988346135958359,0.9988493079655427,-0.8393731713294983,0.7336754202842712,-0.0030304444953799248,0.4953762755102041,-0.5782089814151459,0.549720287322998
2,client_2,False,orig,raw,pretrained,0.9303023219108582,0.06870782375335693,0.06260991096496582,0.029156923294067383,0.9988208525696987,0.9990207196001151,0.9997875023285294,0.9830418642071452,0.9845294048179909,0.9927504292696485,0.06920742988586426,0.06260991096496582,0.029122591018676758,0.9988036574244057,0.9990207196001151,0.9997880023863663,-0.7395453453063965,0.9195578694343567,0.00823393277823925,0.4886001275510204,0.43236936186203323,0.41655945777893066
2,client_3,False,orig,raw,pretrained,0.9470983147621155,0.03631007671356201,0.027959585189819336,0.033259034156799316,0.9996704760444601,0.999804594041346,0.9997235165074694,0.9909839161133369,0.9930465804967303,0.9917368116754721,0.02860236167907715,0.02777564525604248,0.032858967781066895,0.9997955075948695,0.999807156278721,0.9997301266952425,-0.9752614498138428,1.2813414335250854,0.017973050475120544,0.44706632653061223,0.5374139817557203,0.3597707748413086
2,client_4,False,orig,raw,pretrained,0.9154055118560791,0.044484853744506836,0.05179429054260254,0.05155289173126221,0.9995054579523464,0.999329675059317,0.9993359057899769,0.9889708759199312,0.9871761175286471,0.9872353124988107,0.058310747146606445,0.05274927616119385,0.05275523662567139,0.9991505058106325,0.9993047412176803,0.9993045841676536,-0.791056215763092,1.1357810497283936,0.019524404779076576,0.46659757653061223,0.5009718598599997,0.4855318069458008
2,client_5,False,orig,raw,pretrained,0.9442346692085266,0.05362379550933838,0.02554798126220703,0.03157401084899902,0.9992815095452514,0.9998368451307411,0.9997508170386393,0.9867276658354505,0.9936434723643324,0.992152987181955,0.042223215103149414,0.025164127349853516,0.031116366386413574,0.999554448969419,0.9998417104678743,0.9997579868724713,-0.8224292993545532,0.8342525959014893,-0.004614697303622961,0.5145886479591837,0.5749530524458394,0.4164693355560303
2,client_6,False,orig,raw,pretrained,0.899828314781189,0.09393763542175293,0.04602241516113281,0.02987849712371826,0.9977975749493722,0.9994706945428475,0.9997768562043106,0.9769229518695237,0.9885929368053945,0.9925720182097615,0.10048806667327881,0.04541301727294922,0.030148744583129883,0.9974803089009552,0.999484613769509,0.9997728020216354,-1.0849692821502686,0.9337465167045593,0.03934158757328987,0.413265306122449,0.6024560881872699,0.38034749031066895
2,client_7,False,orig,raw,pretrained,0.9541353583335876,0.0574260950088501,0.03592276573181152,0.03329932689666748,0.999176070402501,0.9996774667675647,0.9997228463311609,0.9857966164662344,0.9910794440148085,0.9917268631792804,0.041608572006225586,0.0355229377746582,0.032500624656677246,0.9995673221428176,0.9996846048484163,0.9997359796409526,-0.7317885160446167,0.9918258190155029,0.010576413944363594,0.4025829081632653,0.5990172262435506,0.5300110578536987
2,client_8,False,orig,raw,pretrained,0.9196504354476929,0.039083242416381836,0.04309260845184326,0.031415343284606934,0.9996182343845454,0.9995359183663541,0.9997533147013145,0.9903003350612667,0.9893132827889415,0.9921921891910264,0.031286001205444336,0.04251885414123535,0.031650543212890625,0.9997553414347804,0.999548189918327,0.9997496078107133,-0.8325341939926147,0.9538599848747253,0.006427955348044634,0.4684311224489796,0.5622127629185967,0.34433019161224365
2,client_9,False,orig,raw,pretrained,0.9398384690284729,0.03261268138885498,0.02598881721496582,0.03791224956512451,0.9997341562697257,0.9998311667264959,0.9996407621514727,0.9918964201515541,0.9935343216311345,0.9905888966566034,0.033509254455566406,0.02601921558380127,0.03821122646331787,0.9997193415573338,0.9998307715868626,0.9996350754512751,-0.9700018167495728,0.9140498042106628,0.017001204192638397,0.428890306122449,0.4678977653730273,0.3872816562652588
2,client_0,True,orig,clip01,random,0.9341104030609131,0.044304490089416504,0.05327761173248291,0.044135212898254395,0.9995094585874285,0.9992907515231739,0.9995131985504382,0.9890152242787473,0.9868124995985412,0.9890568493791474,0.044245004653930664,0.05304765701293945,0.04409468173980713,0.9995107744711977,0.9992968575486505,0.9995140919132595,-0.9240334033966064,0.8376902341842651,0.0037308395840227604,0.5028698979591837,-0.5166808100171192,
2,client_1,True,orig,clip01,random,0.9455485343933105,0.08313703536987305,0.06406736373901367,0.08263742923736572,0.9982742951403272,0.9989746324432462,0.9982949473698155,0.9795353715416817,0.9841735629443362,0.9796564685795941,0.0787743330001831,0.06413149833679199,0.08279740810394287,0.9984504542936767,0.9989725801114961,0.9982883477986333,-0.8393731713294983,0.7336754202842712,-0.0030304444953799248,0.4953762755102041,-0.5782089814151459,
2,client_2,False,orig,clip01,random,0.9303023219108582,0.09186220169067383,0.05057871341705322,0.06235945224761963,0.9978936673826813,0.9993607550783539,0.9990285330709989,0.9774241396849557,0.9874742512198824,0.9845905745770214,0.09878373146057129,0.05095314979553223,0.062442779541015625,0.9975649000485101,0.9993512599522361,0.9990259370056678,-0.7395453453063965,0.9195578694343567,0.00823393277823925,0.4886001275510204,0.43236936186203323,
2,client_3,False,orig,clip01,random,0.9470983147621155,0.034088730812072754,0.049307942390441895,0.05806088447570801,0.9997095528930688,0.999392458676251,0.9991577658209523,0.9915319852677826,0.9877860663039431,0.9856413072922097,0.03412008285522461,0.0500340461730957,0.05758094787597656,0.9997090185047688,0.9993744422029289,0.9991716236262669,-0.9752614498138428,1.2813414335250854,0.017973050475120544,0.44706632653061223,0.5374139817557203,
2,client_4,False,orig,clip01,random,0.9154055118560791,0.10219419002532959,0.04875540733337402,0.029391050338745117,0.9973941907949786,0.9994059923305856,0.9997840765135872,0.9749329264714774,0.987921690529209,0.9926925354587104,0.1018378734588623,0.04796886444091797,0.029515504837036133,0.9974122950448727,0.9994249951045024,0.9997822443132487,-0.791056215763092,1.1357810497283936,0.019524404779076576,0.46659757653061223,0.5009718598599997,
2,client_5,False,orig,clip01,random,0.9442346692085266,0.09868574142456055,0.037404656410217285,0.05577957630157471,0.9975697199164792,0.9996503146566773,0.9992226132622557,0.9757778015085365,0.9907140193611415,0.986199629055406,0.09288787841796875,0.03707849979400635,0.05503034591674805,0.9978464451972882,0.9996563847925175,0.9992433449267955,-0.8224292993545532,0.8342525959014893,-0.004614697303622961,0.5145886479591837,0.5749530524458394,
2,client_6,False,orig,clip01,random,0.899828314781189,0.10372519493103027,0.03195595741271973,0.0472714900970459,0.9973156874141149,0.9997447530702399,0.9994415855363727,0.9745645869232991,0.9920586291407687,0.9882860684167374,0.09332489967346191,0.03198349475860596,0.046066999435424805,0.9978261664581036,0.9997443130582049,0.9994696689235527,-1.0849692821502686,0.9337465167045593,0.03934158757328987,0.413265306122449,0.6024560881872699,
2,client_7,False,orig,clip01,random,0.9541353583335876,0.06340336799621582,0.06885731220245361,0.13645589351654053,0.9989957602467969,0.9988157205804393,0.9953611499638699,0.984335655740515,0.9830054399784574,0.9667397310240149,0.05891859531402588,0.06889152526855469,0.1370600461959839,0.9991327143333584,0.9988145444713605,0.9953201270295484,-0.7317885160446167,0.9918258190155029,0.010576413944363594,0.4025829081632653,0.5990172262435506,
2,client_8,False,orig,clip01,random,0.9196504354476929,0.04270529747009277,0.06647622585296631,0.04122292995452881,0.9995442202533702,0.9988961425777032,0.9995753028357848,0.9894085691400627,0.9835858543768681,0.9897733888387377,0.03827345371246338,0.06756424903869629,0.04026484489440918,0.999633886245781,0.9988597441404325,0.9995948087435205,-0.8325341939926147,0.9538599848747253,0.006427955348044634,0.4684311224489796,0.5622127629185967,
2,client_9,False,orig,clip01,random,0.9398384690284729,0.045035481452941895,0.03830063343048096,0.03793299198150635,0.9994931441122492,0.9996333662161774,0.9996403690601099,0.9888355043795343,0.9904931752863528,0.99058378411471,0.022123336791992188,0.037792205810546875,0.03636515140533447,0.9998776507204667,0.9996430328929475,0.9996694758983287,-0.9700018167495728,0.9140498042106628,0.017001204192638397,0.428890306122449,0.4678977653730273,
2,client_0,True,orig,clip01,pretrained,0.9341104030609131,0.036980271339416504,0.0356982946395874,0.09976649284362793,0.9996582025273473,0.9996814840497357,0.9975162980332353,0.9908186493129252,0.991134814771075,0.9755174269459677,0.049957275390625,0.037135958671569824,0.10444200038909912,0.999376359508185,0.9996553192729314,0.9972785347154771,-0.9240334033966064,0.8376902341842651,0.0037308395840227604,0.5028698979591837,-0.5166808100171192,
2,client_1,True,orig,clip01,pretrained,0.9455485343933105,0.07610523700714111,0.07896924018859863,0.07413148880004883,0.9985535692654863,0.998442785857806,0.9986275449560202,0.9812418439006518,0.9805462712218362,0.981721633930922,0.09837663173675537,0.08173644542694092,0.07693803310394287,0.9975848930790547,0.9983318782889645,0.9985217756743618,-0.8393731713294983,0.7336754202842712,-0.0030304444953799248,0.4953762755102041,-0.5782089814151459,
2,client_2,False,orig,clip01,pretrained,0.9303023219108582,0.06890285015106201,0.06675267219543457,0.02977120876312256,0.9988141550387206,0.9988869502227453,0.9997784556005245,0.9829943446430398,0.9835184413367697,0.9925985424991872,0.0691448450088501,0.06689119338989258,0.02981090545654297,0.9988058182344572,0.9988823298367981,0.9997778644940458,-0.7395453453063965,0.9195578694343567,0.00823393277823925,0.4886001275510204,0.43236936186203323,
2,client_3,False,orig,clip01,pretrained,0.9470983147621155,0.030031204223632812,0.026837825775146484,0.033202171325683594,0.999774569814553,0.9998199570921991,0.99972446090941,0.9925342671384598,0.9933241582688301,0.9917508516719111,0.027432560920715332,0.026732802391052246,0.032903432846069336,0.9998118901935236,0.9998213632560058,0.9997293959591991,-0.9752614498138428,1.2813414335250854,0.017973050475120544,0.44706632653061223,0.5374139817557203,
2,client_4,False,orig,clip01,pretrained,0.9154055118560791,0.051314353942871094,0.05973660945892334,0.05615866184234619,0.9993420341396704,0.9991084809264115,0.9992120171728125,0.9872938111314551,0.9852314966092455,0.9861068197143636,0.062450408935546875,0.06080782413482666,0.05726957321166992,0.9990256991388331,0.9990762426264113,0.999180552964871,-0.791056215763092,1.1357810497283936,0.019524404779076576,0.46659757653061223,0.5009718598599997,
2,client_5,False,orig,clip01,pretrained,0.9442346692085266,0.056967735290527344,0.024060964584350586,0.026734590530395508,0.9991891627146645,0.9998552832049505,0.9998213393606235,0.9859087827327235,0.994011789581625,0.9933497095327337,0.044199585914611816,0.023617982864379883,0.026253461837768555,0.9995117779955236,0.9998605623052248,0.9998277112011953,-0.8224292993545532,0.8342525959014893,-0.004614697303622961,0.5145886479591837,0.5749530524458394,
2,client_6,False,orig,clip01,pretrained,0.899828314781189,0.100067138671875,0.049556851387023926,0.029436588287353516,0.9975013343392596,0.9993863122261222,0.9997834070083298,0.9754450139160347,0.9877249786936593,0.9926812756419674,0.10679137706756592,0.048920512199401855,0.029711484909057617,0.9971549856476216,0.9994019642421463,0.9997793434399185,-1.0849692821502686,0.9337465167045593,0.03934158757328987,0.413265306122449,0.6024560881872699,
2,client_7,False,orig,clip01,pretrained,0.9541353583335876,0.05705618858337402,0.03482353687286377,0.03227579593658447,0.9991866443376882,0.9996968992401096,0.9997396191090044,0.9858871356315344,0.9913506374038397,0.9919796249466732,0.03887581825256348,0.03440594673156738,0.03140616416931152,0.9996222747302264,0.9997041233810153,0.9997534588094543,-0.7317885160446167,0.9918258190155029,0.010576413944363594,0.4025829081632653,0.5990172262435506,
2,client_8,False,orig,clip01,pretrained,0.9196504354476929,0.03742563724517822,0.050429344177246094,0.034734129905700684,0.9996499223621433,0.9993645233470174,0.9996984532701167,0.990708847074496,0.9875108949939684,0.9913727001075339,0.02974390983581543,0.04989933967590332,0.034847140312194824,0.9997788616404006,0.9993778044730679,0.9996964883102373,-0.8325341939926147,0.9538599848747253,0.006427955348044634,0.4684311224489796,0.5622127629185967,
2,client_9,False,orig,clip01,pretrained,0.9398384690284729,0.03328526020050049,0.024193763732910156,0.03639662265777588,0.9997230803901513,0.9998536815079191,0.9996689037063382,0.9917303363059085,0.993978888405344,0.9909625719703143,0.034336090087890625,0.024265050888061523,0.03636491298675537,0.9997053233713158,0.9998528180752586,0.9996694802312291,-0.9700018167495728,0.9140498042106628,0.017001204192638397,0.428890306122449,0.4678977653730273,
2,client_0,True,flip,raw,random,0.8205668330192566,0.3393971920013428,0.06910288333892822,0.2712630033493042,0.9718128259735188,0.9988072659153007,0.9818548761895911,0.9202648368225212,0.9829456087204431,0.9354862878908594,0.2466341257095337,0.06675851345062256,0.26712608337402344,0.9849646308511588,0.9988867555799767,0.9823968277627062,-0.8143273591995239,0.7885813117027283,-0.02861855924129486,0.5801977040816326,-0.5166808100171192,
2,client_1,True,flip,raw,random,0.9384884834289551,0.09404122829437256,0.05506718158721924,0.1370713710784912,0.9977927227243386,0.9992423321990365,0.9953193563457796,0.9768979457692772,0.9863740760393731,0.9665934949729642,0.08174562454223633,0.05474543571472168,0.1357671022415161,0.9983315040722187,0.999251155159681,0.995407701978803,-0.8173884749412537,0.736335039138794,-0.007307908963412046,0.47305484693877553,-0.5782089814151459,
2,client_2,False,flip,raw,random,0.8144629001617432,0.1938016414642334,0.04136049747467041,0.15989363193511963,0.9906759520631099,0.9995724644516584,0.9936390171359846,0.9532558718331567,0.989739524135768,0.9611943473577795,0.162758469581604,0.041141510009765625,0.15791106224060059,0.993410171839342,0.9995769782970108,0.9937950522872689,-0.7566689252853394,0.6330850124359131,-0.01707562431693077,0.47935267857142855,0.43236936186203323,
2,client_3,False,flip,raw,random,0.7444125413894653,0.1531534194946289,0.09555387496948242,0.14580774307250977,0.9941616985459836,0.9977212662246326,0.9947061386508929,0.9627841816802543,0.976532920090535,0.9645213305969833,0.1320282220840454,0.09549963474273682,0.14426541328430176,0.9956563397882807,0.9977238480755146,0.9948171079971824,-1.257120132446289,0.5311250686645508,-0.03260566294193268,0.552375637755102,0.5374139817557203,
2,client_4,False,flip,raw,random,0.6893698573112488,0.1730872392654419,0.07550477981567383,0.11213052272796631,0.9925520690784608,0.9985762791221455,0.9968640815428085,0.958093724199065,0.981387769221659,0.9725460934655821,0.1366053819656372,0.07491958141326904,0.10960924625396729,0.9953510160960435,0.9985982395261617,0.997003205955997,-0.9871099591255188,0.7831817269325256,-0.02826245129108429,0.5209661989795918,0.5009718598599997,
2,client_5,False,flip,raw,random,0.9105515480041504,0.09914469718933105,0.05473601818084717,0.06875026226043701,0.9975471041459179,0.9992514126315717,0.9988193967710568,0.9756672171710976,0.9864551851334618,0.9830315234706088,0.116080641746521,0.05583083629608154,0.07000601291656494,0.9966398133943641,0.9992211846440304,0.9987759144907882,-0.8823453187942505,0.7829298377037048,0.0060911159962415695,0.4937021683673469,0.5749530524458394,
2,client_6,False,flip,raw,random,0.7169755101203918,0.29895925521850586,0.13225102424621582,0.12505531311035156,0.9780248765865649,0.9956417152665218,0.996101727214221,0.9292534816491613,0.9677396877421571,0.9694545012099023,0.27934134006500244,0.13468801975250244,0.12272179126739502,0.9807739156605977,0.9954801647340161,0.9962454466238448,-0.9335553646087646,0.5627436637878418,-0.05958040803670883,0.5696747448979592,0.6024560881872699,
2,client_7,False,flip,raw,random,0.7469503879547119,0.17844533920288086,0.07874798774719238,0.2234940528869629,0.9920865977744011,0.9984514893752412,0.9876286033259176,0.9568388083485981,0.9805999798188259,0.9463849660232961,0.09946560859680176,0.07560575008392334,0.2172703742980957,0.997531228850612,0.9985724728586349,0.9883020521761876,-1.26583731174469,0.7832342982292175,-0.004077676683664322,0.5421715561224489,0.5990172262435506,
2,client_8,False,flip,raw,random,0.6961709856987,0.21339821815490723,0.05503654479980469,0.1183929443359375,0.9887117882152268,0.9992431745474344,0.9965049662523189,0.9487127957066397,0.986381579232348,0.9710462849352333,0.1390596628189087,0.054998159408569336,0.1114116907119751,0.9951830757062057,0.9992442292810402,0.9969040662433664,-1.1182359457015991,0.7085654139518738,-0.00933905877172947,0.5006377551020408,0.5622127629185967,
2,client_9,False,flip,raw,random,0.8369415998458862,0.18743205070495605,0.1356431245803833,0.1066751480102539,0.991274827075749,0.9954160563478136,0.9971611619767571,0.9547395758520123,0.9669328939643846,0.9738554560665149,0.23302924633026123,0.14038705825805664,0.11026918888092041,0.9865613464979202,0.995091017304701,0.9969670931061596,-0.7841469049453735,0.9387374520301819,-0.016424117609858513,0.5349968112244898,0.4678977653730273,
2,client_0,True,flip,raw,pretrained,0.8205668330192566,0.42765069007873535,0.08601725101470947,0.23847448825836182,0.9558008427730704,0.9981528211824926,0.9859326822803021,0.9010963829437744,0.9788376883972696,0.9429466655528551,0.3018566370010376,0.08385956287384033,0.23321819305419922,0.9776040857681896,0.9982442089637609,0.9865397654346337,-0.8143273591995239,0.7885813117027283,-0.02861855924129486,0.5801977040816326,-0.5166808100171192,0.5322756767272949
2,client_1,True,flip,raw,pretrained,0.9384884834289551,0.1163100004196167,0.07175743579864502,0.13568472862243652,0.9966265554343876,0.9987139593759111,0.9954132536535203,0.9715447505364334,0.9822991989754566,0.9669230049261996,0.10254251956939697,0.07059705257415771,0.13618242740631104,0.9973764317169007,0.9987551774523795,0.9953796600002114,-0.8173884749412537,0.736335039138794,-0.007307908963412046,0.47305484693877553,-0.5782089814151459,0.6933413743972778
2,client_2,False,flip,raw,pretrained,0.8144629001617432,0.05077159404754639,0.03244483470916748,0.0989084243774414,0.9993558726538516,0.9997368851087973,0.9975587598713709,0.9874269361008228,0.9919378740271403,0.9757241442125764,0.07968133687973022,0.03394675254821777,0.10219496488571167,0.9984146087646089,0.9997119667353669,0.9973941513563798,-0.7566689252853394,0.6330850124359131,-0.01707562431693077,0.47935267857142855,0.43236936186203323,0.519385576248169
2,client_3,False,flip,raw,pretrained,0.7444125413894653,0.12729382514953613,0.046575188636779785,0.10246086120605469,0.995961345439216,0.9994579084492388,0.9973806003305072,0.9689205516757733,0.9884571157049244,0.974868753879131,0.08280026912689209,0.04561150074005127,0.10021805763244629,0.9982882296579376,0.9994801005606719,0.9974938059794789,-1.257120132446289,0.5311250686645508,-0.03260566294193268,0.552375637755102,0.5374139817557203,0.5567007064819336
2,client_4,False,flip,raw,pretrained,0.6893698573112488,0.12545764446258545,0.0322265625,0.13446033000946045,0.9960766775873546,0.9997404127176075,0.9954953817280203,0.9693585010399697,0.9919917856186216,0.9672141008885358,0.09469747543334961,0.03173398971557617,0.13255071640014648,0.9977618611007943,0.9997482860042377,0.9956220053771418,-0.9871099591255188,0.7831817269325256,-0.02826245129108429,0.5209661989795918,0.5009718598599997,0.6904711723327637
2,client_5,False,flip,raw,pretrained,0.9105515480041504,0.07541978359222412,0.10664224624633789,0.10413646697998047,0.9985794792877734,0.9971629091419769,0.9972944018314371,0.981408427949017,0.9738633609557323,0.974465675903472,0.09303504228591919,0.11094075441360474,0.10744774341583252,0.9978396270334766,0.9969301237312918,0.9971199816564171,-0.8823453187942505,0.7829298377037048,0.0060911159962415695,0.4937021683673469,0.5749530524458394,0.3564605712890625
2,client_6,False,flip,raw,pretrained,0.7169755101203918,0.15730321407318115,0.053362131118774414,0.12943315505981445,0.9938425094072509,0.9992885006423793,0.9958248845511581,0.961804890211863,0.9867917867642633,0.9684106725213006,0.09480428695678711,0.0521848201751709,0.1263662576675415,0.9977568178563458,0.9993195336113729,0.9960198137199603,-0.9335553646087646,0.5627436637878418,-0.05958040803670883,0.5696747448979592,0.6024560881872699,0.5710638761520386
2,client_7,False,flip,raw,pretrained,0.7469503879547119,0.10274195671081543,0.038254618644714355,0.12232637405395508,0.9973662367127769,0.9996342464008567,0.9962695348201485,0.9748011170371724,0.9905045153991796,0.9701060295661308,0.07827579975128174,0.03748965263366699,0.12232637405395508,0.9984699827793719,0.9996487240599021,0.9962695348201485,-1.26583731174469,0.7832342982292175,-0.004077676683664322,0.5421715561224489,0.5990172262435506,0.6663401126861572
2,client_8,False,flip,raw,pretrained,0.6961709856987,0.1922999620437622,0.07085037231445312,0.19088804721832275,0.9908188948756542,0.9987462363777326,0.9909523068388721,0.9536053540716158,0.9825200061158508,0.9539341212385788,0.15023207664489746,0.07078421115875244,0.18687760829925537,0.9943813704416151,0.9987485746543154,0.9913260346954589,-1.1182359457015991,0.7085654139518738,-0.00933905877172947,0.5006377551020408,0.5622127629185967,0.48710405826568604
2,client_9,False,flip,raw,pretrained,0.8369415998458862,0.22005975246429443,0.1156768798828125,0.10453999042510986,0.9880024871935358,0.9966630896959636,0.9972734360825195,0.947175859614191,0.9716963376242007,0.9743686430721419,0.23294734954833984,0.11889147758483887,0.10434603691101074,0.9865706953474536,0.9964755482746024,0.9972835233059885,-0.7841469049453735,0.9387374520301819,-0.016424117609858513,0.5349968112244898,0.4678977653730273,0.4483299255371094
2,client_0,True,flip,clip01,random,0.8205668330192566,0.2984499931335449,0.12759006023406982,0.21442937850952148,0.9780984459838278,0.9959425835619846,0.988603369955279,0.9293675224743878,0.9688499241726449,0.9484746433456117,0.17708337306976318,0.12408697605133057,0.20662295818328857,0.992206228838663,0.9961616909933149,0.9894115832659574,-0.8143273591995239,0.7885813117027283,-0.02861855924129486,0.5801977040816326,-0.5166808100171192,
2,client_1,True,flip,clip01,random,0.9384884834289551,0.09500384330749512,0.06135845184326172,0.12362289428710938,0.9977473804143957,0.9990594491012512,0.9961902656987176,0.9766656277763741,0.9848351067724013,0.9697964061802042,0.08512330055236816,0.061818838119506836,0.12443399429321289,0.9981909641394251,0.9990452919655515,0.9961402550333296,-0.8173884749412537,0.736335039138794,-0.007307908963412046,0.47305484693877553,-0.5782089814151459,
2,client_2,False,flip,clip01,random,0.8144629001617432,0.09589684009552002,0.050927162170410156,0.1071925163269043,0.9977049072752289,0.9993519212153923,0.9971336181732933,0.97645018563173,0.987388776508676,0.9737311672140692,0.12335669994354248,0.05247676372528076,0.10930991172790527,0.996206608200092,0.9993119026321877,0.9970195150806849,-0.7566689252853394,0.6330850124359131,-0.01707562431693077,0.47935267857142855,0.43236936186203323,
2,client_3,False,flip,clip01,random,0.7444125413894653,0.12552177906036377,0.06962502002716064,0.12562823295593262,0.9960726771434767,0.9987891898179933,0.9960660325415207,0.9693431992209187,0.982818412850313,0.969317801277326,0.07010996341705322,0.06685018539428711,0.12260591983795166,0.9987722799031917,0.998883698656589,0.9962525132914029,-1.257120132446289,0.5311250686645508,-0.03260566294193268,0.552375637755102,0.5374139817557203,
2,client_4,False,flip,clip01,random,0.6893698573112488,0.18390882015228271,0.04251575469970703,0.15209341049194336,0.9915977138167449,0.9995482557636297,0.9942418870605041,0.9555617523041884,0.9894552055218944,0.9630345686023281,0.12566912174224854,0.040662407875061035,0.14935612678527832,0.9960634788799776,0.9995867702602701,0.9944464274967535,-0.9871099591255188,0.7831817269325256,-0.02826245129108429,0.5209661989795918,0.5009718598599997,
2,client_5,False,flip,clip01,random,0.9105515480041504,0.10282135009765625,0.10218656063079834,0.08955121040344238,0.9973621727424975,0.9973945790976484,0.997998155803794,0.9747820147776005,0.9749347625263087,0.9779826656301485,0.1294412612915039,0.10614949464797974,0.09089052677154541,0.9958243632097092,0.9971890115414013,0.997937922721365,-0.8823453187942505,0.7829298377037048,0.0060911159962415695,0.4937021683673469,0.5749530524458394,
2,client_6,False,flip,clip01,random,0.7169755101203918,0.12271285057067871,0.04703366756439209,0.06486725807189941,0.9962459921263902,0.9994471878368749,0.9989488890693858,0.9700137191682527,0.988344484812131,0.9839783481538751,0.09180808067321777,0.04489457607269287,0.06337225437164307,0.9978961446451049,0.9994963096187826,0.998996744874713,-0.9335553646087646,0.5627436637878418,-0.05958040803670883,0.5696747448979592,0.6024560881872699,
2,client_7,False,flip,clip01,random,0.7469503879547119,0.18815302848815918,0.11345863342285156,0.1545732021331787,0.991208017527095,0.9967895359528536,0.994053436401231,0.9545714604290969,0.9722277292808337,0.9624489650461427,0.1225358247756958,0.10844624042510986,0.15324068069458008,0.9962567849850146,0.9970663241080324,0.9941550729555899,-1.26583731174469,0.7832342982292175,-0.004077676683664322,0.5421715561224489,0.5990172262435506,
2,client_8,False,flip,clip01,random,0.6961709856987,0.24259698390960693,0.07541322708129883,0.08523142337799072,0.9854474852896586,0.9985797259957616,0.998186371836864,0.9420037671715855,0.9814100215666037,0.9790279677332498,0.20120418071746826,0.07584261894226074,0.07716774940490723,0.9899555355215028,0.9985635237656696,0.998512945197352,-1.1182359457015991,0.7085654139518738,-0.00933905877172947,0.5006377551020408,0.5622127629185967,
2,client_9,False,flip,clip01,random,0.8369415998458862,0.19477593898773193,0.15430474281311035,0.11266636848449707,0.9905826319784174,0.9940739823563682,0.9968341096531075,0.953029228839706,0.9625123359759997,0.9724176259276902,0.22850704193115234,0.15931260585784912,0.11397862434387207,0.9870728505699924,0.9936849437651376,0.9967601125527832,-0.7841469049453735,0.9387374520301819,-0.016424117609858513,0.5349968112244898,0.4678977653730273,
2,client_0,True,flip,clip01,pretrained,0.8205668330192566,0.43175017833709717,0.0859689712524414,0.23933804035186768,0.9549783868718604,0.998154891299937,0.9858317055290682,0.9002206343425045,0.9788493771988265,0.9427490362426865,0.31418609619140625,0.08342194557189941,0.23596596717834473,0.9757712564558445,0.9982624623545087,0.9862240251871202,-0.8143273591995239,0.7885813117027283,-0.02861855924129486,0.5801977040816326,-0.5166808100171192,
2,client_1,True,flip,clip01,pretrained,0.9384884834289551,0.1234438419342041,0.06800675392150879,0.1540001630783081,0.9962012621156271,0.9988447722460669,0.9940972502328205,0.9698391570323692,0.9832127133170161,0.9625842408678467,0.10871469974517822,0.06730258464813232,0.15496087074279785,0.997051813639177,0.9988685515748597,0.9940237051236509,-0.8173884749412537,0.736335039138794,-0.007307908963412046,0.47305484693877553,-0.5782089814151459,
2,client_2,False,flip,clip01,pretrained,0.8144629001617432,0.06181073188781738,0.03221571445465088,0.11689424514770508,0.9990455421493707,0.9997405874177687,0.9965926664351212,0.9847246089852351,0.9919944651187838,0.9714048972085974,0.09130430221557617,0.03344833850860596,0.12038975954055786,0.9979191343178231,0.9997203608251573,0.9963864000102474,-0.7566689252853394,0.6330850124359131,-0.01707562431693077,0.47935267857142855,0.43236936186203323,
2,client_3,False,flip,clip01,pretrained,0.7444125413894653,0.14120745658874512,0.06175637245178223,0.11070787906646729,0.9950336896541068,0.9990472190073696,0.9969429686025231,0.9656116317689214,0.9847378887054425,0.972887292011801,0.08041906356811523,0.06060481071472168,0.1085820198059082,0.9983851520250884,0.999082396216814,0.9970589895541482,-1.257120132446289,0.5311250686645508,-0.03260566294193268,0.552375637755102,0.5374139817557203,
2,client_4,False,flip,clip01,pretrained,0.6893698573112488,0.12189340591430664,0.041071295738220215,0.13764667510986328,0.9962958223937906,0.9995784205110168,0.9952801230123964,0.9702094602134457,0.9898107183247635,0.9664568340967754,0.08659160137176514,0.040120720863342285,0.13580965995788574,0.9981281057949845,0.9995977033625403,0.9954048324455897,-0.9871099591255188,0.7831817269325256,-0.02826245129108429,0.5209661989795918,0.5009718598599997,
2,client_5,False,flip,clip01,pretrained,0.9105515480041504,0.08173108100891113,0.11146247386932373,0.11247098445892334,0.9983320969677045,0.9969012498166072,0.9968450546191914,0.9798762111742851,0.9727062920233032,0.9724644657557526,0.10281085968017578,0.1157490611076355,0.11633062362670898,0.9973627099021218,0.9966589344438721,0.9966253620511494,-0.8823453187942505,0.7829298377037048,0.0060911159962415695,0.4937021683673469,0.5749530524458394,
2,client_6,False,flip,clip01,pretrained,0.7169755101203918,0.12637102603912354,0.06467485427856445,0.12875819206237793,0.9960195142307995,0.9989551103749454,0.9958681807820917,0.9691406123037047,0.9840252991303324,0.9685714969297639,0.07603764533996582,0.06310641765594482,0.12543177604675293,0.9985561345921408,0.9990051379497109,0.9960782905774741,-0.9335553646087646,0.5627436637878418,-0.05958040803670883,0.5696747448979592,0.6024560881872699,
2,client_7,False,flip,clip01,pretrained,0.7469503879547119,0.09634745121002197,0.03461861610412598,0.11188244819641113,0.9976833252886019,0.9997004551671158,0.9968779093618563,0.9763414994174755,0.9914012062115494,0.9726055772780193,0.07665085792541504,0.03404402732849121,0.11169946193695068,0.9985327780530553,0.9997103140046963,0.9968880896794983,-1.26583731174469,0.7832342982292175,-0.004077676683664322,0.5421715561224489,0.5990172262435506,
2,client_8,False,flip,clip01,pretrained,0.6961709856987,0.165330171585083,0.0753554105758667,0.17111468315124512,0.9932013500646453,0.9985819005871386,0.992719936763893,0.9599148855763249,0.9814240745443745,0.9585563375645458,0.11810612678527832,0.07498466968536377,0.16647112369537354,0.9965218356568557,0.9985958054056339,0.9931076779731969,-1.1182359457015991,0.7085654139518738,-0.00933905877172947,0.5006377551020408,0.5622127629185967,
2,client_9,False,flip,clip01,pretrained,0.8369415998458862,0.23250174522399902,0.1189044713973999,0.12060952186584473,0.9866215076279463,0.9964747798864839,0.9963732312092017,0.9443152717254173,0.970923931036189,0.9705162613477862,0.25060975551605225,0.12264502048492432,0.12079143524169922,0.984481701055028,0.9962501293924368,0.9963623124574308,-0.7841469049453735,0.9387374520301819,-0.016424117609858513,0.5349968112244898,0.4678977653730273,
2,client_0,True,flip_global,raw,random,0.9588893055915833,0.10466265678405762,0.0630028247833252,0.17351210117340088,0.9972670468033058,0.999008399089663,0.9925156664348278,0.9743391491131157,0.9844334546122293,0.9579941274376698,0.10962319374084473,0.06608164310455322,0.1752758026123047,0.9970024449549169,0.998909197321816,0.9923636179779682,-0.8044816255569458,0.964436411857605,-0.020981447771191597,0.5263073979591837,-0.5166808100171192,
2,client_1,True,flip_global,raw,random,0.943530261516571,0.10712075233459473,0.07689821720123291,0.1626908779144287,0.9971374466574903,0.9985233035642125,0.9934156170010859,0.9737484058580421,0.9810491808298221,0.9605357101090051,0.11839759349822998,0.07849514484405518,0.16867077350616455,0.9965046924746397,0.9984614058229684,0.992925306699415,-0.7512783408164978,0.8415384292602539,0.008580618537962437,0.46731505102040816,-0.5782089814151459,
2,client_2,False,flip_global,raw,random,0.8127104640007019,0.25896406173706055,0.06545674800872803,0.14440488815307617,0.9834429242472924,0.9989297134472395,0.9948071206676738,0.9382742339759842,0.9838345199012635,0.9648536213323053,0.25215184688568115,0.06478846073150635,0.1451646089553833,0.9842923976937772,0.9989514391796952,0.9947525527978256,-1.0122604370117188,0.6533530950546265,-0.008793676272034645,0.47130102040816324,0.43236936186203323,
2,client_3,False,flip_global,raw,random,0.7870408296585083,0.10958540439605713,0.06391525268554688,0.10792195796966553,0.9970045065903312,0.9989794918698884,0.997094559509385,0.9731566266406966,0.984210692334577,0.9735559718429136,0.11843359470367432,0.06419181823730469,0.11117982864379883,0.996502572092484,0.9989706479834213,0.996916909124737,-1.0061922073364258,0.7787958979606628,-0.009472891688346863,0.5047034438775511,0.5374139817557203,
2,client_4,False,flip_global,raw,random,0.757352352142334,0.1350553035736084,0.06916487216949463,0.06175374984741211,0.9954555648447059,0.9988051269871736,0.9990472998712132,0.967072631824575,0.9829305065484215,0.9847385294004944,0.10207021236419678,0.06598496437072754,0.06184804439544678,0.9974004971493691,0.9989123841160923,0.9990443902966979,-0.8954614996910095,1.079572319984436,-0.025597864761948586,0.5110012755102041,0.5009718598599997,
2,client_5,False,flip_global,raw,random,0.8747342824935913,0.13850867748260498,0.03068363666534424,0.06739675998687744,0.9952210348687267,0.9997646701536054,0.998865385624172,0.9662521236278436,0.992373002084078,0.9833614036992855,0.1313762664794922,0.030108094215393066,0.06788754463195801,0.9956989937276566,0.9997734141788992,0.9988488152079797,-0.9685631394386292,0.8976557850837708,-0.00014707111404277384,0.5349170918367347,0.5749530524458394,
2,client_6,False,flip_global,raw,random,0.7409579157829285,0.044318437576293945,0.0768594741821289,0.0845562219619751,0.9995091497980721,0.9985247895275258,0.99821495472992,0.9890117947222008,0.9810585925438522,0.9791915045252568,0.043503522872924805,0.07644057273864746,0.08570611476898193,0.9995270287178246,0.9985408086098071,0.9981661416625158,-0.7977332472801208,1.1196465492248535,-0.026460876688361168,0.5230389030612245,0.6024560881872699,
2,client_7,False,flip_global,raw,random,0.85084068775177,0.10301089286804199,0.0722891092300415,0.11194145679473877,0.997352457878407,0.9986948501434783,0.9968746229381569,0.9747364125563651,0.9821698079365373,0.9725914275819463,0.08472847938537598,0.07077264785766602,0.11178851127624512,0.9982076841447243,0.9987489831026553,0.9968831375413207,-0.9765533804893494,0.7658936977386475,0.012936461716890335,0.5391422193877551,0.5990172262435506,
2,client_8,False,flip_global,raw,random,0.8128503561019897,0.14398324489593506,0.05160832405090332,0.11729979515075684,0.9948372840794988,0.9993344775990152,0.996569043767531,0.9649535285203834,0.9872217191086017,0.9713078366259238,0.17708683013916016,0.05239367485046387,0.12029993534088135,0.9922059263129579,0.9993140787793704,0.9963917756995857,-0.8286406397819519,0.9485419988632202,0.003454711986705661,0.517936862244898,0.5622127629185967,
2,client_9,False,flip_global,raw,random,0.8513755202293396,0.17397964000701904,0.08652293682098389,0.05621671676635742,0.9924755063667048,0.9981310691691441,0.9992103881162171,0.9578845442622985,0.9787152716132479,0.9860926076173082,0.17921161651611328,0.08657658100128174,0.05584549903869629,0.9920188969274386,0.9981287542328279,0.9992207757519647,-0.8615303039550781,1.1311978101730347,0.002392820781096816,0.5132334183673469,0.4678977653730273,
2,client_0,True,flip_global,raw,pretrained,0.9588893055915833,0.20024901628494263,0.10142874717712402,0.1632082462310791,0.9900499647772438,0.9974330051460865,0.9933738815279143,0.9517575745492182,0.9751171602794626,0.9604139652799637,0.15876424312591553,0.09906315803527832,0.16481328010559082,0.9937281380997147,0.9975511297257114,0.9932435791198417,-0.8044816255569458,0.964436411857605,-0.020981447771191597,0.5263073979591837,-0.5166808100171192,0.42805564403533936
2,client_1,True,flip_global,raw,pretrained,0.943530261516571,0.1585230827331543,0.056821584701538086,0.14615440368652344,0.993747087954095,0.9991933152659007,0.994681036858841,0.9615173033982456,0.9859445516084717,0.964439244448352,0.14661014080047607,0.055408477783203125,0.1471625566482544,0.9946479475652219,0.999232916746037,0.9946077029148086,-0.7512783408164978,0.8415384292602539,0.008580618537962437,0.46731505102040816,-0.5782089814151459,0.6181035041809082
2,client_2,False,flip_global,raw,pretrained,0.8127104640007019,0.21662962436676025,0.05215418338775635,0.10897648334503174,0.9883703447952172,0.9993203319492536,0.9970376297559711,0.9479667843079134,0.9870878757562882,0.9733027823684768,0.26290345191955566,0.051528096199035645,0.11239010095596313,0.9829418710327948,0.9993365441408497,0.9968495800207406,-1.0122604370117188,0.6533530950546265,-0.008793676272034645,0.47130102040816324,0.43236936186203323,0.4790536165237427
2,client_3,False,flip_global,raw,pretrained,0.7870408296585083,0.07259929180145264,0.022404789924621582,0.09015977382659912,0.9986836367629583,0.9998745181576294,0.9979708970407297,0.982094331975321,0.9944222464755206,0.9778355400935002,0.09661662578582764,0.022742629051208496,0.09316539764404297,0.9976703852581157,0.9998707057450822,0.9978335786586991,-1.0061922073364258,0.7787958979606628,-0.009472891688346863,0.5047034438775511,0.5374139817557203,0.4601430892944336
2,client_4,False,flip_global,raw,pretrained,0.757352352142334,0.19210422039031982,0.06122744083404541,0.14034616947174072,0.9908374476112383,0.9990634584754379,0.9950938659142432,0.953650922737789,0.9848671179098336,0.9658159687546741,0.18381595611572266,0.05836904048919678,0.1437855362892151,0.9916061435867307,0.9991488075653967,0.9948513978051439,-0.8954614996910095,1.079572319984436,-0.025597864761948586,0.5110012755102041,0.5009718598599997,0.6516561508178711
2,client_5,False,flip_global,raw,pretrained,0.8747342824935913,0.08266210556030273,0.0314788818359375,0.09319943189620972,0.9982939302314608,0.9997523160197308,0.997831998114002,0.9796504868812448,0.9921764904365831,0.9771011733369563,0.1100606918334961,0.032097578048706055,0.09660255908966064,0.9969785255266042,0.9997424861167195,0.9976710623742222,-0.9685631394386292,0.8976557850837708,-0.00014707111404277384,0.5349170918367347,0.5749530524458394,0.3764084577560425
2,client_6,False,flip_global,raw,pretrained,0.7409579157829285,0.07837033271789551,0.047307729721069336,0.12481796741485596,0.9984662892269973,0.9994407293757279,0.9961164673465053,0.9806916650395494,0.9882771673256807,0.9695111408943835,0.09703481197357178,0.04767107963562012,0.12732082605361938,0.9976502106831553,0.9994321090327576,0.9959596371370447,-0.7977332472801208,1.1196465492248535,-0.026460876688361168,0.5230389030612245,0.6024560881872699,0.5113663673400879
2,client_7,False,flip_global,raw,pretrained,0.85084068775177,0.04034578800201416,0.03304576873779297,0.08382785320281982,0.999593178518071,0.9997270501812168,0.998245534793682,0.9899893538928126,0.991789470558895,0.9793679646647055,0.05779528617858887,0.03360474109649658,0.08618903160095215,0.9991654489488737,0.999717740111189,0.9981454462814887,-0.9765533804893494,0.7658936977386475,0.012936461716890335,0.5391422193877551,0.5990172262435506,0.5659494996070862
2,client_8,False,flip_global,raw,pretrained,0.8128503561019897,0.15780305862426758,0.04594886302947998,0.12358009815216064,0.9938034976810468,0.9994723843733275,0.9961928954363566,0.9616870350990605,0.988611011294944,0.9698066240027017,0.1903597116470337,0.04644918441772461,0.12680232524871826,0.991001983422171,0.9994608364390536,0.9959923792584138,-0.8286406397819519,0.9485419988632202,0.003454711986705661,0.517936862244898,0.5622127629185967,0.3790677785873413
2,client_9,False,flip_global,raw,pretrained,0.8513755202293396,0.1335374116897583,0.041188836097717285,0.10011792182922363,0.9955568022016297,0.9995760048224545,0.9974988023567337,0.9674336080919452,0.9897817819195842,0.9754327831699825,0.15496540069580078,0.041431546211242676,0.1019141674041748,0.9940233572779,0.9995709948287392,0.9974084238700132,-0.8615303039550781,1.1311978101730347,0.002392820781096816,0.5132334183673469,0.4678977653730273,0.41074514389038086
2,client_0,True,flip_global,clip01,random,0.9588893055915833,0.1300753355026245,0.13045358657836914,0.17577898502349854,0.9957834836892256,0.9957590034702726,0.9923199632148016,0.9682576964827527,0.9681676089586515,0.9574629839437119,0.09878706932067871,0.13139832019805908,0.17653632164001465,0.9975647357844619,0.995697554277513,0.9922540282513719,-0.8044816255569458,0.964436411857605,-0.020981447771191597,0.5263073979591837,-0.5166808100171192,
2,client_1,True,flip_global,clip01,random,0.943530261516571,0.1582927703857422,0.05855298042297363,0.1936511993408203,0.9937651590060237,0.999143437793337,0.990690321161193,0.961571590166596,0.9855209351360197,0.9532908751917215,0.1630086898803711,0.05855298042297363,0.19930672645568848,0.9933899948828628,0.999143437793337,0.9901426940767903,-0.7512783408164978,0.8415384292602539,0.008580618537962437,0.46731505102040816,-0.5782089814151459,
2,client_2,False,flip_global,clip01,random,0.8127104640007019,0.27291715145111084,0.05602848529815674,0.11129355430603027,0.9816359732069666,0.9992156639019396,0.9969106131522103,0.9351122731253809,0.9861386886141053,0.9727468053218222,0.25214481353759766,0.05380868911743164,0.11194729804992676,0.984293263602142,0.9992765490198179,0.9968742975220335,-1.0122604370117188,0.6533530950546265,-0.008793676272034645,0.47130102040816324,0.43236936186203323,
2,client_3,False,flip_global,clip01,random,0.7870408296585083,0.11027789115905762,0.04974687099456787,0.09844791889190674,0.9969666154721313,0.9993815991711106,0.9975813980229495,0.9729904531701983,0.9876783476192559,0.9758351117032213,0.11876440048217773,0.0498274564743042,0.10036575794219971,0.996483058589771,0.9993795949734443,0.9974864272746709,-1.0061922073364258,0.7787958979606628,-0.009472891688346863,0.5047034438775511,0.5374139817557203,
2,client_4,False,flip_global,clip01,random,0.757352352142334,0.30122828483581543,0.1049574613571167,0.09443342685699463,0.9776956637267773,0.9972516610316753,0.997774304260924,0.928745625687857,0.9742682716394475,0.9768032823569663,0.2488868236541748,0.10196411609649658,0.09420740604400635,0.9846918944100265,0.9974058879021475,0.9977849279666906,-0.8954614996910095,1.079572319984436,-0.025597864761948586,0.5110012755102041,0.5009718598599997,
2,client_5,False,flip_global,clip01,random,0.8747342824935913,0.09045159816741943,0.031096935272216797,0.06214165687561035,0.9979577605581076,0.999758288981277,0.9990353021707066,0.9777650007897227,0.9922708652984027,0.9846437715743364,0.11663436889648438,0.031066417694091797,0.06376266479492188,0.996607761258701,0.9997587630782465,0.9989843549598298,-0.9685631394386292,0.8976557850837708,-0.00014707111404277384,0.5349170918367347,0.5749530524458394,
2,client_6,False,flip_global,clip01,random,0.7409579157829285,0.05483734607696533,0.032087087631225586,0.07951867580413818,0.9992486400439713,0.9997426543827082,0.9984210673174421,0.9864303666733678,0.9920262371627682,0.9804129158974229,0.05390024185180664,0.03197824954986572,0.0802907943725586,0.9992740864373753,0.9997443968992192,0.9983902930974444,-0.7977332472801208,1.1196465492248535,-0.026460876688361168,0.5230389030612245,0.6024560881872699,
2,client_7,False,flip_global,clip01,random,0.85084068775177,0.06666135787963867,0.08269977569580078,0.13316404819488525,0.9988899907987818,0.9982923769158649,0.9955815310673568,0.983540708094016,0.9796413555054342,0.9675224302456529,0.07532167434692383,0.08281314373016357,0.13682818412780762,0.9985831687051776,0.9982876979745499,0.995335891964511,-0.9765533804893494,0.7658936977386475,0.012936461716890335,0.5391422193877551,0.5990172262435506,
2,client_8,False,flip_global,clip01,random,0.8128503561019897,0.15289056301116943,0.06653857231140137,0.1048440933227539,0.9941816343725409,0.9988940727624986,0.9972575827579921,0.9628462624367229,0.9835706502266168,0.9742955268808844,0.17648088932037354,0.06750863790512085,0.10609912872314453,0.9922588636710483,0.9988616188211048,0.9971916728100221,-0.8286406397819519,0.9485419988632202,0.003454711986705661,0.517936862244898,0.5622127629185967,
2,client_9,False,flip_global,clip01,random,0.8513755202293396,0.12871170043945312,0.13148438930511475,0.03639030456542969,0.9958711548079322,0.9956919342499246,0.9996690186178858,0.9685825760323192,0.9679221680101429,0.9909641301282142,0.1333838701248169,0.1329195499420166,0.0367124080657959,0.9955669799416595,0.9955976878243726,0.9996631349062888,-0.8615303039550781,1.1311978101730347,0.002392820781096816,0.5132334183673469,0.4678977653730273,
2,client_0,True,flip_global,clip01,pretrained,0.9588893055915833,0.21154534816741943,0.11641228199005127,0.16532158851623535,0.9889053337466684,0.9966206347489679,0.9932020523427325,0.9491409524645604,0.9715202647470107,0.9599169035408954,0.17788052558898926,0.11482107639312744,0.1667691469192505,0.992136317935209,0.9967121600983995,0.9930831063684173,-0.8044816255569458,0.964436411857605,-0.020981447771191597,0.5263073979591837,-0.5166808100171192,
2,client_1,True,flip_global,clip01,pretrained,0.943530261516571,0.1635833978652954,0.04935956001281738,0.16215133666992188,0.9933435372738875,0.999391186592155,0.9934590027747958,0.9603257007498232,0.9877733977655645,0.9606626972686461,0.15347015857696533,0.04826462268829346,0.1629694700241089,0.9941376314056676,0.9994178858168732,0.9933931594531069,-0.7512783408164978,0.8415384292602539,0.008580618537962437,0.46731505102040816,-0.5782089814151459,
2,client_2,False,flip_global,clip01,pretrained,0.8127104640007019,0.20148885250091553,0.04416966438293457,0.10306668281555176,0.9899273080698434,0.9995124385476384,0.9973495950278375,0.9514698562709638,0.9890483775787489,0.9747229906258807,0.23644745349884033,0.04341554641723633,0.10575467348098755,0.9861683336713938,0.9995289390723503,0.9972098397960965,-1.0122604370117188,0.6533530950546265,-0.008793676272034645,0.47130102040816324,0.43236936186203323,
2,client_3,False,flip_global,clip01,pretrained,0.7870408296585083,0.07549107074737549,0.02039361000061035,0.08991336822509766,0.9985767955206502,0.9998960332753075,0.9979819561438386,0.9813911012303098,0.9949210278258094,0.9778951068022257,0.09441250562667847,0.020577549934387207,0.09190422296524048,0.9977752886881235,0.9998941495136697,0.9978917429571106,-1.0061922073364258,0.7787958979606628,-0.009472891688346863,0.5047034438775511,0.5374139817557203,
2,client_4,False,flip_global,clip01,pretrained,0.757352352142334,0.18603312969207764,0.0644155740737915,0.15372633934020996,0.9914037457903189,0.9989634649638202,0.9941181300058382,0.9550658989506742,0.9840885748168062,0.962648891801045,0.17295169830322266,0.06138718128204346,0.15689879655838013,0.9925636640232955,0.999058568742061,0.9938739843666691,-0.8954614996910095,1.079572319984436,-0.025597864761948586,0.5110012755102041,0.5009718598599997,
2,client_5,False,flip_global,clip01,pretrained,0.8747342824935913,0.08857452869415283,0.028786420822143555,0.09171366691589355,0.998041519716413,0.9997928676775412,0.9979004627402221,0.9782188564564378,0.9928420556929543,0.9774600235266337,0.11143171787261963,0.02919948101043701,0.09428763389587402,0.9969029556917042,0.9997868816478859,0.9977811598944122,-0.9685631394386292,0.8976557850837708,-0.00014707111404277384,0.5349170918367347,0.5749530524458394,
2,client_6,False,flip_global,clip01,pretrained,0.7409579157829285,0.08562242984771729,0.04825937747955322,0.13370704650878906,0.9981697162203453,0.9994180122785135,0.9955455442628511,0.9789332829686432,0.9880434688972077,0.967393256478351,0.10312533378601074,0.04842269420623779,0.13613808155059814,0.9973465837063673,0.9994140682859007,0.995382658177353,-0.7977332472801208,1.1196465492248535,-0.026460876688361168,0.5230389030612245,0.6024560881872699,
2,client_7,False,flip_global,clip01,pretrained,0.85084068775177,0.03744220733642578,0.036357998847961426,0.08655333518981934,0.9996496123833085,0.9996696058730008,0.9981297575470727,0.9907047621722018,0.9909720973704013,0.9787079134865229,0.055848002433776855,0.03704953193664551,0.08886265754699707,0.9992207059304183,0.9996569213486224,0.9980287761756377,-0.9765533804893494,0.7658936977386475,0.012936461716890335,0.5391422193877551,0.5990172262435506,
2,client_8,False,flip_global,clip01,pretrained,0.8128503561019897,0.1641843318939209,0.04911017417907715,0.12565839290618896,0.9932947882719423,0.9993973202538986,0.9960641490164099,0.9601843402176009,0.9878346069098136,0.9693106058489844,0.1972343921661377,0.049631595611572266,0.12844336032867432,0.9903451359126283,0.9993844604937134,0.9958882995450609,-0.8286406397819519,0.9485419988632202,0.003454711986705661,0.517936862244898,0.5622127629185967,
2,client_9,False,flip_global,clip01,pretrained,0.8513755202293396,0.12468206882476807,0.041251301765441895,0.10192179679870605,0.9961248947413741,0.9995747182228403,0.9974080365943179,0.969543573689188,0.9897664044682566,0.9749984825827358,0.14672917127609253,0.041632771492004395,0.10329782962799072,0.9946392885324626,0.9995668188703921,0.9973377173894089,-0.8615303039550781,1.1311978101730347,0.002392820781096816,0.5132334183673469,0.4678977653730273,
3,client_0,True,orig,raw,random,0.8603623509407043,0.10346174240112305,0.15167927742004395,0.03441464900970459,0.9973292786230519,0.9942730670944044,0.9997039737234859,0.9746279552362009,0.9631324184035417,0.9914515435221976,0.12897932529449463,0.1619631052017212,0.03407430648803711,0.9958540205742192,0.993474105663714,0.9997097985874672,-1.4267255067825317,0.7603889107704163,-0.01707966811954975,0.5189732142857143,-0.5564235451599965,
3,client_1,True,orig,raw,random,0.9124005436897278,0.09268784523010254,0.055274009704589844,0.10153281688690186,0.9978556956240399,0.9992366332912654,0.9974277449496136,0.977224712254783,0.986323424428849,0.9750921087569036,0.0924835205078125,0.05588412284851074,0.10167074203491211,0.9978651240543268,0.9992196981576964,0.9974207652843878,-0.9285605549812317,0.6947788596153259,-0.010925719514489174,0.5217633928571429,-0.5892357356933913,
3,client_2,False,orig,raw,random,0.9299997687339783,0.08522844314575195,0.027126073837280273,0.04717087745666504,0.9981864984940167,0.9998160694063327,0.9994439590750601,0.9790286894686957,0.9932528205835751,0.9883107812870273,0.06746816635131836,0.02686023712158203,0.04499459266662598,0.9988629821713719,0.9998196563120427,0.9994940637183891,-0.818183422088623,0.857185959815979,0.005791465751826763,0.45448022959183676,0.46450614320098704,
3,client_3,False,orig,raw,random,0.9470206499099731,0.027399301528930664,0.03652465343475342,0.032807230949401855,0.9998123459836399,0.9996665708276116,0.999730975692251,0.9931852073427152,0.9909309980154435,0.9918483745936129,0.02914297580718994,0.036385536193847656,0.0324249267578125,0.9997877055480369,0.9996691053303859,0.9997372078374749,-0.7258869409561157,1.0859001874923706,0.012211247347295284,0.4733737244897959,0.5345812576761811,
3,client_4,False,orig,raw,random,0.9437612295150757,0.055271148681640625,0.026262640953063965,0.043610572814941406,0.9992367122688082,0.9998275907195089,0.9995246989860123,0.9863241250585086,0.9934665320850364,0.9891858745777287,0.05108296871185303,0.025667786598205566,0.04298722743988037,0.9993479516278871,0.9998353115273364,0.9995381845867697,-1.047071933746338,0.7541933655738831,-0.02237243950366974,0.5237563775510204,0.5432370604300002,
3,client_5,False,orig,raw,random,0.9110664129257202,0.06394088268280029,0.025217533111572266,0.037843942642211914,0.9989786738860513,0.9998410379601836,0.999642055123779,0.9842044360596429,0.9937253029378963,0.990605733065816,0.07072484493255615,0.02500593662261963,0.0394667387008667,0.9987506709310323,0.9998436941094739,0.9996107078327505,-0.9610295295715332,1.2327991724014282,0.010966065339744091,0.47177933673469385,0.5229727625422586,
3,client_6,False,orig,raw,random,0.9402757883071899,0.028799772262573242,0.02074277400970459,0.03904235363006592,0.9997926755226301,0.9998924430087635,0.999619032542939,0.9928387536194891,0.9948344067151969,0.9903104089440087,0.02435457706451416,0.020406007766723633,0.0383150577545166,0.9998517301340317,0.9998959068390101,0.9996330900857744,-0.8732889890670776,0.9123649001121521,0.022293265908956528,0.5051020408163265,0.7084702797881298,
3,client_7,False,orig,raw,random,0.9636350274085999,0.048157453536987305,0.04762470722198486,0.02871382236480713,0.9994204669344755,0.9994332128666215,0.999793910961364,0.9880684946394005,0.9881993171865042,0.9928600110058119,0.038857340812683105,0.044878482818603516,0.028943419456481934,0.9996226336043355,0.9994966705311858,0.9997906025088397,-0.8899491429328918,0.751101553440094,0.05120805278420448,0.33115433673469385,0.6116283317883708,
3,client_8,False,orig,raw,random,0.9393720626831055,0.05232501029968262,0.037432312965393066,0.045243024826049805,0.9993158745479214,0.9996497974950709,0.9994884635131431,0.98704599501657,0.9907072013554239,0.9887844871627018,0.0530552864074707,0.037432312965393066,0.045473456382751465,0.9992966553867901,0.9996497974950709,0.9994832415580541,-0.7362829446792603,1.0719338655471802,0.007919873110949993,0.48668686224489793,0.5836470170874535,
3,client_9,False,orig,raw,random,0.9374617338180542,0.0390397310256958,0.02876865863800049,0.04134964942932129,0.9996190837082926,0.9997931231741668,0.9995726886187153,0.9903110550875078,0.9928464486555166,0.9897421945128053,0.037407875061035156,0.02846670150756836,0.04141736030578613,0.9996502544893997,0.9997974425037388,0.999571288461435,-0.8376100063323975,0.8621640801429749,0.021814825013279915,0.4408482142857143,0.46118095868793413,
3,client_0,True,orig,raw,pretrained,0.8603623509407043,0.03495430946350098,0.06583011150360107,0.03824293613433838,0.9996946190236797,0.9989174787981692,0.9996344696991986,0.99131836834939,0.9837434401473009,0.9905073945261909,0.04680001735687256,0.06822621822357178,0.03891587257385254,0.9994526643799577,0.9988373106680877,0.9996214961986547,-1.4267255067825317,0.7603889107704163,-0.01707966811954975,0.5189732142857143,-0.5564235451599965,0.3582339286804199
3,client_1,True,orig,raw,pretrained,0.9124005436897278,0.0484544038772583,0.04425668716430664,0.07111978530883789,0.9994133009760031,0.9995105161804259,0.998736692272574,0.9879955860346625,0.9890269787062376,0.9824544149329899,0.0623173713684082,0.044968366622924805,0.0727689266204834,0.9990298427890045,0.9994946531141935,0.9986774840826207,-0.9285605549812317,0.6947788596153259,-0.010925719514489174,0.5217633928571429,-0.5892357356933913,0.5000613927841187
3,client_2,False,orig,raw,pretrained,0.9299997687339783,0.0645742416381836,0.03603363037109375,0.06496965885162354,0.9989583563118596,0.9996754733803677,0.9989455704665899,0.9840498522808871,0.9910520985134013,0.9839533613656295,0.059816598892211914,0.03603363037109375,0.06493079662322998,0.9991060933787763,0.9996754733803677,0.9989468305274429,-0.818183422088623,0.857185959815979,0.005791465751826763,0.45448022959183676,0.46450614320098704,0.4474809169769287
3,client_3,False,orig,raw,pretrained,0.9470206499099731,0.02991664409637451,0.035390496253967285,0.030319809913635254,0.9997762861445121,0.9996869517125824,0.9997702168895941,0.992562587607575,0.9912107475923881,0.9924629261487772,0.026835083961486816,0.035359859466552734,0.029927730560302734,0.999819993872544,0.9996874933492659,0.9997761203345641,-0.7258869409561157,1.0859001874923706,0.012211247347295284,0.4733737244897959,0.5345812576761811,0.3561379909515381
3,client_4,False,orig,raw,pretrained,0.9437612295150757,0.12197351455688477,0.06997978687286377,0.06934821605682373,0.9962909655626844,0.9987768306250933,0.998798789511312,0.9701903220170878,0.9827320034493252,0.9828858410086123,0.11660003662109375,0.06891524791717529,0.0703810453414917,0.9966097529504974,0.998813728639327,0.9987627763566858,-1.047071933746338,0.7541933655738831,-0.02237243950366974,0.5237563775510204,0.5432370604300002,0.620834469795227
3,client_5,False,orig,raw,pretrained,0.9110664129257202,0.07585740089416504,0.04138040542602539,0.03262805938720703,0.9985629643678453,0.9995720529153806,0.9997339055517833,0.9813020699994939,0.9897346235818569,0.9918926223057198,0.06501626968383789,0.04100751876831055,0.03198742866516113,0.998944058175339,0.9995797283693306,0.999744250168427,-0.9610295295715332,1.2327991724014282,0.010966065339744091,0.47177933673469385,0.5229727625422586,0.35789620876312256
3,client_6,False,orig,raw,pretrained,0.9402757883071899,0.049713134765625,0.03680527210235596,0.06263673305511475,0.9993824372450115,0.9996614289837051,0.9990198809898312,0.987686626295281,0.9908617993010349,0.9845228543727635,0.03990817070007324,0.03602433204650879,0.06144845485687256,0.9996019533486526,0.9996756408034362,0.9990566897566509,-0.8732889890670776,0.9123649001121521,0.022293265908956528,0.5051020408163265,0.7084702797881298,0.4121880531311035
3,client_7,False,orig,raw,pretrained,0.9636350274085999,0.10144352912902832,0.08059144020080566,0.05074357986450195,0.997432258319479,0.9983782302498361,0.9993565829335702,0.9751136019287232,0.980152620178443,0.9874338079866598,0.08428478240966797,0.07963311672210693,0.05025601387023926,0.9982263816941535,0.9984165247438568,0.9993688821590632,-0.8899491429328918,0.751101553440094,0.05120805278420448,0.33115433673469385,0.6116283317883708,0.48551154136657715
3,client_8,False,orig,raw,pretrained,0.9393720626831055,0.06346583366394043,0.07290542125701904,0.04948318004608154,0.9989937819911503,0.9986725230174944,0.9993881346526914,0.9843204050879639,0.982019850784015,0.9877430586313263,0.057715773582458496,0.07373321056365967,0.048586249351501465,0.9991677422250653,0.9986422376411654,0.9994101052054625,-0.7362829446792603,1.0719338655471802,0.007919873110949993,0.48668686224489793,0.5836470170874535,0.3585212230682373
3,client_9,False,orig,raw,pretrained,0.9374617338180542,0.04890131950378418,0.04403340816497803,0.02394688129425049,0.9994024331874838,0.9995154409115645,0.9998566521323939,0.9878858724846564,0.98908188433221,0.9940400551823207,0.04747021198272705,0.04425454139709473,0.02384650707244873,0.9994368826825621,0.9995105636266928,0.9998578511816452,-0.8376100063323975,0.8621640801429749,0.021814825013279915,0.4408482142857143,0.46118095868793413,0.32514238357543945
3,client_0,True,orig,clip01,random,0.8603623509407043,0.0702749490737915,0.09440016746520996,0.059244513511657715,0.9987665002144144,0.9977758691461891,0.999123099048542,0.9826601204463148,0.9768113095101243,0.9853518157129622,0.08192634582519531,0.09672093391418457,0.060007452964782715,0.9983241278609423,0.997665361215486,0.9991003838405774,-1.4267255067825317,0.7603889107704163,-0.01707966811954975,0.5189732142857143,-0.5564235451599965,
3,client_1,True,orig,clip01,random,0.9124005436897278,0.09648382663726807,0.038669586181640625,0.04469799995422363,0.9976767737925287,0.9996262705644745,0.9995007092473305,0.9763086096034748,0.990402255776806,0.9889184707346319,0.0937885046005249,0.0381244421005249,0.04489898681640625,0.9978045508142397,0.9996367307324225,0.9994962106794916,-0.9285605549812317,0.6947788596153259,-0.010925719514489174,0.5217633928571429,-0.5892357356933913,
3,client_2,False,orig,clip01,random,0.9299997687339783,0.1026679277420044,0.05696427822113037,0.09992647171020508,0.9973700232846205,0.9991892610626518,0.9975083411547963,0.9748189291098568,0.9859096287929412,0.9754788937105368,0.11177206039428711,0.05724072456359863,0.10144591331481934,0.9968840526885603,0.9991813778172649,0.9974321378534607,-0.818183422088623,0.857185959815979,0.005791465751826763,0.45448022959183676,0.46450614320098704,
3,client_3,False,orig,clip01,random,0.9470206499099731,0.03585231304168701,0.07442736625671387,0.06643295288085938,0.9996787303440413,0.9986165788575039,0.9988975780428979,0.9910968222282275,0.9816496879090373,0.98359640736922,0.04047536849975586,0.07529163360595703,0.06761324405670166,0.9995905619093515,0.9985842974368333,0.9988580912177816,-0.7258869409561157,1.0859001874923706,0.012211247347295284,0.4733737244897959,0.5345812576761811,
3,client_4,False,orig,clip01,random,0.9437612295150757,0.10666680335998535,0.044988155364990234,0.09628331661224365,0.9971616051489482,0.9994942084200424,0.9976864031428985,0.9738574609206043,0.9888471383817914,0.9763569674050638,0.09756600856781006,0.044362545013427734,0.0971534252166748,0.9976244593962718,0.9995081726459736,0.9976444726689035,-1.047071933746338,0.7541933655738831,-0.02237243950366974,0.5237563775510204,0.5432370604300002,
3,client_5,False,orig,clip01,random,0.9110664129257202,0.09244227409362793,0.022624969482421875,0.07015275955200195,0.9978670248351318,0.9998720399706338,0.9987707819920941,0.9772840215675647,0.9943676637739354,0.9826898771942341,0.09756577014923096,0.022467374801635742,0.07100987434387207,0.9976244709856112,0.9998738162104148,0.9987405902875905,-0.9610295295715332,1.2327991724014282,0.010966065339744091,0.47177933673469385,0.5229727625422586,
3,client_6,False,orig,clip01,random,0.9402757883071899,0.04089188575744629,0.048462510108947754,0.05875587463378906,0.9995820944498279,0.9994131047411168,0.9991374951416578,0.9898548884090042,0.9879935958688089,0.9854713113727409,0.04465675354003906,0.0482020378112793,0.05937838554382324,0.9995016299487771,0.9994193938393687,0.9991191342091748,-0.8732889890670776,0.9123649001121521,0.022293265908956528,0.5051020408163265,0.7084702797881298,
3,client_7,False,orig,clip01,random,0.9636350274085999,0.06923460960388184,0.11665225028991699,0.047548651695251465,0.9988027184088037,0.9966067236893623,0.9994350209457643,0.9829135170211651,0.9714628209550222,0.9882179956962858,0.06515288352966309,0.1159052848815918,0.04781317710876465,0.9989396195028832,0.9966499323327807,0.9994287199125367,-0.8899491429328918,0.751101553440094,0.05120805278420448,0.33115433673469385,0.6116283317883708,
3,client_8,False,orig,clip01,random,0.9393720626831055,0.06234776973724365,0.10160183906555176,0.08899414539337158,0.9990288967638259,0.9974242532759325,0.9980229469783715,0.9845934279463247,0.9750754943624926,0.9781173701075796,0.07580232620239258,0.1030653715133667,0.09104478359222412,0.9985650480246713,0.9973496623347073,0.9979309282589446,-0.7362829446792603,1.0719338655471802,0.007919873110949993,0.48668686224489793,0.5836470170874535,
3,client_9,False,orig,clip01,random,0.9374617338180542,0.07520222663879395,0.04157686233520508,0.0651094913482666,0.9985876541043512,0.9995679811608846,0.9989410303494608,0.981461309151918,0.9896862655771026,0.9839192424116718,0.0622481107711792,0.04106462001800537,0.065085768699646,0.999031996524365,0.999578557503453,0.998941801267796,-0.8376100063323975,0.8621640801429749,0.021814825013279915,0.4408482142857143,0.46118095868793413,
3,client_0,True,orig,clip01,pretrained,0.8603623509407043,0.0391082763671875,0.06595325469970703,0.03434336185455322,0.9996177453042729,0.9989134283403704,0.9997051985712742,0.9902941674538448,0.9837134028887093,0.9914691374784441,0.04952728748321533,0.06831371784210205,0.03498661518096924,0.9993870438809767,0.9988343290843471,0.9996940544097148,-1.4267255067825317,0.7603889107704163,-0.01707966811954975,0.5189732142857143,-0.5564235451599965,
3,client_1,True,orig,clip01,pretrained,0.9124005436897278,0.050986528396606445,0.049883246421813965,0.07628750801086426,0.9993504101294668,0.9993782055551943,0.9985466401682599,0.987374215040802,0.9876448829371312,0.9811975541726974,0.06417310237884521,0.0507659912109375,0.07774901390075684,0.9989712476714692,0.9993560147410963,0.9984904838699689,-0.9285605549812317,0.6947788596153259,-0.010925719514489174,0.5217633928571429,-0.5892357356933913,
3,client_2,False,orig,clip01,pretrained,0.9299997687339783,0.07479023933410645,0.03822660446166992,0.07081258296966553,0.9986030703131232,0.9996347817469746,0.998747572200436,0.9815614619321635,0.9905114194492848,0.9825292068206406,0.06886601448059082,0.03811204433441162,0.07042539119720459,0.9988154214859482,0.9996369668942517,0.9987612182092365,-0.818183422088623,0.857185959815979,0.005791465751826763,0.45448022959183676,0.46450614320098704,
3,client_3,False,orig,clip01,pretrained,0.9470206499099731,0.024865150451660156,0.03432059288024902,0.027649641036987305,0.9998454489901034,0.9997055892505202,0.9998089017309633,0.993812576406935,0.9914747570514713,0.9931232641000969,0.022719502449035645,0.034192562103271484,0.027244091033935547,0.999870968540316,0.9997077812338666,0.9998144656972123,-0.7258869409561157,1.0859001874923706,0.012211247347295284,0.4733737244897959,0.5345812576761811,
3,client_4,False,orig,clip01,pretrained,0.9437612295150757,0.14774870872497559,0.08110344409942627,0.07872664928436279,0.9945648376957719,0.9983575837971437,0.9984523274918682,0.964061862258021,0.9800284240409514,0.9806051599223717,0.14217138290405273,0.07954180240631104,0.07982635498046875,0.9949659121644756,0.9984201498632272,0.9984088396610722,-1.047071933746338,0.7541933655738831,-0.02237243950366974,0.5237563775510204,0.5432370604300002,
3,client_5,False,orig,clip01,pretrained,0.9110664129257202,0.0845193862915039,0.04018223285675049,0.03136909008026123,0.9982165075678342,0.9995964692101165,0.9997540404283931,0.9792004274683255,0.990029631360088,0.9922036174117748,0.06916046142578125,0.03972792625427246,0.030449390411376953,0.9988052792432862,0.9996055397069621,0.9997682489451922,-0.9610295295715332,1.2327991724014282,0.010966065339744091,0.47177933673469385,0.5229727625422586,
3,client_6,False,orig,clip01,pretrained,0.9402757883071899,0.05634713172912598,0.03632688522338867,0.0642240047454834,0.9992067224697909,0.999670170965617,0.998969616265069,0.9860606825899363,0.9909797707092707,0.9841353300169027,0.04110074043273926,0.035550594329833984,0.06275427341461182,0.9995778160111368,0.9996841136687982,0.9990162017898183,-0.8732889890670776,0.9123649001121521,0.022293265908956528,0.5051020408163265,0.7084702797881298,
3,client_7,False,orig,clip01,pretrained,0.9636350274085999,0.11181640625,0.08911442756652832,0.04755687713623047,0.9968815854649837,0.9980176070540336,0.999434825540283,0.9726214138700624,0.9780882821909163,0.9882159755811197,0.0865473747253418,0.08647894859313965,0.04606974124908447,0.9981300147639804,0.9981329663522698,0.9994696058183459,-0.8899491429328918,0.751101553440094,0.05120805278420448,0.33115433673469385,0.6116283317883708,
3,client_8,False,orig,clip01,pretrained,0.9393720626831055,0.0647742748260498,0.08148837089538574,0.053430795669555664,0.9989518979485028,0.9983419760258485,0.9992866693789899,0.9840010377970432,0.9799350683898524,0.9867749598926177,0.05880618095397949,0.08248746395111084,0.05185091495513916,0.999136018527164,0.9983011223218998,0.9993282093237437,-0.7362829446792603,1.0719338655471802,0.007919873110949993,0.48668686224489793,0.5836470170874535,
3,client_9,False,orig,clip01,pretrained,0.9374617338180542,0.053276896476745605,0.04369974136352539,0.02000558376312256,0.9992907705563379,0.9995227540428404,0.9998999516624609,0.9868126748862416,0.9891639434964166,0.9950173032090845,0.0512087345123291,0.04372406005859375,0.01985478401184082,0.9993447385813483,0.9995222229153078,0.999901454172027,-0.8376100063323975,0.8621640801429749,0.021814825013279915,0.4408482142857143,0.46118095868793413,
3,client_0,True,flip,raw,random,0.6681074500083923,0.06670999526977539,0.0805814266204834,0.0700063705444336,0.9988883717915837,0.9983786327481654,0.9987759019956839,0.9835288478993791,0.9801550493954803,0.9827255290105592,0.030516743659973145,0.07898604869842529,0.06629335880279541,0.9997672227360288,0.9984421236597127,0.9989022023531555,-0.6728807687759399,0.9375400543212891,-0.014967597089707851,0.5585140306122449,-0.5564235451599965,
3,client_1,True,flip,raw,random,0.9280650615692139,0.10571169853210449,0.0733116865158081,0.02444326877593994,0.9972121022366605,0.998657702011535,0.9998506483844258,0.9740869717420861,0.9819210196770269,0.9939170775975512,0.07556164264678955,0.07223641872406006,0.02352285385131836,0.9985741361941494,0.9986967502010446,0.9998616831870042,-1.1312823295593262,0.8194096684455872,0.010983098298311234,0.38105867346938777,-0.5892357356933913,
3,client_2,False,flip,raw,random,0.840298593044281,0.20950913429260254,0.12438058853149414,0.07362639904022217,0.9891161489204794,0.9961435578586555,0.9986461645673437,0.9496118108797236,0.9696155291003101,0.9818444706300389,0.16873407363891602,0.12370109558105469,0.07277500629425049,0.9929200238463423,0.9961854580591432,0.9986772633064545,-0.6938451528549194,0.7657452821731567,0.027461305260658264,0.43917410714285715,0.46450614320098704,
3,client_3,False,flip,raw,random,0.7763193845748901,0.09377765655517578,0.04638040065765381,0.08197331428527832,0.9978050578216702,0.9994624314421083,0.9983222081710539,0.976961570772928,0.9885049735573685,0.9798174748823152,0.0866316556930542,0.046968936920166016,0.07953834533691406,0.9981263760805459,0.999448707789641,0.998420287025324,-1.047944188117981,0.6740694046020508,-0.025973303243517876,0.5805165816326531,0.5345812576761811,
3,client_4,False,flip,raw,random,0.904383659362793,0.15652704238891602,0.08376204967498779,0.08792388439178467,0.993902847048806,0.9982482845484484,0.9980701454522303,0.9619879417154977,0.9793839090773941,0.9783762492192452,0.0976407527923584,0.08096957206726074,0.08581793308258057,0.9976208247521874,0.998362994721929,0.9981613599813111,-0.5616658926010132,0.9592776298522949,0.055032506585121155,0.40377869897959184,0.5432370604300002,
3,client_5,False,flip,raw,random,0.8598116040229797,0.14413976669311523,0.07830911874771118,0.07069706916809082,0.9948260969953666,0.9984686814599222,0.998751651117425,0.9649164393060101,0.9807065274764173,0.9825573321743257,0.16205060482025146,0.07912850379943848,0.07080709934234619,0.9934670872071989,0.9984365057812339,0.9987477659832271,-0.8765761256217957,0.7770139575004578,-0.009280065074563026,0.5662468112244898,0.5229727625422586,
3,client_6,False,flip,raw,random,0.8119006156921387,0.15501511096954346,0.10070979595184326,0.14494812488555908,0.9940195394724392,0.9974691982574175,0.9947681307417944,0.9623446642899252,0.975290251663224,0.964724925810849,0.1463015079498291,0.10160017013549805,0.14385437965393066,0.9946703672714385,0.9974243377310525,0.9948464854848882,-0.7879863381385803,0.6289685368537903,-0.02263602986931801,0.5165816326530612,0.7084702797881298,
3,client_7,False,flip,raw,random,0.7081913948059082,0.3229562044143677,0.144173264503479,0.07829904556274414,0.974426179638892,0.9948237012515462,0.9984690749402187,0.9239035341406201,0.964908501983812,0.9807089732262715,0.24679327011108398,0.14437329769134521,0.07332634925842285,0.9849454407744327,0.9948093835873533,0.998657165564754,-0.8125662803649902,0.5996304750442505,-0.020830893889069557,0.5561224489795918,0.6116283317883708,
3,client_8,False,flip,raw,random,0.6465580463409424,0.11238932609558105,0.06748509407043457,0.11328387260437012,0.9968496233582926,0.9988624120326839,0.996799394781893,0.9724840428926558,0.9833398695452764,0.9722696126199863,0.09185123443603516,0.06737327575683594,0.11179244518280029,0.9978941695001968,0.9988661755209949,0.9968829186819959,-0.6773884296417236,0.6477096080780029,-0.013179557397961617,0.5238360969387755,0.5836470170874535,
3,client_9,False,flip,raw,random,0.8306771516799927,0.1840989589691162,0.10880839824676514,0.1881871223449707,0.9915804409423148,0.9970467407792134,0.9912048520293271,0.9555173546097238,0.9733431326473552,0.9545635116278706,0.21923315525054932,0.1101536750793457,0.19327104091644287,0.9880916436910461,0.9969734296687935,0.9907265826949285,-0.7162089943885803,0.8405207991600037,0.0031536968890577555,0.496890943877551,0.46118095868793413,
3,client_0,True,flip,raw,pretrained,0.6681074500083923,0.1616203784942627,0.09614801406860352,0.17096054553985596,0.9935015604246695,0.9976928897096666,0.9927329748567759,0.9607876889265323,0.9763896008904702,0.958592500794125,0.07504105567932129,0.09298205375671387,0.1687164306640625,0.9985936950245733,0.9978420832497554,0.9929214964749755,-0.6728807687759399,0.9375400543212891,-0.014967597089707851,0.5585140306122449,-0.5564235451599965,0.47480571269989014
3,client_1,True,flip,raw,pretrained,0.9280650615692139,0.06190180778503418,0.07691037654876709,0.06426262855529785,0.9990427293795614,0.9985228370466337,0.9989683775224731,0.9847023602318192,0.9810462270275142,0.9841259030623128,0.040101051330566406,0.07530045509338379,0.062011122703552246,0.9995980976058259,0.9985839660303852,0.999039347866612,-1.1312823295593262,0.8194096684455872,0.010983098298311234,0.38105867346938777,-0.5892357356933913,0.560791015625
3,client_2,False,flip,raw,pretrained,0.840298593044281,0.18353486061096191,0.09636223316192627,0.07230901718139648,0.9916316348483663,0.9976826156060727,0.9986941318892222,0.9556490814520204,0.9763379343572611,0.9821649635223126,0.2001934051513672,0.09788370132446289,0.07393431663513184,0.9900554491657734,0.9976089916203308,0.9986348285890005,-0.6938451528549194,0.7657452821731567,0.027461305260658264,0.43917410714285715,0.46450614320098704,0.5170284509658813
3,client_3,False,flip,raw,pretrained,0.7763193845748901,0.1541231870651245,0.027184128761291504,0.13821303844451904,0.9940878574503429,0.9998152813805912,0.9952413411663843,0.9625551965116979,0.9932384536670971,0.9663223253848372,0.11230778694152832,0.027411818504333496,0.13582658767700195,0.9968541821479853,0.9998121745145785,0.9954036908160764,-1.047944188117981,0.6740694046020508,-0.025973303243517876,0.5805165816326531,0.5345812576761811,0.427897572517395
3,client_4,False,flip,raw,pretrained,0.904383659362793,0.24717020988464355,0.09565210342407227,0.1275233030319214,0.9848999411837227,0.9977165868151949,0.9959468153509388,0.9409594349068549,0.9765092230839563,0.9688658395548897,0.22874093055725098,0.0966181755065918,0.12502455711364746,0.9870466316864352,0.9976703106545914,0.9961036388473501,-0.5616658926010132,0.9592776298522949,0.055032506585121155,0.40377869897959184,0.5432370604300002,0.5593398809432983
3,client_5,False,flip,raw,pretrained,0.8598116040229797,0.08362293243408203,0.1052236557006836,0.06294238567352295,0.9982540908177455,0.9972377315470813,0.9990102992665988,0.9794176189282076,0.9742042793415571,0.9844482130296557,0.12053292989730835,0.11223733425140381,0.06524276733398438,0.9963778235207872,0.9968581184629719,0.998936694054418,-0.8765761256217957,0.7770139575004578,-0.009280065074563026,0.5662468112244898,0.5229727625422586,0.30916011333465576
3,client_6,False,flip,raw,pretrained,0.8119006156921387,0.15850591659545898,0.031803250312805176,0.15286898612976074,0.9937484357539528,0.9997471862637102,0.9941832693338548,0.9615213494582282,0.992096353071658,0.9628513586751399,0.11704826354980469,0.030475616455078125,0.14998221397399902,0.9965837046352948,0.9997678496286926,0.9943999659460099,-0.7879863381385803,0.6289685368537903,-0.02263602986931801,0.5165816326530612,0.7084702797881298,0.5153733491897583
3,client_7,False,flip,raw,pretrained,0.7081913948059082,0.10639262199401855,0.051563143730163574,0.11556839942932129,0.9971761474014265,0.9993356417668846,0.9966693297572737,0.973923338144723,0.9872327984312794,0.9717223144979827,0.07404863834381104,0.05016303062438965,0.11278271675109863,0.9986306078443707,0.9993712142757973,0.9968275831507887,-0.8125662803649902,0.5996304750442505,-0.020830893889069557,0.5561224489795918,0.6116283317883708,0.6564486026763916
3,client_8,False,flip,raw,pretrained,0.6465580463409424,0.09098029136657715,0.06361329555511475,0.14064955711364746,0.9979338539618596,0.998989104244681,0.9950727102583647,0.9776372253857912,0.9842844044770447,0.9657439838201825,0.07561933994293213,0.06337189674377441,0.14094877243041992,0.9985719601767094,0.9989967561894741,0.9950518014627883,-0.6773884296417236,0.6477096080780029,-0.013179557397961617,0.5238360969387755,0.5836470170874535,0.49636828899383545
3,client_9,False,flip,raw,pretrained,0.8306771516799927,0.26367247104644775,0.1708054542541504,0.11041557788848877,0.9828432217511631,0.9927460820183192,0.9969590534154864,0.9372054493773203,0.9586288898400845,0.9729574180758529,0.2754495143890381,0.17439258098602295,0.11216998100280762,0.981298416442576,0.9924399482370865,0.9968618793190378,-0.7162089943885803,0.8405207991600037,0.0031536968890577555,0.496890943877551,0.46118095868793413,0.44403910636901855
3,client_0,True,flip,clip01,random,0.6681074500083923,0.17006754875183105,0.10154867172241211,0.1651904582977295,0.9928082848951205,0.9974269430981608,0.9932127771503236,0.9588020529290595,0.9750882922867352,0.959947734347566,0.11213958263397217,0.10016322135925293,0.16325044631958008,0.9968635759641453,0.9974965427048661,0.9933704715692704,-0.6728807687759399,0.9375400543212891,-0.014967597089707851,0.5585140306122449,-0.5564235451599965,
3,client_1,True,flip,clip01,random,0.9280650615692139,0.13350319862365723,0.10784792900085449,0.04858803749084473,0.9955590710679554,0.9970985354351709,0.999410061803605,0.9674417467770946,0.9735737497676695,0.98796277833306,0.12166774272918701,0.10736215114593506,0.048677802085876465,0.9963094869495663,0.9971245583450632,0.999407880981271,-1.1312823295593262,0.8194096684455872,0.010983098298311234,0.38105867346938777,-0.5892357356933913,
3,client_2,False,flip,clip01,random,0.840298593044281,0.09832489490509033,0.07642984390258789,0.05537986755371094,0.9975874280508306,0.9985412177431787,0.9992337082548886,0.9758647598622465,0.9811629702975944,0.986297501656485,0.114715576171875,0.07642984390258789,0.05747354030609131,0.9967181843334543,0.9985412177431787,0.9991747092260836,-0.6938451528549194,0.7657452821731567,0.027461305260658264,0.43917410714285715,0.46450614320098704,
3,client_3,False,flip,clip01,random,0.7763193845748901,0.183282732963562,0.04744243621826172,0.13565003871917725,0.9916544667942475,0.9994375411941021,0.995415590629269,0.9557079664943078,0.9882440820879208,0.9669312505033891,0.1445218324661255,0.04724431037902832,0.13275575637817383,0.9947987393536737,0.9994422272270089,0.99560849512355,-1.047944188117981,0.6740694046020508,-0.025973303243517876,0.5805165816326531,0.5345812576761811,
3,client_4,False,flip,clip01,random,0.904383659362793,0.14132726192474365,0.06570553779602051,0.08361828327178955,0.9950252903820151,0.9989215686315118,0.9982542846918072,0.9655832135673346,0.983773827738859,0.9794187455085663,0.11023855209350586,0.06556296348571777,0.08207619190216064,0.9969687743424518,0.9989262399600347,0.9983179995431901,-0.5616658926010132,0.9592776298522949,0.055032506585121155,0.40377869897959184,0.5432370604300002,
3,client_5,False,flip,clip01,random,0.8598116040229797,0.1469329595565796,0.11835044622421265,0.1416010856628418,0.9946244476270174,0.9965074683680379,0.9950060668944767,0.9642549275853536,0.9710564512448603,0.9655182664335136,0.21387183666229248,0.1262151002883911,0.1472400426864624,0.9886620536995012,0.9960293017391086,0.9946020459866818,-0.8765761256217957,0.7770139575004578,-0.009280065074563026,0.5662468112244898,0.5229727625422586,
3,client_6,False,flip,clip01,random,0.8119006156921387,0.1196056604385376,0.07464969158172607,0.11721742153167725,0.9964331919189229,0.998608310196307,0.9965738484580371,0.970756248853831,0.9815956321450507,0.9713275499866856,0.10745465755462646,0.07470715045928955,0.11632096767425537,0.9971196117939287,0.9986061692079113,0.996625920828913,-0.7879863381385803,0.6289685368537903,-0.02263602986931801,0.5165816326530612,0.7084702797881298,
3,client_7,False,flip,clip01,random,0.7081913948059082,0.21922874450683594,0.08039867877960205,0.17851221561431885,0.9880921185647433,0.9983859696000608,0.992080700500559,0.9473673837683785,0.9801993841938774,0.9568231608893625,0.1708207130432129,0.07954120635986328,0.17510437965393066,0.9927447929751048,0.998420173512288,0.9923784622536229,-0.8125662803649902,0.5996304750442505,-0.020830893889069557,0.5561224489795918,0.6116283317883708,
3,client_8,False,flip,clip01,random,0.6465580463409424,0.11635088920593262,0.03836214542388916,0.12801826000213623,0.996624189158396,0.9996321879454246,0.9959153876391793,0.9715349618171361,0.9904780162688116,0.9687478476983225,0.12749958038330078,0.03829967975616455,0.12954986095428467,0.9959483186205196,0.9996333844690726,0.9958173756584459,-0.6773884296417236,0.6477096080780029,-0.013179557397961617,0.5238360969387755,0.5836470170874535,
3,client_9,False,flip,clip01,random,0.8306771516799927,0.31324267387390137,0.0862584114074707,0.20222169160842896,0.9759139070530429,0.9981424635127278,0.9898544632631492,0.9260635005313924,0.9787793052490179,0.9512998539659263,0.34042787551879883,0.08324706554412842,0.20848101377487183,0.9716450340506104,0.9982697301806638,0.9892218439400156,-0.7162089943885803,0.8405207991600037,0.0031536968890577555,0.496890943877551,0.46118095868793413,
3,client_0,True,flip,clip01,pretrained,0.6681074500083923,0.16994976997375488,0.10332381725311279,0.1775979995727539,0.9928181888547429,0.9973363803467248,0.9921611307659022,0.9588296962326399,0.9746611328788235,0.9570370985806322,0.08115267753601074,0.1003270149230957,0.17581236362457275,0.998355591611741,0.9974883638137202,0.9923170630524489,-0.6728807687759399,0.9375400543212891,-0.014967597089707851,0.5585140306122449,-0.5564235451599965,
3,client_1,True,flip,clip01,pretrained,0.9280650615692139,0.06289684772491455,0.06716620922088623,0.05471527576446533,0.9990117297569718,0.998873128371657,0.9992519795656876,0.9844593330033582,0.9834176108850587,0.9864602657337804,0.040820956230163574,0.06617486476898193,0.053054094314575195,0.9995835425065089,0.9989061200779534,0.9992966869764932,-1.1312823295593262,0.8194096684455872,0.010983098298311234,0.38105867346938777,-0.5892357356933913,
3,client_2,False,flip,clip01,pretrained,0.840298593044281,0.187935471534729,0.10567605495452881,0.07380640506744385,0.9912282037945153,0.9972139780212288,0.9986395433711102,0.954622185016802,0.9740955384331513,0.9818006909214967,0.20518207550048828,0.10655009746551514,0.07514214515686035,0.9895575899054887,0.9971677996265129,0.9985899075538078,-0.6938451528549194,0.7657452821731567,0.027461305260658264,0.43917410714285715,0.46450614320098704,
3,client_3,False,flip,clip01,pretrained,0.7763193845748901,0.17022347450256348,0.025204896926879883,0.1729799509048462,0.9927951628490355,0.9998411972090078,0.9925612478676455,0.9587654581703924,0.9937284323019488,0.9581188773563927,0.1207728385925293,0.025263190269470215,0.17054545879364014,0.9963634294070125,0.9998404618962291,0.9927680287947054,-1.047944188117981,0.6740694046020508,-0.025973303243517876,0.5805165816326531,0.5345812576761811,
3,client_4,False,flip,clip01,pretrained,0.904383659362793,0.29322147369384766,0.10397577285766602,0.14052927494049072,0.9788469896856591,0.9973027285777938,0.9950811030917739,0.9305395814123372,0.9745043210818258,0.9657725222663125,0.28285861015319824,0.1048288345336914,0.138879656791687,0.9802939323026321,0.997258379309083,0.9951954932393803,-0.5616658926010132,0.9592776298522949,0.055032506585121155,0.40377869897959184,0.5432370604300002,
3,client_5,False,flip,clip01,pretrained,0.8598116040229797,0.08262002468109131,0.09176397323608398,0.06617116928100586,0.99829566459005,0.9978981624864998,0.998906242148186,0.9796606875882126,0.9774478700297324,0.9836602522359084,0.11767470836639404,0.09710109233856201,0.06830930709838867,0.9965471336202416,0.9976470051733912,0.9988344794733062,-0.8765761256217957,0.7770139575004578,-0.009280065074563026,0.5662468112244898,0.5229727625422586,
3,client_6,False,flip,clip01,pretrained,0.8119006156921387,0.18010377883911133,0.037009477615356445,0.1833934783935547,0.9919397173969182,0.9996576625632674,0.9916444417787089,0.9564508870841522,0.9908114481248791,0.9556821009509748,0.13966000080108643,0.035681724548339844,0.18086838722229004,0.9951415474148535,0.9996817796018951,0.9918715530005473,-0.7879863381385803,0.6289685368537903,-0.02263602986931801,0.5165816326530612,0.7084702797881298,
3,client_7,False,flip,clip01,pretrained,0.7081913948059082,0.10167992115020752,0.05332159996032715,0.12140607833862305,0.9974203004440474,0.9992895804935478,0.9963253001305343,0.9750566996618106,0.9868017194947702,0.9703258964557429,0.0734701156616211,0.05224251747131348,0.11946511268615723,0.9986519001096983,0.9993180288565453,0.9964415472809232,-0.8125662803649902,0.5996304750442505,-0.020830893889069557,0.5561224489795918,0.6116283317883708,
3,client_8,False,flip,clip01,pretrained,0.6465580463409424,0.09761381149291992,0.054144859313964844,0.16022062301635742,0.9976221351657151,0.999267486233876,0.9936130983329099,0.976036153871207,0.986599997632323,0.9611173192954781,0.07824480533599854,0.0537564754486084,0.1607193946838379,0.9984711928141801,0.999277951590833,0.9935734633957287,-0.6773884296417236,0.6477096080780029,-0.013179557397961617,0.5238360969387755,0.5836470170874535,
3,client_9,False,flip,clip01,pretrained,0.8306771516799927,0.28168773651123047,0.17375290393829346,0.10378384590148926,0.9804543429034045,0.9924949954507796,0.9973126570128312,0.9331329325612676,0.957937685000565,0.9745504804303,0.28638315200805664,0.17626523971557617,0.10507035255432129,0.9798072924336301,0.9922776609040251,0.9972457579058374,-0.7162089943885803,0.8405207991600037,0.0031536968890577555,0.496890943877551,0.46118095868793413,
3,client_0,True,flip_global,raw,random,0.9110994935035706,0.07571792602539062,0.1261310577392578,0.04785919189453125,0.9985682382371541,0.9960345721642117,0.9994276202705417,0.9813359659149048,0.9691978500284852,0.9881417333285614,0.06882810592651367,0.12640011310577393,0.047826528549194336,0.9988167241153989,0.9960176871051245,0.9994284009541745,-0.9463946223258972,1.3887600898742676,0.005845246370881796,0.5036670918367347,-0.5564235451599965,
3,client_1,True,flip_global,raw,random,0.9433650970458984,0.08672463893890381,0.08900833129882812,0.043490052223205566,0.9981223576055034,0.9980223175683447,0.9995273214750602,0.9786664498307496,0.9781139394532334,0.9892155178806139,0.06361627578735352,0.08785736560821533,0.04208981990814209,0.9989890095949756,0.9980730601891639,0.9995572588348158,-1.1158838272094727,0.8053410649299622,0.018626347184181213,0.4002710459183674,-0.5892357356933913,
3,client_2,False,flip_global,raw,random,0.8832482099533081,0.23597204685211182,0.0846242904663086,0.11883163452148438,0.9862233226548709,0.9982120834754193,0.9964790860171349,0.9435197167964142,0.9791750161716812,0.9709413517230028,0.18940138816833496,0.08440291881561279,0.11455988883972168,0.9910917475914687,0.9982214129218849,0.9967270643183155,-0.7925904393196106,1.0757213830947876,0.027812093496322632,0.499202806122449,0.46450614320098704,
3,client_3,False,flip_global,raw,random,0.7865724563598633,0.10698235034942627,0.07412755489349365,0.06791257858276367,0.9971448229842759,0.9986276904652631,0.9988479667723187,0.9737816531082548,0.981722590559063,0.9832356670263265,0.11185240745544434,0.07664215564727783,0.06670773029327393,0.9968795817908793,0.9985331108190232,0.9988884472126538,-0.9198766350746155,0.7789325714111328,-0.021644679829478264,0.5428890306122449,0.5345812576761811,
3,client_4,False,flip_global,raw,random,0.9410918951034546,0.22342336177825928,0.0773766040802002,0.13068079948425293,0.9876363554983647,0.9985048939114052,0.995744264626615,0.9464012356482352,0.9809329790481525,0.9681135000331647,0.12450265884399414,0.07515513896942139,0.12599718570709229,0.9961360064844234,0.9985894203526435,0.996042960301958,-0.8855034112930298,0.9068698287010193,0.05445878952741623,0.4292091836734694,0.5432370604300002,
3,client_5,False,flip_global,raw,random,0.8264551162719727,0.23030805587768555,0.07011675834655762,0.0821300745010376,0.9868702923563955,0.9987720421341146,0.9983157931603499,0.9448186878396927,0.982698644806195,0.9797794667619892,0.21699607372283936,0.0708460807800293,0.07975029945373535,0.9883313115937717,0.9987463881157321,0.9984118666004911,-0.9898317456245422,0.802405059337616,-0.009772921912372112,0.5267857142857143,0.5229727625422586,
3,client_6,False,flip_global,raw,random,0.8585378527641296,0.059314727783203125,0.05678260326385498,0.09029507637023926,0.9991210206509615,0.9991944210410768,0.9979648116381694,0.985334646740216,0.9859540922493453,0.9778028340334612,0.040001630783081055,0.05636560916900635,0.08847916126251221,0.9996000873717774,0.9992062024286985,0.9980457286233464,-0.8495858311653137,0.6800380349159241,0.006950662937015295,0.5116390306122449,0.7084702797881298,
3,client_7,False,flip_global,raw,random,0.7337674498558044,0.2416541576385498,0.12395262718200684,0.05380260944366455,0.9855591528756369,0.9961699740828214,0.9992767124027733,0.9422192856210272,0.9697176859823238,0.9866838510294114,0.20050573348999023,0.12471568584442139,0.0508044958114624,0.9900246280860698,0.9961228109146607,0.9993550379533815,-1.1031339168548584,0.7370232939720154,-0.029039662331342697,0.5987723214285714,0.6116283317883708,
3,client_8,False,flip_global,raw,random,0.6853626370429993,0.19863605499267578,0.11947131156921387,0.06396317481994629,0.990208435288797,0.9964411789711063,0.9989779621644963,0.9521320765146908,0.9707883736430718,0.9841989946039302,0.19466519355773926,0.12061595916748047,0.06326556205749512,0.9905932622955744,0.9963728451091534,0.9990001176216434,-0.812363862991333,0.6817255616188049,-0.012725292704999447,0.5305325255102041,0.5836470170874535,
3,client_9,False,flip_global,raw,random,0.902365505695343,0.23225855827331543,0.06760883331298828,0.1550297737121582,0.9866491988627972,0.9988582400699475,0.9940184131275038,0.9443710593127403,0.9833097054831978,0.9623412038328867,0.20894408226013184,0.06718599796295166,0.15355920791625977,0.9891743008517577,0.9988724648298875,0.994130856273066,-0.9762546420097351,0.7898887991905212,0.011168543249368668,0.5054209183673469,0.46118095868793413,
3,client_0,True,flip_global,raw,pretrained,0.9110994935035706,0.11747944355010986,0.13393235206604004,0.13939523696899414,0.9965585536444928,0.9955305698935373,0.9951598841443074,0.9712648458953104,0.9673396661838982,0.9660416491952464,0.07320380210876465,0.13498306274414062,0.13664531707763672,0.9986616457533553,0.9954604086020866,0.9953483070307658,-0.9463946223258972,1.3887600898742676,0.005845246370881796,0.5036670918367347,-0.5564235451599965,0.34764575958251953
3,client_1,True,flip_global,raw,pretrained,0.9433650970458984,0.045442938804626465,0.07791769504547119,0.06958317756652832,0.9994839346578637,0.9984839342511409,0.9987906433789302,0.9887353490978827,0.9808015711297207,0.9828286050334682,0.02268838882446289,0.0750495195388794,0.06708776950836182,0.999871321673071,0.9985933781079763,0.9988757566387976,-1.1158838272094727,0.8053410649299622,0.018626347184181213,0.4002710459183674,-0.5892357356933913,0.5447444915771484
3,client_2,False,flip_global,raw,pretrained,0.8832482099533081,0.20896148681640625,0.08231806755065918,0.11317026615142822,0.9891725119418402,0.998308083945683,0.9968057956208378,0.9497385099455478,0.9797338888394824,0.9722968411004116,0.2051229476928711,0.08354294300079346,0.11152398586273193,0.9895635602719413,0.9982574249510388,0.996897836667251,-0.7925904393196106,1.0757213830947876,0.027812093496322632,0.499202806122449,0.46450614320098704,0.4223799705505371
3,client_3,False,flip_global,raw,pretrained,0.7865724563598633,0.06790101528167725,0.01789414882659912,0.0736227035522461,0.9988483587075305,0.9999199546652093,0.9986463003305046,0.9832384854486043,0.9955414282981547,0.981845369449452,0.06952595710754395,0.018140316009521484,0.07355809211730957,0.9987926297451668,0.9999177373094839,0.9986486728994488,-0.9198766350746155,0.7789325714111328,-0.021644679829478264,0.5428890306122449,0.5345812576761811,0.37966394424438477
3,client_4,False,flip_global,raw,pretrained,0.9410918951034546,0.20125293731689453,0.028347373008728027,0.13934266567230225,0.989950703666924,0.9997991368755055,0.9951635209906373,0.9515245930380754,0.9929506500214802,0.9660541280096018,0.18881750106811523,0.02876150608062744,0.13606476783752441,0.9911462229285042,0.9997932260142046,0.9953876127292787,-0.8855034112930298,0.9068698287010193,0.05445878952741623,0.4292091836734694,0.5432370604300002,0.46684086322784424
3,client_5,False,flip_global,raw,pretrained,0.8264551162719727,0.08634531497955322,0.029576659202575684,0.0481182336807251,0.9981387239971711,0.9997813411729881,0.9994214100943066,0.9787582678179021,0.9926466425900737,0.9880781246813433,0.09502041339874268,0.029811739921569824,0.0484318733215332,0.9977465958934666,0.9997778520599372,0.9994138462214439,-0.9898317456245422,0.802405059337616,-0.009772921912372112,0.5267857142857143,0.5229727625422586,0.3429226875305176
3,client_6,False,flip_global,raw,pretrained,0.8585378527641296,0.08791851997375488,0.017390847206115723,0.10415899753570557,0.9980703805929643,0.9999243938958493,0.9972932333378415,0.978377547045681,0.9956664248480207,0.974460257735227,0.08890175819396973,0.017497539520263672,0.10521519184112549,0.9980270436376357,0.9999234634213541,0.9972381749846524,-0.8495858311653137,0.6800380349159241,0.006950662937015295,0.5116390306122449,0.7084702797881298,0.419492244720459
3,client_7,False,flip_global,raw,pretrained,0.7337674498558044,0.054686903953552246,0.04716777801513672,0.054076194763183594,0.9992527546801013,0.9994440321133895,0.999269341933098,0.9864672151242435,0.9883115425987026,0.9866168200268273,0.046193838119506836,0.04633903503417969,0.05378711223602295,0.9994667456961439,0.9994633895190397,0.9992771287858064,-1.1031339168548584,0.7370232939720154,-0.029039662331342697,0.5987723214285714,0.6116283317883708,0.5967608690261841
3,client_8,False,flip_global,raw,pretrained,0.6853626370429993,0.10923528671264648,0.04393815994262695,0.08620274066925049,0.9970235741122495,0.9995175341763247,0.9981448570919895,0.9732406592961547,0.9891053078249408,0.9787927822591074,0.0996708869934082,0.04264724254608154,0.08663439750671387,0.9975210471464226,0.9995454581914975,0.9981262576483863,-0.812363862991333,0.6817255616188049,-0.012725292704999447,0.5305325255102041,0.5836470170874535,0.44387316703796387
3,client_9,False,flip_global,raw,pretrained,0.902365505695343,0.20378506183624268,0.08405518531799316,0.08311259746551514,0.9896982062410851,0.9982360186597017,0.9982753082111211,0.9509373395037555,0.9793128843385739,0.9795412944007273,0.19825756549835205,0.08415663242340088,0.0832744836807251,0.9902454410212727,0.9982317638062705,0.9982685917152623,-0.9762546420097351,0.7898887991905212,0.011168543249368668,0.5054209183673469,0.46118095868793413,0.3838108777999878
3,client_0,True,flip_global,clip01,random,0.9110994935035706,0.08674943447113037,0.1647038459777832,0.13636374473571777,0.9981212852882171,0.9932525030642314,0.9953673913071044,0.9786604483509536,0.9600621576711681,0.9667616282216751,0.07201993465423584,0.165976881980896,0.13644850254058838,0.9987045422896101,0.9931483326452166,0.9953616507165544,-0.9463946223258972,1.3887600898742676,0.005845246370881796,0.5036670918367347,-0.5564235451599965,
3,client_1,True,flip_global,clip01,random,0.9433650970458984,0.08898544311523438,0.08356797695159912,0.04678189754486084,0.9980233330376906,0.9982563818228458,0.9994530879537722,0.9781194746355713,0.9794309358101809,0.9884063327778061,0.0699390172958374,0.08202874660491943,0.046247243881225586,0.9987782541184209,0.9983199411388213,0.9994655124627938,-1.1158838272094727,0.8053410649299622,0.018626347184181213,0.4002710459183674,-0.5892357356933913,
3,client_2,False,flip_global,clip01,random,0.8832482099533081,0.12111687660217285,0.03562736511230469,0.08306217193603516,0.9963427383061905,0.9996827482205359,0.9982773976597774,0.9703950047925329,0.9911523120717776,0.9795535158846633,0.10908305644989014,0.03593623638153076,0.08082747459411621,0.997031845758996,0.9996772248878163,0.9983687283762765,-0.7925904393196106,1.0757213830947876,0.027812093496322632,0.499202806122449,0.46450614320098704,
3,client_3,False,flip_global,clip01,random,0.7865724563598633,0.10884284973144531,0.037888407707214355,0.08561372756958008,0.997044874478229,0.9996412137153119,0.998170087734283,0.9733348620664148,0.9905947731904468,0.9789353901324387,0.11430931091308594,0.03813910484313965,0.08584773540496826,0.996741331529619,0.9996364513266107,0.9981600844995764,-0.9198766350746155,0.7789325714111328,-0.021644679829478264,0.5428890306122449,0.5345812576761811,
3,client_4,False,flip_global,clip01,random,0.9410918951034546,0.18071937561035156,0.012859821319580078,0.16131627559661865,0.9918848594025624,0.9999586575308517,0.993525873407711,0.9563069545856511,0.9967927803178067,0.9608592881013458,0.15947234630584717,0.012955427169799805,0.1586310863494873,0.9936723335873023,0.9999580405472055,0.9937386047615655,-0.8855034112930298,0.9068698287010193,0.05445878952741623,0.4292091836734694,0.5432370604300002,
3,client_5,False,flip_global,clip01,random,0.8264551162719727,0.12837004661560059,0.04417753219604492,0.06606471538543701,0.995892977544945,0.9995122648999275,0.9989097556413715,0.9686639990702721,0.9890464428575989,0.983686216430983,0.13890409469604492,0.04459214210510254,0.06621396541595459,0.9951938083452987,0.9995030704975691,0.9989048280798583,-0.9898317456245422,0.802405059337616,-0.009772921912372112,0.5267857142857143,0.5229727625422586,
3,client_6,False,flip_global,clip01,random,0.8585378527641296,0.06982755661010742,0.04492342472076416,0.07059097290039062,0.9987821416139941,0.9994956623264879,0.9987553916461163,0.9827690802801328,0.9888630512162104,0.9825831656071524,0.06528067588806152,0.04512631893157959,0.07101666927337646,0.9989354590392685,0.9994910981542466,0.9987403494781895,-0.8495858311653137,0.6800380349159241,0.006950662937015295,0.5116390306122449,0.7084702797881298,
3,client_7,False,flip_global,clip01,random,0.7337674498558044,0.07983946800231934,0.079825758934021,0.08485126495361328,0.9984083174847371,0.9984088633943318,0.998202492667617,0.98033506795532,0.9803383946006665,0.9791200387539776,0.07194602489471436,0.0790414810180664,0.08457159996032715,0.998707197249715,0.9984399388208292,0.9982143062586553,-1.1031339168548584,0.7370232939720154,-0.029039662331342697,0.5987723214285714,0.6116283317883708,
3,client_8,False,flip_global,clip01,random,0.6853626370429993,0.10067296028137207,0.06422245502471924,0.08855199813842773,0.9974710457412317,0.9989696659522118,0.9980425144773335,0.9752991212916859,0.9841357082617357,0.9782243060285571,0.11440646648406982,0.06427717208862305,0.09056562185287476,0.9967358034330647,0.9989679108899459,0.9979526163149481,-0.812363862991333,0.6817255616188049,-0.012725292704999447,0.5305325255102041,0.5836470170874535,
3,client_9,False,flip_global,clip01,random,0.902365505695343,0.3611774444580078,0.07314586639404297,0.18830561637878418,0.9681686664001679,0.9986637612208056,0.9911938459217242,0.9154775700324418,0.9819613565093075,0.9545358861480995,0.401075541973114,0.0722501277923584,0.19072997570037842,0.9609663559196702,0.9986962559749923,0.9909671835053413,-0.9762546420097351,0.7898887991905212,0.011168543249368668,0.5054209183673469,0.46118095868793413,
3,client_0,True,flip_global,clip01,pretrained,0.9110994935035706,0.12308907508850098,0.14307820796966553,0.15159738063812256,0.9962230034168271,0.9949017351416602,0.9942792231991602,0.9699238701419437,0.9651680269562533,0.9631517704349726,0.08025491237640381,0.14567184448242188,0.1493372917175293,0.9983917297980198,0.9947159631001419,0.994447822274646,-0.9463946223258972,1.3887600898742676,0.005845246370881796,0.5036670918367347,-0.5564235451599965,
3,client_1,True,flip_global,clip01,pretrained,0.9433650970458984,0.04946863651275635,0.06938731670379639,0.05854916572570801,0.9993884940998929,0.9987974357932852,0.9991435493271963,0.9877466278686564,0.9828763158519651,0.9855218681686602,0.02348184585571289,0.06642663478851318,0.05627751350402832,0.9998621649793304,0.9988977875507834,0.9992086803226232,-1.1158838272094727,0.8053410649299622,0.018626347184181213,0.4002710459183674,-0.5892357356933913,
3,client_2,False,flip_global,clip01,pretrained,0.8832482099533081,0.22182226181030273,0.0835256576538086,0.10498249530792236,0.9878113038026206,0.9982581450247756,0.9972503525394423,0.9467698429192122,0.9794411908611451,0.9742622532861696,0.20889949798583984,0.08499288558959961,0.10277128219604492,0.9891788827442212,0.9981964955422704,0.9973647359693607,-0.7925904393196106,1.0757213830947876,0.027812093496322632,0.499202806122449,0.46450614320098704,
3,client_3,False,flip_global,clip01,pretrained,0.7865724563598633,0.06305694580078125,0.013937950134277344,0.07733941078186035,0.9990066960074351,0.9999514351554943,0.9985063292875145,0.9844202392697459,0.9965245979497939,0.9809420126847213,0.06274032592773438,0.014009356498718262,0.07704818248748779,0.9990166387279384,0.9999509362881336,0.9985175447152148,-0.9198766350746155,0.7789325714111328,-0.021644679829478264,0.5428890306122449,0.5345812576761811,
3,client_4,False,flip_global,clip01,pretrained,0.9410918951034546,0.21328890323638916,0.03182268142700195,0.1437690258026123,0.9887232522082181,0.9997468773002984,0.9948525755672057,0.9487380478783545,0.9920915527954473,0.9650042930863183,0.21539723873138428,0.03241837024688721,0.14112043380737305,0.9885011480549883,0.9997373140820354,0.9950397862183575,-0.8855034112930298,0.9068698287010193,0.05445878952741623,0.4292091836734694,0.5432370604300002,
3,client_5,False,flip_global,clip01,pretrained,0.8264551162719727,0.08726632595062256,0.023890972137451172,0.04617023468017578,0.9980988621917704,0.9998573206324732,0.9994672902879105,0.978535353158335,0.9940539078344512,0.9885566135610571,0.08781051635742188,0.02402174472808838,0.046054720878601074,0.998075111725214,0.9998557545520177,0.9994699514791339,-0.9898317456245422,0.802405059337616,-0.009772921912372112,0.5267857142857143,0.5229727625422586,
3,client_6,False,flip_global,clip01,pretrained,0.8585378527641296,0.10164260864257812,0.019713759422302246,0.11328732967376709,0.9974221897304536,0.9999028490016781,0.9967991999032313,0.9750656808784066,0.9950897186047514,0.9722687840692767,0.10133969783782959,0.019720792770385742,0.11462390422821045,0.9974375018892185,0.999902779672553,0.9967234144990149,-0.8495858311653137,0.6800380349159241,0.006950662937015295,0.5116390306122449,0.7084702797881298,
3,client_7,False,flip_global,clip01,pretrained,0.7337674498558044,0.05292081832885742,0.0538935661315918,0.052205681800842285,0.9993002142391045,0.9992742661418703,0.9993189897283212,0.986899944748556,0.9866615650183523,0.9870752498791682,0.04644978046417236,0.05315661430358887,0.05196559429168701,0.9994608226072235,0.9992939676732189,0.9993252359270868,-1.1031339168548584,0.7370232939720154,-0.029039662331342697,0.5987723214285714,0.6116283317883708,
3,client_8,False,flip_global,clip01,pretrained,0.6853626370429993,0.09042251110076904,0.03935098648071289,0.08707165718078613,0.9979590718064808,0.9996129873365747,0.9981073226010535,0.9777720313252896,0.9902343740195649,0.9785824629903415,0.08182966709136963,0.038215041160583496,0.0879061222076416,0.998328075858061,0.9996350026054039,0.9980709239747512,-0.812363862991333,0.6817255616188049,-0.012725292704999447,0.5305325255102041,0.5836470170874535,
3,client_9,False,flip_global,clip01,pretrained,0.902365505695343,0.2058495283126831,0.08021211624145508,0.08171510696411133,0.9894900789950511,0.9983934425022118,0.9983327480598199,0.9504589487577584,0.9802446475465194,0.9798800847178786,0.20655465126037598,0.08066797256469727,0.0821458101272583,0.9894185272392122,0.998375152368788,0.9983151485466588,-0.9762546420097351,0.7898887991905212,0.011168543249368668,0.5054209183673469,0.46118095868793413,
4,client_0,True,orig,raw,random,0.887416660785675,0.12530744075775146,0.14155054092407227,0.15756237506866455,0.9960860387495958,0.9950096180893768,0.9938222976460009,0.9693943394334836,0.9655302544398612,0.9617437816095298,0.16780054569244385,0.143501877784729,0.16668283939361572,0.9929977368024774,0.9948716138442375,0.9930902267322255,-1.2409528493881226,1.0293699502944946,-0.03679938614368439,0.5619419642857143,-0.5360922862054341,
4,client_1,True,orig,raw,random,0.9177403450012207,0.11485147476196289,0.14807796478271484,0.060669779777526855,0.9967104232843134,0.9945406857275458,0.999080429156225,0.9718940164524106,0.9639839528767218,0.9850033938898697,0.11981308460235596,0.14608049392700195,0.06100475788116455,0.9964208430946899,0.9946863936051149,0.9990702537095228,-1.1104562282562256,0.7696301937103271,-0.041568245738744736,0.5565210459183674,-0.6352444729983959,
4,client_2,False,orig,raw,random,0.9227637052536011,0.046651363372802734,0.02772974967956543,0.031206250190734863,0.9994561345180455,0.9998077929578355,0.999756586933835,0.9884384011257092,0.9931034434866304,0.992243853389494,0.047362565994262695,0.027808308601379395,0.031062006950378418,0.999439432624065,0.9998067025206943,0.9997588315616011,-1.250815510749817,1.174332618713379,0.02345440164208412,0.4567123724489796,0.5223520898316448,
4,client_3,False,orig,raw,random,0.9303278923034668,0.038834214210510254,0.040628790855407715,0.03751826286315918,0.9996230825356691,0.9995874530291442,0.9996481878443642,0.9903616912088882,0.9899196667652039,0.9906860130887565,0.04094076156616211,0.04129922389984131,0.037261366844177246,0.999581095168113,0.9995737298550693,0.999652987974708,-1.0592703819274902,1.3183629512786865,0.015515709295868874,0.5036670918367347,0.5358590955679784,
4,client_4,False,orig,raw,random,0.9151312708854675,0.07906079292297363,0.06209611892700195,0.03420519828796387,0.9984391772928192,0.9990367145093484,0.9997075652569223,0.9805240482663677,0.9846548948634075,0.9915032381355107,0.058606505393981934,0.06023144721984863,0.03341805934906006,0.9991418720695537,0.9990936597528435,0.9997208667776303,-1.0218133926391602,1.2962278127670288,0.05069737508893013,0.40880102040816324,0.5408836340094345,
4,client_5,False,orig,raw,random,0.9244194626808167,0.03197753429412842,0.030700087547302246,0.02853250503540039,0.9997444083310201,0.9997644177886631,0.9997965051020692,0.9920532990789477,0.9923689363438195,0.9929048571909791,0.03117203712463379,0.030700087547302246,0.028259754180908203,0.999757120277371,0.9997644177886631,0.9998003764656143,-1.0499794483184814,1.0803380012512207,0.008325460366904736,0.4245057397959184,0.4660888196854662,
4,client_6,False,orig,raw,random,0.9425285458564758,0.037767767906188965,0.04309999942779541,0.022799134254455566,0.9996434942777994,0.9995357592153538,0.9998700625335104,0.9906245092537056,0.989311464592959,0.9943244913611593,0.03273606300354004,0.042572975158691406,0.02234029769897461,0.9997321413681166,0.9995470393854062,0.9998752394498065,-1.1708810329437256,1.09882390499115,0.0650167465209961,0.37436224489795916,0.7113514175434017,
4,client_7,False,orig,raw,random,0.9292696714401245,0.12083613872528076,0.06928873062133789,0.04761326313018799,0.9963596267865851,0.9988008475204815,0.9994334851130708,0.9704620976549381,0.9829003322900851,0.9882021277121087,0.10328865051269531,0.07079815864562988,0.04431915283203125,0.9973381895678695,0.9987480819013705,0.9995091339601043,-0.8235252499580383,1.0084099769592285,-0.016317715868353844,0.5094866071428571,0.6622670529582211,
4,client_8,False,orig,raw,random,0.9354954361915588,0.03331804275512695,0.03822147846221924,0.0409315824508667,0.9997225347604934,0.9996348796615244,0.9995812829290174,0.9917222421831624,0.9905126827513744,0.989845114972769,0.03872799873352051,0.03882706165313721,0.04104280471801758,0.9996251409513759,0.9996232213263598,0.9995790050200741,-1.037328839302063,1.305767297744751,0.021471388638019562,0.4573501275510204,0.6163434526299792,
4,client_9,False,orig,raw,random,0.9343107342720032,0.03685629367828369,0.04491293430328369,0.03194856643676758,0.9996604898792092,0.9994958977535413,0.9997448711042438,0.990849218495597,0.9888656301279528,0.9920604549176812,0.03159761428833008,0.04422652721405029,0.031668901443481445,0.9997504444111607,0.9995111828533036,0.9997493173116778,-1.1237919330596924,1.1334559917449951,0.04631984978914261,0.37268813775510207,0.4574056714718361,
4,client_0,True,orig,raw,pretrained,0.887416660785675,0.036287546157836914,0.033093929290771484,0.04484105110168457,0.9996708847586764,0.9997262541766014,0.9994975094869527,0.9909894727596007,0.9917775785270553,0.9888833018060696,0.034909605979919434,0.032225608825683594,0.044965147972106934,0.9996953994566036,0.9997404280782196,0.999494725425494,-1.2409528493881226,1.0293699502944946,-0.03679938614368439,0.5619419642857143,-0.5360922862054341,0.3322908878326416
4,client_1,True,orig,raw,pretrained,0.9177403450012207,0.03004014492034912,0.033640384674072266,0.034172773361206055,0.9997744355900384,0.9997171411509282,0.9997081193017103,0.9925320569551399,0.9916426601602841,0.9915112413056766,0.027846932411193848,0.033738136291503906,0.033478617668151855,0.9998061652723611,0.999715495261692,0.9997198544148471,-1.1104562282562256,0.7696301937103271,-0.041568245738744736,0.5565210459183674,-0.6352444729983959,0.4427151679992676
4,client_2,False,orig,raw,pretrained,0.9227637052536011,0.056873440742492676,0.05843698978424072,0.04527437686920166,0.9991918431072295,0.9991468258794198,0.9994877545814689,0.9859318601449858,0.9855493057524161,0.9887767807122845,0.053984642028808594,0.05991005897521973,0.042780399322509766,0.9992718125436906,0.99910329971895,0.9995426163189505,-1.250815510749817,1.174332618713379,0.02345440164208412,0.4567123724489796,0.5223520898316448,0.318084716796875
4,client_3,False,orig,raw,pretrained,0.9303278923034668,0.0462421178817749,0.018964290618896484,0.03909099102020264,0.9994656308928953,0.9999100949829749,0.9996180830359831,0.9885389506425848,0.9952757334287914,0.9902984260337626,0.03223133087158203,0.018821358680725098,0.03674757480621338,0.9997403359077333,0.9999114449962843,0.9996624893958785,-1.0592703819274902,1.3183629512786865,0.015515709295868874,0.5036670918367347,0.5358590955679784,0.251267671585083
4,client_4,False,orig,raw,pretrained,0.9151312708854675,0.15318238735198975,0.039093732833862305,0.07140815258026123,0.9941594994783245,0.9996180294746981,0.9987264367185982,0.9627773404952891,0.9902977505330455,0.9823842164308514,0.1158449649810791,0.03922832012176514,0.0680617094039917,0.9966534095819546,0.9996153957014993,0.9988429060602164,-1.0218133926391602,1.2962278127670288,0.05069737508893013,0.40880102040816324,0.5408836340094345,0.35121119022369385
4,client_5,False,orig,raw,pretrained,0.9244194626808167,0.05186307430267334,0.036136507987976074,0.04625546932220459,0.9993278943678552,0.9996736181134867,0.9994653223964043,0.9871592515912235,0.9910267240769344,0.9885356700199925,0.030894994735717773,0.035982489585876465,0.043375611305236816,0.9997614175248708,0.9996763936730606,0.999529804964367,-1.0499794483184814,1.0803380012512207,0.008325460366904736,0.4245057397959184,0.4660888196854662,0.29148101806640625
4,client_6,False,orig,raw,pretrained,0.9425285458564758,0.06057727336883545,0.035483479499816895,0.05054783821105957,0.9990832293275445,0.9996853049651138,0.9993615349062315,0.985026002475154,0.9911878080198238,0.9874818254639863,0.039432406425476074,0.03495800495147705,0.045508384704589844,0.9996113846344836,0.9996945544632383,0.9994824477135127,-1.1708810329437256,1.09882390499115,0.0650167465209961,0.37436224489795916,0.7113514175434017,0.312477707862854
4,client_7,False,orig,raw,pretrained,0.9292696714401245,0.13522720336914062,0.04004979133605957,0.0763087272644043,0.9954440286620461,0.9995991241204025,0.9985458324383303,0.9670317643605593,0.9900622485161561,0.981192398336572,0.07313954830169678,0.03910660743713379,0.06867551803588867,0.9986639918190503,0.9996177779193562,0.9988219601755017,-0.8235252499580383,1.0084099769592285,-0.016317715868353844,0.5094866071428571,0.6622670529582211,0.5144686698913574
4,client_8,False,orig,raw,pretrained,0.9354954361915588,0.0348200798034668,0.0606234073638916,0.06927144527435303,0.9996969594034524,0.999081833382981,0.9988014452092147,0.9913514904813567,0.9850147272199392,0.9829045432436276,0.02580249309539795,0.060173749923706055,0.0650097131729126,0.9998335786124937,0.9990953941580323,0.9989442709670724,-1.037328839302063,1.305767297744751,0.021471388638019562,0.4573501275510204,0.6163434526299792,0.25853538513183594
4,client_9,False,orig,raw,pretrained,0.9343107342720032,0.050811052322387695,0.03253781795501709,0.040595173835754395,0.9993548715536533,0.9997353751321609,0.999588135234015,0.9874172570982462,0.9919149092010675,0.9899279442948608,0.046276092529296875,0.03313040733337402,0.03859233856201172,0.9994648457047579,0.9997256504913021,0.9996277618047111,-1.1237919330596924,1.1334559917449951,0.04631984978914261,0.37268813775510207,0.4574056714718361,0.3077002763748169
4,client_0,True,orig,clip01,random,0.887416660785675,0.11031782627105713,0.045862674713134766,0.07846343517303467,0.9969644231109729,0.9994743610812677,0.9984626472297371,0.9729808713893595,0.9886321915952108,0.980669060890802,0.09574627876281738,0.044411540031433105,0.07891082763671875,0.997712096004713,0.9995070860769926,0.9984450860228111,-1.2409528493881226,1.0293699502944946,-0.03679938614368439,0.5619419642857143,-0.5360922862054341,
4,client_1,True,orig,clip01,random,0.9177403450012207,0.07712924480438232,0.04047751426696777,0.04233980178833008,0.9985144271731301,0.9995905185095106,0.9995519858905877,0.9809930608685622,0.9899569164665591,0.9894985011154687,0.05391740798950195,0.03958094120025635,0.03894519805908203,0.9992736242381182,0.9996084522936612,0.9996209256945421,-1.1104562282562256,0.7696301937103271,-0.041568245738744736,0.5565210459183674,-0.6352444729983959,
4,client_2,False,orig,clip01,random,0.9227637052536011,0.04840362071990967,0.020175933837890625,0.0457615852355957,0.9994145295841739,0.9998982406903274,0.9994766748219266,0.9880080539752873,0.9949750349680242,0.9886570346408163,0.05061531066894531,0.020586013793945312,0.045191407203674316,0.9993598301108391,0.9998940624268491,0.9994896296214144,-1.250815510749817,1.174332618713379,0.02345440164208412,0.4567123724489796,0.5223520898316448,
4,client_3,False,orig,clip01,random,0.9303278923034668,0.0564577579498291,0.04607725143432617,0.06498003005981445,0.999203606394031,0.9994694329457505,0.9989452340656337,0.9860336029782417,0.9885794618197943,0.9839508307428617,0.053255558013916016,0.0468597412109375,0.06377875804901123,0.9992913382617921,0.9994512670989544,0.9989838426024611,-1.0592703819274902,1.3183629512786865,0.015515709295868874,0.5036670918367347,0.5358590955679784,
4,client_4,False,orig,clip01,random,0.9151312708854675,0.0588536262512207,0.013653755187988281,0.04562067985534668,0.9991346247357864,0.9999533953713744,0.9994798913662764,0.9854474046702051,0.9965952803627749,0.9886916641281434,0.042650818824768066,0.013745307922363281,0.04267096519470215,0.9995453819810833,0.9999527683007217,0.9995449525431799,-1.0218133926391602,1.2962278127670288,0.05069737508893013,0.40880102040816324,0.5408836340094345,
4,client_5,False,orig,clip01,random,0.9244194626808167,0.05137932300567627,0.030468106269836426,0.026965022087097168,0.9993403678097237,0.9997679640135206,0.999818246675467,0.9872778777050781,0.9924262714825938,0.9932926778711904,0.03629302978515625,0.030148625373840332,0.024901509284973145,0.9996707853065938,0.9997728038180247,0.9998449967307017,-1.0499794483184814,1.0803380012512207,0.008325460366904736,0.4245057397959184,0.4660888196854662,
4,client_6,False,orig,clip01,random,0.9425285458564758,0.03592407703399658,0.028104066848754883,0.04817771911621094,0.9996774432257289,0.9998025695955883,0.9994199792868592,0.9910791205667779,0.9930108371758539,0.9880635186850757,0.02734541893005371,0.02822089195251465,0.04546236991882324,0.9998130832234327,0.9998009250424778,0.9994834934019499,-1.1708810329437256,1.09882390499115,0.0650167465209961,0.37436224489795916,0.7113514175434017,
4,client_7,False,orig,clip01,random,0.9292696714401245,0.12268936634063721,0.02596414089202881,0.11082041263580322,0.9962474247925788,0.9998314871474019,0.9969367648474405,0.9700193280294886,0.9935404309994651,0.9728602960723116,0.06784665584564209,0.025692224502563477,0.10426545143127441,0.9988502003158375,0.9998349978221621,0.9972877089691743,-0.8235252499580383,1.0084099769592285,-0.016317715868353844,0.5094866071428571,0.6622670529582211,
4,client_8,False,orig,clip01,random,0.9354954361915588,0.04203641414642334,0.10979294776916504,0.08259713649749756,0.9995583812963063,0.9969931751652628,0.9982966075549915,0.9895731604249252,0.9731068187587886,0.9796662359150361,0.041498541831970215,0.11157417297363281,0.08248066902160645,0.9995696067357387,0.9968950505258405,0.9983014018448184,-1.037328839302063,1.305767297744751,0.021471388638019562,0.4573501275510204,0.6163434526299792,
4,client_9,False,orig,clip01,random,0.9343107342720032,0.02747178077697754,0.020600557327270508,0.034390926361083984,0.9998113520105361,0.999893912701094,0.9997043816050493,0.9931672727029679,0.9948696866690223,0.9914573983151622,0.0167996883392334,0.02025306224822998,0.03283870220184326,0.9999294463515116,0.999897461253721,0.9997304594109269,-1.1237919330596924,1.1334559917449951,0.04631984978914261,0.37268813775510207,0.4574056714718361,
4,client_0,True,orig,clip01,pretrained,0.887416660785675,0.03166031837463379,0.03229403495788574,0.0442272424697876,0.9997494531503603,0.999739324801425,0.9995111670481331,0.9921316641498765,0.9919751199603344,0.9890342190688968,0.0318143367767334,0.03150606155395508,0.044304609298706055,0.999747010007074,0.9997518882006138,0.9995094559486144,-1.2409528493881226,1.0293699502944946,-0.03679938614368439,0.5619419642857143,-0.5360922862054341,
4,client_1,True,orig,clip01,pretrained,0.9177403450012207,0.02616119384765625,0.04049396514892578,0.03516840934753418,0.9998289199385786,0.9995901857010558,0.999690867436912,0.9934916461663874,0.9899528655696903,0.9912655411027596,0.026111483573913574,0.04061532020568848,0.03471732139587402,0.9998295693944714,0.999587726462646,0.9996987449820334,-1.1104562282562256,0.7696301937103271,-0.041568245738744736,0.5565210459183674,-0.6352444729983959,
4,client_2,False,orig,clip01,pretrained,0.9227637052536011,0.061391353607177734,0.05849564075469971,0.04879474639892578,0.9990584408548926,0.9991451135223375,0.9994050338030047,0.9848270678239683,0.9855349599226941,0.9879120335115958,0.05838513374328613,0.059755563735961914,0.04629087448120117,0.9991483384265518,0.9991079154617519,0.9994645038992962,-1.250815510749817,1.174332618713379,0.02345440164208412,0.4567123724489796,0.5223520898316448,
4,client_3,False,orig,clip01,pretrained,0.9303278923034668,0.04398345947265625,0.02011740207672119,0.039153099060058594,0.9995165391955649,0.9998988302105716,0.9996168688362455,0.9890941676369895,0.9949895579017254,0.9902831246435877,0.03166162967681885,0.0201413631439209,0.03702044486999512,0.9997494323996095,0.9998985890864669,0.9996574596912666,-1.0592703819274902,1.3183629512786865,0.015515709295868874,0.5036670918367347,0.5358590955679784,
4,client_4,False,orig,clip01,pretrained,0.9151312708854675,0.16627788543701172,0.038897037506103516,0.08025836944580078,0.993123587200982,0.9996218623936046,0.9983915914061843,0.9596921078470884,0.9903462121214697,0.9802334254132474,0.13124418258666992,0.039067625999450684,0.07697916030883789,0.9957076098751998,0.9996185393190467,0.9985201966380735,-1.0218133926391602,1.2962278127670288,0.05069737508893013,0.40880102040816324,0.5408836340094345,
4,client_5,False,orig,clip01,pretrained,0.9244194626808167,0.05096936225891113,0.03827309608459473,0.045797109603881836,0.9993508472505499,0.9996338930858177,0.9994758623194511,0.9873784255526101,0.9904999617035233,0.9886483043128464,0.03285539150238037,0.03801870346069336,0.043533921241760254,0.9997301854246783,0.9996387424569204,0.999526367738288,-1.0499794483184814,1.0803380012512207,0.008325460366904736,0.4245057397959184,0.4660888196854662,
4,client_6,False,orig,clip01,pretrained,0.9425285458564758,0.05923867225646973,0.03612494468688965,0.049378395080566406,0.9991232718436565,0.9996738269064913,0.9993907220828251,0.9853532440518065,0.9910295760796839,0.987768775126364,0.03715920448303223,0.035602450370788574,0.044954776763916016,0.9996548877334448,0.9996831916776776,0.9994949583934176,-1.1708810329437256,1.09882390499115,0.0650167465209961,0.37436224489795916,0.7113514175434017,
4,client_7,False,orig,clip01,pretrained,0.9292696714401245,0.170579195022583,0.03921401500701904,0.08601760864257812,0.9927651828935222,0.9996156760713835,0.9981528058439768,0.9586819807329658,0.990268117290728,0.9788376018143361,0.0889272689819336,0.03829813003540039,0.07723653316497803,0.9980259128538116,0.999633414129059,0.9985102959962655,-0.8235252499580383,1.0084099769592285,-0.016317715868353844,0.5094866071428571,0.6622670529582211,
4,client_8,False,orig,clip01,pretrained,0.9354954361915588,0.03739571571350098,0.07187807559967041,0.07771265506744385,0.9996504817608691,0.9987096357043324,0.9984918937741678,0.9907162234728764,0.9822698371505025,0.9808513634861962,0.02683389186859131,0.071602463722229,0.07422637939453125,0.9998200098628269,0.9987195028831499,0.9986240327667999,-1.037328839302063,1.305767297744751,0.021471388638019562,0.4573501275510204,0.6163434526299792,
4,client_9,False,orig,clip01,pretrained,0.9343107342720032,0.049762725830078125,0.031034111976623535,0.04459691047668457,0.9993812051099731,0.9997592644474982,0.999502964255184,0.9876744569700249,0.9922863895446374,0.9889433245759403,0.0470731258392334,0.03164172172546387,0.04259777069091797,0.9994462602842737,0.9997497473412851,0.9995465117808038,-1.1237919330596924,1.1334559917449951,0.04631984978914261,0.37268813775510207,0.4574056714718361,
4,client_0,True,flip,raw,random,0.8555474281311035,0.06083524227142334,0.0688788890838623,0.08228135108947754,0.9990754099754824,0.9988149789209102,0.9983095909915292,0.9849629567645883,0.9830001827411243,0.9797427903015852,0.029241085052490234,0.06749069690704346,0.0803675651550293,0.9997862740015244,0.998862223293411,0.9983872170799799,-1.0328315496444702,1.0616868734359741,-4.018143590656109e-05,0.5162627551020408,-0.5360922862054341,
4,client_1,True,flip,raw,random,0.9465620517730713,0.0887671709060669,0.059721946716308594,0.05707144737243652,0.9980330039758247,0.9991089182386015,0.9991862095065052,0.9781722630337508,0.9852350813801078,0.9858834014328459,0.07450783252716064,0.058785438537597656,0.055718183517456055,0.9986135890144441,0.9991366275209228,0.9992243225587847,-1.006992220878601,0.9884944558143616,0.03723627328872681,0.41653380102040816,-0.6352444729983959,
4,client_2,False,flip,raw,random,0.8654149174690247,0.36663150787353516,0.05901169776916504,0.21480298042297363,0.9672240094751452,0.9991299730092402,0.988563964145563,0.9142846423896718,0.9854087476245919,0.9483883800264594,0.34007859230041504,0.05802047252655029,0.21642708778381348,0.9717019483404215,0.9991589371091292,0.9883918911309757,-1.1272168159484863,0.7732411623001099,-0.008760458789765835,0.5532525510204082,0.5223520898316448,
4,client_3,False,flip,raw,random,0.8502614498138428,0.0693364143371582,0.0621037483215332,0.06698489189147949,0.9987991979536606,0.999036477959159,0.9988791991031547,0.9828887160068929,0.9846530312625588,0.9834618185792583,0.0634465217590332,0.06090891361236572,0.06734395027160645,0.9989943937966737,0.9990731708245335,0.9988671615044218,-0.9484498500823975,0.6936705708503723,-0.016021601855754852,0.5766103316326531,0.5358590955679784,
4,client_4,False,flip,raw,random,0.7877413034439087,0.1814424991607666,0.03811454772949219,0.11153411865234375,0.991820186081189,0.9996369192139107,0.9968972742446909,0.956137922842401,0.990539036371793,0.9726891096603927,0.160669207572937,0.038146138191223145,0.10819125175476074,0.9935774569860056,0.9996363172645979,0.9970800735471719,-0.8813803195953369,1.0707968473434448,-0.03598715364933014,0.5660873724489796,0.5408836340094345,
4,client_5,False,flip,raw,random,0.9280577898025513,0.1738215684890747,0.06497848033905029,0.12952148914337158,0.9924890960161183,0.9989452843358448,0.9958192017241903,0.9579215914388091,0.9839512088812754,0.9683896279990636,0.1982027292251587,0.0664900541305542,0.131677508354187,0.9902507968000116,0.9988956836651293,0.9956793109970359,-0.8167083263397217,0.9171711802482605,-0.0037043094635009766,0.5332429846938775,0.4660888196854662,
4,client_6,False,flip,raw,random,0.7484069466590881,0.26921236515045166,0.28563523292541504,0.0766754150390625,0.9821245021467286,0.9799110322606952,0.998531838812003,0.9359502642681645,0.9322441192216815,0.9811033072766482,0.29469847679138184,0.3021494746208191,0.07697081565856934,0.9786367877244313,0.977561345938537,0.998520517090183,-0.9271307587623596,0.7326669096946716,-0.08550916612148285,0.6308195153061225,0.7113514175434017,
4,client_7,False,flip,raw,random,0.9019510746002197,0.33203792572021484,0.07684719562530518,0.2188955545425415,0.972997341045831,0.9985252603080119,0.9881279641487231,0.9218909093676573,0.9810615753615035,0.9474441911081106,0.2916429042816162,0.07491302490234375,0.22170484066009521,0.9790705529583239,0.9985984846047582,0.9878240864278305,-1.0984447002410889,1.0822745561599731,0.02488039992749691,0.448421556122449,0.6622670529582211,
4,client_8,False,flip,raw,random,0.8303345441818237,0.10536932945251465,0.05050158500671387,0.07356894016265869,0.9972300938805956,0.99936270225329,0.9986482746979233,0.974169262493183,0.9874931723711815,0.9818584459618853,0.09230983257293701,0.05012333393096924,0.07282853126525879,0.9978731225135193,0.999372208597237,0.9986753188175628,-1.1071902513504028,0.8067557215690613,-0.03668433055281639,0.5900829081632653,0.6163434526299792,
4,client_9,False,flip,raw,random,0.7720597982406616,0.12397503852844238,0.06664514541625977,0.14144015312194824,0.9961685929593431,0.998890530206316,0.9950173694230502,0.9697123358615871,0.9835446615399284,0.9655564365705713,0.16409647464752197,0.06763792037963867,0.14421677589416504,0.9933019263644178,0.9988572582717397,0.9948205885240429,-0.9576464295387268,0.9142778515815735,-0.044287536293268204,0.5855389030612245,0.4574056714718361,
4,client_0,True,flip,raw,pretrained,0.8555474281311035,0.11239910125732422,0.10171806812286377,0.07957124710083008,0.9968490766167217,0.9974183681939268,0.9984189813800655,0.9724816993210015,0.9750475177157278,0.9804001575722034,0.05672144889831543,0.10319089889526367,0.07562971115112305,0.9991961542638974,0.9973432153799104,0.9985715688577226,-1.0328315496444702,1.0616868734359741,-4.018143590656109e-05,0.5162627551020408,-0.5360922862054341,0.3390766382217407
4,client_1,True,flip,raw,pretrained,0.9465620517730713,0.09965729713439941,0.05284416675567627,0.06132149696350098,0.9975217218405426,0.9993022388782022,0.9990605809092146,0.9755437296319922,0.98691873251106,0.9848441361435032,0.07522177696228027,0.05218684673309326,0.059399962425231934,0.9985869204523146,0.9993194807865327,0.9991184943393041,-1.006992220878601,0.9884944558143616,0.03723627328872681,0.41653380102040816,-0.6352444729983959,0.41100847721099854
4,client_2,False,flip,raw,pretrained,0.8654149174690247,0.09632587432861328,0.04165172576904297,0.09726786613464355,0.9976843610020776,0.9995664244775564,0.9976389298971431,0.9763467032904514,0.9896678388237501,0.9761195541882028,0.10263025760650635,0.042482614517211914,0.09809994697570801,0.997371949067501,0.9995489595022307,0.997598434529654,-1.1272168159484863,0.7732411623001099,-0.008760458789765835,0.5532525510204082,0.5223520898316448,0.4435542821884155
4,client_3,False,flip,raw,pretrained,0.8502614498138428,0.03956425189971924,0.014563560485839844,0.04204249382019043,0.9996087823192941,0.9999469777851047,0.9995582535878806,0.9901818389750743,0.9963690282624598,0.9895716642221726,0.03966951370239258,0.014411449432373047,0.04202127456665039,0.9996066984737664,0.9999480795532028,0.9995586992351737,-0.9484498500823975,0.6936705708503723,-0.016021601855754852,0.5766103316326531,0.5358590955679784,0.40217459201812744
4,client_4,False,flip,raw,pretrained,0.7877413034439087,0.20371830463409424,0.06783950328826904,0.09572458267211914,0.9897049023813227,0.9988504425232967,0.997713130985588,0.9509528149280804,0.9832534784967011,0.9764917384675373,0.18117403984069824,0.06663620471954346,0.09518706798553467,0.991844225428753,0.9988908276177648,0.9977386979754197,-0.8813803195953369,1.0707968473434448,-0.03598715364933014,0.5660873724489796,0.5408836340094345,0.5860862731933594
4,client_5,False,flip,raw,pretrained,0.9280577898025513,0.036580443382263184,0.059717416763305664,0.10993504524230957,0.9996655517059354,0.9991090533215321,0.9969854046933824,0.9909172400045037,0.9852361888742509,0.9730727193031496,0.05747509002685547,0.061416029930114746,0.11561524868011475,0.9991746647466355,0.9990576843164236,0.9966666355847003,-0.8167083263397217,0.9171711802482605,-0.0037043094635009766,0.5332429846938775,0.4660888196854662,0.29355597496032715
4,client_6,False,flip,raw,pretrained,0.7484069466590881,0.1315908432006836,0.1017998456954956,0.04979991912841797,0.995684978138424,0.9974142235093721,0.9993802802039902,0.967896825956599,0.9750278343562302,0.9876653301237404,0.098136305809021,0.10163891315460205,0.04783618450164795,0.9975966572237436,0.997422376810829,0.9994281702235339,-0.9271307587623596,0.7326669096946716,-0.08550916612148285,0.6308195153061225,0.7113514175434017,0.508460521697998
4,client_7,False,flip,raw,pretrained,0.9019510746002197,0.17537319660186768,0.055614352226257324,0.06075716018676758,0.9923551778777018,0.9992272091533785,0.999077780235639,0.9575580299143405,0.9862400840209558,0.9849820388151387,0.15881919860839844,0.05614185333251953,0.05885505676269531,0.9937238158643091,0.9992124885163851,0.9991345826945144,-1.0984447002410889,1.0822745561599731,0.02488039992749691,0.448421556122449,0.6622670529582211,0.48507535457611084
4,client_8,False,flip,raw,pretrained,0.8303345441818237,0.08441591262817383,0.028200149536132812,0.08858716487884521,0.9982208659845051,0.9998012175323625,0.9980409616980557,0.9792254932170585,0.9929870683462849,0.9782158001026036,0.07751750946044922,0.02816176414489746,0.08819711208343506,0.9984994498126478,0.9998017582398435,0.9980581500863934,-1.1071902513504028,0.8067557215690613,-0.03668433055281639,0.5900829081632653,0.6163434526299792,0.39900028705596924
4,client_9,False,flip,raw,pretrained,0.7720597982406616,0.1642897129058838,0.0322420597076416,0.1895449161529541,0.9932862214969012,0.9997401630439982,0.9910783316926419,0.9601595541688028,0.9919879577800845,0.9542470300576469,0.14084124565124512,0.032013654708862305,0.1907808780670166,0.9950593203397757,0.9997438307057251,0.9909623942133616,-0.9576464295387268,0.9142778515815735,-0.044287536293268204,0.5855389030612245,0.4574056714718361,0.45612525939941406
4,client_0,True,flip,clip01,random,0.8555474281311035,0.14503192901611328,0.07298159599304199,0.07325577735900879,0.9947621030077718,0.9986697503273445,0.998659746507017,0.9647050744850945,0.9820013188142112,0.981934619668237,0.10066783428192139,0.07307147979736328,0.06974518299102783,0.9974713027812854,0.9986664749305698,0.998785010648894,-1.0328315496444702,1.0616868734359741,-4.018143590656109e-05,0.5162627551020408,-0.5360922862054341,
4,client_1,True,flip,clip01,random,0.9465620517730713,0.1609175205230713,0.06641852855682373,0.10520684719085693,0.9935576857803692,0.9988980563242664,0.9972386121419932,0.960953184699876,0.9835999250711001,0.9742083198687415,0.11989283561706543,0.06551122665405273,0.10270547866821289,0.9964160895509151,0.998927932573114,0.9973681028981722,-1.006992220878601,0.9884944558143616,0.03723627328872681,0.41653380102040816,-0.6352444729983959,
4,client_2,False,flip,clip01,random,0.8654149174690247,0.2508225440979004,0.03664672374725342,0.1422426700592041,0.9844556454724349,0.9996643389348701,0.9949608816463105,0.9401266450922905,0.9909008953896614,0.9653661173442047,0.23038136959075928,0.03658127784729004,0.14093220233917236,0.9868620144801574,0.9996655364508675,0.9950529605051783,-1.1272168159484863,0.7732411623001099,-0.008760458789765835,0.5532525510204082,0.5223520898316448,
4,client_3,False,flip,clip01,random,0.8502614498138428,0.07391953468322754,0.029590129852294922,0.08970320224761963,0.9986353738628317,0.9997811419845948,0.9979913649794558,0.9817731778887877,0.992643312017661,0.9779459171576981,0.06447172164916992,0.028750061988830566,0.088692307472229,0.9989616586012151,0.9997933905051088,0.9980363154955496,-0.9484498500823975,0.6936705708503723,-0.016021601855754852,0.5766103316326531,0.5358590955679784,
4,client_4,False,flip,clip01,random,0.7877413034439087,0.12913548946380615,0.04432475566864014,0.08397221565246582,0.9958440061866836,0.9995090098871937,0.9982394947449007,0.9684815927897379,0.9890102411682706,0.9793329865301676,0.0990452766418457,0.043402910232543945,0.08221936225891113,0.9975520120887424,0.9995292131421489,0.9983121338366054,-0.8813803195953369,1.0707968473434448,-0.03598715364933014,0.5660873724489796,0.5408836340094345,
4,client_5,False,flip,clip01,random,0.9280577898025513,0.1320275068283081,0.0744858980178833,0.15136176347732544,0.9956563866977972,0.9986144043424834,0.994296916097281,0.9677928857187639,0.9816354561727239,0.9632074495148133,0.18495261669158936,0.07786965370178223,0.15748345851898193,0.9915026773277669,0.9984858010586839,0.9938284557432429,-0.8167083263397217,0.9171711802482605,-0.0037043094635009766,0.5332429846938775,0.4660888196854662,
4,client_6,False,flip,clip01,random,0.7484069466590881,0.18948650360107422,0.08712625503540039,0.06071817874908447,0.9910837928449479,0.9981049516445761,0.9990789624202647,0.954260641910474,0.9785692499688903,0.9849915654815944,0.1403031349182129,0.08704268932342529,0.05900466442108154,0.9950968631304451,0.9981085799539111,0.9991301802510537,-0.9271307587623596,0.7326669096946716,-0.08550916612148285,0.6308195153061225,0.7113514175434017,
4,client_7,False,flip,clip01,random,0.9019510746002197,0.1898641586303711,0.03522324562072754,0.13212311267852783,0.9910484558842028,0.9996899028810435,0.9956501142352436,0.954172642268903,0.9912520114184031,0.9677701306334401,0.17280042171478271,0.03477048873901367,0.12948930263519287,0.9925765945964684,0.9996978217794501,0.9958212728332225,-1.0984447002410889,1.0822745561599731,0.02488039992749691,0.448421556122449,0.6622670529582211,
4,client_8,False,flip,clip01,random,0.8303345441818237,0.08878064155578613,0.059864044189453125,0.08932626247406006,0.9980324078183469,0.9991046757124125,0.998008185216374,0.9781690050786929,0.9852003419859934,0.978037057173752,0.09116828441619873,0.060776591300964355,0.08916878700256348,0.9979253198686246,0.9990771906683689,0.9980151914158784,-1.1071902513504028,0.8067557215690613,-0.03668433055281639,0.5900829081632653,0.6163434526299792,
4,client_9,False,flip,clip01,random,0.7720597982406616,0.2897646427154541,0.06739401817321777,0.16065800189971924,0.9793350865554802,0.9988654778597741,0.9935783484994511,0.9313157083165142,0.9833620721121521,0.9610143020877129,0.27089428901672363,0.06820940971374512,0.15546250343322754,0.9819034988506401,0.9988378829886138,0.9939851251141689,-0.9576464295387268,0.9142778515815735,-0.044287536293268204,0.5855389030612245,0.4574056714718361,
4,client_0,True,flip,clip01,pretrained,0.8555474281311035,0.11439263820648193,0.09728527069091797,0.08139586448669434,0.9967365905380212,0.9976380863663383,0.9983457336304313,0.9720039307535457,0.9761153580517568,0.9799575025956666,0.062134623527526855,0.09822320938110352,0.0764777660369873,0.9990355203741901,0.9975924065221802,0.9985393898381123,-1.0328315496444702,1.0616868734359741,-4.018143590656109e-05,0.5162627551020408,-0.5360922862054341,
4,client_1,True,flip,clip01,pretrained,0.9465620517730713,0.10887324810028076,0.05207204818725586,0.05630087852478027,0.9970432272557703,0.9993224699317389,0.9992080235042431,0.9733275645826194,0.9871080133627512,0.9860720049998317,0.08678174018859863,0.051207780838012695,0.053968071937561035,0.9981198877252404,0.9993447629753522,0.9992722592520391,-1.006992220878601,0.9884944558143616,0.03723627328872681,0.41653380102040816,-0.6352444729983959,
4,client_2,False,flip,clip01,pretrained,0.8654149174690247,0.09528565406799316,0.04104328155517578,0.1024007797241211,0.9977340194170887,0.9995789952408289,0.9973836653524859,0.9765976311197724,0.9898176151198117,0.9748832115226231,0.09705972671508789,0.04175996780395508,0.10244452953338623,0.997649005989274,0.9995641687863397,0.9973814336578501,-1.1272168159484863,0.7732411623001099,-0.008760458789765835,0.5532525510204082,0.5223520898316448,
4,client_3,False,flip,clip01,pretrained,0.8502614498138428,0.03404676914215088,0.013747453689575195,0.034975290298461914,0.9997102673519085,0.9999527535535,0.9996942523964392,0.9915423427805377,0.9965719756824905,0.9913131913278395,0.031878113746643066,0.013467550277709961,0.034420013427734375,0.9997459948653269,0.9999546578143736,0.9997038814500046,-0.9484498500823975,0.6936705708503723,-0.016021601855754852,0.5766103316326531,0.5358590955679784,
4,client_4,False,flip,clip01,pretrained,0.7877413034439087,0.24247002601623535,0.07117652893066406,0.10634660720825195,0.9854625463067019,0.9987346774976074,0.9971785843340719,0.9420327838614175,0.9824406009907589,0.9739343947171115,0.21783626079559326,0.06932246685028076,0.10526144504547119,0.9882415768620365,0.998799680568955,0.9972357512604608,-0.8813803195953369,1.0707968473434448,-0.03598715364933014,0.5660873724489796,0.5408836340094345,
4,client_5,False,flip,clip01,pretrained,0.9280577898025513,0.033658504486083984,0.05957436561584473,0.09563100337982178,0.9997168364195332,0.9991133138414883,0.9977175923822854,0.9916381868990762,0.9852711633346058,0.9765143132662082,0.04762589931488037,0.06077408790588379,0.09897851943969727,0.99943318450386,0.9990772666354386,0.9975553048470209,-0.8167083263397217,0.9171711802482605,-0.0037043094635009766,0.5332429846938775,0.4660888196854662,
4,client_6,False,flip,clip01,pretrained,0.7484069466590881,0.15855634212493896,0.11557328701019287,0.0546184778213501,0.9937444761843228,0.996669048736341,0.9992546224233716,0.9615094642298048,0.9717211440889304,0.9864839757211594,0.11655354499816895,0.11612308025360107,0.05213642120361328,0.9966124491080175,0.9966373622115279,0.999320794584581,-0.9271307587623596,0.7326669096946716,-0.08550916612148285,0.6308195153061225,0.7113514175434017,
4,client_7,False,flip,clip01,pretrained,0.9019510746002197,0.1776564121246338,0.055843472480773926,0.056250810623168945,0.9921560038449553,0.9992208322718816,0.9992094306391506,0.9570234271828517,0.9861839848014187,0.9860842614366372,0.1620786190032959,0.05659198760986328,0.05436396598815918,0.9934648393683156,0.9991998172786039,0.9992615490380796,-1.0984447002410889,1.0822745561599731,0.02488039992749691,0.448421556122449,0.6622670529582211,
4,client_8,False,flip,clip01,pretrained,0.8303345441818237,0.07717549800872803,0.024373412132263184,0.07665348052978516,0.9985126468779315,0.9998515007363555,0.998532677760045,0.980981825872171,0.9939343828611693,0.9811086361793688,0.0658191442489624,0.02412998676300049,0.07520246505737305,0.9989178391700257,0.9998544518248609,0.9985876451585189,-1.1071902513504028,0.8067557215690613,-0.03668433055281639,0.5900829081632653,0.6163434526299792,
4,client_9,False,flip,clip01,pretrained,0.7720597982406616,0.15824079513549805,0.03004741668701172,0.1908273696899414,0.9937692335867441,0.999774326391323,0.9909580188322455,0.9615838418545506,0.9925302593448184,0.9539482539379311,0.1323007345199585,0.029487133026123047,0.1908273696899414,0.9956384490109293,0.9997826626796111,0.9909580188322455,-0.9576464295387268,0.9142778515815735,-0.044287536293268204,0.5855389030612245,0.4574056714718361,
4,client_0,True,flip_global,raw,random,0.9301084876060486,0.050200700759887695,0.10695922374725342,0.11222600936889648,0.9993702699889682,0.9971460546268616,0.9968587509756948,0.9875669905336657,0.9737872088011796,0.9725231989417396,0.03783249855041504,0.10624229907989502,0.11152291297912598,0.9996422715196098,0.9971841045986056,0.9968978962149111,-1.050220012664795,1.2923190593719482,0.01793179288506508,0.48477359693877553,-0.5360922862054341,
4,client_1,True,flip_global,raw,random,0.9565223455429077,0.07901549339294434,0.07538735866546631,0.06469106674194336,0.9984409633008455,0.9985806991625581,0.9989545868616949,0.980535043905052,0.9814163091502492,0.984021342784505,0.05872035026550293,0.07473361492156982,0.0633009672164917,0.9991385371101149,0.9986051825577527,0.9989989990253856,-0.9545386433601379,0.9962422847747803,0.04326188936829567,0.40816326530612246,-0.6352444729983959,
4,client_2,False,flip_global,raw,random,0.8464742302894592,0.32443082332611084,0.07532072067260742,0.1961381435394287,0.9741966583570534,0.9985832045448193,0.9904513951984824,0.9235762906055907,0.9814325064760137,0.9527124858694191,0.33361315727233887,0.07403707504272461,0.19986534118652344,0.9727458017140733,0.9986310350553771,0.9900877728703441,-0.859035313129425,0.8283644318580627,-0.007843533530831337,0.5389030612244898,0.5223520898316448,
4,client_3,False,flip_global,raw,random,0.8567871451377869,0.10825788974761963,0.05476689338684082,0.09950745105743408,0.9970764834056101,0.9992505683497972,0.9975291551764784,0.9734753045497471,0.9864476227034165,0.9755798257715129,0.1193917989730835,0.054041147232055664,0.1027442216873169,0.9964459018187071,0.9992702882071831,0.9973661208168418,-1.219949722290039,0.843859851360321,-0.015048857778310776,0.5596301020408163,0.5358590955679784,
4,client_4,False,flip_global,raw,random,0.8151158094406128,0.1939173936843872,0.023992300033569336,0.13695836067199707,0.9906648889005549,0.999856107915361,0.9953270441458877,0.9532289410865591,0.994028801961707,0.9666203434952707,0.1493602991104126,0.02356588840484619,0.1349780559539795,0.9944461185035653,0.9998611766815526,0.995460744213321,-1.2998930215835571,1.0211436748504639,-0.03475732356309891,0.553093112244898,0.5408836340094345,
4,client_5,False,flip_global,raw,random,0.9219884872436523,0.21490466594696045,0.051993727684020996,0.1695173978805542,0.9885532273571682,0.9993245054853359,0.9928544892515956,0.9483649032511525,0.987127216269998,0.9589311865207002,0.24897271394729614,0.05221724510192871,0.17241746187210083,0.9846814487618787,0.9993186881682679,0.9926092791605454,-1.1833919286727905,0.9091235995292664,-0.0031114178709685802,0.532844387755102,0.4660888196854662,
4,client_6,False,flip_global,raw,random,0.7371747493743896,0.28521835803985596,0.25441956520080566,0.03448688983917236,0.9799687441234661,0.9840120090750009,0.9997027299010808,0.9323379221087849,0.9393075500735015,0.9914337146731884,0.3152692914009094,0.2690306305885315,0.03406953811645508,0.9756069811958563,0.9821483039604695,0.9997098797859065,-1.0108699798583984,0.7695587873458862,-0.07712811976671219,0.6216517857142857,0.7113514175434017,
4,client_7,False,flip_global,raw,random,0.9132192134857178,0.2828688621520996,0.0630035400390625,0.21259081363677979,0.9802925250066263,0.9990083765914752,0.9887963278984861,0.9328668582365987,0.9844332799583899,0.948899333118205,0.27532243728637695,0.061565518379211426,0.2176569700241089,0.9813154255878325,0.9990530947470151,0.9882607537805859,-0.96510249376297,0.8520037531852722,0.02091185189783573,0.489078443877551,0.6622670529582211,
4,client_8,False,flip_global,raw,random,0.8139843940734863,0.23508238792419434,0.0481870174407959,0.1927804946899414,0.9863259420241546,0.9994197554741142,0.9907732712421151,0.9437235720447177,0.9880612356127354,0.9534934999223474,0.2565218210220337,0.04772210121154785,0.1985182762145996,0.983749944941857,0.9994308932926199,0.9902199581152169,-1.014162302017212,0.9518734812736511,-0.039449263364076614,0.5826690051020408,0.6163434526299792,
4,client_9,False,flip_global,raw,random,0.7745162844657898,0.15379345417022705,0.061664581298828125,0.1548144817352295,0.994113015702148,0.9990500472044317,0.9940349406581432,0.9626330451047838,0.9847603134045002,0.9623920153479155,0.16809344291687012,0.06228053569793701,0.15570247173309326,0.992973399560517,0.9990309885324749,0.993966626126735,-1.154305338859558,0.8840547204017639,-0.05259836092591286,0.5968590561224489,0.4574056714718361,
4,client_0,True,flip_global,raw,pretrained,0.9301084876060486,0.05059349536895752,0.1076589822769165,0.11456286907196045,0.999360381556226,0.9971086710690467,0.9967268944460224,0.9874706249717133,0.9736191271959207,0.9719631497705015,0.050405263900756836,0.10991346836090088,0.11523735523223877,0.9993651298000583,0.996986585246967,0.9966883363974532,-1.050220012664795,1.2923190593719482,0.01793179288506508,0.48477359693877553,-0.5360922862054341,0.24565303325653076
4,client_1,True,flip_global,raw,pretrained,0.9565223455429077,0.09535861015319824,0.04586470127105713,0.05926156044006348,0.997730554073851,0.9994743146451965,0.9991225946717641,0.9765800290824738,0.9886316935720347,0.9853476473132847,0.06071817874908447,0.04471707344055176,0.05490124225616455,0.9990789624202647,0.999500283202454,0.999246889052466,-0.9545386433601379,0.9962422847747803,0.04326188936829567,0.40816326530612246,-0.6352444729983959,0.3949049711227417
4,client_2,False,flip_global,raw,pretrained,0.8464742302894592,0.07040131092071533,0.05467188358306885,0.1271430253982544,0.9987620644213768,0.9992531648723968,0.9959708797062188,0.9826293490367541,0.986470894243056,0.9689565078814102,0.08102297782897949,0.05577540397644043,0.13132774829864502,0.9983608372003729,0.9992227294875164,0.9957021596784694,-0.859035313129425,0.8283644318580627,-0.007843533530831337,0.5389030612244898,0.5223520898316448,0.41848790645599365
4,client_3,False,flip_global,raw,pretrained,0.8567871451377869,0.042571187019348145,0.014231443405151367,0.03913009166717529,0.9995470774219555,0.9999493684274008,0.9996173188506814,0.9894415662387703,0.9964516108343875,0.9902887928715174,0.045393943786621094,0.013981819152832031,0.03982388973236084,0.9994850464362779,0.9999511289746512,0.9996036323216018,-1.219949722290039,0.843859851360321,-0.015048857778310776,0.5596301020408163,0.5358590955679784,0.3438289165496826
4,client_4,False,flip_global,raw,pretrained,0.8151158094406128,0.1378476619720459,0.05625927448272705,0.052455782890319824,0.9952663783648403,0.9992091928540643,0.9993124524575303,0.9664090974141109,0.9860821894991201,0.9870139359871168,0.15028870105743408,0.05483448505401611,0.0542294979095459,0.9943771520590581,0.9992487183989889,0.999265195593696,-1.2998930215835571,1.0211436748504639,-0.03475732356309891,0.553093112244898,0.5408836340094345,0.5552975535392761
4,client_5,False,flip_global,raw,pretrained,0.9219884872436523,0.04708147048950195,0.04851341247558594,0.0810936689376831,0.9994460640256371,0.9994118717525273,0.9983579791968682,0.9883327425541859,0.9879810989354245,0.9800307949683669,0.0576167106628418,0.04953718185424805,0.0828474760055542,0.9991705949592624,0.9993867990611383,0.99828627975012,-1.1833919286727905,0.9091235995292664,-0.0031114178709685802,0.532844387755102,0.4660888196854662,0.27932703495025635
4,client_6,False,flip_global,raw,pretrained,0.7371747493743896,0.06923532485961914,0.0762324333190918,0.02983689308166504,0.9988026936929058,0.9985487355922231,0.99977747709712,0.982913342771887,0.9812109363640722,0.9925823036135368,0.07612025737762451,0.07660853862762451,0.030102252960205078,0.9985529988846964,0.9985343959451969,0.9997735020750231,-1.0108699798583984,0.7695587873458862,-0.07712811976671219,0.6216517857142857,0.7113514175434017,0.464410662651062
4,client_7,False,flip_global,raw,pretrained,0.9132192134857178,0.11024439334869385,0.042351722717285156,0.038174986839294434,0.9969684538311712,0.9995517336598243,0.9996357671247589,0.97299849053443,0.9894955677198971,0.990524140717937,0.10376083850860596,0.04206216335296631,0.036988139152526855,0.9973138459703508,0.9995578402871956,0.999658057109543,-0.96510249376297,0.8520037531852722,0.02091185189783573,0.489078443877551,0.6622670529582211,0.4461680054664612
4,client_8,False,flip_global,raw,pretrained,0.8139843940734863,0.09735500812530518,0.016630887985229492,0.09535574913024902,0.9976347049623657,0.9999308569769834,0.9977306900192895,0.9760985450369442,0.9958552077453895,0.9765807193494738,0.08362114429473877,0.016521453857421875,0.0942847728729248,0.9982541653859611,0.9999317638829364,0.9977812943232467,-1.014162302017212,0.9518734812736511,-0.039449263364076614,0.5826690051020408,0.6163434526299792,0.3833653926849365
4,client_9,False,flip_global,raw,pretrained,0.7745162844657898,0.16088974475860596,0.03312671184539795,0.1332993507385254,0.9935598988331635,0.9997257116792126,0.9955725775096518,0.9609597256938929,0.9917694838257827,0.9674902407259762,0.14396774768829346,0.03221440315246582,0.13478899002075195,0.9948383910605598,0.9997406085313891,0.9954734085461057,-1.154305338859558,0.8840547204017639,-0.05259836092591286,0.5968590561224489,0.4574056714718361,0.4491550922393799
4,client_0,True,flip_global,clip01,random,0.9301084876060486,0.05902814865112305,0.05980491638183594,0.12008833885192871,0.9991294881779444,0.9991064422804077,0.9964044233816347,0.9854047246238964,0.9852147970810281,0.9706408465192518,0.05167233943939209,0.05982506275177002,0.11936163902282715,0.9993328263629069,0.999105840560647,0.9964476924299166,-1.050220012664795,1.2923190593719482,0.01793179288506508,0.48477359693877553,-0.5360922862054341,
4,client_1,True,flip_global,clip01,random,0.9565223455429077,0.11700224876403809,0.04932248592376709,0.07237708568572998,0.9965863833004587,0.9993921003943753,0.9986916745734806,0.9713790472003785,0.9877824968527547,0.9821483999577938,0.08825993537902832,0.048940300941467285,0.06975030899047852,0.998055386757634,0.9994014805409595,0.9987848322111652,-0.9545386433601379,0.9962422847747803,0.04326188936829567,0.40816326530612246,-0.6352444729983959,
4,client_2,False,flip_global,clip01,random,0.8464742302894592,0.1585216522216797,0.04391515254974365,0.11825716495513916,0.99374720027622,0.9995180391297778,0.9965129572723948,0.9615176405689341,0.9891109659398651,0.9710787663558267,0.15292608737945557,0.04308271408081055,0.12109208106994629,0.99417894206387,0.9995361313806708,0.9963442315032494,-0.859035313129425,0.8283644318580627,-0.007843533530831337,0.5389030612244898,0.5223520898316448,
4,client_3,False,flip_global,clip01,random,0.8567871451377869,0.09829449653625488,0.017965078353881836,0.08887434005737305,0.9975889168753418,0.9999193188723505,0.998028258606457,0.9758720859238497,0.9955238146182817,0.9781463440012867,0.09792029857635498,0.01775193214416504,0.08886408805847168,0.9976072065722013,0.9999212218810909,0.9980287128034535,-1.219949722290039,0.843859851360321,-0.015048857778310776,0.5596301020408163,0.5358590955679784,
4,client_4,False,flip_global,clip01,random,0.8151158094406128,0.0797797441482544,0.0363011360168457,0.046567559242248535,0.9984106950696201,0.9996706382629719,0.9994580859605149,0.9803495606819781,0.9909861211261006,0.9884589901208689,0.07250094413757324,0.03530764579772949,0.046288132667541504,0.9986871972976299,0.9996884153699557,0.9994645673069293,-1.2998930215835571,1.0211436748504639,-0.03475732356309891,0.553093112244898,0.5408836340094345,
4,client_5,False,flip_global,clip01,random,0.9219884872436523,0.12494075298309326,0.05386936664581299,0.12359678745269775,0.9961088453189284,0.9992749173844833,0.9961918700189949,0.9694818389806898,0.9866674942502931,0.9698026393173185,0.1514430046081543,0.05537974834442139,0.12588083744049072,0.9942908186161952,0.9992337115519889,0.996050243288684,-1.1833919286727905,0.9091235995292664,-0.0031114178709685802,0.532844387755102,0.4660888196854662,
4,client_6,False,flip_global,clip01,random,0.7371747493743896,0.09628140926361084,0.08140695095062256,0.036748647689819336,0.997686494646435,0.99834528352294,0.9996624696926351,0.9763574274251976,0.9799548139195162,0.990875761924128,0.09742283821105957,0.08177947998046875,0.03664040565490723,0.9976314137332098,0.9983301234827144,0.999664454635314,-1.0108699798583984,0.7695587873458862,-0.07712811976671219,0.6216517857142857,0.7113514175434017,
4,client_7,False,flip_global,clip01,random,0.9132192134857178,0.15757060050964355,0.030289769172668457,0.11224210262298584,0.9938216556157013,0.9997706719220321,0.9968578521229112,0.9617418421955573,0.9924703516179576,0.9725193403938108,0.1575561761856079,0.03048253059387207,0.11153769493103027,0.9938227814731866,0.9997677442971185,0.9968970757305244,-0.96510249376297,0.8520037531852722,0.02091185189783573,0.489078443877551,0.6622670529582211,
4,client_8,False,flip_global,clip01,random,0.8139843940734863,0.12097334861755371,0.026240944862365723,0.13834190368652344,0.9963513774294013,0.9998278754265644,0.9952324951712885,0.9704293053262902,0.9934719030540922,0.9662917244030949,0.12501764297485352,0.026240944862365723,0.13836228847503662,0.9961040685303564,0.9998278754265644,0.9952310951066978,-1.014162302017212,0.9518734812736511,-0.039449263364076614,0.5826690051020408,0.6163434526299792,
4,client_9,False,flip_global,clip01,random,0.7745162844657898,0.2039433717727661,0.053807973861694336,0.16892969608306885,0.9896823183244965,0.9992765682422982,0.99290368547942,0.9509006421531487,0.9866825366303393,0.9590691630789434,0.22975265979766846,0.05504941940307617,0.168951153755188,0.9869329201112982,0.9992428206214254,0.9929018922092148,-1.154305338859558,0.8840547204017639,-0.05259836092591286,0.5968590561224489,0.4574056714718361,
4,client_0,True,flip_global,clip01,pretrained,0.9301084876060486,0.05209636688232422,0.10108208656311035,0.12475705146789551,0.999321837265587,0.997450488470353,0.9961202460113363,0.9871020509302642,0.9752006149332295,0.9695256785509414,0.05610370635986328,0.10300815105438232,0.1267939805984497,0.9992135577100538,0.9973525985344107,0.9959929051244119,-1.050220012664795,1.2923190593719482,0.01793179288506508,0.48477359693877553,-0.5360922862054341,
4,client_1,True,flip_global,clip01,pretrained,0.9565223455429077,0.11662495136260986,0.0450892448425293,0.05362105369567871,0.9966083076485919,0.9994919336815187,0.9992815829773911,0.971469355535673,0.9888222881677293,0.9867283376852045,0.07370162010192871,0.04415702819824219,0.049947381019592285,0.9986433996550907,0.9995127173717551,0.999376606400525,-0.9545386433601379,0.9962422847747803,0.04326188936829567,0.40816326530612246,-0.6352444729983959,
4,client_2,False,flip_global,clip01,pretrained,0.8464742302894592,0.07048213481903076,0.06097376346588135,0.1272968053817749,0.9987592230246127,0.9990711975555711,0.9959611569024651,0.9826096677048497,0.9849291056980636,0.9689198410990136,0.0773237943649292,0.062032341957092285,0.1321045160293579,0.9985069317566673,0.9990386907874951,0.9956513346662927,-0.859035313129425,0.8283644318580627,-0.007843533530831337,0.5389030612244898,0.5223520898316448,
4,client_3,False,flip_global,clip01,pretrained,0.8567871451377869,0.03656363487243652,0.012600541114807129,0.03047335147857666,0.9996658589125633,0.9999603077725479,0.999767884128671,0.9909213850160936,0.9968572918957777,0.9924249750524927,0.03899717330932617,0.012386918067932129,0.030921101570129395,0.9996199135025676,0.9999616421687227,0.9997610142137234,-1.219949722290039,0.843859851360321,-0.015048857778310776,0.5596301020408163,0.5358590955679784,
4,client_4,False,flip_global,clip01,pretrained,0.8151158094406128,0.15494728088378906,0.06465351581573486,0.0590360164642334,0.9940247486009886,0.9989557992113889,0.9991292562544607,0.9623606726636704,0.9840305064160089,0.9854028005887987,0.1782689094543457,0.06358671188354492,0.06073451042175293,0.9921021452924912,0.9989899483244662,0.9990784672239985,-1.2998930215835571,1.0211436748504639,-0.03475732356309891,0.553093112244898,0.5408836340094345,
4,client_5,False,flip_global,clip01,pretrained,0.9219884872436523,0.04197525978088379,0.05100226402282715,0.07171285152435303,0.9995596648669485,0.9993500093060863,0.998715555423592,0.9895882106531806,0.9873703554286475,0.982310050418056,0.048909544944763184,0.05205130577087402,0.07296454906463623,0.9994022322334026,0.9993230093257939,0.9986703710703009,-1.1833919286727905,0.9091235995292664,-0.0031114178709685802,0.532844387755102,0.4660888196854662,
4,client_6,False,flip_global,clip01,pretrained,0.7371747493743896,0.08327627182006836,0.08661961555480957,0.028170108795166016,0.998268517454564,0.9981268961080836,0.9998016407573529,0.9795016267167831,0.9786918701726421,0.9929944997000371,0.08776819705963135,0.08741641044616699,0.02843618392944336,0.9980769639586811,0.9980923266139023,0.9997978765065434,-1.0108699798583984,0.7695587873458862,-0.07712811976671219,0.6216517857142857,0.7113514175434017,
4,client_7,False,flip_global,clip01,pretrained,0.9132192134857178,0.10724294185638428,0.04213976860046387,0.03974282741546631,0.9971309265384296,0.9995562077446283,0.9996052438305549,0.9737190546203813,0.9895477254397786,0.9901378525348978,0.10536575317382812,0.04212772846221924,0.0389404296875,0.9972302815101495,0.9995564612239218,0.9996210184886629,-0.96510249376297,0.8520037531852722,0.02091185189783573,0.489078443877551,0.6622670529582211,
4,client_8,False,flip_global,clip01,pretrained,0.8139843940734863,0.0845940113067627,0.01625227928161621,0.08424770832061768,0.998213360989729,0.9999339691247777,0.9982279395891265,0.9791823506943143,0.9959492786853872,0.9792662415529878,0.0728139877319336,0.016144156455993652,0.0826650857925415,0.998675847305099,0.9999348447371625,0.9982938073682166,-1.014162302017212,0.9518734812736511,-0.039449263364076614,0.5826690051020408,0.6163434526299792,
4,client_9,False,flip_global,clip01,pretrained,0.7745162844657898,0.14930856227874756,0.035527825355529785,0.12980782985687256,0.994449949419185,0.9996845180729035,0.9958007541506959,0.9636928495626313,0.9911768678888366,0.9683214155237498,0.13497042655944824,0.034632205963134766,0.13193809986114502,0.9954612555973048,0.9997002199956371,0.9956622484121809,-1.154305338859558,0.8840547204017639,-0.05259836092591286,0.5968590561224489,0.4574056714718361,
5,client_0,True,orig,raw,random,0.9602695107460022,0.09063661098480225,0.21725285053253174,0.12109386920928955,0.9979494103467605,0.9883039224882741,0.9963441238308854,0.9777202837497339,0.947823006001909,0.9704005030113865,0.10253381729125977,0.22400367259979248,0.12216615676879883,0.9973768761201669,0.9875726472327251,0.9962792731230874,-0.9350703954696655,0.8036404848098755,-0.03732207790017128,0.5808354591836735,-0.5522301924690648,
5,client_1,True,orig,raw,random,0.8942915201187134,0.34272587299346924,0.3125724792480469,0.1207270622253418,0.9712692536466827,0.976015002467673,0.9963661780966919,0.9195307625198257,0.926212809602998,0.9704881674612831,0.3025016784667969,0.32477688789367676,0.11785757541656494,0.9775098903968091,0.974142654460066,0.9965364216576906,-1.1636438369750977,0.8118393421173096,-0.09827146679162979,0.6871014030612245,-0.6160459340041559,
5,client_2,False,orig,raw,random,0.9465106725692749,0.07462513446807861,0.030904769897460938,0.047402262687683105,0.9986092247241738,0.9997612665532594,0.9994384929528253,0.9816016026962688,0.9923183523755468,0.9882539489273752,0.061052918434143066,0.02933943271636963,0.04734301567077637,0.9990687861689187,0.9997848341505375,0.9994398951162518,-0.9750685691833496,0.8244795203208923,0.008349725045263767,0.46580038265306123,0.5457921995457513,
5,client_3,False,orig,raw,random,0.9505485892295837,0.0534968376159668,0.03601646423339844,0.05841231346130371,0.9992849058427529,0.9996757824353937,0.9991475458102586,0.9867587761202223,0.9910563325814783,0.9855553415915119,0.05039632320404053,0.03535175323486328,0.057878732681274414,0.9993653548946699,0.9996876365832912,0.9991630388254071,-0.7332744002342224,1.0917203426361084,0.028064535930752754,0.4356664540816326,0.6057246700888405,
5,client_4,False,orig,raw,random,0.9264995455741882,0.07486903667449951,0.03415346145629883,0.0840604305267334,0.998600128306999,0.9997084490348118,0.9982357987924291,0.9815423053674139,0.9915160079457281,0.9793116135311855,0.04767489433288574,0.03271126747131348,0.08142352104187012,0.9994320181812035,0.9997325469055927,0.9983446106679201,-1.116623044013977,1.0042234659194946,-0.0034911546390503645,0.4768016581632653,0.5440506452500337,
5,client_5,False,orig,raw,random,0.9622973799705505,0.056578874588012695,0.06023859977722168,0.05243539810180664,0.999200187836482,0.9990934446284476,0.9993129864526793,0.9860039567521199,0.9851087810157628,0.9870189332353023,0.0440601110458374,0.05924558639526367,0.052393436431884766,0.9995148532515332,0.9991230673088167,0.9993140850187436,-1.0210081338882446,1.3146569728851318,0.030796226114034653,0.42020089285714285,0.4594206733822971,
5,client_6,False,orig,raw,random,0.951086699962616,0.07854568958282471,0.042275428771972656,0.06277883052825928,0.9984594260070527,0.9995533467113638,0.9990154322446212,0.9806490911667627,0.9895143416770418,0.9844881526607325,0.07931804656982422,0.042760610580444336,0.06216752529144287,0.9984290153257336,0.9995430392160225,0.9990344994138347,-0.9599307179450989,0.8711382746696472,-0.01835864782333374,0.53515625,0.7105988689383325,
5,client_7,False,orig,raw,random,0.9457854628562927,0.10768008232116699,0.03875410556793213,0.06574845314025879,0.9971075400771958,0.9996246355327769,0.998920160565554,0.9736140596536866,0.9903814297748506,0.9837633591272019,0.09559643268585205,0.037726759910583496,0.06642484664916992,0.9977192394453736,0.9996442678342121,0.9988978468418621,-0.808985710144043,1.0690125226974487,0.07882977277040482,0.3153698979591837,0.7491162899634443,
5,client_8,False,orig,raw,random,0.9398012757301331,0.04301309585571289,0.03798961639404297,0.04367959499359131,0.9995376287992026,0.9996392948724326,0.9995231938220797,0.9893328433757573,0.9905698276645556,0.9891688984496498,0.04293501377105713,0.03771829605102539,0.044075727462768555,0.9995393053897141,0.9996444273881446,0.9995145094104956,-0.8045820593833923,1.0687198638916016,0.02565777115523815,0.43925382653061223,0.629064562490361,
5,client_9,False,orig,raw,random,0.9446380138397217,0.029819488525390625,0.045829176902770996,0.06914639472961426,0.9997777365837461,0.9994751283454153,0.9988057647522044,0.9925866064373428,0.9886404236798965,0.9829350081209574,0.02252674102783203,0.0453031063079834,0.06815707683563232,0.9998731485544261,0.9994871045215314,0.9988396639944972,-0.7996439337730408,0.8804712295532227,0.037763357162475586,0.35801977040816324,0.5045275971059463,
5,client_0,True,orig,raw,pretrained,0.9602695107460022,0.041846275329589844,0.0637972354888916,0.04946720600128174,0.9995623660059996,0.9989832541813324,0.9993885294496585,0.9896199551457956,0.9842395010684135,0.9877469789422262,0.04095149040222168,0.06350374221801758,0.05000758171081543,0.9995808756540192,0.9989925804997348,0.9993751034692469,-0.9350703954696655,0.8036404848098755,-0.03732207790017128,0.5808354591836735,-0.5522301924690648,0.40137743949890137
5,client_1,True,orig,raw,pretrained,0.8942915201187134,0.14902794361114502,0.14510071277618408,0.03874969482421875,0.9944707054268556,0.9947571530734125,0.9996247209470175,0.9637592195351272,0.9646887816078564,0.9903825165880387,0.11715829372406006,0.14402174949645996,0.03919172286987305,0.9965772952067606,0.9948345331495176,0.9996161127775145,-1.1636438369750977,0.8118393421173096,-0.09827146679162979,0.6871014030612245,-0.6160459340041559,0.6003878116607666
5,client_2,False,orig,raw,pretrained,0.9465106725692749,0.059081077575683594,0.019030213356018066,0.08567869663238525,0.9991279273714946,0.9999094688922872,0.9981673131964492,0.9853917812236686,0.9952593696062175,0.9789196587314437,0.07571530342102051,0.019041895866394043,0.08880585432052612,0.9985683373113612,0.9999093577129432,0.9980312917598013,-0.9750685691833496,0.8244795203208923,0.008349725045263767,0.46580038265306123,0.5457921995457513,0.42205607891082764
5,client_3,False,orig,raw,pretrained,0.9505485892295837,0.0356595516204834,0.04303443431854248,0.029723048210144043,0.9996821748745028,0.9995371700871838,0.9997791716819555,0.9911443720627588,0.989327593925921,0.9926104493038328,0.039505720138549805,0.04295003414154053,0.02981114387512207,0.9996099386675654,0.9995389831063239,0.9997778609414789,-0.7332744002342224,1.0917203426361084,0.028064535930752754,0.4356664540816326,0.6057246700888405,0.3546510934829712
5,client_4,False,orig,raw,pretrained,0.9264995455741882,0.05261397361755371,0.02977454662322998,0.06329011917114258,0.9993083014898905,0.9997784059281876,0.9989993418265655,0.9869751574627867,0.9925977172830436,0.984363305728613,0.056867361068725586,0.029500722885131836,0.06444013118743896,0.9991920157744663,0.9997824623358114,0.9989626751129164,-1.116623044013977,1.0042234659194946,-0.0034911546390503645,0.4768016581632653,0.5440506452500337,0.4628915786743164
5,client_5,False,orig,raw,pretrained,0.9622973799705505,0.03408527374267578,0.0376589298248291,0.042903780937194824,0.9997096117879696,0.9996455455078157,0.9995399751741352,0.9915328385794584,0.9906513375035093,0.9893597364642401,0.04206395149230957,0.03818058967590332,0.043332815170288086,0.9995578027048329,0.9996356602312408,0.9995307320071667,-1.0210081338882446,1.3146569728851318,0.030796226114034653,0.42020089285714285,0.4594206733822971,0.344510555267334
5,client_6,False,orig,raw,pretrained,0.951086699962616,0.11770367622375488,0.0376741886138916,0.06182992458343506,0.9965454378420653,0.999645258287615,0.9990449497494207,0.9712111899408149,0.9906475761935805,0.9847199203762904,0.12286460399627686,0.036887168884277344,0.06298446655273438,0.9962367278030757,0.9996599209581591,0.9990089764559946,-0.9599307179450989,0.8711382746696472,-0.01835864782333374,0.53515625,0.7105988689383325,0.488300085067749
5,client_7,False,orig,raw,pretrained,0.9457854628562927,0.10520672798156738,0.0844794511795044,0.041359901428222656,0.9972386183868489,0.9982181903049281,0.9995724767700542,0.9742083485250526,0.9792101013470846,0.9897396708595003,0.09218239784240723,0.08426392078399658,0.04073894023895264,0.9978789814763913,0.9982272584070386,0.9995852137679788,-0.808985710144043,1.0690125226974487,0.07882977277040482,0.3153698979591837,0.7491162899634443,0.36230170726776123
5,client_8,False,orig,raw,pretrained,0.9398012757301331,0.031847476959228516,0.06957828998565674,0.08355462551116943,0.9997464827663953,0.9987908131113108,0.9982569381965714,0.9920854273402151,0.9828297955837286,0.9794341711891379,0.03568220138549805,0.07048475742340088,0.0845876932144165,0.9996817710987127,0.9987591307714909,0.9982136275003335,-0.8045820593833923,1.0687198638916016,0.02565777115523815,0.43925382653061223,0.629064562490361,0.3466278314590454
5,client_9,False,orig,raw,pretrained,0.9446380138397217,0.02770066261291504,0.019285082817077637,0.05152261257171631,0.9998081959187752,0.9999070278785551,0.9993366852732144,0.9931106401883696,0.9951961078466036,0.9872427378241233,0.04059791564941406,0.019534945487976074,0.053328633308410645,0.9995880796143164,0.9999046033021428,0.999289393166322,-0.7996439337730408,0.8804712295532227,0.037763357162475586,0.35801977040816324,0.5045275971059463,0.33825933933258057
5,client_0,True,orig,clip01,random,0.9602695107460022,0.06315779685974121,0.05891406536102295,0.05938708782196045,0.9990035185326742,0.9991328476039094,0.9991188761680094,0.9843956140335086,0.9854326237663875,0.9853169535487436,0.06312644481658936,0.058800697326660156,0.05862569808959961,0.9990045068714983,0.9991361795463514,0.9991413102931923,-0.9350703954696655,0.8036404848098755,-0.03732207790017128,0.5808354591836735,-0.5522301924690648,
5,client_1,True,orig,clip01,random,0.8942915201187134,0.17872285842895508,0.169633150100708,0.042106032371520996,0.9920621115678296,0.9928447799829172,0.9995569178059687,0.9567738780888577,0.9589040145309466,0.9895560276396584,0.16356563568115234,0.16715562343597412,0.04140615463256836,0.9933449755133767,0.9930511778221791,0.9995715203355944,-1.1636438369750977,0.8118393421173096,-0.09827146679162979,0.6871014030612245,-0.6160459340041559,
5,client_2,False,orig,clip01,random,0.9465106725692749,0.06284105777740479,0.044908761978149414,0.034639596939086914,0.999013480887925,0.9994959913740415,0.9997000920566441,0.9844729566835879,0.988866655834292,0.9913960285408823,0.08672642707824707,0.045198917388916016,0.03577864170074463,0.9981222802851282,0.999489460039324,0.9996800489967452,-0.9750685691833496,0.8244795203208923,0.008349725045263767,0.46580038265306123,0.5457921995457513,
5,client_3,False,orig,clip01,random,0.9505485892295837,0.08822572231292725,0.061060547828674316,0.06367194652557373,0.9980568918870283,0.9990685535812733,0.9989872407259064,0.9783032290151716,0.9849078986905488,0.9842700862708142,0.10599267482757568,0.06175243854522705,0.06603860855102539,0.9971972935716467,0.9990473403018507,0.9989106164321746,-0.7332744002342224,1.0917203426361084,0.028064535930752754,0.4356664540816326,0.6057246700888405,
5,client_4,False,orig,clip01,random,0.9264995455741882,0.053873658180236816,0.021784067153930664,0.0260239839553833,0.9992748019144717,0.999881374159683,0.9998307095622849,0.9866664427569845,0.9945761483849012,0.9935256151408141,0.055652618408203125,0.021143555641174316,0.02676987648010254,0.9992261459473537,0.9998882468811658,0.9998208674982909,-1.116623044013977,1.0042234659194946,-0.0034911546390503645,0.4768016581632653,0.5440506452500337,
5,client_5,False,orig,clip01,random,0.9622973799705505,0.05083417892456055,0.026897072792053223,0.034229397773742676,0.9993542844453109,0.9998191613995004,0.9997071514181408,0.9874115842746958,0.9933094947671073,0.9914972652444691,0.06089949607849121,0.02749502658843994,0.03446090221405029,0.9990734572096882,0.9998110326639902,0.9997031776488463,-1.0210081338882446,1.3146569728851318,0.030796226114034653,0.42020089285714285,0.4594206733822971,
5,client_6,False,orig,clip01,random,0.951086699962616,0.07735443115234375,0.0496068000793457,0.03553056716918945,0.9985057496990957,0.9993850750932987,0.9996844693887352,0.980938364470306,0.9877127208954355,0.991176191488836,0.09174692630767822,0.048956990242004395,0.03647410869598389,0.9978989420967681,0.999401072448411,0.9996674927927802,-0.9599307179450989,0.8711382746696472,-0.01835864782333374,0.53515625,0.7105988689383325,
5,client_7,False,orig,clip01,random,0.9457854628562927,0.07606256008148193,0.10421490669250488,0.037697792053222656,0.998555189259638,0.9972903326595732,0.9996448137649125,0.9812522143293598,0.9744468128464341,0.9906417579594944,0.07047736644744873,0.10484516620635986,0.03817129135131836,0.9987593907488002,0.997257526746167,0.9996358376204177,-0.808985710144043,1.0690125226974487,0.07882977277040482,0.3153698979591837,0.7491162899634443,
5,client_8,False,orig,clip01,random,0.9398012757301331,0.054530978202819824,0.05257093906402588,0.12390923500061035,0.9992570073925133,0.9993094319633409,0.9961726474713806,0.9865054088841152,0.9869857066314836,0.9697280448527184,0.08200329542160034,0.05476522445678711,0.127691388130188,0.9983209822128378,0.9992506139987947,0.9959361561304427,-0.8045820593833923,1.0687198638916016,0.02565777115523815,0.43925382653061223,0.629064562490361,
5,client_9,False,orig,clip01,random,0.9446380138397217,0.05280566215515137,0.025832533836364746,0.029529094696044922,0.9993032548158289,0.99983319092079,0.9997820437768532,0.9869281704232158,0.9935730152491595,0.9926584028869636,0.052930355072021484,0.02552652359008789,0.02975606918334961,0.9992999621351517,0.9998371190487416,0.9997786808301872,-0.7996439337730408,0.8804712295532227,0.037763357162475586,0.35801977040816324,0.5045275971059463,
5,client_0,True,orig,clip01,pretrained,0.9602695107460022,0.04259634017944336,0.06471633911132812,0.046781182289123535,0.9995465422278698,0.9989537705360492,0.9994531046704314,0.9894353773237812,0.9840151755871509,0.9884065084905271,0.04599630832672119,0.06477940082550049,0.04772651195526123,0.9994712946457358,0.9989517321864556,0.9994307881326212,-0.9350703954696655,0.8036404848098755,-0.03732207790017128,0.5808354591836735,-0.5522301924690648,
5,client_1,True,orig,clip01,pretrained,0.8942915201187134,0.14586305618286133,0.17743229866027832,0.04457437992095947,0.9947021373462315,0.9921756655215548,0.9995034661506292,0.9645082322411065,0.9570758823057504,0.9889488640621715,0.11093425750732422,0.17788589000701904,0.045305490493774414,0.996930482448406,0.9921358464329741,0.9994870505561462,-1.1636438369750977,0.8118393421173096,-0.09827146679162979,0.6871014030612245,-0.6160459340041559,
5,client_2,False,orig,clip01,pretrained,0.9465106725692749,0.06131911277770996,0.0186309814453125,0.08722865581512451,0.9990606539057343,0.9999132272801385,0.9981005008220243,0.9848447186878406,0.9953584760426322,0.9785444690634795,0.07938504219055176,0.018709421157836914,0.08999037742614746,0.9984263634894925,0.9999124951332354,0.9979785030713588,-0.9750685691833496,0.8244795203208923,0.008349725045263767,0.46580038265306123,0.5457921995457513,
5,client_3,False,orig,clip01,pretrained,0.9505485892295837,0.03513681888580322,0.04266643524169922,0.03273475170135498,0.9996914224233515,0.9995450491208311,0.9997321628224995,0.9912733355032346,0.9894181307960799,0.9918662735109958,0.0394594669342041,0.04261374473571777,0.03299272060394287,0.9996108512322259,0.9995461717192031,0.9997279256278941,-0.7332744002342224,1.0917203426361084,0.028064535930752754,0.4356664540816326,0.6057246700888405,
5,client_4,False,orig,clip01,pretrained,0.9264995455741882,0.056233882904052734,0.030408382415771484,0.060838937759399414,0.9992099061022497,0.999768872642427,0.9990752977199924,0.986088405331272,0.9924410332863387,0.984962053658389,0.05907559394836426,0.03020453453063965,0.061881422996520996,0.9991280891414556,0.9997719605324578,0.9990433592980033,-1.116623044013977,1.0042234659194946,-0.0034911546390503645,0.4768016581632653,0.5440506452500337,
5,client_5,False,orig,clip01,pretrained,0.9622973799705505,0.034316182136535645,0.035794734954833984,0.04500436782836914,0.9997056649019092,0.9996797611728636,0.9994938439467191,0.9914758456653843,0.9911110250670454,0.9888431529070074,0.03945803642272949,0.0361558198928833,0.045421481132507324,0.9996108794388521,0.9996732692587982,0.9994844217154975,-1.0210081338882446,1.3146569728851318,0.030796226114034653,0.42020089285714285,0.4594206733822971,
5,client_6,False,orig,clip01,pretrained,0.951086699962616,0.12381398677825928,0.037892818450927734,0.06268250942230225,0.9961785124614939,0.9996411301973935,0.9990184489344522,0.9697507837250885,0.9905936860277422,0.9845116750973146,0.13308990001678467,0.03739047050476074,0.06376862525939941,0.9955864339690721,0.9996505797767554,0.9989841652128715,-0.9599307179450989,0.8711382746696472,-0.01835864782333374,0.53515625,0.7105988689383325,
5,client_7,False,orig,clip01,pretrained,0.9457854628562927,0.12589216232299805,0.10376667976379395,0.0372769832611084,0.9960495346834848,0.9973135441354353,0.9996526971207447,0.9692548368892786,0.9745546091282269,0.9907454947743861,0.11240887641906738,0.10371065139770508,0.03675425052642822,0.9968485298280494,0.9973164385921647,0.9996623667885829,-0.808985710144043,1.0690125226974487,0.07882977277040482,0.3153698979591837,0.7491162899634443,
5,client_8,False,orig,clip01,pretrained,0.9398012757301331,0.03549528121948242,0.07741129398345947,0.09381437301635742,0.9996850956461345,0.9985035545279328,0.9978033415614134,0.9911848965156587,0.9809245535573596,0.9769527072154156,0.0371546745300293,0.07799232006072998,0.09468424320220947,0.9996549718494818,0.9984810321729762,0.9977624854846119,-0.8045820593833923,1.0687198638916016,0.02565777115523815,0.43925382653061223,0.629064562490361,
5,client_9,False,orig,clip01,pretrained,0.9446380138397217,0.03154945373535156,0.015367627143859863,0.05085122585296631,0.9997512044264341,0.9999409616232695,0.9993538515091716,0.9921590543581733,0.9961691355844029,0.987407402791741,0.04476189613342285,0.015514850616455078,0.052396535873413086,0.9994992812826049,0.9999398250684921,0.9993140039046793,-0.7996439337730408,0.8804712295532227,0.037763357162475586,0.35801977040816324,0.5045275971059463,
5,client_0,True,flip,raw,random,0.9299595952033997,0.07728850841522217,0.03753936290740967,0.06797075271606445,0.9985082926149906,0.9996477921235976,0.9988459939655792,0.9809543762294717,0.9906808116348698,0.9832214879311858,0.0452275276184082,0.0371859073638916,0.06694197654724121,0.9994888137545535,0.9996543916833653,0.9988806335690634,-0.9664279222488403,0.8993239402770996,-0.0032794615253806114,0.5199298469387755,-0.5522301924690648,
5,client_1,True,flip,raw,random,0.9564652442932129,0.13795113563537598,0.11138522624969482,0.044898271560668945,0.9952592945265653,0.9969055334547421,0.9994962267243601,0.9663845226142469,0.9727248186090318,0.9888692347601411,0.12133526802062988,0.11093795299530029,0.04445803165435791,0.9963295736264919,0.9969302784100311,0.999506053918763,-0.9645605087280273,0.9608381390571594,0.05552606284618378,0.3356186224489796,-0.6160459340041559,
5,client_2,False,flip,raw,random,0.9221038818359375,0.19058263301849365,0.056529998779296875,0.09490501880645752,0.9909810396468197,0.9992015682520397,0.9977520564976643,0.9540052599443443,0.9860159201272647,0.9766894743108039,0.18938732147216797,0.05635702610015869,0.09547615051269531,0.9910930619065375,0.9992064440173289,0.9977249654801714,-0.7378453612327576,0.7960082292556763,-0.01319348905235529,0.5375478316326531,0.5457921995457513,
5,client_3,False,flip,raw,random,0.9250722527503967,0.099800705909729,0.05313575267791748,0.1055067777633667,0.9975145974396205,0.9992945214443469,0.9972228778658068,0.9755091860395919,0.9868472659068324,0.9741362245971712,0.08185172080993652,0.052784085273742676,0.10483276844024658,0.9983271756752021,0.999303823795261,0.9972581739592556,-0.7781176567077637,0.6927604079246521,-0.023403596132993698,0.5608258928571429,0.6057246700888405,
5,client_4,False,flip,raw,random,0.8913376927375793,0.13186967372894287,0.06628298759460449,0.06727969646453857,0.9956667319301176,0.998902545531569,0.9988693203546692,0.9678304532287321,0.983632980762337,0.9833899426295187,0.13730478286743164,0.06628179550170898,0.06812036037445068,0.9953034581664502,0.9989025849739346,0.9988409127253586,-0.8765276074409485,0.8837233781814575,0.002227426739409566,0.4803890306122449,0.5440506452500337,
5,client_5,False,flip,raw,random,0.8944959044456482,0.1772470474243164,0.05245232582092285,0.1187140941619873,0.9921918994839225,0.9993125430326961,0.996486029520748,0.9571192447479839,0.9870147834709777,0.9709694653105299,0.21094012260437012,0.05326986312866211,0.1215362548828125,0.9889682004197491,0.9992909577022031,0.9963174373715329,-0.8506381511688232,0.748812735080719,-0.03857291862368584,0.6388711734693877,0.4594206733822971,
5,client_6,False,flip,raw,random,0.9223967790603638,0.30641186237335205,0.043335676193237305,0.38498830795288086,0.9769348782393816,0.9995306700606641,0.963951294104167,0.9275869983957761,0.9892534902307131,0.9102867352011605,0.35146427154541016,0.04283595085144043,0.4061635136604309,0.9698192696801231,0.9995414281058987,0.9599998531727529,-0.7956691384315491,0.7581968307495117,0.0010660357074812055,0.5145886479591837,0.7105988689383325,
5,client_7,False,flip,raw,random,0.7490960955619812,0.333882212638855,0.16291534900665283,0.0767822265625,0.9727027286229633,0.9933975251420677,0.9985277500846084,0.9214829977886763,0.9604828857153249,0.9810773584581713,0.32991182804107666,0.1660318374633789,0.07505440711975098,0.9733351106397483,0.9931438180407932,0.9985931950835898,-0.8200863003730774,0.8939799070358276,-0.07444687932729721,0.7454559948979592,0.7491162899634443,
5,client_8,False,flip,raw,random,0.8975667357444763,0.18900465965270996,0.06417512893676758,0.09878206253051758,0.9911287792857462,0.9989711827455108,0.9975649821784678,0.9543729369363172,0.9841472593820939,0.9757545915991921,0.1862790584564209,0.0635836124420166,0.10050749778747559,0.9913811501745124,0.9989900467144601,0.9974793361978638,-1.199283242225647,0.8518952131271362,-0.029370402917265892,0.6084183673469388,0.629064562490361,
5,client_9,False,flip,raw,random,0.8605908751487732,0.08448374271392822,0.09974420070648193,0.12855976819992065,0.9982180095114144,0.9975174057741276,0.9958808663745615,0.9792090617592037,0.9755227965126287,0.9686187832984761,0.11754429340362549,0.10143774747848511,0.13026535511016846,0.996554762995262,0.9974325504379065,0.9957711944884076,-0.8500065803527832,0.773378849029541,-0.05776778981089592,0.6525031887755102,0.5045275971059463,
5,client_0,True,flip,raw,pretrained,0.9299595952033997,0.130823016166687,0.0622178316116333,0.1393667459487915,0.9957350264325322,0.9990329373383187,0.9951618553013879,0.9680796345851759,0.984625165237484,0.9660484120600539,0.13600516319274902,0.06157362461090088,0.1411060094833374,0.9953916388805812,0.999052845552826,0.9950407963870667,-0.9664279222488403,0.8993239402770996,-0.0032794615253806114,0.5199298469387755,-0.5522301924690648,0.40440845489501953
5,client_1,True,flip,raw,pretrained,0.9564652442932129,0.08770322799682617,0.09732580184936523,0.12307298183441162,0.9980798058008153,0.9976361213987095,0.9962239881986041,0.978429635279819,0.9761055863321166,0.969927713237978,0.07123339176177979,0.0975184440612793,0.1230475902557373,0.9987326568841097,0.9976267709127271,0.9962255417065262,-0.9645605087280273,0.9608381390571594,0.05552606284618378,0.3356186224489796,-0.6160459340041559,0.5152144432067871
5,client_2,False,flip,raw,pretrained,0.9221038818359375,0.14259707927703857,0.03665721416473389,0.12497925758361816,0.9949358351984252,0.9996641467844569,0.9961064535847575,0.9652820861010072,0.9908983085092833,0.9694726504020439,0.15848612785339355,0.03590989112854004,0.1288743019104004,0.9937499892899697,0.9996776978599966,0.9958607487107567,-0.7378453612327576,0.7960082292556763,-0.01319348905235529,0.5375478316326531,0.5457921995457513,0.5542123317718506
5,client_3,False,flip,raw,pretrained,0.9250722527503967,0.08510684967041016,0.026556730270385742,0.05873072147369385,0.9981916623498368,0.9998237083318713,0.9991382329762344,0.9790581369559406,0.993393733191883,0.9854774631162646,0.09322452545166016,0.026575326919555664,0.05940604209899902,0.9978308324063707,0.9998234613776786,0.9991183140026094,-0.7781176567077637,0.6927604079246521,-0.023403596132993698,0.5608258928571429,0.6057246700888405,0.48958754539489746
5,client_4,False,flip,raw,pretrained,0.8913376927375793,0.1457887887954712,0.03642070293426514,0.07256150245666504,0.9947075094440438,0.9996684655588437,0.9986850054401661,0.9645258191036674,0.9909566333644773,0.9821035266978329,0.1303478479385376,0.03630971908569336,0.0711829662322998,0.9957658538888892,0.9996704825339668,0.9987344488295988,-0.8765276074409485,0.8837233781814575,0.002227426739409566,0.4803890306122449,0.5440506452500337,0.48745691776275635
5,client_5,False,flip,raw,pretrained,0.8944959044456482,0.1223229169845581,0.03773343563079834,0.1328444480895996,0.9962697450804385,0.9996441419636304,0.9956026447686299,0.97010685535099,0.9906329719354996,0.9675984719647321,0.15040135383605957,0.03821408748626709,0.1377192735671997,0.9943687550506393,0.9996350208175526,0.9952751605895924,-0.8506381511688232,0.748812735080719,-0.03857291862368584,0.6388711734693877,0.4594206733822971,0.4493217468261719
5,client_6,False,flip,raw,pretrained,0.9223967790603638,0.11691558361053467,0.016043782234191895,0.09707033634185791,0.9965914255205013,0.9999356523685374,0.9976484928924292,0.9713997898955167,0.9960010885570554,0.9761671793605835,0.13176345825195312,0.015969514846801758,0.09784114360809326,0.9956736869898806,0.9999362466974162,0.9976110665597893,-0.7956691384315491,0.7581968307495117,0.0010660357074812055,0.5145886479591837,0.7105988689383325,0.48181378841400146
5,client_7,False,flip,raw,pretrained,0.7490960955619812,0.2578251361846924,0.11393499374389648,0.13223576545715332,0.9835864457588834,0.9967625864869516,0.9956427176151719,0.9385330394383162,0.9721135780813093,0.9677433192510343,0.3122172951698303,0.11449682712554932,0.13573694229125977,0.9760684987349653,0.9967306577901403,0.9954097350325626,-0.8200863003730774,0.8939799070358276,-0.07444687932729721,0.7454559948979592,0.7491162899634443,0.6525020599365234
5,client_8,False,flip,raw,pretrained,0.8975667357444763,0.08757328987121582,0.07767438888549805,0.08565390110015869,0.9980854832082047,0.9984933769314888,0.9981683723496138,0.9784610748220597,0.9808606565495979,0.9789256625975045,0.1200551986694336,0.07956063747406006,0.08668661117553711,0.9964064022631152,0.9984194024620632,0.9981240015768138,-1.199283242225647,0.8518952131271362,-0.029370402917265892,0.6084183673469388,0.629064562490361,0.48723965883255005
5,client_9,False,flip,raw,pretrained,0.8605908751487732,0.19306492805480957,0.06639754772186279,0.06266188621520996,0.9907462138781076,0.9988987518214696,0.9990190942343478,0.9534273013208736,0.9836050417620861,0.9845167115702249,0.19367384910583496,0.06486654281616211,0.06317973136901855,0.9906881585198344,0.9989489122310309,0.999002826780397,-0.8500065803527832,0.773378849029541,-0.05776778981089592,0.6525031887755102,0.5045275971059463,0.4957733154296875
5,client_0,True,flip,clip01,random,0.9299595952033997,0.1010204553604126,0.11261129379272461,0.13621985912322998,0.997453590531759,0.9968371967158014,0.9953771285313728,0.9752154530765058,0.9724308287578498,0.9667958210664582,0.11041522026062012,0.1135338544845581,0.13740301132202148,0.9969590730693028,0.9967852878535823,0.99529675964215,-0.9664279222488403,0.8993239402770996,-0.0032794615253806114,0.5199298469387755,-0.5522301924690648,
5,client_1,True,flip,clip01,random,0.9564652442932129,0.20248854160308838,0.19825446605682373,0.0525507926940918,0.9898278744764708,0.990245743777546,0.9993099608705258,0.9512379620631268,0.9522207073137487,0.9869906452201291,0.1987769603729248,0.20055055618286133,0.05186665058135986,0.9901946411686562,0.9900202010840056,0.9993278017197442,-0.9645605087280273,0.9608381390571594,0.05552606284618378,0.3356186224489796,-0.6160459340041559,
5,client_2,False,flip,clip01,random,0.9221038818359375,0.28619933128356934,0.06547760963439941,0.13993608951568604,0.9798328128308629,0.9989290316677348,0.9951223898407002,0.9321172115153531,0.9838294305007387,0.9659132814348026,0.2859077453613281,0.06337952613830566,0.1433570384979248,0.979873263034887,0.9989965147940947,0.9948819212265754,-0.7378453612327576,0.7960082292556763,-0.01319348905235529,0.5375478316326531,0.5457921995457513,
5,client_3,False,flip,clip01,random,0.9250722527503967,0.10210585594177246,0.034970879554748535,0.06285429000854492,0.9973986848504215,0.9996943294897305,0.9990130656957421,0.9749541848617205,0.9913142796755932,0.984469725400501,0.10471343994140625,0.0342559814453125,0.06418657302856445,0.9972643995038919,0.9997066964700096,0.9989708160664437,-0.7781176567077637,0.6927604079246521,-0.023403596132993698,0.5608258928571429,0.6057246700888405,
5,client_4,False,flip,clip01,random,0.8913376927375793,0.07303953170776367,0.05046236515045166,0.044377923011779785,0.9986676395899174,0.9993636912557307,0.9995078317350288,0.981987224428043,0.9875027939999066,0.9889971680104483,0.07050168514251709,0.049828290939331055,0.04426848888397217,0.9987585352372479,0.9993795742029801,0.9995102551848978,-0.8765276074409485,0.8837233781814575,0.002227426739409566,0.4803890306122449,0.5440506452500337,
5,client_5,False,flip,clip01,random,0.8944959044456482,0.2126774787902832,0.06323778629302979,0.19577854871749878,0.9887872684155274,0.9990009947368377,0.99048612540519,0.948879307932528,0.9843760833274273,0.9527960843254524,0.2713114023208618,0.0654522180557251,0.20585060119628906,0.9818484891357562,0.9989298614621718,0.9894899703050661,-0.8506381511688232,0.748812735080719,-0.03857291862368584,0.6388711734693877,0.4594206733822971,
5,client_6,False,flip,clip01,random,0.9223967790603638,0.12318694591522217,0.04173457622528076,0.10320663452148438,0.9962170117435021,0.9995646984546609,0.9973424066655447,0.9699004989169271,0.9896474467589287,0.9746893223033497,0.0915682315826416,0.04081368446350098,0.1034388542175293,0.997907105712962,0.9995836908208413,0.9973304577789852,-0.7956691384315491,0.7581968307495117,0.0010660357074812055,0.5145886479591837,0.7105988689383325,
5,client_7,False,flip,clip01,random,0.7490960955619812,0.2696915864944458,0.12816619873046875,0.10390019416809082,0.9820616655137149,0.9959059708017917,0.9973066404562991,0.9358418049082937,0.9687125850530809,0.9745224977253928,0.2800142765045166,0.12643218040466309,0.10690975189208984,0.9806825209880563,0.9960156722924409,0.9971486884398122,-0.8200863003730774,0.8939799070358276,-0.07444687932729721,0.7454559948979592,0.7491162899634443,
5,client_8,False,flip,clip01,random,0.8975667357444763,0.1507970094680786,0.07736635208129883,0.13050925731658936,0.9943392143258813,0.9985052896285349,0.9957553945636031,0.9633409271491962,0.9809354690765355,0.96815435100021,0.19212186336517334,0.08111417293548584,0.1349557638168335,0.990835776132684,0.9983571497672463,0.9954622383333451,-1.199283242225647,0.8518952131271362,-0.029370402917265892,0.6084183673469388,0.629064562490361,
5,client_9,False,flip,clip01,random,0.8605908751487732,0.3322064280509949,0.10212111473083496,0.18258792161941528,0.9729704861211617,0.9973979088248488,0.9917172285229265,0.9218536294592967,0.9749505126474209,0.9558702696342873,0.37982237339019775,0.10085570812225342,0.18722933530807495,0.9648867573453825,0.9974618734786247,0.9912935667533755,-0.8500065803527832,0.773378849029541,-0.05776778981089592,0.6525031887755102,0.5045275971059463,
5,client_0,True,flip,clip01,pretrained,0.9299595952033997,0.13063287734985352,0.07235312461853027,0.14352822303771973,0.9957473753460468,0.9986925398457127,0.9948697379019114,0.9681249119260158,0.9821542305167517,0.965061362105949,0.13459789752960205,0.07256054878234863,0.1462411880493164,0.9954861908323,0.9986850399717335,0.994674743598551,-0.9664279222488403,0.8993239402770996,-0.0032794615253806114,0.5199298469387755,-0.5522301924690648,
5,client_1,True,flip,clip01,pretrained,0.9564652442932129,0.0877387523651123,0.09597337245941162,0.12745904922485352,0.9980782521720664,0.9977012488464585,0.9959508863815649,0.9784210401459978,0.9764317249466565,0.9688811584810921,0.07341170310974121,0.0962299108505249,0.1278146505355835,0.9986540407125883,0.9976889645614793,0.9959283305542503,-0.9645605087280273,0.9608381390571594,0.05552606284618378,0.3356186224489796,-0.6160459340041559,
5,client_2,False,flip,clip01,pretrained,0.9221038818359375,0.13923227787017822,0.04015004634857178,0.11481297016143799,0.9951711531435041,0.9995971152230911,0.9967126231719419,0.9660803314779365,0.9900375579733776,0.9719032395124776,0.14745855331420898,0.03880739212036133,0.11822044849395752,0.9945860776708959,0.9996236028690888,0.9965151165866741,-0.7378453612327576,0.7960082292556763,-0.01319348905235529,0.5375478316326531,0.5457921995457513,
5,client_3,False,flip,clip01,pretrained,0.9250722527503967,0.0773320198059082,0.024225234985351562,0.0557788610458374,0.9985066144406833,0.9998533006400026,0.9992226331872021,0.9809438078453223,0.9939710915976592,0.9861998041797599,0.08413136005401611,0.024225234985351562,0.056414008140563965,0.9982328242472167,0.9998533006400026,0.9992048394502486,-0.7781176567077637,0.6927604079246521,-0.023403596132993698,0.5608258928571429,0.6057246700888405,
5,client_4,False,flip,clip01,pretrained,0.8913376927375793,0.14814937114715576,0.03955841064453125,0.06135058403015137,0.994535440868149,0.9996088977954218,0.9990596901237887,0.9639670577742587,0.9901832778333881,0.9848370291442261,0.1319507360458374,0.03921985626220703,0.06031942367553711,0.9956614201943521,0.9996155615993525,0.9990910119523753,-0.8765276074409485,0.8837233781814575,0.002227426739409566,0.4803890306122449,0.5440506452500337,
5,client_5,False,flip,clip01,pretrained,0.8944959044456482,0.12436914443969727,0.036878228187561035,0.12257301807403564,0.9961442654246122,0.9996600857525895,0.99625451867287,0.9696182606617902,0.9908438099987034,0.9700471168115916,0.14824724197387695,0.03776252269744873,0.1269129514694214,0.9945282481305879,0.9996435932678822,0.995985404546587,-0.8506381511688232,0.748812735080719,-0.03857291862368584,0.6388711734693877,0.4594206733822971,
5,client_6,False,flip,clip01,pretrained,0.9223967790603638,0.12883007526397705,0.01637899875640869,0.10714888572692871,0.9958635803927225,0.9999329354733635,0.9971359460928553,0.9685543673073196,0.9959177918708322,0.9737416477968308,0.1429615020751953,0.016222238540649414,0.10838627815246582,0.9949100170770615,0.9999342129903108,0.9970695602647377,-0.7956691384315491,0.7581968307495117,0.0010660357074812055,0.5145886479591837,0.7105988689383325,
5,client_7,False,flip,clip01,pretrained,0.7490960955619812,0.27397119998931885,0.12842988967895508,0.1325627565383911,0.9814958291570131,0.9958891592778165,0.9956212126120065,0.9348740624564342,0.9686497365116471,0.9676655016301163,0.3388800621032715,0.13083016872406006,0.1366056203842163,0.971896837703919,0.9957345615505551,0.9953509999248362,-0.8200863003730774,0.8939799070358276,-0.07444687932729721,0.7454559948979592,0.7491162899634443,
5,client_8,False,flip,clip01,pretrained,0.8975667357444763,0.0852426290512085,0.06728672981262207,0.07067060470581055,0.9981858955665528,0.9988690841427765,0.9987525846720777,0.9790252540151207,0.9833882279336417,0.9825637759239412,0.11133599281311035,0.06938254833221436,0.0719374418258667,0.9969082620778458,0.9987976009215556,0.9987075053916814,-1.199283242225647,0.8518952131271362,-0.029370402917265892,0.6084183673469388,0.629064562490361,
5,client_9,False,flip,clip01,pretrained,0.8605908751487732,0.21323120594024658,0.07897591590881348,0.05783653259277344,0.9887293007082347,0.9984425228739373,0.9991642580927897,0.9487513765856397,0.9805446507724469,0.9856961935874833,0.20888125896453857,0.07728767395019531,0.058339476585388184,0.9891807568821318,0.9985083247899662,0.9991496690546706,-0.8500065803527832,0.773378849029541,-0.05776778981089592,0.6525031887755102,0.5045275971059463,
5,client_0,True,flip_global,raw,random,0.9612516164779663,0.03843247890472412,0.048603177070617676,0.09036099910736084,0.9996308383834072,0.9994096942706459,0.997961843393889,0.9904606837102143,0.9879590615957432,0.9777868994291279,0.026267528533935547,0.048135995864868164,0.08959794044494629,0.9998275265497478,0.9994209830440084,0.9979960691768412,-0.8293437361717224,1.1486084461212158,0.020015472546219826,0.46699617346938777,-0.5522301924690648,
5,client_1,True,flip_global,raw,random,0.9675232768058777,0.10520541667938232,0.09966182708740234,0.0523226261138916,0.9972386870797991,0.9975214969526487,0.9993159368587783,0.9742086637445573,0.9755426384513604,0.9870465795165704,0.07745563983917236,0.09815335273742676,0.05101048946380615,0.9985018414560463,0.9975958237043518,0.9993497997356451,-0.876882791519165,1.1083635091781616,0.05531439557671547,0.33944515306122447,-0.6160459340041559,
5,client_2,False,flip_global,raw,random,0.9414058327674866,0.2519775629043579,0.05775952339172363,0.15167701244354248,0.9843138478299269,0.9991664807971186,0.994273237394512,0.9398635131863753,0.9857150344678471,0.96313295360471,0.2512052059173584,0.05782008171081543,0.1507432460784912,0.9844087361819684,0.9991647331601052,0.9943432329257409,-0.814051628112793,0.8809423446655273,-0.008731422014534473,0.5332429846938775,0.5457921995457513,
5,client_3,False,flip_global,raw,random,0.9470668435096741,0.14012789726257324,0.05221152305603027,0.12796103954315186,0.9951090585087965,0.9993188374021917,0.9959190270481726,0.9658677632930879,0.9870738177926688,0.9687614872722636,0.11921262741088867,0.051394104957580566,0.12801170349121094,0.9964565327548738,0.9993399883875969,0.9959158047363175,-0.8591434359550476,0.7916338443756104,-0.02175496146082878,0.5493463010204082,0.6057246700888405,
5,client_4,False,flip_global,raw,random,0.9235657453536987,0.10743308067321777,0.07221150398254395,0.05987703800201416,0.9971207659418984,0.9986976481640082,0.9991042872615079,0.9736733838726606,0.9821886927918717,0.9851971654049452,0.110129714012146,0.0728989839553833,0.05982184410095215,0.9969747432400016,0.9986727571971823,0.9991059367069561,-0.8582106828689575,0.8737501502037048,0.005788592621684074,0.4797512755102041,0.5440506452500337,
5,client_5,False,flip_global,raw,random,0.899386465549469,0.22327399253845215,0.056378841400146484,0.12525558471679688,0.9876527279555993,0.9992058299076512,0.996089268005913,0.9464356145013795,0.986052920431963,0.9694067126742179,0.2555091977119446,0.056134581565856934,0.1291356086730957,0.9838764332041201,0.999212692387359,0.995843998537542,-0.9054321646690369,0.7619330883026123,-0.04149308428168297,0.6333705357142857,0.4594206733822971,
5,client_6,False,flip_global,raw,random,0.9357286095619202,0.2944910526275635,0.05107617378234863,0.3223075270652771,0.978666367261567,0.9993481249992426,0.9745268393389506,0.9302547800568035,0.9873522272502231,0.9240475421511025,0.32010698318481445,0.04986739158630371,0.3508149981498718,0.9748669203972371,0.9993786005690843,0.9699281475975781,-0.7618318200111389,0.8561443090438843,0.0067479368299245834,0.5043845663265306,0.7105988689383325,
5,client_7,False,flip_global,raw,random,0.8163827657699585,0.34752845764160156,0.20167922973632812,0.0646674633026123,0.9704764640682351,0.9899084090717509,0.9989553489919896,0.9184731997767606,0.9514256886154271,0.9840271027664997,0.3881015181541443,0.21022427082061768,0.06230974197387695,0.9633821092978099,0.9890423333784792,0.9990300801505592,-0.9505090713500977,0.8251624703407288,-0.10241934657096863,0.7275988520408163,0.7491162899634443,
5,client_8,False,flip_global,raw,random,0.9072394371032715,0.2062373161315918,0.04292333126068115,0.1344667673110962,0.9894507578717402,0.9995395559767457,0.9954949518582117,0.9503691285494738,0.9893549267146506,0.967212570101224,0.19420385360717773,0.0415114164352417,0.13810968399047852,0.990637482533046,0.9995693397281935,0.9952484300931375,-1.0833534002304077,0.8467191457748413,-0.03688602149486542,0.6311383928571429,0.629064562490361,
5,client_9,False,flip_global,raw,random,0.8885272741317749,0.1085824966430664,0.14666450023651123,0.12519145011901855,0.9970589637802478,0.9946439939723952,0.9960932600635968,0.9733973662335782,0.9643184772014144,0.969422015998836,0.1318984031677246,0.14928889274597168,0.1283574104309082,0.9956648497570395,0.9944514055308751,0.9958937835678374,-0.8713860511779785,0.899109423160553,-0.05806228145956993,0.6446109693877551,0.5045275971059463,
5,client_0,True,flip_global,raw,pretrained,0.9612516164779663,0.06508338451385498,0.0416487455368042,0.13102740049362183,0.9989418787315387,0.9995664865008871,0.9957217325451533,0.9839256123117452,0.9896685723630094,0.9680309685382378,0.09435653686523438,0.04201805591583252,0.13328677415847778,0.9977779211761173,0.9995587668137333,0.9955734101348619,-0.8293437361717224,1.1486084461212158,0.020015472546219826,0.46699617346938777,-0.5522301924690648,0.31978797912597656
5,client_1,True,flip_global,raw,pretrained,0.9675232768058777,0.06207621097564697,0.06896400451660156,0.08618783950805664,0.9990373316210392,0.9988120510002692,0.9981454975109543,0.9846597577217997,0.9829794446584532,0.9787963896431138,0.06474721431732178,0.07074105739593506,0.0859684944152832,0.9989527728011944,0.9987500986277809,0.9981549117397772,-0.876882791519165,1.1083635091781616,0.05531439557671547,0.33944515306122447,-0.6160459340041559,0.46287834644317627
5,client_2,False,flip_global,raw,pretrained,0.9414058327674866,0.0863640308380127,0.0365755558013916,0.1501302719116211,0.9981379181519094,0.9996656410500664,0.9943889507186241,0.9787537372116906,0.9909184452888791,0.9634985440009656,0.10348129272460938,0.03677034378051758,0.15737378597259521,0.9973282712224241,0.9996620711259563,0.9938370087960369,-0.814051628112793,0.8809423446655273,-0.008731422014534473,0.5332429846938775,0.5457921995457513,0.4872152805328369
5,client_3,False,flip_global,raw,pretrained,0.9470668435096741,0.08943367004394531,0.015567302703857422,0.07277297973632812,0.9980033995256266,0.9999394175244498,0.9986773369005513,0.9780110858702544,0.9961195051414056,0.9820520727199091,0.09645438194274902,0.015532732009887695,0.07410681247711182,0.997678189099023,0.999939686287524,0.9986284575686442,-0.8591434359550476,0.7916338443756104,-0.02175496146082878,0.5493463010204082,0.6057246700888405,0.4326673746109009
5,client_4,False,flip_global,raw,pretrained,0.9235657453536987,0.15295875072479248,0.041721343994140625,0.08277881145477295,0.9941764660431276,0.9995649743514778,0.9982891156141613,0.9628301574634055,0.9896507035787727,0.9796221973695143,0.132002592086792,0.04142642021179199,0.08177828788757324,0.9956580205560903,0.9995711009428978,0.9983301721046824,-0.8582106828689575,0.8737501502037048,0.005788592621684074,0.4797512755102041,0.5440506452500337,0.4473881721496582
5,client_5,False,flip_global,raw,pretrained,0.899386465549469,0.13460803031921387,0.027799606323242188,0.1215965747833252,0.9954855134933223,0.999806823464515,0.9963137911799316,0.9671789787400382,0.9930861599241962,0.970280379008037,0.1647723913192749,0.027863621711730957,0.12679004669189453,0.9932469141271685,0.9998059328974365,0.9959931530208095,-0.9054321646690369,0.7619330883026123,-0.04149308428168297,0.6333705357142857,0.4594206733822971,0.43521082401275635
5,client_6,False,flip_global,raw,pretrained,0.9357286095619202,0.09722089767456055,0.015645503997802734,0.0857398509979248,0.9976412055269317,0.9999388073597133,0.9981646996548854,0.9761308781436226,0.9961000687966899,0.9789048513557488,0.10978484153747559,0.015360236167907715,0.0882256031036377,0.9969936181469301,0.9999410183954687,0.9980568971303674,-0.7618318200111389,0.8561443090438843,0.0067479368299245834,0.5043845663265306,0.7105988689383325,0.4639166593551636
5,client_7,False,flip_global,raw,pretrained,0.8163827657699585,0.29129791259765625,0.1346585750579834,0.12243998050689697,0.9791192615249809,0.9954821340159117,0.9962626219628576,0.9309713388153291,0.967166959978158,0.9700788931544007,0.3112846612930298,0.1341571807861328,0.12576758861541748,0.9762086993032364,0.9955156024220702,0.9960573258761527,-0.9505090713500977,0.8251624703407288,-0.10241934657096863,0.7275988520408163,0.7491162899634443,0.6406239867210388
5,client_8,False,flip_global,raw,pretrained,0.9072394371032715,0.09258365631103516,0.03637802600860596,0.056853294372558594,0.9978605059365651,0.9996692418795541,0.9991924152084628,0.9772498748663845,0.9909671582569106,0.9859367908223666,0.10814833641052246,0.036997079849243164,0.05800056457519531,0.9970823844640542,0.9996578918245262,0.9991595138163234,-1.0833534002304077,0.8467191457748413,-0.03688602149486542,0.6311383928571429,0.629064562490361,0.48839569091796875
5,client_9,False,flip_global,raw,pretrained,0.8885272741317749,0.15343594551086426,0.056441664695739746,0.05624651908874512,0.9941402334085729,0.9992040600814416,0.9992095511926002,0.96271746212851,0.9860375422920398,0.9860853119990014,0.14699363708496094,0.05522024631500244,0.056403160095214844,0.9946200248636277,0.999238116729098,0.9992051450468931,-0.8713860511779785,0.899109423160553,-0.05806228145956993,0.6446109693877551,0.5045275971059463,0.4519449472427368
5,client_0,True,flip_global,clip01,random,0.9612516164779663,0.033214569091796875,0.04591083526611328,0.11064410209655762,0.9997242551397145,0.9994732569875477,0.9969464817292948,0.9917477905151892,0.988620356322742,0.9729025921166827,0.042969584465026855,0.04595518112182617,0.11138021945953369,0.999538563457739,0.9994722393236564,0.9969058109964273,-0.8293437361717224,1.1486084461212158,0.020015472546219826,0.46699617346938777,-0.5522301924690648,
5,client_1,True,flip_global,clip01,random,0.9675232768058777,0.1444385051727295,0.16182160377502441,0.060900211334228516,0.9948047120442889,0.9934854478099275,0.9990734354604665,0.9648456565424033,0.9607403160658259,0.9849470797560764,0.1648406982421875,0.16493499279022217,0.06122016906738281,0.9932413423634898,0.9932336470841971,0.9990636807654403,-0.876882791519165,1.1083635091781616,0.05531439557671547,0.33944515306122447,-0.6160459340041559,
5,client_2,False,flip_global,clip01,random,0.9414058327674866,0.26556968688964844,0.061597585678100586,0.1693708896636963,0.9825986799249717,0.9990521087728463,0.9928667690270063,0.9367753084995518,0.9847766810063328,0.958965579914941,0.27894628047943115,0.06063401699066162,0.17191100120544434,0.980827474062054,0.9990815122019163,0.9926523952834716,-0.814051628112793,0.8809423446655273,-0.008731422014534473,0.5332429846938775,0.5457921995457513,
5,client_3,False,flip_global,clip01,random,0.9470668435096741,0.11121928691864014,0.021838784217834473,0.09362971782684326,0.9969147253955233,0.9998807775375418,0.997811966251017,0.9727646182513492,0.9945625804082736,0.976997285226195,0.12769150733947754,0.021813273429870605,0.09635365009307861,0.9959361485657903,0.9998810558874107,0.9976830276929625,-0.8591434359550476,0.7916338443756104,-0.02175496146082878,0.5493463010204082,0.6057246700888405,
5,client_4,False,flip_global,clip01,random,0.9235657453536987,0.10170853137969971,0.05531930923461914,0.05219531059265137,0.9974188513238786,0.9992353822699669,0.9993192601430119,0.9750498131900789,0.9863123312254338,0.9870777925710434,0.07878303527832031,0.05462074279785156,0.051244378089904785,0.9984501123131893,0.9992545606364547,0.999343826530299,-0.8582106828689575,0.8737501502037048,0.005788592621684074,0.4797512755102041,0.5440506452500337,
5,client_5,False,flip_global,clip01,random,0.899386465549469,0.23237943649291992,0.04762399196624756,0.17350345849990845,0.9866354381666467,0.9994332298839381,0.9925164078180368,0.9443433289810266,0.988199492844003,0.9579961533110826,0.2835530638694763,0.04810130596160889,0.1803484559059143,0.9801984959415888,0.9994218169354159,0.991917935231817,-0.9054321646690369,0.7619330883026123,-0.04149308428168297,0.6333705357142857,0.4594206733822971,
5,client_6,False,flip_global,clip01,random,0.9357286095619202,0.09655189514160156,0.03721821308135986,0.11556029319763184,0.9976735003285557,0.9996537910755117,0.9966697958148325,0.9762921940685922,0.9907599839609849,0.9717242556688821,0.07763814926147461,0.03644859790802002,0.11689615249633789,0.9984947808710924,0.9996679576399237,0.9965925555245025,-0.7618318200111389,0.8561443090438843,0.0067479368299245834,0.5043845663265306,0.7105988689383325,
5,client_7,False,flip_global,clip01,random,0.8163827657699585,0.3038738965988159,0.1461794376373291,0.11026895046234131,0.9773088821701987,0.9946792218725489,0.9969671061914978,0.9281540097808083,0.9644333170377752,0.9729925983644223,0.3542342185974121,0.14280736446380615,0.11321282386779785,0.9693527182733233,0.9949209451238323,0.99680339857,-0.9505090713500977,0.8251624703407288,-0.10241934657096863,0.7275988520408163,0.7491162899634443,
5,client_8,False,flip_global,clip01,random,0.9072394371032715,0.09304201602935791,0.04757213592529297,0.06961715221405029,0.9978393036708899,0.9994344629595979,0.9987894632036067,0.9771391839216075,0.9882122281375116,0.9828203293170867,0.11805325746536255,0.04823720455169678,0.07000160217285156,0.9965249407887509,0.9994185467147687,0.9987760685918443,-1.0833534002304077,0.8467191457748413,-0.03688602149486542,0.6311383928571429,0.629064562490361,
5,client_9,False,flip_global,clip01,random,0.8885272741317749,0.2656693458557129,0.0925149917602539,0.15368396043777466,0.9825857884398035,0.9978636731809423,0.9941213582457114,0.9367527218093596,0.9772664585380273,0.9626588982204851,0.31113576889038086,0.09102451801300049,0.15854507684707642,0.9762310459018129,0.9979318478330506,0.9937453608762288,-0.8713860511779785,0.899109423160553,-0.05806228145956993,0.6446109693877551,0.5045275971059463,
5,client_0,True,flip_global,clip01,pretrained,0.9612516164779663,0.06938064098358154,0.0457611083984375,0.1326136589050293,0.9987976669696976,0.9994766857237185,0.9956178602355352,0.9828779420884142,0.9886571518272136,0.9676533886860479,0.09242844581604004,0.04600834846496582,0.13493764400482178,0.9978676619025515,0.9994710179281969,0.9954634526258954,-0.8293437361717224,1.1486084461212158,0.020015472546219826,0.46699617346938777,-0.5522301924690648,
5,client_1,True,flip_global,clip01,pretrained,0.9675232768058777,0.061103105545043945,0.07142984867095947,0.09327507019042969,0.9990672556465889,0.998725663442102,0.9978284834312321,0.9848974993507478,0.9823789351614165,0.9770829100477392,0.061595797538757324,0.07267212867736816,0.0924522876739502,0.9990521637662968,0.9986809967107035,0.9978665634513346,-0.876882791519165,1.1083635091781616,0.05531439557671547,0.33944515306122447,-0.6160459340041559,
5,client_2,False,flip_global,clip01,pretrained,0.9414058327674866,0.08957970142364502,0.039286255836486816,0.14537334442138672,0.9979968837288595,0.9996142591589487,0.9947375107663639,0.9779757769350934,0.9902503203635082,0.9646242071457289,0.09843075275421143,0.03936564922332764,0.15082204341888428,0.9975822398715521,0.9996126989536886,0.9943373426568223,-0.814051628112793,0.8809423446655273,-0.008731422014534473,0.5332429846938775,0.5457921995457513,
5,client_3,False,flip_global,clip01,pretrained,0.9470668435096741,0.08209705352783203,0.014742016792297363,0.06467163562774658,0.9983171454729618,0.9999456704491005,0.9989552142921609,0.9797874728512506,0.99632465845067,0.9840260845841824,0.08553206920623779,0.014598608016967773,0.06547880172729492,0.9981735720286986,0.9999467222899734,0.998928992702365,-0.8591434359550476,0.7916338443756104,-0.02175496146082878,0.5493463010204082,0.6057246700888405,
5,client_4,False,flip_global,clip01,pretrained,0.9235657453536987,0.16574370861053467,0.04300737380981445,0.07404971122741699,0.9931674716048964,0.9995377517671478,0.9986305682028678,0.9598176664716931,0.9893342510565633,0.9817415204885325,0.13889026641845703,0.04241490364074707,0.07262527942657471,0.9951947617846675,0.9995503956529219,0.9986826951156267,-0.8582106828689575,0.8737501502037048,0.005788592621684074,0.4797512755102041,0.5440506452500337,
5,client_5,False,flip_global,clip01,pretrained,0.899386465549469,0.13324248790740967,0.027953147888183594,0.11305904388427734,0.9955763414634355,0.9998046839967609,0.9968120559675939,0.9675037686365595,0.9930481730658456,0.9723234992633163,0.15831005573272705,0.028012752532958984,0.11679911613464355,0.9937638036366243,0.9998038502846953,0.9965981958297465,-0.9054321646690369,0.7619330883026123,-0.04149308428168297,0.6333705357142857,0.4594206733822971,
5,client_6,False,flip_global,clip01,pretrained,0.9357286095619202,0.10611116886138916,0.016532182693481445,0.09111583232879639,0.9971910367390044,0.9999316752352545,0.9979277027334521,0.9739909695067193,0.9958797312524266,0.977604471669701,0.11263680458068848,0.016207575798034668,0.09326839447021484,0.9968357669635428,0.999934331856096,0.997828793745732,-0.7618318200111389,0.8561443090438843,0.0067479368299245834,0.5043845663265306,0.7105988689383325,
5,client_7,False,flip_global,clip01,pretrained,0.8163827657699585,0.3109186887741089,0.16319787502288818,0.11587750911712646,0.9762636087090188,0.993374719436332,0.9966515337392785,0.9265814036911002,0.9604164055592335,0.9716482974280745,0.34387171268463135,0.16364991664886475,0.11814212799072266,0.9710810175364641,0.9933381497554385,0.9965197204391865,-0.9505090713500977,0.8251624703407288,-0.10241934657096863,0.7275988520408163,0.7491162899634443,
5,client_8,False,flip_global,clip01,pretrained,0.9072394371032715,0.09259164333343506,0.0332561731338501,0.05130898952484131,0.9978601373728744,0.9997235640631252,0.9993421716325015,0.9772479458903403,0.9917375180832624,0.9872951267527141,0.10248064994812012,0.03353762626647949,0.05169522762298584,0.9973795904288127,0.9997188661973397,0.9993322354810374,-1.0833534002304077,0.8467191457748413,-0.03688602149486542,0.6311383928571429,0.629064562490361,
5,client_9,False,flip_global,clip01,pretrained,0.8885272741317749,0.1604933738708496,0.06945812702178955,0.04428577423095703,0.9935914391307643,0.9987949823077702,0.9995098727933021,0.9610530754923825,0.9828590663782315,0.9890198263612981,0.14692020416259766,0.06802046298980713,0.04380941390991211,0.9946253771346047,0.9988443068522634,0.9995203564266013,-0.8713860511779785,0.899109423160553,-0.05806228145956993,0.6446109693877551,0.5045275971059463,
6,client_0,True,orig,raw,random,0.926679253578186,0.1483370065689087,0.03457772731781006,0.2258877158164978,0.9945216470298477,0.9997011621883187,0.9873647150101363,0.9639226644160095,0.9914112969022202,0.9458343102665985,0.18901187181472778,0.03518486022949219,0.23646479845046997,0.9911281067578301,0.9996905782278,0.9861663254228961,-1.1399329900741577,0.9068883061408997,-0.010382345877587795,0.5818718112244898,-0.5785144819344827,
6,client_1,True,orig,raw,random,0.9365893602371216,0.42389583587646484,0.03412032127380371,0.3848627805709839,0.9565481935415276,0.999709014439099,0.9639741585384216,0.9018996357184461,0.991524187815574,0.9103139842498971,0.4707708954811096,0.03357517719268799,0.41380244493484497,0.946815217353792,0.9997182364263244,0.9585287057461063,-1.1186881065368652,0.9705113172531128,-0.00363539787940681,0.5771683673469388,-0.6665644052300066,
6,client_2,False,orig,raw,random,0.9296600818634033,0.05575597286224365,0.0358433723449707,0.031055212020874023,0.999223270650899,0.9996788905191847,0.9997589370439701,0.9862054081837279,0.9910990276179534,0.9922811754782195,0.045697689056396484,0.03531968593597412,0.029322504997253418,0.9994781346513635,0.9996882028786327,0.9997850823236656,-1.021834373474121,1.081320881843567,0.04034142568707466,0.39453125,0.5644693645639017,
6,client_3,False,orig,raw,random,0.9169626235961914,0.04573380947113037,0.04142141342163086,0.033084988594055176,0.9994773096621901,0.9995712045766265,0.9997264020372909,0.9886638607832057,0.9897245291424361,0.9917797861900612,0.04123401641845703,0.04073798656463623,0.03298509120941162,0.999575074442409,0.9995852331815072,0.9997280514192406,-1.1284762620925903,1.1387497186660767,0.020353304222226143,0.3940529336734694,0.5965490847147533,
6,client_4,False,orig,raw,random,0.9528669714927673,0.08657526969909668,0.01584947109222412,0.05061376094818115,0.998128810837172,0.9999372015244175,0.999359869292384,0.9787026041446989,0.9960493769832202,0.9874656535349273,0.07215523719787598,0.01572287082672119,0.04894411563873291,0.9986996749642318,0.9999382006977564,0.9994013872749079,-0.8342663645744324,0.9826052188873291,0.013670362532138824,0.4575095663265306,0.5317017147786275,
6,client_5,False,orig,raw,random,0.9314044713973999,0.16281306743621826,0.06363236904144287,0.06699669361114502,0.9934057718360678,0.9989884984101769,0.9988788044644041,0.9605069549190999,0.9842797481155161,0.9834589410646271,0.1722722053527832,0.06579744815826416,0.06628358364105225,0.9926216578556017,0.9989185519032635,0.9989025258101212,-1.1772922277450562,1.1678510904312134,0.01347536500543356,0.41637436224489793,0.4360289636021719,
6,client_6,False,orig,raw,random,0.9301199913024902,0.031009197235107422,0.07495439052581787,0.07571053504943848,0.9997596507563231,0.9985969380239061,0.9985685174375294,0.9922925463200585,0.9815215554704999,0.9813377621577428,0.037902235984802246,0.07592368125915527,0.07657814025878906,0.9996409518428468,0.9985604547656506,0.9985355575440888,-0.8955467343330383,0.8988141417503357,-0.027854450047016144,0.591438137755102,0.7663900704709145,
6,client_7,False,orig,raw,random,0.9068344831466675,0.049404263496398926,0.048428893089294434,0.03996312618255615,0.9993900838291703,0.9994139183248998,0.9996008566632697,0.9877624263646756,0.988001849242929,0.9900835929285108,0.04110574722290039,0.047753095626831055,0.039182066917419434,0.9995777131786425,0.9994301541250084,0.9996163018620046,-0.9316954016685486,1.126176357269287,0.033589139580726624,0.3739636479591837,0.7206833547719116,
6,client_8,False,orig,raw,random,0.9382175803184509,0.07138586044311523,0.03834736347198486,0.0561833381652832,0.9987272309952095,0.9996324712681655,0.9992113249453172,0.9823896428344923,0.9904816591017158,0.9861007788059806,0.07430911064147949,0.0381770133972168,0.056409358978271484,0.9986209669809749,0.9996357284629549,0.9992049704274184,-0.8312105536460876,0.9522124528884888,-0.0032245980110019445,0.4911511479591837,0.6233356147887193,
6,client_9,False,orig,raw,random,0.9399344325065613,0.0592195987701416,0.03563082218170166,0.05164647102355957,0.9991238359542667,0.9996826866637196,0.999333493868152,0.9853579080370181,0.9911514592514192,0.9872123646806439,0.054561614990234375,0.03570413589477539,0.05128610134124756,0.9992561727624523,0.9996813798296031,0.9993427581073966,-0.8450326919555664,0.9875487089157104,0.048769813030958176,0.3718112244897959,0.5532795585672894,
6,client_0,True,orig,raw,pretrained,0.926679253578186,0.06466877460479736,0.03486371040344238,0.0670473575592041,0.9989553066586911,0.9996961996629727,0.9988771095209517,0.9840267827661724,0.9913407241355321,0.9834465882413361,0.07831072807312012,0.03592228889465332,0.06792378425598145,0.9984686185915383,0.9996774753280195,0.9988475868953597,-1.1399329900741577,0.9068883061408997,-0.010382345877587795,0.5818718112244898,-0.5785144819344827,0.38254642486572266
6,client_1,True,orig,raw,pretrained,0.9365893602371216,0.13346576690673828,0.032068729400634766,0.15528953075408936,0.9955615527245341,0.9997429487159386,0.993998442080336,0.9674506512403049,0.992030771944157,0.9622799033873413,0.13015353679656982,0.03319573402404785,0.1544276475906372,0.9957784282958262,0.9997245677210933,0.9940645804577628,-1.1186881065368652,0.9705113172531128,-0.00363539787940681,0.5771683673469388,-0.6665644052300066,0.49345678091049194
6,client_2,False,orig,raw,pretrained,0.9296600818634033,0.05419445037841797,0.05074715614318848,0.03103625774383545,0.9992661445453832,0.9993564922813496,0.9997592311623809,0.9865878483928789,0.987432930720642,0.9922858592987174,0.06721127033233643,0.05163002014160156,0.03149449825286865,0.9988716171318401,0.9993339181910494,0.9997520702564724,-1.021834373474121,1.081320881843567,0.04034142568707466,0.39453125,0.5644693645639017,0.3373345136642456
6,client_3,False,orig,raw,pretrained,0.9169626235961914,0.0625603199005127,0.0674055814743042,0.052791595458984375,0.9990222691541684,0.9988650888407773,0.9993036257790244,0.9845415160356539,0.983359253158167,0.9869316183629833,0.0573199987411499,0.06625235080718994,0.053153276443481445,0.9991791101817449,0.9989035589759525,0.9992940562911758,-1.1284762620925903,1.1387497186660767,0.020353304222226143,0.3940529336734694,0.5965490847147533,0.36457359790802
6,client_4,False,orig,raw,pretrained,0.9528669714927673,0.04129970073699951,0.03703463077545166,0.03520607948303223,0.9995737200148056,0.9996571971916766,0.9996902049904051,0.989754490124588,0.9908052463483179,0.991256246768061,0.04743838310241699,0.03768730163574219,0.03517472743988037,0.999437637253745,0.9996450113648934,0.9996907563798301,-0.8342663645744324,0.9826052188873291,0.013670362532138824,0.4575095663265306,0.5317017147786275,0.44843626022338867
6,client_5,False,orig,raw,pretrained,0.9314044713973999,0.042340874671936035,0.050907015800476074,0.057772278785705566,0.9995519631927228,0.9993524336143234,0.9991661128443363,0.9894982371093328,0.9873937181242238,0.9857119137274073,0.05450606346130371,0.05070066452026367,0.05958747863769531,0.9992576857935038,0.9993576702628604,0.9991129237180947,-1.1772922277450562,1.1678510904312134,0.01347536500543356,0.41637436224489793,0.4360289636021719,0.35541343688964844
6,client_6,False,orig,raw,pretrained,0.9301199913024902,0.05877077579498291,0.09375357627868652,0.03623974323272705,0.9991370578872307,0.9978061830585372,0.9996717510855251,0.9854676670021028,0.9769673839508726,0.9910012624125788,0.04359316825866699,0.09365880489349365,0.03531193733215332,0.9995250781512357,0.9978106088015688,0.9996883396387759,-0.8955467343330383,0.8988141417503357,-0.027854450047016144,0.591438137755102,0.7663900704709145,0.4598811864852905
6,client_7,False,orig,raw,pretrained,0.9068344831466675,0.15106451511383057,0.045035719871520996,0.10865259170532227,0.9943191984009592,0.9994931387476684,0.997055173796566,0.9632776996628123,0.9888354457704711,0.9733805375957605,0.13033175468444824,0.04293978214263916,0.10997593402862549,0.9957668960309309,0.9995392030897228,0.996983166881831,-0.9316954016685486,1.126176357269287,0.033589139580726624,0.3739636479591837,0.7206833547719116,0.5025112628936768
6,client_8,False,orig,raw,pretrained,0.9382175803184509,0.0477219820022583,0.041724443435668945,0.08581662178039551,0.9994308961346474,0.9995649097348343,0.9981614160923917,0.9881754282031496,0.9896499407186283,0.978886263235317,0.056412339210510254,0.04167830944061279,0.08805274963378906,0.9992048864689331,0.9995658710333519,0.998064492562408,-0.8312105536460876,0.9522124528884888,-0.0032245980110019445,0.4911511479591837,0.6233356147887193,0.38339340686798096
6,client_9,False,orig,raw,pretrained,0.9399344325065613,0.038796067237854004,0.035851120948791504,0.03349483013153076,0.999623822457602,0.999678751703033,0.9997195830778214,0.9903710904523941,0.9910971162797655,0.9916785944951674,0.053112030029296875,0.03631997108459473,0.03425478935241699,0.999295150897654,0.9996702964761193,0.9997067168788285,-0.8450326919555664,0.9875487089157104,0.048769813030958176,0.3718112244897959,0.5532795585672894,0.30462193489074707
6,client_0,True,orig,clip01,random,0.926679253578186,0.10835278034210205,0.06626176834106445,0.06194329261779785,0.9970713673651881,0.9989032474999591,0.9990414468013755,0.9734525202902904,0.9836381558587823,0.9846922262329627,0.11962246894836426,0.06607460975646973,0.0620497465133667,0.996432192026498,0.9989094293169718,0.9990381516676299,-1.1399329900741577,0.9068883061408997,-0.010382345877587795,0.5818718112244898,-0.5785144819344827,
6,client_1,True,orig,clip01,random,0.9365893602371216,0.13331449031829834,0.03717684745788574,0.19006836414337158,0.9955715750997061,0.9996545600259696,0.9910293199750533,0.967486639003116,0.990770182422934,0.9541250642082344,0.12814080715179443,0.037061095237731934,0.18911421298980713,0.9959075878316488,0.9996567072180262,0.9911185608392254,-1.1186881065368652,0.9705113172531128,-0.00363539787940681,0.5771683673469388,-0.6665644052300066,
6,client_2,False,orig,clip01,random,0.9296600818634033,0.08260226249694824,0.04090750217437744,0.05378067493438721,0.9982963963927227,0.9995817752967375,0.9992773017097276,0.979664993316909,0.9898510435864813,0.9866892254885105,0.0828397274017334,0.040350914001464844,0.054511308670043945,0.9982865998865948,0.9995930751683664,0.9992575429979491,-1.021834373474121,1.081320881843567,0.04034142568707466,0.39453125,0.5644693645639017,
6,client_3,False,orig,clip01,random,0.9169626235961914,0.03550839424133301,0.062013864517211914,0.062233805656433105,0.9996848629879296,0.9990392629757412,0.9990324410602773,0.9911816615260809,0.9846749871462428,0.9846212635060749,0.037587642669677734,0.06206047534942627,0.06282567977905273,0.999646885824744,0.9990378192583329,0.999013963299066,-1.1284762620925903,1.1387497186660767,0.020353304222226143,0.3940529336734694,0.5965490847147533,
6,client_4,False,orig,clip01,random,0.9528669714927673,0.05350470542907715,0.024023890495300293,0.026419997215270996,0.9992846956014683,0.9998557287839074,0.999825518772925,0.9867568481161291,0.9940209750311984,0.9934275791077309,0.045888423919677734,0.02385401725769043,0.025608301162719727,0.9994737709176613,0.9998577616408033,0.9998360738845087,-0.8342663645744324,0.9826052188873291,0.013670362532138824,0.4575095663265306,0.5317017147786275,
6,client_5,False,orig,clip01,random,0.9314044713973999,0.06922614574432373,0.03884458541870117,0.04286336898803711,0.998803010860946,0.9996228812438088,0.9995408410812672,0.9829155789744775,0.9903591358127022,0.9893696786797972,0.08283507823944092,0.03996109962463379,0.0432661771774292,0.9982867919541811,0.9996008971317978,0.9995321736890794,-1.1772922277450562,1.1678510904312134,0.01347536500543356,0.41637436224489793,0.4360289636021719,
6,client_6,False,orig,clip01,random,0.9301199913024902,0.03048527240753174,0.07839024066925049,0.06660544872283936,0.9997677025210894,0.9984655108262339,0.9988918504094428,0.9924220286298953,0.9806868315642889,0.9835543417692181,0.01767432689666748,0.07811844348907471,0.06594729423522949,0.9999219091161287,0.9984761210961799,0.9989136245672707,-0.8955467343330383,0.8988141417503357,-0.027854450047016144,0.591438137755102,0.7663900704709145,
6,client_7,False,orig,clip01,random,0.9068344831466675,0.10501444339752197,0.07010900974273682,0.11469781398773193,0.9972486822046176,0.9987723132724529,0.9967191980439094,0.9742545728021021,0.9827005318903488,0.9719308238138293,0.08871912956237793,0.07040321826934814,0.11516058444976807,0.9980351293627174,0.9987619974051867,0.996692736420479,-0.9316954016685486,1.126176357269287,0.033589139580726624,0.3739636479591837,0.7206833547719116,
6,client_8,False,orig,clip01,random,0.9382175803184509,0.037041664123535156,0.057530760765075684,0.06637716293334961,0.999657067007568,0.9991730661145852,0.9988994273504657,0.9908035122126857,0.9857710061528602,0.9836100131307948,0.050806283950805664,0.058388590812683105,0.0678262710571289,0.9993549925737628,0.9991482376317455,0.9988508905400109,-0.8312105536460876,0.9522124528884888,-0.0032245980110019445,0.4911511479591837,0.6233356147887193,
6,client_9,False,orig,clip01,random,0.9399344325065613,0.05806851387023926,0.024876117706298828,0.03247630596160889,0.9991575446015162,0.9998453126404445,0.9997363745231724,0.9856394408888438,0.9938098600092156,0.9919301012274688,0.04507124423980713,0.02420330047607422,0.03227591514587402,0.999492339108254,0.9998535661456605,0.9997396171859647,-0.8450326919555664,0.9875487089157104,0.048769813030958176,0.3718112244897959,0.5532795585672894,
6,client_0,True,orig,clip01,pretrained,0.926679253578186,0.07147741317749023,0.030645370483398438,0.06651639938354492,0.9987239673632233,0.9997652566535069,0.9988948090942711,0.9823673571429248,0.9923824594461428,0.9835760573983354,0.08876574039459229,0.031420111656188965,0.06760036945343018,0.9980330672793014,0.9997532398233349,0.9988585256780824,-1.1399329900741577,0.9068883061408997,-0.010382345877587795,0.5818718112244898,-0.5785144819344827,
6,client_1,True,orig,clip01,pretrained,0.9365893602371216,0.15794610977172852,0.03858351707458496,0.1832261085510254,0.9937923105104198,0.9996279319111678,0.9916595903285437,0.9616533099868445,0.99042346431306,0.9557211920170183,0.1403028964996338,0.040026187896728516,0.18231070041656494,0.9950968797329982,0.9995995963535949,0.9917422048119551,-1.1186881065368652,0.9705113172531128,-0.00363539787940681,0.5771683673469388,-0.6665644052300066,
6,client_2,False,orig,clip01,pretrained,0.9296600818634033,0.05225539207458496,0.053226470947265625,0.029509544372558594,0.9993176928583569,0.999292111751757,0.9997823322387045,0.9870630626304353,0.9868250327868828,0.9926632367538244,0.06665706634521484,0.05394339561462402,0.029382705688476562,0.9988901335958551,0.9992729242403486,0.9997841990854983,-1.021834373474121,1.081320881843567,0.04034142568707466,0.39453125,0.5644693645639017,
6,client_3,False,orig,clip01,pretrained,0.9169626235961914,0.07141733169555664,0.07214069366455078,0.05612516403198242,0.9987261095917166,0.9987001985846082,0.9992129563778267,0.9823819820424284,0.9822059246100439,0.9861150202634024,0.06769919395446777,0.07000887393951416,0.05636560916900635,0.9988551886804153,0.9987758145281738,0.9992062024286985,-1.1284762620925903,1.1387497186660767,0.020353304222226143,0.3940529336734694,0.5965490847147533,
6,client_4,False,orig,clip01,pretrained,0.9528669714927673,0.04197072982788086,0.03527688980102539,0.039042115211486816,0.9995597598720161,0.999688957840974,0.9996190371944766,0.9895893254985664,0.991238776125728,0.9903104676843006,0.045839667320251465,0.035616278648376465,0.038938283920288086,0.9994748881236013,0.999682945586627,0.9996210602423146,-0.8342663645744324,0.9826052188873291,0.013670362532138824,0.4575095663265306,0.5317017147786275,
6,client_5,False,orig,clip01,pretrained,0.9314044713973999,0.04550290107727051,0.05399298667907715,0.05455029010772705,0.9994825723846683,0.9992715875308458,0.9992564813377856,0.9887206113229183,0.9866372060748165,0.9865006783439096,0.05421042442321777,0.05345463752746582,0.055840373039245605,0.999265712105907,0.999286032974033,0.99922091871015,-1.1772922277450562,1.1678510904312134,0.01347536500543356,0.41637436224489793,0.4360289636021719,
6,client_6,False,orig,clip01,pretrained,0.9301199913024902,0.06196606159210205,0.09931576251983643,0.03681778907775879,0.9990407424934289,0.9975386479839299,0.9996611987162265,0.9846866642483949,0.9756260041858307,0.9908587128662985,0.050186991691589355,0.09954607486724854,0.03555464744567871,0.9993706137195446,0.9975272402473812,0.9996840416534931,-0.8955467343330383,0.8988141417503357,-0.027854450047016144,0.591438137755102,0.7663900704709145,
6,client_7,False,orig,clip01,pretrained,0.9068344831466675,0.19837403297424316,0.04980003833770752,0.13069355487823486,0.9902340610422125,0.999380277238439,0.9957434364592541,0.9521929344426558,0.9876653008712313,0.9681104625733359,0.1530834436416626,0.04589104652404785,0.13243305683135986,0.9941670090113914,0.9994737107898473,0.9956297487575465,-0.9316954016685486,1.126176357269287,0.033589139580726624,0.3739636479591837,0.7206833547719116,
6,client_8,False,orig,clip01,pretrained,0.9382175803184509,0.05569314956665039,0.049416303634643555,0.09665155410766602,0.9992250190144727,0.9993897866480077,0.9976687035210412,0.9862207902527254,0.987759471431962,0.9762681608630148,0.05999863147735596,0.04858851432800293,0.09860801696777344,0.9991006481416103,0.9994100502295071,0.9975735395977072,-0.8312105536460876,0.9522124528884888,-0.0032245980110019445,0.4911511479591837,0.6233356147887193,
6,client_9,False,orig,clip01,pretrained,0.9399344325065613,0.030428409576416016,0.035610318183898926,0.027341604232788086,0.9997685681510402,0.999683051672063,0.9998131353624222,0.9924360831836985,0.991156517374473,0.9931994846072489,0.04127681255340576,0.03628194332122803,0.02760326862335205,0.9995741922194719,0.9996709863572548,0.9998095421003617,-0.8450326919555664,0.9875487089157104,0.048769813030958176,0.3718112244897959,0.5532795585672894,
6,client_0,True,flip,raw,random,0.9150346517562866,0.07862317562103271,0.10661888122558594,0.055876970291137695,0.9984563884489237,0.9971641495580124,0.999219897768268,0.9806302796662127,0.9738689746312101,0.9861757833916938,0.09652221202850342,0.11001008749008179,0.05543994903564453,0.9976749280929693,0.9969812970573202,0.999232045615221,-0.8691746592521667,1.0338917970657349,-0.0015123133780434728,0.4496970663265306,-0.5785144819344827,
6,client_1,True,flip,raw,random,0.9293724298477173,0.09938061237335205,0.06421089172363281,0.10224628448486328,0.9975354385204835,0.9989700366570062,0.9973915386470931,0.9756103812704158,0.9841385305569934,0.9749203897983199,0.11730670928955078,0.06480550765991211,0.10141849517822266,0.9965686403275087,0.9989508877536077,0.9974335230430531,-0.9713894724845886,1.164803385734558,-0.021547658368945122,0.541374362244898,-0.6665644052300066,
6,client_2,False,flip,raw,random,0.7652430534362793,0.15767955780029297,0.04047119617462158,0.08252477645874023,0.9938131479367465,0.9995906462913526,0.998299586989505,0.9617161525415672,0.9899584722524022,0.9796837770293878,0.12515699863433838,0.03771829605102539,0.08203065395355225,0.9960954036618388,0.9996444273881446,0.9983198631062757,-0.6975516676902771,0.8532148003578186,-0.05645535886287689,0.6147959183673469,0.5644693645639017,
6,client_3,False,flip,raw,random,0.7555789947509766,0.1334381103515625,0.07652926445007324,0.08734917640686035,0.9955633858641149,0.9985374242506224,0.9980952557673504,0.9674572304132052,0.9811388148068305,0.978515304385075,0.11668610572814941,0.07554280757904053,0.08662009239196777,0.9966047587935214,0.998574846188887,0.9981268755143005,-0.9524134993553162,0.9017924070358276,-0.002814600709825754,0.5324457908163265,0.5965490847147533,
6,client_4,False,flip,raw,random,0.8826972842216492,0.11807811260223389,0.03646254539489746,0.13270282745361328,0.996523481163041,0.9996677035347823,0.9956119846273273,0.9711216021193416,0.9909463144288677,0.967632170307061,0.1372671127319336,0.03654336929321289,0.13321876525878906,0.9953060257651158,0.9996662291159835,0.9955779112817869,-0.7715084552764893,0.763922929763794,-0.010171220637857914,0.5208067602040817,0.5317017147786275,
6,client_5,False,flip,raw,random,0.8557268381118774,0.1429593563079834,0.06708240509033203,0.12978923320770264,0.9949101692873201,0.9988759362716892,0.995801953465949,0.9651962007345936,0.9834380431304295,0.9683258454237909,0.17326688766479492,0.06775355339050293,0.1339125633239746,0.9925366872481458,0.9988533510593929,0.9955318860990807,-0.9056095480918884,0.8638629913330078,-0.03253944590687752,0.5555644132653061,0.4360289636021719,
6,client_6,False,flip,raw,random,0.8972210884094238,0.13431859016418457,0.03350067138671875,0.08675277233123779,0.995504841679649,0.9997194852845221,0.998121140914535,0.9672478074793469,0.9916771523753019,0.9786596404636614,0.11821448802947998,0.03280901908874512,0.08626031875610352,0.9965154670621073,0.9997309463713382,0.9981423814785031,-0.8174741864204407,0.8419556617736816,0.017173446714878082,0.47480867346938777,0.7663900704709145,
6,client_7,False,flip,raw,random,0.8442150950431824,0.2512478828430176,0.11915457248687744,0.212549090385437,0.9844035003296054,0.9964599739879638,0.9888006881378864,0.9400297331875056,0.9708641169311047,0.9489089740805694,0.23772180080413818,0.11816298961639404,0.21775996685028076,0.9860204103100516,0.9965184944416503,0.9882497391146339,-0.892798900604248,0.9497334361076355,-0.04721508175134659,0.5994897959183674,0.7206833547719116,
6,client_8,False,flip,raw,random,0.8898569941520691,0.19802069664001465,0.07104682922363281,0.12099504470825195,0.9902685653459802,0.9987392803453663,0.9963500721654222,0.9522750105312863,0.9824721761442323,0.9704241202450881,0.15879809856414795,0.06764662265777588,0.12115812301635742,0.9937254755512599,0.998856964455239,0.9963402537604873,-0.850957989692688,0.8509347438812256,-0.002098310738801956,0.5035076530612245,0.6233356147887193,
6,client_9,False,flip,raw,random,0.8078704476356506,0.11308276653289795,0.04648315906524658,0.16225039958953857,0.9968107212068504,0.9994600477419087,0.9934510474823846,0.9723178132393924,0.9884797262031331,0.9606393797954744,0.13588166236877441,0.047434210777282715,0.163985013961792,0.9953999755293832,0.9994377361301132,0.9933109767657446,-0.7581632733345032,0.7424062490463257,-0.03685976564884186,0.5964604591836735,0.5532795585672894,
6,client_0,True,flip,raw,pretrained,0.9150346517562866,0.06598973274230957,0.06202685832977295,0.07399404048919678,0.9989122270466124,0.9990388606159368,0.9986326244012129,0.9837045053784084,0.9846718131070169,0.9817550587679784,0.05756568908691406,0.06195998191833496,0.0740048885345459,0.999172062330282,0.9990409305799701,0.9986322238495424,-0.8691746592521667,1.0338917970657349,-0.0015123133780434728,0.4496970663265306,-0.5785144819344827,0.48157358169555664
6,client_1,True,flip,raw,pretrained,0.9293724298477173,0.05342459678649902,0.0439068078994751,0.10016703605651855,0.9992868347978734,0.9995182222082535,0.9974963523720803,0.9867764789675149,0.9891130181179022,0.9754209545923371,0.05531001091003418,0.044106483459472656,0.10040163993835449,0.9992356391419495,0.999513831871605,0.9974846330797131,-0.9713894724845886,1.164803385734558,-0.021547658368945122,0.541374362244898,-0.6665644052300066,0.4882500171661377
6,client_2,False,flip,raw,pretrained,0.7652430534362793,0.11771869659423828,0.0673837661743164,0.06821203231811523,0.9965445583870576,0.9988658227075871,0.998837793699628,0.971207595921098,0.9833645714010861,0.9831626828288407,0.10016286373138428,0.06634533405303955,0.06678986549377441,0.9974965605481958,0.9989004817103904,0.9988857105746467,-0.6975516676902771,0.8532148003578186,-0.05645535886287689,0.6147959183673469,0.5644693645639017,0.5811953544616699
6,client_3,False,flip,raw,pretrained,0.7555789947509766,0.08131659030914307,0.030072927474975586,0.09566831588745117,0.9983489503634735,0.9997739430918833,0.9977158140263933,0.9799767283983398,0.9925239530128103,0.9765053120105294,0.0921400785446167,0.030305027961730957,0.09647321701049805,0.9978809253774494,0.999770440850775,0.9976772838107026,-0.9524134993553162,0.9017924070358276,-0.002814600709825754,0.5324457908163265,0.5965490847147533,0.43212890625
6,client_4,False,flip,raw,pretrained,0.8826972842216492,0.1317429542541504,0.021105051040649414,0.10750198364257812,0.9956750289682721,0.9998886535045488,0.9971170795155198,0.9678606166438082,0.994744544466271,0.9736568343893346,0.13599622249603271,0.02099287509918213,0.10951972007751465,0.9953922426532309,0.9998898339020412,0.9970080883875647,-0.7715084552764893,0.763922929763794,-0.010171220637857914,0.5208067602040817,0.5317017147786275,0.5047236680984497
6,client_5,False,flip,raw,pretrained,0.8557268381118774,0.1452503204345703,0.044245243072509766,0.12464690208435059,0.9947463787753408,0.9995107692006382,0.9961270740368047,0.9646533453209067,0.9890297927648666,0.9695519666514323,0.16754186153411865,0.044863224029541016,0.1285688877105713,0.9930191966785256,0.9994970126102851,0.9958802837715441,-0.9056095480918884,0.8638629913330078,-0.03253944590687752,0.5555644132653061,0.4360289636021719,0.3973355293273926
6,client_6,False,flip,raw,pretrained,0.8972210884094238,0.1142270565032959,0.06347322463989258,0.08820879459381104,0.9967460081232364,0.9989935477942404,0.9980576363706608,0.9720436004351218,0.9843186006449023,0.9783073239285622,0.12342453002929688,0.06432926654815674,0.08961367607116699,0.9962024472059097,0.9989662385636939,0.9979953662936305,-0.8174741864204407,0.8419556617736816,0.017173446714878082,0.47480867346938777,0.7663900704709145,0.38600385189056396
6,client_7,False,flip,raw,pretrained,0.8442150950431824,0.0672156810760498,0.0423814058303833,0.13160204887390137,0.9988714691519744,0.9995511052971122,0.9956842455929198,0.9834055494745557,0.9894882636216218,0.967894158429977,0.07363760471343994,0.0428309440612793,0.13247466087341309,0.9986457528569139,0.9995415352611985,0.9956270114988861,-0.892798900604248,0.9497334361076355,-0.04721508175134659,0.5994897959183674,0.7206833547719116,0.6029653549194336
6,client_8,False,flip,raw,pretrained,0.8898569941520691,0.10647261142730713,0.06016206741333008,0.15745782852172852,0.997171908691328,0.9990957451374403,0.9938304550781314,0.9739041184894328,0.9851274884890511,0.9617684323540383,0.1422290802001953,0.06126368045806885,0.1641920804977417,0.9949618408330134,0.9990623502769753,0.9932941585454664,-0.850957989692688,0.8509347438812256,-0.002098310738801956,0.5035076530612245,0.6233356147887193,0.4225780963897705
6,client_9,False,flip,raw,pretrained,0.8078704476356506,0.2633301019668579,0.03758227825164795,0.19466686248779297,0.9828871743867544,0.9996469865820792,0.9905931021406373,0.9372831036646283,0.9906702325330521,0.953054598403132,0.21723973751068115,0.03605771064758301,0.19681131839752197,0.9883053219463325,0.999675039596901,0.9903862125661422,-0.7581632733345032,0.7424062490463257,-0.03685976564884186,0.5964604591836735,0.5532795585672894,0.5109853744506836
6,client_0,True,flip,clip01,random,0.9150346517562866,0.09454095363616943,0.10234439373016357,0.09860372543334961,0.997769241279403,0.9973865402287887,0.9975737504133173,0.9767773314497914,0.9748967801991091,0.9757975650549762,0.0960245132446289,0.10527002811431885,0.09867262840270996,0.9976988025799796,0.9972353013810025,0.997570364550729,-0.8691746592521667,1.0338917970657349,-0.0015123133780434728,0.4496970663265306,-0.5785144819344827,
6,client_1,True,flip,clip01,random,0.9293724298477173,0.12067663669586182,0.03315138816833496,0.12247860431671143,0.9963692047571757,0.9997253029726019,0.9962602702911558,0.9705002197599835,0.9917633907887615,0.9700696676035363,0.10439622402191162,0.03237426280975342,0.12225472927093506,0.9972809149334416,0.9997380282601649,0.996273891082508,-0.9713894724845886,1.164803385734558,-0.021547658368945122,0.541374362244898,-0.6665644052300066,
6,client_2,False,flip,clip01,random,0.7652430534362793,0.20488333702087402,0.08450114727020264,0.12640655040740967,0.9895877376374371,0.9982172761996284,0.9960172826850962,0.9506827954568147,0.9792048456697815,0.969132139390787,0.14284920692443848,0.0828092098236084,0.12298977375030518,0.9949179797254184,0.9982878604420882,0.9962290778544267,-0.6975516676902771,0.8532148003578186,-0.05645535886287689,0.6147959183673469,0.5644693645639017,
6,client_3,False,flip,clip01,random,0.7555789947509766,0.147088885307312,0.025514602661132812,0.11491823196411133,0.9946130786312524,0.9998372711260055,0.9967066075068383,0.9642180197723067,0.9936517376197977,0.9718780263191398,0.13548970222473145,0.02517092227935791,0.11325502395629883,0.9954263844581737,0.9998416249824025,0.9968010207810762,-0.9524134993553162,0.9017924070358276,-0.002814600709825754,0.5324457908163265,0.5965490847147533,
6,client_4,False,flip,clip01,random,0.8826972842216492,0.12335014343261719,0.031038403511047363,0.0865105390548706,0.9962070102852993,0.999759197874964,0.9981316039736743,0.9698615297779891,0.9922853290532223,0.9787182725985759,0.09614753723144531,0.029573917388916016,0.08473014831542969,0.9976929125537957,0.9997813817046564,0.9982076136310842,-0.7715084552764893,0.763922929763794,-0.010171220637857914,0.5208067602040817,0.5317017147786275,
6,client_5,False,flip,clip01,random,0.8557268381118774,0.21824204921722412,0.18289005756378174,0.13059568405151367,0.9881981175384316,0.9916899653943139,0.9957497888594131,0.9475948651005994,0.9557996876725334,0.9681337690567156,0.27371275424957275,0.1913813352584839,0.13416290283203125,0.9815302387603844,0.9909058046875561,0.9955152211664207,-0.9056095480918884,0.8638629913330078,-0.03253944590687752,0.5555644132653061,0.4360289636021719,
6,client_6,False,flip,clip01,random,0.8972210884094238,0.22705292701721191,0.1155937910079956,0.06724178791046143,0.9872352781826963,0.996667869691046,0.9988705930729782,0.9455664307943101,0.971716234103289,0.9833991846269428,0.2226414680480957,0.1189349889755249,0.06575500965118408,0.9877219425098844,0.9964729749051049,0.9989199453636688,-0.8174741864204407,0.8419556617736816,0.017173446714878082,0.47480867346938777,0.7663900704709145,
6,client_7,False,flip,clip01,random,0.8442150950431824,0.08072400093078613,0.10738813877105713,0.18954145908355713,0.9983728972481498,0.9971231691477465,0.9910786549493016,0.9801204628236071,0.9736841784864136,0.9542478356489781,0.031383514404296875,0.10608386993408203,0.1879587173461914,0.999753814220939,0.9971924788170021,0.9912260479906336,-0.892798900604248,0.9497334361076355,-0.04721508175134659,0.5994897959183674,0.7206833547719116,
6,client_8,False,flip,clip01,random,0.8898569941520691,0.1715247631072998,0.04144752025604248,0.13221335411071777,0.9926851932259859,0.9995706640633069,0.9956441896078143,0.9584601360122786,0.9897181028210762,0.9677486530667996,0.20931226015090942,0.041675567626953125,0.13878107070922852,0.9891364273281988,0.9995659281313518,0.9952022873818138,-0.850957989692688,0.8509347438812256,-0.002098310738801956,0.5035076530612245,0.6233356147887193,
6,client_9,False,flip,clip01,random,0.8078704476356506,0.2172778844833374,0.021769165992736816,0.16587531566619873,0.9883012505693107,0.9998815363792704,0.9931566724867267,0.9478172313529425,0.9945798434157529,0.9597867298534166,0.18305349349975586,0.02107250690460205,0.16630244255065918,0.9916751994941917,0.9998889966053703,0.9931215664274351,-0.7581632733345032,0.7424062490463257,-0.03685976564884186,0.5964604591836735,0.5532795585672894,
6,client_0,True,flip,clip01,pretrained,0.9150346517562866,0.06812262535095215,0.0638953447341919,0.08067870140075684,0.9988408357126664,0.9989801270084764,0.9983747206577918,0.9831844726414634,0.9842155519009441,0.9801314516696198,0.061980247497558594,0.06337642669677734,0.08233892917633057,0.9990403035532716,0.9989966128644618,0.9983072273716236,-0.8691746592521667,1.0338917970657349,-0.0015123133780434728,0.4496970663265306,-0.5785144819344827,
6,client_1,True,flip,clip01,pretrained,0.9293724298477173,0.06273674964904785,0.04422962665557861,0.09582352638244629,0.9990167507477556,0.9995111143623883,0.9977084091267101,0.98449842906702,0.9890336328017544,0.9764678704242291,0.05797576904296875,0.0443568229675293,0.09629404544830322,0.9991602318342494,0.9995082994664406,0.9976858884019659,-0.9713894724845886,1.164803385734558,-0.021547658368945122,0.541374362244898,-0.6665644052300066,
6,client_2,False,flip,clip01,pretrained,0.7652430534362793,0.14106512069702148,0.06865787506103516,0.0712047815322876,0.9950436593702989,0.9988225648480877,0.9987336737459171,0.9656453959216935,0.9830540351146395,0.9824337231492404,0.11277878284454346,0.06725466251373291,0.0685189962387085,0.9968278039304455,0.9988701609091903,0.9988273191962294,-0.6975516676902771,0.8532148003578186,-0.05645535886287689,0.6147959183673469,0.5644693645639017,
6,client_3,False,flip,clip01,pretrained,0.7555789947509766,0.06693482398986816,0.03413105010986328,0.07944726943969727,0.9988808725576372,0.9997088314545788,0.9984238983999638,0.9834740263576065,0.9915215396451875,0.9804302456317255,0.07441294193267822,0.03437638282775879,0.08053255081176758,0.998617114474502,0.9997046315241467,0.9983805966090178,-0.9524134993553162,0.9017924070358276,-0.002814600709825754,0.5324457908163265,0.5965490847147533,
6,client_4,False,flip,clip01,pretrained,0.8826972842216492,0.128900408744812,0.016524195671081543,0.11415612697601318,0.9958590767282869,0.9999317412340016,0.9967500381613688,0.9685376074205312,0.99588171568211,0.9720605943109504,0.13944661617279053,0.016524195671081543,0.11625111103057861,0.9951563284598814,0.9999317412340016,0.9966299619769785,-0.7715084552764893,0.763922929763794,-0.010171220637857914,0.5208067602040817,0.5317017147786275,
6,client_5,False,flip,clip01,pretrained,0.8557268381118774,0.12147212028503418,0.041140079498291016,0.12148463726043701,0.9963213121898253,0.9995770077045307,0.9963205561109125,0.9703101159512011,0.9897937847976894,0.9703071251047917,0.14094221591949463,0.04191315174102783,0.1253950595855713,0.9950522600927334,0.9995609665441811,0.9960805794184333,-0.9056095480918884,0.8638629913330078,-0.03253944590687752,0.5555644132653061,0.4360289636021719,
6,client_6,False,flip,clip01,pretrained,0.8972210884094238,0.10423398017883301,0.06582748889923096,0.07993841171264648,0.997289342735965,0.9989175649794924,0.9984043746749491,0.974442226167701,0.9837440798715538,0.9803110587565822,0.11314141750335693,0.06723439693450928,0.08057022094726562,0.9968074200048298,0.9988708411297489,0.9983790831039514,-0.8174741864204407,0.8419556617736816,0.017173446714878082,0.47480867346938777,0.7663900704709145,
6,client_7,False,flip,clip01,pretrained,0.8442150950431824,0.04174530506134033,0.05254173278808594,0.12945199012756348,0.9995644746903964,0.9993101986563313,0.9958236731493946,0.9896448061059966,0.9869928661359868,0.9684061852376316,0.043509483337402344,0.05341148376464844,0.13002800941467285,0.9995268991503317,0.9992871846593281,0.9957865416698986,-0.892798900604248,0.9497334361076355,-0.04721508175134659,0.5994897959183674,0.7206833547719116,
6,client_8,False,flip,clip01,pretrained,0.8898569941520691,0.12249636650085449,0.062407612800598145,0.15529561042785645,0.9962591885663175,0.9990270330485052,0.9939979742601408,0.9700654250333189,0.9845788118386811,0.9622784687064505,0.15667223930358887,0.06358480453491211,0.16216588020324707,0.9938915820809926,0.9989900088727206,0.9934578351481025,-0.850957989692688,0.8509347438812256,-0.002098310738801956,0.5035076530612245,0.6233356147887193,
6,client_9,False,flip,clip01,pretrained,0.8078704476356506,0.24220430850982666,0.03609120845794678,0.19378948211669922,0.9854940439776076,0.9996744356839651,0.9906771138352439,0.9420935189161801,0.9910378969415887,0.9532587008759801,0.2079172134399414,0.03439939022064209,0.1964322328567505,0.989279591347324,0.9997042361117103,0.9904229455983087,-0.7581632733345032,0.7424062490463257,-0.03685976564884186,0.5964604591836735,0.5532795585672894,
6,client_0,True,flip_global,raw,random,0.9307324290275574,0.060027122497558594,0.06354784965515137,0.0475919246673584,0.9990997943811728,0.9989911816377428,0.9994339925648263,0.9851604755507941,0.9843003818688745,0.988207368203343,0.06571400165557861,0.06460309028625488,0.046880125999450684,0.998921291002159,0.9989574261199761,0.9994507897754412,-0.8254290819168091,1.030978798866272,0.010395197197794914,0.4778380102040816,-0.5785144819344827,
6,client_1,True,flip_global,raw,random,0.9364228844642639,0.0982046127319336,0.05970966815948486,0.07891988754272461,0.9975933164514688,0.9991092843607496,0.9984447293735257,0.9758937485654926,0.9852380832764585,0.9805582510973827,0.12191522121429443,0.060434937477111816,0.07777643203735352,0.9962945000872423,0.9990875295163755,0.9984894202293275,-0.8798137307167053,1.1177561283111572,-0.016713127493858337,0.5139508928571429,-0.6665644052300066,
6,client_2,False,flip_global,raw,random,0.7841448187828064,0.12625598907470703,0.0380932092666626,0.09042179584503174,0.9960267362921302,0.999637325531741,0.9979591040450131,0.9691680505199574,0.9905442954699055,0.9777722042082677,0.11462342739105225,0.03621792793273926,0.09115469455718994,0.996723441693214,0.9996721460625435,0.9979259373780422,-0.7826270461082458,0.9267364144325256,-0.061309970915317535,0.6024394132653061,0.5644693645639017,
6,client_3,False,flip_global,raw,random,0.7951542139053345,0.1283397674560547,0.09357428550720215,0.09603381156921387,0.9958949088271964,0.9978145520338446,0.9976983576652119,0.9686712157041475,0.9770106678589194,0.9764171465516112,0.11850261688232422,0.09436905384063721,0.09455311298370361,0.9964985050726995,0.9977773325753969,0.9977686683869409,-0.9236642718315125,0.9179091453552246,-0.008134866133332253,0.5731026785714286,0.5965490847147533,
6,client_4,False,flip_global,raw,random,0.8934489488601685,0.11377608776092529,0.045022010803222656,0.13175225257873535,0.9967715888151898,0.9994934471649972,0.9956744204222194,0.9721516548106071,0.9888388158000718,0.9678584032878417,0.13978886604309082,0.0456775426864624,0.13292670249938965,0.995132610198765,0.9994785945111122,0.9955972155902624,-0.8398329615592957,0.7904271483421326,-0.012949262745678425,0.5143494897959183,0.5317017147786275,
6,client_5,False,flip_global,raw,random,0.8493473529815674,0.1944890022277832,0.0702660083770752,0.14407110214233398,0.9906101625753845,0.9987668137669492,0.9948310061308132,0.953095968217365,0.9826622977234754,0.9649327097107023,0.20264267921447754,0.06984889507293701,0.14790785312652588,0.9898125008027543,0.998781397855006,0.9945531705559671,-0.9223762154579163,0.8304476737976074,-0.03353627771139145,0.5674426020408163,0.4360289636021719,
6,client_6,False,flip_global,raw,random,0.9063095450401306,0.11876857280731201,0.028943896293640137,0.0903012752532959,0.9964828121296136,0.9997905956103013,0.9979645326183002,0.970956434824382,0.9928031099646668,0.9778013356453823,0.093666672706604,0.02802300453186035,0.08876144886016846,0.9978102415506458,0.9998037067073353,0.9980332571836468,-0.7284220457077026,0.894085705280304,0.022071124985814095,0.46388711734693877,0.7663900704709145,
6,client_7,False,flip_global,raw,random,0.898895263671875,0.24922549724578857,0.1056067943572998,0.273670494556427,0.9846506862794562,0.997217621146687,0.9815358623213466,0.9404906605881305,0.9741121850693377,0.9349420113540934,0.26284050941467285,0.10446786880493164,0.28537553548812866,0.9829499331570399,0.9972771891867134,0.9799469938892522,-0.8286455869674683,0.97432941198349,-0.04674052074551582,0.6028380102040817,0.7206833547719116,
6,client_8,False,flip_global,raw,random,0.9187085628509521,0.15859246253967285,0.06404328346252441,0.08686971664428711,0.9937416391372147,0.9989754024927278,0.9981160791925867,0.9615009508330354,0.9841794406544591,0.9786313361872803,0.13155579566955566,0.06104445457458496,0.08605360984802246,0.9956872688939569,0.9990690441619277,0.9981512614422015,-0.8225609660148621,0.8950555324554443,-0.0011350393760949373,0.5188934948979592,0.6233356147887193,
6,client_9,False,flip_global,raw,random,0.8642200827598572,0.1253911256790161,0.06757462024688721,0.2249375581741333,0.9960808246121173,0.9988593943513266,0.9874697885187917,0.969374372083075,0.9833180455040391,0.9460528338398237,0.14761626720428467,0.06952297687530518,0.22822672128677368,0.9945745377836295,0.9987927331571322,0.9871042405126331,-0.7594549059867859,0.8735327124595642,-0.039545975625514984,0.5825095663265306,0.5532795585672894,
6,client_0,True,flip_global,raw,pretrained,0.9307324290275574,0.07132852077484131,0.08047759532928467,0.07327663898468018,0.9987292728925761,0.998382803338856,0.9986589838172537,0.9824036007959971,0.9801802385952996,0.9819295450115861,0.07837677001953125,0.08115768432617188,0.07388937473297119,0.998466037550076,0.9983553889492245,0.9986364860605588,-0.8254290819168091,1.030978798866272,0.010395197197794914,0.4778380102040816,-0.5785144819344827,0.3805617094039917
6,client_1,True,flip_global,raw,pretrained,0.9364228844642639,0.0290755033493042,0.03775501251220703,0.05764353275299072,0.999788687272025,0.999643734979772,0.9991698230409098,0.9927705635896387,0.9906276533624023,0.985743413470271,0.03221726417541504,0.03780221939086914,0.05792057514190674,0.9997405624642011,0.9996428437515839,0.9991618290149709,-0.8798137307167053,1.1177561283111572,-0.016713127493858337,0.5139508928571429,-0.6665644052300066,0.494126558303833
6,client_2,False,flip_global,raw,pretrained,0.7841448187828064,0.14023172855377197,0.048322200775146484,0.06360077857971191,0.995101834352601,0.9994164967110173,0.9989895017251693,0.9658431243005003,0.9880280441474723,0.9842874602322644,0.13238191604614258,0.04754471778869629,0.06341361999511719,0.9956331123055158,0.9994351143886315,0.9989954357044708,-0.7826270461082458,0.9267364144325256,-0.061309970915317535,0.6024394132653061,0.5644693645639017,0.554377555847168
6,client_3,False,flip_global,raw,pretrained,0.7951542139053345,0.08122742176055908,0.026838064193725586,0.08939552307128906,0.9983525648564038,0.9998199538937307,0.9980050998706169,0.97999835448907,0.993324099260124,0.9780203097440665,0.09160268306732178,0.027341127395629883,0.08986496925354004,0.997905533037623,0.9998131418792846,0.997984124837445,-0.9236642718315125,0.9179091453552246,-0.008134866133332253,0.5731026785714286,0.5965490847147533,0.3511936664581299
6,client_4,False,flip_global,raw,pretrained,0.8934489488601685,0.13284575939178467,0.02026987075805664,0.10315942764282227,0.995602558242523,0.9998972909974035,0.9973448324416563,0.9675981599512786,0.9949517279509807,0.9747006787144445,0.13619303703308105,0.020292043685913086,0.10364115238189697,0.9953789425516435,0.9998970661879802,0.9973200267954585,-0.8398329615592957,0.7904271483421326,-0.012949262745678425,0.5143494897959183,0.5317017147786275,0.4679548740386963
6,client_5,False,flip_global,raw,pretrained,0.8493473529815674,0.14728689193725586,0.03244507312774658,0.12301957607269287,0.9945986242998519,0.9997368812425838,0.9962272553029672,0.9641711544222775,0.9919378151419509,0.9699404667871796,0.1584475040435791,0.03228497505187988,0.12429416179656982,0.9937530209445429,0.9997394710141914,0.9961488998636028,-0.9223762154579163,0.8304476737976074,-0.03353627771139145,0.5674426020408163,0.4360289636021719,0.3992021083831787
6,client_6,False,flip_global,raw,pretrained,0.9063095450401306,0.09488546848297119,0.03592085838317871,0.08639943599700928,0.9977529809884595,0.9996775010087027,0.9981363932434835,0.9766941919434935,0.991079914484954,0.978745166660568,0.08961355686187744,0.035910606384277344,0.0868985652923584,0.9979953716189647,0.9996776850236992,0.9981148294887217,-0.7284220457077026,0.894085705280304,0.022071124985814095,0.46388711734693877,0.7663900704709145,0.36447739601135254
6,client_7,False,flip_global,raw,pretrained,0.898895263671875,0.08008730411529541,0.06337690353393555,0.15734779834747314,0.998398432299719,0.9989965977770243,0.9938390346406241,0.9802749309148657,0.9843421170017861,0.9617943770930726,0.06114780902862549,0.06369030475616455,0.15628325939178467,0.9990658912986898,0.9989866570775499,0.9939217376662721,-0.8286455869674683,0.97432941198349,-0.04674052074551582,0.6028380102040817,0.7206833547719116,0.5834838151931763
6,client_8,False,flip_global,raw,pretrained,0.9187085628509521,0.10435187816619873,0.040280938148498535,0.12368273735046387,0.9972832197826538,0.9995944848796023,0.9961865869518052,0.9744138754791587,0.9900053236731208,0.9697821185769111,0.12229335308074951,0.04125475883483887,0.12748265266418457,0.9962715429284636,0.9995746469610338,0.9959493911364419,-0.8225609660148621,0.8950555324554443,-0.0011350393760949373,0.5188934948979592,0.6233356147887193,0.3888179063796997
6,client_9,False,flip_global,raw,pretrained,0.8642200827598572,0.2494574785232544,0.031734466552734375,0.18762445449829102,0.9846224291017829,0.9997482784410647,0.9912570223714527,0.9404377718549737,0.9921133457404774,0.9546947073649157,0.21847259998321533,0.030129551887512207,0.1883636713027954,0.9881733911508916,0.9997730911488851,0.9911884511316928,-0.7594549059867859,0.8735327124595642,-0.039545975625514984,0.5825095663265306,0.5532795585672894,0.465753436088562
6,client_0,True,flip_global,clip01,random,0.9307324290275574,0.07095253467559814,0.12155592441558838,0.037604689598083496,0.998742621466794,0.9963162485926009,0.9996465655449638,0.9824951329335385,0.9702900917862995,0.9906647079583661,0.07178747653961182,0.12199807167053223,0.03779041767120361,0.9987128834068961,0.996289476080787,0.9996430666629237,-0.8254290819168091,1.030978798866272,0.010395197197794914,0.4778380102040816,-0.5785144819344827,
6,client_1,True,flip_global,clip01,random,0.9364228844642639,0.1268167495727539,0.04263341426849365,0.09674942493438721,0.9959914701808428,0.99954575281172,0.9976639879981437,0.9690343108932717,0.9894262553796322,0.9762445597396343,0.12820935249328613,0.04223752021789551,0.09801280498504639,0.9959032218842814,0.9995541471162102,0.9976026915750846,-0.8798137307167053,1.1177561283111572,-0.016713127493858337,0.5139508928571429,-0.6665644052300066,
6,client_2,False,flip_global,clip01,random,0.7841448187828064,0.22401845455169678,0.07830452919006348,0.11006689071655273,0.9875710223478975,0.9984688607441756,0.9969781859354168,0.9462642876130283,0.9807076418110143,0.9730410816476771,0.18411552906036377,0.07712280750274658,0.10890936851501465,0.9915789348332176,0.9985146748619433,0.9970412693752075,-0.7826270461082458,0.9267364144325256,-0.061309970915317535,0.6024394132653061,0.5644693645639017,
6,client_3,False,flip_global,clip01,random,0.7951542139053345,0.10217440128326416,0.028326869010925293,0.09146714210510254,0.9973951978955775,0.9997994273001767,0.9979117169518428,0.9749376887494259,0.9929557219271694,0.9775195847012339,0.1110459566116333,0.029091238975524902,0.09165084362030029,0.9969243122495743,0.9997884585220613,0.9979033335719163,-0.9236642718315125,0.9179091453552246,-0.008134866133332253,0.5731026785714286,0.5965490847147533,
6,client_4,False,flip_global,clip01,random,0.8934489488601685,0.141870379447937,0.03025805950164795,0.09030914306640625,0.9949871256806906,0.9997711517450336,0.9979641784502815,0.9654544001393699,0.9924781897036348,0.9777994338500924,0.11178362369537354,0.02883601188659668,0.08946669101715088,0.9968834094468233,0.9997921535104293,0.9980019270822547,-0.8398329615592957,0.7904271483421326,-0.012949262745678425,0.5143494897959183,0.5317017147786275,
6,client_5,False,flip_global,clip01,random,0.8493473529815674,0.24623441696166992,0.15772438049316406,0.13825607299804688,0.9850127767300736,0.9938096463845554,0.9952383879496276,0.9411729889308904,0.9617055846680347,0.9663121060237141,0.28334689140319824,0.1617884635925293,0.14074909687042236,0.9802268524760653,0.9934881027798015,0.9950657594025176,-0.9223762154579163,0.8304476737976074,-0.03353627771139145,0.5674426020408163,0.4360289636021719,
6,client_6,False,flip_global,clip01,random,0.9063095450401306,0.19689655303955078,0.07664322853088379,0.08210062980651855,0.9903779439394629,0.9985330697951147,0.9983169990392387,0.9525362072721981,0.98111112687706,0.9797866057610292,0.18765783309936523,0.07664322853088379,0.08181798458099365,0.9912539317646025,0.9985330697951147,0.9983285526138928,-0.7284220457077026,0.894085705280304,0.022071124985814095,0.46388711734693877,0.7663900704709145,
6,client_7,False,flip_global,clip01,random,0.898895263671875,0.08747363090515137,0.1328268051147461,0.2311997413635254,0.9980898319522713,0.9956038088561137,0.9867694400950835,0.9784851891132469,0.9676026699786173,0.944614011840077,0.03015923500061035,0.13417577743530273,0.231156587600708,0.9997726439115824,0.9955143632825563,0.9867743295302087,-0.8286455869674683,0.97432941198349,-0.04674052074551582,0.6028380102040817,0.7206833547719116,
6,client_8,False,flip_global,clip01,random,0.9187085628509521,0.13362550735473633,0.03217816352844238,0.0971224308013916,0.9955509574284214,0.9997411916952699,0.9976459727212614,0.967412652159855,0.9920037403955095,0.9761546188527306,0.16965794563293457,0.03265798091888428,0.09978890419006348,0.9928426992962005,0.9997334173822958,0.9975151841209218,-0.8225609660148621,0.8950555324554443,-0.0011350393760949373,0.5188934948979592,0.6233356147887193,
6,client_9,False,flip_global,clip01,random,0.8642200827598572,0.23556292057037354,0.026247262954711914,0.15806329250335693,0.9862705602399959,0.9998277925416379,0.9937831389411869,0.9436134552201207,0.9934703389761899,0.9616256848227247,0.21114325523376465,0.025888800621032715,0.15806329250335693,0.9889471198111721,0.9998324635549252,0.9937831389411869,-0.7594549059867859,0.8735327124595642,-0.039545975625514984,0.5825095663265306,0.5532795585672894,
6,client_0,True,flip_global,clip01,pretrained,0.9307324290275574,0.06693387031555176,0.08268022537231445,0.06263840198516846,0.9988809044208575,0.9982931831548798,0.9990198287978009,0.9834742588889251,0.9796460945579457,0.9845224467916665,0.07431411743164062,0.08344340324401855,0.06344985961914062,0.998620781334363,0.998261569551673,0.9989942880657787,-0.8254290819168091,1.030978798866272,0.010395197197794914,0.4778380102040816,-0.5785144819344827,
6,client_1,True,flip_global,clip01,pretrained,0.9364228844642639,0.033017873764038086,0.03560054302215576,0.049640655517578125,0.999727510703655,0.9996832256137782,0.9993842358520109,0.9917963586157796,0.9911589288188651,0.987704412636941,0.0367504358291626,0.03539168834686279,0.04993152618408203,0.999662436852619,0.9996869306277527,0.9993770019214134,-0.8798137307167053,1.1177561283111572,-0.016713127493858337,0.5139508928571429,-0.6665644052300066,
6,client_2,False,flip_global,clip01,pretrained,0.7841448187828064,0.1646878719329834,0.05223441123962402,0.07106542587280273,0.9932538052022246,0.9993182403685719,0.9987386208918292,0.960065914198136,0.9870682063817364,0.9824676487308952,0.15404701232910156,0.05167365074157715,0.07150387763977051,0.9940936741987818,0.9993327925173521,0.9987230231932627,-0.7826270461082458,0.9267364144325256,-0.061309970915317535,0.6024394132653061,0.5644693645639017,
6,client_3,False,flip_global,clip01,pretrained,0.7951542139053345,0.0759730339050293,0.028752923011779785,0.08157992362976074,0.9985585846875538,0.9997933493885163,0.9983382529780631,0.9812739695900319,0.9928503404319471,0.979912866223537,0.08970797061920166,0.029589176177978516,0.08265316486358643,0.9979911517487978,0.9997811560894094,0.9982942987947525,-0.9236642718315125,0.9179091453552246,-0.008134866133332253,0.5731026785714286,0.5965490847147533,
6,client_4,False,flip_global,clip01,pretrained,0.8934489488601685,0.1353616714477539,0.018775463104248047,0.11132895946502686,0.9954349944302452,0.9999118763210757,0.9969086517835835,0.9669997977222471,0.9953226078055817,0.9727383136160888,0.14363300800323486,0.018880248069763184,0.11372888088226318,0.994862273218593,0.9999108900140965,0.9967742607780408,-0.8398329615592957,0.7904271483421326,-0.012949262745678425,0.5143494897959183,0.5317017147786275,
6,client_5,False,flip_global,clip01,pretrained,0.8493473529815674,0.1323786973953247,0.03114330768585205,0.1225433349609375,0.9956333239544612,0.9997575676856925,0.9962563274190888,0.9677093030284312,0.9922594064585719,0.9700542065590692,0.14196908473968506,0.030747294425964355,0.12494492530822754,0.9949801742073094,0.9997636928605278,0.9961085861878733,-0.9223762154579163,0.8304476737976074,-0.03353627771139145,0.5674426020408163,0.4360289636021719,
6,client_6,False,flip_global,clip01,pretrained,0.9063095450401306,0.08727836608886719,0.03844499588012695,0.07889974117279053,0.9980983383040019,0.9996305979482867,0.9984455223934627,0.9785324395573085,0.990457599150032,0.9805631414961984,0.08283400535583496,0.03840816020965576,0.07948493957519531,0.9982868362759472,0.9996313052909211,0.9984224051894188,-0.7284220457077026,0.894085705280304,0.022071124985814095,0.46388711734693877,0.7663900704709145,
6,client_7,False,flip_global,clip01,pretrained,0.898895263671875,0.060419440269470215,0.07746303081512451,0.17572569847106934,0.9990879971021585,0.9985015558491124,0.9923245920019463,0.9850645787150438,0.9809119879069192,0.957475464201385,0.04749250411987305,0.07834291458129883,0.17606937885284424,0.9994363538992685,0.9984673609537902,0.992294713784657,-0.8286455869674683,0.97432941198349,-0.04674052074551582,0.6028380102040817,0.7206833547719116,
6,client_8,False,flip_global,clip01,pretrained,0.9187085628509521,0.1195225715637207,0.04186391830444336,0.12621569633483887,0.9964381326076597,0.9995619970242444,0.9960292643478195,0.9707761164366615,0.9896156129253588,0.9691776612798373,0.1362980604171753,0.0432664155960083,0.1307661533355713,0.9953718376438023,0.9995321685349539,0.9957387213516218,-0.8225609660148621,0.8950555324554443,-0.0011350393760949373,0.5188934948979592,0.6233356147887193,
6,client_9,False,flip_global,clip01,pretrained,0.8642200827598572,0.24355244636535645,0.024579524993896484,0.20013320446014404,0.9853338969593741,0.9998489788454923,0.9900613845123294,0.9417854358381013,0.993883324774874,0.9517844566935632,0.21688413619995117,0.023452281951904297,0.20270633697509766,0.9883432416309199,0.9998625117967128,0.9898061482738418,-0.7594549059867859,0.8735327124595642,-0.039545975625514984,0.5825095663265306,0.5532795585672894,
7,client_0,True,orig,raw,random,0.820405125617981,0.10473120212554932,0.10047674179077148,0.04837346076965332,0.9972634732698871,0.997480875727708,0.9994152586418263,0.9743226686216151,0.9753463706089465,0.9880154587559995,0.12473726272583008,0.10399127006530762,0.049108028411865234,0.996121473130495,0.997301926109011,0.9993973728946257,-1.1646305322647095,0.8184147477149963,-0.033034875988960266,0.5621014030612245,-0.5991895954917935,
7,client_1,True,orig,raw,random,0.9103949666023254,0.2673686742782593,0.18854224681854248,0.04118144512176514,0.9823652650408092,0.9911718467421704,0.9995761569248756,0.9363677123052647,0.9544807221597329,0.9897836014127339,0.2688319683074951,0.19345831871032715,0.0409470796585083,0.9821743054020899,0.9907087277983475,0.999580965905656,-1.080711007118225,0.9016717076301575,-0.01618519052863121,0.5191326530612245,-0.6483359395407459,
7,client_2,False,orig,raw,random,0.9088932275772095,0.0716933012008667,0.05020344257354736,0.06065046787261963,0.9987162549831148,0.9993702012316084,0.9990810140799946,0.9823148088613971,0.9875663178268128,0.9850081136590756,0.0644611120223999,0.05006968975067139,0.06040620803833008,0.998962000051101,0.9993735510265929,0.999088396253832,-0.8789438009262085,0.8540986776351929,-0.020586006343364716,0.5165816326530612,0.5665302690677004,
7,client_3,False,orig,raw,random,0.9173080921173096,0.07334589958190918,0.05758857727050781,0.04454219341278076,0.9986564501361697,0.9991714042307662,0.9995041827048181,0.9819126974337848,0.9857568596538844,0.9889567776946999,0.0702582597732544,0.05759692192077637,0.044097185134887695,0.998767085480329,0.9991711642337369,0.9995140367587152,-0.7592915892601013,1.214674949645996,0.04831404238939285,0.40043048469387754,0.6124737673882293,
7,client_4,False,orig,raw,random,0.9200311899185181,0.08493161201477051,0.06403648853302002,0.029950261116027832,0.99819909147895,0.9989756197317112,0.9997757831767988,0.9791005783205344,0.9841810992257567,0.9925542770008355,0.08203995227813721,0.06409001350402832,0.029837965965270996,0.9983194826717645,0.9989739078758921,0.9997774610964179,-0.848834753036499,0.7967227697372437,-0.06017432361841202,0.579719387755102,0.5100712464462583,
7,client_5,False,orig,raw,random,0.8843035101890564,0.10800361633300781,0.03738558292388916,0.08377552032470703,0.9970901706895081,0.9996506710973787,0.9982477218206032,0.973536362298006,0.9907187214750706,0.9793806450626439,0.11674809455871582,0.037035226821899414,0.08665680885314941,0.9966011596342215,0.9996571861600827,0.9981252894544697,-0.8583813905715942,0.8772051930427551,0.04651682823896408,0.4181281887755102,0.5080920467781715,
7,client_6,False,orig,raw,random,0.9007936120033264,0.16371023654937744,0.05353975296020508,0.06597232818603516,0.9933332624439162,0.9992837586973,0.998912800295501,0.9602958612880985,0.9867482598029378,0.9837087505806752,0.15952587127685547,0.051479220390319824,0.066811203956604,0.99366810546368,0.9993378015311261,0.9988849990556019,-0.6963359117507935,1.076214075088501,0.031612981110811234,0.4376594387755102,0.689483097935219,
7,client_7,False,orig,raw,random,0.9444542527198792,0.04989922046661377,0.030341148376464844,0.04902803897857666,0.9993778074445214,0.9997698933983035,0.9993993335859148,0.9876409632342897,0.9924576517589998,0.9878547673816118,0.04188835620880127,0.029661178588867188,0.0486750602722168,0.9995614856780652,0.9997800898982563,0.9994079476528657,-0.7176426649093628,1.067269206047058,0.06371727585792542,0.36033163265306123,0.7754573819320824,
7,client_8,False,orig,raw,random,0.9055023193359375,0.09551846981048584,0.058619022369384766,0.037281155586242676,0.9977229516857125,0.9991415057144752,0.9996526193910615,0.9765414615776229,0.9855047822185707,0.9907444661423943,0.09926962852478027,0.05871939659118652,0.03709900379180908,0.9975409299209026,0.9991385650737592,0.9996560047547487,-0.726816713809967,1.0297985076904297,0.03566834703087807,0.4331154336734694,0.6571970377092627,
7,client_9,False,orig,raw,random,0.9377501606941223,0.033447861671447754,0.0340958833694458,0.04759693145751953,0.9997203687964609,0.9997094310226038,0.9994338735183244,0.9916901904305009,0.9915302197988476,0.9882061385871301,0.04143178462982178,0.03515505790710449,0.04780232906341553,0.9995709898928777,0.9996911020580133,0.9994289790007451,-0.7905089855194092,0.9406673312187195,0.02159990556538105,0.4445950255102041,0.5531703622295443,
7,client_0,True,orig,raw,pretrained,0.820405125617981,0.09961748123168945,0.06633853912353516,0.03772234916687012,0.9975236980502609,0.998900706733177,0.9996443509864983,0.9755533206142741,0.983619432669661,0.9906357046996659,0.11430954933166504,0.06697642803192139,0.03814864158630371,0.9967413179694302,0.9988794820842399,0.9996362695416516,-1.1646305322647095,0.8184147477149963,-0.033034875988960266,0.5621014030612245,-0.5991895954917935,0.5043656826019287
7,client_1,True,orig,raw,pretrained,0.9103949666023254,0.050287604331970215,0.06472408771514893,0.04962003231048584,0.9993680888563072,0.9989535201838597,0.9993847471480124,0.9875456689857487,0.9840132847127894,0.9877094736410748,0.0496746301651001,0.06469404697418213,0.050341129302978516,0.999383393081118,0.9989544906134091,0.9993667435963027,-1.080711007118225,0.9016717076301575,-0.01618519052863121,0.5191326530612245,-0.6483359395407459,0.5858107805252075
7,client_2,False,orig,raw,pretrained,0.9088932275772095,0.10874569416046143,0.048018813133239746,0.06171250343322754,0.9970501360733315,0.9994237975245106,0.9990485711885122,0.973358185947812,0.9881025370296637,0.9847486058686019,0.10783171653747559,0.04761838912963867,0.06185638904571533,0.9970994058083265,0.9994333631774246,0.9990441325990247,-0.8789438009262085,0.8540986776351929,-0.020586006343364716,0.5165816326530612,0.5665302690677004,0.5091818571090698
7,client_3,False,orig,raw,pretrained,0.9173080921173096,0.05860769748687744,0.048064589500427246,0.06328094005584717,0.999141837181956,0.9994226988883861,0.9989996318433512,0.9855075520949628,0.9880912966993047,0.98436554688398,0.05405282974243164,0.048641085624694824,0.06250119209289551,0.9992699728505046,0.9994087734898582,0.9990241150993726,-0.7592915892601013,1.214674949645996,0.04831404238939285,0.40043048469387754,0.6124737673882293,0.3181406259536743
7,client_4,False,orig,raw,pretrained,0.9200311899185181,0.14094042778015137,0.10574257373809814,0.041663408279418945,0.9950523851699797,0.9972104768861514,0.9995661813033598,0.9656749763601611,0.9740795511880742,0.9896649633577204,0.12020790576934814,0.10417020320892334,0.041643500328063965,0.996397279257069,0.9972926520889356,0.9995665956511837,-0.848834753036499,0.7967227697372437,-0.06017432361841202,0.579719387755102,0.5100712464462583,0.5429701805114746
7,client_5,False,orig,raw,pretrained,0.8843035101890564,0.08316683769226074,0.09489357471466064,0.0545501708984375,0.998273059287152,0.9977525976859658,0.9992564845856069,0.9795281486155984,0.9766922358477392,0.9865007075446708,0.09457778930664062,0.09660792350769043,0.054396986961364746,0.9977675055272732,0.9976708041635267,0.9992606521849088,-0.8583813905715942,0.8772051930427551,0.04651682823896408,0.4181281887755102,0.5080920467781715,0.3423805236816406
7,client_6,False,orig,raw,pretrained,0.9007936120033264,0.15523016452789307,0.04788625240325928,0.13573575019836426,0.994003009261716,0.9994269730967953,0.9954098153812672,0.9622939127931336,0.9881350882353781,0.9669108776024748,0.1414116621017456,0.04683423042297363,0.13651740550994873,0.995019369070139,0.9994518641592012,0.9953569813717131,-0.6963359117507935,1.076214075088501,0.031612981110811234,0.4376594387755102,0.689483097935219,0.4194577932357788
7,client_7,False,orig,raw,pretrained,0.9444542527198792,0.06791770458221436,0.03881359100341797,0.05748438835144043,0.9988477930065669,0.9996234826461601,0.9991743978448242,0.9832344176265153,0.9903667726582877,0.9857823527402614,0.04503989219665527,0.03875553607940674,0.05652010440826416,0.9994930448629158,0.9996246078287758,0.9992018475571671,-0.7176426649093628,1.067269206047058,0.06371727585792542,0.36033163265306123,0.7754573819320824,0.5062226057052612
7,client_8,False,orig,raw,pretrained,0.9055023193359375,0.16761815547943115,0.20172369480133057,0.05206477642059326,0.9930128708685626,0.9899039924732367,0.9993226590540691,0.95937718506023,0.9514153731321895,0.987109796257472,0.16613376140594482,0.20616447925567627,0.05176723003387451,0.9931354410926749,0.9894581488911947,0.9993303749622013,-0.726816713809967,1.0297985076904297,0.03566834703087807,0.4331154336734694,0.6571970377092627,0.2455308437347412
7,client_9,False,orig,raw,pretrained,0.9377501606941223,0.06427311897277832,0.03037881851196289,0.03933906555175781,0.9989680409456569,0.9997693217635666,0.9996132217151179,0.9841233426782967,0.9924483406484181,0.9902373107022107,0.061089158058166504,0.029889941215515137,0.03939473628997803,0.9990676811194832,0.9997766852626917,0.9996121265594855,-0.7905089855194092,0.9406673312187195,0.02159990556538105,0.4445950255102041,0.5531703622295443,0.39043915271759033
7,client_0,True,orig,clip01,random,0.820405125617981,0.14597535133361816,0.10744714736938477,0.051802754402160645,0.9946940094141694,0.9971200135400098,0.9993294560720194,0.9644816411420614,0.9736700052241085,0.9871740421473312,0.15217602252960205,0.10779142379760742,0.05138194561004639,0.9942356572139934,0.9971015683798319,0.9993403005008432,-1.1646305322647095,0.8184147477149963,-0.033034875988960266,0.5621014030612245,-0.5991895954917935,
7,client_1,True,orig,clip01,random,0.9103949666023254,0.052557945251464844,0.08668339252471924,0.04471588134765625,0.9993097731159897,0.9981241406888113,0.9995003098355759,0.9869888918708021,0.9786764331839495,0.9889140745159226,0.04048264026641846,0.08503985404968262,0.04436159133911133,0.9995904148228116,0.9981945044001539,0.9995081937838524,-1.080711007118225,0.9016717076301575,-0.01618519052863121,0.5191326530612245,-0.6483359395407459,
7,client_2,False,orig,clip01,random,0.9088932275772095,0.060451507568359375,0.01979672908782959,0.053360939025878906,0.9990870294269742,0.9999020295786041,0.9992885324143943,0.9850567409117812,0.9950691291094231,0.9867920789012543,0.05468785762786865,0.019623637199401855,0.05239534378051758,0.9992527286323503,0.9999037351665203,0.999314035102963,-0.8789438009262085,0.8540986776351929,-0.020586006343364716,0.5165816326530612,0.5665302690677004,
7,client_3,False,orig,clip01,random,0.9173080921173096,0.058756113052368164,0.058551669120788574,0.06842637062072754,0.9991374881464576,0.9991434761339186,0.9988304847894478,0.9854712530626515,0.9855212558658404,0.9831104483361781,0.058266401290893555,0.05912590026855469,0.06794238090515137,0.9991517965936951,0.9991266045163962,0.9988469563234192,-0.7592915892601013,1.214674949645996,0.04831404238939285,0.40043048469387754,0.6124737673882293,
7,client_4,False,orig,clip01,random,0.9200311899185181,0.0744168758392334,0.08315157890319824,0.031317710876464844,0.9986169684073918,0.9982736920990265,0.9997548453313068,0.9816522386399218,0.9795318467437653,0.9922163123936885,0.0524829626083374,0.08100295066833496,0.030663490295410156,0.9993117401418004,0.9983616464368459,0.9997649790250931,-0.848834753036499,0.7967227697372437,-0.06017432361841202,0.579719387755102,0.5100712464462583,
7,client_5,False,orig,clip01,random,0.8843035101890564,0.10090720653533936,0.059928059577941895,0.057718753814697266,0.9974592857499425,0.9991027611547967,0.9991676563269931,0.9752427194071842,0.9851846923729908,0.9857250092703715,0.12895864248275757,0.06155359745025635,0.058426618576049805,0.995855346009811,0.9990534611496265,0.9991471284959959,-0.8583813905715942,0.8772051930427551,0.04651682823896408,0.4181281887755102,0.5080920467781715,
7,client_6,False,orig,clip01,random,0.9007936120033264,0.2559945583343506,0.11405551433563232,0.08252143859863281,0.9838158654823599,0.9967557504677436,0.9982997243636682,0.9389492384909659,0.9720847006747806,0.9796845861860708,0.15703129768371582,0.11013293266296387,0.08203732967376709,0.9938636808442556,0.9969745668066019,0.9983195899781501,-0.6963359117507935,1.076214075088501,0.031612981110811234,0.4376594387755102,0.689483097935219,
7,client_7,False,orig,clip01,random,0.9444542527198792,0.04538393020629883,0.06678390502929688,0.07878375053405762,0.9994852735136839,0.9988859092825086,0.9984500842035315,0.9887498527966618,0.9835108254655089,0.9805912981731442,0.03800535202026367,0.06707334518432617,0.078216552734375,0.9996389960771346,0.9988762396191782,0.9984722953918517,-0.7176426649093628,1.067269206047058,0.06371727585792542,0.36033163265306123,0.7754573819320824,
7,client_8,False,orig,clip01,random,0.9055023193359375,0.1385589838027954,0.17198538780212402,0.046155571937561035,0.9952175752651653,0.992646070357661,0.9994676284549815,0.9662401787688311,0.9583520943540655,0.9885602165030771,0.1634507179260254,0.17481541633605957,0.04650139808654785,0.9933542769349097,0.9924034527450372,0.9994596240985694,-0.726816713809967,1.0297985076904297,0.03566834703087807,0.4331154336734694,0.6571970377092627,
7,client_9,False,orig,clip01,random,0.9377501606941223,0.04864096641540527,0.0332493782043457,0.02715122699737549,0.9994087763865185,0.9997236769914255,0.9998157281891729,0.9879497844768244,0.9917391958047896,0.9932465958648504,0.04531121253967285,0.03298783302307129,0.025994181632995605,0.9994869210276525,0.9997280062163214,0.9998310970295199,-0.7905089855194092,0.9406673312187195,0.02159990556538105,0.4445950255102041,0.5531703622295443,
7,client_0,True,orig,clip01,pretrained,0.820405125617981,0.10346734523773193,0.07059979438781738,0.03672528266906738,0.9973289899360764,0.9987550808491912,0.9996628986554752,0.9746266075199186,0.9825810176199481,0.9908815234293826,0.11868762969970703,0.07114648818969727,0.037197113037109375,0.9964875919276486,0.9987357443425819,0.99965418341346,-1.1646305322647095,0.8184147477149963,-0.033034875988960266,0.5621014030612245,-0.5991895954917935,
7,client_1,True,orig,clip01,pretrained,0.9103949666023254,0.052752137184143066,0.06416141986846924,0.054909706115722656,0.9993046658358773,0.9989716219106686,0.9992466569588339,0.986941290222701,0.9841506054625231,0.986412643946553,0.052256226539611816,0.06420600414276123,0.05570268630981445,0.9993176710778453,0.9989701933266535,0.9992247537348395,-1.080711007118225,0.9016717076301575,-0.01618519052863121,0.5191326530612245,-0.6483359395407459,
7,client_2,False,orig,clip01,pretrained,0.9088932275772095,0.10162997245788574,0.04291045665740967,0.06572043895721436,0.9974228293967233,0.9995398320550055,0.9989210798235755,0.9750687224687287,0.9893580941067768,0.983770192785308,0.09973227977752686,0.042266011238098145,0.06599807739257812,0.9975179980481101,0.9995535456210212,0.9989119521478005,-0.8789438009262085,0.8540986776351929,-0.020586006343364716,0.5165816326530612,0.5665302690677004,
7,client_3,False,orig,clip01,pretrained,0.9173080921173096,0.057195186614990234,0.043805480003356934,0.06274592876434326,0.9991826790132576,0.9995204425318209,0.9990164632174243,0.9858531201993384,0.989137937932467,0.9844961874575862,0.05513119697570801,0.04476785659790039,0.0615924596786499,0.9992405706073397,0.9994991479730799,0.9990522664164783,-0.7592915892601013,1.214674949645996,0.04831404238939285,0.40043048469387754,0.6124737673882293,
7,client_4,False,orig,clip01,pretrained,0.9200311899185181,0.1662052869796753,0.12276911735534668,0.03876638412475586,0.9931295595262846,0.996242558442529,0.999624397706856,0.959709170714814,0.9700002808765043,0.9903784043313466,0.13956212997436523,0.12089395523071289,0.038643479347229004,0.9951483296423278,0.9963561518613193,0.9996267748816643,-0.848834753036499,0.7967227697372437,-0.06017432361841202,0.579719387755102,0.5100712464462583,
7,client_5,False,orig,clip01,pretrained,0.8843035101890564,0.09558534622192383,0.09152400493621826,0.058112502098083496,0.9977197675162195,0.9979091237527815,0.9991562685677144,0.9765253277517236,0.9775058459778505,0.9856286800103846,0.10352420806884766,0.09242403507232666,0.05784797668457031,0.997326059193048,0.9978678650851711,0.9991639275316708,-0.8583813905715942,0.8772051930427551,0.04651682823896408,0.4181281887755102,0.5080920467781715,
7,client_6,False,orig,clip01,pretrained,0.9007936120033264,0.15750253200531006,0.04156208038330078,0.13694417476654053,0.9938269676588412,0.9995682882008392,0.9953280087340002,0.961757891725707,0.9896899040414922,0.9666237138002882,0.1506270170211792,0.04053473472595215,0.13838672637939453,0.9943519157717466,0.9995893603327473,0.9952294163987003,-0.6963359117507935,1.076214075088501,0.031612981110811234,0.4376594387755102,0.689483097935219,
7,client_7,False,orig,clip01,pretrained,0.9444542527198792,0.0652468204498291,0.04549407958984375,0.05764591693878174,0.998936562042914,0.9994827729111397,0.9991697544086018,0.9838857360111608,0.9887227794838427,0.9857428301279709,0.0434948205947876,0.04549407958984375,0.055771589279174805,0.9995272178545322,0.9994827729111397,0.9992228357430213,-0.7176426649093628,1.067269206047058,0.06371727585792542,0.36033163265306123,0.7754573819320824,
7,client_8,False,orig,clip01,pretrained,0.9055023193359375,0.19346415996551514,0.22242391109466553,0.05746769905090332,0.9907081706279992,0.9877457051672847,0.9991748768686344,0.9533343963235463,0.9466313051531969,0.9857864363929452,0.17382395267486572,0.2281430959701538,0.05676686763763428,0.99248889113371,0.9871135975952217,0.9991948671945658,-0.726816713809967,1.0297985076904297,0.03566834703087807,0.4331154336734694,0.6571970377092627,
7,client_9,False,orig,clip01,pretrained,0.9377501606941223,0.06652474403381348,0.028046846389770508,0.039336442947387695,0.9988945320088678,0.9998033726034625,0.9996132732688785,0.9835740224360012,0.993024992715644,0.9902379567741466,0.0654900074005127,0.027251124382019043,0.03947806358337402,0.9989286263933257,0.9998143699029305,0.9996104844531397,-0.7905089855194092,0.9406673312187195,0.02159990556538105,0.4445950255102041,0.5531703622295443,
7,client_0,True,flip,raw,random,0.8616279363632202,0.06946301460266113,0.08721923828125,0.05796194076538086,0.9987948128674491,0.9981009103696716,0.9991606321343027,0.9828578757747537,0.9785467480596841,0.9856655126912908,0.08123528957366943,0.08771109580993652,0.05913972854614258,0.9983522460892871,0.998079461762472,0.999126196199561,-0.9111138582229614,1.2469027042388916,0.0292044747620821,0.46308992346938777,-0.5991895954917935,
7,client_1,True,flip,raw,random,0.9377620220184326,0.11070632934570312,0.11647188663482666,0.03799796104431152,0.9969430539919983,0.9966171820903615,0.9996391364357744,0.9728876637857677,0.971505996066276,0.9905677709494769,0.1118781566619873,0.11676430702209473,0.038199663162231445,0.9968781483075271,0.9966002180035085,0.9996352962209403,-0.8196266293525696,0.8460360169410706,0.01692248322069645,0.4335140306122449,-0.6483359395407459,
7,client_2,False,flip,raw,random,0.902353823184967,0.1990063190460205,0.10137462615966797,0.058751583099365234,0.9901721674935164,0.9974357385735846,0.9991376210504213,0.9520460879695261,0.9751301886009394,0.985472360955236,0.13902497291564941,0.10021662712097168,0.05349385738372803,0.9951854699870675,0.9974938773911997,0.9992849854715466,-0.7215684652328491,0.8371274471282959,0.03807723894715309,0.4603794642857143,0.5665302690677004,
7,client_3,False,flip,raw,random,0.7449405789375305,0.24225378036499023,0.08992671966552734,0.12626373767852783,0.9854881821757304,0.9979813576792871,0.9960262500361692,0.9420822106875124,0.9778918790519191,0.9691662023133105,0.2258058786392212,0.09199917316436768,0.12351822853088379,0.9873737817718713,0.9978873913536588,0.9961966956106436,-0.7777008414268494,0.7143779397010803,-0.04738078638911247,0.6200573979591837,0.6124737673882293,
7,client_4,False,flip,raw,random,0.9443440437316895,0.16299760341644287,0.09013056755065918,0.05990707874298096,0.9933908895027048,0.9979722094396128,0.9991033888696315,0.9604635300199043,0.9778426002074259,0.9851898214415531,0.11695659160614014,0.08571720123291016,0.05986678600311279,0.996589040116636,0.9981656678494759,0.9991045937527068,-0.6340613961219788,1.0697575807571411,0.07596360146999359,0.36997767857142855,0.5100712464462583,
7,client_5,False,flip,raw,random,0.7668055295944214,0.17144203186035156,0.06162869930267334,0.11240255832672119,0.9926922090822585,0.9990511516319769,0.9968488832456233,0.9584795429482185,0.984769079631574,0.9724808704989096,0.18044614791870117,0.062464237213134766,0.11283814907073975,0.9919092302246151,0.99902526793134,0.9968244713537284,-0.9105165600776672,0.7559577226638794,-0.037243906408548355,0.5896843112244898,0.5080920467781715,
7,client_6,False,flip,raw,random,0.8329663276672363,0.22873449325561523,0.08311069011688232,0.05462229251861572,0.9870473536520501,0.998275387267596,0.9992545183597228,0.9451800434254434,0.9795417566749145,0.9864830413212329,0.23894798755645752,0.08409225940704346,0.05309462547302246,0.9858773584029081,0.9982344643051746,0.9992956125292352,-0.7160314321517944,0.8450506925582886,-0.014968727715313435,0.5160235969387755,0.689483097935219,
7,client_7,False,flip,raw,random,0.7239156365394592,0.21911108493804932,0.14480221271514893,0.17603695392608643,0.988104782741102,0.9947786175036595,0.9922975351162848,0.9473945057207462,0.9647594906073516,0.957402568433398,0.19258010387420654,0.14715039730072021,0.17298495769500732,0.9907923105813925,0.9946085903514514,0.9925608196479168,-1.1929000616073608,0.8303003907203674,-0.035866811871528625,0.5809151785714286,0.7754573819320824,
7,client_8,False,flip,raw,random,0.5994579792022705,0.31328439712524414,0.09266078472137451,0.09589588642120361,0.975907606675801,0.9978569455011497,0.9977049528448427,0.9260542064288628,0.9772312475306555,0.9764504156747247,0.23186206817626953,0.09025204181671143,0.09025430679321289,0.9866942867910891,0.9979667481551098,0.9979666462560401,-0.825456976890564,0.8823535442352295,-0.0541594959795475,0.6318558673469388,0.6571970377092627,
7,client_9,False,flip,raw,random,0.8549104928970337,0.1044318675994873,0.04198932647705078,0.05692911148071289,0.9972790616758307,0.9995593697859435,0.9991902611607433,0.974394641288399,0.9895847487768894,0.9859182353294869,0.09045720100402832,0.04024529457092285,0.05763542652130127,0.997957507933432,0.9995952020043126,0.9991700563695769,-1.0336942672729492,1.054953694343567,0.008041993714869022,0.49099170918367346,0.5531703622295443,
7,client_0,True,flip,raw,pretrained,0.8616279363632202,0.08328378200531006,0.07156968116760254,0.061829566955566406,0.9982682055423091,0.9987206740182404,0.9990449607896059,0.9794998066259986,0.9823448981120912,0.984720007741368,0.08325934410095215,0.07286393642425537,0.06040477752685547,0.9982692203922694,0.9986740318141649,0.999088439400142,-0.9111138582229614,1.2469027042388916,0.0292044747620821,0.46308992346938777,-0.5991895954917935,0.3976508378982544
7,client_1,True,flip,raw,pretrained,0.9377620220184326,0.08461141586303711,0.04920649528503418,0.034590721130371094,0.9982126267260496,0.9993949549054719,0.9997009375986048,0.9791781347775261,0.987810965227282,0.9914080902228828,0.0754016637802124,0.04920649528503418,0.03415703773498535,0.9985801610468941,0.9993949549054719,0.9997083879871766,-0.8196266293525696,0.8460360169410706,0.01692248322069645,0.4335140306122449,-0.6483359395407459,0.5595933198928833
7,client_2,False,flip,raw,pretrained,0.902353823184967,0.27546775341033936,0.07485830783843994,0.11055517196655273,0.9812959745597236,0.9986005290641455,0.9969513770584508,0.9345360042048605,0.9815449136412617,0.9729239270716312,0.281516432762146,0.0755239725112915,0.10889041423797607,0.9804777591497671,0.998575556007381,0.9970422968581423,-0.7215684652328491,0.8371274471282959,0.03807723894715309,0.4603794642857143,0.5665302690677004,0.45907020568847656
7,client_3,False,flip,raw,pretrained,0.7449405789375305,0.08337593078613281,0.05382406711578369,0.04370713233947754,0.9982643761504648,0.999276135674823,0.9995225926529383,0.9794774748142603,0.9866785934488889,0.9891621257122607,0.07229423522949219,0.0537567138671875,0.04338943958282471,0.9986946652225914,0.9992779451894869,0.9995295052231636,-0.7777008414268494,0.7143779397010803,-0.04738078638911247,0.6200573979591837,0.6124737673882293,0.5120513439178467
7,client_4,False,flip,raw,pretrained,0.9443440437316895,0.1540391445159912,0.08295917510986328,0.04604661464691162,0.9940942748287644,0.9982816615498584,0.9994701379794702,0.962575037717182,0.9795784796269145,0.9885869902016851,0.1544795036315918,0.08379673957824707,0.04485452175140381,0.9940606113989003,0.9982468352171752,0.9994972076502602,-0.6340613961219788,1.0697575807571411,0.07596360146999359,0.36997767857142855,0.5100712464462583,0.3360785245895386
7,client_5,False,flip,raw,pretrained,0.7668055295944214,0.06483912467956543,0.029750943183898926,0.05057680606842041,0.9989497999021546,0.9997787570631049,0.9993608032668222,0.983985213142549,0.992603552762156,0.9874747191243276,0.05576622486114502,0.02920699119567871,0.049468398094177246,0.9992229851525583,0.999786772022093,0.9993884999915914,-0.9105165600776672,0.7559577226638794,-0.037243906408548355,0.5896843112244898,0.5080920467781715,0.41943323612213135
7,client_6,False,flip,raw,pretrained,0.8329663276672363,0.11121869087219238,0.030783653259277344,0.04677700996398926,0.9969147583880802,0.9997631337606332,0.9994532021791918,0.9727647612142414,0.9923482839476987,0.9884075334823332,0.10274684429168701,0.03060126304626465,0.04586136341094971,0.9973659866183817,0.9997659317740677,0.9994743911270456,-0.7160314321517944,0.8450506925582886,-0.014968727715313435,0.5160235969387755,0.689483097935219,0.46697795391082764
7,client_7,False,flip,raw,pretrained,0.7239156365394592,0.06585514545440674,0.04137146472930908,0.06322658061981201,0.998916655986019,0.9995722377615288,0.999001348485757,0.9837373337199475,0.9897368244249178,0.9843788193376621,0.06005048751831055,0.04066801071166992,0.06315863132476807,0.9990990939244913,0.9995866564106242,0.9990034922203936,-1.1929000616073608,0.8303003907203674,-0.035866811871528625,0.5809151785714286,0.7754573819320824,0.6418254375457764
7,client_8,False,flip,raw,pretrained,0.5994579792022705,0.1390056610107422,0.06296348571777344,0.08484172821044922,0.995186802630597,0.9990096360978087,0.9982028961569678,0.9661341283362537,0.9844430606450163,0.979122348636257,0.14092791080474854,0.06313502788543701,0.0844048261642456,0.9950532606669329,0.9990042363482912,0.9982213326427432,-0.825456976890564,0.8823535442352295,-0.0541594959795475,0.6318558673469388,0.6571970377092627,0.4543074369430542
7,client_9,False,flip,raw,pretrained,0.8549104928970337,0.1761714220046997,0.03723335266113281,0.06659543514251709,0.9922858315758383,0.9996535094305428,0.9988921833098308,0.9573710787005323,0.9907562514220669,0.9835567836514434,0.13606929779052734,0.03719055652618408,0.06352877616882324,0.9953873066706491,0.9996543052811198,0.9989917866698668,-1.0336942672729492,1.054953694343567,0.008041993714869022,0.49099170918367346,0.5531703622295443,0.37128472328186035
7,client_0,True,flip,clip01,random,0.8616279363632202,0.1209402084350586,0.14789807796478271,0.0699847936630249,0.9963533707373846,0.9945538875454034,0.9987766557531399,0.970437225475681,0.9640265169677764,0.9827307840434087,0.15631020069122314,0.1526639461517334,0.06968128681182861,0.9939196514197335,0.9941987946686746,0.9987872337993864,-0.9111138582229614,1.2469027042388916,0.0292044747620821,0.46308992346938777,-0.5991895954917935,
7,client_1,True,flip,clip01,random,0.9377620220184326,0.16375231742858887,0.1341649293899536,0.033863186836242676,0.9933298518711586,0.9955150861345312,0.9997133827713163,0.9602859618495514,0.9672843509318558,0.9915876588076333,0.14352691173553467,0.13583827018737793,0.033100008964538574,0.9948698312826245,0.9954029028490807,0.9997261536085309,-0.8196266293525696,0.8460360169410706,0.01692248322069645,0.4335140306122449,-0.6483359395407459,
7,client_2,False,flip,clip01,random,0.902353823184967,0.27167844772338867,0.08021557331085205,0.08952605724334717,0.981800016299825,0.9983933041838167,0.9979992785147325,0.9353923317845527,0.9802438087721583,0.9779887473419708,0.2115623950958252,0.079842209815979,0.08691251277923584,0.9889035605077721,0.9984082082916226,0.9981142251450905,-0.7215684652328491,0.8371274471282959,0.03807723894715309,0.4603794642857143,0.5665302690677004,
7,client_3,False,flip,clip01,random,0.7449405789375305,0.12510764598846436,0.07781219482421875,0.04886305332183838,0.9960984734060649,0.9984880323109231,0.9994033676172485,0.9694420132689852,0.9808271905602046,0.9878952657538993,0.09997284412384033,0.07614755630493164,0.04806327819824219,0.9975060323617821,0.9985519619533052,0.9994227303742722,-0.7777008414268494,0.7143779397010803,-0.04738078638911247,0.6200573979591837,0.6124737673882293,
7,client_4,False,flip,clip01,random,0.9443440437316895,0.12893617153167725,0.09481287002563477,0.051370978355407715,0.9958567857984544,0.997756412350514,0.9993405819515311,0.9685290856112179,0.976711710769139,0.9872799241786108,0.0957944393157959,0.09324657917022705,0.048763275146484375,0.9977097977421985,0.9978298076553176,0.9994058006868063,-0.6340613961219788,1.0697575807571411,0.07596360146999359,0.36997767857142855,0.5100712464462583,
7,client_5,False,flip,clip01,random,0.7668055295944214,0.23051238059997559,0.0597078800201416,0.22022628784179688,0.9868472156815191,0.9991093376732461,0.987984485600004,0.9447717815968304,0.9852385204469749,0.9471374848544245,0.28943580389022827,0.0605853796005249,0.22779929637908936,0.9793812352577327,0.999082984122043,0.9871520317097229,-0.9105165600776672,0.7559577226638794,-0.037243906408548355,0.5896843112244898,0.5080920467781715,
7,client_6,False,flip,clip01,random,0.8329663276672363,0.1983962059020996,0.0668877363204956,0.10795438289642334,0.9902318938014298,0.9988824452637808,0.9970928171893962,0.9521877842733291,0.9834855076900122,0.9735481852081089,0.18237876892089844,0.06580245494842529,0.10870003700256348,0.9917360755967928,0.9989183874471508,0.9970526070917154,-0.7160314321517944,0.8450506925582886,-0.014968727715313435,0.5160235969387755,0.689483097935219,
7,client_7,False,flip,clip01,random,0.7239156365394592,0.09638524055480957,0.04466736316680908,0.09522390365600586,0.997681510804459,0.9995013932020271,0.9977369504433429,0.9763323855524202,0.988926002990854,0.9766125299483488,0.07717597484588623,0.04379725456237793,0.0927572250366211,0.9985126285188393,0.9995206225450572,0.9978524894366625,-1.1929000616073608,0.8303003907203674,-0.035866811871528625,0.5809151785714286,0.7754573819320824,
7,client_8,False,flip,clip01,random,0.5994579792022705,0.13934588432312012,0.05994224548339844,0.06944704055786133,0.9951632983654277,0.999102336609756,0.9987953666039764,0.9660533639936026,0.9851812244459324,0.9828617670234121,0.14475679397583008,0.05994224548339844,0.06916666030883789,0.9947818796436483,0.999102336609756,0.9988050652589662,-0.825456976890564,0.8823535442352295,-0.0541594959795475,0.6318558673469388,0.6571970377092627,
7,client_9,False,flip,clip01,random,0.8549104928970337,0.0917973518371582,0.03962588310241699,0.04152250289916992,0.9978966355600729,0.999607562890543,0.9995691097387476,0.9774398062233305,0.9901666577428168,0.9896996458352836,0.0717688798904419,0.03895831108093262,0.03999483585357666,0.9987135495358508,0.9996206704521902,0.9996002231828691,-1.0336942672729492,1.054953694343567,0.008041993714869022,0.49099170918367346,0.5531703622295443,
7,client_0,True,flip,clip01,pretrained,0.8616279363632202,0.08023548126220703,0.07419717311859131,0.06323885917663574,0.998392507545196,0.9986251142564495,0.9990009608639818,0.9802389786097325,0.9817056613465527,0.9843758213695992,0.07702434062957764,0.07561194896697998,0.061850786209106445,0.9985184610182476,0.998572239015102,0.9990443056284293,-0.9111138582229614,1.2469027042388916,0.0292044747620821,0.46308992346938777,-0.5991895954917935,
7,client_1,True,flip,clip01,pretrained,0.9377620220184326,0.08320784568786621,0.0435488224029541,0.03447139263153076,0.9982713580328688,0.9995260435603168,0.9997029969472178,0.9795182099999966,0.9892010625723318,0.9914375393032386,0.07602667808532715,0.04399991035461426,0.03397500514984131,0.9985565506216236,0.9995161776070369,0.9997114872012072,-0.8196266293525696,0.8460360169410706,0.01692248322069645,0.4335140306122449,-0.6483359395407459,
7,client_2,False,flip,clip01,pretrained,0.902353823184967,0.3088042736053467,0.08066844940185547,0.11855518817901611,0.9765796746044904,0.9983751331828459,0.9964954058214361,0.9270529825261968,0.9801339386446433,0.971007474771205,0.309853196144104,0.08145380020141602,0.11664211750030518,0.9764231304979536,0.9983433807822859,0.9966073116646508,-0.7215684652328491,0.8371274471282959,0.03807723894715309,0.4603794642857143,0.5665302690677004,
7,client_3,False,flip,clip01,pretrained,0.7449405789375305,0.07603621482849121,0.05564534664154053,0.04717576503753662,0.9985561888602443,0.9992263480457702,0.9994438438894984,0.9812586162683108,0.9862324948766106,0.9883095807588658,0.0713353157043457,0.05580615997314453,0.04686319828033447,0.9987290310067418,0.9992218725376223,0.9994511861639466,-0.7777008414268494,0.7143779397010803,-0.04738078638911247,0.6200573979591837,0.6124737673882293,
7,client_4,False,flip,clip01,pretrained,0.9443440437316895,0.15815985202789307,0.08637726306915283,0.046278953552246094,0.9937755764773224,0.9981373483093745,0.9994647795573681,0.9616029223584484,0.9787505340632385,0.988529899678823,0.16442465782165527,0.08724343776702881,0.045531272888183594,0.9932752435090328,0.9980998578990767,0.9994819271849829,-0.6340613961219788,1.0697575807571411,0.07596360146999359,0.36997767857142855,0.5100712464462583,
7,client_5,False,flip,clip01,pretrained,0.7668055295944214,0.06667327880859375,0.028180718421936035,0.044692158699035645,0.9988895940921694,0.9998014913365281,0.9995008396872722,0.9835378011637079,0.9929918751250937,0.9889199068390984,0.05542802810668945,0.027531027793884277,0.04334700107574463,0.9992323756470785,0.9998105375534752,0.9995304248156791,-0.9105165600776672,0.7559577226638794,-0.037243906408548355,0.5896843112244898,0.5080920467781715,
7,client_6,False,flip,clip01,pretrained,0.8329663276672363,0.10000991821289062,0.028944849967956543,0.04422259330749512,0.9975041857496454,0.9997905818128838,0.9995112697771786,0.9754587953142109,0.9928028741156114,0.9890353622913239,0.09682679176330566,0.028702259063720703,0.04368793964385986,0.9976602570263202,0.9997940768899365,0.9995230116895657,-0.7160314321517944,0.8450506925582886,-0.014968727715313435,0.5160235969387755,0.689483097935219,
7,client_7,False,flip,clip01,pretrained,0.7239156365394592,0.06526577472686768,0.04048454761505127,0.0713735818862915,0.9989359445864976,0.9995903762383667,0.9987276683789537,0.9838811115643313,0.9899551845583323,0.982392631728439,0.05648303031921387,0.03971576690673828,0.07183539867401123,0.9992028936763482,0.9996057810599968,0.998711166051502,-1.1929000616073608,0.8303003907203674,-0.035866811871528625,0.5809151785714286,0.7754573819320824,
7,client_8,False,flip,clip01,pretrained,0.5994579792022705,0.15020859241485596,0.06631231307983398,0.08977890014648438,0.9943831195017871,0.9989015750267456,0.9979879786125758,0.9634800270153852,0.9836258287300164,0.9779276157505605,0.15788817405700684,0.06681132316589355,0.0891411304473877,0.9937968425131103,0.998884995079999,0.9980164206077466,-0.825456976890564,0.8823535442352295,-0.0541594959795475,0.6318558673469388,0.6571970377092627,
7,client_9,False,flip,clip01,pretrained,0.8549104928970337,0.1890711784362793,0.04090285301208496,0.07022953033447266,0.9911225755191098,0.9995818703245027,0.9987680926493903,0.9543574333739655,0.9898521882259586,0.9826711810893265,0.15282297134399414,0.040816307067871094,0.06764554977416992,0.994186755289624,0.9995836373334688,0.998857000681227,-1.0336942672729492,1.054953694343567,0.008041993714869022,0.49099170918367346,0.5531703622295443,
7,client_0,True,flip_global,raw,random,0.9185240268707275,0.02934408187866211,0.08900666236877441,0.0631093978881836,0.9997847659652579,0.9980223916217592,0.9990050440519067,0.992704149187724,0.9781143430586896,0.9844074317028986,0.03192138671875,0.08951318264007568,0.06343305110931396,0.9997453049301384,0.9979998530511658,0.9989948204400076,-0.8558703660964966,1.2143610715866089,0.04659309610724449,0.4429209183673469,-0.5991895954917935,
7,client_1,True,flip_global,raw,random,0.940067708492279,0.09457552433013916,0.10658836364746094,0.049143195152282715,0.997767612275748,0.9971657692873834,0.9993965098820745,0.9767689882516142,0.9738763068519414,0.9878265019304273,0.09901976585388184,0.10616648197174072,0.0496903657913208,0.9975532706529662,0.9971881136713305,0.9993830025501123,-0.7955400943756104,1.0172431468963623,0.018995650112628937,0.4411670918367347,-0.6483359395407459,
7,client_2,False,flip_global,raw,random,0.908103883266449,0.14937055110931396,0.10632014274597168,0.06498432159423828,0.9944453592271101,0.9971799854125505,0.9989450948495813,0.9636781893219455,0.9739407537637936,0.9839497835914703,0.1071622371673584,0.10415387153625488,0.060527920722961426,0.9971352338237953,0.9972934992076237,0.9990847214903156,-0.6995313167572021,0.8421899080276489,0.041506972163915634,0.4807876275510204,0.5665302690677004,
7,client_3,False,flip_global,raw,random,0.7620314359664917,0.1742873191833496,0.07912015914916992,0.11265861988067627,0.9924490200989726,0.9984368351397945,0.9968345440704858,0.957812439753625,0.9805096384727234,0.9724194834524602,0.16730105876922607,0.0810706615447998,0.11055362224578857,0.9930391440223436,0.9983589096456356,0.9969514623312206,-0.9163278341293335,0.7328963279724121,-0.045234061777591705,0.58203125,0.6124737673882293,
7,client_4,False,flip_global,raw,random,0.950654923915863,0.15971863269805908,0.0926814079284668,0.0715017318725586,0.9936528670364273,0.9978559929845041,0.9987230997605545,0.9612355750809116,0.9772262668959595,0.9823614376336482,0.11850214004516602,0.08908665180206299,0.0713043212890625,0.9964985331775975,0.9980188407951096,0.9987301341591939,-0.7048348784446716,0.9261260032653809,0.07367655634880066,0.3848852040816326,0.5100712464462583,
7,client_5,False,flip_global,raw,random,0.7727277278900146,0.2069857120513916,0.06999647617340088,0.1301097869873047,0.989374669038706,0.998776247670107,0.995781256911513,0.9501958196134783,0.9827279387717682,0.9682494907002985,0.19337034225463867,0.0700463056564331,0.1282815933227539,0.990717117488144,0.9987745063089872,0.9958986180594813,-0.9691910743713379,0.7524358034133911,-0.036526888608932495,0.5968590561224489,0.5080920467781715,
7,client_6,False,flip_global,raw,random,0.853563129901886,0.19169211387634277,0.059290170669555664,0.051283955574035645,0.9908764477206184,0.9991217478400067,0.9993428130760285,0.9537468718496802,0.9853406514572209,0.9873012663533762,0.18053054809570312,0.05934000015258789,0.0499042272567749,0.9919017059049862,0.9991202719680699,0.9993776826373761,-0.7155920267105103,0.8416873812675476,-0.00807034969329834,0.5096460459183674,0.689483097935219,
7,client_7,False,flip_global,raw,random,0.7819214463233948,0.1974194049835205,0.13520121574401855,0.13531482219696045,0.9903271459185357,0.9954457736183002,0.9954381430002903,0.9524147083151975,0.9670379424931486,0.9670109348549321,0.1534055471420288,0.13579463958740234,0.13186979293823242,0.9941425448145473,0.9954058453232943,0.9956667241211068,-1.1194159984588623,0.8127582669258118,-0.05723191425204277,0.6308195153061225,0.7754573819320824,
7,client_8,False,flip_global,raw,random,0.6578659415245056,0.42727673053741455,0.1807616949081421,0.09648799896240234,0.9558755301805291,0.9918810814722236,0.9976765732083259,0.9011763334839185,0.9562970611186197,0.9763076033853877,0.3807048797607422,0.18426096439361572,0.09157156944274902,0.9647277493030038,0.9915657100774931,0.9979069533687521,-0.8960290551185608,0.8703619241714478,-0.06935346126556396,0.6310586734693877,0.6571970377092627,
7,client_9,False,flip_global,raw,random,0.8703181743621826,0.12376785278320312,0.05595362186431885,0.07801949977874756,0.9961813515987081,0.999217757281182,0.9984799744990049,0.9697617977095347,0.9861570168498945,0.9807768500552883,0.11852383613586426,0.054762840270996094,0.07858157157897949,0.9964972542914483,0.9992506792092404,0.9984580197546036,-0.9771984219551086,0.981874406337738,0.010070309042930603,0.48549107142857145,0.5531703622295443,
7,client_0,True,flip_global,raw,pretrained,0.9185240268707275,0.058144330978393555,0.09575462341308594,0.08231949806213379,0.9991553446576986,0.9977116978731195,0.9983080252160723,0.9856208937936373,0.9764844916919195,0.9797335420317277,0.0719289779663086,0.1005849838256836,0.08218395709991455,0.9987078092180373,0.9974754554643301,0.9983135853368279,-0.8558703660964966,1.2143610715866089,0.04659309610724449,0.4429209183673469,-0.5991895954917935,0.2756798267364502
7,client_1,True,flip_global,raw,pretrained,0.940067708492279,0.05293571949005127,0.030003070831298828,0.03500819206237793,0.9992998203067571,0.9997749919138685,0.9996936770156681,0.9868962924464624,0.9925412218968164,0.9913050728984587,0.045939087867736816,0.02936708927154541,0.03450191020965576,0.9994726087505648,0.9997844283766189,0.999702470957305,-0.7955400943756104,1.0172431468963623,0.018995650112628937,0.4411670918367347,-0.6483359395407459,0.5396386384963989
7,client_2,False,flip_global,raw,pretrained,0.908103883266449,0.22075891494750977,0.0735405683517456,0.0865633487701416,0.9879268233141203,0.9986493160245269,0.9981293253830144,0.9470147672360303,0.9818653467545262,0.9787054896511962,0.21454215049743652,0.07431185245513916,0.08360731601715088,0.9885914822649253,0.998620865318897,0.9982547419932666,-0.6995313167572021,0.8421899080276489,0.041506972163915634,0.4807876275510204,0.5665302690677004,0.42139220237731934
7,client_3,False,flip_global,raw,pretrained,0.7620314359664917,0.07715773582458496,0.037822723388671875,0.04058682918548584,0.9985133306736653,0.9996424563059432,0.999588304488273,0.9809861403195919,0.9906109633117588,0.9899299990168939,0.0760505199432373,0.03717648983001709,0.040378689765930176,0.9985556461334639,0.9996545666702319,0.9995925149291263,-0.9163278341293335,0.7328963279724121,-0.045234061777591705,0.58203125,0.6124737673882293,0.47531116008758545
7,client_4,False,flip_global,raw,pretrained,0.950654923915863,0.11462152004241943,0.07651293277740479,0.04287159442901611,0.9967235504688898,0.9985380477392947,0.999540664900733,0.9719490997747424,0.9811427827338501,0.9893676550308506,0.11082422733306885,0.07671821117401123,0.04180872440338135,0.9969365544412241,0.9985302012634358,0.9995631508216638,-0.7048348784446716,0.9261260032653809,0.07367655634880066,0.3848852040816326,0.5100712464462583,0.32339584827423096
7,client_5,False,flip_global,raw,pretrained,0.7727277278900146,0.06136047840118408,0.024805068969726562,0.047318339347839355,0.9990593870146969,0.9998461948826669,0.9994404785994833,0.9848346116169344,0.9938274577399369,0.9882745614369197,0.051145315170288086,0.02434825897216797,0.045612215995788574,0.9993463597951424,0.9998518070441815,0.9994800842613198,-0.9691910743713379,0.7524358034133911,-0.036526888608932495,0.5968590561224489,0.5080920467781715,0.41697514057159424
7,client_6,False,flip_global,raw,pretrained,0.853563129901886,0.09499490261077881,0.027503132820129395,0.03571736812591553,0.9977478036606109,0.999810921238635,0.9996811436760931,0.976667785147026,0.993159514941917,0.9911301096936562,0.07775461673736572,0.026962757110595703,0.03466796875,0.9984902665476656,0.9998182772034312,0.9996996006826726,-0.7155920267105103,0.8416873812675476,-0.00807034969329834,0.5096460459183674,0.689483097935219,0.4496065378189087
7,client_7,False,flip_global,raw,pretrained,0.7819214463233948,0.08118271827697754,0.05267167091369629,0.0686800479888916,0.9983543754500215,0.9993067843928076,0.9988218048967519,0.9800091967159159,0.9869610142444938,0.9830486322495082,0.052680015563964844,0.051483988761901855,0.06821990013122559,0.9993065648405954,0.9993376789113275,0.9988375258121445,-1.1194159984588623,0.8127582669258118,-0.05723191425204277,0.6308195153061225,0.7754573819320824,0.628739058971405
7,client_8,False,flip_global,raw,pretrained,0.6578659415245056,0.16182458400726318,0.08185684680938721,0.07133853435516357,0.9934852090275164,0.9983269664089416,0.9987289164212296,0.9607396144799194,0.979845715048079,0.9824011632095424,0.16319334506988525,0.08186376094818115,0.07026004791259766,0.9933750854029437,0.9983266841221674,0.998767022779891,-0.8960290551185608,0.8703619241714478,-0.06935346126556396,0.6310586734693877,0.6571970377092627,0.46608567237854004
7,client_9,False,flip_global,raw,pretrained,0.8703181743621826,0.14762389659881592,0.038728952407836914,0.057135820388793945,0.9945739792349633,0.9996251224945829,0.9991843737856094,0.964091398083422,0.9903876275713512,0.9858676480157891,0.11122250556945801,0.03864121437072754,0.053529977798461914,0.996914547232689,0.9996268186191719,0.999284020072269,-0.9771984219551086,0.981874406337738,0.010070309042930603,0.48549107142857145,0.5531703622295443,0.3585171699523926
7,client_0,True,flip_global,clip01,random,0.9185240268707275,0.07201778888702393,0.16975605487823486,0.12588143348693848,0.9987046194073703,0.9928344636610251,0.9960502059952439,0.9822358347858999,0.9588751647965046,0.9692573962974904,0.08828926086425781,0.17520862817764282,0.1260284185409546,0.9980540961849689,0.9923694366017537,0.9960410041059926,-0.8558703660964966,1.2143610715866089,0.04659309610724449,0.4429209183673469,-0.5991895954917935,
7,client_1,True,flip_global,clip01,random,0.940067708492279,0.19464373588562012,0.14994847774505615,0.03118109703063965,0.9905953213116268,0.9944024743621231,0.9997569791004517,0.9530599774354851,0.9635415268877607,0.9922500686819318,0.1968071460723877,0.15223896503448486,0.030587315559387207,0.9903866172348341,0.9942309084329817,0.9997661450559203,-0.7955400943756104,1.0172431468963623,0.018995650112628937,0.4411670918367347,-0.6483359395407459,
7,client_2,False,flip_global,clip01,random,0.908103883266449,0.19960379600524902,0.0760495662689209,0.07863545417785645,0.9901135057204578,0.9985556823184119,0.998455906839155,0.9519073570729206,0.9812553718389259,0.9806272988166103,0.1669609546661377,0.07601308822631836,0.07671546936035156,0.9930672693215383,0.9985570660535268,0.9985303062032922,-0.6995313167572021,0.8421899080276489,0.041506972163915634,0.4807876275510204,0.5665302690677004,
7,client_3,False,flip_global,clip01,random,0.7620314359664917,0.12883567810058594,0.07657277584075928,0.05581486225128174,0.9958632217152201,0.9985357624844828,0.9992216299817596,0.9685530321817293,0.9811282434400044,0.9861909896452181,0.1302196979522705,0.07579672336578369,0.056781768798828125,0.9957741489054484,0.9985652599139745,0.9991944447038288,-0.9163278341293335,0.7328963279724121,-0.045234061777591705,0.58203125,0.6124737673882293,
7,client_4,False,flip_global,clip01,random,0.950654923915863,0.10147571563720703,0.09292829036712646,0.059131503105163574,0.9974306317911887,0.9978445739627779,0.9991264390891548,0.9751058539743882,0.9771666461870805,0.9853794502486186,0.07858729362487793,0.09285259246826172,0.05768322944641113,0.9984577954426184,0.9978480784162596,0.9991686799440687,-0.7048348784446716,0.9261260032653809,0.07367655634880066,0.3848852040816326,0.5100712464462583,
7,client_5,False,flip_global,clip01,random,0.7727277278900146,0.23836815357208252,0.05087935924530029,0.23621582984924316,0.9859450920247381,0.99935313669632,0.9861951381942506,0.9429710052186588,0.9874005019409233,0.9434638682425502,0.29056674242019653,0.05195903778076172,0.24625074863433838,0.9792223151388117,0.9993254061004673,0.9850108110018867,-0.9691910743713379,0.7524358034133911,-0.036526888608932495,0.5968590561224489,0.5080920467781715,
7,client_6,False,flip_global,clip01,random,0.853563129901886,0.18862736225128174,0.06720185279846191,0.09835076332092285,0.9911639271104811,0.998871933056459,0.997586160730423,0.954460880969493,0.9834089208344121,0.9758585255924979,0.16990995407104492,0.06631803512573242,0.09827256202697754,0.9928215354361489,0.9989013856100624,0.9975899908805339,-0.7155920267105103,0.8416873812675476,-0.00807034969329834,0.5096460459183674,0.689483097935219,
7,client_7,False,flip_global,clip01,random,0.7819214463233948,0.07490241527557373,0.06533801555633545,0.09478592872619629,0.9985988811412423,0.9989335896229228,0.9977576850658607,0.9815341908041928,0.9838634866132476,0.976718212128225,0.04663956165313721,0.06304931640625,0.09385228157043457,0.9994564095419198,0.9990069361777911,0.9978015688781665,-1.1194159984588623,0.8127582669258118,-0.05723191425204277,0.6308195153061225,0.7754573819320824,
7,client_8,False,flip_global,clip01,random,0.6578659415245056,0.136979341506958,0.05733013153076172,0.07833421230316162,0.9953256173475808,0.9991788201079455,0.9984677010325138,0.966615358874823,0.9858200983257634,0.9807004348494313,0.1763705015182495,0.05736839771270752,0.08003926277160645,0.9922684884975446,0.9991777241914732,0.99840035085793,-0.8960290551185608,0.8703619241714478,-0.06935346126556396,0.6310586734693877,0.6571970377092627,
7,client_9,False,flip_global,clip01,random,0.8703181743621826,0.07586097717285156,0.04145669937133789,0.06077885627746582,0.9985628290133546,0.9995704739389939,0.9990771219335692,0.9813012008965651,0.9897158433531008,0.9849767365713844,0.06262850761413574,0.04130864143371582,0.06052660942077637,0.9990201382017245,0.9995735354888511,0.999084761120612,-0.9771984219551086,0.981874406337738,0.010070309042930603,0.48549107142857145,0.5531703622295443,
7,client_0,True,flip_global,clip01,pretrained,0.9185240268707275,0.05862259864807129,0.1029667854309082,0.08618533611297607,0.9991414010272626,0.9973547201547128,0.9981456050905386,0.9855039075231902,0.9747470241080662,0.9787969956855849,0.07220041751861572,0.10775220394134521,0.08570945262908936,0.9986980476368472,0.9971036725985967,0.99816599901554,-0.8558703660964966,1.2143610715866089,0.04659309610724449,0.4429209183673469,-0.5991895954917935,
7,client_1,True,flip_global,clip01,pretrained,0.940067708492279,0.05751824378967285,0.026694297790527344,0.03382301330566406,0.9991734256845939,0.9998218774156888,0.9997140622778271,0.9857740688370882,0.9933596824644839,0.9915975757812192,0.04751777648925781,0.02637481689453125,0.03294956684112549,0.9994357541232664,0.9998261149387861,0.9997286367524134,-0.7955400943756104,1.0172431468963623,0.018995650112628937,0.4411670918367347,-0.6483359395407459,
7,client_2,False,flip_global,clip01,pretrained,0.908103883266449,0.234533429145813,0.07543671131134033,0.08895981311798096,0.986389077276101,0.9985788422338548,0.9980244698436824,0.94384939275058,0.9814043135361152,0.9781256729424348,0.23491549491882324,0.07652020454406738,0.08646619319915771,0.9863451512115153,0.9985377701439122,0.9981335163045333,-0.6995313167572021,0.8421899080276489,0.041506972163915634,0.4807876275510204,0.5665302690677004,
7,client_3,False,flip_global,clip01,pretrained,0.7620314359664917,0.07606494426727295,0.038181304931640625,0.04102897644042969,0.9985550987810319,0.9996356465841318,0.999579288568823,0.9812516349714622,0.9905225835979836,0.9898211369153076,0.07591080665588379,0.037851691246032715,0.04090225696563721,0.9985609424131192,0.9996419085686494,0.9995818825067695,-0.9163278341293335,0.7328963279724121,-0.045234061777591705,0.58203125,0.6124737673882293,
7,client_4,False,flip_global,clip01,pretrained,0.950654923915863,0.11972999572753906,0.07876157760620117,0.04289710521697998,0.9964257922627293,0.9984509554847989,0.9995401182710284,0.9707265198809962,0.980596680779876,0.9893613788257942,0.11874985694885254,0.0791177749633789,0.04222214221954346,0.9964839176124869,0.9984369292358906,0.9995544716042932,-0.7048348784446716,0.9261260032653809,0.07367655634880066,0.3848852040816326,0.5100712464462583,
7,client_5,False,flip_global,clip01,pretrained,0.7727277278900146,0.07018554210662842,0.02619338035583496,0.04041314125061035,0.9987696339511651,0.9998284987690831,0.999591819505139,0.9826818935437511,0.9934836780233149,0.9899727680412258,0.05187857151031494,0.02558612823486328,0.03834044933319092,0.9993274928466616,0.9998363575973901,0.9996326037526522,-0.9691910743713379,0.7524358034133911,-0.036526888608932495,0.5968590561224489,0.5080920467781715,
7,client_6,False,flip_global,clip01,pretrained,0.853563129901886,0.08753025531768799,0.025822877883911133,0.035155296325683594,0.9980873616789285,0.9998333155851522,0.9996910978691314,0.9784714877019967,0.9935754060045245,0.9912687765031141,0.07157087326049805,0.02530384063720703,0.03404414653778076,0.9987206314408703,0.9998399481273001,0.9997103119763924,-0.7155920267105103,0.8416873812675476,-0.00807034969329834,0.5096460459183674,0.689483097935219,
7,client_7,False,flip_global,clip01,pretrained,0.7819214463233948,0.06867063045501709,0.06068229675292969,0.07470190525054932,0.9988221277016538,0.9990800499397783,0.9986063647188748,0.9830509270093613,0.9850003347983276,0.9815829376590532,0.03961539268493652,0.05957841873168945,0.07432210445404053,0.9996077705867692,0.9991131932670374,0.9986204851580307,-1.1194159984588623,0.8127582669258118,-0.05723191425204277,0.6308195153061225,0.7754573819320824,
7,client_8,False,flip_global,clip01,pretrained,0.6578659415245056,0.19169187545776367,0.08308982849121094,0.07330143451690674,0.9908764702600221,0.9982762518299617,0.9986580770246749,0.9537469273639227,0.9795468128202145,0.9819235134708784,0.18310987949371338,0.08329963684082031,0.07186996936798096,0.9916701022212595,0.9982675469689906,0.9987099264544537,-0.8960290551185608,0.8703619241714478,-0.06935346126556396,0.6310586734693877,0.6571970377092627,
7,client_9,False,flip_global,clip01,pretrained,0.8703181743621826,0.14236938953399658,0.04243159294128418,0.04926574230194092,0.9949519333064172,0.9995500418845653,0.9993934976840271,0.9653360706025957,0.9894759143061593,0.9877964236735148,0.11329507827758789,0.04209017753601074,0.04673147201538086,0.9967987630848358,0.9995572513135353,0.9994542658531267,-0.9771984219551086,0.981874406337738,0.010070309042930603,0.48549107142857145,0.5531703622295443,
8,client_0,True,orig,raw,random,0.9275093674659729,0.0762178897857666,0.10913324356079102,0.14430630207061768,0.9985492886778147,0.997029120034542,0.9948141810721134,0.9812144702352226,0.9732651529886984,0.964876979636661,0.10730445384979248,0.11367225646972656,0.14894026517868042,0.9971276414264825,0.9967774643354128,0.9944771827042109,-1.205983281135559,0.7326651811599731,-0.02641223929822445,0.5548469387755102,-0.6053710941602565,
8,client_1,True,orig,raw,random,0.9725778698921204,0.30540382862091064,0.02412402629852295,0.2588644027709961,0.9770837724320762,0.9998545237132497,0.9834555067532116,0.9278121425951449,0.9939961657493142,0.9382968758472636,0.33297502994537354,0.02387213706970215,0.2675275206565857,0.9728478321429341,0.999857545489728,0.9823445833529905,-0.7348384857177734,0.7263511419296265,0.003009428735822439,0.5157844387755102,-0.6909296534322362,
8,client_2,False,orig,raw,random,0.9667865037918091,0.12695860862731934,0.03606820106506348,0.05667281150817871,0.9959825242230249,0.9996748505313928,0.9991975314033397,0.9690004823441623,0.9910435716531159,0.9859809643403199,0.10994851589202881,0.03542327880859375,0.05650150775909424,0.9969846675462597,0.9996863716212256,0.9992023723842178,-0.8650126457214355,1.0297809839248657,0.05130769684910774,0.3525988520408163,0.5903199580299278,
8,client_3,False,orig,raw,random,0.968177080154419,0.09590530395507812,0.03870654106140137,0.0744020938873291,0.9977045028251843,0.9996255561091973,0.9986175172257841,0.976448144003718,0.9903931498276877,0.9816558328685077,0.0911705493927002,0.03777480125427246,0.07583808898925781,0.9979252169414943,0.9996433615195424,0.9985636951723058,-0.7059040665626526,0.8170605897903442,0.03486393392086029,0.418765943877551,0.5830097972130314,
8,client_4,False,orig,raw,random,0.9679700136184692,0.13148605823516846,0.025340676307678223,0.07114791870117188,0.9956918252384199,0.9998394818582426,0.998735693550614,0.9679217707026231,0.9936948071736436,0.9824475659672101,0.12120604515075684,0.024530649185180664,0.07163989543914795,0.9963373660410304,0.9998495787847008,0.998718165006532,-0.8168739080429077,0.8753572702407837,0.037922751158475876,0.40736607142857145,0.5976679497768752,
8,client_5,False,orig,raw,random,0.9498241543769836,0.04673171043395996,0.03012681007385254,0.0536191463470459,0.9994542602868466,0.9997731324377583,0.999281634058409,0.9884186620674675,0.9925106332941951,0.9867288050593515,0.04906761646270752,0.03008413314819336,0.053842902183532715,0.9993983638661919,0.999773774623955,0.9992756292467329,-0.8599473237991333,0.9364556074142456,0.01987360417842865,0.40537308673469385,0.4850435450095349,
8,client_6,False,orig,raw,random,0.9686594009399414,0.17853915691375732,0.06880044937133789,0.0731583833694458,0.9920783241621671,0.9988176740104984,0.9986633043166411,0.956816857386962,0.9830192948889349,0.9819583115861563,0.1957453489303589,0.07065808773040771,0.07202577590942383,0.9904893287687511,0.9987530260968991,0.9987043323463343,-0.7757631540298462,0.7689257860183716,-0.01497460063546896,0.5242346938775511,0.7690380877266789,
8,client_7,False,orig,raw,random,0.9645766019821167,0.033139824867248535,0.028059720993041992,0.043930649757385254,0.9997254945299854,0.999803192069298,0.9995176990347239,0.9917662459730296,0.9930218076927948,0.9891071547690327,0.03351747989654541,0.027903437614440918,0.043930649757385254,0.9997192037842577,0.9998053779552991,0.9995176990347239,-0.5964856147766113,0.7579067349433899,0.03862791508436203,0.3667091836734694,0.7557961995954721,
8,client_8,False,orig,raw,random,0.9781486988067627,0.03924977779388428,0.03714907169342041,0.07001316547393799,0.9996149749551584,0.999655075873567,0.9987756645766204,0.990259306870733,0.9907770304699282,0.982723874119444,0.043233275413513184,0.03711509704589844,0.0705256462097168,0.9995328846863702,0.9996557063222764,0.9987576920191532,-0.6547582149505615,0.8581968545913696,0.003071822691708803,0.4801498724489796,0.7391801272964073,
8,client_9,False,orig,raw,random,0.9544309973716736,0.039168596267700195,0.03909504413604736,0.061331748962402344,0.9996165655687921,0.999618003857105,0.99906026699193,0.9902793066936648,0.9902974274677294,0.9848416312087449,0.057245612144470215,0.04021251201629639,0.06401979923248291,0.9991812380987153,0.9995958610073987,0.9989761532036112,-0.831758439540863,0.8828502893447876,0.02717970870435238,0.4194834183673469,0.5836877801591592,
8,client_0,True,orig,raw,pretrained,0.9275093674659729,0.11350023746490479,0.06107485294342041,0.08965003490447998,0.9967871867148244,0.999068117401323,0.997993741738165,0.9722177588169147,0.9849044030957586,0.9779587716817422,0.13485682010650635,0.061865806579589844,0.09189426898956299,0.9954688670511531,0.9990438417271541,0.9978921988929919,-1.205983281135559,0.7326651811599731,-0.02641223929822445,0.5548469387755102,-0.6053710941602565,0.4702279567718506
8,client_1,True,orig,raw,pretrained,0.9725778698921204,0.05233168601989746,0.03429436683654785,0.08596599102020264,0.9993157000624486,0.9997060389267467,0.9981550190470894,0.9870443584193325,0.9914812299173255,0.9788500987366529,0.06099271774291992,0.0346529483795166,0.08685135841369629,0.9990706204142255,0.9996998608719023,0.9981168742438578,-0.7348384857177734,0.7263511419296265,0.003009428735822439,0.5157844387755102,-0.6909296534322362,0.5608802437782288
8,client_2,False,orig,raw,pretrained,0.9667865037918091,0.08835697174072266,0.05323946475982666,0.05798792839050293,0.9980511146978912,0.9992917662694172,0.9991598797675718,0.9782714798908065,0.9868218483411015,0.9856591550422575,0.09506869316101074,0.0539168119430542,0.058296799659729004,0.9977443092842941,0.9992736402891647,0.9991509118883153,-0.8650126457214355,1.0297809839248657,0.05130769684910774,0.3525988520408163,0.5903199580299278,0.44050323963165283
8,client_3,False,orig,raw,pretrained,0.968177080154419,0.07202553749084473,0.05734360218048096,0.07637429237365723,0.9987043409157796,0.9991784344012291,0.9985433352303976,0.9822339490409346,0.9858168020637805,0.9811764676391939,0.07963764667510986,0.05730164051055908,0.07837116718292236,0.9984163447998771,0.999179635596938,0.998466256603372,-0.7059040665626526,0.8170605897903442,0.03486393392086029,0.418765943877551,0.5830097972130314,0.4079442024230957
8,client_4,False,orig,raw,pretrained,0.9679700136184692,0.1539924144744873,0.04099142551422119,0.11582374572753906,0.9940978415858628,0.9995800580689178,0.9966546323779422,0.9625860702560494,0.9898303817179435,0.9716611705949003,0.14678740501403809,0.04119157791137695,0.11546874046325684,0.9946350497217733,0.9995759483904303,0.9966750572767846,-0.8168739080429077,0.8753572702407837,0.037922751158475876,0.40736607142857145,0.5976679497768752,0.46847712993621826
8,client_5,False,orig,raw,pretrained,0.9498241543769836,0.07818806171417236,0.0582118034362793,0.13221359252929688,0.9984734068725802,0.9991533844382166,0.9956441739496138,0.9807359204964647,0.985604388485853,0.9677485963238464,0.08617806434631348,0.05801260471343994,0.13537073135375977,0.9981459175659941,0.9991591650529306,0.9954343854224279,-0.8599473237991333,0.9364556074142456,0.01987360417842865,0.40537308673469385,0.4850435450095349,0.413429856300354
8,client_6,False,orig,raw,pretrained,0.9686594009399414,0.14321458339691162,0.09431648254394531,0.0562746524810791,0.9948920489430098,0.9977798041772481,0.9992087607306721,0.9651357006921368,0.9768315073012885,0.9860784250096457,0.11406230926513672,0.0938107967376709,0.05608570575714111,0.996755364841069,0.9978035087589574,0.9992140619840375,-0.7757631540298462,0.7689257860183716,-0.01497460063546896,0.5242346938775511,0.7690380877266789,0.4999208450317383
8,client_7,False,orig,raw,pretrained,0.9645766019821167,0.04845428466796875,0.03487980365753174,0.05372464656829834,0.9994133038615658,0.999695919190869,0.9992788059161801,0.9879956153018523,0.9913367529866901,0.9867029539258585,0.04142725467681885,0.034128665924072266,0.054135799407958984,0.9995710836693934,0.9997088721227727,0.9992677312176377,-0.5964856147766113,0.7579067349433899,0.03862791508436203,0.3667091836734694,0.7557961995954721,0.46912527084350586
8,client_8,False,orig,raw,pretrained,0.9781486988067627,0.15035796165466309,0.07447528839111328,0.24311375617980957,0.9943719901862929,0.9986147986273284,0.9853861028024482,0.9634447137589859,0.981638035833108,0.9418856708469934,0.14459824562072754,0.07400178909301758,0.25027477741241455,0.994793259270645,0.998632338298844,0.9845226758125618,-0.6547582149505615,0.8581968545913696,0.003071822691708803,0.4801498724489796,0.7391801272964073,0.4131793975830078
8,client_9,False,orig,raw,pretrained,0.9544309973716736,0.06439292430877686,0.05570411682128906,0.044275760650634766,0.9989641932010205,0.999224713938986,0.9995100943348731,0.9840941026380594,0.9862181049320071,0.9890222886352218,0.06724393367767334,0.05583071708679199,0.044275760650634766,0.9988705210514064,0.9992211879679171,0.9995100943348731,-0.831758439540863,0.8828502893447876,0.02717970870435238,0.4194834183673469,0.5836877801591592,0.4285273551940918
8,client_0,True,orig,clip01,random,0.9275093674659729,0.06777000427246094,0.09902322292327881,0.11099207401275635,0.9988527946475187,0.9975531001187214,0.9969272894636287,0.983270418729407,0.9756964842855711,0.9728191179919559,0.06949067115783691,0.09951210021972656,0.11256468296051025,0.9987938538593983,0.9975289247148038,0.9968398081916754,-1.205983281135559,0.7326651811599731,-0.02641223929822445,0.5548469387755102,-0.6053710941602565,
8,client_1,True,orig,clip01,random,0.9725778698921204,0.06167411804199219,0.05113399028778076,0.09555065631866455,0.9990497535610472,0.999346649086611,0.9977214194740016,0.9847579835299611,0.9873380466846284,0.9765336965847267,0.04609692096710205,0.05095028877258301,0.0940999984741211,0.9994689800508574,0.9993513327683428,0.9977899676041775,-0.7348384857177734,0.7263511419296265,0.003009428735822439,0.5157844387755102,-0.6909296534322362,
8,client_2,False,orig,clip01,random,0.9667865037918091,0.05489373207092285,0.0368196964263916,0.020034432411193848,0.9992470949648125,0.9996611636209811,0.9998996629307757,0.9864165563360836,0.9908582425537005,0.9950101449270039,0.05520176887512207,0.03666961193084717,0.02012181282043457,0.9992386262255022,0.999663919626772,0.9998987858460904,-0.8650126457214355,1.0297809839248657,0.05130769684910774,0.3525988520408163,0.5903199580299278,
8,client_3,False,orig,clip01,random,0.968177080154419,0.05604672431945801,0.04181492328643799,0.07430338859558105,0.9992151534677267,0.9995630213132836,0.9986211791332789,0.9861342233729569,0.9896276714594112,0.9816798335463472,0.0675039291381836,0.04222989082336426,0.07544004917144775,0.9988617774854796,0.9995543081172955,0.9985787166007862,-0.7059040665626526,0.8170605897903442,0.03486393392086029,0.418765943877551,0.5830097972130314,
8,client_4,False,orig,clip01,random,0.9679700136184692,0.14134955406188965,0.03364706039428711,0.0880441665649414,0.9950237267581097,0.9997170289005419,0.9980648693289642,0.965577925941064,0.9916410121131587,0.9783471497450951,0.11361813545227051,0.03365015983581543,0.08638322353363037,0.996780524785081,0.9997169767767264,0.9981370915951882,-0.8168739080429077,0.8753572702407837,0.037922751158475876,0.40736607142857145,0.5976679497768752,
8,client_5,False,orig,clip01,random,0.9498241543769836,0.05527901649475098,0.026791095733642578,0.0855339765548706,0.9992364950707515,0.9998205834437315,0.9981734906814355,0.9863221983287416,0.9933357240767551,0.978954701306799,0.08400940895080566,0.027089238166809082,0.08729088306427002,0.9982379369220851,0.9998165685331224,0.9980977935920141,-0.8599473237991333,0.9364556074142456,0.01987360417842865,0.40537308673469385,0.4850435450095349,
8,client_6,False,orig,clip01,random,0.9686594009399414,0.2316516637802124,0.04999053478240967,0.14713144302368164,0.9867181834543679,0.9993755292351607,0.9946099735646969,0.9445103037687774,0.9876185570228944,0.9642079466781466,0.18079781532287598,0.049134135246276855,0.145255446434021,0.9918778562462367,0.9993967322764825,0.9947460094224958,-0.7757631540298462,0.7689257860183716,-0.01497460063546896,0.5242346938775511,0.7690380877266789,
8,client_7,False,orig,clip01,random,0.9645766019821167,0.04547905921936035,0.0720071792602539,0.06814265251159668,0.9994831142587846,0.9987050006782154,0.9988401546473038,0.9887264712337249,0.9822384168147431,0.9831795916604416,0.03629875183105469,0.07113099098205566,0.06878340244293213,0.9996706815145016,0.9987362945236913,0.9988182593166832,-0.5964856147766113,0.7579067349433899,0.03862791508436203,0.3667091836734694,0.7557961995954721,
8,client_8,False,orig,clip01,random,0.9781486988067627,0.08344733715057373,0.0935739278793335,0.2287423014640808,0.9982614058463761,0.9978145687113755,0.987046477931977,0.9794601703524695,0.9770107541993789,0.9451782498224335,0.09200763702392578,0.09463620185852051,0.2329946756362915,0.9978870032350362,0.9977647516631023,0.9865652932673223,-0.6547582149505615,0.8581968545913696,0.003071822691708803,0.4801498724489796,0.7391801272964073,
8,client_9,False,orig,clip01,random,0.9544309973716736,0.05613827705383301,0.03029465675354004,0.043177247047424316,0.9992125887840908,0.9997705979196796,0.9995340941995905,0.9861118100718733,0.9924691435002309,0.9892924618124308,0.05906939506530762,0.03023231029510498,0.04344666004180908,0.9991282719938124,0.9997715410062424,0.9995282639005276,-0.831758439540863,0.8828502893447876,0.02717970870435238,0.4194834183673469,0.5836877801591592,
8,client_0,True,orig,clip01,pretrained,0.9275093674659729,0.11150574684143066,0.05189621448516846,0.09284543991088867,0.9968988489002915,0.9993270355844952,0.9978484093990068,0.9726959139359634,0.9871511256960106,0.9771866534936446,0.1375439167022705,0.052562594413757324,0.09571290016174316,0.9952871425904282,0.9993096510618666,0.997713688186497,-1.205983281135559,0.7326651811599731,-0.02641223929822445,0.5548469387755102,-0.6053710941602565,
8,client_1,True,orig,clip01,pretrained,0.9725778698921204,0.03823447227478027,0.038608670234680176,0.0865854024887085,0.9996346314340097,0.9996274467753663,0.998128373417809,0.9905094804321761,0.9904172661800505,0.9787001514742171,0.047591447830200195,0.03940463066101074,0.08797812461853027,0.9994340039019365,0.9996119317553653,0.9980677671169105,-0.7348384857177734,0.7263511419296265,0.003009428735822439,0.5157844387755102,-0.6909296534322362,
8,client_2,False,orig,clip01,pretrained,0.9667865037918091,0.0828249454498291,0.050626397132873535,0.050624847412109375,0.9982872105258653,0.9993595497771728,0.9993595889672835,0.9796110148261374,0.9874625537168833,0.9874629338824616,0.08771800994873047,0.05116581916809082,0.05088937282562256,0.998079159400415,0.999345835862651,0.9993528821761875,-0.8650126457214355,1.0297809839248657,0.05130769684910774,0.3525988520408163,0.5903199580299278,
8,client_3,False,orig,clip01,pretrained,0.968177080154419,0.06673729419708252,0.055799007415771484,0.07099282741546631,0.9988874625684565,0.999222071870354,0.9987411943224236,0.9835221911684966,0.9861948715283118,0.9824853232335293,0.07870936393737793,0.05573081970214844,0.07328426837921143,0.9984530062474124,0.9992239708958983,0.9986587048366968,-0.7059040665626526,0.8170605897903442,0.03486393392086029,0.418765943877551,0.5830097972130314,
8,client_4,False,orig,clip01,pretrained,0.9679700136184692,0.1770573854446411,0.03864157199859619,0.14471685886383057,0.9922085028127752,0.9996268117134199,0.9947847470972291,0.9571636426871473,0.9904091587574302,0.9647797107459719,0.17232215404510498,0.03871297836303711,0.14436805248260498,0.992617402401412,0.9996254315859827,0.9948097592702339,-0.8168739080429077,0.8753572702407837,0.037922751158475876,0.40736607142857145,0.5976679497768752,
8,client_5,False,orig,clip01,pretrained,0.9498241543769836,0.08155179023742676,0.05919849872589111,0.12033629417419434,0.9983393974823451,0.9991244597905482,0.9963896002185111,0.9799196886838637,0.9853630676092566,0.9705815715309594,0.08749818801879883,0.05871689319610596,0.12300002574920654,0.9980887608289064,0.99913863847617,0.9962284509459847,-0.8599473237991333,0.9364556074142456,0.01987360417842865,0.40537308673469385,0.4850435450095349,
8,client_6,False,orig,clip01,pretrained,0.9686594009399414,0.13555681705474854,0.09541201591491699,0.0542222261428833,0.9954218678298641,0.9977280156820838,0.9992653925353605,0.9669534092443037,0.9765671442329156,0.9865810437486853,0.11458814144134521,0.09494209289550781,0.05424857139587402,0.9967254537530972,0.9977503028279111,0.9992646789001871,-0.7757631540298462,0.7689257860183716,-0.01497460063546896,0.5242346938775511,0.7690380877266789,
8,client_7,False,orig,clip01,pretrained,0.9645766019821167,0.05361831188201904,0.036434173583984375,0.0608363151550293,0.9992816564057843,0.9996682203302623,0.9990753773858794,0.9867290095356451,0.9909533112963842,0.984962694572338,0.04810762405395508,0.03521227836608887,0.061431884765625,0.9994216651029839,0.9996900959123303,0.999057198071347,-0.5964856147766113,0.7579067349433899,0.03862791508436203,0.3667091836734694,0.7557961995954721,
8,client_8,False,orig,clip01,pretrained,0.9781486988067627,0.1636044979095459,0.08695971965789795,0.2631622552871704,0.993341828562311,0.9981121789587277,0.9829087024117986,0.9603207367578293,0.9786095534066588,0.937321177267014,0.1515824794769287,0.08641552925109863,0.2699200510978699,0.9942803429541951,0.9981356998978301,0.9820316714846438,-0.6547582149505615,0.8581968545913696,0.003071822691708803,0.4801498724489796,0.7391801272964073,
8,client_9,False,orig,clip01,pretrained,0.9544309973716736,0.07232189178466797,0.05928647518157959,0.04173386096954346,0.9986936672845674,0.9991218572453693,0.9995647133702363,0.9821618306268205,0.9853415550844369,0.9896476228028335,0.07116758823394775,0.05942356586456299,0.041554808616638184,0.9987349950578868,0.9991177941056122,0.9995684392046731,-0.831758439540863,0.8828502893447876,0.02717970870435238,0.4194834183673469,0.5836877801591592,
8,client_0,True,flip,raw,random,0.9260128140449524,0.08681356906890869,0.14672482013702393,0.0956261157989502,0.998118510284477,0.9946396051837056,0.9977178252788268,0.9786449255488794,0.9643041977433402,0.976515492353655,0.07367706298828125,0.14624476432800293,0.0967555046081543,0.998644302613878,0.9946744841820392,0.9976636949165081,-0.8450717926025391,0.8362056016921997,0.02168923057615757,0.4520886479591837,-0.6053710941602565,
8,client_1,True,flip,raw,random,0.962540864944458,0.14348089694976807,0.04154682159423828,0.18819105625152588,0.9948731075648245,0.9995686050309345,0.9912044867436536,0.9650725787419316,0.9896936598967541,0.9545625944648977,0.15080547332763672,0.04144322872161865,0.19188356399536133,0.9943385815576582,0.9995707529381717,0.9908583397785968,-0.7846994996070862,0.7746050357818604,-0.009710153564810753,0.5210459183673469,-0.6909296534322362,
8,client_2,False,flip,raw,random,0.8173345327377319,0.18009638786315918,0.04895210266113281,0.07896220684051514,0.9919403749232156,0.9994011919756105,0.9984430629061596,0.9564526153637645,0.9878734068576651,0.9805479784853626,0.1455439329147339,0.04543411731719971,0.07849490642547607,0.9947252019111164,0.9994841349204715,0.9984614151587168,-0.6252380609512329,0.7642551064491272,-0.039166927337646484,0.5846619897959183,0.5903199580299278,
8,client_3,False,flip,raw,random,0.8542464375495911,0.12880969047546387,0.0684736967086792,0.1289440393447876,0.9958648852383336,0.9988288678959378,0.9958562817096659,0.9685592249152335,0.9830989154750853,0.9685272108282792,0.15968990325927734,0.06962287425994873,0.1334449052810669,0.9936551393381956,0.9987892643807588,0.995562935515417,-0.8560998439788818,0.6637426614761353,-0.02861763723194599,0.5904017857142857,0.5830097972130314,
8,client_4,False,flip,raw,random,0.8859606385231018,0.1742112636566162,0.05210983753204346,0.1117473840713501,0.9924555715219137,0.9993214866912861,0.99688542515925,0.9578302625813546,0.9870987482335682,0.9726379655235293,0.12265443801879883,0.050417184829711914,0.10764813423156738,0.9962495551093398,0.9993648296119149,0.9971092524539142,-0.6787444353103638,0.7911374568939209,-0.024835040792822838,0.5931919642857143,0.5976679497768752,
8,client_5,False,flip,raw,random,0.9347767233848572,0.15010380744934082,0.10873448848724365,0.09810912609100342,0.9943909204082826,0.9970507426326092,0.9975979858944506,0.9635048010027571,0.9733608761181676,0.9759167623217782,0.17768120765686035,0.1106114387512207,0.10028350353240967,0.992153827021609,0.9969482801988072,0.9974905378113763,-0.7469364404678345,0.7635889053344727,-0.008161259815096855,0.5219228316326531,0.4850435450095349,
8,client_6,False,flip,raw,random,0.9408013820648193,0.18796801567077637,0.01810002326965332,0.1704246997833252,0.9912251855963929,0.99991810232018,0.9927782111996657,0.9546145969167783,0.9954903055131026,0.9587182350079113,0.20385169982910156,0.017850041389465332,0.17599797248840332,0.9896915199380223,0.9999203487641581,0.9923009262658373,-0.6712515354156494,0.73628169298172,0.016640527173876762,0.46683673469387754,0.7690380877266789,
8,client_7,False,flip,raw,random,0.891704797744751,0.16385555267333984,0.0792534351348877,0.16467392444610596,0.9933214812184679,0.9984315706797557,0.9932549420424224,0.9602616766241399,0.980477289933128,0.9600691941688426,0.17983698844909668,0.07998156547546387,0.16778695583343506,0.9919634352963047,0.9984026535178134,0.9929988649943227,-0.606514573097229,0.7360432147979736,-0.026444464921951294,0.5662468112244898,0.7557961995954721,
8,client_8,False,flip,raw,random,0.9545201063156128,0.20220732688903809,0.06486189365386963,0.12364530563354492,0.9898558935917232,0.9989490627755171,0.9961888882068097,0.9513031858214074,0.9839796571504063,0.9697910554072888,0.20078670978546143,0.06500411033630371,0.1235508918762207,0.9899968610560128,0.9989444527903302,0.9961946895873512,-0.9966285228729248,0.7683613300323486,0.010379146784543991,0.5031090561224489,0.7391801272964073,
8,client_9,False,flip,raw,random,0.9074741005897522,0.0890268087387085,0.052156686782836914,0.06546521186828613,0.9980214975990185,0.9993202667329724,0.9989294368656616,0.9781094709809606,0.9870872619927684,0.9838324550540012,0.10428142547607422,0.05316174030303955,0.06439566612243652,0.9972868795215915,0.9992938315705444,0.9989641050595734,-0.6281650066375732,0.7361570596694946,-0.013762695714831352,0.5418526785714286,0.5836877801591592,
8,client_0,True,flip,raw,pretrained,0.9260128140449524,0.06474244594573975,0.10300731658935547,0.060509562492370605,0.9989529269224948,0.9973526413420226,0.9990852762365487,0.9840088048168363,0.974737272945988,0.9850425515209209,0.06716978549957275,0.10315120220184326,0.06125319004058838,0.9988730084688915,0.9973452550021369,0.9990626711385124,-0.8450717926025391,0.8362056016921997,0.02168923057615757,0.4520886479591837,-0.6053710941602565,0.4270172119140625
8,client_1,True,flip,raw,pretrained,0.962540864944458,0.0802990198135376,0.03630518913269043,0.08040952682495117,0.9983899636640783,0.9996705647288584,0.9983855345419796,0.9802235628213158,0.9909851215194021,0.9801967523638166,0.07553315162658691,0.035813331604003906,0.0813065767288208,0.9985752101051946,0.9996794284153316,0.9983493564657839,-0.7846994996070862,0.7746050357818604,-0.009710153564810753,0.5210459183673469,-0.6909296534322362,0.5784330368041992
8,client_2,False,flip,raw,pretrained,0.8173345327377319,0.18715620040893555,0.03620278835296631,0.11025285720825195,0.991300322736443,0.9996724200326135,0.9969679893870089,0.9548039095575087,0.991010376752383,0.972996459731921,0.20385921001434326,0.03610801696777344,0.1122204065322876,0.9896907662504753,0.999674132441835,0.9968590638796653,-0.6252380609512329,0.7642551064491272,-0.039166927337646484,0.5846619897959183,0.5903199580299278,0.5828515291213989
8,client_3,False,flip,raw,pretrained,0.8542464375495911,0.08473873138427734,0.027315616607666016,0.08235394954681396,0.9982072509676856,0.9998134903658282,0.9983066105045855,0.9791472958861078,0.9932059153765682,0.9797251898006256,0.08476293087005615,0.027107715606689453,0.08309710025787354,0.9982062282616488,0.999816318246812,0.998275950492737,-0.8560998439788818,0.6637426614761353,-0.02861763723194599,0.5904017857142857,0.5830097972130314,0.49609994888305664
8,client_4,False,flip,raw,pretrained,0.8859606385231018,0.15708792209625244,0.018899202346801758,0.12755799293518066,0.9938592750257706,0.9999107110175063,0.995944616605082,0.9618556591987424,0.9952918905103816,0.9688575691911891,0.18316853046417236,0.018997788429260254,0.1291600465774536,0.9916647985712943,0.9999097771142913,0.9958424303162932,-0.6787444353103638,0.7911374568939209,-0.024835040792822838,0.5931919642857143,0.5976679497768752,0.5463961362838745
8,client_5,False,flip,raw,pretrained,0.9347767233848572,0.10948717594146729,0.07412314414978027,0.06719565391540527,0.9970098622463763,0.9986278536028452,0.9988721409827628,0.9731802016080109,0.981723663143794,0.9834104321392891,0.11830449104309082,0.07579100131988525,0.06747663021087646,0.9965101730216219,0.9985654762954648,0.9988626971198455,-0.7469364404678345,0.7635889053344727,-0.008161259815096855,0.5219228316326531,0.4850435450095349,0.35868024826049805
8,client_6,False,flip,raw,pretrained,0.9408013820648193,0.10434377193450928,0.020238757133483887,0.0557560920715332,0.9972836409941759,0.999897606041495,0.9992232673314518,0.9744158247285126,0.9949594475702215,0.9862053789960834,0.09909999370574951,0.019865989685058594,0.05573415756225586,0.9975493115595242,0.999901342913982,0.9992238779905318,-0.6712515354156494,0.73628169298172,0.016640527173876762,0.46683673469387754,0.7690380877266789,0.4180023670196533
8,client_7,False,flip,raw,pretrained,0.891704797744751,0.06125843524932861,0.061009883880615234,0.06599736213684082,0.999062510714593,0.9990700975658122,0.9989119757119134,0.9848595446152875,0.9849202790718452,0.9837026444764938,0.0544666051864624,0.06069028377532959,0.06552731990814209,0.9992587595660074,0.9990798079227974,0.998927406211759,-0.606514573097229,0.7360432147979736,-0.026444464921951294,0.5662468112244898,0.7557961995954721,0.5502886772155762
8,client_8,False,flip,raw,pretrained,0.9545201063156128,0.16491806507110596,0.06970226764678955,0.08293664455413818,0.9932350288551288,0.9987865040335442,0.9982825935742257,0.9600117830958479,0.9827995969289496,0.9795839405728299,0.21799194812774658,0.07148993015289307,0.08394479751586914,0.9882249122090743,0.9987235208397447,0.998240642700547,-0.9966285228729248,0.7683613300323486,0.010379146784543991,0.5031090561224489,0.7391801272964073,0.35039758682250977
8,client_9,False,flip,raw,pretrained,0.9074741005897522,0.10568785667419434,0.03261375427246094,0.08175837993621826,0.9972133570115211,0.9997341387816088,0.9983309839873196,0.9740927019576977,0.9918961551848577,0.97986959151493,0.09748601913452148,0.031522154808044434,0.08251404762268066,0.9976283460418411,0.9997516347127564,0.9983000285296422,-0.6281650066375732,0.7361570596694946,-0.013762695714831352,0.5418526785714286,0.5836877801591592,0.48321104049682617
8,client_0,True,flip,clip01,random,0.9260128140449524,0.06782197952270508,0.21471869945526123,0.13226300477981567,0.9988510358240252,0.9885728594999614,0.9956409281862229,0.9832577498348316,0.9484078391645578,0.9677368364546071,0.08855640888214111,0.21850824356079102,0.13844716548919678,0.9980423197555823,0.9881695661581618,0.9952252634121608,-0.8450717926025391,0.8362056016921997,0.02168923057615757,0.4520886479591837,-0.6053710941602565,
8,client_1,True,flip,clip01,random,0.962540864944458,0.16561949253082275,0.024242758750915527,0.20349442958831787,0.9931776565492971,0.999853088351319,0.9897273428458953,0.9598468670815405,0.99396675023315,0.951004715631679,0.18762266635894775,0.02400493621826172,0.20851874351501465,0.99125718792457,0.9998559563226181,0.9892179740590232,-0.7846994996070862,0.7746050357818604,-0.009710153564810753,0.5210459183673469,-0.6909296534322362,
8,client_2,False,flip,clip01,random,0.8173345327377319,0.14999675750732422,0.048951029777526855,0.06984889507293701,0.9943988844082079,0.999401218211694,0.998781397855006,0.963530111479586,0.9878736702135411,0.9827638830097487,0.137298583984375,0.04830503463745117,0.06956887245178223,0.9953038807304315,0.9994169110273528,0.9987911401231329,-0.6252380609512329,0.7642551064491272,-0.039166927337646484,0.5846619897959183,0.5903199580299278,
8,client_3,False,flip,clip01,random,0.8542464375495911,0.09385597705841064,0.04476475715637207,0.1105884313583374,0.997801396031365,0.9994992172962449,0.9969495466881508,0.9769426639146468,0.9889020583344106,0.9729159478306477,0.07875776290893555,0.04437589645385742,0.10994696617126465,0.9984511053580403,0.9995078766680268,0.9969847523553521,-0.8560998439788818,0.6637426614761353,-0.02861763723194599,0.5904017857142857,0.5830097972130314,
8,client_4,False,flip,clip01,random,0.8859606385231018,0.18146729469299316,0.03922426700592041,0.10710227489471436,0.991817963999202,0.9996154751500033,0.9971384319852772,0.9561321276274022,0.9902655916249701,0.9737528444535066,0.14979112148284912,0.037618160247802734,0.10631239414215088,0.9944141670657873,0.9996463123541361,0.9971803955727943,-0.6787444353103638,0.7911374568939209,-0.024835040792822838,0.5931919642857143,0.5976679497768752,
8,client_5,False,flip,clip01,random,0.9347767233848572,0.19778108596801758,0.12815523147583008,0.10220742225646973,0.9902919300369759,0.9959066692760459,0.9973935172643316,0.9523306754662588,0.9687151991395198,0.9749297420761891,0.2542092800140381,0.1338512897491455,0.104941725730896,0.9840381100094961,0.9955359603620144,0.9972524833541023,-0.7469364404678345,0.7635889053344727,-0.008161259815096855,0.5219228316326531,0.4850435450095349,
8,client_6,False,flip,clip01,random,0.9408013820648193,0.08063125610351562,0.05891263484954834,0.12506818771362305,0.9983766293474268,0.9991328896872231,0.996100926857725,0.9801429612381989,0.9854329736064207,0.9694514289833556,0.07048153877258301,0.05851423740386963,0.1256122589111328,0.9987592439907544,0.9991445702220914,0.9960670299588144,-0.6712515354156494,0.73628169298172,0.016640527173876762,0.46683673469387754,0.7690380877266789,
8,client_7,False,flip,clip01,random,0.891704797744751,0.1010216474533081,0.09963691234588623,0.07034289836883545,0.9974535305483776,0.9975227337105073,0.9987641159162401,0.9752151660685857,0.9755486399675117,0.9826435733765142,0.07892334461212158,0.09764242172241211,0.0698930025100708,0.9984445932729245,0.9976207435643185,0.9987798597583828,-0.606514573097229,0.7360432147979736,-0.026444464921951294,0.5662468112244898,0.7557961995954721,
8,client_8,False,flip,clip01,random,0.9545201063156128,0.16505813598632812,0.09571003913879395,0.0764000415802002,0.99322359100558,0.9977138246335668,0.9985423539247658,0.9599788469421491,0.9764952468561667,0.981170211326033,0.2341795563697815,0.10108029842376709,0.07748210430145264,0.9864297008272886,0.9974505784985805,0.9985008186736173,-0.9966285228729248,0.7683613300323486,0.010379146784543991,0.5031090561224489,0.7391801272964073,
8,client_9,False,flip,clip01,random,0.9074741005897522,0.1051778793334961,0.04403209686279297,0.05297231674194336,0.9972401294356095,0.9995154697607058,0.9992988523392203,0.9742152833895295,0.9890822068026794,0.986887322478603,0.1002655029296875,0.043729424476623535,0.05247139930725098,0.9974914369175347,0.9995221057151,0.9993120432334095,-0.6281650066375732,0.7361570596694946,-0.013762695714831352,0.5418526785714286,0.5836877801591592,
8,client_0,True,flip,clip01,pretrained,0.9260128140449524,0.07499313354492188,0.11614429950714111,0.06235933303833008,0.9985954887261514,0.9966361362875114,0.9990285367824934,0.9815121370892943,0.9715844206234365,0.9845906036929719,0.0754244327545166,0.11652159690856934,0.06311023235321045,0.9985793043364406,0.9966143012351822,0.9990050177597294,-0.8450717926025391,0.8362056016921997,0.02168923057615757,0.4520886479591837,-0.6053710941602565,
8,client_1,True,flip,clip01,pretrained,0.962540864944458,0.07227277755737305,0.029673457145690918,0.07324731349945068,0.9986954392229281,0.9997799078224343,0.9986600558794716,0.9821737821234882,0.9926227099998839,0.9819366785401602,0.07382893562316895,0.02939140796661377,0.07431554794311523,0.9986387134915069,0.9997840712597281,0.998620728290186,-0.7846994996070862,0.7746050357818604,-0.009710153564810753,0.5210459183673469,-0.6909296534322362,
8,client_2,False,flip,clip01,pretrained,0.8173345327377319,0.20258724689483643,0.0411992073059082,0.11525845527648926,0.9898180309238953,0.9995757913424457,0.9966871265657535,0.9512150703660485,0.9897792287683043,0.9717965398831963,0.22747588157653809,0.04109692573547363,0.11744141578674316,0.9871881361005748,0.999577894351307,0.9965607755071038,-0.6252380609512329,0.7642551064491272,-0.039166927337646484,0.5846619897959183,0.5903199580299278,
8,client_3,False,flip,clip01,pretrained,0.8542464375495911,0.08102762699127197,0.025807619094848633,0.08207190036773682,0.998360649313436,0.999833512490655,0.9983181752108548,0.9800468134108768,0.9935791840059072,0.979793571418347,0.08194875717163086,0.02549731731414795,0.082985520362854,0.9983232120033352,0.9998374915119204,0.9982805714029976,-0.8560998439788818,0.6637426614761353,-0.02861763723194599,0.5904017857142857,0.5830097972130314,
8,client_4,False,flip,clip01,pretrained,0.8859606385231018,0.16339755058288574,0.02110612392425537,0.1264721155166626,0.993358578121962,0.9998886421845206,0.9960131624330866,0.9603694248074772,0.9947442783572624,0.969116501756363,0.18861591815948486,0.021266937255859375,0.12806129455566406,0.9911649921373731,0.9998869389329579,0.9959126494414772,-0.6787444353103638,0.7911374568939209,-0.024835040792822838,0.5931919642857143,0.5976679497768752,
8,client_5,False,flip,clip01,pretrained,0.9347767233848572,0.1239556074142456,0.06929969787597656,0.06828820705413818,0.996169790437013,0.9988004682202394,0.998835198767706,0.9697169745275429,0.982897660526705,0.9831441184803089,0.12903285026550293,0.07062339782714844,0.06816208362579346,0.9958505895098857,0.9987542490671544,0.9988394936610636,-0.7469364404678345,0.7635889053344727,-0.008161259815096855,0.5219228316326531,0.4850435450095349,
8,client_6,False,flip,clip01,pretrained,0.9408013820648193,0.09373235702514648,0.018597126007080078,0.05266690254211426,0.9978071743659576,0.9999135423326746,0.9993069098356315,0.9769725064972485,0.9953668810914833,0.9869621830939808,0.09296703338623047,0.01839590072631836,0.05277049541473389,0.9978427792471354,0.9999154030769799,0.9993041820388935,-0.6712515354156494,0.73628169298172,0.016640527173876762,0.46683673469387754,0.7690380877266789,
8,client_7,False,flip,clip01,pretrained,0.891704797744751,0.04339945316314697,0.05716264247894287,0.0584484338760376,0.9995292881096294,0.9991836082926338,0.9991464918955062,0.9892378025468005,0.9858610842035092,0.9855465065415201,0.040967345237731934,0.05693173408508301,0.057982683181762695,0.9995805511557982,0.9991901865984165,0.9991600316485043,-0.606514573097229,0.7360432147979736,-0.026444464921951294,0.5662468112244898,0.7557961995954721,
8,client_8,False,flip,clip01,pretrained,0.9545201063156128,0.182000994682312,0.06849455833435059,0.09093904495239258,0.9917700640325309,0.9988281548057492,0.997935724033602,0.956007403987795,0.9830938317846774,0.9776471929825243,0.2359844446182251,0.07010173797607422,0.09275317192077637,0.9862218899863255,0.9987725676981996,0.9978526768052611,-0.9966285228729248,0.7683613300323486,0.010379146784543991,0.5031090561224489,0.7391801272964073,
8,client_9,False,flip,clip01,pretrained,0.9074741005897522,0.10526037216186523,0.02681708335876465,0.08789026737213135,0.9972358074928354,0.9998202352502359,0.998071618765445,0.9741954533129429,0.9933292920463901,0.978384382307556,0.09867537021636963,0.02605271339416504,0.08873605728149414,0.9975702297705991,0.9998303356237945,0.9980343805975957,-0.6281650066375732,0.7361570596694946,-0.013762695714831352,0.5418526785714286,0.5836877801591592,
8,client_0,True,flip_global,raw,random,0.9599297046661377,0.07786071300506592,0.1176462173461914,0.09925413131713867,0.9984861483529446,0.9965488010814476,0.9975416962268973,0.9808154083922838,0.9712249386767469,0.9756408520472819,0.07616794109344482,0.11701107025146484,0.10135090351104736,0.9985511874094009,0.996585869854745,0.9974369362495539,-0.7007436156272888,0.9273709058761597,0.030506335198879242,0.45487882653061223,-0.6053710941602565,
8,client_1,True,flip_global,raw,random,0.9627611637115479,0.13097262382507324,0.03796648979187012,0.18410682678222656,0.9957252974250348,0.9996397337866534,0.9915797258278498,0.9680440110758319,0.990575527736975,0.9555155175305214,0.1254875659942627,0.037629127502441406,0.1892157793045044,0.9960748114606848,0.9996461061495738,0.9911090822238289,-0.7307481169700623,0.7523191571235657,-0.002883891575038433,0.49840561224489793,-0.6909296534322362,
8,client_2,False,flip_global,raw,random,0.8839901685714722,0.16820263862609863,0.060576796531677246,0.08623337745666504,0.9929643157035535,0.9990832437503785,0.9981435400447207,0.9592398978668417,0.985026119016271,0.9787853655402876,0.13933265209197998,0.05774056911468506,0.08514904975891113,0.995164213569993,0.9991670274183797,0.9981898710188992,-0.6276412606239319,0.7941353917121887,-0.04438656195998192,0.58203125,0.5903199580299278,
8,client_3,False,flip_global,raw,random,0.86348557472229,0.11694657802581787,0.07845759391784668,0.1522296667098999,0.9965896226753794,0.9984628758554741,0.9942316100789297,0.9713923715237505,0.9806704790538376,0.9630023777612102,0.15858995914459229,0.08025908470153809,0.15884828567504883,0.9937418357846921,0.9983915627726501,0.9937215275795765,-0.9023418426513672,0.654303789138794,-0.028387289494276047,0.5904815051020408,0.5830097972130314,
8,client_4,False,flip_global,raw,random,0.9069656729698181,0.15456831455230713,0.0512995719909668,0.09902489185333252,0.9940538107751877,0.9993424129741058,0.9975530177897294,0.9624501187237591,0.9872974364052882,0.9756960821769334,0.11301863193511963,0.050171852111816406,0.09653723239898682,0.9968143291173133,0.9993709932087793,0.9976742056642569,-0.7706217765808105,0.7549442052841187,-0.026947379112243652,0.5790019132653061,0.5976679497768752,
8,client_5,False,flip_global,raw,random,0.9340456128120422,0.14901483058929443,0.11568152904510498,0.1110302209854126,0.9944716743946984,0.9966628221352425,0.9969251818494624,0.9637623211036084,0.9716952243529111,0.9728099676628135,0.17877817153930664,0.11814320087432861,0.11378192901611328,0.9920572267161358,0.9965196573931094,0.996771258117179,-0.7649061679840088,0.7725701928138733,-0.00683963717892766,0.5264668367346939,0.4850435450095349,
8,client_6,False,flip_global,raw,random,0.9458972811698914,0.16720902919769287,0.02289903163909912,0.1551821231842041,0.993046760043572,0.9998689214751091,0.9940067039382636,0.9594733008576175,0.9942997298089462,0.9623052499461804,0.18050599098205566,0.022634148597717285,0.1599123477935791,0.9919038955385322,0.9998719361309103,0.9936375350330573,-0.693855881690979,0.7758051156997681,0.023809034377336502,0.4577487244897959,0.7690380877266789,
8,client_7,False,flip_global,raw,random,0.9379879832267761,0.1817251443862915,0.0970451831817627,0.18983471393585205,0.9917948389296889,0.9976497092450225,0.9910512134680389,0.9560718660913456,0.9761732441320119,0.9541795029137956,0.18885505199432373,0.09815537929534912,0.19543123245239258,0.9911427244382682,0.9975957246050748,0.9905196109557968,-0.7265422940254211,0.7383789420127869,-0.03022598661482334,0.5685586734693877,0.7557961995954721,
8,client_8,False,flip_global,raw,random,0.9599894285202026,0.33325064182281494,0.05359983444213867,0.2900679111480713,0.9728037864463706,0.9992821511515995,0.9792924828103129,0.9216226553708611,0.9867335372412991,0.9312475796060955,0.38745933771133423,0.05359983444213867,0.3042791485786438,0.9634998522907465,0.9992821511515995,0.9772493570726466,-0.9334803819656372,0.7896511554718018,0.008214284665882587,0.5117984693877551,0.7391801272964073,
8,client_9,False,flip_global,raw,random,0.9337145686149597,0.1311662197113037,0.06414461135864258,0.0652318000793457,0.9957126915644516,0.9989721602376946,0.9989370512210307,0.9679979163249348,0.9841547080713939,0.9838894006903076,0.13159692287445068,0.06594312191009521,0.06435394287109375,0.9956845807011632,0.9989137619155835,0.9989654459377488,-0.6883350014686584,0.781248927116394,-0.012087123468518257,0.5465561224489796,0.5836877801591592,
8,client_0,True,flip_global,raw,pretrained,0.9599297046661377,0.05625605583190918,0.09539508819580078,0.11594569683074951,0.9992092832835844,0.9977288204144152,0.9966476017108767,0.9860829774182511,0.9765712282424259,0.9716319708531358,0.07994282245635986,0.09541440010070801,0.1225845217704773,0.9984041987979884,0.9977279023281085,0.9962538175764493,-0.7007436156272888,0.9273709058761597,0.030506335198879242,0.45487882653061223,-0.6053710941602565,0.3834415674209595
8,client_1,True,flip_global,raw,pretrained,0.9627611637115479,0.05052518844604492,0.0319521427154541,0.0447087287902832,0.9993621066785245,0.9997448139944229,0.9995004696194192,0.9874873819147123,0.9920595714766103,0.9889158329998873,0.04179275035858154,0.03130662441253662,0.04472148418426514,0.9995634844664234,0.9997550188381141,0.9995001846537388,-0.7307481169700623,0.7523191571235657,-0.002883891575038433,0.49840561224489793,-0.6909296534322362,0.5751733779907227
8,client_2,False,flip_global,raw,pretrained,0.8839901685714722,0.15600049495697021,0.03410303592681885,0.11052989959716797,0.9939436127252621,0.9997093091265925,0.9969527675127108,0.9621121518937985,0.9915284543346292,0.9729299902164965,0.1823505163192749,0.03435635566711426,0.1132742166519165,0.9917386198676292,0.999704975502177,0.9967999390669546,-0.6276412606239319,0.7941353917121887,-0.04438656195998192,0.58203125,0.5903199580299278,0.5616047382354736
8,client_3,False,flip_global,raw,pretrained,0.86348557472229,0.08487248420715332,0.0252150297164917,0.0791395902633667,0.9982015947419742,0.999841069515816,0.9984360681513831,0.9791148992952539,0.9937259229050719,0.9805049220832076,0.08471405506134033,0.025211095809936523,0.07947635650634766,0.9982082935264753,0.9998411190969121,0.9984227454765782,-0.9023418426513672,0.654303789138794,-0.028387289494276047,0.5904815051020408,0.5830097972130314,0.4631195068359375
8,client_4,False,flip_global,raw,pretrained,0.9069656729698181,0.17077553272247314,0.023177146911621094,0.12035059928894043,0.9927486094244917,0.9998657184904358,0.9963887441132764,0.9586359105635343,0.9942307982839815,0.9705781519859309,0.1879352331161499,0.02321624755859375,0.12249279022216797,0.9912282259039793,0.9998652650789981,0.9962594063757351,-0.7706217765808105,0.7549442052841187,-0.026947379112243652,0.5790019132653061,0.5976679497768752,0.5297160148620605
8,client_5,False,flip_global,raw,pretrained,0.9340456128120422,0.11572742462158203,0.06629550457000732,0.06961596012115479,0.9966601802594288,0.9989021313440436,0.998789504622984,0.9716842344698708,0.9836299280560676,0.9828206196913296,0.12968385219573975,0.0677025318145752,0.06992173194885254,0.9958087463809395,0.9988550758863932,0.9987788573967971,-0.7649061679840088,0.7725701928138733,-0.00683963717892766,0.5264668367346939,0.4850435450095349,0.3435201644897461
8,client_6,False,flip_global,raw,pretrained,0.9458972811698914,0.10531067848205566,0.01878368854522705,0.05802714824676514,0.9972331702077732,0.9999117990961433,0.9991587436780871,0.9741833607024277,0.995320565860327,0.9856495603581739,0.09914445877075195,0.018509984016418457,0.05794525146484375,0.9975471159214118,0.9999143506251875,0.9991611151282078,-0.693855881690979,0.7758051156997681,0.023809034377336502,0.4577487244897959,0.7690380877266789,0.3991537094116211
8,client_7,False,flip_global,raw,pretrained,0.9379879832267761,0.06911110877990723,0.05283021926879883,0.09592366218566895,0.9988069822059553,0.9993026069657356,0.9977036254455085,0.9829436047583469,0.9869221511818618,0.976443715705829,0.05444300174713135,0.0527801513671875,0.09503185749053955,0.9992594015122167,0.9993039275068318,0.9977460539867242,-0.7265422940254211,0.7383789420127869,-0.03022598661482334,0.5685586734693877,0.7557961995954721,0.5210283994674683
8,client_8,False,flip_global,raw,pretrained,0.9599894285202026,0.17654073238372803,0.044347286224365234,0.11615777015686035,0.992253643433844,0.9995085107975863,0.9966353579173164,0.9572846016055034,0.9890047011661431,0.9715811955543179,0.23689556121826172,0.04538869857788086,0.1189795732498169,0.9861164051814548,0.9994851653878241,0.9964703371162766,-0.9334803819656372,0.7896511554718018,0.008214284665882587,0.5117984693877551,0.7391801272964073,0.3561345338821411
8,client_9,False,flip_global,raw,pretrained,0.9337145686149597,0.09721362590789795,0.03241407871246338,0.08883094787597656,0.9976415577476883,0.9997373836123045,0.998030180665328,0.976132631362473,0.9919454702605692,0.9781568383462844,0.10031795501708984,0.03205060958862305,0.09007096290588379,0.9974888165588776,0.999743239061607,0.997974886493346,-0.6883350014686584,0.781248927116394,-0.012087123468518257,0.5465561224489796,0.5836877801591592,0.45252394676208496
8,client_0,True,flip_global,clip01,random,0.9599297046661377,0.06602048873901367,0.15485060214996338,0.13032031059265137,0.9989112136766563,0.9940321693414818,0.9957676370324264,0.9836970036498465,0.9623834902110844,0.9681993496755938,0.06491899490356445,0.15552020072937012,0.13466644287109375,0.9989472130351873,0.9939806798284601,0.9954816078526139,-0.7007436156272888,0.9273709058761597,0.030506335198879242,0.45487882653061223,-0.6053710941602565,
8,client_1,True,flip_global,clip01,random,0.9627611637115479,0.19084548950195312,0.023970842361450195,0.22634780406951904,0.9909563132746282,0.9998563651542243,0.9873136828901627,0.9539440335311127,0.9940341184200681,0.9457285233712713,0.19634628295898438,0.023643970489501953,0.2316296100616455,0.9904312644974791,0.9998602553130347,0.9867206869978731,-0.7307481169700623,0.7523191571235657,-0.002883891575038433,0.49840561224489793,-0.6909296534322362,
8,client_2,False,flip_global,clip01,random,0.8839901685714722,0.10821902751922607,0.03799724578857422,0.054781198501586914,0.9970785773859698,0.9996391500174213,0.9992501770157414,0.973484636022788,0.9905679472390898,0.9864441189043176,0.10083770751953125,0.03722655773162842,0.05427420139312744,0.9974627776764498,0.9996536358522805,0.9992639843077944,-0.6276412606239319,0.7941353917121887,-0.04438656195998192,0.58203125,0.5903199580299278,
8,client_3,False,flip_global,clip01,random,0.86348557472229,0.11584234237670898,0.03756606578826904,0.1213843822479248,0.9966535607260527,0.9996472910058221,0.9963266097801928,0.9716567177632147,0.9906742290627051,0.9703310807489123,0.10126948356628418,0.03708946704864502,0.12073111534118652,0.9974410447505138,0.9996561815426093,0.9963659347647145,-0.9023418426513672,0.654303789138794,-0.028387289494276047,0.5904815051020408,0.5830097972130314,
8,client_4,False,flip_global,clip01,random,0.9069656729698181,0.15484213829040527,0.03444099426269531,0.09040892124176025,0.9940328187828713,0.9997035204201645,0.9979596842952534,0.9623854878402325,0.9914450415264842,0.9777753161097207,0.12051939964294434,0.03222525119781494,0.08988118171691895,0.9963786344697145,0.999740433838332,0.9979833985077766,-0.7706217765808105,0.7549442052841187,-0.026947379112243652,0.5790019132653061,0.5976679497768752,
8,client_5,False,flip_global,clip01,random,0.9340456128120422,0.1958942413330078,0.13005590438842773,0.0953909158706665,0.9904749583935133,0.9957847393658745,0.997729018742149,0.9527691869512667,0.9682623247036923,0.9765722348684271,0.24827581644058228,0.13498008251190186,0.09777176380157471,0.9847661035359323,0.9954606083721578,0.9976144473134738,-0.7649061679840088,0.7725701928138733,-0.00683963717892766,0.5264668367346939,0.4850435450095349,
8,client_6,False,flip_global,clip01,random,0.9458972811698914,0.09625506401062012,0.05021679401397705,0.13150358200073242,0.9976877583548831,0.9993698663595965,0.9956906805351622,0.9763637814865833,0.987563042046748,0.9679175989884521,0.08581292629241943,0.049832940101623535,0.13148534297943115,0.998161574219032,0.999379458475466,0.9956918719578034,-0.693855881690979,0.7758051156997681,0.023809034377336502,0.4577487244897959,0.7690380877266789,
8,client_7,False,flip_global,clip01,random,0.9379879832267761,0.1419682502746582,0.10517430305480957,0.11789941787719727,0.9949802329957627,0.9972403167270729,0.9965339683013072,0.9654311904552271,0.9742161430886365,0.9711643551541784,0.11118936538696289,0.10362708568572998,0.11472678184509277,0.99691638140555,0.9973207527623924,0.9967175447314658,-0.7265422940254211,0.7383789420127869,-0.03022598661482334,0.5685586734693877,0.7557961995954721,
8,client_8,False,flip_global,clip01,random,0.9599894285202026,0.1663731336593628,0.07224118709564209,0.09563255310058594,0.9931157477147958,0.9986965783069266,0.9977175185345721,0.9596697222799115,0.9821814694879119,0.9765139394096594,0.2516077756881714,0.07557809352874756,0.09703147411346436,0.9843593128798438,0.9985735159279718,0.9976503720542238,-0.9334803819656372,0.7896511554718018,0.008214284665882587,0.5117984693877551,0.7391801272964073,
8,client_9,False,flip_global,clip01,random,0.9337145686149597,0.08964836597442627,0.05011153221130371,0.03615462779998779,0.9979938163222675,0.9993725040548003,0.9996732907984303,0.977959175191087,0.9875888685052758,0.9910222549839927,0.08767974376678467,0.050061941146850586,0.035715341567993164,0.9980808325206618,0.9993737448144637,0.999681179849417,-0.6883350014686584,0.781248927116394,-0.012087123468518257,0.5465561224489796,0.5836877801591592,
8,client_0,True,flip_global,clip01,pretrained,0.9599297046661377,0.06037497520446777,0.10264277458190918,0.1228557825088501,0.9990893380498505,0.9973713092490721,0.996237266651804,0.985075446901942,0.9748249813101844,0.9699795830375806,0.08338284492492676,0.10335683822631836,0.12822335958480835,0.9982640886523289,0.9973346809625596,0.9959023294286566,-0.7007436156272888,0.9273709058761597,0.030506335198879242,0.45487882653061223,-0.6053710941602565,
8,client_1,True,flip_global,clip01,pretrained,0.9627611637115479,0.04779517650604248,0.023421168327331543,0.04011845588684082,0.9994291497960304,0.999862876322356,0.9995977487700893,0.988157453485561,0.9941703229066021,0.9900453378901317,0.04301893711090088,0.022896528244018555,0.04043984413146973,0.9995375032525744,0.9998689501305695,0.9995912800838913,-0.7307481169700623,0.7523191571235657,-0.002883891575038433,0.49840561224489793,-0.6909296534322362,
8,client_2,False,flip_global,clip01,pretrained,0.8839901685714722,0.17217016220092773,0.039746642112731934,0.1110377311706543,0.992630347826295,0.9996051680683775,0.9969247668283827,0.9583087598034916,0.9901369129366524,0.9728081662069885,0.19797813892364502,0.03993701934814453,0.11369097232818604,0.9902727171996819,0.9996013778362489,0.9967764056502042,-0.6276412606239319,0.7941353917121887,-0.04438656195998192,0.58203125,0.5903199580299278,
8,client_3,False,flip_global,clip01,pretrained,0.86348557472229,0.07403898239135742,0.023936748504638672,0.08006656169891357,0.9986309645921583,0.9998567734050106,0.9983992608003831,0.981744129556992,0.9940425657694272,0.9802799638170345,0.08644580841064453,0.023903489112854004,0.08072912693023682,0.9981343950327339,0.9998571711039737,0.9983726908508055,-0.9023418426513672,0.654303789138794,-0.028387289494276047,0.5904815051020408,0.5830097972130314,
8,client_4,False,flip_global,clip01,pretrained,0.9069656729698181,0.17318034172058105,0.02605581283569336,0.11560213565826416,0.9925440994202419,0.9998302952572384,0.9966673897877472,0.9580718976520122,0.9935177351279234,0.9717142358639839,0.1938542127609253,0.026166796684265137,0.11731100082397461,0.9906709282917798,0.9998288466610961,0.9965683899046232,-0.7706217765808105,0.7549442052841187,-0.026947379112243652,0.5790019132653061,0.5976679497768752,
8,client_5,False,flip_global,clip01,pretrained,0.9340456128120422,0.12919211387634277,0.06273496150970459,0.07396745681762695,0.995840372059472,0.9990168067552767,0.9986336057256495,0.9684681011487906,0.984498865745074,0.98176152361269,0.14066171646118164,0.06354618072509766,0.07423162460327148,0.9950718614315375,0.9989912345852825,0.9986238384951904,-0.7649061679840088,0.7725701928138733,-0.00683963717892766,0.5264668367346939,0.4850435450095349,
8,client_6,False,flip_global,clip01,pretrained,0.9458972811698914,0.09982800483703613,0.017650961875915527,0.05458688735961914,0.9975132401048583,0.999922115436017,0.999255483921784,0.9755026106178335,0.9956018216072247,0.9864917137715936,0.09212028980255127,0.017401576042175293,0.05429208278656006,0.9978818340522007,0.9999243005858878,0.9992634995145833,-0.693855881690979,0.7758051156997681,0.023809034377336502,0.4577487244897959,0.7690380877266789,
8,client_7,False,flip_global,clip01,pretrained,0.9379879832267761,0.061515092849731445,0.05522918701171875,0.10262453556060791,0.9990546441467227,0.9992378701375055,0.9973722415301425,0.9847968352691046,0.9863344010459947,0.974829369907791,0.050037503242492676,0.055429816246032715,0.10145032405853271,0.9993743557955055,0.9992323261468139,0.9974319149839204,-0.7265422940254211,0.7383789420127869,-0.03022598661482334,0.5685586734693877,0.7557961995954721,
8,client_8,False,flip_global,clip01,pretrained,0.9599894285202026,0.20603656768798828,0.046436429023742676,0.1258687973022461,0.9894711224195851,0.9994611323977494,0.9960509965788118,0.9504156247223401,0.9884912074785965,0.9692604107246219,0.26556384563446045,0.04707062244415283,0.128942608833313,0.982599435384192,0.9994463191550924,0.9958563733644323,-0.9334803819656372,0.7896511554718018,0.008214284665882587,0.5117984693877551,0.7391801272964073,
8,client_9,False,flip_global,clip01,pretrained,0.9337145686149597,0.0940556526184082,0.026890039443969727,0.0926663875579834,0.997792046676705,0.9998192559497243,0.9978566867457879,0.9768944639834296,0.9933112354877476,0.9772298944064768,0.09882867336273193,0.026385784149169922,0.09409356117248535,0.9975626878881056,0.9998259703167949,0.9977902694654301,-0.6883350014686584,0.781248927116394,-0.012087123468518257,0.5465561224489796,0.5836877801591592,
9,client_0,True,orig,raw,random,0.8447684049606323,0.12796902656555176,0.1429746150970459,0.09779083728790283,0.9959185191438416,0.994909086854378,0.9976135181339614,0.9687595833977507,0.9651925835705741,0.9759934807273687,0.12113296985626221,0.14792704582214355,0.0933988094329834,0.9963417690020586,0.9945517626728126,0.9978227275353384,-1.3707239627838135,0.9853417873382568,0.021987464278936386,0.47544642857142855,-0.6027694486447333,
9,client_1,True,orig,raw,random,0.8829631805419922,0.11341965198516846,0.0598222017288208,0.03412973880767822,0.9967917363273588,0.9991059260242876,0.9997088538224368,0.9722370713734478,0.9852105712642738,0.9915218633098877,0.09790849685668945,0.06324517726898193,0.031044840812683105,0.9976077822789859,0.999000761378875,0.9997590979989155,-0.9459713101387024,1.0174477100372314,-0.03402463719248772,0.5690369897959183,-0.7072134506369547,
9,client_2,False,orig,raw,random,0.8666303753852844,0.060353636741638184,0.038193702697753906,0.04517316818237305,0.9990899812113425,0.9996354099936671,0.9994900413464933,0.985080662530065,0.990519528127995,0.9888016585132495,0.03155994415283203,0.036435723304748535,0.043211936950683594,0.9997510389772357,0.9996681921123138,0.9995333455154358,-1.2978012561798096,1.2060856819152832,0.009987277910113335,0.46707589285714285,0.6472727404444704,
9,client_3,False,orig,raw,random,0.9023308157920837,0.07864701747894287,0.036692142486572266,0.05003321170806885,0.9984554532158796,0.9996635066149224,0.9993744630590007,0.9806244916211673,0.9908896954465158,0.9876080854519753,0.04275965690612793,0.036692142486572266,0.04607701301574707,0.9995430595916692,0.9996635066149224,0.9994694384342018,-0.8889599442481995,1.2027710676193237,0.0185590498149395,0.4608577806122449,0.5591561306068101,
9,client_4,False,orig,raw,random,0.810479998588562,0.1309351921081543,0.050650835037231445,0.04386627674102783,0.9957277326445957,0.999358931620961,0.9995191109523889,0.9680529238648339,0.9874565588271891,0.989122985930678,0.05398058891296387,0.04879462718963623,0.039809226989746094,0.9992719218231225,0.9994050367087994,0.9996039240580996,-1.1791927814483643,1.196547508239746,0.05640171840786934,0.39588647959183676,0.6343174416001102,
9,client_5,False,orig,raw,random,0.8615226745605469,0.052535057067871094,0.04204511642456055,0.036524057388305664,0.9993103738407447,0.9995581984922774,0.9996665817072741,0.9869945026051019,0.9895710188024254,0.9909311450042873,0.03837776184082031,0.040534138679504395,0.03529238700866699,0.999631888510176,0.9995893724055105,0.9996886845618982,-1.2633559703826904,1.174251914024353,0.0023539492394775152,0.46572066326530615,0.5197728565598831,
9,client_6,False,orig,raw,random,0.909727931022644,0.04672050476074219,0.021335601806640625,0.03610396385192871,0.9994545218713604,0.99988620773633,0.9996742055769565,0.9884214149570087,0.9946873630514355,0.9910347508790034,0.04423022270202637,0.02185499668121338,0.03453373908996582,0.9995111011905089,0.9998806004732794,0.9997019218708227,-0.9489559531211853,0.9457513093948364,0.03329260274767876,0.4060108418367347,0.7743856421239114,
9,client_7,False,orig,raw,random,0.912771463394165,0.14091050624847412,0.08780801296234131,0.03292346000671387,0.9950544778972938,0.9980752213186577,0.9997290665116116,0.965682074736667,0.9784042828452237,0.991819672571683,0.11454761028289795,0.09189128875732422,0.030199408531188965,0.9967277641460113,0.9978923353911953,0.9997720379136306,-0.7903875112533569,0.8783808946609497,0.012692178599536419,0.4661192602040816,0.8162553200837852,
9,client_8,False,orig,raw,random,0.8970530033111572,0.08118700981140137,0.04808318614959717,0.039557814598083496,0.9983542016760709,0.9994222522689566,0.9996089095777427,0.9800081558543259,0.988086730369905,0.9901834246558414,0.057810425758361816,0.04621148109436035,0.03773939609527588,0.9991650119411795,0.9994663384460596,0.9996440295603832,-1.04554283618927,1.2844195365905762,0.010091349482536316,0.4867665816326531,0.7270509722387939,
9,client_9,False,orig,raw,random,0.8558469414710999,0.09085702896118164,0.049501657485961914,0.03937637805938721,0.9979394400538155,0.9993876778258519,0.9996124878738342,0.9776670133969352,0.9877385239724694,0.9902281189290909,0.0857241153717041,0.05026960372924805,0.03797602653503418,0.9981653723223132,0.9993685409501811,0.9996395528234465,-1.3033233880996704,1.3475991487503052,0.04818323254585266,0.3590561224489796,0.5838177449882943,
9,client_0,True,orig,raw,pretrained,0.8447684049606323,0.09691107273101807,0.08517801761627197,0.06999492645263672,0.9976561892538707,0.9981886408652714,0.9987763018074747,0.9762055809534693,0.9790409013535208,0.9827283162050502,0.0946512222290039,0.08635354042053223,0.06807160377502441,0.9977640432536212,0.9981383698572692,0.9988425699062227,-1.3707239627838135,0.9853417873382568,0.021987464278936386,0.47544642857142855,-0.6027694486447333,0.3103553056716919
9,client_1,True,orig,raw,pretrained,0.8829631805419922,0.0481412410736084,0.04365992546081543,0.020581960678100586,0.9994208569051044,0.9995236229969726,0.9998941041348641,0.988072475429935,0.9891737361618163,0.9948743001127351,0.03758132457733154,0.043649911880493164,0.020350098609924316,0.9996470044929904,0.9995238414118597,0.9998964764101945,-0.9459713101387024,1.0174477100372314,-0.03402463719248772,0.5690369897959183,-0.7072134506369547,0.5868752002716064
9,client_2,False,orig,raw,pretrained,0.8666303753852844,0.038323163986206055,0.03499186038970947,0.057497620582580566,0.9996329348594679,0.9996939626889019,0.9991740179487598,0.9904876228151069,0.9913091026860805,0.9857791150051058,0.03194773197174072,0.03512263298034668,0.05638611316680908,0.9997448844289496,0.9996916714815576,0.9992056251517354,-1.2978012561798096,1.2060856819152832,0.009987277910113335,0.46707589285714285,0.6472727404444704,0.3532067537307739
9,client_3,False,orig,raw,pretrained,0.9023308157920837,0.0752795934677124,0.028925657272338867,0.05679512023925781,0.9985847496994555,0.9997908593984788,0.9991940660581669,0.9814425032368717,0.9928076205940299,0.9859510287257065,0.05192899703979492,0.028905868530273438,0.05398833751678467,0.9993261855299376,0.9997911454120778,0.9992717128994262,-0.8889599442481995,1.2027710676193237,0.0185590498149395,0.4608577806122449,0.5591561306068101,0.41461968421936035
9,client_4,False,orig,raw,pretrained,0.810479998588562,0.09380340576171875,0.070648193359375,0.04958653450012207,0.9978038542804841,0.9987533749775843,0.9993855771826012,0.9769553547589114,0.9825692328425844,0.9877176941989367,0.07921528816223145,0.07063853740692139,0.04736161231994629,0.9984330784027853,0.9987537154045762,0.9994394551890822,-1.1791927814483643,1.196547508239746,0.05640171840786934,0.39588647959183676,0.6343174416001102,0.380413293838501
9,client_5,False,orig,raw,pretrained,0.8615226745605469,0.13287091255187988,0.07887065410614014,0.08755660057067871,0.9956008983513362,0.9984466669898109,0.9980862118099822,0.9675921749951879,0.9805702022549323,0.9784651130383,0.09296596050262451,0.07914102077484131,0.08333349227905273,0.9978428289569592,0.9984360116785702,0.9982661402746649,-1.2633559703826904,1.174251914024353,0.0023539492394775152,0.46572066326530615,0.5197728565598831,0.372394323348999
9,client_6,False,orig,raw,pretrained,0.909727931022644,0.18362295627593994,0.03924977779388428,0.07438194751739502,0.9916236499482243,0.9996149749551584,0.9986182650373145,0.9556285077742999,0.990259306870733,0.981660731486047,0.15068650245666504,0.03924250602722168,0.07282328605651855,0.9943474727581865,0.9996151175671628,0.9986755094317454,-0.9489559531211853,0.9457513093948364,0.03329260274767876,0.4060108418367347,0.7743856421239114,0.3581364154815674
9,client_7,False,orig,raw,pretrained,0.912771463394165,0.10731863975524902,0.05683565139770508,0.0507965087890625,0.9971268835484552,0.99919291605412,0.9993552406295494,0.9737008718370508,0.9859411088424195,0.9874208245690332,0.06349039077758789,0.05671226978302002,0.04635787010192871,0.9989930037481198,0.9991964142554346,0.9994629533823525,-0.7903875112533569,0.8783808946609497,0.012692178599536419,0.4661192602040816,0.8162553200837852,0.4675503969192505
9,client_8,False,orig,raw,pretrained,0.8970530033111572,0.10910749435424805,0.03950774669647217,0.07276177406311035,0.9970305186612132,0.9996098986596449,0.9986777437957666,0.973271333786325,0.9901957578585425,0.9820547990411217,0.06301009654998779,0.03941667079925537,0.06726861000061035,0.9990081703462232,0.99961169463866,0.9988696926387035,-1.04554283618927,1.2844195365905762,0.010091349482536316,0.4867665816326531,0.7270509722387939,0.2564563751220703
9,client_9,False,orig,raw,pretrained,0.8558469414710999,0.14546334743499756,0.0313185453414917,0.07235598564147949,0.9947310183469329,0.9997548322691705,0.9986924365446286,0.9646028908102737,0.9922161062087407,0.9821535343278762,0.10835385322570801,0.031177639961242676,0.06851553916931152,0.9970713094951087,0.9997570329754291,0.9988274374224428,-1.3033233880996704,1.3475991487503052,0.04818323254585266,0.3590561224489796,0.5838177449882943,0.35002923011779785
9,client_0,True,orig,clip01,random,0.8447684049606323,0.1185603141784668,0.04827892780303955,0.08680999279022217,0.9964951035540917,0.9994175408517565,0.9981186650781484,0.9710062486246982,0.988038668746607,0.9786457911229081,0.10249686241149902,0.048377156257629395,0.08526396751403809,0.9973787628952719,0.999415169335037,0.9981849884540841,-1.3707239627838135,0.9853417873382568,0.021987464278936386,0.47544642857142855,-0.6027694486447333,
9,client_1,True,orig,clip01,random,0.8829631805419922,0.04549992084503174,0.043755531311035156,0.0464550256729126,0.9994826401344397,0.9995215351357936,0.9994607008794758,0.9887213438089191,0.9891502222818369,0.9884866383756135,0.03192412853240967,0.042746782302856445,0.045830368995666504,0.9997452611837316,0.999543334618481,0.9994751010502465,-0.9459713101387024,1.0174477100372314,-0.03402463719248772,0.5690369897959183,-0.7072134506369547,
9,client_2,False,orig,clip01,random,0.8666303753852844,0.09759128093719482,0.03463149070739746,0.05569148063659668,0.9976232307668333,0.9997002323753823,0.9992250654337496,0.9760415851995365,0.9913980289997395,0.9862211988894489,0.09821903705596924,0.03534901142120361,0.05398905277252197,0.9975926106878652,0.9996876850226686,0.9992716936126533,-1.2978012561798096,1.2060856819152832,0.009987277910113335,0.46707589285714285,0.6472727404444704,
9,client_3,False,orig,clip01,random,0.9023308157920837,0.040254831314086914,0.049672603607177734,0.052706360816955566,0.9995950101936106,0.9993834433678037,0.9993058714551306,0.9900117527930741,0.987696572545524,0.986952510927005,0.0381695032119751,0.049672603607177734,0.05176377296447754,0.9996358717287732,0.9993834433678037,0.9993304643508114,-0.8889599442481995,1.2027710676193237,0.0185590498149395,0.4608577806122449,0.5591561306068101,
9,client_4,False,orig,clip01,random,0.810479998588562,0.04284846782684326,0.035674214363098145,0.044678449630737305,0.999541160162926,0.9996819135120432,0.9995011457549756,0.9893733447263156,0.9911407549791811,0.9889232773006471,0.036684513092041016,0.035674214363098145,0.043505191802978516,0.9996636464991655,0.9996819135120432,0.9995269924407133,-1.1791927814483643,1.196547508239746,0.05640171840786934,0.39588647959183676,0.6343174416001102,
9,client_5,False,orig,clip01,random,0.8615226745605469,0.04652583599090576,0.0305631160736084,0.025756478309631348,0.9994590562117731,0.9997665148785073,0.9998341715834578,0.9884692409274096,0.9924027888130096,0.9935918463708375,0.032784104347229004,0.030089259147644043,0.02542853355407715,0.9997313547655162,0.9997736975379312,0.9998383670169129,-1.2633559703826904,1.174251914024353,0.0023539492394775152,0.46572066326530615,0.5197728565598831,
9,client_6,False,orig,clip01,random,0.909727931022644,0.10633230209350586,0.02886652946472168,0.04985988140106201,0.9971793417167247,0.9997917134123664,0.9993787876371807,0.9739378320319017,0.992822243499323,0.9876506162758696,0.09967958927154541,0.028825759887695312,0.04851555824279785,0.9975206150574929,0.9997923012514776,0.9994118197480455,-0.9489559531211853,0.9457513093948364,0.03329260274767876,0.4060108418367347,0.7743856421239114,
9,client_7,False,orig,clip01,random,0.912771463394165,0.09948992729187012,0.07041478157043457,0.07237660884857178,0.9975300237436522,0.9987615910808092,0.9986916917956117,0.9755840471693797,0.9826260687736821,0.9821485159883112,0.06669580936431885,0.07010281085968018,0.0669870376586914,0.9988888441235877,0.9987725301616281,0.9988791273558084,-0.7903875112533569,0.8783808946609497,0.012692178599536419,0.4661192602040816,0.8162553200837852,
9,client_8,False,orig,clip01,random,0.8970530033111572,0.07789230346679688,0.08878016471862793,0.08395671844482422,0.9984849210688946,0.998032428922802,0.9982401436352166,0.9808077370703594,0.9781691204042575,0.9793367413185123,0.07144761085510254,0.09051394462585449,0.08242416381835938,0.9987250302008677,0.9979549485603929,0.9983037254111873,-1.04554283618927,1.2844195365905762,0.010091349482536316,0.4867665816326531,0.7270509722387939,
9,client_9,False,orig,clip01,random,0.8558469414710999,0.061388373374938965,0.03517019748687744,0.03360247611999512,0.9990585322037546,0.9996908360076846,0.9997177781507707,0.9848277959855312,0.9912650999130299,0.9916520187915314,0.04992496967315674,0.03542661666870117,0.03229844570159912,0.999377165446051,0.9996863125272797,0.9997392536040577,-1.3033233880996704,1.3475991487503052,0.04818323254585266,0.3590561224489796,0.5838177449882943,
9,client_0,True,orig,clip01,pretrained,0.8447684049606323,0.09895896911621094,0.08028876781463623,0.06290555000305176,0.9975562687375994,0.9983903742570304,0.9990114564707926,0.9757119656572995,0.9802260501471709,0.9844572079676357,0.09774398803710938,0.08247292041778564,0.06123185157775879,0.997615800109305,0.9983017205710658,0.9990633236309692,-1.3707239627838135,0.9853417873382568,0.021987464278936386,0.47544642857142855,-0.6027694486447333,
9,client_1,True,orig,clip01,pretrained,0.8829631805419922,0.03927195072174072,0.043598294258117676,0.019760489463806152,0.9996145399425036,0.9995249664949877,0.9999023879107167,0.990253844469404,0.9891888945565057,0.9950781221437097,0.03700685501098633,0.043902039527893066,0.01954030990600586,0.9996577110672404,0.9995183268089274,0.9999045509056423,-0.9459713101387024,1.0174477100372314,-0.03402463719248772,0.5690369897959183,-0.7072134506369547,
9,client_2,False,orig,clip01,pretrained,0.8666303753852844,0.04598534107208252,0.03371274471282959,0.0638418197631836,0.9994715466423445,0.9997159232502044,0.9989818336784164,0.9886020472235602,0.9916247967257648,0.9842286176202224,0.03626739978790283,0.03371274471282959,0.0626688003540039,0.9996712500080831,0.9997159232502044,0.9990188779146223,-1.2978012561798096,1.2060856819152832,0.009987277910113335,0.46707589285714285,0.6472727404444704,
9,client_3,False,orig,clip01,pretrained,0.9023308157920837,0.06902337074279785,0.028845787048339844,0.05648386478424072,0.9988100067042482,0.9997920125921611,0.9992028701377904,0.9829649806701795,0.992827373385406,0.9860272125860918,0.051478028297424316,0.028773784637451172,0.05378460884094238,0.9993378321843047,0.9997930494564196,0.9992771960364522,-0.8889599442481995,1.2027710676193237,0.0185590498149395,0.4608577806122449,0.5591561306068101,
9,client_4,False,orig,clip01,pretrained,0.810479998588562,0.10153257846832275,0.07344114780426025,0.0525665283203125,0.9974277570065821,0.9986529618859352,0.9993095477768861,0.9750921661476035,0.9818895290982035,0.9869867878577796,0.08375072479248047,0.07319855690002441,0.04993009567260742,0.9982487575685808,0.9986618373458351,0.9993770376013442,-1.1791927814483643,1.196547508239746,0.05640171840786934,0.39588647959183676,0.6343174416001102,
9,client_5,False,orig,clip01,pretrained,0.8615226745605469,0.13750767707824707,0.07595705986022949,0.09241724014282227,0.9952896169397665,0.9985591901109667,0.997868178077381,0.9664898497932997,0.9812778514303659,0.9772900679660605,0.09321880340576172,0.07657575607299805,0.08751773834228516,0.9978310982483787,0.9985356486304731,0.9980879078761893,-1.2633559703826904,1.174251914024353,0.0023539492394775152,0.46572066326530615,0.5197728565598831,
9,client_6,False,orig,clip01,pretrained,0.909727931022644,0.20453131198883057,0.04684603214263916,0.07430267333984375,0.9896232082647596,0.9994515879894348,0.998621205651173,0.9507643721246586,0.9883905773943693,0.9816800074675169,0.17632949352264404,0.04684603214263916,0.07298731803894043,0.9922720625285761,0.9994515879894348,0.998669541933696,-0.9489559531211853,0.9457513093948364,0.03329260274767876,0.4060108418367347,0.7743856421239114,
9,client_7,False,orig,clip01,pretrained,0.912771463394165,0.13789796829223633,0.05825388431549072,0.055397987365722656,0.9952629350334203,0.9991521607503653,0.9992332070133065,0.9663971496407333,0.9855940947495021,0.9862930645276644,0.07022738456726074,0.05776214599609375,0.05165719985961914,0.9987681678571645,0.9991664051498941,0.9993332170631444,-0.7903875112533569,0.8783808946609497,0.012692178599536419,0.4661192602040816,0.8162553200837852,
9,client_8,False,orig,clip01,pretrained,0.8970530033111572,0.11017274856567383,0.048532724380493164,0.07980918884277344,0.9969723838375535,0.9994114036295327,0.9984095231083503,0.9730156811035611,0.9879763577721801,0.9803424155250511,0.0604405403137207,0.048308491706848145,0.07489192485809326,0.999087360436697,0.9994168276004636,0.9985992731672717,-1.04554283618927,1.2844195365905762,0.010091349482536316,0.4867665816326531,0.7270509722387939,
9,client_9,False,orig,clip01,pretrained,0.8558469414710999,0.15272212028503418,0.032721757888793945,0.07981038093566895,0.99419439188665,0.9997323753695166,0.9984094756514603,0.9628860479600221,0.9918694824141912,0.980342126249089,0.11544573307037354,0.03237414360046387,0.07644319534301758,0.996676378844036,0.9997380301890595,0.9985407085907307,-1.3033233880996704,1.3475991487503052,0.04818323254585266,0.3590561224489796,0.5838177449882943,
9,client_0,True,flip,raw,random,0.8154081106185913,0.08545112609863281,0.07236635684967041,0.14275264739990234,0.9981770225403794,0.9986920620440913,0.9949248216617155,0.9789747635957871,0.9821510106494116,0.9652452040094772,0.043465256690979004,0.07140922546386719,0.14040327072143555,0.9995278601189324,0.9987263984851504,0.9950898876005168,-1.1544684171676636,1.0166072845458984,0.002766406163573265,0.5234375,-0.6027694486447333,
9,client_1,True,flip,raw,random,0.8830658197402954,0.09057402610778809,0.050537705421447754,0.03757452964782715,0.9979522368973619,0.9993617907307164,0.9996471320950908,0.9777354099821536,0.9874843112387746,0.990672142636118,0.05562591552734375,0.05088984966278076,0.036315321922302246,0.9992268879499782,0.9993528700549343,0.9996703808576921,-1.0015679597854614,0.967808187007904,0.030646512284874916,0.43981186224489793,-0.7072134506369547,
9,client_2,False,flip,raw,random,0.8406375646591187,0.25182294845581055,0.04642653465270996,0.09899413585662842,0.9843328652948995,0.9994613619172956,0.9975545347742467,0.9398987304314579,0.9884936384886132,0.9757034925046397,0.14340317249298096,0.04478001594543457,0.08930778503417969,0.9948786392467177,0.9994988759666918,0.9980090079276036,-0.9087966084480286,0.9374008774757385,0.014628596603870392,0.5098054846938775,0.6472727404444704,
9,client_3,False,flip,raw,random,0.7955738306045532,0.11548721790313721,0.0736464262008667,0.12289679050445557,0.9966739957257098,0.9986454287005493,0.9962347614089857,0.9717417550164373,0.9818395996301852,0.9699697895182537,0.09385013580322266,0.07314002513885498,0.12195682525634766,0.997801669237723,0.9986639744161014,0.9962919776627048,-0.9436995387077332,0.880342960357666,0.018736010417342186,0.5044642857142857,0.5591561306068101,
9,client_4,False,flip,raw,random,0.6695616841316223,0.43532609939575195,0.18901729583740234,0.06287097930908203,0.9542554431691108,0.9911276009559167,0.9990125419056373,0.8994577784709719,0.9543699917860393,0.9844656499310176,0.34998488426208496,0.19191622734069824,0.05734610557556152,0.9700670844183279,0.990855248623334,0.9991783627112596,-1.008424997329712,1.1622843742370605,-0.05299919843673706,0.619499362244898,0.6343174416001102,
9,client_5,False,flip,raw,random,0.8062862753868103,0.15686440467834473,0.05521059036254883,0.14786529541015625,0.99387665734465,0.9992383830032796,0.9945562917428656,0.9619083721235193,0.9863389552281925,0.9640342741472938,0.15606820583343506,0.05483078956604004,0.14849698543548584,0.993938378057061,0.9992488196015166,0.9945098727750021,-1.050675392150879,0.9287437796592712,0.008788947947323322,0.5603475765306123,0.5197728565598831,
9,client_6,False,flip,raw,random,0.7200865745544434,0.1398627758026123,0.03729701042175293,0.076851487159729,0.9951274806558246,0.9996523239390076,0.9985250957718883,0.9659306804568284,0.9907405573554398,0.9810605328217479,0.11467313766479492,0.03766834735870361,0.07333254814147949,0.9967206060951126,0.9996453682528286,0.9986569387421105,-1.3442484140396118,1.1338516473770142,-0.035167235881090164,0.6198979591836735,0.7743856421239114,
9,client_7,False,flip,raw,random,0.7572967410087585,0.16470825672149658,0.09419429302215576,0.11784958839416504,0.9932521434968664,0.9977855435447969,0.9965368898642344,0.9600611204250742,0.9768609995041804,0.9711762774516639,0.11475849151611328,0.09521484375,0.11185979843139648,0.9967157344587279,0.9977373803193299,0.9968791703615116,-0.9481288194656372,0.9494444131851196,-0.017643969506025314,0.5200892857142857,0.8162553200837852,
9,client_8,False,flip,raw,random,0.7830310463905334,0.06199765205383301,0.042113661766052246,0.08318924903869629,0.9990397648847884,0.999556757276421,0.9982721296352894,0.9846789474369002,0.9895541501012113,0.9795227170278493,0.04188132286071777,0.041344285011291504,0.08116507530212402,0.9995616328765327,0.9995727994488557,0.9983550897580089,-1.2550793886184692,0.8814233541488647,-0.0037944468203932047,0.5677614795918368,0.7270509722387939,
9,client_9,False,flip,raw,random,0.6513345241546631,0.19805240631103516,0.1490793228149414,0.03914356231689453,0.9902654712447376,0.9944669080267952,0.9996170554027879,0.9522676442942668,0.963747067170341,0.9902854741622109,0.17552757263183594,0.15288114547729492,0.03685426712036133,0.992341790365858,0.9941823480023226,0.9996605272048738,-1.0251344442367554,0.9567999243736267,-0.016787149012088776,0.5597098214285714,0.5838177449882943,
9,client_0,True,flip,raw,pretrained,0.8154081106185913,0.05863773822784424,0.08692443370819092,0.11618638038635254,0.9991409577808321,0.9981137085356315,0.9966337044452391,0.9855002046589847,0.9786180933239799,0.9715743459033188,0.03180837631225586,0.0868539810180664,0.11371636390686035,0.999747104776336,0.9981167606753345,0.9967749690688543,-1.1544684171676636,1.0166072845458984,0.002766406163573265,0.5234375,-0.6027694486447333,0.38800764083862305
9,client_1,True,flip,raw,pretrained,0.8830658197402954,0.11405289173126221,0.06627583503723145,0.09029316902160645,0.9967558993000245,0.9989027821751566,0.9979648974866069,0.9720853290517182,0.9836347251723034,0.9778032950766404,0.09387695789337158,0.06718289852142334,0.08866512775421143,0.9978004145794341,0.9988725687709827,0.9980375170797848,-1.0015679597854614,0.967808187007904,0.030646512284874916,0.43981186224489793,-0.7072134506369547,0.48487305641174316
9,client_2,False,flip,raw,pretrained,0.8406375646591187,0.23634719848632812,0.04182171821594238,0.11473190784454346,0.9861799387194028,0.999562879330145,0.9967172521269567,0.9434337748963142,0.9896259990948049,0.9719226569106063,0.21688807010650635,0.04095256328582764,0.11321532726287842,0.9883428224651418,0.9995808536994504,0.9968032575392125,-0.9087966084480286,0.9374008774757385,0.014628596603870392,0.5098054846938775,0.6472727404444704,0.36522912979125977
9,client_3,False,flip,raw,pretrained,0.7955738306045532,0.09786057472229004,0.025013208389282227,0.06893658638000488,0.9976101192896061,0.9998436031989113,0.9988129945613611,0.9759766708639703,0.9937759059775948,0.9829861249215137,0.07954144477844238,0.02469468116760254,0.06679725646972656,0.9984201640526849,0.9998475606110768,0.9988854641523517,-0.9436995387077332,0.880342960357666,0.018736010417342186,0.5044642857142857,0.5591561306068101,0.46791863441467285
9,client_4,False,flip,raw,pretrained,0.6695616841316223,0.07237362861633301,0.0530085563659668,0.07623374462127686,0.9986917994313698,0.9992978931728353,0.9985486857186863,0.9821492411795112,0.9868784402857125,0.9812106177372844,0.049041032791137695,0.05148124694824219,0.07518768310546875,0.9993990153002004,0.9993377494190967,0.9985881997467163,-1.008424997329712,1.1622843742370605,-0.05299919843673706,0.619499362244898,0.6343174416001102,0.4915851354598999
9,client_5,False,flip,raw,pretrained,0.8062862753868103,0.14619040489196777,0.09439551830291748,0.049901604652404785,0.9946784266393407,0.9977760878499713,0.9993777480141062,0.9644307202846627,0.9768124315931856,0.987640378206017,0.16482877731323242,0.09648478031158447,0.04824531078338623,0.9932423149110408,0.9976767279454704,0.9994183513579036,-1.050675392150879,0.9287437796592712,0.008788947947323322,0.5603475765306123,0.5197728565598831,0.26876139640808105
9,client_6,False,flip,raw,pretrained,0.7200865745544434,0.11442255973815918,0.023234248161315918,0.06174743175506592,0.996734887287124,0.9998650560870459,0.9990474946655021,0.971996762481492,0.9942166464919588,0.9847400728956885,0.10571849346160889,0.02376997470855713,0.05811786651611328,0.9972117445744326,0.9998587620384947,0.9991561128879001,-1.3442484140396118,1.1338516473770142,-0.035167235881090164,0.6198979591836735,0.7743856421239114,0.36010468006134033
9,client_7,False,flip,raw,pretrained,0.7572967410087585,0.09304797649383545,0.10905671119689941,0.1447995901107788,0.9978390272735242,0.9970332761051237,0.9947788058961013,0.9771377446314713,0.9732835238654842,0.9647601118870492,0.07528495788574219,0.11179733276367188,0.14231526851654053,0.9985845482052029,0.9968826467552367,0.9949557560410147,-0.9481288194656372,0.9494444131851196,-0.017643969506025314,0.5200892857142857,0.8162553200837852,0.4704960584640503
9,client_8,False,flip,raw,pretrained,0.7830310463905334,0.08972203731536865,0.044954657554626465,0.046539306640625,0.9979905226527179,0.9994949610708979,0.9994587430541375,0.9779413633737002,0.9888553731523668,0.9884659313638606,0.08429718017578125,0.043526411056518555,0.04534304141998291,0.998225860573946,0.9995265310819967,0.9994862002272951,-1.2550793886184692,0.8814233541488647,-0.0037944468203932047,0.5677614795918368,0.7270509722387939,0.3218224048614502
9,client_9,False,flip,raw,pretrained,0.6513345241546631,0.1822199821472168,0.06744968891143799,0.0724947452545166,0.9917503700523929,0.998863604343142,0.9986874215581483,0.9559562345299029,0.9833485005584537,0.9821197700564934,0.14066553115844727,0.06775414943695068,0.06814634799957275,0.9950715951180273,0.9988533309018928,0.9988400289527262,-1.0251344442367554,0.9567999243736267,-0.016787149012088776,0.5597098214285714,0.5838177449882943,0.4091954231262207
9,client_0,True,flip,clip01,random,0.8154081106185913,0.10562288761138916,0.09261965751647949,0.18377792835235596,0.997216774848565,0.9978588443997691,0.9916095943744105,0.9741083170520988,0.9772411801240246,0.9555923175339422,0.08604836463928223,0.0936591625213623,0.1847151517868042,0.9981514864943763,0.9978105921090099,0.9915243442980859,-1.1544684171676636,1.0166072845458984,0.002766406163573265,0.5234375,-0.6027694486447333,
9,client_1,True,flip,clip01,random,0.8830658197402954,0.06094622611999512,0.036751389503479004,0.03141498565673828,0.9990720357252136,0.9996624193372912,0.9997533203167053,0.9849358349879034,0.9908750858324189,0.9921922775528003,0.05050373077392578,0.03688979148864746,0.03004586696624756,0.9993626481216074,0.9996598726108898,0.999774349665395,-1.0015679597854614,0.967808187007904,0.030646512284874916,0.43981186224489793,-0.7072134506369547,
9,client_2,False,flip,clip01,random,0.8406375646591187,0.1952275037765503,0.06405079364776611,0.0734713077545166,0.9905392260224484,0.9989751623597485,0.9986518564062692,0.9529242124147916,0.9841776075015893,0.981882193112918,0.1528242826461792,0.0629051923751831,0.070198655128479,0.9941866559631889,0.9990114677024744,0.9987691745851681,-0.9087966084480286,0.9374008774757385,0.014628596603870392,0.5098054846938775,0.6472727404444704,
9,client_3,False,flip,clip01,random,0.7955738306045532,0.06743216514587402,0.07369136810302734,0.06073176860809326,0.9988641942459071,0.9986437766549086,0.9990785503684148,0.9833527725161313,0.9818286690065825,0.9849882442427254,0.045799970626831055,0.06856584548950195,0.0586622953414917,0.9994757968556194,0.9988257164411032,0.9991402385714134,-0.9436995387077332,0.880342960357666,0.018736010417342186,0.5044642857142857,0.5591561306068101,
9,client_4,False,flip,clip01,random,0.6695616841316223,0.13705921173095703,0.04646766185760498,0.06044363975524902,0.99532018381429,0.9994604075699145,0.9990872668965425,0.9665963836842553,0.9884835337467981,0.9850586639329133,0.09379279613494873,0.044484734535217285,0.05522739887237549,0.9978043502237888,0.9995054606018801,0.9992379194590104,-1.008424997329712,1.1622843742370605,-0.05299919843673706,0.619499362244898,0.6343174416001102,
9,client_5,False,flip,clip01,random,0.8062862753868103,0.1290912628173828,0.08135414123535156,0.10935604572296143,0.9958468435370083,0.9983474270366,0.9970170043691333,0.9684921306677168,0.9799676213686033,0.973211674381369,0.15658950805664062,0.08450865745544434,0.11189579963684082,0.9938980019646522,0.9982169597241664,0.9968771659172602,-1.050675392150879,0.9287437796592712,0.008788947947323322,0.5603475765306123,0.5197728565598831,
9,client_6,False,flip,clip01,random,0.7200865745544434,0.13714373111724854,0.06053042411804199,0.04535877704620361,0.995314430600023,0.9990846458300995,0.9994858436898744,0.9665763045768561,0.985037452738754,0.9887560352784408,0.10309672355651855,0.060089945793151855,0.0427708625793457,0.9973480528559797,0.9990979103931878,0.9995428201491607,-1.3442484140396118,1.1338516473770142,-0.035167235881090164,0.6198979591836735,0.7743856421239114,
9,client_7,False,flip,clip01,random,0.7572967410087585,0.07842898368835449,0.12415170669555664,0.12366318702697754,0.9984639954102879,0.996157696950803,0.9961877889670732,0.9806774252029651,0.969670162525482,0.9697867862053753,0.03848695755004883,0.12203824520111084,0.11791872978210449,0.9996297913476151,0.9962870387647962,0.9965328356923151,-0.9481288194656372,0.9494444131851196,-0.017643969506025314,0.5200892857142857,0.8162553200837852,
9,client_8,False,flip,clip01,random,0.7830310463905334,0.05774807929992676,0.06673645973205566,0.07094204425811768,0.9991668108540033,0.9988874903667966,0.9987429928985778,0.9857178343971227,0.9835223946483516,0.982497686962394,0.06856644153594971,0.06824052333831787,0.07240796089172363,0.9988256960427839,0.9988368234760994,0.9986905591999229,-1.2550793886184692,0.8814233541488647,-0.0037944468203932047,0.5677614795918368,0.7270509722387939,
9,client_9,False,flip,clip01,random,0.6513345241546631,0.1601959466934204,0.16390633583068848,0.04873859882354736,0.9936150561024899,0.9933173616563069,0.9994064016479705,0.961123131880834,0.9602497306508633,0.9879258167526557,0.14761030673980713,0.16863727569580078,0.04585528373718262,0.9945749741300165,0.9929281015485454,0.9994745304189909,-1.0251344442367554,0.9567999243736267,-0.016787149012088776,0.5597098214285714,0.5838177449882943,
9,client_0,True,flip,clip01,pretrained,0.8154081106185913,0.059876322746276855,0.09982407093048096,0.12614941596984863,0.9991043086463134,0.9975134357260398,0.996033421190146,0.9851973402622178,0.9755035581635905,0.9691934710068366,0.03039717674255371,0.09944033622741699,0.12379157543182373,0.9997690429252022,0.9975324809068205,0.9961798918112428,-1.1544684171676636,1.0166072845458984,0.002766406163573265,0.5234375,-0.6027694486447333,
9,client_1,True,flip,clip01,pretrained,0.8830658197402954,0.11611878871917725,0.06974339485168457,0.07840585708618164,0.9966376101242596,0.9987850728915395,0.998464900086703,0.9715905283205029,0.9827895794135912,0.9806830400608173,0.10262203216552734,0.07169854640960693,0.07712149620056152,0.9973723694774608,0.9987160673150637,0.9985147253145488,-1.0015679597854614,0.967808187007904,0.030646512284874916,0.43981186224489793,-0.7072134506369547,
9,client_2,False,flip,clip01,pretrained,0.8406375646591187,0.23046600818634033,0.04009819030761719,0.1204380989074707,0.9868524547606701,0.9995981549342179,0.996383505412044,0.9447824268723195,0.9900503288284255,0.9705572361625734,0.21747469902038574,0.03947186470031738,0.1190406084060669,0.988280233850112,0.9996106067320145,0.996466724439584,-0.9087966084480286,0.9374008774757385,0.014628596603870392,0.5098054846938775,0.6472727404444704,
9,client_3,False,flip,clip01,pretrained,0.7955738306045532,0.10326743125915527,0.024924278259277344,0.07494378089904785,0.9973392809379666,0.9998447131761836,0.9985973347784443,0.9746746969150522,0.9937979316119618,0.9815241346816288,0.08434057235717773,0.024422645568847656,0.07299661636352539,0.9982240360528336,0.999850900271001,0.9986692032593096,-0.9436995387077332,0.880342960357666,0.018736010417342186,0.5044642857142857,0.5591561306068101,
9,client_4,False,flip,clip01,pretrained,0.6695616841316223,0.06274998188018799,0.06472110748291016,0.07534337043762207,0.9990163362426308,0.9989536164766994,0.9985823532312579,0.9844951976584557,0.984014011971514,0.9814270010787742,0.04370236396789551,0.06293702125549316,0.07498979568481445,0.9995226967785755,0.9990104678334999,0.9985956136180851,-1.008424997329712,1.1622843742370605,-0.05299919843673706,0.619499362244898,0.6343174416001102,
9,client_5,False,flip,clip01,pretrained,0.8062862753868103,0.15049374103546143,0.09383082389831543,0.0567401647567749,0.9943618639987923,0.9978025723711563,0.999195624021235,0.9634126150474029,0.976948735920367,0.985964479159626,0.16730034351348877,0.09575200080871582,0.05529332160949707,0.9930392032300386,0.9977118230039048,0.9992361000861696,-1.050675392150879,0.9287437796592712,0.008788947947323322,0.5603475765306123,0.5197728565598831,
9,client_6,False,flip,clip01,pretrained,0.7200865745544434,0.09398746490478516,0.01742875576019287,0.06088459491729736,0.9977952416308289,0.9999240639431537,0.9990739102605388,0.9769109234988334,0.9956570093187946,0.9849508960294786,0.08838808536529541,0.017934322357177734,0.05860400199890137,0.9980497439216134,0.9999195948694652,0.9991419453312054,-1.3442484140396118,1.1338516473770142,-0.035167235881090164,0.6198979591836735,0.7743856421239114,
9,client_7,False,flip,clip01,pretrained,0.7572967410087585,0.08909106254577637,0.10760927200317383,0.13725650310516357,0.9980186449046795,0.997111334740588,0.9953067487925411,0.9780939324675544,0.9736310661384104,0.9665495145289034,0.08025193214416504,0.11061739921569824,0.13560330867767334,0.9983918490965649,0.9969479520501854,0.9954187377886645,-0.9481288194656372,0.9494444131851196,-0.017643969506025314,0.5200892857142857,0.8162553200837852,
9,client_8,False,flip,clip01,pretrained,0.7830310463905334,0.08717226982116699,0.046018362045288086,0.052041053771972656,0.9981029522673168,0.9994707877317994,0.9993232758436588,0.9785581143116131,0.9885939327935296,0.9871156126197489,0.0841066837310791,0.045238494873046875,0.05085873603820801,0.9982338593720723,0.9994885659037933,0.9993536607290949,-1.2550793886184692,0.8814233541488647,-0.0037944468203932047,0.5677614795918368,0.7270509722387939,
9,client_9,False,flip,clip01,pretrained,0.6513345241546631,0.19831085205078125,0.0671694278717041,0.07990562915802002,0.9902402352238027,0.9988730204594543,0.998405681565939,0.9522076098858934,0.9834168261600325,0.9803190135138145,0.14670062065124512,0.06680572032928467,0.07575798034667969,0.9946413661165585,0.9988851819256981,0.9985667246792098,-1.0251344442367554,0.9567999243736267,-0.016787149012088776,0.5597098214285714,0.5838177449882943,
9,client_0,True,flip_global,raw,random,0.8703359365463257,0.05518674850463867,0.07158935070037842,0.11764740943908691,0.9992390402714162,0.9987199714012969,0.9965487313212062,0.9863447939694809,0.9823401104338558,0.9712246534302942,0.033483028411865234,0.07056105136871338,0.11540615558624268,0.9997197806082123,0.9987564455474951,0.9966786516036037,-1.1030852794647217,1.1760491132736206,0.014912502840161324,0.49752869897959184,-0.6027694486447333,
9,client_1,True,flip_global,raw,random,0.8915834426879883,0.07763683795928955,0.04578971862792969,0.03622400760650635,0.9984948316593116,0.9994760314154509,0.9996720360108626,0.9808697760393563,0.9886501206802762,0.9910051433418938,0.04273784160614014,0.04496431350708008,0.034989118576049805,0.9995435255606617,0.9994947441720246,0.9996940106355858,-0.959977388381958,1.1164212226867676,0.03112417832016945,0.42801339285714285,-0.7072134506369547,
9,client_2,False,flip_global,raw,random,0.8305324912071228,0.2715877294540405,0.06557631492614746,0.10475516319274902,0.9818120025197217,0.9989258029404522,0.9972622235395681,0.9354128472441581,0.9838053509014344,0.9743169077137404,0.15696406364440918,0.06354546546936035,0.09788727760314941,0.993868910149289,0.9989912572766608,0.997608817214866,-0.7594195008277893,1.074339509010315,0.02175115793943405,0.5138711734693877,0.6472727404444704,
9,client_3,False,flip_global,raw,random,0.7960001826286316,0.15789484977722168,0.06749141216278076,0.13880622386932373,0.9937963203902129,0.9988621991979116,0.995200554382556,0.9616653946144857,0.9833383293427589,0.966181476689514,0.12761354446411133,0.06642758846282959,0.1371140480041504,0.9959410943589087,0.9988977559282242,0.99531645152077,-0.9675198197364807,0.8856016993522644,0.022113488987088203,0.5111607142857143,0.5591561306068101,
9,client_4,False,flip_global,raw,random,0.724205493927002,0.46018481254577637,0.18198978900909424,0.07363033294677734,0.9490890107288457,0.9917710711599648,0.9986460200378116,0.8941814463229523,0.956010022459401,0.9818435138236337,0.39879345893859863,0.18328750133514404,0.06969928741455078,0.9613963680302713,0.9916540352682695,0.9987866077068035,-1.0346277952194214,1.2549428939819336,-0.06373700499534607,0.6317761479591837,0.6343174416001102,
9,client_5,False,flip_global,raw,random,0.8128377199172974,0.17400288581848145,0.05366551876068115,0.15648603439331055,0.9924735068705552,0.9992803916373407,0.9939060267592137,0.9578790963296482,0.9867174421195524,0.961997614452885,0.16904020309448242,0.0534590482711792,0.15648603439331055,0.9928944477558244,0.9992859152080622,0.9939060267592137,-1.0512118339538574,1.0315747261047363,0.013418417423963547,0.5612244897959183,0.5197728565598831,
9,client_6,False,flip_global,raw,random,0.7624629735946655,0.14397048950195312,0.047182321548461914,0.08777403831481934,0.9948381952186054,0.9994436893535699,0.998076708351096,0.9649565511173535,0.9883079702976956,0.9784125028098416,0.11008858680725098,0.04761958122253418,0.08497011661529541,0.9969769972170104,0.9994333348184194,0.9981974603976222,-1.3281642198562622,1.1500459909439087,-0.021618684753775597,0.5618622448979592,0.7743856421239114,
9,client_7,False,flip_global,raw,random,0.8358334898948669,0.17059004306793213,0.0782160758972168,0.11455750465393066,0.9927642676634187,0.9984723139973564,0.9967272002129992,0.9586794351783887,0.9807291184490738,0.9719644348463106,0.12162268161773682,0.07852399349212646,0.11135828495025635,0.99631221253039,0.9984602759890888,0.996907026747649,-1.061251163482666,0.9136947989463806,-0.042866796255111694,0.5544483418367347,0.8162553200837852,
9,client_8,False,flip_global,raw,random,0.7885662913322449,0.06947624683380127,0.05250585079193115,0.08925509452819824,0.9987943540791586,0.999311140011371,0.998011353052475,0.9828546524444943,0.9870016622053561,0.9780542662547682,0.04457378387451172,0.05166220664978027,0.08722710609436035,0.9995034794248483,0.999333087867837,0.9981005682189632,-1.261737585067749,0.9252884387969971,-0.005829783156514168,0.5554049744897959,0.7270509722387939,
9,client_9,False,flip_global,raw,random,0.7316268086433411,0.17840957641601562,0.1551351547241211,0.04588890075683594,0.9920897505115629,0.9940103150177362,0.9994737599855867,0.9568471761316171,0.962316334106138,0.9886257466184913,0.1737987995147705,0.1604403257369995,0.04413557052612305,0.9924910525047455,0.9935956545243869,0.9995131906641774,-1.082247257232666,1.002883791923523,-0.022311542183160782,0.5613839285714286,0.5838177449882943,
9,client_0,True,flip_global,raw,pretrained,0.8703359365463257,0.04931759834289551,0.10716450214385986,0.11128056049346924,0.9993922208123458,0.997135112983708,0.9969113328260584,0.9877836964202569,0.9737378965305343,0.9727499218343378,0.03328979015350342,0.10844087600708008,0.10947990417480469,0.9997230050260091,0.9970666136972917,0.9970102585316958,-1.1030852794647217,1.1760491132736206,0.014912502840161324,0.49752869897959184,-0.6027694486447333,0.32765650749206543
9,client_1,True,flip_global,raw,pretrained,0.8915834426879883,0.08890652656555176,0.04835665225982666,0.08723664283752441,0.9980268323006809,0.999415664757741,0.9981001534496903,0.9781385598435723,0.9880195855671599,0.9785425362501574,0.06792664527893066,0.04858827590942383,0.08534896373748779,0.9988474898954884,0.9994100560165702,0.9981813729661337,-0.959977388381958,1.1164212226867676,0.03112417832016945,0.42801339285714285,-0.7072134506369547,0.49819958209991455
9,client_2,False,flip_global,raw,pretrained,0.8305324912071228,0.18980133533477783,0.05051231384277344,0.09572935104370117,0.9910543389707114,0.999362431571921,0.9977129035372359,0.9541872802526987,0.9874905403391971,0.9764905881803025,0.18467998504638672,0.05023205280303955,0.09530878067016602,0.9915275507049637,0.9993694835398956,0.9977329212110946,-0.7594195008277893,1.074339509010315,0.02175115793943405,0.5138711734693877,0.6472727404444704,0.3334747552871704
9,client_3,False,flip_global,raw,pretrained,0.7960001826286316,0.10297954082489014,0.031494736671447754,0.053937554359436035,0.9973540660276514,0.9997520665034176,0.9992730816086206,0.9747439553442081,0.9921725731694664,0.9866507873888524,0.09769606590270996,0.0314861536026001,0.05308711528778076,0.9976181332203702,0.9997522015955043,0.9992958116797941,-0.9675198197364807,0.8856016993522644,0.022113488987088203,0.5111607142857143,0.5591561306068101,0.4329080581665039
9,client_4,False,flip_global,raw,pretrained,0.724205493927002,0.08165431022644043,0.0683896541595459,0.08310592174530029,0.9983352249388608,0.9988317384381915,0.9982755849008871,0.9798948275193793,0.9831193958846627,0.9795429123618149,0.054366350173950195,0.06767153739929199,0.08251428604125977,0.9992614843015382,0.9988561230462585,0.9983000187182596,-1.0346277952194214,1.2549428939819336,-0.06373700499534607,0.6317761479591837,0.6343174416001102,0.49970102310180664
9,client_5,False,flip_global,raw,pretrained,0.8128377199172974,0.14173424243927002,0.10268163681030273,0.053807854652404785,0.994996705527619,0.9973693222719024,0.9992765714460201,0.9654866858925817,0.974815630541013,0.9866825658391789,0.16388988494873047,0.10447657108306885,0.05314469337463379,0.9933186962993383,0.9972767364691049,0.9992942841404242,-1.0512118339538574,1.0315747261047363,0.013418417423963547,0.5612244897959183,0.5197728565598831,0.2647416591644287
9,client_6,False,flip_global,raw,pretrained,0.7624629735946655,0.08460402488708496,0.029101133346557617,0.055106401443481445,0.9982129385550071,0.9997883146235191,0.9992412531793744,0.9791799250950253,0.9927642254872557,0.9863644709095603,0.07790708541870117,0.029653191566467285,0.05357027053833008,0.9984843466223825,0.9997802082955016,0.9992829423909779,-1.3281642198562622,1.1500459909439087,-0.021618684753775597,0.5618622448979592,0.7743856421239114,0.3561210632324219
9,client_7,False,flip_global,raw,pretrained,0.8358334898948669,0.05531299114227295,0.06631898880004883,0.1012723445892334,0.9992355568158771,0.9989013540390315,0.9974409004370632,0.9863138784241476,0.9836242006360036,0.9751548111203576,0.04984009265899658,0.06649911403656006,0.10086596012115479,0.9993792804120925,0.9988953829466864,0.9974613584334426,-1.061251163482666,0.9136947989463806,-0.042866796255111694,0.5544483418367347,0.8162553200837852,0.4744917154312134
9,client_8,False,flip_global,raw,pretrained,0.7885662913322449,0.09428763389587402,0.04853487014770508,0.04673278331756592,0.9977811598944122,0.9994113516043863,0.9994542352382354,0.9768384702179205,0.9879758309783717,0.9884183984935406,0.0882488489151001,0.04799294471740723,0.0458376407623291,0.9980558745460284,0.999424417906229,0.9994749345343661,-1.261737585067749,0.9252884387969971,-0.005829783156514168,0.5554049744897959,0.7270509722387939,0.3064615726470947
9,client_9,False,flip_global,raw,pretrained,0.7316268086433411,0.10895168781280518,0.053705692291259766,0.05966615676879883,0.9970389746698818,0.9992793144318648,0.9991105811794512,0.973308734592125,0.9867075982918931,0.9852487211750065,0.08555924892425537,0.05307745933532715,0.057769179344177246,0.9981724126598854,0.9992960676892049,0.9991662022608776,-1.082247257232666,1.002883791923523,-0.022311542183160782,0.5613839285714286,0.5838177449882943,0.4162633419036865
9,client_0,True,flip_global,clip01,random,0.8703359365463257,0.07636022567749023,0.07935881614685059,0.13645899295806885,0.998543871174927,0.9984274018402712,0.9953609399628489,0.9811798854651925,0.9804517131521673,0.9667389945206117,0.053636789321899414,0.0793379545211792,0.13586950302124023,0.9992811614898123,0.9984282275572722,0.9954007959152513,-1.1030852794647217,1.1760491132736206,0.014912502840161324,0.49752869897959184,-0.6027694486447333,
9,client_1,True,flip_global,clip01,random,0.8915834426879883,0.049634695053100586,0.029848814010620117,0.03598833084106445,0.9993843836472105,0.9997772992792446,0.9996762886240995,0.9877058753509005,0.9925793564900924,0.9910632718072978,0.03986716270446777,0.028994083404541016,0.0350034236907959,0.9996027707175121,0.9997898689040681,0.9996937604376772,-0.959977388381958,1.1164212226867676,0.03112417832016945,0.42801339285714285,-0.7072134506369547,
9,client_2,False,flip_global,clip01,random,0.8305324912071228,0.18558061122894287,0.059751272201538086,0.05902564525604248,0.991445246615557,0.9991080435071544,0.9991295619653147,0.9551714927667807,0.9852279118579574,0.9854053368180644,0.14163470268249512,0.05828523635864258,0.0566028356552124,0.9950037043233562,0.999151248477544,0.9991995106614286,-0.7594195008277893,1.074339509010315,0.02175115793943405,0.5138711734693877,0.6472727404444704,
9,client_3,False,flip_global,clip01,random,0.7960001826286316,0.09308397769927979,0.049712538719177246,0.051859378814697266,0.9978373574594344,0.9993824520468693,0.9993279900975387,0.9771290513867117,0.987686772562578,0.98716015772245,0.07599341869354248,0.048291802406311035,0.05033397674560547,0.998557811910898,0.9994172302958988,0.999366923446471,-0.9675198197364807,0.8856016993522644,0.022113488987088203,0.5111607142857143,0.5591561306068101,
9,client_4,False,flip_global,clip01,random,0.724205493927002,0.12874698638916016,0.05213642120361328,0.05418837070465088,0.9958688976955965,0.999320794584581,0.9992663090971476,0.9685741672601529,0.9870922305710428,0.9865893378308317,0.08200836181640625,0.05026745796203613,0.049776434898376465,0.998320774998904,0.9993685948313893,0.9993808642793767,-1.0346277952194214,1.2549428939819336,-0.06373700499534607,0.6317761479591837,0.6343174416001102,
9,client_5,False,flip_global,clip01,random,0.8128377199172974,0.13071823120117188,0.08054041862487793,0.12389063835144043,0.9957418340771931,0.9983802805553932,0.9961737929260857,0.9681045864066269,0.9801649977119187,0.9697324844194681,0.17038494348526,0.08410763740539551,0.1279137134552002,0.9927815619085902,0.9982338193728582,0.9959220359283838,-1.0512118339538574,1.0315747261047363,0.013418417423963547,0.5612244897959183,0.5197728565598831,
9,client_6,False,flip_global,clip01,random,0.7624629735946655,0.06870794296264648,0.028682231903076172,0.04154777526855469,0.998820848481631,0.9997943641133611,0.9995685852324574,0.9830418351599037,0.9928678242251063,0.9896934251551734,0.0530015230178833,0.02756023406982422,0.03922677040100098,0.9992980793780302,0.99981013541526,0.9996154260798367,-1.3281642198562622,1.1500459909439087,-0.021618684753775597,0.5618622448979592,0.7743856421239114,
9,client_7,False,flip_global,clip01,random,0.8358334898948669,0.08052253723144531,0.09510445594787598,0.12297976016998291,0.998380998814647,0.9977426147559343,0.9962296901337282,0.9801693356880512,0.9766413506585294,0.9699499751774419,0.04676687717437744,0.09370207786560059,0.11973440647125244,0.9994534389500325,0.9978085885422383,0.9964255296232494,-1.061251163482666,0.9136947989463806,-0.042866796255111694,0.5544483418367347,0.8162553200837852,
9,client_8,False,flip_global,clip01,random,0.7885662913322449,0.06774640083312988,0.06712865829467773,0.06543350219726562,0.9988535929356104,0.9988743869665606,0.9989304728893069,0.9832761721156333,0.9834267660798064,0.9838401909941079,0.08643972873687744,0.06947970390319824,0.06705403327941895,0.998134657069679,0.9987942342012053,0.9988768860920132,-1.261737585067749,0.9252884387969971,-0.005829783156514168,0.5554049744897959,0.7270509722387939,
9,client_9,False,flip_global,clip01,random,0.7316268086433411,0.10767269134521484,0.1646181344985962,0.059908270835876465,0.9971079362688349,0.9932594884598931,0.9991033532098896,0.9736158347204713,0.9600823142199968,0.9851895300161291,0.11136877536773682,0.17328906059265137,0.0577239990234375,0.9969064453310092,0.9925347876793533,0.9991675051356401,-1.082247257232666,1.002883791923523,-0.022311542183160782,0.5613839285714286,0.5838177449882943,
9,client_0,True,flip_global,clip01,pretrained,0.8703359365463257,0.0457148551940918,0.11223113536834717,0.10959494113922119,0.9994777426584527,0.9968584646882943,0.9970039863702449,0.9886685190068079,0.972521969920275,0.9731543378545835,0.02985560894012451,0.11507678031921387,0.10685098171234131,0.9997771978912944,0.9966975362369133,0.9971518157126684,-1.1030852794647217,1.1760491132736206,0.014912502840161324,0.49752869897959184,-0.6027694486447333,
9,client_1,True,flip_global,clip01,pretrained,0.8915834426879883,0.09338772296905518,0.043451666831970215,0.0780113935470581,0.9978232435461736,0.9995281552070723,0.9984802899840175,0.9770557103541886,0.9892249594498455,0.9807788184438064,0.07139921188354492,0.04386436939239502,0.07528340816497803,0.9987267553084085,0.9995191527554499,0.9985846064161221,-0.959977388381958,1.1164212226867676,0.03112417832016945,0.42801339285714285,-0.7072134506369547,
9,client_2,False,flip_global,clip01,pretrained,0.8305324912071228,0.1901921033859253,0.04534149169921875,0.1003563404083252,0.991017714746691,0.9994862353341474,0.9974868980708889,0.9540962358042531,0.9887602839369898,0.975375364904685,0.18418455123901367,0.04538881778717041,0.09924042224884033,0.9915726597631505,0.9994851626845322,0.9975423740139766,-0.7594195008277893,1.074339509010315,0.02175115793943405,0.5138711734693877,0.6472727404444704,
9,client_3,False,flip_global,clip01,pretrained,0.7960001826286316,0.11327648162841797,0.0318295955657959,0.05745220184326172,0.9967998113992751,0.9997467673169103,0.9991753215522208,0.9722713840078183,0.9920898447301096,0.9857902283788837,0.10011076927185059,0.03166234493255615,0.05576598644256592,0.9974991590511326,0.9997494210806561,0.9992229917926492,-0.9675198197364807,0.8856016993522644,0.022113488987088203,0.5111607142857143,0.5591561306068101,
9,client_4,False,flip_global,clip01,pretrained,0.724205493927002,0.08157980442047119,0.08383989334106445,0.08110988140106201,0.9983382578284863,0.9982450314357969,0.9983573233860608,0.9799128951321168,0.9793650473415092,0.9800268627032087,0.05700206756591797,0.08214080333709717,0.08031690120697021,0.999188185694246,0.9983153536643425,0.9983892473887244,-1.0346277952194214,1.2549428939819336,-0.06373700499534607,0.6317761479591837,0.6343174416001102,
9,client_5,False,flip_global,clip01,pretrained,0.8128377199172974,0.15113985538482666,0.09847640991210938,0.055417776107788086,0.9943135548238717,0.997580000466443,0.9992326594178427,0.9632598934029744,0.9758282457042027,0.9862882187501483,0.1616356372833252,0.1008443832397461,0.053688645362854004,0.9935003393037831,0.997462442363491,0.9992797716232298,-1.0512118339538574,1.0315747261047363,0.013418417423963547,0.5612244897959183,0.5197728565598831,
9,client_6,False,flip_global,clip01,pretrained,0.7624629735946655,0.07678616046905518,0.02054440975189209,0.05529654026031494,0.9985275993871225,0.9998944901569757,0.9992360112005862,0.9810764027735883,0.9948836158180698,0.9863179069963779,0.06278383731842041,0.020783543586730957,0.05302143096923828,0.9990152753102155,0.9998920198245809,0.9992975522587739,-1.3281642198562622,1.1500459909439087,-0.021618684753775597,0.5618622448979592,0.7743856421239114,
9,client_7,False,flip_global,clip01,pretrained,0.8358334898948669,0.05382132530212402,0.06646120548248291,0.09602105617523193,0.999276209380626,0.9988966409439144,0.9976989679860984,0.9866792652485017,0.9835895173797515,0.9764202232271095,0.05360996723175049,0.06813967227935791,0.09559285640716553,0.9992818798604486,0.9988402560089509,0.9977194097974535,-1.061251163482666,0.9136947989463806,-0.042866796255111694,0.5544483418367347,0.8162553200837852,
9,client_8,False,flip_global,clip01,pretrained,0.7885662913322449,0.09662461280822754,0.04745757579803467,0.05140042304992676,0.9976700007503103,0.999437182310625,0.9993398261820072,0.9762746577903219,0.9882403637624424,0.987272703078973,0.08443450927734375,0.04665648937225342,0.04950153827667236,0.9982200830660461,0.9994560150415916,0.9993876807736675,-1.261737585067749,0.9252884387969971,-0.005829783156514168,0.5554049744897959,0.7270509722387939,
9,client_9,False,flip_global,clip01,pretrained,0.7316268086433411,0.10746276378631592,0.05101776123046875,0.06236600875854492,0.9971191781319997,0.9993496144351355,0.999028328927912,0.9736662543721815,0.9873665543175933,0.9845889732017268,0.08150637149810791,0.049793243408203125,0.05938732624053955,0.9983412443488868,0.9993804462635463,0.9991188690978576,-1.082247257232666,1.002883791923523,-0.022311542183160782,0.5613839285714286,0.5838177449882943,
10,client_0,True,orig,raw,random,0.8690139055252075,0.12727630138397217,0.1285252571105957,0.14604735374450684,0.9959624539471108,0.9958830707576733,0.9946887946352223,0.9689247298829478,0.9686270079862611,0.9644645918022479,0.16835808753967285,0.13681524991989136,0.15234577655792236,0.9929513741382792,0.9953367706216163,0.9942228454796831,-1.1136996746063232,0.7899787425994873,-0.03209611773490906,0.5879304846938775,-0.6229631077975338,
10,client_1,True,orig,raw,random,0.9216759204864502,0.08617663383483887,0.027773141860961914,0.07331633567810059,0.9981459790334892,0.9998071910338062,0.9986575319302218,0.9787991024090335,0.9930927075688099,0.981919888773646,0.09958791732788086,0.026622414588928223,0.07877922058105469,0.9975251649084782,0.9998228353043832,0.9984502622270728,-0.9287217259407043,0.9155741930007935,0.002760804956778884,0.5605070153061225,-0.6667675596900924,
10,client_2,False,orig,raw,random,0.9304623007774353,0.11481094360351562,0.026228785514831543,0.06948280334472656,0.9967127389352695,0.9998280348848261,0.9987941267193667,0.971903724940332,0.9934749131766785,0.9828530553047488,0.09784054756164551,0.025075316429138184,0.06720566749572754,0.9976110956142046,0.9998428256567846,0.9988718050923093,-0.8492682576179504,1.105360746383667,-0.011359533295035362,0.509406887755102,0.6547712573292139,
10,client_3,False,orig,raw,random,0.9060788750648499,0.07375502586364746,0.06365752220153809,0.046180129051208496,0.9986414349043251,0.9989876991890796,0.999467062033272,0.981813186685196,0.9842736075892959,0.9885541823186335,0.07702279090881348,0.06293332576751709,0.046180129051208496,0.9985185205681728,0.9990105839490322,0.999467062033272,-0.8358575105667114,1.1095468997955322,0.03455327823758125,0.3986766581632653,0.523746666046452,
10,client_4,False,orig,raw,random,0.9152184724807739,0.13829314708709717,0.02668464183807373,0.0894019603729248,0.9952358430390156,0.9998220062374001,0.9980048129879735,0.9663033022167118,0.9933620724497316,0.9780187532062017,0.13454139232635498,0.026450634002685547,0.0871356725692749,0.9954899670708794,0.9998251139324545,0.9981045425310335,-1.1650176048278809,1.1352217197418213,-0.0526512935757637,0.5652901785714286,0.6163099388033525,
10,client_5,False,orig,raw,random,0.8993358016014099,0.09987938404083252,0.04130125045776367,0.06633520126342773,0.9975106844711179,0.9995736880331647,0.9989008172622726,0.9754902352228503,0.9897541086343808,0.9836202467102395,0.10516190528869629,0.04104256629943848,0.06606841087341309,0.9972409659552486,0.999579009909654,0.998909633766873,-0.9132164716720581,1.2710126638412476,0.03251989930868149,0.42354910714285715,0.618071748647109,
10,client_6,False,orig,raw,random,0.9162180423736572,0.12492084503173828,0.10193288326263428,0.0433807373046875,0.9961100816264925,0.9974074737830534,0.9995296938645322,0.9694865897831644,0.9749958143054702,0.9892424061835658,0.14372146129608154,0.10216057300567627,0.04593205451965332,0.9948559677980293,0.9973959015377654,0.9994727701632384,-1.0783456563949585,0.8812970519065857,-0.07134305685758591,0.650749362244898,0.7542252662795218,
10,client_7,False,orig,raw,random,0.9250094294548035,0.17720448970794678,0.07033836841583252,0.10562431812286377,0.9921956265685687,0.9987642749408747,0.9972166996158767,0.9571292068070274,0.98264467650149,0.97410797322946,0.17824971675872803,0.0678558349609375,0.11054110527038574,0.9921038357048515,0.9988498894456475,0.9969521510294066,-0.6825334429740906,0.9299318790435791,0.07829975336790085,0.31449298469387754,0.7722525028145292,
10,client_8,False,orig,raw,random,0.8440067768096924,0.0898510217666626,0.033098459243774414,0.07363688945770264,0.9979847495903744,0.9997261792452821,0.9986457791381675,0.9779101794551015,0.9917764599806131,0.9818419191494014,0.10103237628936768,0.03360724449157715,0.07385766506195068,0.9974529906663352,0.9997176980644602,0.998637654919325,-1.1667866706848145,0.9641561508178711,-0.037412624806165695,0.495296556122449,0.6553253781505265,
10,client_9,False,orig,raw,random,0.9135746359825134,0.05697810649871826,0.037832021713256836,0.10387897491455078,0.9991888676349794,0.9996422805346838,0.9973077382366711,0.985906244558608,0.9906086714011331,0.9745276010386026,0.08318650722503662,0.03815162181854248,0.10602271556854248,0.9982722433826716,0.9996362127245413,0.9971957079883207,-1.1664515733718872,1.199317455291748,0.01878073439002037,0.39596619897959184,0.6737425466885046,
10,client_0,True,orig,raw,pretrained,0.8690139055252075,0.10109877586364746,0.060210585594177246,0.13805723190307617,0.9974496481306856,0.9990942870534885,0.9952520257034407,0.9751965969256708,0.9851156287050276,0.9663593259252465,0.1488742232322693,0.0615994930267334,0.14436471462249756,0.994482059102751,0.9990520501114113,0.9948099983341621,-1.1136996746063232,0.7899787425994873,-0.03209611773490906,0.5879304846938775,-0.6229631077975338,0.38403916358947754
10,client_1,True,orig,raw,pretrained,0.9216759204864502,0.045519113540649414,0.04103398323059082,0.0654217004776001,0.9994822037483022,0.9995791859156418,0.9989308583492946,0.988716626613338,0.9898199042847453,0.9838430701830982,0.06373333930969238,0.04152190685272217,0.06642413139343262,0.9989852882573511,0.9995691221053316,0.9988978705578482,-0.9287217259407043,0.9155741930007935,0.002760804956778884,0.5605070153061225,-0.6667675596900924,0.4982168674468994
10,client_2,False,orig,raw,pretrained,0.9304623007774353,0.06691741943359375,0.03316354751586914,0.04600405693054199,0.9988814539901862,0.9997251014691024,0.9994711165684844,0.9834782700671609,0.9917603884433497,0.988597448057807,0.09339475631713867,0.032880544662475586,0.04819798469543457,0.9978229161915182,0.9997297722254628,0.9994194914344314,-0.8492682576179504,1.105360746383667,-0.011359533295035362,0.509406887755102,0.6547712573292139,0.5145854949951172
10,client_3,False,orig,raw,pretrained,0.9060788750648499,0.0856161117553711,0.10090911388397217,0.03236556053161621,0.9981699859533775,0.9974591898829641,0.999738169050824,0.9789348128266122,0.9752422601752972,0.991957453643465,0.10134732723236084,0.10408353805541992,0.03299760818481445,0.9974371167795937,0.997297145877639,0.9997278450275371,-0.8358575105667114,1.1095468997955322,0.03455327823758125,0.3986766581632653,0.523746666046452,0.403692364692688
10,client_4,False,orig,raw,pretrained,0.9152184724807739,0.19565856456756592,0.06293332576751709,0.1380065679550171,0.9904976998798647,0.9990105839490322,0.9952554974578416,0.952823980643646,0.9844504253654232,0.9663713579289375,0.21854758262634277,0.06207609176635742,0.14199340343475342,0.9881653438956894,0.9990373353157245,0.9949784607943306,-1.1650176048278809,1.1352217197418213,-0.0526512935757637,0.5652901785714286,0.6163099388033525,0.5612343549728394
10,client_5,False,orig,raw,pretrained,0.8993358016014099,0.17443573474884033,0.09389674663543701,0.06100201606750488,0.9924362275348515,0.9977994886921153,0.9990703372228811,0.9577776615323128,0.9769328222058036,0.9849222016931858,0.18041133880615234,0.0942755937576294,0.061900973320007324,0.9919123324751962,0.9977817255884032,0.9990427551697574,-0.9132164716720581,1.2710126638412476,0.03251989930868149,0.42354910714285715,0.618071748647109,0.3446674346923828
10,client_6,False,orig,raw,pretrained,0.9162180423736572,0.2559821605682373,0.14201879501342773,0.09510684013366699,0.9838174139494282,0.9949766714811459,0.99774250176487,0.9389520581853705,0.9654192042960548,0.9766407753823647,0.3042391538619995,0.14050579071044922,0.09865450859069824,0.9772552349491859,0.9950827409067411,0.9975712551781162,-1.0783456563949585,0.8812970519065857,-0.07134305685758591,0.650749362244898,0.7542252662795218,0.6739732027053833
10,client_7,False,orig,raw,pretrained,0.9250094294548035,0.058708906173706055,0.09544968605041504,0.09471511840820312,0.9991388726439485,0.9977262243603595,0.997761028454224,0.9854827985613437,0.9765580559657381,0.9767353000809047,0.056314706802368164,0.09597611427307129,0.09657502174377441,0.9992076346468759,0.9977011177274753,0.997672387631654,-0.6825334429740906,0.9299318790435791,0.07829975336790085,0.31449298469387754,0.7722525028145292,0.41543328762054443
10,client_8,False,orig,raw,pretrained,0.8440067768096924,0.12373793125152588,0.0770496129989624,0.06453931331634521,0.9961831924437672,0.9985174897280549,0.998959481981619,0.969768941246897,0.981012404046802,0.9840583762792023,0.09913897514343262,0.07404625415802002,0.06554293632507324,0.9975473867500089,0.9986306959345519,0.9989268953230954,-1.1667866706848145,0.9641561508178711,-0.037412624806165695,0.495296556122449,0.6553253781505265,0.4383363723754883
10,client_9,False,orig,raw,pretrained,0.9135746359825134,0.07881617546081543,0.038657188415527344,0.0905447006225586,0.9984488096322859,0.9996265100999884,0.9979535606705856,0.9805834269141136,0.990405310704007,0.9777424978233566,0.0813683271408081,0.03819859027862549,0.09170305728912354,0.9983468513754377,0.9996353167013399,0.9979009477047724,-1.1664515733718872,1.199317455291748,0.01878073439002037,0.39596619897959184,0.6737425466885046,0.3770437240600586
10,client_0,True,orig,clip01,random,0.8690139055252075,0.13635480403900146,0.07410275936126709,0.06522655487060547,0.9953679966495479,0.9986286074374384,0.9989372220186878,0.966763752827712,0.9817286202474265,0.9838906804243595,0.13752734661102295,0.07408249378204346,0.06576895713806152,0.9952882740338669,0.998629356658961,0.9989194874994198,-1.1136996746063232,0.7899787425994873,-0.03209611773490906,0.5879304846938775,-0.6229631077975338,
10,client_1,True,orig,clip01,random,0.9216759204864502,0.034836769104003906,0.03766155242919922,0.03654909133911133,0.9996966689045945,0.9996454961501153,0.9996661246087324,0.9913473721862782,0.9906506910268402,0.990924971501016,0.037789225578308105,0.037648677825927734,0.03564906120300293,0.9996430891753543,0.9996457384186079,0.9996823617996586,-0.9287217259407043,0.9155741930007935,0.002760804956778884,0.5605070153061225,-0.6667675596900924,
10,client_2,False,orig,clip01,random,0.9304623007774353,0.0848013162612915,0.027819395065307617,0.04623997211456299,0.9982046054425344,0.9998065483867811,0.9994656804643951,0.9791321368531889,0.9930812639800062,0.9885394778870253,0.08579015731811523,0.026819705963134766,0.047220468521118164,0.9981625483337715,0.9998202000926997,0.9994427898101825,-0.8492682576179504,1.105360746383667,-0.011359533295035362,0.509406887755102,0.6547712573292139,
10,client_3,False,orig,clip01,random,0.9060788750648499,0.0555419921875,0.09430623054504395,0.057604432106018066,0.9992292176452602,0.9977802860082219,0.9991709482067532,0.9862578020952439,0.976833981717673,0.9857529803579101,0.08283841609954834,0.09616589546203613,0.058304786682128906,0.9982866540605897,0.9976920329736159,0.9991506793599598,-0.8358575105667114,1.1095468997955322,0.03455327823758125,0.3986766581632653,0.523746666046452,
10,client_4,False,orig,clip01,random,0.9152184724807739,0.10700035095214844,0.04614245891571045,0.046034812927246094,0.9971438641519279,0.9994679307899792,0.9994704094434217,0.9737773288647384,0.988563438663038,0.9885898902627985,0.09493875503540039,0.04473996162414551,0.04636716842651367,0.9977504607424443,0.9994997717090355,0.9994627380091272,-1.1650176048278809,1.1352217197418213,-0.0526512935757637,0.5652901785714286,0.6163099388033525,
10,client_5,False,orig,clip01,random,0.8993358016014099,0.11392080783843994,0.0943228006362915,0.03524136543273926,0.9967633906514597,0.9977795072089921,0.9996895838282078,0.9721169771881695,0.9768299823749471,0.9912475408009991,0.14864373207092285,0.09587788581848145,0.0341566801071167,0.994499061420574,0.9977058128868861,0.9997083940922276,-0.9132164716720581,1.2710126638412476,0.03251989930868149,0.42354910714285715,0.618071748647109,
10,client_6,False,orig,clip01,random,0.9162180423736572,0.21985280513763428,0.11110031604766846,0.05155766010284424,0.988024838814203,0.9969213072378027,0.999335782995056,0.9472235497586965,0.9727931542698944,0.9872341431638803,0.24309194087982178,0.1091010570526123,0.052022457122802734,0.9853886965599175,0.997030868266773,0.9993237591609556,-1.0783456563949585,0.8812970519065857,-0.07134305685758591,0.650749362244898,0.7542252662795218,
10,client_7,False,orig,clip01,random,0.9250094294548035,0.07751345634460449,0.11970806121826172,0.0825890302658081,0.9984996065488247,0.996427098219614,0.9982969414594105,0.9808997409732054,0.970731764394341,0.9796682009587636,0.06507551670074463,0.11982274055480957,0.08297967910766602,0.9989421343418208,0.996420267720006,0.9982808131394787,-0.6825334429740906,0.9299318790435791,0.07829975336790085,0.31449298469387754,0.7722525028145292,
10,client_8,False,orig,clip01,random,0.8440067768096924,0.08719563484191895,0.04095005989074707,0.1384754180908203,0.9981019366376735,0.9995809049258841,0.9952233214622157,0.9785524600092317,0.9898405658251077,0.966260020943136,0.09897208213806152,0.041470885276794434,0.1411316990852356,0.9975556222464974,0.9995701800278067,0.9950389972142017,-1.1667866706848145,0.9641561508178711,-0.037412624806165695,0.495296556122449,0.6553253781505265,
10,client_9,False,orig,clip01,random,0.9135746359825134,0.08347165584564209,0.041312217712402344,0.06328868865966797,0.9982603936795711,0.9995734616672995,0.9989993870267453,0.9794542771179855,0.9897514088638366,0.9843636549990755,0.09876000881195068,0.041312217712402344,0.06363868713378906,0.9975660673378337,0.9995734616672995,0.9989882976875732,-1.1664515733718872,1.199317455291748,0.01878073439002037,0.39596619897959184,0.6737425466885046,
10,client_0,True,orig,clip01,pretrained,0.8690139055252075,0.10658049583435059,0.054955124855041504,0.13862037658691406,0.9971661867993202,0.9992454108888931,0.995213351559483,0.9738781972035369,0.9864015200408689,0.9662256018124287,0.1571924090385437,0.05636298656463623,0.14497894048690796,0.9938511410384157,0.9992062762513407,0.9947659146834786,-1.1136996746063232,0.7899787425994873,-0.03209611773490906,0.5879304846938775,-0.6229631077975338,
10,client_1,True,orig,clip01,pretrained,0.9216759204864502,0.04123115539550781,0.03784787654876709,0.06363964080810547,0.999575133388507,0.9996419807226127,0.9989882673880959,0.9897713639506078,0.9906047634180313,0.984277972886388,0.06033647060394287,0.03800034523010254,0.06473147869110107,0.9990904984504332,0.9996390911617732,0.9989532813585444,-0.9287217259407043,0.9155741930007935,0.002760804956778884,0.5605070153061225,-0.6667675596900924,
10,client_2,False,orig,clip01,pretrained,0.9304623007774353,0.07022809982299805,0.03415489196777344,0.04197847843170166,0.998768142788161,0.9997084246165242,0.9995595973571252,0.9826715294590707,0.9915156548601007,0.9895874185273412,0.09660279750823975,0.0339890718460083,0.04323399066925049,0.9976710508984936,0.9997112482971728,0.9995328692356507,-0.8492682576179504,1.105360746383667,-0.011359533295035362,0.509406887755102,0.6547712573292139,
10,client_3,False,orig,clip01,pretrained,0.9060788750648499,0.08120870590209961,0.1071099042892456,0.032634854316711426,0.9983533230122941,0.9971380251606807,0.9997337947318159,0.9800028937461318,0.9737510117394395,0.9918909441947432,0.09732162952423096,0.10949349403381348,0.03308665752410889,0.9976363237123118,0.9970095179117247,0.9997263744396592,-0.8358575105667114,1.1095468997955322,0.03455327823758125,0.3986766581632653,0.523746666046452,
10,client_4,False,orig,clip01,pretrained,0.9152184724807739,0.21246469020843506,0.06740319728851318,0.13903093338012695,0.988809505750857,0.998865169056323,0.9951850586404898,0.9489284768202255,0.9833598343848002,0.9661281286741463,0.23091661930084229,0.06666231155395508,0.14086341857910156,0.9868015025847561,0.9988899590648546,0.9950577703466457,-1.1650176048278809,1.1352217197418213,-0.0526512935757637,0.5652901785714286,0.6163099388033525,
10,client_5,False,orig,clip01,pretrained,0.8993358016014099,0.19215106964111328,0.09812033176422119,0.05187487602233887,0.9908330088299699,0.9975974381534263,0.9993275886048936,0.9536400159321667,0.9759140615391435,0.9871563578256646,0.1772456169128418,0.09780657291412354,0.05195188522338867,0.9921920247782738,0.9976127514253952,0.9993255917197159,-0.9132164716720581,1.2710126638412476,0.03251989930868149,0.42354910714285715,0.618071748647109,
10,client_6,False,orig,clip01,pretrained,0.9162180423736572,0.30812525749206543,0.158927321434021,0.11355233192443848,0.9766807498210137,0.9937153077459338,0.9967842439160821,0.9272045003388278,0.9614220316966298,0.9722052745269876,0.3613682985305786,0.158927321434021,0.1169893741607666,0.9681358258391253,0.9937153077459338,0.9965871325848996,-1.0783456563949585,0.8812970519065857,-0.07134305685758591,0.650749362244898,0.7542252662795218,
10,client_7,False,orig,clip01,pretrained,0.9250094294548035,0.06174921989440918,0.09604597091674805,0.0902794599533081,0.9990474395370592,0.9976977757890391,0.9979655144692183,0.9847396360570577,0.9764142136595453,0.9778066088340931,0.06264746189117432,0.09625506401062012,0.09130001068115234,0.9990195454454422,0.9976877583548831,0.997919329619819,-0.6825334429740906,0.9299318790435791,0.07829975336790085,0.31449298469387754,0.7722525028145292,
10,client_8,False,orig,clip01,pretrained,0.8440067768096924,0.11927080154418945,0.0831289291381836,0.07816338539123535,0.9964530827920848,0.9982746312161628,0.9984743692100622,0.9708363215061051,0.9795373361914066,0.9807419121458048,0.09430015087127686,0.07693147659301758,0.07877981662750244,0.9977805717206192,0.9985220273271442,0.9984502388035046,-1.1667866706848145,0.9641561508178711,-0.037412624806165695,0.495296556122449,0.6553253781505265,
10,client_9,False,orig,clip01,pretrained,0.9135746359825134,0.07608449459075928,0.0409700870513916,0.09273350238800049,0.9985543567499504,0.9995804950268414,0.9978535859785207,0.9812468842560687,0.9898356351714581,0.9772136859248419,0.081459641456604,0.039438843727111816,0.09355270862579346,0.9983431434685295,0.9996112577789722,0.9978155581315329,-1.1664515733718872,1.199317455291748,0.01878073439002037,0.39596619897959184,0.6737425466885046,
10,client_0,True,flip,raw,random,0.9198673963546753,0.08317959308624268,0.04716527462005615,0.08987808227539062,0.9982725302073356,0.9994440911023883,0.9979835373749879,0.9795250572276661,0.988312157504929,0.9779036373621661,0.07808983325958252,0.04664945602416992,0.09025800228118896,0.9984772358327643,0.9994561789710548,0.997966479994207,-0.8551893830299377,0.9248780608177185,0.018576595932245255,0.45176977040816324,-0.6229631077975338,
10,client_1,True,flip,raw,random,0.9219413995742798,0.08781194686889648,0.11118066310882568,0.08810341358184814,0.9980750490989942,0.9969168629510985,0.9980622678492574,0.9784033310665434,0.9727738823119731,0.9783328167849645,0.14273107051849365,0.11406916379928589,0.09071338176727295,0.9949263499160781,0.9967549758086547,0.9979459404613833,-1.0041526556015015,1.024397850036621,-0.03030814416706562,0.5082908163265306,-0.6667675596900924,
10,client_2,False,flip,raw,random,0.8851921558380127,0.22268199920654297,0.07065391540527344,0.10080397129058838,0.9877175130219473,0.9987531732211954,0.9974644718674823,0.946571886263657,0.9825678395824364,0.9752675758173999,0.20791256427764893,0.06948339939117432,0.10080397129058838,0.9892800669099968,0.9987941060492347,0.9974644718674823,-0.8367724418640137,0.8727288842201233,0.024070288985967636,0.4830994897959184,0.6547712573292139,
10,client_3,False,flip,raw,random,0.7123801112174988,0.15537738800048828,0.08758783340454102,0.07509541511535645,0.9939916798719497,0.9980848481712163,0.9985916589968007,0.9622591711541679,0.97845755582545,0.9814872732146742,0.17006278038024902,0.089255690574646,0.07398116588592529,0.9928086859955347,0.9980113265316064,0.9986330997053317,-0.9182261824607849,0.7663209438323975,-0.046368975192308426,0.6115274234693877,0.523746666046452,
10,client_4,False,flip,raw,random,0.9128785133361816,0.41503071784973145,0.06919503211975098,0.36492395401000977,0.9582899201138917,0.9988040856253033,0.9675211350413035,0.9038003792070453,0.9829231588868186,0.9146578715457157,0.5103509426116943,0.06850123405456543,0.3896223306655884,0.9379349000976958,0.9988279265711728,0.9631025791183883,-0.9432656764984131,1.0154043436050415,0.06210872903466225,0.4100765306122449,0.6163099388033525,
10,client_5,False,flip,raw,random,0.8363218903541565,0.16444873809814453,0.071982741355896,0.133162260055542,0.9932732836109082,0.9987058786734657,0.9955816493362435,0.9601221526069439,0.9822443642233079,0.9675228556685751,0.22847133874893188,0.07309293746948242,0.14204943180084229,0.9870768506240524,0.998665692411906,0.9949745121251052,-0.8801218271255493,0.7918814420700073,-0.01918104477226734,0.5787627551020408,0.618071748647109,
10,client_6,False,flip,raw,random,0.8991478085517883,0.09452581405639648,0.05036163330078125,0.09506285190582275,0.9977699544843959,0.9993662278844566,0.9977445859971203,0.9767809852288847,0.9875275067305289,0.976651389309491,0.1579453945159912,0.04945635795593262,0.10177206993103027,0.993792366471018,0.9993887974855047,0.9974156316227205,-0.8071021437644958,0.9506924748420715,0.04399080201983452,0.47034438775510207,0.7542252662795218,
10,client_7,False,flip,raw,random,0.7521365284919739,0.21511173248291016,0.1975651979446411,0.11012303829193115,0.9885313484126963,0.9903129579879566,0.996975109159653,0.9483170992000256,0.952380833482994,0.9730276089377945,0.1530529260635376,0.2014082670211792,0.11375617980957031,0.9941693242428107,0.9899353026826074,0.9967727157617052,-1.11031973361969,0.8391715884208679,-0.08888769149780273,0.7111766581632653,0.7722525028145292,
10,client_8,False,flip,raw,random,0.88539719581604,0.12781810760498047,0.1195681095123291,0.05305361747741699,0.9959281109673195,0.9964354252190004,0.9992966996121762,0.9687955590512127,0.9707652276714638,0.9868673961474015,0.11726188659667969,0.11833631992340088,0.054316163063049316,0.9965712553135375,0.9965082998702521,0.9992628464079503,-0.8149979114532471,1.071006178855896,0.05239775776863098,0.47951211734693877,0.6553253781505265,
10,client_9,False,flip,raw,random,0.8397696614265442,0.2137739658355713,0.0532834529876709,0.26122933626174927,0.9886723398113308,0.9992905960761236,0.9831556801253483,0.9486260042323518,0.9868110680840707,0.9377597997459104,0.2882758378982544,0.05328357219696045,0.2761852741241455,0.9795436304977811,0.9992905929035578,0.9811997901688263,-0.7983782291412354,1.0533244609832764,-0.0038023237138986588,0.5762914540816326,0.6737425466885046,
10,client_0,True,flip,raw,pretrained,0.9198673963546753,0.1056290864944458,0.08558154106140137,0.07851743698120117,0.9972164488329511,0.9981714615006161,0.9984605328058029,0.9741068271553139,0.9789431838111173,0.9806559502640242,0.08453524112701416,0.0847628116607666,0.07795083522796631,0.9982158392767289,0.9982062333003214,0.998482645810185,-0.8551893830299377,0.9248780608177185,0.018576595932245255,0.45176977040816324,-0.6229631077975338,0.4501993656158447
10,client_1,True,flip,raw,pretrained,0.9219413995742798,0.13913393020629883,0.048400282859802246,0.11264920234680176,0.9951779478266194,0.9994146102927195,0.9968350720148422,0.9661036777997203,0.9880088734726118,0.9724217410666609,0.16462934017181396,0.04905903339385986,0.11476373672485352,0.9932585754117045,0.9993985742331817,0.9967154349673719,-1.0041526556015015,1.024397850036621,-0.03030814416706562,0.5082908163265306,-0.6667675596900924,0.5413948893547058
10,client_2,False,flip,raw,pretrained,0.8851921558380127,0.18984758853912354,0.024281978607177734,0.14839017391204834,0.9910500077740823,0.9998526126730263,0.9945177353613077,0.9541765031085296,0.9939570339490003,0.9639100859160021,0.19013762474060059,0.023545145988464355,0.15170300006866455,0.9910228250831798,0.9998614209299002,0.9942712832746845,-0.8367724418640137,0.8727288842201233,0.024070288985967636,0.4830994897959184,0.6547712573292139,0.5265181064605713
10,client_3,False,flip,raw,pretrained,0.7123801112174988,0.1450338363647461,0.05271124839782715,0.09751760959625244,0.9947619657790343,0.9993057427799639,0.9976268114556581,0.9647046226839673,0.9869513128739269,0.9760593450978061,0.13457107543945312,0.05158102512359619,0.09847915172576904,0.9954879835456287,0.9993351811361004,0.9975798659523814,-0.9182261824607849,0.7663209438323975,-0.046368975192308426,0.6115274234693877,0.523746666046452,0.5666859149932861
10,client_4,False,flip,raw,pretrained,0.9128785133361816,0.16812443733215332,0.0467606782913208,0.07276105880737305,0.9929708217600692,0.9994535837728291,0.9986777697656826,0.9592582645839092,0.9884115456084579,0.9820549730620103,0.1392914056777954,0.045873165130615234,0.0702211856842041,0.9951670658202167,0.999474120684166,0.9987683851112077,-0.9432656764984131,1.0154043436050415,0.06210872903466225,0.4100765306122449,0.6163099388033525,0.4271738529205322
10,client_5,False,flip,raw,pretrained,0.8363218903541565,0.152878999710083,0.02983236312866211,0.21492743492126465,0.9941825105954718,0.9997775446493007,0.9885508225505246,0.96284899356498,0.9925834235238882,0.9483596465547874,0.1952277421951294,0.029868721961975098,0.22238612174987793,0.9905392030790425,0.99977700216514,0.9877498304276298,-0.8801218271255493,0.7918814420700073,-0.01918104477226734,0.5787627551020408,0.618071748647109,0.349953293800354
10,client_6,False,flip,raw,pretrained,0.8991478085517883,0.12681686878204346,0.037529945373535156,0.0944204330444336,0.9959914626673794,0.9996479687721922,0.9977749156970439,0.969034282465175,0.9906831331826713,0.9768064184014313,0.17292165756225586,0.03745102882385254,0.0978705883026123,0.9925662326769489,0.9996494473026956,0.9976096310529101,-0.8071021437644958,0.9506924748420715,0.04399080201983452,0.47034438775510207,0.7542252662795218,0.4897441864013672
10,client_7,False,flip,raw,pretrained,0.7521365284919739,0.12000882625579834,0.14187777042388916,0.09056496620178223,0.996409170366592,0.9949866053246714,0.9979526459134302,0.9706598555631447,0.9654526473690497,0.9777375997134785,0.10465502738952637,0.14162671566009521,0.09188973903656006,0.9972674444096039,0.9950042656934766,0.9978924063685224,-1.11031973361969,0.8391715884208679,-0.08888769149780273,0.7111766581632653,0.7722525028145292,0.5683444738388062
10,client_8,False,flip,raw,pretrained,0.88539719581604,0.1577538251876831,0.1648540496826172,0.14918696880340576,0.9938073456312198,0.9932402530284272,0.9944589478155359,0.9616986425694449,0.9600268361840196,0.9637216071615522,0.19881665706634521,0.17320340871810913,0.15164434909820557,0.9901907532939493,0.9925421242158379,0.99427569302342,-0.8149979114532471,1.071006178855896,0.05239775776863098,0.47951211734693877,0.6553253781505265,0.20830535888671875
10,client_9,False,flip,raw,pretrained,0.8397696614265442,0.13077902793884277,0.022846102714538574,0.14451885223388672,0.9957378849050447,0.999869526666564,0.9947989530276871,0.9680901091229839,0.9943128491796136,0.9648266205297005,0.1507420539855957,0.022559165954589844,0.14741861820220947,0.9943433220139875,0.9998727831472582,0.9945889977879858,-0.7983782291412354,1.0533244609832764,-0.0038023237138986588,0.5762914540816326,0.6737425466885046,0.3597095012664795
10,client_0,True,flip,clip01,random,0.9198673963546753,0.10609865188598633,0.05319344997406006,0.12009716033935547,0.9971916979994802,0.9992929893419851,0.9964038965379618,0.9739939774184738,0.9868331254386722,0.9706387376043022,0.10986208915710449,0.05314052104949951,0.12131667137145996,0.9969893954749904,0.9992943948872128,0.9963306955499411,-0.8551893830299377,0.9248780608177185,0.018576595932245255,0.45176977040816324,-0.6229631077975338,
10,client_1,True,flip,clip01,random,0.9219413995742798,0.12727832794189453,0.06728887557983398,0.059539794921875,0.9959623257600296,0.9988690120732324,0.9991143419381445,0.9689242466875372,0.9833877048069792,0.9852796157754111,0.1417841911315918,0.06799805164337158,0.06032681465148926,0.9949931917322068,0.9988450676214553,0.9990907893329384,-1.0041526556015015,1.024397850036621,-0.03030814416706562,0.5082908163265306,-0.6667675596900924,
10,client_2,False,flip,clip01,random,0.8851921558380127,0.16732347011566162,0.05266273021697998,0.09315335750579834,0.9930372887223602,0.9993070195888056,0.9978341376632702,0.9594464138627372,0.9869632058389857,0.9771122985073935,0.14724159240722656,0.05115556716918945,0.09211373329162598,0.9946019328182383,0.9993460978550954,0.997882135076364,-0.8367724418640137,0.8727288842201233,0.024070288985967636,0.4830994897959184,0.6547712573292139,
10,client_3,False,flip,clip01,random,0.7123801112174988,0.23994708061218262,0.07861268520355225,0.10466551780700684,0.98576027920835,0.9984567998620479,0.9972668976935328,0.9426096909998523,0.9806328264222781,0.9743384612233614,0.1828632354736328,0.07706117630004883,0.10035836696624756,0.9916923874536796,0.9985170452112002,0.9974867967640126,-0.9182261824607849,0.7663209438323975,-0.046368975192308426,0.6115274234693877,0.523746666046452,
10,client_4,False,flip,clip01,random,0.9128785133361816,0.13626396656036377,0.08606910705566406,0.06271100044250488,0.9953741447098918,0.9981505964356268,0.9990175571024968,0.9667853392225809,0.9788251339919383,0.9845047172590422,0.10385012626647949,0.08456754684448242,0.06125688552856445,0.9973092303678586,0.9982144771849455,0.9990625581139949,-0.9432656764984131,1.0154043436050415,0.06210872903466225,0.4100765306122449,0.6163099388033525,
10,client_5,False,flip,clip01,random,0.8363218903541565,0.16288745403289795,0.08660888671875,0.11948847770690918,0.9933997747438701,0.9981273594384015,0.9964401589375584,0.9604894499537748,0.9786944670851603,0.9707842688783013,0.21288388967514038,0.08930039405822754,0.12343323230743408,0.988765677026122,0.9980093369647247,0.9962019132064341,-0.8801218271255493,0.7918814420700073,-0.01918104477226734,0.5787627551020408,0.618071748647109,
10,client_6,False,flip,clip01,random,0.8991478085517883,0.1777205467224121,0.09711670875549316,0.03466653823852539,0.9921503727990137,0.9976462496020364,0.9996996254674528,0.9570084168840232,0.9761559984847523,0.9913893800005482,0.18399620056152344,0.09760618209838867,0.034619688987731934,0.9915897780355214,0.9976225061910375,0.9997004366042992,-0.8071021437644958,0.9506924748420715,0.04399080201983452,0.47034438775510207,0.7542252662795218,
10,client_7,False,flip,clip01,random,0.7521365284919739,0.1013573408126831,0.15551865100860596,0.11034154891967773,0.9974366112795523,0.9939807992477971,0.9969631204106113,0.9751343496837845,0.9622258378303454,0.9729751795925927,0.05172157287597656,0.15320074558258057,0.10861802101135254,0.9993315550280926,0.9941581056189808,0.9970570433091752,-1.11031973361969,0.8391715884208679,-0.08888769149780273,0.7111766581632653,0.7722525028145292,
10,client_8,False,flip,clip01,random,0.88539719581604,0.0699683427810669,0.14888525009155273,0.10948598384857178,0.9987772302856075,0.994481245050546,0.9970099272129704,0.9827347906713766,0.96379297104547,0.9731804877172494,0.09442901611328125,0.15259385108947754,0.11251604557037354,0.9977745118220043,0.9942040974707442,0.9968425320682461,-0.8149979114532471,1.071006178855896,0.05239775776863098,0.47951211734693877,0.6553253781505265,
10,client_9,False,flip,clip01,random,0.8397696614265442,0.14659154415130615,0.027575016021728516,0.17937088012695312,0.994649299779083,0.9998099317216627,0.9920047903961755,0.9643357484327577,0.9931417284793491,0.9566222883577267,0.200036883354187,0.027880311012268066,0.1859426498413086,0.9900708774647908,0.9998057003833671,0.991412051644345,-0.7983782291412354,1.0533244609832764,-0.0038023237138986588,0.5762914540816326,0.6737425466885046,
10,client_0,True,flip,clip01,pretrained,0.9198673963546753,0.10394811630249023,0.09442293643951416,0.09812569618225098,0.9973041603811708,0.9977747979039242,0.997597175914996,0.9745109724128505,0.9768058142082028,0.9759127686152582,0.08781027793884277,0.09404706954956055,0.09807610511779785,0.9980751221628186,0.9977924489653927,0.9975995996211986,-0.8551893830299377,0.9248780608177185,0.018576595932245255,0.45176977040816324,-0.6229631077975338,
10,client_1,True,flip,clip01,pretrained,0.9219413995742798,0.14177119731903076,0.05023753643035889,0.12466883659362793,0.9949941059395371,0.9993693459357105,0.9961257148187512,0.965477921648624,0.9875579529207767,0.9695467317062472,0.18188881874084473,0.050635337829589844,0.12819552421569824,0.9917801432934361,0.9993593236570004,0.9959041028523945,-1.0041526556015015,1.024397850036621,-0.03030814416706562,0.5082908163265306,-0.6667675596900924,
10,client_2,False,flip,clip01,pretrained,0.8851921558380127,0.17194592952728271,0.022618889808654785,0.14049756526947021,0.9926494257396785,0.9998721087244147,0.9950833144938989,0.9583613487588882,0.9943691708699431,0.9657800459923065,0.17197191715240479,0.02222919464111328,0.14317631721496582,0.9926472159352564,0.9998764771710127,0.9948947677532707,-0.8367724418640137,0.8727288842201233,0.024070288985967636,0.4830994897959184,0.6547712573292139,
10,client_3,False,flip,clip01,pretrained,0.7123801112174988,0.154685378074646,0.05678832530975342,0.10334837436676025,0.9940448408668718,0.9991942587728602,0.9973351165961228,0.9624224873088265,0.9859526917796237,0.9746552255858834,0.1482335329055786,0.05648696422576904,0.10420727729797363,0.9945292559208838,0.9992027827058241,0.9972907285787045,-0.9182261824607849,0.7663209438323975,-0.046368975192308426,0.6115274234693877,0.523746666046452,
10,client_4,False,flip,clip01,pretrained,0.9128785133361816,0.18279552459716797,0.050801753997802734,0.06748676300048828,0.991698500267135,0.9993551075323672,0.9988623558141079,0.9558217706720724,0.9874195379379949,0.9833394626989764,0.15829694271087646,0.05045211315155029,0.06642138957977295,0.9937648318611889,0.9993639496527318,0.9988979614667701,-0.9432656764984131,1.0154043436050415,0.06210872903466225,0.4100765306122449,0.6163099388033525,
10,client_5,False,flip,clip01,pretrained,0.8363218903541565,0.16752684116363525,0.024432063102722168,0.20700156688690186,0.9930204417401758,0.9998507852740164,0.9893730542037444,0.9593986362249887,0.9939198534967697,0.9501921485616784,0.20403826236724854,0.024355053901672363,0.21315044164657593,0.989672789415261,0.9998517243286826,0.9887377647032427,-0.8801218271255493,0.7918814420700073,-0.01918104477226734,0.5787627551020408,0.618071748647109,
10,client_6,False,flip,clip01,pretrained,0.8991478085517883,0.09322905540466309,0.03519332408905029,0.07144749164581299,0.9978306219366173,0.9996904293791622,0.9987250344513317,0.9770940205140939,0.9912593938857381,0.9823746405341711,0.1301041841506958,0.03517293930053711,0.07306802272796631,0.9957816190914774,0.9996907878131018,0.9986666009816174,-0.8071021437644958,0.9506924748420715,0.04399080201983452,0.47034438775510207,0.7542252662795218,
10,client_7,False,flip,clip01,pretrained,0.7521365284919739,0.133611798286438,0.15594482421875,0.10070490837097168,0.9955518672167387,0.9939479149103476,0.997469443431404,0.9674159131870441,0.9621252857794116,0.9752914285325245,0.11557698249816895,0.1556762456893921,0.10237669944763184,0.9966688362492881,0.9939686492375974,0.9973848932931275,-1.11031973361969,0.8391715884208679,-0.08888769149780273,0.7111766581632653,0.7722525028145292,
10,client_8,False,flip,clip01,pretrained,0.88539719581604,0.137168288230896,0.16642606258392334,0.13818633556365967,0.9953127583476178,0.9931113894541574,0.9952431731776719,0.9665704707082248,0.9596572830797458,0.9663286665658619,0.1781020164489746,0.17330825328826904,0.14010798931121826,0.9921168385852015,0.9925331432370907,0.9951104430202082,-0.8149979114532471,1.071006178855896,0.05239775776863098,0.47951211734693877,0.6553253781505265,
10,client_9,False,flip,clip01,pretrained,0.8397696614265442,0.1365727186203003,0.019640684127807617,0.1328824758529663,0.9953532312883617,0.9999035678566845,0.9956001351693493,0.9667119710938132,0.9951078532729629,0.9675894236359222,0.1362931728363037,0.01949918270111084,0.1348809003829956,0.995372168412,0.999904952244598,0.9954672542384646,-0.7983782291412354,1.0533244609832764,-0.0038023237138986588,0.5762914540816326,0.6737425466885046,
10,client_0,True,flip_global,raw,random,0.9386048316955566,0.07011139392852783,0.06660854816436768,0.09001684188842773,0.9987722298484518,0.9988917473587364,0.9979773157333964,0.9826999512484913,0.9835535859503735,0.9778700921556636,0.08062911033630371,0.06608796119689941,0.09208941459655762,0.9983767156436651,0.9989089888984024,0.9978832514164258,-0.8437070250511169,1.0192794799804688,0.031381938606500626,0.4256218112244898,-0.6229631077975338,
10,client_1,True,flip_global,raw,random,0.9224859476089478,0.06307768821716309,0.07024061679840088,0.07809937000274658,0.9990060428978114,0.9987677040394185,0.9984768642990662,0.9844151744293266,0.9826684812300928,0.9807574559560439,0.09348464012145996,0.070945143699646,0.07998538017272949,0.9978187305534743,0.9987428831630636,0.9984025013268549,-0.9161126017570496,0.9104296565055847,-0.021584197878837585,0.47879464285714285,-0.6667675596900924,
10,client_2,False,flip_global,raw,random,0.9122865796089172,0.22582578659057617,0.04886448383331299,0.13988196849822998,0.9873715764557649,0.9994033326984326,0.9951261481923797,0.9458485508505021,0.9878949146012357,0.965926125545419,0.21880388259887695,0.04720783233642578,0.14137303829193115,0.9881378172717501,0.9994430878643175,0.9950220792551887,-0.8948236107826233,0.9699645638465881,0.022768955677747726,0.5045440051020408,0.6547712573292139,
10,client_3,False,flip_global,raw,random,0.7311588525772095,0.19467175006866455,0.11255836486816406,0.07356953620910645,0.9905926331077894,0.9968401620944796,0.9986482528170235,0.9530534616031645,0.9724435174456543,0.9818583009880306,0.2122175693511963,0.11457288265228271,0.07404613494873047,0.9888353039619171,0.996726323643067,0.9986307003389867,-0.935907244682312,0.7533238530158997,-0.04676885902881622,0.6159917091836735,0.523746666046452,
10,client_4,False,flip_global,raw,random,0.9148128628730774,0.46238815784454346,0.06654846668243408,0.3582037091255188,0.9486193425455463,0.9988937441054151,0.968678334952982,0.8937160308496226,0.9835682373633106,0.916128980584489,0.5365434885025024,0.06447827816009521,0.37771522998809814,0.9317395019193397,0.9989614475648525,0.9652650834823222,-0.6668546199798584,1.0175551176071167,0.07058479636907578,0.3671077806122449,0.6163099388033525,
10,client_5,False,flip_global,raw,random,0.8376238942146301,0.15384376049041748,0.07008075714111328,0.13231945037841797,0.9941091808075433,0.9987733016316689,0.9956372189557101,0.9626211673762182,0.9827074125355637,0.9677234029461854,0.2068415880203247,0.07118284702301025,0.14049065113067627,0.989389342761454,0.9987344530643789,0.9950837966140329,-0.8420842289924622,0.8577409982681274,-0.020544975996017456,0.6129623724489796,0.618071748647109,
10,client_6,False,flip_global,raw,random,0.9146987795829773,0.10893058776855469,0.03686511516571045,0.09340381622314453,0.9970401189010103,0.9996603273789002,0.9978224944782403,0.9733137997485592,0.9908470433339125,0.9770518247764708,0.16725897789001465,0.03588604927062988,0.10020625591278076,0.993042626986768,0.9996781255904141,0.9974943950959196,-0.7979708313941956,0.9888682961463928,0.04699643328785896,0.46324936224489793,0.7542252662795218,
10,client_7,False,flip_global,raw,random,0.8090644478797913,0.1407487392425537,0.22009313106536865,0.10607099533081055,0.995065784384324,0.9879988801950546,0.997193158795981,0.9657204525754985,0.9471681679933552,0.9740006235205634,0.14083290100097656,0.2250601053237915,0.10834610462188721,0.9950599036082681,0.9874562605373767,0.9970717274329204,-1.0439250469207764,0.8689311742782593,-0.10139903426170349,0.732063137755102,0.7722525028145292,
10,client_8,False,flip_global,raw,random,0.8904436230659485,0.1151503324508667,0.09742474555969238,0.06455838680267334,0.996693323781465,0.9976313211525658,0.998958867356657,0.9718224351262161,0.9760817324568809,0.984053721522361,0.11608147621154785,0.09537792205810547,0.06586241722106934,0.9966397652054972,0.9977296363361825,0.998916416920236,-0.8089454174041748,1.0569093227386475,0.04791601374745369,0.4870057397959184,0.6553253781505265,
10,client_9,False,flip_global,raw,random,0.8646665811538696,0.1999284029006958,0.05115675926208496,0.2707701325416565,0.9900815634767424,0.9993460673935497,0.9819198573949308,0.9518319978538679,0.9873324622571096,0.9355977730167755,0.308982789516449,0.050449252128601074,0.28800666332244873,0.9765530672214682,0.9993640217541704,0.9795812274761357,-0.8611300587654114,0.9591346383094788,-0.009245709516108036,0.5915975765306123,0.6737425466885046,
10,client_0,True,flip_global,raw,pretrained,0.9386048316955566,0.11041760444641113,0.07890057563781738,0.08541989326477051,0.996958942042669,0.9984454895504837,0.9981783530914865,0.9729569318576028,0.980562938934574,0.978982326805921,0.09628474712371826,0.0786217451095581,0.08534038066864014,0.997686334514065,0.998456444553931,0.9981817382271223,-0.8437070250511169,1.0192794799804688,0.031381938606500626,0.4256218112244898,-0.6229631077975338,0.38193273544311523
10,client_1,True,flip_global,raw,pretrained,0.9224859476089478,0.11073791980743408,0.060005784034729004,0.07729601860046387,0.9969413131263909,0.9991004338464478,0.998508003024648,0.9728800853585851,0.9851656918545719,0.9809525520852096,0.11963152885437012,0.05995523929595947,0.07789969444274902,0.9964316530197361,0.9991019476528336,0.9984846338592022,-0.9161126017570496,0.9104296565055847,-0.021584197878837585,0.47879464285714285,-0.6667675596900924,0.5669435262680054
10,client_2,False,flip_global,raw,pretrained,0.9122865796089172,0.1556929349899292,0.016823172569274902,0.15501606464385986,0.9939673618421283,0.9999292489706815,0.9940194662174131,0.9621847150561031,0.9958074368965006,0.9623444392189804,0.16768276691436768,0.016533732414245605,0.1589440107345581,0.993007511493341,0.9999316624258336,0.9937139939690642,-0.8948236107826233,0.9699645638465881,0.022768955677747726,0.5045440051020408,0.6547712573292139,0.47128379344940186
10,client_3,False,flip_global,raw,pretrained,0.7311588525772095,0.1444857120513916,0.040685415267944336,0.12412357330322266,0.9948013287904263,0.9995863026501,0.9961594331043839,0.9648344721105093,0.9899057243525307,0.969676878202999,0.15158164501190186,0.040389299392700195,0.12713408470153809,0.9942804056572783,0.9995923008305363,0.9959714446283734,-0.935907244682312,0.7533238530158997,-0.04676885902881622,0.6159917091836735,0.523746666046452,0.5297826528549194
10,client_4,False,flip_global,raw,pretrained,0.9148128628730774,0.18218731880187988,0.03552651405334473,0.07469725608825684,0.991753308997757,0.9996845413553093,0.998606538001255,0.955963866512384,0.991177191384734,0.9815840679800045,0.1564779281616211,0.034838199615478516,0.07321345806121826,0.9939066552098021,0.9996966439982211,0.9986612930132623,-0.6668546199798584,1.0175551176071167,0.07058479636907578,0.3671077806122449,0.6163099388033525,0.4079298973083496
10,client_5,False,flip_global,raw,pretrained,0.8376238942146301,0.15280628204345703,0.02675163745880127,0.21468901634216309,0.9941880193711008,0.999821111477772,0.98857599157319,0.962866168968114,0.9933454902606764,0.9484146926672463,0.19489610195159912,0.02677786350250244,0.22093206644058228,0.9905710910386591,0.9998207606052785,0.9879080489976122,-0.8420842289924622,0.8577409982681274,-0.020544975996017456,0.6129623724489796,0.618071748647109,0.33938539028167725
10,client_6,False,flip_global,raw,pretrained,0.9146987795829773,0.1191025972366333,0.03704965114593506,0.09356427192687988,0.9964630534385079,0.9996569191414311,0.9978150189807722,0.9708765468616476,0.9908015429455408,0.9770130853961121,0.16375494003295898,0.03706085681915283,0.09631133079528809,0.9933296392857809,0.999656711633764,0.9976850589773294,-0.7979708313941956,0.9888682961463928,0.04699643328785896,0.46324936224489793,0.7542252662795218,0.48502445220947266
10,client_7,False,flip_global,raw,pretrained,0.8090644478797913,0.1821308135986328,0.18018102645874023,0.06557559967041016,0.9917583919454922,0.9919328436109294,0.9989258263544643,0.9559770695011556,0.9564328240554285,0.9838055253881028,0.11949396133422852,0.18060970306396484,0.06602680683135986,0.9964398330629534,0.9918946460789875,0.9989110054454855,-1.0439250469207764,0.8689311742782593,-0.10139903426170349,0.732063137755102,0.7722525028145292,0.5772123336791992
10,client_8,False,flip_global,raw,pretrained,0.8904436230659485,0.14311742782592773,0.1306229829788208,0.14512181282043457,0.9948989504436858,0.9957480174687265,0.9947556341730033,0.9651587301630191,0.9681272681380082,0.9646837837023508,0.1657390594482422,0.13511013984680176,0.14831650257110596,0.9931678529419568,0.9954518863585464,0.9945231551973237,-0.8089454174041748,1.0569093227386475,0.04791601374745369,0.4870057397959184,0.6553253781505265,0.21786272525787354
10,client_9,False,flip_global,raw,pretrained,0.8646665811538696,0.12793457508087158,0.024866104125976562,0.11792111396789551,0.9959207097312952,0.999845437135997,0.9965326958513137,0.9687677956727416,0.9938123401979955,0.9711591641746651,0.11443185806274414,0.02429986000061035,0.11872708797454834,0.9967343579001984,0.9998523955433314,0.9964852622668776,-0.8611300587654114,0.9591346383094788,-0.009245709516108036,0.5915975765306123,0.6737425466885046,0.34200453758239746
10,client_0,True,flip_global,clip01,random,0.9386048316955566,0.11424434185028076,0.06862318515777588,0.11880791187286377,0.9967450256374613,0.9988237533136781,0.9964804879412448,0.9720394591380237,0.9830624880736882,0.9709470256650388,0.09966564178466797,0.06766366958618164,0.11889767646789551,0.9975213075655001,0.9988563887877158,0.9964751817144875,-0.8437070250511169,1.0192794799804688,0.031381938606500626,0.4256218112244898,-0.6229631077975338,
10,client_1,True,flip_global,clip01,random,0.9224859476089478,0.10132145881652832,0.05770134925842285,0.05547630786895752,0.9974384224253183,0.9991681579092078,0.9992310385807233,0.9751429876029338,0.9857292675655398,0.9862738859667435,0.10925924777984619,0.05800342559814453,0.05539107322692871,0.9970222711124113,0.9991594309483944,0.9992333982958443,-0.9161126017570496,0.9104296565055847,-0.021584197878837585,0.47879464285714285,-0.6667675596900924,
10,client_2,False,flip_global,clip01,random,0.9122865796089172,0.13373684883117676,0.03020167350769043,0.09822189807891846,0.995543564953663,0.999772003723568,0.9975924706894661,0.967386167559199,0.9924921275816398,0.9758895826168033,0.11903929710388184,0.029407620429992676,0.09719312191009521,0.9964668020749536,0.9997838330176831,0.9976425507538693,-0.8948236107826233,0.9699645638465881,0.022768955677747726,0.5045440051020408,0.6547712573292139,
10,client_3,False,flip_global,clip01,random,0.7311588525772095,0.21412372589111328,0.0758981704711914,0.0970451831817627,0.9886355595177085,0.9985614209500104,0.9976497092450225,0.9485452261904948,0.9812921622945943,0.9761732441320119,0.21326494216918945,0.07553470134735107,0.09752106666564941,0.9887257642772302,0.9985751517019941,0.997626643489844,-0.935907244682312,0.7533238530158997,-0.04676885902881622,0.6159917091836735,0.523746666046452,
10,client_4,False,flip_global,clip01,random,0.9148128628730774,0.18779349327087402,0.09614932537078857,0.06679320335388184,0.9912413651463363,0.9976928268877321,0.9988855992905239,0.9546552902055854,0.9763892846109476,0.983508558162155,0.1469893455505371,0.09521675109863281,0.06539499759674072,0.9946203377310787,0.9977372898224981,0.9989317302453755,-0.6668546199798584,1.0175551176071167,0.07058479636907578,0.3671077806122449,0.6163099388033525,
10,client_5,False,flip_global,clip01,random,0.8376238942146301,0.15094947814941406,0.09335315227508545,0.12098753452301025,0.9943278102357984,0.9978248522214759,0.9963505240137676,0.9633048889721745,0.9770640572292046,0.9704259150761811,0.21314644813537598,0.09576416015625,0.12395882606506348,0.9887381831377513,0.9977112428233899,0.9961695920946376,-0.8420842289924622,0.8577409982681274,-0.020544975996017456,0.6129623724489796,0.618071748647109,
10,client_6,False,flip_global,clip01,random,0.9146987795829773,0.11402618885040283,0.06956660747528076,0.02561938762664795,0.9967574144903288,0.9987912187649666,0.9998359319359535,0.9720917271061644,0.9828326412979989,0.9936257909677502,0.10645866394042969,0.06876122951507568,0.025231480598449707,0.9971726480082264,0.9988190204077785,0.9998408620929105,-0.7979708313941956,0.9888682961463928,0.04699643328785896,0.46324936224489793,0.7542252662795218,
10,client_7,False,flip_global,clip01,random,0.8090644478797913,0.10059547424316406,0.18658924102783203,0.09204959869384766,0.9974749298446,0.9913526095383898,0.9978850785173388,0.9753177794814902,0.954936156069651,0.9773788701152986,0.056310296058654785,0.18508732318878174,0.09088397026062012,0.9992077586893147,0.9914903742675139,0.9979382197518949,-1.0439250469207764,0.8689311742782593,-0.10139903426170349,0.732063137755102,0.7722525028145292,
10,client_8,False,flip_global,clip01,random,0.8904436230659485,0.04459071159362793,0.13245630264282227,0.12371563911437988,0.9995031023680727,0.9956282194482791,0.9961845636239992,0.9889448486627472,0.9676908345887842,0.9697742633758968,0.07257246971130371,0.13564658164978027,0.12586712837219238,0.9986846082946506,0.9954158234914678,0.9960511009896464,-0.8089454174041748,1.0569093227386475,0.04791601374745369,0.4870057397959184,0.6553253781505265,
10,client_9,False,flip_global,clip01,random,0.8646665811538696,0.13212180137634277,0.01977396011352539,0.15988588333129883,0.9956502002968353,0.999902254791543,0.9936396306956703,0.9677704427301734,0.9950747793239636,0.9611961727797838,0.17285537719726562,0.019665837287902832,0.16392230987548828,0.9925718984808796,0.9999033207216759,0.9933160655729623,-0.8611300587654114,0.9591346383094788,-0.009245709516108036,0.5915975765306123,0.6737425466885046,
10,client_0,True,flip_global,clip01,pretrained,0.9386048316955566,0.11635148525238037,0.09523594379425049,0.10553967952728271,0.9966241546584889,0.997736379097915,0.997221149144607,0.97153481912553,0.9766096249376193,0.974128316382437,0.1030038595199585,0.09496331214904785,0.10553967952728271,0.997352818684178,0.9977492988137096,0.997221149144607,-0.8437070250511169,1.0192794799804688,0.031381938606500626,0.4256218112244898,-0.6229631077975338,
10,client_1,True,flip_global,clip01,pretrained,0.9224859476089478,0.12123000621795654,0.05793619155883789,0.079994797706604,0.9963359217577754,0.999161377266798,0.9984021255744966,0.970367970189637,0.9856718120739663,0.980297376800783,0.13090336322784424,0.057811737060546875,0.08170950412750244,0.995729802816204,0.9991649740847464,0.9983329763979534,-0.9161126017570496,0.9104296565055847,-0.021584197878837585,0.47879464285714285,-0.6667675596900924,
10,client_2,False,flip_global,clip01,pretrained,0.9122865796089172,0.1460704803466797,0.015908241271972656,0.14554178714752197,0.994687119152744,0.9999367349669168,0.994725356827711,0.9644591157858335,0.996034771585681,0.9645843137067969,0.15404033660888672,0.01576852798461914,0.1496368646621704,0.9940941838261586,0.9999378412792317,0.9944256177420807,-0.8948236107826233,0.9699645638465881,0.022768955677747726,0.5045440051020408,0.6547712573292139,
10,client_3,False,flip_global,clip01,pretrained,0.7311588525772095,0.14382338523864746,0.041312217712402344,0.12877190113067627,0.9948486973787853,0.9995734616672995,0.9958673036232517,0.9649914108801465,0.9897514088638366,0.9685682300512386,0.16094541549682617,0.04123520851135254,0.13310456275939941,0.9935554628524514,0.9995750498803291,0.9955854646379385,-0.935907244682312,0.7533238530158997,-0.04676885902881622,0.6159917091836735,0.523746666046452,
10,client_4,False,flip_global,clip01,pretrained,0.9148128628730774,0.1955888271331787,0.03904533386230469,0.07796370983123779,0.9905044240524326,0.9996189743963246,0.9984821451176817,0.9528401951630256,0.9903096746908,0.9807903973198251,0.17786836624145508,0.038323402404785156,0.07679224014282227,0.9921373866222101,0.9996329302934917,0.9985273664758891,-0.6668546199798584,1.0175551176071167,0.07058479636907578,0.3671077806122449,0.6163099388033525,
10,client_5,False,flip_global,clip01,pretrained,0.8376238942146301,0.16682231426239014,0.022199392318725586,0.20847487449645996,0.9930787182704199,0.9998768081285319,0.9892224735721946,0.9595641648694573,0.9944731687711517,0.94985110975186,0.20374727249145508,0.02198350429534912,0.21664834022521973,0.989701996995858,0.9998791923317103,0.9883683527748945,-0.8420842289924622,0.8577409982681274,-0.020544975996017456,0.6129623724489796,0.618071748647109,
10,client_6,False,flip_global,clip01,pretrained,0.9146987795829773,0.10169684886932373,0.03392446041107178,0.07746315002441406,0.9974194430968144,0.9997123448206597,0.9985015512423265,0.9750526251572156,0.9915725335024477,0.9809119589540864,0.12920939922332764,0.03387153148651123,0.08008718490600586,0.9958392623808892,0.9997132415264443,0.9983984370618273,-0.7979708313941956,0.9888682961463928,0.04699643328785896,0.46324936224489793,0.7542252662795218,
10,client_7,False,flip_global,clip01,pretrained,0.8090644478797913,0.2001250982284546,0.20309782028198242,0.07971930503845215,0.9900621835950207,0.9897670388926385,0.9984130993259048,0.9517863383480376,0.9510966715777192,0.9803642273016246,0.1302487850189209,0.20596539974212646,0.08189201354980469,0.9957722668363009,0.9894783373070795,0.9983255303934839,-1.0439250469207764,0.8689311742782593,-0.10139903426170349,0.732063137755102,0.7722525028145292,
10,client_8,False,flip_global,clip01,pretrained,0.8904436230659485,0.1244955062866211,0.12879884243011475,0.13476347923278809,0.9961364491496878,0.9958655795467244,0.9954751160119537,0.9695881003110376,0.968561809972956,0.967142016093844,0.14761137962341309,0.13481760025024414,0.13755905628204346,0.994574895588946,0.9954714932518856,0.9952861087080764,-0.8089454174041748,1.0569093227386475,0.04791601374745369,0.4870057397959184,0.6553253781505265,
10,client_9,False,flip_global,clip01,pretrained,0.8646665811538696,0.1070014238357544,0.019275784492492676,0.10009253025054932,0.9971438069979295,0.9999071175039258,0.9975000685073705,0.9737770711292804,0.9951984156999982,0.9754388985142293,0.10253190994262695,0.01877140998840332,0.10059893131256104,0.9973769735186231,0.9999119143615045,0.9974747566170894,-0.8611300587654114,0.9591346383094788,-0.009245709516108036,0.5915975765306123,0.6737425466885046,
11,client_0,True,orig,raw,random,0.9264987111091614,0.090667724609375,0.09684288501739502,0.1486889123916626,0.9979480044252051,0.9976594805661205,0.9944957307087781,0.9777127639820626,0.9762220230473764,0.9638394139954576,0.11855626106262207,0.09783995151519775,0.15818089246749878,0.996495342557248,0.9976111246684443,0.9937739280057467,-1.0561000108718872,0.8610310554504395,-0.004346717149019241,0.5129145408163265,-0.6242830427500028,
11,client_1,True,orig,raw,random,0.9370959401130676,0.2863539457321167,0.20330071449279785,0.04220306873321533,0.9798113482590884,0.9897467408838347,0.9995548739061841,0.9320824317544512,0.9510496278225398,0.9895321480958912,0.27009057998657227,0.20959365367889404,0.04024338722229004,0.9820092679027499,0.9891074376068556,0.999595240361006,-0.7595953345298767,0.7845354080200195,-0.05298508331179619,0.6123246173469388,-0.7328488474504141,
11,client_2,False,orig,raw,random,0.9245659112930298,0.09344649314880371,0.030023813247680664,0.0320662260055542,0.9978205074401547,0.999774680743339,0.9997429888392473,0.9770415209123251,0.992536094228913,0.9920313903258471,0.06798136234283447,0.028786063194274902,0.030933499336242676,0.998845633989411,0.9997928728233232,0.9997608225677541,-1.0528892278671265,0.9176580309867859,0.033355873078107834,0.4224330357142857,0.6316754163734982,
11,client_3,False,orig,raw,random,0.9247908592224121,0.13265037536621094,0.0741950273513794,0.06205189228057861,0.99561544133945,0.9986251936961175,0.9990380851903549,0.967644651621846,0.9817061831308047,0.9846656980288615,0.1358475685119629,0.07489228248596191,0.061226606369018555,0.9954022756439089,0.9985992598036484,0.999063483985464,-0.9787408709526062,0.7769393920898438,-0.03932468220591545,0.5542091836734694,0.5531250200964051,
11,client_4,False,orig,raw,random,0.9528223872184753,0.12433266639709473,0.07478082180023193,0.045806884765625,0.9961465203616287,0.998603421723202,0.9994756386345027,0.969626967591126,0.9815637514834956,0.9886459020281306,0.10661828517913818,0.07120001316070557,0.04567456245422363,0.9971641811977534,0.9987338431833213,0.9994786625205121,-0.9865936040878296,0.8859812617301941,0.04381886124610901,0.40975765306122447,0.6365399645897978,
11,client_5,False,orig,raw,random,0.9221742749214172,0.0596393346786499,0.03334856033325195,0.0406874418258667,0.9991113801185034,0.9997220263465456,0.9995862614489797,0.9852552788695821,0.9917147073797985,0.9899052253663807,0.053209781646728516,0.03318917751312256,0.04050135612487793,0.999292555367089,0.9997246764894983,0.9995900361344443,-0.8915957808494568,0.8985319137573242,0.04330447316169739,0.3557876275510204,0.5601032886159336,
11,client_6,False,orig,raw,random,0.9222439527511597,0.15840375423431396,0.04123377799987793,0.14817464351654053,0.9937564540725627,0.9995750793547398,0.9945335839948188,0.9615454296636612,0.9897707183354094,0.9639610783119952,0.15857088565826416,0.04123377799987793,0.14888691902160645,0.9937433339511808,0.9995750793547398,0.9944811218374785,-0.731282651424408,0.800051748752594,0.020317012444138527,0.47696109693877553,0.6978336313222789,
11,client_7,False,orig,raw,random,0.9212238788604736,0.06642448902130127,0.031960129737854004,0.06371939182281494,0.9988978586998869,0.9997446864260935,0.9989857319925588,0.9835984714729928,0.99205759846248,0.9842585038855454,0.04065680503845215,0.0311734676361084,0.06137382984161377,0.9995868840942492,0.999757097989004,0.9990589779227557,-1.0136866569519043,0.8007516860961914,0.030925177037715912,0.38400829081632654,0.7961644503608735,
11,client_8,False,orig,raw,random,0.949241042137146,0.06856989860534668,0.05744147300720215,0.04101121425628662,0.9988255777290482,0.9991756293400054,0.9995796526422887,0.9830754727284268,0.9857928536127414,0.9898255098375492,0.08754837512969971,0.058751463890075684,0.04128623008728027,0.9980865708557793,0.9991376245477559,0.9995739979585812,-0.7497901916503906,0.9698198437690735,0.020455434918403625,0.45455994897959184,0.706784065697059,
11,client_9,False,orig,raw,random,0.9464158415794373,0.11650943756103516,0.07737398147583008,0.039695143699645996,0.9966150060172099,0.9985049951463372,0.9996061902449527,0.9714970069589748,0.9809336160312543,0.990149597625853,0.10633301734924316,0.07610189914703369,0.03974103927612305,0.9971793038499912,0.9985536960015533,0.9996052793415753,-0.8424102663993835,1.1727691888809204,0.08488164842128754,0.3282844387755102,0.588222898803328,
11,client_0,True,orig,raw,pretrained,0.9264987111091614,0.06019413471221924,0.037425875663757324,0.08568823337554932,0.999094781572023,0.9996499179029881,0.9981669057486668,0.9851196499345687,0.9907087882987442,0.9789173495669075,0.07235217094421387,0.03832590579986572,0.08783113956451416,0.9986925742785033,0.9996328823490288,0.9980742087657828,-1.0561000108718872,0.8610310554504395,-0.004346717149019241,0.5129145408163265,-0.6242830427500028,0.41344237327575684
11,client_1,True,orig,raw,pretrained,0.9370959401130676,0.051629066467285156,0.12600314617156982,0.07356917858123779,0.9993339427853412,0.9960425870191079,0.9986482659455846,0.9872166326219001,0.9692283618286837,0.9818583879723395,0.054665565490722656,0.1273289918899536,0.07513284683227539,0.9992533373800092,0.9959591204277074,0.9985902561416815,-0.7595953345298767,0.7845354080200195,-0.05298508331179619,0.6123246173469388,-0.7328488474504141,0.526519775390625
11,client_2,False,orig,raw,pretrained,0.9245659112930298,0.08131599426269531,0.06469810009002686,0.06270372867584229,0.9983489745376231,0.998954359708647,0.999017784763284,0.9799768729553917,0.9840196264360195,0.9845064931019638,0.09479117393493652,0.06584620475769043,0.06320655345916748,0.9977574373087357,0.9989169498832973,0.9990019805621939,-1.0528892278671265,0.9176580309867859,0.033355873078107834,0.4224330357142857,0.6316754163734982,0.32454848289489746
11,client_3,False,orig,raw,pretrained,0.9247908592224121,0.18797528743743896,0.07144355773925781,0.08968949317932129,0.9912245111309281,0.9987251747126791,0.9979919779548414,0.9546129014196361,0.9823755981175348,0.9779492316407503,0.17242169380187988,0.06943178176879883,0.09137856960296631,0.9926089183644651,0.998795895427832,0.9979157530633322,-0.9787408709526062,0.7769393920898438,-0.03932468220591545,0.5542091836734694,0.5531250200964051,0.5312426090240479
11,client_4,False,orig,raw,pretrained,0.9528223872184753,0.15266215801239014,0.05258071422576904,0.09638261795043945,0.9941989299739802,0.9993091752609242,0.9976816367536205,0.9629002114138776,0.9869833104065673,0.9763330180562808,0.14399659633636475,0.05248427391052246,0.09607875347137451,0.9948363302786727,0.9993117057663794,0.9976962066407211,-0.9865936040878296,0.8859812617301941,0.04381886124610901,0.40975765306122447,0.6365399645897978,0.4971522092819214
11,client_5,False,orig,raw,pretrained,0.9221742749214172,0.06016945838928223,0.07127070426940918,0.09726500511169434,0.9990955230971408,0.9987313301154033,0.9976390685453997,0.9851256818250702,0.9824176751334073,0.9761202439666488,0.05297708511352539,0.07038187980651855,0.09776663780212402,0.9992987261705155,0.9987627470457334,0.9976146969997883,-0.8915957808494568,0.8985319137573242,0.04330447316169739,0.3557876275510204,0.5601032886159336,0.4281332492828369
11,client_6,False,orig,raw,pretrained,0.9222439527511597,0.16209745407104492,0.02278578281402588,0.2037065029144287,0.9934633278412119,0.9998702146599485,0.9897060859421167,0.9606753805352191,0.9943278008511123,0.9509555508013892,0.16491055488586426,0.022582650184631348,0.20582842826843262,0.99323564184985,0.9998725181676851,0.9894922164532716,-0.731282651424408,0.800051748752594,0.020317012444138527,0.47696109693877553,0.6978336313222789,0.41360628604888916
11,client_7,False,orig,raw,pretrained,0.9212238788604736,0.050461530685424805,0.05286288261413574,0.07588112354278564,0.9993637122900039,0.9993017447964261,0.99856206639768,0.9875029987169397,0.9869141450918391,0.9812963049716525,0.04384768009185791,0.051949501037597656,0.075431227684021,0.9995195184548098,0.9993256535871315,0.9985790486190227,-1.0136866569519043,0.8007516860961914,0.030925177037715912,0.38400829081632654,0.7961644503608735,0.47394442558288574
11,client_8,False,orig,raw,pretrained,0.949241042137146,0.0910651683807373,0.05363917350769043,0.07606470584869385,0.9979300030703422,0.9992810976172926,0.9985551078290196,0.9776167145106247,0.9867238976473787,0.9812516929072288,0.07131898403167725,0.05295908451080322,0.07381248474121094,0.9987296123427509,0.9992992023980174,0.9986393194601952,-0.7497901916503906,0.9698198437690735,0.020455434918403625,0.45455994897959184,0.706784065697059,0.3765249252319336
11,client_9,False,orig,raw,pretrained,0.9464158415794373,0.09904074668884277,0.08327746391296387,0.02927422523498535,0.9975522355956088,0.9982684679465506,0.9997857893550997,0.975692262157283,0.979501337813145,0.9927214227759753,0.09819889068603516,0.08363234996795654,0.028516173362731934,0.9975935963952991,0.9982536980656334,0.9997967379561001,-0.8424102663993835,1.1727691888809204,0.08488164842128754,0.3282844387755102,0.588222898803328,0.31020212173461914
11,client_0,True,orig,clip01,random,0.9264987111091614,0.09808826446533203,0.052613258361816406,0.11628842353820801,0.9975990054596409,0.9993083202864668,0.9966278037787866,0.9759217904044457,0.9869753327938477,0.9715499160719057,0.08211362361907959,0.05180954933166504,0.11711645126342773,0.9983164669432909,0.9993292802394731,0.9965797332974184,-1.0561000108718872,0.8610310554504395,-0.004346717149019241,0.5129145408163265,-0.6242830427500028,
11,client_1,True,orig,clip01,random,0.9370959401130676,0.041562676429748535,0.07356405258178711,0.06849563121795654,0.9995682758223055,0.9986484541146408,0.9988281181266871,0.9896897573288299,0.9818596347487047,0.9830935703388088,0.03282880783081055,0.07278156280517578,0.06883108615875244,0.999730621779954,0.9986770251939214,0.9988166217333083,-0.7595953345298767,0.7845354080200195,-0.05298508331179619,0.6123246173469388,-0.7328488474504141,
11,client_2,False,orig,clip01,random,0.9245659112930298,0.11369097232818604,0.05522596836090088,0.04369807243347168,0.9967764056502042,0.9992379589150673,0.9995227904819495,0.972172050918916,0.9863351892675785,0.9891643539645003,0.10318398475646973,0.055161356925964355,0.04270040988922119,0.9973435706854175,0.9992397399505222,0.9995443245388658,-1.0528892278671265,0.9176580309867859,0.033355873078107834,0.4224330357142857,0.6316754163734982,
11,client_3,False,orig,clip01,random,0.9247908592224121,0.09788739681243896,0.05499541759490967,0.0692974328994751,0.9976088114012416,0.99924430459106,0.9988005465588861,0.975970205647628,0.9863916517466911,0.9828982123030319,0.1114581823348999,0.054215312004089355,0.07110857963562012,0.996901487873689,0.9992655797669294,0.9987370899590295,-0.9787408709526062,0.7769393920898438,-0.03932468220591545,0.5542091836734694,0.5531250200964051,
11,client_4,False,orig,clip01,random,0.9528223872184753,0.09929895401000977,0.0460892915725708,0.07724618911743164,0.9975394795091912,0.9994691557420894,0.9985099239099338,0.975630053568947,0.9885765032185525,0.9809646552327942,0.06863784790039062,0.04490196704864502,0.07573497295379639,0.9988232510455772,0.9994961438231249,0.9985675941715206,-0.9865936040878296,0.8859812617301941,0.04381886124610901,0.40975765306122447,0.6365399645897978,
11,client_5,False,orig,clip01,random,0.9221742749214172,0.0566941499710083,0.046724796295166016,0.06845641136169434,0.9991969273622661,0.9994544216974572,0.9988294585781163,0.9859757415568928,0.9884203606575273,0.9831031277055986,0.06754088401794434,0.04690754413604736,0.07039153575897217,0.9988605319750106,0.9994501474345021,0.9987624078509607,-0.8915957808494568,0.8985319137573242,0.04330447316169739,0.3557876275510204,0.5601032886159336,
11,client_6,False,orig,clip01,random,0.9222439527511597,0.12001645565032959,0.02302861213684082,0.16403913497924805,0.9964087150186742,0.9998674339375591,0.9933065829919161,0.9706580315826645,0.9942676120854879,0.9602184927054682,0.12545466423034668,0.023311614990234375,0.16347599029541016,0.9960768634324624,0.9998641559934203,0.9933522319436148,-0.731282651424408,0.800051748752594,0.020317012444138527,0.47696109693877553,0.6978336313222789,
11,client_7,False,orig,clip01,random,0.9212238788604736,0.04849278926849365,0.06654214859008789,0.10960972309112549,0.9994123714562984,0.9988939539764023,0.9970031799404502,0.987986162067205,0.9835697781063242,0.9731507902520804,0.03823733329772949,0.06596791744232178,0.10880541801452637,0.9996345767670884,0.9989129455469665,0.9970469021964161,-1.0136866569519043,0.8007516860961914,0.030925177037715912,0.38400829081632654,0.7961644503608735,
11,client_8,False,orig,clip01,random,0.949241042137146,0.13119125366210938,0.1419278383255005,0.04421186447143555,0.995711060154256,0.9949830796292285,0.9995115068030507,0.9679919560374639,0.9654407738894966,0.9890380005044934,0.16616570949554443,0.14610075950622559,0.04465663433074951,0.9931328142994178,0.9946849250851582,0.9995016326085338,-0.7497901916503906,0.9698198437690735,0.020455434918403625,0.45455994897959184,0.706784065697059,
11,client_9,False,orig,clip01,random,0.9464158415794373,0.13475310802459717,0.07368087768554688,0.058570146560668945,0.9954758100774823,0.9986441623680964,0.9991429358012767,0.9671444820939172,0.9818312204355386,0.9855167365055428,0.14628076553344727,0.07424890995025635,0.059134840965270996,0.9946718723747738,0.9986231981851716,0.999126340529324,-0.8424102663993835,1.1727691888809204,0.08488164842128754,0.3282844387755102,0.588222898803328,
11,client_0,True,orig,clip01,pretrained,0.9264987111091614,0.05297446250915527,0.03457486629486084,0.08616900444030762,0.9992987955647057,0.9997012116279398,0.9981463068429934,0.9868867965559458,0.9914120029621465,0.9788009494050538,0.06944262981414795,0.035413503646850586,0.08846461772918701,0.9987955194790195,0.9996865446500671,0.9980463700855406,-1.0561000108718872,0.8610310554504395,-0.004346717149019241,0.5129145408163265,-0.6242830427500028,
11,client_1,True,orig,clip01,pretrained,0.9370959401130676,0.0634157657623291,0.15601253509521484,0.07959938049316406,0.9989953677703864,0.9939426820758095,0.9984178645325257,0.984332628865237,0.9621093114100596,0.9803933300900984,0.0645831823348999,0.1591876745223999,0.08152759075164795,0.9989580680735404,0.9936947974136516,0.9983403816357668,-0.7595953345298767,0.7845354080200195,-0.05298508331179619,0.6123246173469388,-0.7328488474504141,
11,client_2,False,orig,clip01,pretrained,0.9245659112930298,0.0994185209274292,0.06085407733917236,0.07131302356719971,0.9975335614372265,0.9990748377636063,0.9987298244761496,0.9756012489313035,0.9849583538491911,0.9824073732691205,0.11729264259338379,0.06182742118835449,0.07255721092224121,0.9965694610945122,0.9990450270293796,0.9986851608286589,-1.0528892278671265,0.9176580309867859,0.033355873078107834,0.4224330357142857,0.6316754163734982,
11,client_3,False,orig,clip01,pretrained,0.9247908592224121,0.19914472103118896,0.07524847984313965,0.0886455774307251,0.9901585940287556,0.9985859180841841,0.9980383811508338,0.952013949078625,0.9814500661053303,0.9782016718607915,0.18094909191131592,0.07367217540740967,0.09048891067504883,0.9918643417866857,0.9986444822932175,0.9979560778921899,-0.9787408709526062,0.7769393920898438,-0.03932468220591545,0.5542091836734694,0.5531250200964051,
11,client_4,False,orig,clip01,pretrained,0.9528223872184753,0.1729520559310913,0.05771219730377197,0.11241090297698975,0.992563633441458,0.9991678452969119,0.9968484164635274,0.958125417339792,0.98572661341942,0.9724788698982301,0.1702042818069458,0.0578385591506958,0.11263346672058105,0.9927967786593812,0.9991641995606784,0.9968359540521716,-0.9865936040878296,0.8859812617301941,0.04381886124610901,0.40975765306122447,0.6365399645897978,
11,client_5,False,orig,clip01,pretrained,0.9221742749214172,0.06222665309906006,0.07564544677734375,0.09932291507720947,0.999032663290031,0.9985709750303211,0.9975382941010209,0.9846230105471205,0.9813535808964751,0.9756242810517319,0.04789865016937256,0.0747213363647461,0.09958863258361816,0.9994266764723025,0.9986056403711441,0.9975251294250742,-0.8915957808494568,0.8985319137573242,0.04330447316169739,0.3557876275510204,0.5601032886159336,
11,client_6,False,orig,clip01,pretrained,0.9222439527511597,0.1741642951965332,0.018819332122802734,0.23782312870025635,0.9924596159891415,0.9999114640640114,0.9860086157059038,0.957841269404065,0.9953117175035129,0.9430957744759043,0.19866347312927246,0.018697023391723633,0.24317312240600586,0.9902057518976497,0.9999126110571155,0.9853790432538372,-0.731282651424408,0.800051748752594,0.020317012444138527,0.47696109693877553,0.6978336313222789,
11,client_7,False,orig,clip01,pretrained,0.9212238788604736,0.0457761287689209,0.05047798156738281,0.07427024841308594,0.999476342262789,0.9993632975502926,0.9986224075287253,0.9886534604657153,0.987498962878604,0.9816878919424439,0.04359149932861328,0.04950368404388428,0.07407629489898682,0.9995251145016038,0.9993876277119036,0.9986295857918432,-1.0136866569519043,0.8007516860961914,0.030925177037715912,0.38400829081632654,0.7961644503608735,
11,client_8,False,orig,clip01,pretrained,0.949241042137146,0.10557901859283447,0.055402278900146484,0.07592940330505371,0.9972190814937374,0.9992330882742331,0.9985602380070118,0.9741188610348177,0.9862920136331208,0.981284572283055,0.0793994665145874,0.05478501319885254,0.0728687047958374,0.9984257922510125,0.9992500726427709,0.9986738584327688,-0.7497901916503906,0.9698198437690735,0.020455434918403625,0.45455994897959184,0.706784065697059,
11,client_9,False,orig,clip01,pretrained,0.9464158415794373,0.09823131561279297,0.08622753620147705,0.027414679527282715,0.9975920098328066,0.9981437911908078,0.9998121353106602,0.9758873129042702,0.9787867796163552,0.9931814020907108,0.09927189350128174,0.08677351474761963,0.026676058769226074,0.9975408179123875,0.9981202436114078,0.9998221207064826,-0.8424102663993835,1.1727691888809204,0.08488164842128754,0.3282844387755102,0.588222898803328,
11,client_0,True,flip,raw,random,0.8867896795272827,0.11211049556732178,0.0631856918334961,0.0719519853591919,0.9968651989941644,0.9990026387628541,0.9987069832406927,0.9725508954159414,0.9843888029611734,0.9822518493313925,0.08413934707641602,0.06252443790435791,0.07187855243682861,0.9982324891421017,0.9990233895825582,0.9987096186003668,-0.9872807264328003,0.9412696361541748,0.008447745814919472,0.49075255102040816,-0.6242830427500028,
11,client_1,True,flip,raw,random,0.938693642616272,0.15791559219360352,0.0579913854598999,0.12425804138183594,0.9937946979415493,0.9991597796567373,0.9961511313657601,0.9616605045283828,0.985658309304593,0.9696447801718113,0.1695636510848999,0.05790352821350098,0.12819629907608032,0.992850610321768,0.999162322005978,0.9959040534902841,-0.8877395391464233,0.829817533493042,0.03586670383810997,0.4296875,-0.7328488474504141,
11,client_2,False,flip,raw,random,0.7991657257080078,0.15358412265777588,0.03886115550994873,0.10940325260162354,0.9941289599959025,0.9996225595281565,0.9970144341821063,0.9626824723296976,0.9903550530738097,0.9732003440069157,0.15057110786437988,0.03886997699737549,0.10916483402252197,0.9943560900981485,0.9996223881991726,0.9970274036800117,-0.7947544455528259,0.8972533345222473,-0.027608666568994522,0.5798788265306123,0.6316754163734982,
11,client_3,False,flip,raw,random,0.933314859867096,0.22532176971435547,0.11860179901123047,0.086456298828125,0.9874273516718162,0.9964926568216341,0.9981339428474616,0.9459644611774587,0.9709963254780474,0.9787314020717965,0.1735149621963501,0.11637270450592041,0.08641457557678223,0.9925154210034679,0.9966229263478179,0.9981357409885594,-0.7209365963935852,0.8502381443977356,0.049629803746938705,0.4395727040816326,0.5531250200964051,
11,client_4,False,flip,raw,random,0.8411943316459656,0.19497978687286377,0.03965938091278076,0.10074269771575928,0.9905630495131377,0.999606899311003,0.9974675475105965,0.9529818195887947,0.9901584065812603,0.975282329379026,0.17842364311218262,0.039211392402648926,0.10061430931091309,0.9920885105085466,0.9996157274614494,0.997473985981745,-0.7849314212799072,0.8976854681968689,-0.03397113457322121,0.5699139030612245,0.6365399645897978,
11,client_5,False,flip,raw,random,0.8660545349121094,0.1607271432876587,0.09836947917938232,0.09744513034820557,0.9935728466991527,0.9975852436148409,0.997630331584535,0.9609980185199332,0.9758540151212485,0.9760768180925123,0.19600892066955566,0.1001666784286499,0.09912717342376709,0.9904638828626529,0.9974963702160846,0.9975479695698133,-0.7484148144721985,0.7689908146858215,-0.03878535330295563,0.5942283163265306,0.5601032886159336,
11,client_6,False,flip,raw,random,0.8572503924369812,0.19502520561218262,0.08380997180938721,0.06827723979949951,0.9905586836912317,0.9982462822221922,0.9988355725507794,0.9529712569577322,0.97937229734699,0.9831467912492418,0.21345746517181396,0.08476066589355469,0.06768441200256348,0.9887055725348841,0.9982063239952237,0.998855688130182,-0.8993129134178162,0.7549203038215637,-0.04646267741918564,0.5507015306122449,0.6978336313222789,
11,client_7,False,flip,raw,random,0.8502273559570312,0.29841113090515137,0.08221399784088135,0.15770995616912842,0.9781040553177411,0.998312353800864,0.9938107733204338,0.9293762258924343,0.9797591195979964,0.9617089854806424,0.22418546676635742,0.07974374294281006,0.15745890140533447,0.9875526565997041,0.9984121274090996,0.993830371391448,-0.7513903975486755,0.9617080688476562,-0.0042408788576722145,0.5402582908163265,0.7961644503608735,
11,client_8,False,flip,raw,random,0.8823105096817017,0.26606976985931396,0.05530548095703125,0.17064893245697021,0.9825339449964487,0.9992357642691037,0.9927592982779512,0.9366619780390075,0.9863157175518851,0.9586656166307121,0.24844706058502197,0.05494403839111328,0.1709073781967163,0.9847453228409759,0.9992457151425307,0.9927374694758124,-0.8443179726600647,0.848779559135437,-0.029375892132520676,0.5625797193877551,0.706784065697059,
11,client_9,False,flip,raw,random,0.7691938877105713,0.22249233722686768,0.27686160802841187,0.06562292575836182,0.9877382337351048,0.98110891083829,0.9989242765785267,0.9466155510539414,0.9342213100127792,0.9837939802870084,0.2498476505279541,0.2887241840362549,0.06572699546813965,0.9845748464836148,0.979480934565933,0.9989208647130823,-0.7908966541290283,0.6767404675483704,-0.0893394872546196,0.689094387755102,0.588222898803328,
11,client_0,True,flip,raw,pretrained,0.8867896795272827,0.13304400444030762,0.05623447895050049,0.1400383710861206,0.9955894673732326,0.9992098893630161,0.9951152831408696,0.9675509909281119,0.9860882594190452,0.9658890084636096,0.13856267929077148,0.05598032474517822,0.14208197593688965,0.9952173210748496,0.9992170109185141,0.9949722178319784,-0.9872807264328003,0.9412696361541748,0.008447745814919472,0.49075255102040816,-0.6242830427500028,0.39837563037872314
11,client_1,True,flip,raw,pretrained,0.938693642616272,0.1273484230041504,0.11696887016296387,0.07051777839660645,0.9959578907541495,0.9965883257212711,0.9987579689282144,0.9689075340336868,0.9713870360551102,0.9826009883674176,0.17778468132019043,0.1186978816986084,0.07205855846405029,0.992144739768589,0.9964869867118191,0.998703153778552,-0.8877395391464233,0.829817533493042,0.03586670383810997,0.4296875,-0.7328488474504141,0.399394154548645
11,client_2,False,flip,raw,pretrained,0.7991657257080078,0.06229114532470703,0.019684910774230957,0.06250488758087158,0.9990306585979509,0.9999031331099242,0.9990239997787849,0.9846072582284953,0.9950968777456946,0.9845550540796701,0.07053804397583008,0.019960880279541016,0.06376242637634277,0.998757255615141,0.9999003982556229,0.9989843625493402,-0.7947544455528259,0.8972533345222473,-0.027608666568994522,0.5798788265306123,0.6316754163734982,0.410378098487854
11,client_3,False,flip,raw,pretrained,0.933314859867096,0.11132514476776123,0.0800091028213501,0.03940689563751221,0.9969088631392053,0.9984015547271907,0.9996118871547779,0.9727392285419962,0.9802939057370723,0.9902206011523222,0.12556636333465576,0.08144950866699219,0.03955221176147461,0.9960698949753131,0.9983435551244595,0.9996090203228907,-0.7209365963935852,0.8502381443977356,0.049629803746938705,0.4395727040816326,0.5531250200964051,0.44704997539520264
11,client_4,False,flip,raw,pretrained,0.8411943316459656,0.20975124835968018,0.03130483627319336,0.14119219779968262,0.9890911854328512,0.999755046817334,0.995034758908385,0.9495558055235576,0.9922194935410309,0.9656152512917395,0.224684476852417,0.030997395515441895,0.14380884170532227,0.9874977037276498,0.9997598336365017,0.9948497351057104,-0.7849314212799072,0.8976854681968689,-0.03397113457322121,0.5699139030612245,0.6365399645897978,0.6053928136825562
11,client_5,False,flip,raw,pretrained,0.8660545349121094,0.09090590476989746,0.027707457542419434,0.10667586326599121,0.9979372259662123,0.9998081018222931,0.9971611239889699,0.9776552017401405,0.9931089589846476,0.973855284222167,0.12038826942443848,0.028295278549194336,0.10965549945831299,0.9963864892212766,0.999799874345741,0.9970006819257609,-0.7484148144721985,0.7689908146858215,-0.03878535330295563,0.5942283163265306,0.5601032886159336,0.48737478256225586
11,client_6,False,flip,raw,pretrained,0.8572503924369812,0.1354001760482788,0.021969318389892578,0.09391224384307861,0.9954324058693831,0.9998793481811294,0.9977987634642795,0.9669906444469789,0.9945302134808665,0.9769290812444065,0.14632868766784668,0.021822094917297363,0.09530413150787354,0.9946683947492136,0.9998809596723732,0.997733142005722,-0.8993129134178162,0.7549203038215637,-0.04646267741918564,0.5507015306122449,0.6978336313222789,0.4780271053314209
11,client_7,False,flip,raw,pretrained,0.8502273559570312,0.1433255672454834,0.03137612342834473,0.10563957691192627,0.9948841594999718,0.9997539301418721,0.9972158970709977,0.9651093944168072,0.992201879602588,0.9741043057993184,0.1441272497177124,0.03126215934753418,0.10580623149871826,0.9948269920614781,0.9997557141141626,0.9972071242917826,-0.7513903975486755,0.9617080688476562,-0.0042408788576722145,0.5402582908163265,0.7961644503608735,0.5457830429077148
11,client_8,False,flip,raw,pretrained,0.8823105096817017,0.28966212272644043,0.02743351459503174,0.3383159637451172,0.9793494793144084,0.9998118771161228,0.9719883461429826,0.9313387409437794,0.99317674142426,0.9205034699133026,0.42816412448883057,0.027068257331848145,0.3555028438568115,0.9556982072346951,0.9998168525223945,0.9691379300211789,-0.8443179726600647,0.848779559135437,-0.029375892132520676,0.5625797193877551,0.706784065697059,0.4685291051864624
11,client_9,False,flip,raw,pretrained,0.7691938877105713,0.21506237983703613,0.11125564575195312,0.06219148635864258,0.9885365649299735,0.9969127125182957,0.9990337555492137,0.9483284925829885,0.9727558975745783,0.9846316002332622,0.21824932098388672,0.11002743244171143,0.06328988075256348,0.9881973380317628,0.9969803472402947,0.9989993493599996,-0.7908966541290283,0.6767404675483704,-0.0893394872546196,0.689094387755102,0.588222898803328,0.5706081390380859
11,client_0,True,flip,clip01,random,0.8867896795272827,0.05357551574707031,0.07521510124206543,0.06570279598236084,0.999282802041584,0.9985871709889946,0.9989216585601373,0.98673949633368,0.9814581796246891,0.9837744965725082,0.06678354740142822,0.07523691654205322,0.06678652763366699,0.9988859212044183,0.9985863521888712,0.9988858218532268,-0.9872807264328003,0.9412696361541748,0.008447745814919472,0.49075255102040816,-0.6242830427500028,
11,client_1,True,flip,clip01,random,0.938693642616272,0.12207973003387451,0.05015993118286133,0.09363555908203125,0.9962845210597049,0.999371291938782,0.9978116936820765,0.9701649476933067,0.9875769934732181,0.9769958750293111,0.16335010528564453,0.05211019515991211,0.09532356262207031,0.9933624152430485,0.9993214773827712,0.9977322191263309,-0.8877395391464233,0.829817533493042,0.03586670383810997,0.4296875,-0.7328488474504141,
11,client_2,False,flip,clip01,random,0.7991657257080078,0.08405816555023193,0.024424076080322266,0.06827807426452637,0.998235893736789,0.9998508828059591,0.9988355441128658,0.9793121622886176,0.993921832070334,0.9831465878860048,0.08510017395019531,0.024191975593566895,0.06757485866546631,0.9981919456433148,0.9998537031332833,0.9988593863095685,-0.7947544455528259,0.8972533345222473,-0.027608666568994522,0.5798788265306123,0.6316754163734982,
11,client_3,False,flip,clip01,random,0.933314859867096,0.11615991592407227,0.03191113471984863,0.07034265995025635,0.9966352339208928,0.9997454684703937,0.998764124286212,0.971580681827978,0.9920697016717259,0.9826436314356772,0.11432504653930664,0.032250046730041504,0.06954538822174072,0.9967404364970776,0.9997400343192235,0.9987919553908742,-0.7209365963935852,0.8502381443977356,0.049629803746938705,0.4395727040816326,0.5531250200964051,
11,client_4,False,flip,clip01,random,0.8411943316459656,0.15997004508972168,0.03164196014404297,0.13058042526245117,0.9936329649315536,0.9997497435706995,0.9957507788224669,0.9611763461673526,0.9921361996543758,0.9681374027865628,0.15971779823303223,0.031571388244628906,0.13173162937164307,0.9936529330425476,0.9997508584245167,0.9956757700889001,-0.7849314212799072,0.8976854681968689,-0.03397113457322121,0.5699139030612245,0.6365399645897978,
11,client_5,False,flip,clip01,random,0.8660545349121094,0.08877384662628174,0.04636824131011963,0.1548163890838623,0.9980327085461909,0.9994627131555953,0.9940347943338679,0.9781706484699162,0.9885079611273484,0.962391565172837,0.1269211769104004,0.04719579219818115,0.16214686632156372,0.9959848857127074,0.9994433717852047,0.9934593616558156,-0.7484148144721985,0.7689908146858215,-0.03878535330295563,0.5942283163265306,0.5601032886159336,
11,client_6,False,flip,clip01,random,0.8572503924369812,0.22058308124542236,0.05111682415008545,0.1588726043701172,0.9879458739384817,0.9993470874696626,0.9937196141079212,0.9470552767885843,0.987342256964987,0.9614349266825504,0.22942864894866943,0.05066037178039551,0.1625525951385498,0.9869693892373803,0.9993586903085003,0.9934267501068952,-0.8993129134178162,0.7549203038215637,-0.04646267741918564,0.5507015306122449,0.6978336313222789,
11,client_7,False,flip,clip01,random,0.8502273559570312,0.355435311794281,0.08216285705566406,0.13276803493499756,0.9691493812769467,0.9983144500765073,0.9956076854253235,0.9167360380592522,0.9797715185755638,0.9676166541005531,0.22310078144073486,0.08133769035339355,0.13061416149139404,0.9876717005329669,0.9983480944849839,0.9957485899231573,-0.7513903975486755,0.9617080688476562,-0.0042408788576722145,0.5402582908163265,0.7961644503608735,
11,client_8,False,flip,clip01,random,0.8823105096817017,0.18883204460144043,0.04151320457458496,0.23116588592529297,0.9911448680380275,0.9995693026372703,0.9867732760795833,0.9544131701678964,0.9897019345908431,0.9446217817437288,0.24372857809066772,0.041536808013916016,0.2386925220489502,0.9853129112868999,0.9995688128875404,0.9859072201640806,-0.8443179726600647,0.848779559135437,-0.029375892132520676,0.5625797193877551,0.706784065697059,
11,client_9,False,flip,clip01,random,0.7691938877105713,0.1859147548675537,0.08886349201202393,0.06209003925323486,0.9914146115485749,0.9980287392086535,0.9990369029895341,0.9550935196643677,0.978148967571691,0.9846563799241237,0.21246111392974854,0.08845984935760498,0.0639263391494751,0.9888098793037907,0.9980465803781948,0.9989791380844457,-0.7908966541290283,0.6767404675483704,-0.0893394872546196,0.689094387755102,0.588222898803328,
11,client_0,True,flip,clip01,pretrained,0.8867896795272827,0.13394665718078613,0.07283377647399902,0.14873015880584717,0.9955296183001638,0.9986751281897059,0.9944926891369563,0.9673362637760385,0.9820372811751732,0.9638296570312612,0.1379481554031372,0.07248473167419434,0.1508399248123169,0.995259498627449,0.9986877837847923,0.9943360055633688,-0.9872807264328003,0.9412696361541748,0.008447745814919472,0.49075255102040816,-0.6242830427500028,
11,client_1,True,flip,clip01,pretrained,0.938693642616272,0.13926756381988525,0.11660182476043701,0.07055962085723877,0.9951687141402135,0.9966096492308767,0.9987564959220687,0.9660719553071975,0.9714748914329288,0.9825907997268184,0.1937326192855835,0.11854803562164307,0.07245779037475586,0.9906825458880772,0.9964958275682134,0.9986887580995187,-0.8877395391464233,0.829817533493042,0.03586670383810997,0.4296875,-0.7328488474504141,
11,client_2,False,flip,clip01,pretrained,0.7991657257080078,0.054267048835754395,0.01627194881439209,0.05990254878997803,0.999264178180463,0.9999338092065451,0.9991035243701967,0.9865700630121688,0.9959443911703503,0.9851909288593439,0.06401443481445312,0.016354084014892578,0.06040680408477783,0.9989763246472816,0.999933139336959,0.9990883782759021,-0.7947544455528259,0.8972533345222473,-0.027608666568994522,0.5798788265306123,0.6316754163734982,
11,client_3,False,flip,clip01,pretrained,0.933314859867096,0.1298903226852417,0.08310866355895996,0.041020870208740234,0.9957954320657114,0.9982754712631232,0.9995794547426877,0.9683017653084272,0.9795422478415972,0.9898231326077682,0.13980233669281006,0.08386433124542236,0.04104208946228027,0.9951316754972945,0.9982440095476981,0.9995790196887291,-0.7209365963935852,0.8502381443977356,0.049629803746938705,0.4395727040816326,0.5531250200964051,
11,client_4,False,flip,clip01,pretrained,0.8411943316459656,0.22074270248413086,0.02733778953552246,0.14823532104492188,0.9879285804584759,0.9998131874941418,0.9945291244751742,0.9470185022451063,0.9932004285694755,0.9639467221889961,0.23479819297790527,0.027028679847717285,0.15042638778686523,0.9863586446978725,0.9998173876307379,0.9943668882087764,-0.7849314212799072,0.8976854681968689,-0.03397113457322121,0.5699139030612245,0.6365399645897978,
11,client_5,False,flip,clip01,pretrained,0.8660545349121094,0.08535885810852051,0.026912689208984375,0.09420609474182129,0.9981809518560507,0.999818951377597,0.9977849895283317,0.9789971070727985,0.9933056297935732,0.9768581509306564,0.10615897178649902,0.027071475982666016,0.09624767303466797,0.9971885106419838,0.9998168089701391,0.9976881128177366,-0.7484148144721985,0.7689908146858215,-0.03878535330295563,0.5942283163265306,0.5601032886159336,
11,client_6,False,flip,clip01,pretrained,0.8572503924369812,0.1364908218383789,0.021415114402770996,0.09271609783172607,0.9953587831417503,0.9998853580768112,0.9978543902993422,0.966731431245961,0.994667643407227,0.977217889151303,0.14951670169830322,0.02127230167388916,0.09429097175598145,0.9944345295508639,0.9998868818930702,0.9977810030556507,-0.8993129134178162,0.7549203038215637,-0.04646267741918564,0.5507015306122449,0.6978336313222789,
11,client_7,False,flip,clip01,pretrained,0.8502273559570312,0.14921081066131592,0.026016712188720703,0.11554074287414551,0.9944571839922736,0.9998308041452184,0.9966709197028496,0.9637159683150809,0.9935274154565434,0.9717289373403006,0.1356792449951172,0.02589714527130127,0.11510741710662842,0.9954136231115833,0.9998323555481805,0.99669578193991,-0.7513903975486755,0.9617080688476562,-0.0042408788576722145,0.5402582908163265,0.7961644503608735,
11,client_8,False,flip,clip01,pretrained,0.8823105096817017,0.2992972135543823,0.023548364639282227,0.3313303589820862,0.9779759895552425,0.9998613830433865,0.9731099723218777,0.929177813084515,0.9941388022672721,0.9220474780964039,0.4238966703414917,0.02301812171936035,0.3461570739746094,0.9565480280881409,0.9998675546759226,0.9707038719490226,-0.8443179726600647,0.848779559135437,-0.029375892132520676,0.5625797193877551,0.706784065697059,
11,client_9,False,flip,clip01,pretrained,0.7691938877105713,0.22378838062286377,0.12368226051330566,0.0576472282409668,0.9875963011952023,0.9961866162714856,0.9991697166596254,0.9463172307374708,0.9697822324211063,0.9857425092899268,0.22883141040802002,0.12211942672729492,0.057994842529296875,0.9870364819927129,0.9962821110841511,0.9991596795399496,-0.7908966541290283,0.6767404675483704,-0.0893394872546196,0.689094387755102,0.588222898803328,
11,client_0,True,flip_global,raw,random,0.9100440144538879,0.07571804523468018,0.047239065170288086,0.10766375064849854,0.9985682337336999,0.9994423510196317,0.9971084154968841,0.9813359369432866,0.9882940326528142,0.9736179819851727,0.07499361038208008,0.04718220233917236,0.10838162899017334,0.9985954708839948,0.9994436921635055,0.9970698111053633,-1.006080150604248,1.07506263256073,0.01629355177283287,0.501594387755102,-0.6242830427500028,
11,client_1,True,flip_global,raw,random,0.9487366080284119,0.12485742568969727,0.057523369789123535,0.06595897674560547,0.9961140187453033,0.9991732784415503,0.9989132399459157,0.969501724309145,0.9857728145932492,0.9837120071928318,0.12058770656585693,0.056623220443725586,0.06653964519500732,0.9963745395077874,0.9991989343320968,0.9988940371273378,-0.8197199106216431,0.8964167237281799,0.04288795217871666,0.41565688775510207,-0.7328488474504141,
11,client_2,False,flip_global,raw,random,0.8153524994850159,0.15623986721038818,0.03275656700134277,0.10107111930847168,0.9939250970733386,0.9997318057878937,0.9974510406186019,0.9620556820663275,0.9918608861213933,0.9752032553517296,0.15690374374389648,0.03275656700134277,0.10049617290496826,0.9938735998181831,0.9997318057878937,0.9974799031333994,-0.783204972743988,0.9139348864555359,-0.03295016288757324,0.5939094387755102,0.6316754163734982,
11,client_3,False,flip_global,raw,random,0.9398860335350037,0.18170619010925293,0.11308860778808594,0.1146923303604126,0.9917965399213473,0.9968103925046152,0.9967195109701008,0.9560762956632065,0.9723164131708097,0.9719321373813095,0.15816664695739746,0.11135387420654297,0.11547350883483887,0.9937750441332567,0.9969072711907148,0.9966747833442189,-0.8211116194725037,0.9432883858680725,0.0444483757019043,0.45017538265306123,0.5531250200964051,
11,client_4,False,flip_global,raw,random,0.8789111375808716,0.17794036865234375,0.04390108585357666,0.09786415100097656,0.9921310572794388,0.9995183477277008,0.9976099449250513,0.9569569716288697,0.9891144253293918,0.9759758088314097,0.16076123714447021,0.0437694787979126,0.09629166126251221,0.9935701328878319,0.9995212301663892,0.997686002793762,-0.7756155133247375,0.8414317965507507,-0.036890774965286255,0.5653698979591837,0.6365399645897978,
11,client_5,False,flip_global,raw,random,0.8745213747024536,0.17170321941375732,0.09445786476135254,0.09977293014526367,0.9926700483279869,0.9977731540858563,0.997515978105119,0.9584182760868789,0.9767973843326327,0.9755158763841725,0.2123572826385498,0.0952303409576416,0.1017235517501831,0.9888207221415226,0.9977366449804552,0.9974180903738517,-0.7548584938049316,0.7959099411964417,-0.03996947035193443,0.5943080357142857,0.5601032886159336,
11,client_6,False,flip_global,raw,random,0.8728163838386536,0.16598296165466309,0.06937563419342041,0.05039715766906738,0.9931478332707504,0.9987978403374631,0.9993653338875257,0.9597614268308912,0.9828791617684012,0.9875187913657482,0.18218541145324707,0.06973385810852051,0.04933440685272217,0.9917534805991273,0.9987854048254614,0.999391806642052,-1.0519094467163086,0.6656989455223083,-0.04055517539381981,0.5366709183673469,0.6978336313222789,
11,client_7,False,flip_global,raw,random,0.9430891275405884,0.287487268447876,0.08117663860321045,0.19081616401672363,0.9796536808308729,0.9983546216141381,0.9909590735061453,0.9318275559458484,0.9800106712726757,0.953950863940398,0.2338409423828125,0.07795083522796631,0.19405758380889893,0.9864685176298651,0.998482645810185,0.9906514814584417,-0.7283230423927307,0.8575042486190796,-0.020030761137604713,0.5809151785714286,0.7961644503608735,
11,client_8,False,flip_global,raw,random,0.8937836289405823,0.24271607398986816,0.060204505920410156,0.15683400630950928,0.9854333507794582,0.9990944698260373,0.9938790194632865,0.9419765499203767,0.9851171148087274,0.9619155414164804,0.22691881656646729,0.05914664268493652,0.15688467025756836,0.9872502083807133,0.9991259920054303,0.9938750823492428,-0.8744249939918518,0.8240693211555481,-0.028460510075092316,0.5509406887755102,0.706784065697059,
11,client_9,False,flip_global,raw,random,0.8127678036689758,0.2682112455368042,0.359386146068573,0.06594300270080566,0.9822554301054582,0.9684761334934007,0.9989137658396936,0.9361769027986968,0.9158698787602075,0.9837159035179224,0.30952703952789307,0.37546348571777344,0.06595683097839355,0.9764718598445576,0.9656672897825509,0.9989133105957453,-0.8395687937736511,0.6863656044006348,-0.10879866778850555,0.6937978316326531,0.588222898803328,
11,client_0,True,flip_global,raw,pretrained,0.9100440144538879,0.11869752407073975,0.062102556228637695,0.16860294342041016,0.9964870078248698,0.9990365149220364,0.9929309654564724,0.97097342868334,0.9846533224498424,0.9591458887067741,0.14396429061889648,0.0627058744430542,0.1752002239227295,0.994838637986486,0.9990177175874286,0.9923701644217144,-1.006080150604248,1.07506263256073,0.01629355177283287,0.501594387755102,-0.6242830427500028,0.324124813079834
11,client_1,True,flip_global,raw,pretrained,0.9487366080284119,0.12927496433258057,0.09164786338806152,0.05460643768310547,0.995835051922545,0.9979034697108125,0.9992549508266995,0.9684483612564083,0.9774759213342168,0.9864869249296389,0.15394365787506104,0.09242391586303711,0.05529642105102539,0.9941015618906028,0.9978678705764596,0.999236014492737,-0.8197199106216431,0.8964167237281799,0.04288795217871666,0.41565688775510207,-0.7328488474504141,0.41916799545288086
11,client_2,False,flip_global,raw,pretrained,0.8153524994850159,0.06809699535369873,0.01970803737640381,0.07424294948577881,0.9988417070231479,0.9999029053867954,0.9986234189985008,0.9831907191880862,0.9950911385935057,0.9816945300483402,0.07913732528686523,0.019756317138671875,0.07634174823760986,0.9984361575645921,0.9999024291239242,0.9985445750205104,-0.783204972743988,0.9139348864555359,-0.03295016288757324,0.5939094387755102,0.6316754163734982,0.3995332717895508
11,client_3,False,flip_global,raw,pretrained,0.9398860335350037,0.08758330345153809,0.0710529088973999,0.03992176055908203,0.9980850459808652,0.9987390647737038,0.9996016822912521,0.9784586519043241,0.9824706960248886,0.9900937809451038,0.1071324348449707,0.07201135158538818,0.040322184562683105,0.9971368235890967,0.9987048507469181,0.9995936542381905,-0.8211116194725037,0.9432883858680725,0.0444483757019043,0.45017538265306123,0.5531250200964051,0.42626953125
11,client_4,False,flip_global,raw,pretrained,0.8789111375808716,0.1724553108215332,0.03136038780212402,0.12242650985717773,0.9926060520147808,0.9997541768504008,0.9962634419721594,0.958241890583093,0.9922057675887843,0.9700821107386206,0.19339942932128906,0.030892610549926758,0.12576532363891602,0.990714344071647,0.9997614543399753,0.9960574674636502,-0.7756155133247375,0.8414317965507507,-0.036890774965286255,0.5653698979591837,0.6365399645897978,0.5794174671173096
11,client_5,False,flip_global,raw,pretrained,0.8745213747024536,0.09178328514099121,0.03357291221618652,0.10097301006317139,0.9978972791177678,0.9997182744324677,0.9974559773000324,0.9774432045295676,0.9916593174386925,0.975226876094688,0.12738513946533203,0.03410649299621582,0.10364317893981934,0.9959555666931625,0.9997092502010294,0.9973199221989466,-0.7548584938049316,0.7959099411964417,-0.03996947035193443,0.5943080357142857,0.5601032886159336,0.4702587127685547
11,client_6,False,flip_global,raw,pretrained,0.8728163838386536,0.12177610397338867,0.017917871475219727,0.09055936336517334,0.996302928489196,0.9999197423017505,0.9979528988372286,0.9702374850237581,0.9955355372842811,0.9777389538931136,0.1311323642730713,0.017653584480285645,0.09252345561981201,0.9957148973636734,0.9999220922912573,0.9978632829002427,-1.0519094467163086,0.6656989455223083,-0.04055517539381981,0.5366709183673469,0.6978336313222789,0.4664260149002075
11,client_7,False,flip_global,raw,pretrained,0.9430891275405884,0.17444658279418945,0.027515649795532227,0.13185715675354004,0.9924352920786985,0.9998107491202977,0.9956675518374682,0.9577751195841098,0.9931564177623291,0.9678334326189393,0.11489009857177734,0.027320146560668945,0.1314305067062378,0.9967082158521312,0.9998134285087807,0.9956954530303521,-0.7283230423927307,0.8575042486190796,-0.020030761137604713,0.5809151785714286,0.7961644503608735,0.5552117824554443
11,client_8,False,flip_global,raw,pretrained,0.8937836289405823,0.27583396434783936,0.03632080554962158,0.28854143619537354,0.9812469131006922,0.9996702813295666,0.9795065007370412,0.9344533083699085,0.9909812701077378,0.9315905755740568,0.37425661087036133,0.03618037700653076,0.30589091777801514,0.9658819746849263,0.9996728253845251,0.9770118826953478,-0.8744249939918518,0.8240693211555481,-0.028460510075092316,0.5509406887755102,0.706784065697059,0.4533414840698242
11,client_9,False,flip_global,raw,pretrained,0.8127678036689758,0.23716795444488525,0.10705411434173584,0.06691849231719971,0.9860847931412235,0.9971409994024492,0.9988814181528121,0.9432457924151898,0.9737644135805841,0.9834780084678318,0.2214946746826172,0.1056218147277832,0.06754899024963379,0.9878469491010609,0.9972168312724183,0.9988602586754112,-0.8395687937736511,0.6863656044006348,-0.10879866778850555,0.6937978316326531,0.588222898803328,0.5713462829589844
11,client_0,True,flip_global,clip01,random,0.9100440144538879,0.05476820468902588,0.08563411235809326,0.10341477394104004,0.999250532481754,0.9981692174165606,0.9973316980699254,0.9864473015210549,0.9789304541841162,0.9746392532231609,0.062487125396728516,0.0866386890411377,0.10332655906677246,0.99902455399942,0.9981260722688281,0.9973362392631311,-1.006080150604248,1.07506263256073,0.01629355177283287,0.501594387755102,-0.6242830427500028,
11,client_1,True,flip_global,clip01,random,0.9487366080284119,0.10154283046722412,0.03265655040740967,0.06145370006561279,0.9974272385315712,0.999733440731253,0.9990565288227942,0.9750896983520829,0.9918855860443505,0.9848118348693353,0.11792433261871338,0.03266477584838867,0.06190526485443115,0.9965325070615234,0.999733306460793,0.9990426225307705,-0.8197199106216431,0.8964167237281799,0.04288795217871666,0.41565688775510207,-0.7328488474504141,
11,client_2,False,flip_global,clip01,random,0.8153524994850159,0.1139603853225708,0.03234291076660156,0.0639275312423706,0.9967611468524751,0.9997385353149453,0.9989791000393577,0.9721074940102261,0.9919630479260653,0.9842076951349517,0.10742652416229248,0.031722187995910645,0.06393659114837646,0.9971211166043268,0.9997484731565833,0.9989788108735753,-0.783204972743988,0.9139348864555359,-0.03295016288757324,0.5939094387755102,0.6316754163734982,
11,client_3,False,flip_global,clip01,random,0.9398860335350037,0.10577952861785889,0.04000258445739746,0.060912251472473145,0.9972085308671124,0.9996000683087276,0.9990730693103347,0.9740706695554742,0.9900738748229627,0.9849441374535652,0.11995971202850342,0.04152786731719971,0.06077861785888672,0.9964121009833016,0.9995689984315119,0.9990771291689315,-0.8211116194725037,0.9432883858680725,0.0444483757019043,0.45017538265306123,0.5531250200964051,
11,client_4,False,flip_global,clip01,random,0.8789111375808716,0.2000586986541748,0.02873539924621582,0.16149866580963135,0.9900687278403817,0.9997936011634696,0.9935112967250708,0.9518017515223138,0.9928546744826365,0.9608163444748017,0.20296096801757812,0.02861762046813965,0.16583740711212158,0.9897807188182368,0.9997952893849464,0.993159783963119,-0.7756155133247375,0.8414317965507507,-0.036890774965286255,0.5653698979591837,0.6365399645897978,
11,client_5,False,flip_global,clip01,random,0.8745213747024536,0.09503376483917236,0.04203951358795166,0.1545189619064331,0.9977459636626318,0.9995583161923547,0.9940575903876263,0.9766584078279592,0.9895723976544704,0.9624617681702161,0.13983678817749023,0.04257702827453613,0.16328918933868408,0.9951292845738617,0.9995469531633212,0.9933673401967769,-0.7548584938049316,0.7959099411964417,-0.03996947035193443,0.5943080357142857,0.5601032886159336,
11,client_6,False,flip_global,clip01,random,0.8728163838386536,0.1662144660949707,0.04662299156188965,0.11528527736663818,0.9931288045457545,0.9994567955693077,0.996685588327535,0.959707013315567,0.9884453714389283,0.9717901161960827,0.15882480144500732,0.04616701602935791,0.11604976654052734,0.9937233751201222,0.9994673645288932,0.9966415961413686,-1.0519094467163086,0.6656989455223083,-0.04055517539381981,0.5366709183673469,0.6978336313222789,
11,client_7,False,flip_global,clip01,random,0.9430891275405884,0.22338509559631348,0.08271324634552002,0.13266706466674805,0.9876405508832888,0.998291821287169,0.9956143416227823,0.946410042821251,0.9796380902026911,0.9676406802681896,0.13272273540496826,0.0813751220703125,0.13060784339904785,0.9956106722949007,0.9983465756032022,0.995748999900846,-0.7283230423927307,0.8575042486190796,-0.020030761137604713,0.5809151785714286,0.7961644503608735,
11,client_8,False,flip_global,clip01,random,0.8937836289405823,0.15125584602355957,0.052307844161987305,0.21546989679336548,0.9943048608086065,0.9993163231228479,0.9884934562378307,0.9632324806181047,0.9870502034281656,0.9482344207761113,0.20111435651779175,0.05234193801879883,0.22751760482788086,0.9899644342663341,0.9993154320593634,0.9871834810986952,-0.8744249939918518,0.8240693211555481,-0.028460510075092316,0.5509406887755102,0.706784065697059,
11,client_9,False,flip_global,clip01,random,0.8127678036689758,0.18683075904846191,0.08561468124389648,0.046822190284729004,0.9913303548654717,0.998170047022259,0.999452145836567,0.9548798172481565,0.9789351592100468,0.9883964343702254,0.19430756568908691,0.08556413650512695,0.04698038101196289,0.9906275504338538,0.9981722041380361,0.9994484392207856,-0.8395687937736511,0.6863656044006348,-0.10879866778850555,0.6937978316326531,0.588222898803328,
11,client_0,True,flip_global,clip01,pretrained,0.9100440144538879,0.12537407875061035,0.0761786699295044,0.18762314319610596,0.9960818870302381,0.9985507796718047,0.9912571437772224,0.9693784394562168,0.9812240001960879,0.9546950131493344,0.15035557746887207,0.07714271545410156,0.19588685035705566,0.994372167914402,0.9985139087947585,0.9904756719851502,-1.006080150604248,1.07506263256073,0.01629355177283287,0.501594387755102,-0.6242830427500028,
11,client_1,True,flip_global,clip01,pretrained,0.9487366080284119,0.14625298976898193,0.087837815284729,0.05135691165924072,0.994673887500372,0.9980739164331711,0.9993409428548554,0.9644159020575143,0.9783970724352955,0.9872833739626901,0.17240548133850098,0.08889830112457275,0.05223524570465088,0.9926103005222133,0.998027196849882,0.9993182185967873,-0.8197199106216431,0.8964167237281799,0.04288795217871666,0.41565688775510207,-0.7328488474504141,
11,client_2,False,flip_global,clip01,pretrained,0.8153524994850159,0.06023597717285156,0.016382694244384766,0.06726646423339844,0.9990935235103506,0.9999329052087984,0.9988697646866156,0.9851094220730037,0.995916873651238,0.9833931685949417,0.07098400592803955,0.016515135765075684,0.06929516792297363,0.9987415068431629,0.9999318160596533,0.9988006248949817,-0.783204972743988,0.9139348864555359,-0.03295016288757324,0.5939094387755102,0.6316754163734982,
11,client_3,False,flip_global,clip01,pretrained,0.9398860335350037,0.10374212265014648,0.07539677619934082,0.03778553009033203,0.9973148129605431,0.998580344914513,0.9996431589593813,0.9745605155056378,0.9814140201151027,0.9906201310338276,0.1192406415939331,0.0773857831954956,0.03833460807800293,0.9964548716077097,0.9985045395622427,0.9996327156606053,-0.8211116194725037,0.9432883858680725,0.0444483757019043,0.45017538265306123,0.5531250200964051,
11,client_4,False,flip_global,clip01,pretrained,0.8789111375808716,0.1829770803451538,0.02591252326965332,0.1269913911819458,0.9916821047724416,0.9998321564160466,0.995980455474301,0.9557793597376847,0.9935532106816649,0.9689926650745646,0.20103955268859863,0.025394558906555176,0.13042879104614258,0.9899718420253434,0.9998387985865604,0.995760610374077,-0.7756155133247375,0.8414317965507507,-0.036890774965286255,0.5653698979591837,0.6365399645897978,
11,client_5,False,flip_global,clip01,pretrained,0.8745213747024536,0.08956348896026611,0.029448747634887695,0.08980226516723633,0.9979976076367183,0.9997832280646906,0.997986932798351,0.9779796968530552,0.9926782691264553,0.9779219669161325,0.11514341831207275,0.03003990650177002,0.09225618839263916,0.9966937198794097,0.9997744391698768,0.9978755898484968,-0.7548584938049316,0.7959099411964417,-0.03996947035193443,0.5943080357142857,0.5601032886159336,
11,client_6,False,flip_global,clip01,pretrained,0.8728163838386536,0.11878371238708496,0.01791369915008545,0.08781278133392334,0.9964819177593882,0.9999197796724928,0.9980750125665645,0.970952813707459,0.9955365733884587,0.978403129174275,0.12861192226409912,0.017447829246520996,0.08957469463348389,0.9958775339438188,0.9999238976576001,0.9979971073025393,-1.0519094467163086,0.6656989455223083,-0.04055517539381981,0.5366709183673469,0.6978336313222789,
11,client_7,False,flip_global,clip01,pretrained,0.9430891275405884,0.17598724365234375,0.02668476104736328,0.15204167366027832,0.992301859481006,0.9998220046472925,0.9942457868876469,0.9574142099785867,0.9933620429436882,0.9630467919697268,0.11786246299743652,0.02609086036682129,0.15092182159423828,0.9965361351277515,0.9998298384706603,0.994329879684295,-0.7283230423927307,0.8575042486190796,-0.020030761137604713,0.5809151785714286,0.7961644503608735,
11,client_8,False,flip_global,clip01,pretrained,0.8937836289405823,0.2826876640319824,0.029860496520996094,0.27954113483428955,0.9803173910759886,0.9997771249488592,0.9807468022094179,0.9329076696577352,0.9925764683218545,0.9336167936982454,0.3704286813735962,0.029311299324035645,0.29747605323791504,0.9665588018168556,0.9997852465285482,0.978238817740223,-0.8744249939918518,0.8240693211555481,-0.028460510075092316,0.5509406887755102,0.706784065697059,
11,client_9,False,flip_global,clip01,pretrained,0.8127678036689758,0.23875772953033447,0.12609660625457764,0.05626821517944336,0.9858996008671523,0.9960367316622931,0.9992089416338712,0.9428818371494747,0.9692060678830712,0.9860800008398243,0.2282472848892212,0.12400567531585693,0.05651211738586426,0.9871019390857816,0.9961667045348381,0.9992020729847657,-0.8395687937736511,0.6863656044006348,-0.10879866778850555,0.6937978316326531,0.588222898803328,
12,client_0,True,orig,raw,random,0.9362080097198486,0.12084102630615234,0.10013675689697266,0.133209228515625,0.9963593330936336,0.9974978629404878,0.9955785422868164,0.9704609295242961,0.9754282469424191,0.9675116813196964,0.14277565479278564,0.10209059715270996,0.13610076904296875,0.9949231918360102,0.9973994607609387,0.9953851800911953,-0.8768587708473206,0.7975881099700928,-0.030507586896419525,0.5652104591836735,-0.6337925221771429,
12,client_1,True,orig,raw,random,0.9555405974388123,0.3054659366607666,0.09711503982543945,0.32231271266937256,0.9770746118061289,0.997646330355878,0.9745260353939402,0.9277982683969574,0.9761564008779766,0.9240463908000007,0.3450816869735718,0.09745931625366211,0.3425023555755615,0.9708816232804995,0.997629642816477,0.9713059057517557,-0.7293473482131958,0.8396691083908081,-0.028652643784880638,0.5685586734693877,-0.7664219730569988,
12,client_2,False,orig,raw,random,0.9644595980644226,0.056925058364868164,0.020540952682495117,0.046590209007263184,0.9991903763866901,0.9998945256600944,0.9994575588890691,0.9859192272765385,0.9948844734610127,0.9884534254641211,0.05293142795562744,0.01997363567352295,0.046440720558166504,0.9992999337706203,0.9999002709295393,0.9994610328319198,-0.6748842597007751,0.7305043339729309,0.03140267729759216,0.4137436224489796,0.6912274714629711,
12,client_3,False,orig,raw,random,0.9727323055267334,0.12141799926757812,0.0237656831741333,0.11976373195648193,0.9963245804442746,0.9998588130279202,0.9964237831822584,0.9703230479607168,0.9940849518230801,0.9707184536744893,0.1385025978088379,0.023660778999328613,0.12202489376068115,0.9952214528886081,0.999860056574144,0.9962878488807005,-0.6835177540779114,0.9921609163284302,0.029070353135466576,0.42466517857142855,0.6972658224395413,
12,client_4,False,orig,raw,random,0.971493661403656,0.05187046527862549,0.04091358184814453,0.0782325267791748,0.9993277028880652,0.9995816510133835,0.9984716720422036,0.9871574393325151,0.9898495467532389,0.9807251240882879,0.02403891086578369,0.03999733924865723,0.0754995346069336,0.999855548342717,0.9996001731498847,0.9985764767117316,-0.84427809715271,0.9093549847602844,0.05211198702454567,0.3530771683673469,0.49578286417412276,
12,client_5,False,orig,raw,random,0.9642446637153625,0.06248652935028076,0.037774085998535156,0.04909396171569824,0.9990245725947042,0.9996433750215099,0.9993977179269777,0.9845595377085208,0.9906229518969991,0.9878385862863988,0.06321048736572266,0.037781476974487305,0.04920017719268799,0.9990018564200787,0.9996432354888622,0.9993951102000527,-0.736436128616333,0.6911588311195374,0.017519548535346985,0.4449936224489796,0.658052270778169,
12,client_6,False,orig,raw,random,0.9496504068374634,0.08558809757232666,0.04533278942108154,0.06801474094390869,0.9981711817009917,0.9994864324503743,0.9988445011149563,0.9789415962023511,0.9887624229271785,0.9832107666470207,0.10588335990905762,0.045702576637268066,0.06926655769348145,0.9972030595726697,0.9994780230572387,0.9988016141839096,-0.8147695660591125,0.7822584509849548,-0.021531226113438606,0.5590720663265306,0.640186560464625,
12,client_7,False,orig,raw,random,0.9684234261512756,0.05533194541931152,0.04210031032562256,0.027273058891296387,0.9992350331184754,0.9995570381840679,0.9998140709959453,0.9863092368389328,0.9895574357970016,0.9932164466337219,0.04630708694458008,0.04054832458496094,0.02728271484375,0.9994641288905652,0.9995890850256344,0.9998139393356968,-0.6285935640335083,0.6962696313858032,0.04386504739522934,0.36854272959183676,0.85340913394942,
12,client_8,False,orig,raw,random,0.9695191383361816,0.05332386493682861,0.02442479133605957,0.09743940830230713,0.9992895201705225,0.9998508740730547,0.9976306093787692,0.9868011644264603,0.9939216548844008,0.9760781975594623,0.07851231098175049,0.024735093116760254,0.10220950841903687,0.9984607335749118,0.9998470613370682,0.9973934110691718,-0.6867291927337646,0.9342752695083618,0.008113858290016651,0.4750478316326531,0.7460573114276836,
12,client_9,False,orig,raw,random,0.9615353941917419,0.07069563865661621,0.03551912307739258,0.09059560298919678,0.9987517015887413,0.9996846725673585,0.9979512626295628,0.9825576804834941,0.9911790147282096,0.9777301949937738,0.07764720916748047,0.036422133445739746,0.09087479114532471,0.9984944299473364,0.9996684395211699,0.9979386355588613,-0.9470178484916687,0.7575079202651978,0.01803559623658657,0.4529655612244898,0.5696423073053569,
12,client_0,True,orig,raw,pretrained,0.9362080097198486,0.06870174407958984,0.06762552261352539,0.053372979164123535,0.9988210610517694,0.9988576767945689,0.9992882114844948,0.9830433456181644,0.9833056372188735,0.9867891283236092,0.09076464176177979,0.06928646564483643,0.057125091552734375,0.9979436219868723,0.9988009258467749,0.9991846798824497,-0.8768587708473206,0.7975881099700928,-0.030507586896419525,0.5652104591836735,-0.6337925221771429,0.46964001655578613
12,client_1,True,orig,raw,pretrained,0.9555405974388123,0.18765616416931152,0.05563545227050781,0.1298137903213501,0.9912540863076589,0.9992266229898257,0.9958003697188773,0.9546873129865001,0.9862349175554745,0.9683199956904334,0.1440669298171997,0.05451607704162598,0.13217544555664062,0.994831304354759,0.9992574131719114,0.9956466789072103,-0.7293473482131958,0.8396691083908081,-0.028652643784880638,0.5685586734693877,-0.7664219730569988,0.7696638703346252
12,client_2,False,orig,raw,pretrained,0.9644595980644226,0.0915755033493042,0.022351741790771484,0.09260118007659912,0.9979067738131346,0.9998751116087963,0.9978596972554474,0.9774934036105827,0.994435397825453,0.9772456426428489,0.11849677562713623,0.02306234836578369,0.09611070156097412,0.9964988493499904,0.9998670452811704,0.997694676922704,-0.6748842597007751,0.7305043339729309,0.03140267729759216,0.4137436224489796,0.6912274714629711,0.4691988229751587
12,client_3,False,orig,raw,pretrained,0.9727323055267334,0.08322620391845703,0.027552247047424316,0.07680714130401611,0.998270596154498,0.999810245430085,0.9985267955373804,0.979513760785085,0.993147362282278,0.9810713058127449,0.06509435176849365,0.026999354362487793,0.07426106929779053,0.9989415223749005,0.9998177836219408,0.9986227476712397,-0.6835177540779114,0.9921609163284302,0.029070353135466576,0.42466517857142855,0.6972658224395413,0.4401613473892212
12,client_4,False,orig,raw,pretrained,0.971493661403656,0.0523073673248291,0.07550954818725586,0.10953831672668457,0.9993163355811658,0.9985760994833885,0.9970070745193886,0.9870503203288723,0.9813866102661084,0.9731679276406011,0.05561041831970215,0.07651054859161377,0.11257636547088623,0.999227318413574,0.9985381387484566,0.9968391537535308,-0.84427809715271,0.9093549847602844,0.05211198702454567,0.3530771683673469,0.49578286417412276,0.5562306642532349
12,client_5,False,orig,raw,pretrained,0.9642446637153625,0.05662524700164795,0.029218554496765137,0.07421529293060303,0.9991988770248847,0.9997866031780884,0.9986244433413531,0.9859926063365956,0.9927351889106715,0.9817012551850244,0.05895662307739258,0.029013395309448242,0.07511794567108154,0.9991315951591386,0.9997895889336679,0.9985908146865157,-0.736436128616333,0.6911588311195374,0.017519548535346985,0.4449936224489796,0.658052270778169,0.4753572940826416
12,client_6,False,orig,raw,pretrained,0.9496504068374634,0.1485210657119751,0.11019790172576904,0.04898369312286377,0.994508099414388,0.9969710043732749,0.9994004192114396,0.9638791201660615,0.9730096457602915,0.9878656525374268,0.14388799667358398,0.10741877555847168,0.0496976375579834,0.9948440859002623,0.9971215309962072,0.9993828220357404,-0.8147695660591125,0.7822584509849548,-0.021531226113438606,0.5590720663265306,0.640186560464625,0.5984315872192383
12,client_7,False,orig,raw,pretrained,0.9684234261512756,0.0594409704208374,0.017910122871398926,0.0728844404220581,0.9991172775939541,0.9999198116976322,0.9986732861939813,0.9853037786977581,0.9955374614790413,0.9820249551433282,0.059596896171569824,0.017673611640930176,0.07328450679779053,0.9991126434857325,0.9999219154360923,0.9986586961180883,-0.6285935640335083,0.6962696313858032,0.04386504739522934,0.36854272959183676,0.85340913394942,0.5177755355834961
12,client_8,False,orig,raw,pretrained,0.9695191383361816,0.04555916786193848,0.050511717796325684,0.10251235961914062,0.999481292437514,0.9993624466112803,0.9973779717491571,0.9887067821400395,0.98749068656292,0.9748563618694814,0.044130563735961914,0.05017542839050293,0.1030651330947876,0.9995133010660229,0.9993709035759621,0.9973496745722288,-0.6867291927337646,0.9342752695083618,0.008113858290016651,0.4750478316326531,0.7460573114276836,0.42027246952056885
12,client_9,False,orig,raw,pretrained,0.9615353941917419,0.1310102939605713,0.04085516929626465,0.15060728788375854,0.9957228460008003,0.9995828443455661,0.9943533889755778,0.9680350416418808,0.9898639282326824,0.9633857734160352,0.14436280727386475,0.04104340076446533,0.1547250747680664,0.9948101349396778,0.9995789927959999,0.994041797621992,-0.9470178484916687,0.7575079202651978,0.01803559623658657,0.4529655612244898,0.5696423073053569,0.4101259708404541
12,client_0,True,orig,clip01,random,0.9362080097198486,0.1176609992980957,0.09791064262390137,0.04881250858306885,0.9965479360050087,0.9976076776101495,0.9994046007603965,0.9712214016296241,0.9759646025121391,0.9879076732682444,0.12402427196502686,0.09899699687957764,0.04864668846130371,0.9961655580288562,0.9975543936791409,0.9994086373388311,-0.8768587708473206,0.7975881099700928,-0.030507586896419525,0.5652104591836735,-0.6337925221771429,
12,client_1,True,orig,clip01,random,0.9555405974388123,0.16524648666381836,0.10486161708831787,0.06412875652313232,0.9932081957525336,0.9972566678269985,0.9989726678924735,0.959934561002717,0.9742913138507869,0.9841585779316548,0.12290692329406738,0.10379505157470703,0.06448376178741455,0.9962341422536014,0.9973120778403868,0.998961271045284,-0.7293473482131958,0.8396691083908081,-0.028652643784880638,0.5685586734693877,-0.7664219730569988,
12,client_2,False,orig,clip01,random,0.9644595980644226,0.08047997951507568,0.018683671951293945,0.10276675224304199,0.9983827076333107,0.9999127358123039,0.9973649678192631,0.9801796601871595,0.9953453951572857,0.9747951511059645,0.08486783504486084,0.018429040908813477,0.1048504114151001,0.9982017914975951,0.9999150980194427,0.9972572529023946,-0.6748842597007751,0.7305043339729309,0.03140267729759216,0.4137436224489796,0.6912274714629711,
12,client_3,False,orig,clip01,random,0.9727323055267334,0.04758167266845703,0.03212010860443115,0.06652367115020752,0.9994342362877029,0.9997421245414873,0.9988945676360748,0.9882098859960855,0.9920180805238803,0.9835742840736617,0.04570508003234863,0.032338500022888184,0.06639885902404785,0.9994779658946575,0.9997386066102596,0.9988987083593106,-0.6835177540779114,0.9921609163284302,0.029070353135466576,0.42466517857142855,0.6972658224395413,
12,client_4,False,orig,clip01,random,0.971493661403656,0.03494405746459961,0.03606235980987549,0.06969082355499268,0.9996947980911415,0.9996749558132847,0.9987869021147759,0.9913208980451291,0.9910450123907459,0.9828023844387392,0.03165245056152344,0.035973548889160156,0.06897294521331787,0.9997495776368308,0.9996765544292947,0.9988117432364698,-0.84427809715271,0.9093549847602844,0.05211198702454567,0.3530771683673469,0.49578286417412276,
12,client_5,False,orig,clip01,random,0.9642446637153625,0.051911234855651855,0.040107011795043945,0.0753246545791626,0.9993266461714492,0.9995979781585547,0.9985830567033849,0.9871474427693674,0.9900481562977046,0.9814315502721143,0.061719298362731934,0.04025077819824219,0.07729196548461914,0.9990483618101207,0.9995950917187053,0.9985081593149792,-0.736436128616333,0.6911588311195374,0.017519548535346985,0.4449936224489796,0.658052270778169,
12,client_6,False,orig,clip01,random,0.9496504068374634,0.10802793502807617,0.10850083827972412,0.03301119804382324,0.9970888630182053,0.997063375925233,0.9997276208565278,0.9735305224897439,0.9734169715751038,0.9917980070502934,0.11227905750274658,0.10636627674102783,0.03473222255706787,0.996855787607408,0.9971775427679737,0.9996984863792739,-0.8147695660591125,0.7822584509849548,-0.021531226113438606,0.5590720663265306,0.640186560464625,
12,client_7,False,orig,clip01,random,0.9684234261512756,0.04991006851196289,0.06479191780090332,0.08789825439453125,0.9993775370132427,0.998951327363717,0.998071268773677,0.9876383013598486,0.9839967325223373,0.9783824499688718,0.04651808738708496,0.06420385837554932,0.08901739120483398,0.9994592363056911,0.9989702621046945,0.9980219155400096,-0.6285935640335083,0.6962696313858032,0.04386504739522934,0.36854272959183676,0.85340913394942,
12,client_8,False,orig,clip01,random,0.9695191383361816,0.10459685325622559,0.057240962982177734,0.2204369306564331,0.9972704752123462,0.9991813710020019,0.9879616974259633,0.9743549707787047,0.9858419182469951,0.9470889497613826,0.1452142596244812,0.05852639675140381,0.22781133651733398,0.9947489767670863,0.9991442148941814,0.9871506866575879,-0.6867291927337646,0.9342752695083618,0.008113858290016651,0.4750478316326531,0.7460573114276836,
12,client_9,False,orig,clip01,random,0.9615353941917419,0.0766899585723877,0.06835150718688965,0.13683617115020752,0.9985312824212202,0.9988330402201886,0.9953353493427242,0.9810997740064056,0.9831286921683904,0.9666493740121069,0.07550704479217529,0.06802868843078613,0.13990747928619385,0.9985761937951445,0.9988440275711106,0.9951243768130207,-0.9470178484916687,0.7575079202651978,0.01803559623658657,0.4529655612244898,0.5696423073053569,
12,client_0,True,orig,clip01,pretrained,0.9362080097198486,0.057631850242614746,0.06019771099090576,0.04573619365692139,0.9991701592982887,0.9990946740794577,0.9994772551845625,0.9857462718550298,0.9851187757521382,0.9886632748454618,0.08135008811950684,0.0614774227142334,0.04945528507232666,0.9983475914928739,0.9990558007917822,0.9993888239913558,-0.8768587708473206,0.7975881099700928,-0.030507586896419525,0.5652104591836735,-0.6337925221771429,
12,client_1,True,orig,clip01,pretrained,0.9555405974388123,0.19239723682403564,0.06357407569885254,0.1620171070098877,0.9908096681683096,0.9989903494229129,0.9934697745485133,0.95358270971508,0.984293979224319,0.9606942936609684,0.16185343265533447,0.0625605583190918,0.16576099395751953,0.9934828973909127,0.9990222617073179,0.993166053721372,-0.7293473482131958,0.8396691083908081,-0.028652643784880638,0.5685586734693877,-0.7664219730569988,
12,client_2,False,orig,clip01,pretrained,0.9644595980644226,0.0833503007888794,0.023043274879455566,0.09487795829772949,0.998265441669413,0.9998672650861067,0.9977533360779216,0.9794836860435181,0.994263977887301,0.9766960042139263,0.11103951930999756,0.023808598518371582,0.09856128692626953,0.9969246680097408,0.9998583027195393,0.9975758346550732,-0.6748842597007751,0.7305043339729309,0.03140267729759216,0.4137436224489796,0.6912274714629711,
12,client_3,False,orig,clip01,pretrained,0.9727323055267334,0.08122944831848145,0.02474832534790039,0.07932806015014648,0.9983524827526598,0.9998468976806321,0.9984286191075094,0.9799978629790527,0.9938415126391935,0.9804591777652916,0.07000505924224854,0.02434682846069336,0.07732260227203369,0.9987759478107552,0.9998518244550312,0.9985069777417033,-0.6835177540779114,0.9921609163284302,0.029070353135466576,0.42466517857142855,0.6972658224395413,
12,client_4,False,orig,clip01,pretrained,0.971493661403656,0.0625450611114502,0.06911206245422363,0.12181353569030762,0.9990227456937362,0.9988069493099414,0.9963006616287264,0.9845452426091499,0.982943372415312,0.9702285420152443,0.06846511363983154,0.07017183303833008,0.12544119358062744,0.9988291612187667,0.9987701141060168,0.9960777033979233,-0.84427809715271,0.9093549847602844,0.05211198702454567,0.3530771683673469,0.49578286417412276,
12,client_5,False,orig,clip01,pretrained,0.9642446637153625,0.057123661041259766,0.028805851936340332,0.07928085327148438,0.9991847206910291,0.9997925879940128,0.9984304865575773,0.985870623632294,0.9928372500022105,0.9804706352444099,0.05595815181732178,0.02843630313873291,0.0796583890914917,0.9992176306911087,0.999797874812125,0.998415520715745,-0.736436128616333,0.6911588311195374,0.017519548535346985,0.4449936224489796,0.658052270778169,
12,client_6,False,orig,clip01,pretrained,0.9496504068374634,0.15337467193603516,0.12067151069641113,0.046402931213378906,0.9941448920173135,0.9963695123618523,0.999461909248665,0.96273193151749,0.9705014449471403,0.9884994378017486,0.1565399169921875,0.11856472492218018,0.04751551151275635,0.9939018485989344,0.9964948434532352,0.9994358078897709,-0.8147695660591125,0.7822584509849548,-0.021531226113438606,0.5590720663265306,0.640186560464625,
12,client_7,False,orig,clip01,pretrained,0.9684234261512756,0.05400562286376953,0.01700568199157715,0.07021689414978027,0.999271246731047,0.9999277056150981,0.9987685355066602,0.9866341101586249,0.9957620977518891,0.9826742583618144,0.05419039726257324,0.016800642013549805,0.06965398788452148,0.9992662542486062,0.9999294383414163,0.9987881829965601,-0.6285935640335083,0.6962696313858032,0.04386504739522934,0.36854272959183676,0.85340913394942,
12,client_8,False,orig,clip01,pretrained,0.9695191383361816,0.04408431053161621,0.05911540985107422,0.11186873912811279,0.9995143203773489,0.9991269142104675,0.9968786726287027,0.9890693667368204,0.9853833856410277,0.9726088646253919,0.043700337409973145,0.058634042739868164,0.11273610591888428,0.9995227410285361,0.9991410659853748,0.996830198564983,-0.6867291927337646,0.9342752695083618,0.008113858290016651,0.4750478316326531,0.7460573114276836,
12,client_9,False,orig,clip01,pretrained,0.9615353941917419,0.1262582540512085,0.04557347297668457,0.157353937625885,0.9960265941588222,0.9994809667754243,0.9938385560876961,0.96916751027439,0.9887032662923645,0.9617929294445138,0.13682323694229126,0.046089768409729004,0.16222012042999268,0.9953362280504028,0.9994691447622381,0.9934534795693712,-0.9470178484916687,0.7575079202651978,0.01803559623658657,0.4529655612244898,0.5696423073053569,
12,client_0,True,flip,raw,random,0.9292375445365906,0.15630614757537842,0.15171527862548828,0.07999467849731445,0.9939199653023933,0.9942703598834344,0.9984021303311306,0.9620400468786416,0.9631239115817933,0.9802974057263913,0.13589489459991455,0.15180766582489014,0.07864868640899658,0.9953990826742614,0.9942634096812399,0.9984553877389966,-0.8160361647605896,0.8937121629714966,0.042115986347198486,0.4194834183673469,-0.6337925221771429,
12,client_1,True,flip,raw,random,0.977408766746521,0.03536427021026611,0.057544708251953125,0.0640038251876831,0.9996874153993223,0.9991726653589261,0.9989766636825888,0.9912172178722649,0.985767593464399,0.9841890720656321,0.03480565547943115,0.057599782943725586,0.0641329288482666,0.9996972103654203,0.9991710819410562,0.9989725343112401,-0.7346367835998535,0.7928785681724548,0.03183881938457489,0.4992825255102041,-0.7664219730569988,
12,client_2,False,flip,raw,random,0.9144619107246399,0.0683131217956543,0.01740562915802002,0.06523346900939941,0.9988343494077447,0.9999242653204847,0.9989369968734507,0.9831380466870654,0.9956627533679061,0.983888993502724,0.07351100444793701,0.01724863052368164,0.06577682495117188,0.9986504006787471,0.999925625335218,0.9989192291743219,-0.7194294333457947,0.8265888094902039,-0.008133540861308575,0.5039859693877551,0.6912274714629711,
12,client_3,False,flip,raw,random,0.8727454543113708,0.1902557611465454,0.054875731468200684,0.06875431537628174,0.9910117415641386,0.9992475883863401,0.9988192576872488,0.9540814055166495,0.9864209651014462,0.9830305358807161,0.15284955501556396,0.05478501319885254,0.06691122055053711,0.9941847415083103,0.9992500726427709,0.9988816610393567,-0.874422550201416,0.7513943910598755,-0.029372939839959145,0.5609853316326531,0.6972658224395413,
12,client_4,False,flip,raw,random,0.8824650645256042,0.10045552253723145,0.06204032897949219,0.0655982494354248,0.9974819376113571,0.9990384434018966,0.9989250847871491,0.9753514804008028,0.9846685226054979,0.9837999999994878,0.09488964080810547,0.06111347675323486,0.06547176837921143,0.9977527837044733,0.9990669392065197,0.998929222587825,-0.6695958971977234,0.7384902238845825,-0.030797690153121948,0.5606664540816326,0.49578286417412276,
12,client_5,False,flip,raw,random,0.9533584713935852,0.2512556314468384,0.07310259342193604,0.18364202976226807,0.9844025495950981,0.9986653402038497,0.9916219206552028,0.9400279678352614,0.9819718833528168,0.9556240534797484,0.3240739703178406,0.07376277446746826,0.1888974905014038,0.9742522902115374,0.9986411497222976,0.9911387697738876,-0.717268705368042,0.7467445731163025,-0.005515979137271643,0.5311702806122449,0.658052270778169,
12,client_6,False,flip,raw,random,0.950359046459198,0.2526695728302002,0.035503387451171875,0.1681349277496338,0.9842285948520646,0.9996849518311945,0.9929699491683852,0.9397059152047234,0.99118289670205,0.95925580072533,0.2827352285385132,0.03525125980377197,0.17122435569763184,0.9803108651834771,0.9996894095393685,0.9927106528554623,-0.7115116119384766,0.7348076105117798,0.016690213233232498,0.4778380102040816,0.640186560464625,
12,client_7,False,flip,raw,random,0.8903341293334961,0.2573707103729248,0.1095649003982544,0.08732032775878906,0.9836435423337997,0.9970056249115979,0.9980965119156626,0.9386363315269448,0.973161547558208,0.9785222853267981,0.2078484296798706,0.10948121547698975,0.0847100019454956,0.9892866261859301,0.9970101870723365,0.9982084647391392,-0.5449322462081909,0.8379855751991272,-0.028165379539132118,0.5500637755102041,0.85340913394942,
12,client_8,False,flip,raw,random,0.9520566463470459,0.11374866962432861,0.027533888816833496,0.07194304466247559,0.9967731408464837,0.9998104981791713,0.9987073042476036,0.9721582249154042,0.9931519047551576,0.9822540252509662,0.11781597137451172,0.027774930000305176,0.07179117202758789,0.9965388601803933,0.9998071662090648,0.9987127510146407,-0.8628891110420227,0.7672972083091736,0.006884252652525902,0.5073341836734694,0.7460573114276836,
12,client_9,False,flip,raw,random,0.8988702893257141,0.36144495010375977,0.027080178260803223,0.4236535429954529,0.9681226318700655,0.9998166911918318,0.9565962221549082,0.9154190058524587,0.9932641786334999,0.9019515049694427,0.4281187653541565,0.026891350746154785,0.43801963329315186,0.9557072788177745,0.9998192383235909,0.9537075026467485,-0.6274968981742859,0.7206340432167053,-0.008203691802918911,0.5402582908163265,0.5696423073053569,
12,client_0,True,flip,raw,pretrained,0.9292375445365906,0.08729875087738037,0.09161794185638428,0.06766843795776367,0.9980974511618685,0.9979048363015302,0.9988562277359629,0.9785275066585262,0.9774831503569845,0.983295176083752,0.06958472728729248,0.09068644046783447,0.06731092929840088,0.9987905895588658,0.9979471584866013,0.9988682712257286,-0.8160361647605896,0.8937121629714966,0.042115986347198486,0.4194834183673469,-0.6337925221771429,0.40618300437927246
12,client_1,True,flip,raw,pretrained,0.977408766746521,0.06323873996734619,0.07756376266479492,0.1116558313369751,0.9990009646276607,0.9984976605984921,0.9968905146013138,0.9843758504760194,0.9808875232207492,0.9726599207008553,0.05363500118255615,0.07688665390014648,0.11326456069946289,0.9992812093923429,0.9985237471451596,0.9968004833060671,-0.7346367835998535,0.7928785681724548,0.03183881938457489,0.4992825255102041,-0.7664219730569988,0.6990354061126709
12,client_2,False,flip,raw,pretrained,0.9144619107246399,0.05419921875,0.01821422576904297,0.046674132347106934,0.9992660154722866,0.9999170656538492,0.9994556037201261,0.9865866802086105,0.9954619484227165,0.988432807356264,0.05753183364868164,0.018105030059814453,0.047125816345214844,0.9991730352906671,0.9999180570079722,0.9994450204684724,-0.7194294333457947,0.8265888094902039,-0.008133540861308575,0.5039859693877551,0.6912274714629711,0.5190225839614868
12,client_3,False,flip,raw,pretrained,0.8727454543113708,0.11607468128204346,0.03609955310821533,0.06630313396453857,0.9966401575905839,0.9996742851558578,0.9989018788486488,0.9716010884934929,0.9910358387681089,0.9836280673658877,0.12192630767822266,0.03609955310821533,0.06682193279266357,0.9962938280057143,0.9996742851558578,0.9988846412230161,-0.874422550201416,0.7513943910598755,-0.029372939839959145,0.5609853316326531,0.6972658224395413,0.5156371593475342
12,client_4,False,flip,raw,pretrained,0.8824650645256042,0.026298999786376953,0.025466561317443848,0.05291116237640381,0.9998271130732495,0.9998378832777388,0.9993004694481717,0.9934575313829219,0.9936636338649849,0.986902311451143,0.02878856658935547,0.025702238082885742,0.05304861068725586,0.9997928368015074,0.9998348691933723,0.9992968322800047,-0.6695958971977234,0.7384902238845825,-0.030797690153121948,0.5606664540816326,0.49578286417412276,0.6546476483345032
12,client_5,False,flip,raw,pretrained,0.9533584713935852,0.055426597595214844,0.015872836112976074,0.057089805603027344,0.9992324152461429,0.9999370162438062,0.9991856861965156,0.9862860585957811,0.9960435703363921,0.9858789087531801,0.06987321376800537,0.0160675048828125,0.057901978492736816,0.998780549943004,0.9999354619457508,0.9991623668161647,-0.717268705368042,0.7467445731163025,-0.005515979137271643,0.5311702806122449,0.658052270778169,0.4530590772628784
12,client_6,False,flip,raw,pretrained,0.950359046459198,0.1603400707244873,0.04005467891693115,0.06223702430725098,0.993603617412425,0.9995990262999912,0.9990323410485791,0.9610891837591402,0.9900610447940736,0.9846204773391221,0.1593378782272339,0.03974783420562744,0.06245887279510498,0.9936829495476327,0.9996051443912075,0.9990254352214101,-0.7115116119384766,0.7348076105117798,0.016690213233232498,0.4778380102040816,0.640186560464625,0.5068626403808594
12,client_7,False,flip,raw,pretrained,0.8903341293334961,0.11807858943939209,0.1269059181213379,0.06830286979675293,0.9965234531576566,0.9959858481608037,0.998834698942529,0.9711214880389734,0.9690130470268175,0.9831405451214896,0.12084412574768066,0.12784147262573242,0.06849813461303711,0.9963591468432349,0.9959266267087306,0.9988280325399825,-0.5449322462081909,0.8379855751991272,-0.028165379539132118,0.5500637755102041,0.85340913394942,0.6751008033752441
12,client_8,False,flip,raw,pretrained,0.9520566463470459,0.09538877010345459,0.05081605911254883,0.04049479961395264,0.9977291207359145,0.9993547444703381,0.9995901688158682,0.9765727525624057,0.9874160289570408,0.9899526600900772,0.10580325126647949,0.05179619789123535,0.04014015197753906,0.9972072812930897,0.9993296257131838,0.9995973137083625,-0.8628891110420227,0.7672972083091736,0.006884252652525902,0.5073341836734694,0.7460573114276836,0.4144221544265747
12,client_9,False,flip,raw,pretrained,0.8988702893257141,0.22454917430877686,0.025331616401672363,0.16422057151794434,0.9875126153733109,0.9998395966021714,0.9932918428392721,0.9461421787923385,0.9936970507638205,0.9601758164000831,0.2171630859375,0.025275230407714844,0.16418945789337158,0.9883135007842181,0.9998403098102562,0.9932943716869183,-0.6274968981742859,0.7206340432167053,-0.008203691802918911,0.5402582908163265,0.5696423073053569,0.46457576751708984
12,client_0,True,flip,clip01,random,0.9292375445365906,0.14062047004699707,0.24296432733535767,0.10181355476379395,0.9950747404919711,0.9854038648744472,0.997413528377276,0.9657508849735092,0.9419198170585095,0.9750245347260689,0.1716369390487671,0.24695032835006714,0.10285639762878418,0.9926756750846739,0.9849264906673112,0.9973603777467526,-0.8160361647605896,0.8937121629714966,0.042115986347198486,0.4194834183673469,-0.6337925221771429,
12,client_1,True,flip,clip01,random,0.977408766746521,0.028228282928466797,0.048960089683532715,0.048004865646362305,0.9998008207700073,0.9994009966445025,0.9994241320574953,0.9929801089001802,0.9878714463227889,0.9881059618559582,0.03602480888366699,0.04895591735839844,0.05001115798950195,0.9996756322186877,0.9994010986871094,0.9993750141293398,-0.7346367835998535,0.7928785681724548,0.03183881938457489,0.4992825255102041,-0.7664219730569988,
12,client_2,False,flip,clip01,random,0.9144619107246399,0.055643439292907715,0.03436851501464844,0.049527645111083984,0.9992264010508292,0.999704766682258,0.999387035032917,0.9862329618983472,0.9914629295240094,0.9877321462470738,0.0444260835647583,0.03336977958679199,0.049288034439086914,0.9995067633126276,0.9997216725658613,0.9993929489402817,-0.7194294333457947,0.8265888094902039,-0.008133540861308575,0.5039859693877551,0.6912274714629711,
12,client_3,False,flip,clip01,random,0.8727454543113708,0.14874696731567383,0.06098449230194092,0.04641282558441162,0.9944914494145469,0.9990708708937608,0.9994616798456064,0.9638256809698988,0.9849264839155059,0.98849700677033,0.15375757217407227,0.06022453308105469,0.04734992980957031,0.994115750265192,0.9990938676822105,0.9994397315737287,-0.874422550201416,0.7513943910598755,-0.029372939839959145,0.5609853316326531,0.6972658224395413,
12,client_4,False,flip,clip01,random,0.8824650645256042,0.06286776065826416,0.06365370750427246,0.02869868278503418,0.9990126429330914,0.9989878204182239,0.9997941281945284,0.9844664359124473,0.9842745388502374,0.9928637554427926,0.05228734016418457,0.062277913093566895,0.028171896934509277,0.9993168587281733,0.9990310700806855,0.9998016155780078,-0.6695958971977234,0.7384902238845825,-0.030797690153121948,0.5606664540816326,0.49578286417412276,
12,client_5,False,flip,clip01,random,0.9533584713935852,0.06831932067871094,0.029215455055236816,0.08168315887451172,0.9988341380357706,0.9997866484417961,0.9983340498641629,0.9831365360104085,0.992735955342005,0.9798878318740194,0.08390700817108154,0.029599308967590332,0.08313941955566406,0.9982422242717268,0.9997810062025256,0.9982741962882888,-0.717268705368042,0.7467445731163025,-0.005515979137271643,0.5311702806122449,0.658052270778169,
12,client_6,False,flip,clip01,random,0.950359046459198,0.1847614049911499,0.05125081539154053,0.07362246513366699,0.9915201261520095,0.9993436617445273,0.9986463090891851,0.95536269669166,0.9873093941033322,0.9818454274378436,0.19368696212768555,0.051699042320251465,0.07294237613677979,0.9906869063519432,0.9993321369753365,0.9986711782541247,-0.7115116119384766,0.7348076105117798,0.016690213233232498,0.4778380102040816,0.640186560464625,
12,client_7,False,flip,clip01,random,0.8903341293334961,0.28406763076782227,0.13250482082366943,0.1294095516204834,0.9801276388799753,0.9956250266519424,0.995826402391176,0.9325969260907796,0.9676792885367367,0.9684162958702334,0.21718049049377441,0.12952721118927002,0.12899231910705566,0.9883116439363173,0.9958188334738167,0.9958531877724495,-0.5449322462081909,0.8379855751991272,-0.028165379539132118,0.5500637755102041,0.85340913394942,
12,client_8,False,flip,clip01,random,0.9520566463470459,0.04390227794647217,0.03328967094421387,0.029032111167907715,0.999518321579163,0.9997230070094072,0.9997893174265675,0.9891141321600836,0.9917292472727137,0.9927812942827734,0.05182647705078125,0.033892035484313965,0.028720617294311523,0.9993288421004087,0.9997128943199285,0.9997938134257884,-0.8628891110420227,0.7672972083091736,0.006884252652525902,0.5073341836734694,0.7460573114276836,
12,client_9,False,flip,clip01,random,0.8988702893257141,0.12972283363342285,0.04958045482635498,0.11498665809631348,0.9958062342520562,0.99938572776946,0.9967026940565804,0.9683416626870036,0.9877191861973147,0.9718616368424771,0.13302087783813477,0.05025184154510498,0.11559319496154785,0.9955909955025986,0.9993689868977014,0.9966679039685407,-0.6274968981742859,0.7206340432167053,-0.008203691802918911,0.5402582908163265,0.5696423073053569,
12,client_0,True,flip,clip01,pretrained,0.9292375445365906,0.07992756366729736,0.10107159614562988,0.08252060413360596,0.9984048071961187,0.9974510166133927,0.9982997587063451,0.9803136910473402,0.975203140550702,0.9796847884753983,0.06539225578308105,0.09910917282104492,0.08254408836364746,0.9989318197503334,0.9975488583845535,0.9982987920733306,-0.8160361647605896,0.8937121629714966,0.042115986347198486,0.4194834183673469,-0.6337925221771429,
12,client_1,True,flip,clip01,pretrained,0.977408766746521,0.06367611885070801,0.0673903226852417,0.11177468299865723,0.9989871080932822,0.9988656021714075,0.9968839068044617,0.9842690677111425,0.9833629730175293,0.9726314191368022,0.05680739879608154,0.06687414646148682,0.11365723609924316,0.9991937177609986,0.9988828989536047,0.9967783138560162,-0.7346367835998535,0.7928785681724548,0.03183881938457489,0.4992825255102041,-0.7664219730569988,
12,client_2,False,flip,clip01,pretrained,0.9144619107246399,0.05746948719024658,0.021100401878356934,0.0470355749130249,0.9991748255512913,0.9998887025513576,0.9994471430183565,0.9857859988575146,0.9947456976065419,0.9883440162891008,0.06099104881286621,0.02088785171508789,0.04797780513763428,0.9990706712388842,0.9998909333351569,0.9994247808319647,-0.7194294333457947,0.8265888094902039,-0.008133540861308575,0.5039859693877551,0.6912274714629711,
12,client_3,False,flip,clip01,pretrained,0.8727454543113708,0.13339459896087646,0.03745412826538086,0.06650304794311523,0.995566269139609,0.9996493892921765,0.9988952523588577,0.9674675814031308,0.9907018234092038,0.9835793133512132,0.1387176513671875,0.03773188591003418,0.06731522083282471,0.9952066554655392,0.9996441711855695,0.9988681270326873,-0.874422550201416,0.7513943910598755,-0.029372939839959145,0.5609853316326531,0.6972658224395413,
12,client_4,False,flip,clip01,pretrained,0.8824650645256042,0.02165377140045166,0.027737736701965332,0.054465532302856445,0.9998827888508943,0.999807682234761,0.9992587887514037,0.9946084584319725,0.9931014673568126,0.9865214404124196,0.02340984344482422,0.027912616729736328,0.05464005470275879,0.999863008884025,0.9998052499072025,0.9992540337178661,-0.6695958971977234,0.7384902238845825,-0.030797690153121948,0.5606664540816326,0.49578286417412276,
12,client_5,False,flip,clip01,pretrained,0.9533584713935852,0.056450724601745605,0.012916803359985352,0.06243693828582764,0.999203804688106,0.9999582903525568,0.9990261191028778,0.9860353246013664,0.9967786034403554,0.9845716494825054,0.0694427490234375,0.013079643249511719,0.06364893913269043,0.9987955153473886,0.9999572321049857,0.9989879719444688,-0.717268705368042,0.7467445731163025,-0.005515979137271643,0.5311702806122449,0.658052270778169,
12,client_6,False,flip,clip01,pretrained,0.950359046459198,0.16316044330596924,0.037232160568237305,0.06286585330963135,0.9933777431774609,0.9996535316114621,0.9990127027987792,0.9604252130814241,0.9907565453220037,0.9844669016796648,0.16044950485229492,0.036360740661621094,0.06307590007781982,0.9935949252169824,0.9996695560523954,0.9990060992088006,-0.7115116119384766,0.7348076105117798,0.016690213233232498,0.4778380102040816,0.640186560464625,
12,client_7,False,flip,clip01,pretrained,0.8903341293334961,0.09302723407745361,0.120810866355896,0.06727468967437744,0.9978399890604472,0.9963611452066004,0.998869488490514,0.9771427533748789,0.9704681377787698,0.9833911632632164,0.09694099426269531,0.1225588321685791,0.06757164001464844,0.9976547442630574,0.9962553831477912,0.998859494870916,-0.5449322462081909,0.8379855751991272,-0.028165379539132118,0.5500637755102041,0.85340913394942,
12,client_8,False,flip,clip01,pretrained,0.9520566463470459,0.0985419750213623,0.04720962047576904,0.03926491737365723,0.9975767828072803,0.999443045691683,0.999614677956963,0.9758124455635362,0.9883012649653373,0.9902555771617036,0.10492444038391113,0.048320651054382324,0.039051055908203125,0.9972533865218944,0.9994165341206098,0.9996188627423976,-0.8628891110420227,0.7672972083091736,0.006884252652525902,0.5073341836734694,0.7460573114276836,
12,client_9,False,flip,clip01,pretrained,0.8988702893257141,0.23705768585205078,0.021753668785095215,0.1906830072402954,0.9860975943310175,0.9998817049699311,0.9909716015618137,0.9432710445942063,0.9945836862696862,0.9539818793654653,0.22709870338439941,0.021680355072021484,0.19088125228881836,0.9872301800666792,0.9998825009065431,0.9909529465801901,-0.6274968981742859,0.7206340432167053,-0.008203691802918911,0.5402582908163265,0.5696423073053569,
12,client_0,True,flip_global,raw,random,0.9561565518379211,0.056632280349731445,0.09656035900115967,0.052550435066223145,0.9991986781192759,0.9976730931351334,0.9993099702575832,0.9859908848254024,0.9762901529364767,0.9869907328877183,0.05314290523529053,0.09572625160217285,0.052671194076538086,0.9992943316043961,0.9977130513799446,0.9993067969376002,-0.8440568447113037,0.9259345531463623,0.04966508224606514,0.38321109693877553,-0.6337925221771429,
12,client_1,True,flip_global,raw,random,0.9788440465927124,0.03129434585571289,0.06981015205383301,0.04800426959991455,0.9997552109299244,0.9987827480877502,0.9994241463516151,0.9922220855983279,0.9827733194250698,0.9881061082164531,0.02438032627105713,0.0698082447052002,0.0474545955657959,0.9998514164826031,0.9987828145414694,0.9994372529660152,-0.6558151841163635,0.8138437271118164,0.03973839059472084,0.4106345663265306,-0.7664219730569988,
12,client_2,False,flip_global,raw,random,0.9297221899032593,0.08508014678955078,0.034003376960754395,0.07723212242126465,0.9981927953911396,0.9997110052425839,0.9985104659462194,0.9790646040331514,0.9915530535610528,0.9809680719513889,0.09293925762176514,0.03415107727050781,0.07917928695678711,0.9978440659956145,0.9997084897296873,0.9984345006537376,-0.7624303698539734,0.8309652805328369,-0.01425012294203043,0.5349170918367347,0.6912274714629711,
12,client_3,False,flip_global,raw,random,0.8829936385154724,0.12570393085479736,0.04315924644470215,0.06152534484863281,0.9960613042702648,0.9995344824554373,0.9990543292412712,0.9692997417573763,0.9892968898805536,0.9847943305149014,0.1158747673034668,0.04288029670715332,0.060591816902160645,0.9966516917974273,0.9995404784700832,0.9990827893767187,-0.89920574426651,0.7260322570800781,-0.023501716554164886,0.5586734693877551,0.6972658224395413,
12,client_4,False,flip_global,raw,random,0.8937205076217651,0.08573150634765625,0.059673190116882324,0.09295344352722168,0.9981650563877524,0.999110371620586,0.9978434088627901,0.9789068718355476,0.9852470016126025,0.9771605721480703,0.0906670093536377,0.05926096439361572,0.09500348567962646,0.9979480367506266,0.9991226123097574,0.9977473973450037,-0.7257692217826843,0.7290966510772705,-0.035543449223041534,0.5606664540816326,0.49578286417412276,
12,client_5,False,flip_global,raw,random,0.9506051540374756,0.2643855810165405,0.08302879333496094,0.19235098361968994,0.9827515003166647,0.9982787800524557,0.9908140559429837,0.9370437367172086,0.9795616058817274,0.9535934767838594,0.35956811904907227,0.08406054973602295,0.1997596025466919,0.9684449618564797,0.9982357937952868,0.9900981801973379,-0.6935291290283203,0.6829062700271606,-0.0027519743889570236,0.5192920918367347,0.658052270778169,
12,client_6,False,flip_global,raw,random,0.9586613774299622,0.25459206104278564,0.041330575942993164,0.153672456741333,0.983990583278169,0.9995730826161926,0.9941222343962277,0.9392682971755539,0.9897468897074377,0.9626616144766318,0.2773594856262207,0.04095029830932617,0.15632665157318115,0.9810418768299993,0.999580900047311,0.9939183773433764,-0.6765413880348206,0.7290716767311096,0.01945967972278595,0.4736926020408163,0.640186560464625,
12,client_7,False,flip_global,raw,random,0.9538770318031311,0.22839951515197754,0.09801375865936279,0.07220029830932617,0.987084895657619,0.9976026450066797,0.9986980519319222,0.9452569951814203,0.9759397481600243,0.9821914196823711,0.19577395915985107,0.09851861000061035,0.06858217716217041,0.9904865682714428,0.9975779297078211,0.9988251574632492,-0.7333390116691589,0.8048747777938843,-0.033699214458465576,0.5888073979591837,0.85340913394942,
12,client_8,False,flip_global,raw,random,0.9568881988525391,0.13316011428833008,0.03240799903869629,0.09558343887329102,0.995581791256839,0.9997374820977745,0.9977198583609854,0.9675233661764528,0.9919469718519278,0.976525787890947,0.1370089054107666,0.03258383274078369,0.09572422504425049,0.9953236064933082,0.9997346262902234,0.9977131480437607,-0.7730462551116943,0.7800158262252808,0.007821737788617611,0.5149075255102041,0.7460573114276836,
12,client_9,False,flip_global,raw,random,0.9278525114059448,0.4597426652908325,0.03738856315612793,0.5416742563247681,0.9491830311574614,0.9996506154154907,0.9304970571483204,0.8942748856451159,0.9907179867675617,0.8772082393100187,0.5679488182067871,0.037497878074645996,0.5626609325408936,0.9239901875182019,0.9996485699397872,0.925318904559091,-0.6610621809959412,0.7389968633651733,-0.011692908592522144,0.5547672193877551,0.5696423073053569,
12,client_0,True,flip_global,raw,pretrained,0.9561565518379211,0.04286682605743408,0.06777405738830566,0.07107794284820557,0.9995407670384886,0.9988526575398662,0.9987381769320616,0.989368828159918,0.9832694307792793,0.9824646014510878,0.03413832187652588,0.06705927848815918,0.07233321666717529,0.999708707399056,0.9988767105251513,0.9986932585364352,-0.8440568447113037,0.9259345531463623,0.04966508224606514,0.38321109693877553,-0.6337925221771429,0.39191365242004395
12,client_1,True,flip_global,raw,pretrained,0.9788440465927124,0.047840118408203125,0.06321847438812256,0.09160995483398438,0.9994280762088308,0.9990016043502696,0.9979052010137119,0.9881464171349723,0.984380798586223,0.9774850800300192,0.0352480411529541,0.06186199188232422,0.09265279769897461,0.999689466241102,0.9990439595539917,0.9978573143383018,-0.6558151841163635,0.8138437271118164,0.03973839059472084,0.4106345663265306,-0.7664219730569988,0.7001234292984009
12,client_2,False,flip_global,raw,pretrained,0.9297221899032593,0.055681705474853516,0.019785046577453613,0.0521998405456543,0.9992253372902151,0.9999021451652521,0.999319142037443,0.9862235923382172,0.9950720281663685,0.9870766819687855,0.062253475189208984,0.01992499828338623,0.05274796485900879,0.9990318297971337,0.9999007559984998,0.9993047757663096,-0.7624303698539734,0.8309652805328369,-0.01425012294203043,0.5349170918367347,0.6912274714629711,0.49598050117492676
12,client_3,False,flip_global,raw,pretrained,0.8829936385154724,0.09637510776519775,0.029398798942565918,0.06542360782623291,0.9976819974073925,0.9997839626656682,0.9989307960574263,0.9763348293207392,0.9926906195077774,0.9838426048587683,0.11625325679779053,0.02972579002380371,0.06705164909362793,0.996629837881924,0.9997791309460446,0.9988769658906076,-0.89920574426651,0.7260322570800781,-0.023501716554164886,0.5586734693877551,0.6972658224395413,0.4857451915740967
12,client_4,False,flip_global,raw,pretrained,0.8937205076217651,0.033034324645996094,0.031262993812561035,0.06235325336456299,0.9997272391605079,0.9997557010751785,0.9990287260593271,0.991792296419703,0.9922298323755783,0.9845920886081674,0.03375697135925293,0.03161168098449707,0.062107086181640625,0.9997151775786588,0.9997502222079144,0.9990363744593391,-0.7257692217826843,0.7290966510772705,-0.035543449223041534,0.5606664540816326,0.49578286417412276,0.6477444171905518
12,client_5,False,flip_global,raw,pretrained,0.9506051540374756,0.059763312339782715,0.015527009963989258,0.07137012481689453,0.9991076842454338,0.9999397307148232,0.9987277915123112,0.9852249682963325,0.9961295198216022,0.9823934732641486,0.07989037036895752,0.015813112258911133,0.07352101802825928,0.9984062896823407,0.9999374893010171,0.9986500333445114,-0.6935291290283203,0.6829062700271606,-0.0027519743889570236,0.5192920918367347,0.658052270778169,0.439697265625
12,client_6,False,flip_global,raw,pretrained,0.9586613774299622,0.11233627796173096,0.03183245658874512,0.04553031921386719,0.9968525896100631,0.999746721799559,0.9994819488788891,0.9724967612037791,0.9920891379457433,0.988713872489918,0.10936903953552246,0.03149068355560303,0.045554399490356445,0.997016297028315,0.999752130301488,0.9994814009688595,-0.6765413880348206,0.7290716767311096,0.01945967972278595,0.4736926020408163,0.640186560464625,0.5050197839736938
12,client_7,False,flip_global,raw,pretrained,0.9538770318031311,0.06567502021789551,0.07389366626739502,0.05816793441772461,0.9989225693653274,0.9986363278307584,0.9991546591850891,0.9837812721866468,0.9817794689649191,0.9856151198048715,0.049793362617492676,0.07397234439849854,0.05815327167510986,0.9993804432983919,0.9986334253291185,0.9991550850416322,-0.7333390116691589,0.8048747777938843,-0.033699214458465576,0.5888073979591837,0.85340913394942,0.6236915588378906
12,client_8,False,flip_global,raw,pretrained,0.9568881988525391,0.08930253982543945,0.03927481174468994,0.05916643142700195,0.9980092414406072,0.999614483793964,0.9991254074561609,0.9780427934835856,0.9902531396467193,0.9853709090706886,0.09896731376647949,0.03994929790496826,0.05937933921813965,0.9975558573440093,0.9996011327607353,0.9991191059325308,-0.7730462551116943,0.7800158262252808,0.007821737788617611,0.5149075255102041,0.7460573114276836,0.41188836097717285
12,client_9,False,flip_global,raw,pretrained,0.9278525114059448,0.25006234645843506,0.029389381408691406,0.1701676845550537,0.9845486334423814,0.9997841010307522,0.9927998592447353,0.9402998908091753,0.9926929481257913,0.9587785514668343,0.24092578887939453,0.029452085494995117,0.16973233222961426,0.985645135507691,0.999783178929988,0.9928364554506348,-0.6610621809959412,0.7389968633651733,-0.011692908592522144,0.5547672193877551,0.5696423073053569,0.43968093395233154
12,client_0,True,flip_global,clip01,random,0.9561565518379211,0.03180336952209473,0.139387845993042,0.09425210952758789,0.9997471843688042,0.9951603955286379,0.9977828287652446,0.9920963236220044,0.9660434035717556,0.9768470444903536,0.03473174571990967,0.14083075523376465,0.09522640705108643,0.9996984946562795,0.9950600535860918,0.9977368316546569,-0.8440568447113037,0.9259345531463623,0.04966508224606514,0.38321109693877553,-0.6337925221771429,
12,client_1,True,flip_global,clip01,random,0.9788440465927124,0.015683650970458984,0.056116342544555664,0.032781004905700684,0.9999385086090999,0.9992132036199557,0.9997314055488526,0.9960905878593818,0.9861171798556188,0.9918548511196066,0.015236973762512207,0.055866360664367676,0.033159494400024414,0.999941961184142,0.9992201938103356,0.9997251686451394,-0.6558151841163635,0.8138437271118164,0.03973839059472084,0.4106345663265306,-0.7664219730569988,
12,client_2,False,flip_global,clip01,random,0.9297221899032593,0.09476041793823242,0.025879859924316406,0.07041966915130615,0.9977588898722467,0.9998325792378306,0.9987614193154644,0.976724368342287,0.9935612977211374,0.9826248785937992,0.07649338245391846,0.024846196174621582,0.06987535953521729,0.9985387939310728,0.9998456844961967,0.9987804751131202,-0.7624303698539734,0.8309652805328369,-0.01425012294203043,0.5349170918367347,0.6912274714629711,
12,client_3,False,flip_global,clip01,random,0.8829936385154724,0.10239624977111816,0.032430410385131836,0.04530930519104004,0.997383896373101,0.9997371189619015,0.9994869642056319,0.9748843015960953,0.9919414365908648,0.9887681953052179,0.11252951622009277,0.03232622146606445,0.0470505952835083,0.9968417777780059,0.9997388050298295,0.9994467900091173,-0.89920574426651,0.7260322570800781,-0.023501716554164886,0.5586734693877551,0.6972658224395413,
12,client_4,False,flip_global,clip01,random,0.8937205076217651,0.06579172611236572,0.06605207920074463,0.03393697738647461,0.9989187398378334,0.9989101723221885,0.9997121325573279,0.9837528034464011,0.9836892984753991,0.9915694437453311,0.04870045185089111,0.06397759914398193,0.03335440158843994,0.9994073300725292,0.9989775015069902,0.9997219289799093,-0.7257692217826843,0.7290966510772705,-0.035543449223041534,0.5606664540816326,0.49578286417412276,
12,client_5,False,flip_global,clip01,random,0.9506051540374756,0.07422399520874023,0.034238576889038086,0.076546311378479,0.9986241210675577,0.9997069943683143,0.9985367733145611,0.9816991390785255,0.9914949996792313,0.9811346731276771,0.08948493003845215,0.03450202941894531,0.07771754264831543,0.9980011135515725,0.9997024689017451,0.9984917042842563,-0.6935291290283203,0.6829062700271606,-0.0027519743889570236,0.5192920918367347,0.658052270778169,
12,client_6,False,flip_global,clip01,random,0.9586613774299622,0.17395424842834473,0.05351853370666504,0.06755053997039795,0.992477690133369,0.9992843260117195,0.9988602064232364,0.9578904951342313,0.9867534595165737,0.9833239155475224,0.18234562873840332,0.05368196964263916,0.067024827003479,0.9917390599767493,0.9992799506237418,0.9988778634299411,-0.6765413880348206,0.7290716767311096,0.01945967972278595,0.4736926020408163,0.640186560464625,
12,client_7,False,flip_global,clip01,random,0.9538770318031311,0.18021619319915771,0.13289225101470947,0.1140373945236206,0.9919297133883769,0.995599489954077,0.9967567786943228,0.9564246010871162,0.9675870977537482,0.9720890422006172,0.11435413360595703,0.13141334056854248,0.1132591962814331,0.996738781721813,0.9956965737587216,0.9968007856412751,-0.7333390116691589,0.8048747777938843,-0.033699214458465576,0.5888073979591837,0.85340913394942,
12,client_8,False,flip_global,clip01,random,0.9568881988525391,0.04381227493286133,0.03435218334197998,0.039649248123168945,0.9995202937997738,0.9997050471390581,0.9996071000969937,0.98913626680955,0.9914669602745136,0.990160902473338,0.051702260971069336,0.03498125076293945,0.03946340084075928,0.9993320538555088,0.9996941482008825,0.9996107736587376,-0.7730462551116943,0.7800158262252808,0.007821737788617611,0.5149075255102041,0.7460573114276836,
12,client_9,False,flip_global,clip01,random,0.9278525114059448,0.15382158756256104,0.06010019779205322,0.12588012218475342,0.9941108712209852,0.9990976027626957,0.9960502880405817,0.9626264025564655,0.9851426122099882,0.9692577091147456,0.15983736515045166,0.06099903583526611,0.1260448694229126,0.9936434718601703,0.9990704279940252,0.9960399735506036,-0.6610621809959412,0.7389968633651733,-0.011692908592522144,0.5547672193877551,0.5696423073053569,
12,client_0,True,flip_global,clip01,pretrained,0.9561565518379211,0.04361855983734131,0.068489670753479,0.08603262901306152,0.9995245249349407,0.9988283218920091,0.9981521615690492,0.9891839101329412,0.9830950228171766,0.9788339653415117,0.04102122783660889,0.06787419319152832,0.0879523754119873,0.9995794474121793,0.9988492675795368,0.9980688963546129,-0.8440568447113037,0.9259345531463623,0.04966508224606514,0.38321109693877553,-0.6337925221771429,
12,client_1,True,flip_global,clip01,pretrained,0.9788440465927124,0.05327951908111572,0.05801975727081299,0.08472633361816406,0.9992907007668232,0.999158957832567,0.9982077748030886,0.9868120321649021,0.9856513684642132,0.9791502988601495,0.03927922248840332,0.05611276626586914,0.08572781085968018,0.9996143972236273,0.999213303842206,0.9981652143584188,-0.6558151841163635,0.8138437271118164,0.03973839059472084,0.4106345663265306,-0.7664219730569988,
12,client_2,False,flip_global,clip01,pretrained,0.9297221899032593,0.05791449546813965,0.024167656898498535,0.05488765239715576,0.999162004853545,0.9998539970796201,0.999247261635174,0.9856771199340484,0.9939853562813485,0.9864180453859785,0.06640839576721191,0.024215340614318848,0.05569934844970703,0.9988983922451462,0.9998534204359044,0.9992248465878659,-0.7624303698539734,0.8309652805328369,-0.01425012294203043,0.5349170918367347,0.6912274714629711,
12,client_3,False,flip_global,clip01,pretrained,0.8829936385154724,0.10665476322174072,0.03149616718292236,0.06513643264770508,0.9971622445225328,0.9997520439844929,0.9989401544945522,0.973860353649568,0.992172219732973,0.9839126689723776,0.13080990314483643,0.031911253929138184,0.06694424152374268,0.9957358786509916,0.9997454665690646,0.9988805578840427,-0.89920574426651,0.7260322570800781,-0.023501716554164886,0.5586734693877551,0.6972658224395413,
12,client_4,False,flip_global,clip01,pretrained,0.8937205076217651,0.02625894546508789,0.03726339340209961,0.06316018104553223,0.999827639230185,0.9996529502371749,0.99900344335381,0.9934674469173468,0.9907488451868409,0.9843950318878099,0.027397871017456055,0.03742527961730957,0.06300866603851318,0.9998123655751203,0.999649929050823,0.9990082153470123,-0.7257692217826843,0.7290966510772705,-0.035543449223041534,0.5606664540816326,0.49578286417412276,
12,client_5,False,flip_global,clip01,pretrained,0.9506051540374756,0.06330311298370361,0.012490272521972656,0.07589137554168701,0.9989989312116196,0.9999609994139036,0.998561678243657,0.9843601331970955,0.9968847297525294,0.9812938135683174,0.08194303512573242,0.012696027755737305,0.07847261428833008,0.9983234458630144,0.9999597039376773,0.9984622879264915,-0.6935291290283203,0.6829062700271606,-0.0027519743889570236,0.5192920918367347,0.658052270778169,
12,client_6,False,flip_global,clip01,pretrained,0.9586613774299622,0.12151932716369629,0.03185105323791504,0.046295762062072754,0.9963184602895676,0.9997464258371296,0.999464390858998,0.9702988362599432,0.9920845438657777,0.9885257696687157,0.11616098880767822,0.03125953674316406,0.04619777202606201,0.9966351719218309,0.9997557550915621,0.999466654903832,-0.6765413880348206,0.7290716767311096,0.01945967972278595,0.4736926020408163,0.640186560464625,
12,client_7,False,flip_global,clip01,pretrained,0.9538770318031311,0.05976545810699463,0.08381319046020508,0.06930577754974365,0.9991076202110132,0.9982461476967659,0.9988002579302047,0.9852244437025772,0.9793715174620556,0.9828961794451796,0.05392301082611084,0.08475542068481445,0.06985974311828613,0.9992734733496278,0.9982065456842599,0.9987810196560825,-0.7333390116691589,0.8048747777938843,-0.033699214458465576,0.5888073979591837,0.85340913394942,
12,client_8,False,flip_global,clip01,pretrained,0.9568881988525391,0.09103381633758545,0.03775739669799805,0.0528559684753418,0.9979314259360712,0.9996436899949208,0.9993019273437873,0.9776242907839388,0.9906270656773959,0.9869158398034927,0.09863841533660889,0.038345932960510254,0.053011178970336914,0.9975720460597128,0.9996324986807068,0.999297823734079,-0.7730462551116943,0.7800158262252808,0.007821737788617611,0.5149075255102041,0.7460573114276836,
12,client_9,False,flip_global,clip01,pretrained,0.9278525114059448,0.25595736503601074,0.025380969047546387,0.21145594120025635,0.9838205106695561,0.9998389710529381,0.988914631688838,0.9389576976123708,0.9936848291936013,0.9491616197559611,0.2579922676086426,0.025545358657836914,0.21217763423919678,0.9835654223598993,0.999836878621948,0.9888394702693943,-0.6610621809959412,0.7389968633651733,-0.011692908592522144,0.5547672193877551,0.5696423073053569,
13,client_0,True,orig,raw,random,0.8631473779678345,0.21247529983520508,0.1364823579788208,0.08834123611450195,0.9888083975080695,0.9953593567268584,0.9980518077813678,0.9489260251715455,0.9667334424451537,0.9782752862437325,0.20524358749389648,0.13854849338531494,0.08526456356048584,0.989551377029624,0.9952182968012677,0.998184963112505,-0.9732305407524109,0.8531209826469421,-0.05228891968727112,0.5768494897959183,-0.6361400369036908,
13,client_1,True,orig,raw,random,0.8739259243011475,0.2561964988708496,0.08478999137878418,0.08332931995391846,0.983790633292293,0.9982050843005679,0.9982663136656018,0.9389033117995076,0.9791348798901822,0.979488770628687,0.19600844383239746,0.08595311641693115,0.07388997077941895,0.9904639289277912,0.9981555708641798,0.9986364640847449,-1.243476390838623,0.9679504632949829,-0.010566952638328075,0.5014349489795918,-0.5995319271487386,
13,client_2,False,orig,raw,random,0.8873378038406372,0.11957156658172607,0.04451608657836914,0.04989480972290039,0.9964352196425914,0.9995047635302672,0.9993779173833177,0.9707644010449461,0.9889631965997685,0.9876420455379651,0.09127366542816162,0.044318556785583496,0.04719054698944092,0.9979205283571733,0.9995091471584285,0.9994434954509024,-0.7314361929893494,1.1938191652297974,-0.0016285028541460633,0.4711415816326531,0.6475378980131571,
13,client_3,False,orig,raw,random,0.925614595413208,0.07532262802124023,0.09282362461090088,0.04364323616027832,0.998583132865084,0.9978494187399267,0.9995239869939909,0.9814320428618271,0.9771919217068616,0.9891778409151322,0.03742706775665283,0.09036993980407715,0.04224717617034912,0.9996498956067863,0.9979614406633117,0.9995539433075686,-0.9744245409965515,1.0821584463119507,0.07926882058382034,0.36049107142857145,0.5458389852097316,
13,client_4,False,orig,raw,random,0.9233468174934387,0.10761451721191406,0.035150885581970215,0.07004761695861816,0.9971110537392711,0.999691175358854,0.9987744604670217,0.9736298063835063,0.9912698647777036,0.9827154835955225,0.0679701566696167,0.034378767013549805,0.06814074516296387,0.9988460141872983,0.9997045905610409,0.9988402195192669,-0.7670910954475403,0.8418625593185425,0.0006195580353960395,0.4838966836734694,0.6446032027425745,
13,client_5,False,orig,raw,random,0.9179641008377075,0.0774686336517334,0.04715073108673096,0.03550982475280762,0.9985013393225519,0.9994444337385564,0.9996848376018408,0.9809106271251726,0.9883157298286473,0.9911813086190853,0.060312509536743164,0.04692065715789795,0.03468930721282959,0.9990912201846418,0.999449840095423,0.999699230855069,-0.996443510055542,1.108851671218872,0.0065065608359873295,0.45169005102040816,0.5264574134159966,
13,client_6,False,orig,raw,random,0.777004599571228,0.052945613861083984,0.04753315448760986,0.034609436988830566,0.9992995586745375,0.9994353890093437,0.99970061395883,0.9868938673290777,0.9882218017272024,0.9914034714552247,0.055964112281799316,0.048775315284729004,0.03380942344665527,0.9992174641096461,0.9994055073539869,0.9997142919581394,-1.2380048036575317,0.8920448422431946,-0.025146666914224625,0.5208864795918368,0.8368647293992011,
13,client_7,False,orig,raw,random,0.9260555505752563,0.052315711975097656,0.05811870098114014,0.06456601619720459,0.9993161175442398,0.9991560886697519,0.9989586214559789,0.9870482745695086,0.9856271635864016,0.984051859628877,0.02412426471710205,0.05533277988433838,0.06114935874938965,0.9998545208380549,0.9992350100585008,0.9990658439834512,-0.759377658367157,0.9558430314064026,0.049507882446050644,0.397640306122449,0.7539631460869652,
13,client_8,False,orig,raw,random,0.8956984877586365,0.07123124599456787,0.0812540054321289,0.034656643867492676,0.998732733162861,0.9983514876864705,0.9996997968675403,0.9824272806796996,0.9799919070635434,0.9913918217133402,0.06481766700744629,0.08164811134338379,0.03398871421813965,0.9989504943403424,0.998335477380343,0.9997112543722284,-0.6997067928314209,1.0920342206954956,0.02467450127005577,0.45607461734693877,0.7119199982911896,
13,client_9,False,orig,raw,random,0.9087159633636475,0.05068159103393555,0.02041149139404297,0.040506839752197266,0.9993581532255911,0.9998958508907609,0.9995899251480505,0.9874490141168046,0.9949165915090605,0.9899496953199254,0.04492056369781494,0.020645737648010254,0.03928959369659424,0.9994957265393107,0.9998934468951817,0.9996141936280889,-1.1004985570907593,1.0267746448516846,-7.841903425287455e-05,0.4512914540816326,0.6375339970347924,
13,client_0,True,orig,raw,pretrained,0.8631473779678345,0.1054532527923584,0.09880220890045166,0.08086252212524414,0.997225689027416,0.997563990660502,0.9983673151342143,0.9741490899785412,0.9757497371561272,0.9800868612365652,0.11133182048797607,0.10030496120452881,0.08195686340332031,0.9969084932621586,0.9974894658199149,0.9983228806743103,-0.9732305407524109,0.8531209826469421,-0.05228891968727112,0.5768494897959183,-0.6361400369036908,0.4811673164367676
13,client_1,True,orig,raw,pretrained,0.8739259243011475,0.10066008567810059,0.019717931747436523,0.07823789119720459,0.9974716913055468,0.9999028078772139,0.9984714626799458,0.9753022213845626,0.9950886831982009,0.9807238215846157,0.10344457626342773,0.02073836326599121,0.07698369026184082,0.9973301630142639,0.9998924887420519,0.9985200226638735,-1.243476390838623,0.9679504632949829,-0.010566952638328075,0.5014349489795918,-0.5995319271487386,0.5168219208717346
13,client_2,False,orig,raw,pretrained,0.8873378038406372,0.05090808868408203,0.036044955253601074,0.012527823448181152,0.9993524063319073,0.9996752694093523,0.9999607645645157,0.98739345496033,0.9910493052194598,0.9968753859227484,0.04633438587188721,0.03562188148498535,0.012526988983154297,0.9994634971458025,0.9996828458501434,0.9999607697910491,-0.7314361929893494,1.1938191652297974,-0.0016285028541460633,0.4711415816326531,0.6475378980131571,0.46004533767700195
13,client_3,False,orig,raw,pretrained,0.925614595413208,0.11071252822875977,0.08493828773498535,0.027588844299316406,0.996942712426991,0.9981988087435463,0.9998097410707647,0.97288617669118,0.9790989614560457,0.9931383069261048,0.10177099704742432,0.08602094650268555,0.026600360870361328,0.9974156860057168,0.9981526626814383,0.999823128666498,-0.9744245409965515,1.0821584463119507,0.07926882058382034,0.36049107142857145,0.5458389852097316,0.24121761322021484
13,client_4,False,orig,raw,pretrained,0.9233468174934387,0.060317397117614746,0.04889273643493652,0.05449175834655762,0.9990910729884366,0.9994026428427285,0.9992580751662412,0.9850895204515586,0.9878879793745092,0.9865150160736229,0.055376648902893066,0.04912614822387695,0.05382847785949707,0.9992337972741112,0.9993969283007642,0.999276017096757,-0.7670910954475403,0.8418625593185425,0.0006195580353960395,0.4838966836734694,0.6446032027425745,0.5138734579086304
13,client_5,False,orig,raw,pretrained,0.9179641008377075,0.04077029228210449,0.08510172367095947,0.04320049285888672,0.9995845752954944,0.9981918798807272,0.9995335925703903,0.9898848259615991,0.9790593783988248,0.9892867434903143,0.027134180068969727,0.08385789394378662,0.04244279861450195,0.9998159594751308,0.9982442787567181,0.9995498042763955,-0.996443510055542,1.108851671218872,0.0065065608359873295,0.45169005102040816,0.5264574134159966,0.395749568939209
13,client_6,False,orig,raw,pretrained,0.777004599571228,0.1929844617843628,0.03082096576690674,0.11470437049865723,0.9907538723470597,0.9997625593093398,0.9967188238735836,0.9534460282213919,0.9923390627579669,0.971929253247515,0.1364206075668335,0.03002631664276123,0.11290574073791504,0.9953635404131451,0.9997746431737413,0.9968206749197017,-1.2380048036575317,0.8920448422431946,-0.025146666914224625,0.5208864795918368,0.8368647293992011,0.44142019748687744
13,client_7,False,orig,raw,pretrained,0.9260555505752563,0.04439389705657959,0.0384516716003418,0.027420759201049805,0.9995074774855541,0.9996304696842444,0.9998120519887561,0.988993240251357,0.9904559540571618,0.993179897694789,0.03972971439361572,0.03853750228881836,0.02677476406097412,0.9996055042076448,0.9996288185934616,0.9998208020899331,-0.759377658367157,0.9558430314064026,0.049507882446050644,0.397640306122449,0.7539631460869652,0.5178308486938477
13,client_8,False,orig,raw,pretrained,0.8956984877586365,0.08927536010742188,0.09663736820220947,0.03326749801635742,0.9980104512441799,0.997669386620154,0.9997233757980541,0.9780493658001497,0.9762715818033736,0.9917347218901802,0.08294343948364258,0.09791278839111328,0.03232932090759277,0.9982823125140361,0.9976075729390352,0.9997387549504402,-0.6997067928314209,1.0920342206954956,0.02467450127005577,0.45607461734693877,0.7119199982911896,0.25218629837036133
13,client_9,False,orig,raw,pretrained,0.9087159633636475,0.04005920886993408,0.03060448169708252,0.0493396520614624,0.9995989356265249,0.9997658825413804,0.9993916773685811,0.9900599291511776,0.992392565125773,0.9877782837549467,0.03395199775695801,0.030234217643737793,0.048685431480407715,0.9997118777380585,0.9997715121834359,0.9994076954405835,-1.1004985570907593,1.0267746448516846,-7.841903425287455e-05,0.4512914540816326,0.6375339970347924,0.41771399974823
13,client_0,True,orig,clip01,random,0.8631473779678345,0.06466412544250488,0.10832321643829346,0.1251840591430664,0.9989554567456149,0.9970729617839165,0.9960937199850091,0.9840279173134918,0.9734596188179239,0.969423779602308,0.04494595527648926,0.1069570779800415,0.12509560585021973,0.9994951565078112,0.9971461688895942,0.9960992221234581,-0.9732305407524109,0.8531209826469421,-0.05228891968727112,0.5768494897959183,-0.6361400369036908,
13,client_1,True,orig,clip01,random,0.8739259243011475,0.15028738975524902,0.0420306921005249,0.1373765468597412,0.9943772497655938,0.9995585014756225,0.9952985648064561,0.9634613978325948,0.989574568618852,0.9665209982295506,0.14928996562957764,0.042550086975097656,0.13552212715148926,0.9944513261114651,0.9995475261327467,0.9954242026325453,-1.243476390838623,0.9679504632949829,-0.010566952638328075,0.5014349489795918,-0.5995319271487386,
13,client_2,False,orig,clip01,random,0.8873378038406372,0.054031968116760254,0.03569924831390381,0.023743867874145508,0.9992705359397149,0.9996814670353675,0.9998590720818752,0.9866276555123148,0.9911345795164082,0.9940903573475159,0.050164103507995605,0.03620338439941406,0.02243673801422119,0.9993711873913407,0.9996724092485543,0.9998741600748475,-0.7314361929893494,1.1938191652297974,-0.0016285028541460633,0.4711415816326531,0.6475378980131571,
13,client_3,False,orig,clip01,random,0.925614595413208,0.06467771530151367,0.05783486366271973,0.023112058639526367,0.9989550179997588,0.9991643062941689,0.9998664715602519,0.9840246009499223,0.9856966018980466,0.9942469299228047,0.07067108154296875,0.05877208709716797,0.0228726863861084,0.9987525678543538,0.9991370194035469,0.9998692228827781,-0.9744245409965515,1.0821584463119507,0.07926882058382034,0.36049107142857145,0.5458389852097316,
13,client_4,False,orig,clip01,random,0.9233468174934387,0.06865048408508301,0.03340744972229004,0.021599769592285156,0.9988228181108623,0.9997210439518722,0.9998833726908418,0.9830558360795871,0.9917001678067281,0.99462184997436,0.05779719352722168,0.03208911418914795,0.02125418186187744,0.9991653938990721,0.9997426218810617,0.9998870745033834,-0.7670910954475403,0.8418625593185425,0.0006195580353960395,0.4838966836734694,0.6446032027425745,
13,client_5,False,orig,clip01,random,0.9179641008377075,0.042118191719055176,0.05878400802612305,0.0444180965423584,0.9995566619482594,0.9991366695125936,0.99950694058153,0.9895530353152875,0.9854644308179306,0.9889872900340395,0.04256892204284668,0.0593031644821167,0.044368624687194824,0.999547125599294,0.999121363102635,0.9995080378813295,-0.996443510055542,1.108851671218872,0.0065065608359873295,0.45169005102040816,0.5264574134159966,
13,client_6,False,orig,clip01,random,0.777004599571228,0.13439726829528809,0.052590012550354004,0.11838817596435547,0.995499591786468,0.9993089310363765,0.9965052470388878,0.9672290971270134,0.9869810310787734,0.9710474256071755,0.10309338569641113,0.05219459533691406,0.11454510688781738,0.9973482242304259,0.9993192787903245,0.9967279068202126,-1.2380048036575317,0.8920448422431946,-0.025146666914224625,0.5208864795918368,0.8368647293992011,
13,client_7,False,orig,clip01,random,0.9260555505752563,0.059407711029052734,0.032900214195251465,0.06967973709106445,0.9991182644951986,0.9997294488874504,0.9987872876938637,0.9853119109307427,0.9918254128763715,0.9828050848501639,0.04097449779510498,0.0315777063369751,0.06718754768371582,0.9995804047245607,0.9997507587163452,0.9988724128575477,-0.759377658367157,0.9558430314064026,0.049507882446050644,0.397640306122449,0.7539631460869652,
13,client_8,False,orig,clip01,random,0.8956984877586365,0.0867609977722168,0.1474515199661255,0.03478348255157471,0.998120785112955,0.9945865920166246,0.9996975959390773,0.9786576496028221,0.9641321919165164,0.9913605214040004,0.10245895385742188,0.14959871768951416,0.03535795211791992,0.9973806976602058,0.9944284476503822,0.9996875270543413,-0.6997067928314209,1.0920342206954956,0.02467450127005577,0.45607461734693877,0.7119199982911896,
13,client_9,False,orig,clip01,random,0.9087159633636475,0.059435367584228516,0.03091573715209961,0.06290125846862793,0.9991174438847201,0.999761097113665,0.9990115912467703,0.9853051486367612,0.9923156421032182,0.9844582559295973,0.04166412353515625,0.030498623847961426,0.06067824363708496,0.9995661664129312,0.9997674990363303,0.999080172742216,-1.1004985570907593,1.0267746448516846,-7.841903425287455e-05,0.4512914540816326,0.6375339970347924,
13,client_0,True,orig,clip01,pretrained,0.8631473779678345,0.11519122123718262,0.11080729961395264,0.07719719409942627,0.9966909808587718,0.9969374880640791,0.998511811424913,0.9718126422057705,0.9728634417277067,0.9809765559146344,0.1231163740158081,0.11206459999084473,0.07738065719604492,0.9962213326440228,0.9968677590744368,0.9985047374507003,-0.9732305407524109,0.8531209826469421,-0.05228891968727112,0.5768494897959183,-0.6361400369036908,
13,client_1,True,orig,clip01,pretrained,0.8739259243011475,0.11158156394958496,0.01868736743927002,0.08900034427642822,0.9968946401103214,0.9999127012907674,0.9980226719543248,0.9726777312415957,0.9953444777293041,0.9781158709958955,0.10839664936065674,0.01939857006072998,0.08659684658050537,0.9970690006587561,0.9999059305072291,0.9981278793300217,-1.243476390838623,0.9679504632949829,-0.010566952638328075,0.5014349489795918,-0.5995319271487386,
13,client_2,False,orig,clip01,pretrained,0.8873378038406372,0.05275225639343262,0.03720593452453613,0.012498140335083008,0.9993046626948805,0.9996540194122019,0.9999609502657401,0.9869412610023669,0.9907630111537127,0.9968827719868381,0.04560422897338867,0.036561012268066406,0.012327432632446289,0.9994802662562654,0.9996659068327916,0.9999620096836559,-0.7314361929893494,1.1938191652297974,-0.0016285028541460633,0.4711415816326531,0.6475378980131571,
13,client_3,False,orig,clip01,pretrained,0.925614595413208,0.11728143692016602,0.08688116073608398,0.025823235511779785,0.996570114856145,0.9981155834916664,0.9998333109687843,0.9713122300001775,0.9786285664158456,0.9935753174578756,0.10434961318969727,0.08735620975494385,0.02422630786895752,0.9972833374773757,0.9980949494537628,0.9998532876471458,-0.9744245409965515,1.0821584463119507,0.07926882058382034,0.36049107142857145,0.5458389852097316,
13,client_4,False,orig,clip01,pretrained,0.9233468174934387,0.05958986282348633,0.046571969985961914,0.048749327659606934,0.9991128527773683,0.999457983340349,0.9994061403978178,0.9852673743447422,0.9884579064735004,0.9879231829900235,0.05300009250640869,0.04678356647491455,0.0476994514465332,0.9992981172472559,0.9994530489472415,0.9994314331505874,-0.7670910954475403,0.8418625593185425,0.0006195580353960395,0.4838966836734694,0.6446032027425745,
13,client_5,False,orig,clip01,pretrained,0.9179641008377075,0.04534912109375,0.0782773494720459,0.04424333572387695,0.9994860624888431,0.9984699222651097,0.9995108113643212,0.9887584086636323,0.9807142410262828,0.9890302617758062,0.026714324951171875,0.07674908638000488,0.042701005935668945,0.999821610081419,0.9985290192916323,0.9995443118217606,-0.996443510055542,1.108851671218872,0.0065065608359873295,0.45169005102040816,0.5264574134159966,
13,client_6,False,orig,clip01,pretrained,0.777004599571228,0.18762457370758057,0.02578747272491455,0.11997413635253906,0.9912570113345238,0.9998337722892638,0.9964112404155525,0.9546946795663394,0.9935841721813718,0.970668149039291,0.13551878929138184,0.024680256843566895,0.11683309078216553,0.9954244272560167,0.9998477386204156,0.9965962215574431,-1.2380048036575317,0.8920448422431946,-0.025146666914224625,0.5208864795918368,0.8368647293992011,
13,client_7,False,orig,clip01,pretrained,0.9260555505752563,0.04741990566253662,0.030750274658203125,0.03083968162536621,0.9994380750688912,0.9997636470575102,0.9997622709041647,0.9882496156977778,0.9923565330442647,0.992334437481182,0.03943908214569092,0.030653953552246094,0.02939891815185547,0.9996112530802228,0.9997651251657529,0.9997839609139274,-0.759377658367157,0.9558430314064026,0.049507882446050644,0.397640306122449,0.7539631460869652,
13,client_8,False,orig,clip01,pretrained,0.8956984877586365,0.08753883838653564,0.09450936317443848,0.038555026054382324,0.9980869870987772,0.997770729334428,0.9996284810437255,0.9784694108816379,0.9767849555002934,0.9904304850174321,0.07887756824493408,0.09541034698486328,0.03640925884246826,0.9984463949516889,0.9977280950281926,0.9996686738234544,-0.6997067928314209,1.0920342206954956,0.02467450127005577,0.45607461734693877,0.7119199982911896,
13,client_9,False,orig,clip01,pretrained,0.9087159633636475,0.03806138038635254,0.02575814723968506,0.05167531967163086,0.9996379311812145,0.9998341500952275,0.9993327494399515,0.9905521401242758,0.9935914331429856,0.9872052904828335,0.031132817268371582,0.025418519973754883,0.05090665817260742,0.9997577309519601,0.9998384942763285,0.9993524427083345,-1.1004985570907593,1.0267746448516846,-7.841903425287455e-05,0.4512914540816326,0.6375339970347924,
13,client_0,True,flip,raw,random,0.8981481790542603,0.08614838123321533,0.08265554904937744,0.12382626533508301,0.9981471928086079,0.9982942005150861,0.996177756649258,0.9788059420923565,0.9796520762160377,0.9697478523862,0.061998844146728516,0.08339273929595947,0.12290740013122559,0.9990397279841685,0.9982636771913296,0.996234113115634,-0.9508237242698669,1.3268767595291138,0.07071924209594727,0.3237404336734694,-0.6361400369036908,
13,client_1,True,flip,raw,random,0.9218650460243225,0.13206982612609863,0.09904336929321289,0.041182637214660645,0.9956536107864773,0.9975521061981334,0.9995761323940708,0.9677828132315105,0.9756916302764975,0.9897833079457574,0.14426803588867188,0.10281527042388916,0.04035067558288574,0.9948169202888857,0.9973624840575408,0.9995930799756201,-1.0609560012817383,1.2404756546020508,-0.00796891376376152,0.5560427295918368,-0.5995319271487386,
13,client_2,False,flip,raw,random,0.8453580141067505,0.10552453994750977,0.08082711696624756,0.035080790519714355,0.997221944673288,0.9983687427939716,0.9996924055133412,0.9741319552953609,0.9800954494295107,0.9912871597604498,0.08133673667907715,0.07932722568511963,0.03420686721801758,0.9983481331735251,0.998428652127596,0.9997075367257049,-0.830200731754303,0.815834641456604,0.03680776432156563,0.4250637755102041,0.6475378980131571,
13,client_3,False,flip,raw,random,0.7634032368659973,0.13421452045440674,0.14539122581481934,0.06822741031646729,0.9955117811976912,0.9947362211965145,0.9988372700726429,0.9672725570076366,0.9646199720558783,0.9831589350541232,0.12020409107208252,0.1495269536972046,0.06716799736022949,0.9963975072938778,0.9944337694926491,0.9988730684210696,-0.8651962876319885,0.9466452598571777,-0.06583640724420547,0.6481186224489796,0.5458389852097316,
13,client_4,False,flip,raw,random,0.8797659277915955,0.13488101959228516,0.05468249320983887,0.06387674808502197,0.9954672462535368,0.9992528751450542,0.9989807201333951,0.9671140687529347,0.9864682954982671,0.9842200914086443,0.09166979789733887,0.051580071449279785,0.06286013126373291,0.997902467625577,0.9993352057070994,0.9990128823849767,-0.8411576747894287,0.8641267418861389,0.03801271319389343,0.4250637755102041,0.6446032027425745,
13,client_5,False,flip,raw,random,0.9150090217590332,0.11018145084381104,0.08548080921173096,0.09080040454864502,0.9969719066174432,0.9981757575606423,0.9979420036756572,0.9730135930400519,0.9789675757407272,0.9776806979013246,0.09067392349243164,0.08432364463806152,0.0911715030670166,0.9979477242609376,0.9982247479276669,0.997925173602995,-0.8414489030838013,0.7891314029693604,0.02918665111064911,0.4568718112244898,0.5264574134159966,
13,client_6,False,flip,raw,random,0.9255930781364441,0.06603062152862549,0.04030966758728027,0.03994429111480713,0.998910879711389,0.9995939064011885,0.9996012327035255,0.9836945321689297,0.9899982487779035,0.9900882318329864,0.04825460910797119,0.03982663154602051,0.0392833948135376,0.9994181272317351,0.9996035777573398,0.999614315323831,-0.6902684569358826,1.0604864358901978,0.06677576154470444,0.43574617346938777,0.8368647293992011,
13,client_7,False,flip,raw,random,0.8046709895133972,0.2208709716796875,0.2243126630783081,0.11090826988220215,0.98791467494561,0.9875386604294747,0.9969319171087212,0.9469889523374451,0.9461965927356788,0.9728392205750822,0.14509189128875732,0.23140466213226318,0.10842061042785645,0.9947577880294842,0.9867462100708027,0.9970677075730174,-0.9078001379966736,0.8656598329544067,-0.024085119366645813,0.5430484693877551,0.7539631460869652,
13,client_8,False,flip,raw,random,0.7378205060958862,0.07298839092254639,0.051508545875549316,0.026128411293029785,0.9986695028580752,0.9993370472398635,0.9998293483754563,0.9819996657532026,0.987246187413213,0.9934997619662276,0.06421935558319092,0.050477027893066406,0.026230573654174805,0.9989697653229115,0.9993633215968587,0.9998280114397144,-1.101281762123108,1.0145211219787598,-0.01175680197775364,0.5307716836734694,0.7119199982911896,
13,client_9,False,flip,raw,random,0.9207265973091125,0.0821613073348999,0.05712878704071045,0.04237020015716553,0.9983145135797524,0.9991845744555676,0.9995513425620035,0.9797718943058336,0.985869369204085,0.9894910209825492,0.0716017484664917,0.057805657386779785,0.041608333587646484,0.9987195284408892,0.999165149593715,0.999567327099713,-0.7156466245651245,0.8584252595901489,0.03953146934509277,0.4458705357142857,0.6375339970347924,
13,client_0,True,flip,raw,pretrained,0.8981481790542603,0.07638609409332275,0.08439183235168457,0.08842277526855469,0.998542885506198,0.9982218795086708,0.9980482150191643,0.9811736001548959,0.9792313266285337,0.9782555626558076,0.05174589157104492,0.08391964435577393,0.08498728275299072,0.9993309266105876,0.9982416954971045,0.9981967329912593,-0.9508237242698669,1.3268767595291138,0.07071924209594727,0.3237404336734694,-0.6361400369036908,0.35572659969329834
13,client_1,True,flip,raw,pretrained,0.9218650460243225,0.1347949504852295,0.06911683082580566,0.07786381244659424,0.9954730095595423,0.9988067848230873,0.9984860279620962,0.9671345331169396,0.9829422107013746,0.980814655730299,0.10724985599517822,0.07122015953063965,0.07458293437957764,0.9971305573748188,0.9987331272332771,0.9986107955915906,-1.0609560012817383,1.2404756546020508,-0.00796891376376152,0.5560427295918368,-0.5995319271487386,0.4398878812789917
13,client_2,False,flip,raw,pretrained,0.8453580141067505,0.11730098724365234,0.039061784744262695,0.060324907302856445,0.9965689742105854,0.9996186533472355,0.9990908467857198,0.971307551342913,0.9903056216277888,0.9850876847540613,0.10685551166534424,0.03900420665740967,0.05962097644805908,0.9971515747259085,0.9996197764280554,0.99911192674137,-0.830200731754303,0.815834641456604,0.03680776432156563,0.4250637755102041,0.6475378980131571,0.4501844644546509
13,client_3,False,flip,raw,pretrained,0.7634032368659973,0.049970030784606934,0.10418176651000977,0.07796835899353027,0.9993760411532653,0.9972920522245117,0.9984819642918268,0.9876235881162219,0.9744547822778178,0.9807892683703858,0.03882443904876709,0.103890061378479,0.07759404182434082,0.9996232722098817,0.997307164705008,0.99849648873339,-0.8651962876319885,0.9466452598571777,-0.06583640724420547,0.6481186224489796,0.5458389852097316,0.5004483461380005
13,client_4,False,flip,raw,pretrained,0.8797659277915955,0.1098790168762207,0.029779911041259766,0.06178867816925049,0.9969884697432259,0.9997783260859869,0.9990462226309542,0.9730861643440725,0.9925963910449693,0.9847299965586198,0.10068309307098389,0.02854907512664795,0.061609506607055664,0.9974705376005852,0.9997962687125379,0.9990517421091616,-0.8411576747894287,0.8641267418861389,0.03801271319389343,0.4250637755102041,0.6446032027425745,0.4365694522857666
13,client_5,False,flip,raw,pretrained,0.9150090217590332,0.09380960464477539,0.05382084846496582,0.03175318241119385,0.9978035644900651,0.999276222198644,0.9997479814968246,0.9769538583199597,0.9866793820832871,0.9921087220421112,0.10542154312133789,0.05569744110107422,0.03160715103149414,0.9972273537699143,0.9992248996442457,0.9997502937756801,-0.8414489030838013,0.7891314029693604,0.02918665111064911,0.4568718112244898,0.5264574134159966,0.3109856843948364
13,client_6,False,flip,raw,pretrained,0.9255930781364441,0.14392471313476562,0.0852118730545044,0.04291510581970215,0.9948414644466492,0.9981872026274583,0.9995397323696189,0.9649673986852472,0.9790327023323395,0.9893569503245314,0.14359784126281738,0.08644258975982666,0.04095125198364258,0.9948647790288401,0.9981345337604584,0.9995808805327344,-0.6902684569358826,1.0604864358901978,0.06677576154470444,0.43574617346938777,0.8368647293992011,0.26273536682128906
13,client_7,False,flip,raw,pretrained,0.8046709895133972,0.09683585166931152,0.12171494960784912,0.15889108180999756,0.9976598199237485,0.9963066305082839,0.9937181600525185,0.976223719021275,0.9702520960014231,0.9614305721375564,0.02872943878173828,0.11950528621673584,0.1587533950805664,0.9997936867662471,0.9964391600142233,0.9937289911224074,-0.9078001379966736,0.8656598329544067,-0.024085119366645813,0.5430484693877551,0.7539631460869652,0.6974254846572876
13,client_8,False,flip,raw,pretrained,0.7378205060958862,0.05315053462982178,0.03986549377441406,0.029903411865234375,0.9992941290803437,0.9996028039647493,0.9997764839663412,0.9868436431132908,0.990107639249006,0.9925658588324799,0.05080461502075195,0.039620399475097656,0.029379844665527344,0.9993550349281233,0.9996076714658766,0.9997842411021463,-1.101281762123108,1.0145211219787598,-0.01175680197775364,0.5307716836734694,0.7119199982911896,0.3707212209701538
13,client_9,False,flip,raw,pretrained,0.9207265973091125,0.11635279655456543,0.03612208366394043,0.04966402053833008,0.9966240787580771,0.9996738785563142,0.9993836563240057,0.9715345052041073,0.9910302817317491,0.9876986788295661,0.10401618480682373,0.03607344627380371,0.04844343662261963,0.9973006357374574,0.9996747559780346,0.999413566418103,-0.7156466245651245,0.8584252595901489,0.03953146934509277,0.4458705357142857,0.6375339970347924,0.36142778396606445
13,client_0,True,flip,clip01,random,0.8981481790542603,0.06433987617492676,0.10915708541870117,0.1711176633834839,0.9989658978099658,0.9970278247182016,0.9927196845606763,0.9841070495597006,0.9732594300804789,0.9585556383730334,0.05200314521789551,0.1086503267288208,0.17211878299713135,0.9993242608849142,0.9970552962999262,0.992634721361406,-0.9508237242698669,1.3268767595291138,0.07071924209594727,0.3237404336734694,-0.6361400369036908,
13,client_1,True,flip,clip01,random,0.9218650460243225,0.061161160469055176,0.03110527992248535,0.030877113342285156,0.9990654836204849,0.999758159264402,0.9997616935689513,0.9848833134022348,0.9922688032817273,0.9923251870246499,0.05337643623352051,0.03156399726867676,0.028339385986328125,0.999288119322955,0.9997509750389619,0.9997992500310169,-1.0609560012817383,1.2404756546020508,-0.00796891376376152,0.5560427295918368,-0.5995319271487386,
13,client_2,False,flip,clip01,random,0.8453580141067505,0.15279817581176758,0.057380080223083496,0.07063186168670654,0.9941886333045904,0.9991773894672704,0.9987539507344052,0.9628680836317256,0.9858078759860536,0.9825732094555664,0.11901509761810303,0.057222962379455566,0.06567239761352539,0.9964682346485199,0.9991818854747134,0.9989226553442665,-0.830200731754303,0.815834641456604,0.03680776432156563,0.4250637755102041,0.6475378980131571,
13,client_3,False,flip,clip01,random,0.7634032368659973,0.052985310554504395,0.13295280933380127,0.10511863231658936,0.9992985085028636,0.9955954917229701,0.997243231416483,0.9868841377311721,0.9675726888171592,0.9742295258849334,0.026802778244018555,0.1303778886795044,0.09998738765716553,0.9998204269581266,0.9957639082171803,0.9975053080483114,-0.8651962876319885,0.9466452598571777,-0.06583640724420547,0.6481186224489796,0.5458389852097316,
13,client_4,False,flip,clip01,random,0.8797659277915955,0.23875224590301514,0.08767449855804443,0.09385538101196289,0.9859002416891618,0.9980810618014522,0.9978014239103388,0.9428830921812275,0.9784365864608737,0.976942807800383,0.17218828201293945,0.0853121280670166,0.08884453773498535,0.9926288051150247,0.9981829402864921,0.9980295788021916,-0.8411576747894287,0.8641267418861389,0.03801271319389343,0.4250637755102041,0.6446032027425745,
13,client_5,False,flip,clip01,random,0.9150090217590332,0.11849772930145264,0.11992967128753662,0.02550041675567627,0.9964987931426001,0.9964138929115347,0.9998374520054301,0.9710212191771825,0.9706787796643155,0.9936552503846054,0.13442754745483398,0.1238638162612915,0.024326562881469727,0.9954975705648805,0.9961754447248874,0.9998520709988861,-0.8414489030838013,0.7891314029693604,0.02918665111064911,0.4568718112244898,0.5264574134159966,
13,client_6,False,flip,clip01,random,0.9255930781364441,0.1113271713256836,0.10237717628479004,0.02234935760498047,0.9969087508574246,0.997384868980252,0.9998751382477371,0.972738742487447,0.9748888913992089,0.9944359889034873,0.09149253368377686,0.10168802738189697,0.020986080169677734,0.9979105591803519,0.9974198899010709,0.9998899052012717,-0.6902684569358826,1.0604864358901978,0.06677576154470444,0.43574617346938777,0.8368647293992011,
13,client_7,False,flip,clip01,random,0.8046709895133972,0.0787590742111206,0.12577402591705322,0.1885439157485962,0.9984510538399285,0.9960569234558239,0.9911716914887185,0.9805972884963254,0.9692830193768416,0.9544803331108307,0.026868462562561035,0.12079381942749023,0.18236184120178223,0.9998195458563768,0.996362169246465,0.991737600058388,-0.9078001379966736,0.8656598329544067,-0.024085119366645813,0.5430484693877551,0.7539631460869652,
13,client_8,False,flip,clip01,random,0.7378205060958862,0.0641409158706665,0.04293406009674072,0.029522180557250977,0.9989722785744264,0.9995393258483509,0.9997821458156702,0.9841556100668571,0.9893522872328353,0.9926601124212071,0.06047534942626953,0.04159975051879883,0.028992414474487305,0.9990863096339941,0.9995675055290498,0.9997898930902953,-1.101281762123108,1.0145211219787598,-0.01175680197775364,0.5307716836734694,0.7119199982911896,
13,client_9,False,flip,clip01,random,0.9207265973091125,0.06581807136535645,0.046727657318115234,0.05066704750061035,0.9989178744205807,0.9994543549097517,0.9993585213627985,0.9837463770683357,0.9884196577921438,0.9874525817597708,0.0656207799911499,0.04773068428039551,0.04892003536224365,0.9989243468695652,0.9994306886480169,0.9994019758951873,-0.7156466245651245,0.8584252595901489,0.03953146934509277,0.4458705357142857,0.6375339970347924,
13,client_0,True,flip,clip01,pretrained,0.8981481790542603,0.07830893993377686,0.08311235904693604,0.09193563461303711,0.998468688445219,0.9982753180932793,0.9978903038436735,0.9807065708920155,0.9795413521849827,0.9774064000892364,0.05547928810119629,0.08266997337341309,0.08845603466033936,0.9992309560077035,0.9982936058629559,0.9980467486042044,-0.9508237242698669,1.3268767595291138,0.07071924209594727,0.3237404336734694,-0.6361400369036908,
13,client_1,True,flip,clip01,pretrained,0.9218650460243225,0.1492089033126831,0.0793834924697876,0.0689244270324707,0.9944573251083342,0.9984264248560768,0.9988134128905259,0.9637164194209749,0.9804457241637792,0.9829890874947673,0.1320798397064209,0.08227097988128662,0.06623387336730957,0.9956529538226648,0.9983100165618892,0.9989041699715155,-1.0609560012817383,1.2404756546020508,-0.00796891376376152,0.5560427295918368,-0.5995319271487386,
13,client_2,False,flip,clip01,pretrained,0.8453580141067505,0.1336374282836914,0.04935860633850098,0.0661386251449585,0.9955501662332853,0.9993912101069096,0.9989073168603839,0.9674098164974565,0.987773631824109,0.98366818966903,0.11645686626434326,0.048428893089294434,0.06527793407440186,0.9966180523252086,0.9994139183248998,0.9989355483882534,-0.830200731754303,0.815834641456604,0.03680776432156563,0.4250637755102041,0.6475378980131571,
13,client_3,False,flip,clip01,pretrained,0.7634032368659973,0.05107927322387695,0.1104886531829834,0.08023428916931152,0.9993480459204267,0.9969550361624671,0.9983925552536448,0.9873514670472012,0.9729398858483638,0.98023926784001,0.041159749031066895,0.11035346984863281,0.07961928844451904,0.9995766032616118,0.9969624656825355,0.9984170739835176,-0.8651962876319885,0.9466452598571777,-0.06583640724420547,0.6481186224489796,0.5458389852097316,
13,client_4,False,flip,clip01,pretrained,0.8797659277915955,0.1373741626739502,0.04033493995666504,0.06758522987365723,0.9952987274170382,0.9995933971916453,0.9988590364657273,0.9665215645787095,0.9899920252813461,0.9833154592144426,0.11632096767425537,0.038158535957336426,0.06747174263000488,0.996625920828913,0.9996360808917706,0.9988628617314124,-0.8411576747894287,0.8641267418861389,0.03801271319389343,0.4250637755102041,0.6446032027425745,
13,client_5,False,flip,clip01,pretrained,0.9150090217590332,0.10183656215667725,0.05675339698791504,0.031490445137023926,0.9974123615555452,0.9991952490309912,0.99975213405406,0.9750189971235608,0.9859612405267233,0.9921736334800797,0.10903453826904297,0.057299137115478516,0.03108346462249756,0.9970344796604804,0.9991797072314563,0.9997584983079884,-0.8414489030838013,0.7891314029693604,0.02918665111064911,0.4568718112244898,0.5264574134159966,
13,client_6,False,flip,clip01,pretrained,0.9255930781364441,0.15740489959716797,0.08703839778900146,0.044026851654052734,0.9938345829263455,0.9981087661930284,0.9995155851486925,0.9617809126823345,0.9785905121019198,0.9890834966861346,0.15769517421722412,0.08826053142547607,0.04164004325866699,0.9938119280919293,0.9980553605307259,0.9995666675836457,-0.6902684569358826,1.0604864358901978,0.06677576154470444,0.43574617346938777,0.8368647293992011,
13,client_7,False,flip,clip01,pretrained,0.8046709895133972,0.06253087520599365,0.12571442127227783,0.1528700590133667,0.9990231886226497,0.996060648791729,0.9941831880427923,0.9845487071769361,0.9692972390606147,0.9628511052700626,0.019001483917236328,0.12435877323150635,0.1535416841506958,0.9999097420125798,0.9961449066006758,0.9941321898372124,-0.9078001379966736,0.8656598329544067,-0.024085119366645813,0.5430484693877551,0.7539631460869652,
13,client_8,False,flip,clip01,pretrained,0.7378205060958862,0.06112027168273926,0.03453421592712402,0.030176162719726562,0.9990667318546773,0.9997019136409622,0.9997723886635381,0.984893304705704,0.9914220349784488,0.9924984336102527,0.05600571632385254,0.03436720371246338,0.029059767723083496,0.9992163008780588,0.9997047892056048,0.9997889158983013,-1.101281762123108,1.0145211219787598,-0.01175680197775364,0.5307716836734694,0.7119199982911896,
13,client_9,False,flip,clip01,pretrained,0.9207265973091125,0.1114659309387207,0.03589892387390137,0.04694080352783203,0.9969010580417985,0.9996778946512372,0.9994493677437384,0.9727054629137966,0.9910853249157137,0.9883672964302999,0.1021730899810791,0.035691022872924805,0.04594540596008301,0.9973952646243232,0.9996816137693616,0.9994724637317005,-0.7156466245651245,0.8584252595901489,0.03953146934509277,0.4458705357142857,0.6375339970347924,
13,client_0,True,flip_global,raw,random,0.9249637722969055,0.06605672836303711,0.09117090702056885,0.08306610584259033,0.9989100190243332,0.9979252006896098,0.998277234698514,0.9836881645139759,0.9775911632425334,0.9795525624273302,0.05036759376525879,0.09264588356018066,0.08063924312591553,0.9993660779288998,0.9978576336046556,0.9983763081135661,-0.8899281620979309,1.2282211780548096,0.08375049382448196,0.3020567602040816,-0.6361400369036908,
13,client_1,True,flip_global,raw,random,0.9308880567550659,0.14683079719543457,0.08790302276611328,0.052140235900878906,0.9946318901461433,0.998071059808294,0.9993206952399192,0.9642791106898585,0.9783812963365677,0.9870912953063826,0.1430041790008545,0.09097206592559814,0.049781203269958496,0.9949069893168245,0.9979342269625149,0.9993807457076385,-0.9772253036499023,1.1709868907928467,-0.005952941719442606,0.5254304846938775,-0.5995319271487386,
13,client_2,False,flip_global,raw,random,0.8686307072639465,0.10889971256256104,0.07453107833862305,0.04862082004547119,0.9970417928320581,0.9986127246830403,0.9994092658203084,0.9733212115459664,0.9816244709913025,0.9879547303062881,0.08840322494506836,0.0721198320388794,0.046709656715393066,0.9980490767420018,0.9987009494958365,0.9994547750477694,-0.798936665058136,0.866794228553772,0.0381980836391449,0.4237085459183674,0.6475378980131571,
13,client_3,False,flip_global,raw,random,0.7742426991462708,0.1534024477005005,0.14789462089538574,0.05331587791442871,0.994142780462038,0.9945541411036811,0.9992897328771704,0.9627253723960196,0.9640273349931947,0.9868031217746924,0.1553637981414795,0.15310120582580566,0.05099940299987793,0.9939927261035881,0.9941656612655636,0.9993500821922463,-0.8848482966423035,0.9314622282981873,-0.06398645043373108,0.6405452806122449,0.5458389852097316,
13,client_4,False,flip_global,raw,random,0.8891295790672302,0.12516462802886963,0.05776059627532959,0.05727195739746094,0.9960949290052248,0.9991664498509407,0.9991804847767038,0.9694284161957096,0.9857147719750894,0.9858343337002158,0.08107459545135498,0.053308963775634766,0.05557596683502197,0.9983587505719793,0.9992899169856084,0.9992282749385528,-0.8798868656158447,0.8790658712387085,0.03660943731665611,0.42777423469387754,0.6446032027425745,
13,client_5,False,flip_global,raw,random,0.9129480123519897,0.1373462677001953,0.09245443344116211,0.10423099994659424,0.995300629754138,0.9978664645769177,0.9972894974233733,0.9665281909008976,0.9772810847657005,0.9744429428341166,0.10711205005645752,0.0893561840057373,0.10505282878875732,0.9971379107360865,0.9980068525961601,0.9972466746431827,-0.8340595960617065,0.8462334275245667,0.030251270160079002,0.4546396683673469,0.5264574134159966,
13,client_6,False,flip_global,raw,random,0.9320350289344788,0.07644939422607422,0.04694843292236328,0.0519484281539917,0.9985404721684239,0.9994491888121471,0.9993256814265441,0.9811582202265061,0.9883654222752705,0.9871383232302327,0.05603671073913574,0.04553413391113281,0.049849748611450195,0.999215433726637,0.9994818621005424,0.9993790399860758,-0.679737389087677,1.0165987014770508,0.0543513298034668,0.45527742346938777,0.8368647293992011,
13,client_7,False,flip_global,raw,random,0.8719655871391296,0.2123875617980957,0.2151961326599121,0.09320247173309326,0.9888175606949123,0.9885224247341267,0.99783185691661,0.9489462997658629,0.948297615340651,0.9771004393414537,0.17840731143951416,0.22333669662475586,0.08921623229980469,0.9920899501641447,0.9876458562047392,0.9980130818331716,-0.9106311202049255,0.8544101715087891,-0.02049712836742401,0.5231983418367347,0.7539631460869652,
13,client_8,False,flip_global,raw,random,0.7715902328491211,0.07786953449249268,0.044831037521362305,0.03177285194396973,0.9984858056895352,0.9994977338024735,0.9997476692331262,0.9808132662027587,0.9888857635699795,0.992103862776125,0.07495653629302979,0.04404270648956299,0.031412720680236816,0.9985968577746158,0.9995152363203166,0.9997533558793628,-1.0886874198913574,0.9917358756065369,-0.01597965508699417,0.5332429846938775,0.7119199982911896,
13,client_9,False,flip_global,raw,random,0.933313250541687,0.060566067695617676,0.04857778549194336,0.05581486225128174,0.9990835682342125,0.9994103106192858,0.9992216299817596,0.985028741196873,0.9879652951907172,0.9861909896452181,0.04956817626953125,0.048816561698913574,0.05414581298828125,0.9993860318396637,0.9994045019232587,0.9992674604437319,-0.7272859811782837,0.8853996992111206,0.03728616610169411,0.46181441326530615,0.6375339970347924,
13,client_0,True,flip_global,raw,pretrained,0.9249637722969055,0.07541990280151367,0.07784128189086914,0.06170475482940674,0.9985794748019758,0.9984869030022516,0.9990488099252921,0.9814083989741875,0.9808201270237118,0.9847504988639804,0.05677080154418945,0.07710325717926025,0.05918455123901367,0.9991947556677583,0.9985154269758738,0.9991248720351786,-0.8899281620979309,1.2282211780548096,0.08375049382448196,0.3020567602040816,-0.6361400369036908,0.3100161552429199
13,client_1,True,flip_global,raw,pretrained,0.9308880567550659,0.12387573719024658,0.05289268493652344,0.0656287670135498,0.9961747106357337,0.9993009576816523,0.9989240852190924,0.9697360417866456,0.9869068403502079,0.9837925553390061,0.09504055976867676,0.053885459899902344,0.06215667724609375,0.9977456418684194,0.9992744843246129,0.9990348360943719,-0.9772253036499023,1.1709868907928467,-0.005952941719442606,0.5254304846938775,-0.5995319271487386,0.4740487337112427
13,client_2,False,flip_global,raw,pretrained,0.8686307072639465,0.09235846996307373,0.037551164627075195,0.04847264289855957,0.9978708842313426,0.999647570691333,0.999412859401428,0.9773042628270094,0.9906779023649719,0.9879911081699515,0.08886301517486572,0.03742408752441406,0.04783356189727783,0.9980287603326867,0.9996499513459605,0.9994282328957149,-0.798936665058136,0.866794228553772,0.0381980836391449,0.4237085459183674,0.6475378980131571,0.43751680850982666
13,client_3,False,flip_global,raw,pretrained,0.7742426991462708,0.057915568351745605,0.0959552526473999,0.05853426456451416,0.9991619738245463,0.9977021152783865,0.9991439849368808,0.9856768574564427,0.9764360956534142,0.9855255128401152,0.04487884044647217,0.09572422504425049,0.05806398391723633,0.9994966625123141,0.9977131480437607,0.9991576759540532,-0.8848482966423035,0.9314622282981873,-0.06398645043373108,0.6405452806122449,0.5458389852097316,0.4750635623931885
13,client_4,False,flip_global,raw,pretrained,0.8891295790672302,0.08096885681152344,0.021272897720336914,0.0611499547958374,0.9983630236077008,0.999886875554417,0.9990658257849643,0.9800610684203366,0.9947029144888575,0.9848860515285789,0.07027649879455566,0.020459651947021484,0.06043589115142822,0.9987664458612664,0.9998953588736015,0.9990875007379596,-0.8798868656158447,0.8790658712387085,0.03660943731665611,0.42777423469387754,0.6446032027425745,0.4415013790130615
13,client_5,False,flip_global,raw,pretrained,0.9129480123519897,0.08639585971832275,0.05611693859100342,0.028218984603881836,0.9981365473028567,0.9992131869156278,0.9998009519470725,0.9787460323676875,0.986117033937002,0.9929824090479995,0.09639835357666016,0.05784201622009277,0.027947545051574707,0.9976808810076037,0.9991640997070608,0.9998047622744388,-0.8340595960617065,0.8462334275245667,0.030251270160079002,0.4546396683673469,0.5264574134159966,0.30336296558380127
13,client_6,False,flip_global,raw,pretrained,0.9320350289344788,0.09747743606567383,0.05706429481506348,0.03970026969909668,0.9976287629007268,0.9991864133480644,0.9996060885598459,0.9760690299069321,0.9858851518358382,0.9901483350185467,0.11053633689880371,0.058063387870788574,0.038327813148498535,0.9969524133702965,0.9991576932365209,0.9996328458178145,-0.679737389087677,1.0165987014770508,0.0543513298034668,0.45527742346938777,0.8368647293992011,0.27938711643218994
13,client_7,False,flip_global,raw,pretrained,0.8719655871391296,0.022301197052001953,0.09137499332427979,0.10826492309570312,0.9998756757461191,0.9979159159471871,0.9970761043540632,0.9944479287926449,0.9775418495372332,0.9734736157392236,0.015581250190734863,0.09005618095397949,0.10715937614440918,0.9999393089233202,0.9979755501302785,0.9971353864602865,-0.9106311202049255,0.8544101715087891,-0.02049712836742401,0.5231983418367347,0.7539631460869652,0.6619961857795715
13,client_8,False,flip_global,raw,pretrained,0.7715902328491211,0.055486083030700684,0.035856008529663086,0.028971195220947266,0.9992307677246701,0.999678664126658,0.9997902004795962,0.9862714923348019,0.9910959106692916,0.992796358818691,0.05081653594970703,0.035222411155700684,0.0278780460357666,0.9993547323665135,0.9996899175703176,0.9998057319470084,-1.0886874198913574,0.9917358756065369,-0.01597965508699417,0.5332429846938775,0.7119199982911896,0.36966121196746826
13,client_9,False,flip_global,raw,pretrained,0.933313250541687,0.07884645462036133,0.023479700088500977,0.04857766628265381,0.9984476189363185,0.999862190166259,0.999410313512183,0.980576076632856,0.9941558179088303,0.9879653244565605,0.07541561126708984,0.023479700088500977,0.04755723476409912,0.9985796362862369,0.999862190166259,0.9994348170436271,-0.7272859811782837,0.8853996992111206,0.03728616610169411,0.46181441326530615,0.6375339970347924,0.3552384376525879
13,client_0,True,flip_global,clip01,random,0.9249637722969055,0.06033980846405029,0.12252771854400635,0.11844408512115479,0.9990903978876575,0.9962572788345805,0.9965019541127667,0.9850840425123204,0.9700579365377724,0.9710340513551525,0.04614424705505371,0.12238049507141113,0.11828827857971191,0.99946788956753,0.9962662423930444,0.9965111269445088,-0.8899281620979309,1.2282211780548096,0.08375049382448196,0.3020567602040816,-0.6361400369036908,
13,client_1,True,flip_global,clip01,random,0.9308880567550659,0.08343982696533203,0.037665367126464844,0.05365335941314697,0.998261718368008,0.9996454243509674,0.9992807175172249,0.9794619903326991,0.9906497506982699,0.9867204215860581,0.07322239875793457,0.03818809986114502,0.05218493938446045,0.9986609663607486,0.99963551692386,0.9993195305040861,-0.9772253036499023,1.1709868907928467,-0.005952941719442606,0.5254304846938775,-0.5995319271487386,
13,client_2,False,flip_global,clip01,random,0.8686307072639465,0.1200404167175293,0.054813385009765625,0.05080997943878174,0.9964072847554339,0.9992492961412764,0.9993548987841663,0.9706523031774317,0.986436235424631,0.98741752027166,0.09265744686126709,0.05478179454803467,0.048288583755493164,0.9978570996458913,0.9992501607079427,0.9994173079426125,-0.798936665058136,0.866794228553772,0.0381980836391449,0.4237085459183674,0.6475378980131571,
13,client_3,False,flip_global,clip01,random,0.7742426991462708,0.0686866044998169,0.12674498558044434,0.05201411247253418,0.9988215801331173,0.9959959920193355,0.9993239759780685,0.983047034636636,0.9690514248347863,0.9871222181990773,0.05164778232574463,0.12655222415924072,0.05101621150970459,0.999333460039507,0.9960081253689954,0.9993496539276185,-0.8848482966423035,0.9314622282981873,-0.06398645043373108,0.6405452806122449,0.5458389852097316,
13,client_4,False,flip_global,clip01,random,0.8891295790672302,0.2551997900009155,0.09664428234100342,0.08840620517730713,0.9839149868398256,0.9976690536935287,0.9980489453940506,0.9391300229230692,0.976269914452043,0.9782595707635049,0.17346858978271484,0.09606432914733887,0.08597040176391602,0.9925193985492013,0.9976968971314977,0.9981548299797394,-0.8798868656158447,0.8790658712387085,0.03660943731665611,0.42777423469387754,0.6446032027425745,
13,client_5,False,flip_global,clip01,random,0.9129480123519897,0.1059424877166748,0.1395779848098755,0.024579524993896484,0.9971999415085817,0.9951472312560157,0.9998489788454923,0.9740315058709019,0.9659982723429752,0.993883324774874,0.13804924488067627,0.1467761993408203,0.024048805236816406,0.9952525730987138,0.9946358655068634,0.999855429419074,-0.8340595960617065,0.8462334275245667,0.030251270160079002,0.4546396683673469,0.5264574134159966,
13,client_6,False,flip_global,clip01,random,0.9320350289344788,0.0632925033569336,0.06171107292175293,0.029617786407470703,0.9989992664906688,0.9990486152652445,0.9997807327473542,0.9843627236115888,0.9847489553442608,0.9926364740808313,0.04632556438446045,0.06137728691101074,0.02871549129486084,0.9994637013310497,0.9990588719826983,0.9997938870073946,-0.679737389087677,1.0165987014770508,0.0543513298034668,0.45527742346938777,0.8368647293992011,
13,client_7,False,flip_global,clip01,random,0.8719655871391296,0.08875846862792969,0.09123492240905762,0.16730880737304688,0.9980333890562942,0.9979222905816827,0.9930385025897626,0.9781743677390418,0.9775756946981862,0.959449858695739,0.04398488998413086,0.08975720405578613,0.16635489463806152,0.9995165077584443,0.997988949483581,0.993117249233338,-0.9106311202049255,0.8544101715087891,-0.02049712836742401,0.5231983418367347,0.7539631460869652,
13,client_8,False,flip_global,clip01,random,0.7715902328491211,0.07523298263549805,0.0453801155090332,0.03345465660095215,0.9985864998588267,0.9994853600062052,0.9997202551946636,0.9814538330839411,0.9887507904204984,0.9916885128333603,0.06992650032043457,0.04483211040496826,0.03344762325286865,0.9987786909900156,0.9994977097710604,0.9997203727820703,-1.0886874198913574,0.9917358756065369,-0.01597965508699417,0.5332429846938775,0.7119199982911896,
13,client_9,False,flip_global,clip01,random,0.933313250541687,0.0410463809967041,0.038048744201660156,0.05359065532684326,0.9995789316729695,0.9996381714860854,0.9992823968652922,0.9898168520665991,0.990555254507292,0.9867357865002151,0.03901469707489014,0.0382922887802124,0.05299496650695801,0.9996195719320566,0.9996335259136173,0.9992982529369387,-0.7272859811782837,0.8853996992111206,0.03728616610169411,0.46181441326530615,0.6375339970347924,
13,client_0,True,flip_global,clip01,pretrained,0.9249637722969055,0.08140408992767334,0.08699226379394531,0.06172299385070801,0.9983453996855516,0.9981107676868957,0.9990482479280118,0.9799555077703659,0.9786016771631614,0.9847460430527912,0.061685800552368164,0.08652961254119873,0.05910158157348633,0.9990493937861922,0.9981307811659088,0.99912732235982,-0.8899281620979309,1.2282211780548096,0.08375049382448196,0.3020567602040816,-0.6361400369036908,
13,client_1,True,flip_global,clip01,pretrained,0.9308880567550659,0.16684293746948242,0.05818033218383789,0.0604708194732666,0.9930770157919842,0.9991542990277105,0.9990864464164411,0.9595593188360041,0.9856120870230256,0.9850520207928883,0.1262112855911255,0.06064474582672119,0.05669987201690674,0.9960295410392273,0.9990811873550778,0.999196765346201,-0.9772253036499023,1.1709868907928467,-0.005952941719442606,0.5254304846938775,-0.5995319271487386,
13,client_2,False,flip_global,clip01,pretrained,0.8686307072639465,0.10246336460113525,0.04356825351715088,0.05395150184631348,0.9973804725825499,0.9995256206658194,0.9992727058235531,0.9748681514843043,0.9891962833007779,0.9866473701285836,0.09605240821838379,0.0429074764251709,0.05344712734222412,0.9976974677073291,0.9995398959502217,0.9992862334721595,-0.798936665058136,0.866794228553772,0.0381980836391449,0.4237085459183674,0.6475378980131571,
13,client_3,False,flip_global,clip01,pretrained,0.7742426991462708,0.06279540061950684,0.10449695587158203,0.061321258544921875,0.9990149128187797,0.9972756758471895,0.999060588208994,0.9844841061879854,0.9743789906387428,0.9848441943979138,0.05105245113372803,0.10459434986114502,0.06073760986328125,0.9993487300977266,0.9972706055987253,0.9990783732301511,-0.8848482966423035,0.9314622282981873,-0.06398645043373108,0.6405452806122449,0.5458389852097316,
13,client_4,False,flip_global,clip01,pretrained,0.8891295790672302,0.0965811014175415,0.028859734535217285,0.06790447235107422,0.9976720950746238,0.9997918114432114,0.9988482415379936,0.9762851507524646,0.9928239239748669,0.9832376428262402,0.08117568492889404,0.02731955051422119,0.06739199161529541,0.9983546602264528,0.9998134366484517,0.998865546031511,-0.8798868656158447,0.8790658712387085,0.03660943731665611,0.42777423469387754,0.6446032027425745,
13,client_5,False,flip_global,clip01,pretrained,0.9129480123519897,0.09103977680206299,0.05571937561035156,0.02720189094543457,0.9979311554667634,0.9992242893864394,0.999815039943923,0.9776228504210098,0.9862143688518699,0.9932340581019627,0.09576785564422607,0.05664050579071045,0.02675163745880127,0.9977110664795203,0.9991984454695872,0.999821111477772,-0.8340595960617065,0.8462334275245667,0.030251270160079002,0.4546396683673469,0.5264574134159966,
13,client_6,False,flip_global,clip01,pretrained,0.9320350289344788,0.11460649967193604,0.05837094783782959,0.04103899002075195,0.9967244070147068,0.9991487519704942,0.9995790832499503,0.9719526979153401,0.9855654597650685,0.9898186716564863,0.1232149600982666,0.05989480018615723,0.03900468349456787,0.9962152958424266,0.9991037561237897,0.9996197671339746,-0.679737389087677,1.0165987014770508,0.0543513298034668,0.45527742346938777,0.8368647293992011,
13,client_7,False,flip_global,clip01,pretrained,0.8719655871391296,0.027822256088256836,0.09421968460083008,0.11056780815124512,0.9998065086003198,0.997784351484569,0.9969506817132041,0.9930805561356499,0.9768548707705305,0.9729208955204727,0.020250916481018066,0.09365653991699219,0.10993444919586182,0.9998974829784069,0.9978107145196382,0.9969854373084439,-0.9106311202049255,0.8544101715087891,-0.02049712836742401,0.5231983418367347,0.7539631460869652,
13,client_8,False,flip_global,clip01,pretrained,0.7715902328491211,0.06386852264404297,0.03352689743041992,0.029751300811767578,0.998980982422206,0.9997190460025831,0.9997787517449552,0.9842220992778425,0.9916706775901949,0.9926034643454218,0.05751669406890869,0.033112406730651855,0.02849102020263672,0.9991734701973558,0.999725948471345,0.999797096324671,-1.0886874198913574,0.9917358756065369,-0.01597965508699417,0.5332429846938775,0.7119199982911896,
13,client_9,False,flip_global,clip01,pretrained,0.933313250541687,0.07521224021911621,0.022292137145996094,0.043372273445129395,0.9985872783550795,0.9998757767301458,0.9995298773013979,0.98145887507389,0.994450174934443,0.9892444880935511,0.07093310356140137,0.022107243537902832,0.042472243309020996,0.9987433094165705,0.9998778286413246,0.9995491796243854,-0.7272859811782837,0.8853996992111206,0.03728616610169411,0.46181441326530615,0.6375339970347924,
14,client_0,True,orig,raw,random,0.8102157115936279,0.036720991134643555,0.14188003540039062,0.16531848907470703,0.999662977414941,0.9949864458553852,0.9932023059343758,0.9908825816705058,0.9654521102307148,0.9599176322518896,0.0494692325592041,0.14415299892425537,0.1709963083267212,0.999388479370523,0.9948251506994144,0.9927299508011627,-1.067053198814392,0.8228161931037903,-0.06815459579229355,0.6216517857142857,-0.66195363695647,
14,client_1,True,orig,raw,random,0.8537626266479492,0.2763557434082031,0.16182589530944824,0.11709821224212646,0.9811769038860734,0.9934851039618895,0.9965807957851323,0.9343355019633224,0.9607393057823643,0.9713560797925374,0.3438605070114136,0.16389155387878418,0.1187598705291748,0.9710828611570668,0.993318560906753,0.9964833261653849,-0.9450467824935913,0.9487459659576416,-0.0444612018764019,0.6149553571428571,-0.670389335886748,
14,client_2,False,orig,raw,random,0.9078372716903687,0.07471990585327148,0.10076618194580078,0.06225740909576416,0.9986056937037546,0.9974663689328669,0.9990317075213926,0.9815785613066157,0.9752766747642496,0.9846154983036313,0.07487773895263672,0.10175859928131104,0.06289339065551758,0.9985998032064167,0.9974163143901853,0.9990118383122519,-0.8887417912483215,0.8013641238212585,-0.0844118744134903,0.6096938775510204,0.610463640501479,
14,client_3,False,orig,raw,random,0.8881552815437317,0.09973335266113281,0.08690893650054932,0.08719229698181152,0.9975179447463289,0.9981143801141898,0.9981020817441921,0.9755254095263588,0.9786218439986989,0.9785532677637121,0.061682939529418945,0.0865088701248169,0.08429205417633057,0.9990494819006026,0.9981316759607721,0.998226076046353,-0.6632593274116516,0.9099403023719788,0.06366690993309021,0.39732142857142855,0.5875041711447316,
14,client_4,False,orig,raw,random,0.8848773837089539,0.051818132400512695,0.037007808685302734,0.0362858772277832,0.9993290581023062,0.9996576934298294,0.9996709150237217,0.9871702714008506,0.9908118596192232,0.9909898843648874,0.046051025390625,0.03736007213592529,0.03550851345062256,0.9994700365054112,0.9996511475529184,0.9996848608724613,-0.958073616027832,1.052382469177246,-0.045024771243333817,0.5479113520408163,0.6208388540844868,
14,client_5,False,orig,raw,random,0.8876965045928955,0.12398600578308105,0.046567559242248535,0.07182955741882324,0.9961679170004614,0.9994580859605149,0.9987113754419863,0.9697097177335494,0.9884589901208689,0.9822816455521794,0.12820017337799072,0.04588210582733154,0.07287144660949707,0.9959038066753121,0.9994739157569432,0.9986737587333487,-0.951165497303009,0.857511043548584,0.033366478979587555,0.4488998724489796,0.48818588565939014,
14,client_6,False,orig,raw,random,0.8777768611907959,0.11830854415893555,0.04805803298950195,0.05732083320617676,0.9965099345206869,0.9994228563092422,0.999179086295247,0.9710664751259697,0.9880929066306818,0.9858223736312948,0.11221957206726074,0.0458601713180542,0.05874776840209961,0.9968591104810605,0.999474418440645,0.9991377329616213,-0.7316452860832214,0.8691898584365845,-0.0016300763236358762,0.5149075255102041,0.7515609010399598,
14,client_7,False,orig,raw,random,0.9091944694519043,0.10681211948394775,0.060158610343933105,0.05601382255554199,0.9971538827092072,0.9990958489856621,0.9992160741308307,0.9738225487042962,0.985128333543265,0.9861422783397751,0.0827937126159668,0.05926501750946045,0.05324721336364746,0.9982885003910209,0.9991224923679134,0.999291560207785,-0.8914732933044434,0.8651769161224365,0.07955564558506012,0.3245376275510204,0.7795270132478994,
14,client_8,False,orig,raw,random,0.8362196087837219,0.07036936283111572,0.1147305965423584,0.09140801429748535,0.9987631866736624,0.9967173269805052,0.9979144117454624,0.9826371288414348,0.9719229710203634,0.9775338709767862,0.06540322303771973,0.11371254920959473,0.09297490119934082,0.9989314617080571,0.996775184913562,0.9978424146910116,-0.6156727075576782,1.0846493244171143,0.08135981112718582,0.36886160714285715,0.6753883085834763,
14,client_9,False,orig,raw,random,0.899865448474884,0.06471478939056396,0.050333380699157715,0.036231160163879395,0.9989538206029014,0.9993669384328336,0.9996719065146706,0.9840155537626776,0.9875344381600897,0.9910033792802873,0.06623482704162598,0.04961097240447998,0.036813974380493164,0.998904138440418,0.9993849716965513,0.9996612689012685,-0.8187196254730225,0.8772833347320557,0.03477134928107262,0.403140943877551,0.6748477738270157,
14,client_0,True,orig,raw,pretrained,0.8102157115936279,0.04310297966003418,0.07354068756103516,0.08214354515075684,0.9995356950338525,0.9986493116500419,0.9983152413395326,0.9893107314508363,0.981865317759447,0.9797762007682169,0.04011988639831543,0.07385873794555664,0.08180654048919678,0.9995977200919353,0.9986376153796392,0.9983290195743451,-1.067053198814392,0.8228161931037903,-0.06815459579229355,0.6216517857142857,-0.66195363695647,0.44048142433166504
14,client_1,True,orig,raw,pretrained,0.8537626266479492,0.07808732986450195,0.07454061508178711,0.014149069786071777,0.9984773333528763,0.9986123700078688,0.9999499528346656,0.9807603795072917,0.9816221522430828,0.9964720950356918,0.08846282958984375,0.07454061508178711,0.014204621315002441,0.9980464489466065,0.9986123700078688,0.9999495590916196,-0.9450467824935913,0.9487459659576416,-0.0444612018764019,0.6149553571428571,-0.670389335886748,0.575556755065918
14,client_2,False,orig,raw,pretrained,0.9078372716903687,0.08732318878173828,0.09726154804229736,0.03722882270812988,0.9980963873573994,0.9976392360733073,0.9996535937142623,0.9785215929986595,0.9761210774499136,0.9907573682425233,0.05659222602844238,0.09568333625793457,0.036212801933288574,0.999199810540395,0.9977150979442186,0.9996722388368766,-0.8887417912483215,0.8013641238212585,-0.0844118744134903,0.6096938775510204,0.610463640501479,0.5362792015075684
14,client_3,False,orig,raw,pretrained,0.8881552815437317,0.05372798442840576,0.09669184684753418,0.08049154281616211,0.9992787163477064,0.99766676274692,0.9983822434213894,0.986702136053476,0.9762584443406468,0.9801768549149481,0.05269038677215576,0.09772562980651855,0.08000802993774414,0.9993062919201849,0.997616694022404,0.9984015975442622,-0.6632593274116516,0.9099403023719788,0.06366690993309021,0.39732142857142855,0.5875041711447316,0.28627872467041016
14,client_4,False,orig,raw,pretrained,0.8848773837089539,0.09912443161010742,0.08495450019836426,0.045748353004455566,0.997548104962535,0.9981981220084051,0.9994769773045562,0.9756720997188131,0.979095034801831,0.9886602865710739,0.06993579864501953,0.08350539207458496,0.045015573501586914,0.998778366464272,0.9982589890603979,0.999493591954699,-0.958073616027832,1.052382469177246,-0.045024771243333817,0.5479113520408163,0.6208388540844868,0.503443717956543
14,client_5,False,orig,raw,pretrained,0.8876965045928955,0.07555246353149414,0.09272217750549316,0.07417154312133789,0.9985744822262592,0.9978541093550064,0.9986260629696031,0.9813761797585967,0.9772164208978795,0.9817118937967699,0.050994277000427246,0.09267282485961914,0.07241058349609375,0.9993502127697442,0.9978563894332033,0.9986904644359338,-0.951165497303009,0.857511043548584,0.033366478979587555,0.4488998724489796,0.48818588565939014,0.3337409496307373
14,client_6,False,orig,raw,pretrained,0.8777768611907959,0.1272737979888916,0.07623493671417236,0.037874698638916016,0.9959626122930745,0.9985486403783663,0.9996414732360301,0.9689253267718956,0.981210328076703,0.9905981522210932,0.09350407123565674,0.07657206058502197,0.03616809844970703,0.9978178251748597,0.9985357898087885,0.999673047359297,-0.7316452860832214,0.8691898584365845,-0.0016300763236358762,0.5149075255102041,0.7515609010399598,0.438456654548645
14,client_7,False,orig,raw,pretrained,0.9091944694519043,0.08269023895263672,0.09074580669403076,0.03186500072479248,0.9982927702268805,0.9979444740427319,0.9997462037519598,0.9796436672340676,0.9776938929167918,0.9920810983267505,0.06648921966552734,0.08912181854248047,0.03139817714691162,0.9988957113608266,0.9980172786980162,0.999753584168013,-0.8914732933044434,0.8651769161224365,0.07955564558506012,0.3245376275510204,0.7795270132478994,0.4429018497467041
14,client_8,False,orig,raw,pretrained,0.8362196087837219,0.08359968662261963,0.24152076244354248,0.09396028518676758,0.9982550600808286,0.9855749185120843,0.9977965145024148,0.9794232518494534,0.942249784101511,0.9769174844007393,0.09292364120483398,0.24901443719863892,0.09391248226165771,0.997844789278709,0.984676373299403,0.9977987523059995,-0.6156727075576782,1.0846493244171143,0.08135981112718582,0.36886160714285715,0.6753883085834763,0.18197226524353027
14,client_9,False,orig,raw,pretrained,0.899865448474884,0.07874500751495361,0.0518033504486084,0.034055233001708984,0.9984516064442188,0.9993294406490327,0.9997101233131007,0.980600703294507,0.9871738959939642,0.9915402536100655,0.06805455684661865,0.051262736320495605,0.03309750556945801,0.9988431490327798,0.9993433565311403,0.9997261950211482,-0.8187196254730225,0.8772833347320557,0.03477134928107262,0.403140943877551,0.6748477738270157,0.3831636905670166
14,client_0,True,orig,clip01,random,0.8102157115936279,0.06735646724700928,0.11019909381866455,0.09726822376251221,0.998866740710167,0.9969709389880761,0.9976389125658263,0.9833712265309034,0.9730093597264604,0.9761194679659486,0.040340542793273926,0.10910642147064209,0.09531962871551514,0.9995932842576822,0.9970305769302263,0.9977324059820296,-1.067053198814392,0.8228161931037903,-0.06815459579229355,0.6216517857142857,-0.66195363695647,
14,client_1,True,orig,clip01,random,0.8537626266479492,0.15144681930541992,0.11571729183197021,0.02849411964416504,0.9942905322284292,0.9966607636199496,0.9997970521825834,0.9631873492742156,0.9716866607916312,0.992914351644971,0.1291576623916626,0.11470317840576172,0.02791619300842285,0.9958425833263882,0.996718891906127,0.9998052000069395,-0.9450467824935913,0.9487459659576416,-0.0444612018764019,0.6149553571428571,-0.670389335886748,
14,client_2,False,orig,clip01,random,0.9078372716903687,0.11007583141326904,0.09323608875274658,0.0345534086227417,0.9969776961070544,0.9978302951344977,0.9997015822948179,0.9730389362929599,0.9770923222699108,0.9914172984356426,0.07370924949645996,0.09150898456573486,0.03415393829345703,0.9986431190631888,0.9979098089044074,0.9997084408954962,-0.8887417912483215,0.8013641238212585,-0.0844118744134903,0.6096938775510204,0.610463640501479,
14,client_3,False,orig,clip01,random,0.8881552815437317,0.05486881732940674,0.0823221206665039,0.054949164390563965,0.9992477778695696,0.9983079175424823,0.9992455744737301,0.9864226585423599,0.9797329062179891,0.9864029798602794,0.055116891860961914,0.0827561616897583,0.054969072341918945,0.9992409644362867,0.9982900505423393,0.9992450280311937,-0.6632593274116516,0.9099403023719788,0.06366690993309021,0.39732142857142855,0.5875041711447316,
14,client_4,False,orig,clip01,random,0.8848773837089539,0.07668042182922363,0.08411014080047607,0.04322850704193115,0.9985316472794934,0.9982337143727742,0.9995329876846439,0.9811020909027697,0.9792995698658791,0.9892798522449477,0.034288763999938965,0.08060765266418457,0.04181826114654541,0.9997061349494165,0.9983775784803519,0.9995629515700595,-0.958073616027832,1.052382469177246,-0.045024771243333817,0.5479113520408163,0.6208388540844868,
14,client_5,False,orig,clip01,random,0.8876965045928955,0.1471540927886963,0.12564396858215332,0.05615830421447754,0.9946083206479457,0.99606504988851,0.9992120272028648,0.9642025857120831,0.9693140471307933,0.9861069072641688,0.1472797393798828,0.12686848640441895,0.0551527738571167,0.9945991467640543,0.9959882086820899,0.9992399763891169,-0.951165497303009,0.857511043548584,0.033366478979587555,0.4488998724489796,0.48818588565939014,
14,client_6,False,orig,clip01,random,0.8777768611907959,0.12694048881530762,0.0649336576461792,0.0716853141784668,0.9959836674504339,0.9989467377878549,0.9987165407241054,0.9690048032029053,0.9839621459020773,0.9823167528695456,0.08924829959869385,0.06400620937347412,0.07029891014099121,0.9980116553779339,0.9989765874997594,0.9987656596976233,-0.7316452860832214,0.8691898584365845,-0.0016300763236358762,0.5149075255102041,0.7515609010399598,
14,client_7,False,orig,clip01,random,0.9091944694519043,0.13472414016723633,0.11206388473510742,0.031057357788085938,0.9954777483951878,0.9968677989635741,0.9997589037362395,0.9671513699372454,0.972562071521583,0.9922806452364799,0.12017273902893066,0.11290740966796875,0.029139399528503418,0.9963993812002154,0.9968205811521043,0.9997877576399505,-0.8914732933044434,0.8651769161224365,0.07955564558506012,0.3245376275510204,0.7795270132478994,
14,client_8,False,orig,clip01,random,0.8362196087837219,0.07598233222961426,0.21478325128555298,0.1420806646347046,0.9985582322185433,0.9885660467407402,0.9949723102860322,0.9812717100219432,0.9483929351174443,0.965404532862979,0.10498499870300293,0.22172319889068604,0.1423267126083374,0.9972502216731975,0.9878220883560243,0.9949549478288096,-0.6156727075576782,1.0846493244171143,0.08135981112718582,0.36886160714285715,0.6753883085834763,
14,client_9,False,orig,clip01,random,0.899865448474884,0.11518311500549316,0.09551846981048584,0.03347516059875488,0.996691445410353,0.9977229516857125,0.9997199122564995,0.9718145836476109,0.9765414615776229,0.9916834506362198,0.1048210859298706,0.09571433067321777,0.032090067863464355,0.9972587837636635,0.9977136199614429,0.9997426065854595,-0.8187196254730225,0.8772833347320557,0.03477134928107262,0.403140943877551,0.6748477738270157,
14,client_0,True,orig,clip01,pretrained,0.8102157115936279,0.03760504722595215,0.08076834678649902,0.08942103385925293,0.9996465588242538,0.9983711112394953,0.9980039628447719,0.9906646198006341,0.9801097055008519,0.9780141412639904,0.0363919734954834,0.08158326148986816,0.08942103385925293,0.999668988265829,0.9983381171633539,0.9980039628447719,-1.067053198814392,0.8228161931037903,-0.06815459579229355,0.6216517857142857,-0.66195363695647,
14,client_1,True,orig,clip01,pretrained,0.8537626266479492,0.08005869388580322,0.08187305927276611,0.013285636901855469,0.9983995750033856,0.9983263044577224,0.9999558744233823,0.9802818728590379,0.9798417838975593,0.9966868466155498,0.09203767776489258,0.08272671699523926,0.0133591890335083,0.9978856254008175,0.9982912655684404,0.9999553845100544,-0.9450467824935913,0.9487459659576416,-0.0444612018764019,0.6149553571428571,-0.670389335886748,
14,client_2,False,orig,clip01,pretrained,0.9078372716903687,0.10329163074493408,0.10676324367523193,0.038176774978637695,0.9973380362677378,0.9971564812477094,0.9996357330115089,0.9746688755286375,0.9738342909135105,0.9905237000232381,0.06392955780029297,0.10488724708557129,0.03698420524597168,0.998979035361085,0.9972553293895179,0.9996581298223082,-0.8887417912483215,0.8013641238212585,-0.0844118744134903,0.6096938775510204,0.610463640501479,
14,client_3,False,orig,clip01,pretrained,0.8881552815437317,0.05193805694580078,0.10037529468536377,0.0859675407409668,0.9993259505112839,0.9974859504743265,0.9981549526191198,0.9871408661659333,0.9753708003703294,0.9788497235368834,0.04978489875793457,0.10067212581634521,0.08540868759155273,0.9993806538067436,0.9974710875858466,0.9981788303468697,-0.6632593274116516,0.9099403023719788,0.06366690993309021,0.39732142857142855,0.5875041711447316,
14,client_4,False,orig,clip01,pretrained,0.8848773837089539,0.10810279846191406,0.09317874908447266,0.042893171310424805,0.9970848356098259,0.9978329586885133,0.9995402025855704,0.9735125453709417,0.977106167406762,0.9893623466479116,0.08316123485565186,0.09131419658660889,0.0423734188079834,0.9982732916611825,0.9979186840034595,0.9995512744178634,-0.958073616027832,1.052382469177246,-0.045024771243333817,0.5479113520408163,0.6208388540844868,
14,client_5,False,orig,clip01,pretrained,0.8876965045928955,0.07814288139343262,0.09260666370391846,0.07337474822998047,0.9984751686034705,0.9978594441675335,0.9986553940958176,0.980746890756133,0.9772443182792314,0.9819056801541575,0.05091702938079834,0.09216558933258057,0.07107627391815186,0.9993521789561233,0.9978797536672157,0.9987382361311978,-0.951165497303009,0.857511043548584,0.033366478979587555,0.4488998724489796,0.48818588565939014,
14,client_6,False,orig,clip01,pretrained,0.8777768611907959,0.12588870525360107,0.07296371459960938,0.033205628395080566,0.9960497510012252,0.9986704014526118,0.9997244035390394,0.9692556615863721,0.9820056689947176,0.9917499980787075,0.09774529933929443,0.07377254962921143,0.031140446662902832,0.9976157362519902,0.9986407899116387,0.9997576122183074,-0.7316452860832214,0.8691898584365845,-0.0016300763236358762,0.5149075255102041,0.7515609010399598,
14,client_7,False,orig,clip01,pretrained,0.9091944694519043,0.08797931671142578,0.10209345817565918,0.024718880653381348,0.9980677148294277,0.9973993152864806,0.9998472617338015,0.9783628384974004,0.9749571685511291,0.9938488059502373,0.0637059211730957,0.10071182250976562,0.024146437644958496,0.998986160465418,0.9974690965964477,0.9998542533207964,-0.8914732933044434,0.8651769161224365,0.07955564558506012,0.3245376275510204,0.7795270132478994,
14,client_8,False,orig,clip01,pretrained,0.8362196087837219,0.09524703025817871,0.2513347864151001,0.09273850917816162,0.997735852944124,0.9843928358757821,0.9978533545707764,0.9766069500382213,0.9400099343686126,0.9772124767825303,0.09535372257232666,0.2577669620513916,0.0927419662475586,0.9977307863115239,0.9835937604230625,0.9978531947819942,-0.6156727075576782,1.0846493244171143,0.08135981112718582,0.36886160714285715,0.6753883085834763,
14,client_9,False,orig,clip01,pretrained,0.899865448474884,0.07523775100708008,0.05099785327911377,0.032639145851135254,0.9985863208639529,0.9993501216705458,0.9997337247283773,0.9814526740112879,0.9873714372873466,0.9918898843373738,0.06755316257476807,0.05060780048370361,0.03152596950531006,0.9988601179937577,0.9993600199794748,0.9997515746077814,-0.8187196254730225,0.8772833347320557,0.03477134928107262,0.403140943877551,0.6748477738270157,
14,client_0,True,flip,raw,random,0.8512227535247803,0.037371039390563965,0.09440052509307861,0.0753016471862793,0.9996509427613778,0.9977758523223781,0.9985839212427647,0.9907223068594424,0.9768112231961228,0.9814371426359583,0.021936655044555664,0.0924539566040039,0.07568609714508057,0.9998797066453351,0.9978664865492075,0.9985694404068537,-0.8869274854660034,1.1704082489013672,0.05518680065870285,0.39955357142857145,-0.66195363695647,
14,client_1,True,flip,raw,random,0.898328423500061,0.11307549476623535,0.04282963275909424,0.06577563285827637,0.996811130384095,0.9995415633236149,0.998919268316468,0.9723195561861431,0.9893779786382808,0.983756729092961,0.12188863754272461,0.042261719703674316,0.06759834289550781,0.9962961113913806,0.9995536362487181,0.9988585940578412,-0.8573992848396301,0.8287168741226196,0.040117986500263214,0.3960459183673469,-0.670389335886748,
14,client_2,False,flip,raw,random,0.9389640688896179,0.10039496421813965,0.13675570487976074,0.12624108791351318,0.997484966931619,0.9953408146271876,0.9960276713168741,0.9753660636233012,0.9666684923845863,0.9691716047783845,0.05971693992614746,0.12971115112304688,0.12211227416992188,0.9991090675401935,0.9958069872007174,0.9962825453712039,-0.5140572190284729,0.9913833737373352,0.09002195298671722,0.3475765306122449,0.610463640501479,
14,client_3,False,flip,raw,random,0.7833368182182312,0.09400975704193115,0.06265795230865479,0.12983012199401855,0.9977941973798394,0.9990192173021906,0.9957993162863912,0.9769055424576087,0.9845176722891023,0.9683161053631646,0.12296712398529053,0.0645911693572998,0.13345396518707275,0.9962304627015524,0.9989578105469996,0.9955623350152896,-0.8275014162063599,0.7615954875946045,-0.0396617166697979,0.5712691326530612,0.5875041711447316,
14,client_4,False,flip,raw,random,0.791523814201355,0.19077134132385254,0.09194517135620117,0.08449268341064453,0.9909632915992446,0.9978898668244842,0.9982176328289212,0.9539613040575594,0.977404096281097,0.9792068959564395,0.11471390724182129,0.08623552322387695,0.07678806781768799,0.9967182795880323,0.9981434477827258,0.998527526318908,-0.6051660180091858,0.9796821475028992,0.08498848974704742,0.37069515306122447,0.6208388540844868,
14,client_5,False,flip,raw,random,0.753707230091095,0.2606145143508911,0.06681466102600098,0.12711727619171143,0.9832338764054946,0.9988848837602442,0.9959725065757772,0.9378993812558909,0.9835033259535855,0.968962647639326,0.2258744239807129,0.06735515594482422,0.12322044372558594,0.9873661878309832,0.9988667847970294,0.9962149599187751,-0.8531080484390259,0.921757698059082,-0.007017987314611673,0.5061383928571429,0.48818588565939014,
14,client_6,False,flip,raw,random,0.8483012914657593,0.1234811544418335,0.04723644256591797,0.06466162204742432,0.9961989718849549,0.9994424129107975,0.9989555375571952,0.9698302479995438,0.9882946768231773,0.9840285282244001,0.13596022129058838,0.04813098907470703,0.06349766254425049,0.9953946734482941,0.9994211034365268,0.9989927732399126,-0.8806169033050537,0.7016131281852722,-0.009087681770324707,0.5271045918367347,0.7515609010399598,
14,client_7,False,flip,raw,random,0.7062364816665649,0.16577482223510742,0.14863383769989014,0.2090069055557251,0.9931649193102783,0.9944997907047932,0.9891678429432105,0.959810352516409,0.963852442311887,0.9497280012860043,0.17816591262817383,0.1530996561050415,0.21995186805725098,0.9921112147404056,0.9941657788602429,0.9880141419213553,-0.9782821536064148,1.0166997909545898,-0.047361597418785095,0.6253188775510204,0.7795270132478994,
14,client_8,False,flip,raw,random,0.6566485166549683,0.1263519525527954,0.07059681415557861,0.044766783714294434,0.9960207121204481,0.9987551858524801,0.9994991719701025,0.9691451615645899,0.9825817432905126,0.9889015601072246,0.13055241107940674,0.07289981842041016,0.04203319549560547,0.9957525960354696,0.9986727268417179,0.999558448899182,-1.0111918449401855,0.9931584000587463,-0.028361376374959946,0.5686383928571429,0.6753883085834763,
14,client_9,False,flip,raw,random,0.713573157787323,0.16678869724273682,0.07954168319702148,0.0871269702911377,0.9930814929669403,0.9984201545930536,0.9981049205742043,0.9595720642629102,0.9804073322913198,0.9785690768743165,0.17269301414489746,0.08025360107421875,0.08640909194946289,0.9925857686897046,0.9983917822899229,0.9981359772515008,-1.0534765720367432,0.7059292793273926,0.002614527940750122,0.5208067602040817,0.6748477738270157,
14,client_0,True,flip,raw,pretrained,0.8512227535247803,0.06674182415008545,0.06157207489013672,0.08086109161376953,0.9988873116571375,0.999052893195421,0.998367372829498,0.9835210865646733,0.9847829136168542,0.9800872082320702,0.06343662738800049,0.06212794780731201,0.08036470413208008,0.9989947071806722,0.999035727459801,0.9983873317666527,-0.8869274854660034,1.1704082489013672,0.05518680065870285,0.39955357142857145,-0.66195363695647,0.3009212017059326
14,client_1,True,flip,raw,pretrained,0.898328423500061,0.10234880447387695,0.041648030281066895,0.06532478332519531,0.9973863154008127,0.9995665013858268,0.9989340211719058,0.9748957187913609,0.989668748412553,0.9838667149104232,0.10758364200592041,0.040943026542663574,0.06641364097595215,0.9971127076199358,0.9995810488310324,0.9988982183630681,-0.8573992848396301,0.8287168741226196,0.040117986500263214,0.3960459183673469,-0.670389335886748,0.484544038772583
14,client_2,False,flip,raw,pretrained,0.9389640688896179,0.10586214065551758,0.08560895919799805,0.05949068069458008,0.9972041781344729,0.9981702912876376,0.99911580152099,0.9740508152487437,0.9789365447456251,0.9852916242577483,0.10502862930297852,0.08682918548583984,0.05857980251312256,0.997247940364502,0.9981178342778148,0.9991426533662442,-0.5140572190284729,0.9913833737373352,0.09002195298671722,0.3475765306122449,0.610463640501479,0.3142738342285156
14,client_3,False,flip,raw,pretrained,0.7833368182182312,0.045244455337524414,0.04042947292327881,0.10338664054870605,0.999488431177127,0.9995914896335178,0.997333146759869,0.9887841355356255,0.9899687464019677,0.97464602063946,0.04232752323150635,0.04072439670562744,0.10321700572967529,0.9995522456141397,0.9995855097749673,0.997341873582376,-0.8275014162063599,0.7615954875946045,-0.0396617166697979,0.5712691326530612,0.5875041711447316,0.423687219619751
14,client_4,False,flip,raw,pretrained,0.791523814201355,0.14043891429901123,0.11500692367553711,0.04318499565124512,0.9950874034607236,0.9967015345780885,0.9995339270198145,0.9657939622889089,0.9718567828959415,0.9892905556995477,0.11870145797729492,0.11454308032989502,0.041626811027526855,0.9964867755778495,0.9967280223161141,0.999566942856243,-0.6051660180091858,0.9796821475028992,0.08498848974704742,0.37069515306122447,0.6208388540844868,0.3367501497268677
14,client_5,False,flip,raw,pretrained,0.753707230091095,0.06221437454223633,0.04814910888671875,0.05896866321563721,0.9990330447250546,0.9994206676710229,0.9991312406623243,0.984626009645097,0.9880705435726993,0.9854192716777714,0.06356489658355713,0.048139095306396484,0.059923768043518066,0.9989906407370448,0.9994209085090417,0.9991028895688463,-0.8531080484390259,0.921757698059082,-0.007017987314611673,0.5061383928571429,0.48818588565939014,0.34920716285705566
14,client_6,False,flip,raw,pretrained,0.8483012914657593,0.13916897773742676,0.026276469230651855,0.09727287292480469,0.9951755269912737,0.9998274091351542,0.9976386872529501,0.9660953579224225,0.9934631088527659,0.9761183470776835,0.1492389440536499,0.02626168727874756,0.09810161590576172,0.9944551023243375,0.9998276032390463,0.9975983529627168,-0.8806169033050537,0.7016131281852722,-0.009087681770324707,0.5271045918367347,0.7515609010399598,0.4047584533691406
14,client_7,False,flip,raw,pretrained,0.7062364816665649,0.13135814666748047,0.11239826679229736,0.11601710319519043,0.9957001762325424,0.9968491232916215,0.9966434816252416,0.9679522221960288,0.9724818993816653,0.9716148740597241,0.09020602703094482,0.11261248588562012,0.11440324783325195,0.9979688177648307,0.9968371299120928,0.9967359866469407,-0.9782821536064148,1.0166997909545898,-0.047361597418785095,0.6253188775510204,0.7795270132478994,0.5369241237640381
14,client_8,False,flip,raw,pretrained,0.6566485166549683,0.08402466773986816,0.03526508808135986,0.047051429748535156,0.9982372976167837,0.99968916587307,0.9994467703941934,0.9793202781761132,0.991241687867366,0.9883401217043133,0.07934391498565674,0.03526508808135986,0.04659998416900635,0.9984279916601766,0.99968916587307,0.9994573313370827,-1.0111918449401855,0.9931584000587463,-0.028361376374959946,0.5686383928571429,0.6753883085834763,0.3934568166732788
14,client_9,False,flip,raw,pretrained,0.713573157787323,0.11821532249450684,0.03278243541717529,0.04585146903991699,0.9965154179965994,0.9997313821109859,0.9994746178084446,0.9710887763234937,0.9918544978529162,0.9886349453772154,0.11329317092895508,0.03269195556640625,0.04567611217498779,0.9967988706121094,0.9997328625442028,0.9994786271561771,-1.0534765720367432,0.7059292793273926,0.002614527940750122,0.5208067602040817,0.6748477738270157,0.45294320583343506
14,client_0,True,flip,clip01,random,0.8512227535247803,0.030614256858825684,0.11386322975158691,0.11251354217529297,0.9997657329881644,0.996766653595277,0.9968426722362229,0.9923901491766571,0.9721307737462836,0.972454263015311,0.030687570571899414,0.11669230461120605,0.11260521411895752,0.9997646098177642,0.9966043989627327,0.9968375374038192,-0.8869274854660034,1.1704082489013672,0.05518680065870285,0.39955357142857145,-0.66195363695647,
14,client_1,True,flip,clip01,random,0.898328423500061,0.05022788047790527,0.028189778327941895,0.030730724334716797,0.999369588228689,0.9998013636967058,0.9997639474444047,0.9875603219917639,0.9929896339232684,0.9923613647057465,0.051314353942871094,0.027168989181518555,0.03127419948577881,0.9993420341396704,0.9998154870444658,0.9997555259465591,-0.8573992848396301,0.8287168741226196,0.040117986500263214,0.3960459183673469,-0.670389335886748,
14,client_2,False,flip,clip01,random,0.9389640688896179,0.17936432361602783,0.09290063381195068,0.11418259143829346,0.9920053713704946,0.9978458546589855,0.9967485348067826,0.9566238219215504,0.9771733248167223,0.9720542536866237,0.1664419174194336,0.09161412715911865,0.11576271057128906,0.993110083674906,0.9979050104963645,0.9966581483975478,-0.5140572190284729,0.9913833737373352,0.09002195298671722,0.3475765306122449,0.610463640501479,
14,client_3,False,flip,clip01,random,0.7833368182182312,0.10632562637329102,0.08666372299194336,0.09951305389404297,0.9971796951273904,0.9981249907060832,0.9975288774392932,0.9739394361183702,0.9786811940854074,0.9755784760786608,0.07289648056030273,0.08352160453796387,0.09748625755310059,0.9986728482614988,0.9982583138481993,0.9976283344619075,-0.8275014162063599,0.7615954875946045,-0.0396617166697979,0.5712691326530612,0.5875041711447316,
14,client_4,False,flip,clip01,random,0.791523814201355,0.14555704593658447,0.12170577049255371,0.12708830833435059,0.9947242551497542,0.9963071860132422,0.9959743364149274,0.9645806999861801,0.9702542891006618,0.9689695549368125,0.1514350175857544,0.12422502040863037,0.1259751319885254,0.9942914182176172,0.9961531708249574,0.9960443412967905,-0.6051660180091858,0.9796821475028992,0.08498848974704742,0.37069515306122447,0.6208388540844868,
14,client_5,False,flip,clip01,random,0.753707230091095,0.1447162628173828,0.05506587028503418,0.1781231164932251,0.9947847898891451,0.9992423682624398,0.9921149816751444,0.964779851950295,0.986374397185956,0.9569142060409097,0.19508540630340576,0.05627739429473877,0.18712377548217773,0.9905528954492888,0.99920868367304,0.9913033172316716,-0.8531080484390259,0.921757698059082,-0.007017987314611673,0.5061383928571429,0.48818588565939014,
14,client_6,False,flip,clip01,random,0.8483012914657593,0.1923670768737793,0.02527332305908203,0.17712318897247314,0.9908125293851726,0.9998403339079118,0.9922027442277852,0.9535897304892071,0.9937114866771237,0.9571482384004866,0.17685389518737793,0.02492356300354004,0.17920339107513428,0.9922262973880227,0.9998447220875961,0.9920196251511908,-0.8806169033050537,0.7016131281852722,-0.009087681770324707,0.5271045918367347,0.7515609010399598,
14,client_7,False,flip,clip01,random,0.7062364816665649,0.10603272914886475,0.08146250247955322,0.08659791946411133,0.9971951793615357,0.9983430272270422,0.9981278330059624,0.9740098193171969,0.9799413417950162,0.9786971217175364,0.05226147174835205,0.08072662353515625,0.08265304565429688,0.999317534163825,0.9983727916511378,0.9982943037086618,-0.9782821536064148,1.0166997909545898,-0.047361597418785095,0.6253188775510204,0.7795270132478994,
14,client_8,False,flip,clip01,random,0.6566485166549683,0.07498502731323242,0.05640256404876709,0.035027503967285156,0.9985957920255308,0.9992051618362183,0.999693339040433,0.981514107693217,0.9860471134639668,0.991300307779849,0.07564270496368408,0.05686616897583008,0.034423232078552246,0.9985710785090967,0.999192049628628,0.9997038260790185,-1.0111918449401855,0.9931584000587463,-0.028361376374959946,0.5686383928571429,0.6753883085834763,
14,client_9,False,flip,clip01,random,0.713573157787323,0.0972738265991211,0.03330028057098389,0.09248602390289307,0.9976386410336027,0.9997228304591781,0.9978650086618996,0.9761181171521245,0.9917266277137289,0.9772734549012101,0.10632562637329102,0.03337514400482178,0.09476780891418457,0.9971796951273904,0.9997215830913175,0.9977585408493348,-1.0534765720367432,0.7059292793273926,0.002614527940750122,0.5208067602040817,0.6748477738270157,
14,client_0,True,flip,clip01,pretrained,0.8512227535247803,0.07112407684326172,0.06501889228820801,0.07747316360473633,0.9987365399505905,0.9989439730526559,0.9985011642471266,0.982453370170866,0.9839413482662649,0.9809095269207255,0.06493139266967773,0.06535601615905762,0.07636094093322754,0.9989468112070314,0.9989330024209142,0.998543843925882,-0.8869274854660034,1.1704082489013672,0.05518680065870285,0.39955357142857145,-0.66195363695647,
14,client_1,True,flip,clip01,pretrained,0.898328423500061,0.09997892379760742,0.037063002586364746,0.07008671760559082,0.9975057295877237,0.9996566718911022,0.9987730931501011,0.9754662603602737,0.990798251049398,0.9827059609166309,0.11743354797363281,0.03673279285430908,0.07170188426971436,0.9965612351139352,0.9996627608042854,0.9987159478828194,-0.8573992848396301,0.8287168741226196,0.040117986500263214,0.3960459183673469,-0.670389335886748,
14,client_2,False,flip,clip01,pretrained,0.9389640688896179,0.11731553077697754,0.09178471565246582,0.06723225116729736,0.9965681255595185,0.997897213675699,0.9988709131411408,0.971304070900312,0.9774428589382926,0.983401509678264,0.10637998580932617,0.09245193004608154,0.06482458114624023,0.9971768167150179,0.9978665799301825,0.9989502706019466,-0.5140572190284729,0.9913833737373352,0.09002195298671722,0.3475765306122449,0.610463640501479,
14,client_3,False,flip,clip01,pretrained,0.7833368182182312,0.05017268657684326,0.04032409191131592,0.1103050708770752,0.9993709722950257,0.9995936158064873,0.9969651234431629,0.9875738638822198,0.9899946966806961,0.9729839318233628,0.0441814661026001,0.040865182876586914,0.1100008487701416,0.9995121780644909,0.999582639895269,0.9969818029130373,-0.8275014162063599,0.7615954875946045,-0.0396617166697979,0.5712691326530612,0.5875041711447316,
14,client_4,False,flip,clip01,pretrained,0.791523814201355,0.16465461254119873,0.11871349811553955,0.050400495529174805,0.9932565159731193,0.9964860647138865,0.9993652498554775,0.960073735694533,0.9709696078774761,0.9875179724783454,0.12482690811157227,0.11751580238342285,0.04799497127532959,0.9961159125945258,0.99655642862738,0.9994243693169442,-0.6051660180091858,0.9796821475028992,0.08498848974704742,0.37069515306122447,0.6208388540844868,
14,client_5,False,flip,clip01,pretrained,0.753707230091095,0.06367349624633789,0.04470360279083252,0.0554577112197876,0.9989871914633717,0.999500584115474,0.9992315537363996,0.9842697079484659,0.9889170932496147,0.9862784397296285,0.055915117263793945,0.044129133224487305,0.055211663246154785,0.9992188328840039,0.9995133326071102,0.9992383534195537,-0.8531080484390259,0.921757698059082,-0.007017987314611673,0.5061383928571429,0.48818588565939014,
14,client_6,False,flip,clip01,pretrained,0.8483012914657593,0.13412106037139893,0.026819467544555664,0.09222805500030518,0.9955180087281095,0.9998202032889814,0.9978768832589375,0.9672947841986814,0.9933287019549906,0.9773357632790989,0.1444230079650879,0.026819467544555664,0.09310424327850342,0.9948058224711551,0.9998202032889814,0.9978364172155594,-0.8806169033050537,0.7016131281852722,-0.009087681770324707,0.5271045918367347,0.7515609010399598,
14,client_7,False,flip,clip01,pretrained,0.7062364816665649,0.11583137512207031,0.11932170391082764,0.12032508850097656,0.9966541927464894,0.9964500627086659,0.9963902707639691,0.9716593437884511,0.9708241489115972,0.9705842501872004,0.08456039428710938,0.12026703357696533,0.11863446235656738,0.9982147787996987,0.9963937437711616,0.99649072977541,-0.9782821536064148,1.0166997909545898,-0.047361597418785095,0.6253188775510204,0.7795270132478994,
14,client_8,False,flip,clip01,pretrained,0.6566485166549683,0.07497501373291016,0.035355210304260254,0.03771626949310303,0.9985961666443957,0.9996875755022048,0.9996444655858925,0.9815165419768497,0.9912194530745861,0.9906372033170754,0.0765078067779541,0.03585183620452881,0.03719663619995117,0.9985382434055023,0.9996787388877231,0.9996541922772861,-1.0111918449401855,0.9931584000587463,-0.028361376374959946,0.5686383928571429,0.6753883085834763,
14,client_9,False,flip,clip01,pretrained,0.713573157787323,0.11585807800292969,0.029656291007995605,0.04232525825500488,0.9966526538106526,0.9997801623540854,0.999552293516091,0.971652950006489,0.9926269541399189,0.9895020798757368,0.10207259654998779,0.029520273208618164,0.041539907455444336,0.9974003759449519,0.9997821739601069,0.9995687485563189,-1.0534765720367432,0.7059292793273926,0.002614527940750122,0.5208067602040817,0.6748477738270157,
14,client_0,True,flip_global,raw,random,0.8776724934577942,0.03640270233154297,0.0872802734375,0.08912336826324463,0.9996687931122596,0.9980982553052862,0.9980172098457407,0.9909610726142966,0.9785319779979447,0.9780861201082256,0.021681785583496094,0.08646953105926514,0.0905003547668457,0.9998824854017663,0.998133372399584,0.9979555616647493,-0.7644709348678589,1.138830542564392,0.06847601383924484,0.3734853316326531,-0.66195363695647,
14,client_1,True,flip_global,raw,random,0.9024508595466614,0.09052562713623047,0.0353846549987793,0.06065678596496582,0.9979544214326375,0.9996870550179915,0.9990808227364845,0.9777471078427729,0.9912121886946934,0.9850065695333159,0.09221041202545166,0.03520989418029785,0.06216025352478027,0.997877694180757,0.9996901378677066,0.9990347251072615,-0.8482811450958252,0.8599063754081726,0.042632415890693665,0.4095982142857143,-0.670389335886748,
14,client_2,False,flip_global,raw,random,0.947871744632721,0.08822774887084961,0.12209665775299072,0.11461246013641357,0.998056802749187,0.9962834934771923,0.9967240671288751,0.9783027387807859,0.970160903841512,0.971951270079376,0.05515742301940918,0.11799752712249756,0.1122351884841919,0.9992398483227682,0.9965282124653545,0.9968582383123425,-0.5150028467178345,0.9563878178596497,0.09179846942424774,0.35435267857142855,0.610463640501479,
14,client_3,False,flip_global,raw,random,0.7947917580604553,0.08574914932250977,0.06868255138397217,0.1368314027786255,0.9981643021118736,0.9988217190804329,0.9953356732997864,0.978902599971347,0.9830480222514062,0.9666505069368703,0.12847590446472168,0.07179880142211914,0.14512360095977783,0.9958862221241136,0.9987124776672187,0.994755505442638,-0.9901759028434753,0.7302950620651245,-0.036411404609680176,0.5615433673469388,0.5875041711447316,
14,client_4,False,flip_global,raw,random,0.8225783705711365,0.12087202072143555,0.07954728603363037,0.08159482479095459,0.996357470377031,0.9984199322835936,0.9983376466196421,0.970453521915712,0.9804059725602734,0.9799092526611457,0.0657116174697876,0.07529878616333008,0.07587230205535889,0.9989213692112167,0.9985840287318677,0.9985624003488842,-0.5900711417198181,0.9247075915336609,0.08259318023920059,0.383609693877551,0.6208388540844868,
14,client_5,False,flip_global,raw,random,0.7599697113037109,0.2689707279205322,0.07277834415435791,0.13094794750213623,0.9821561460929731,0.9986771420881986,0.9957269028858122,0.9360049597749192,0.982050767570158,0.968049886690409,0.242600679397583,0.07468020915985107,0.12771892547607422,0.9854470467809504,0.9986071732780988,0.9959344085104074,-0.8406364917755127,0.8629117608070374,-0.007525220979005098,0.5122767857142857,0.48818588565939014,
14,client_6,False,flip_global,raw,random,0.870514988899231,0.13142895698547363,0.041889190673828125,0.07245433330535889,0.9956955542131523,0.9995614682122023,0.9986888830960874,0.9679353644347757,0.9896093930377827,0.9821296032856157,0.13188159465789795,0.04239225387573242,0.07133901119232178,0.9956659509945578,0.9995508755448155,0.9987288994451604,-0.8484258055686951,0.6463750600814819,-0.0008409491856582463,0.5053411989795918,0.7515609010399598,
14,client_7,False,flip_global,raw,random,0.7913296818733215,0.22897768020629883,0.1695622205734253,0.19225239753723145,0.9870200658317843,0.9928507303041874,0.9908234048124582,0.9451241839926523,0.9589206645831179,0.9536164267900715,0.21455824375152588,0.17600619792938232,0.20638930797576904,0.988589785326502,0.992300210763239,0.9894353265721232,-1.0438027381896973,0.9229950904846191,-0.07632527500391006,0.6497130102040817,0.7795270132478994,
14,client_8,False,flip_global,raw,random,0.6889320611953735,0.1162405014038086,0.06849181652069092,0.037781357765197754,0.9966305755247598,0.9988282485385287,0.9996432377396052,0.9715613888451544,0.9830944999245932,0.9906211594721295,0.11716127395629883,0.07033848762512207,0.03676438331604004,0.9965771215206969,0.9987642707561466,0.9996621806457089,-1.0640748739242554,0.985440731048584,-0.030052825808525085,0.5550860969387755,0.6753883085834763,
14,client_9,False,flip_global,raw,random,0.769104540348053,0.1606205701828003,0.09051847457885742,0.07660150527954102,0.9935813260916577,0.9979547441719421,0.9985346647481066,0.9610231178473321,0.9777488366084663,0.9811212635353428,0.1585909128189087,0.0922929048538208,0.07610952854156494,0.9937417608717265,0.9978739012486768,0.9985534063109824,-1.0693385601043701,0.7927149534225464,-0.01308968011289835,0.5517378826530612,0.6748477738270157,
14,client_0,True,flip_global,raw,pretrained,0.8776724934577942,0.051517367362976074,0.05840623378753662,0.07649290561676025,0.9993368202553625,0.9991477231379557,0.9985388121285006,0.9872440241094655,0.9855568286908214,0.981147648545847,0.05423915386199951,0.05906665325164795,0.07525360584259033,0.999264934040266,0.9991283528647121,0.9985857256247723,-0.7644709348678589,1.138830542564392,0.06847601383924484,0.3734853316326531,-0.66195363695647,0.2707345485687256
14,client_1,True,flip_global,raw,pretrained,0.9024508595466614,0.07739877700805664,0.03152620792388916,0.045702219009399414,0.9985040378795471,0.9997515708509792,0.9994780312230664,0.9809275936703772,0.9921647976102506,0.988671624507506,0.07542264461517334,0.03101670742034912,0.04612886905670166,0.9985793716266855,0.9997595343418078,0.9994682440284719,-0.8482811450958252,0.8599063754081726,0.042632415890693665,0.4095982142857143,-0.670389335886748,0.4748709201812744
14,client_2,False,flip_global,raw,pretrained,0.947871744632721,0.10403025150299072,0.08535146713256836,0.05804920196533203,0.997299907066898,0.9981812664247969,0.9991581045070246,0.974491219305847,0.9789988968934775,0.9856441652326426,0.1088263988494873,0.08694207668304443,0.05706143379211426,0.9970457657261433,0.9981129438243386,0.999186494877552,-0.5150028467178345,0.9563878178596497,0.09179846942424774,0.35435267857142855,0.610463640501479,0.2858074903488159
14,client_3,False,flip_global,raw,pretrained,0.7947917580604553,0.0440366268157959,0.03250539302825928,0.09867048263549805,0.9995153700963986,0.9997359021784331,0.9975704700282373,0.989081092814454,0.9919229173575206,0.9757814784019079,0.04288601875305176,0.03287327289581299,0.09855031967163086,0.9995403558649549,0.9997298917136281,0.9975763731345126,-0.9901759028434753,0.7302950620651245,-0.036411404609680176,0.5615433673469388,0.5875041711447316,0.40014374256134033
14,client_4,False,flip_global,raw,pretrained,0.8225783705711365,0.12159371376037598,0.07885622978210449,0.03457367420196533,0.9963139641622443,0.9984472344412063,0.9997012322265757,0.970281062600558,0.9805737037250695,0.9914122971540051,0.1011655330657959,0.07752203941345215,0.03353571891784668,0.9974462853953041,0.9984992746272658,0.9997188981669174,-0.5900711417198181,0.9247075915336609,0.08259318023920059,0.383609693877551,0.6208388540844868,0.3338121175765991
14,client_5,False,flip_global,raw,pretrained,0.7599697113037109,0.05860400199890137,0.04373455047607422,0.060851335525512695,0.9991419453312054,0.9995219937103756,0.9990749210712571,0.9855084559518925,0.9891553823632138,0.98495902389183,0.05923116207122803,0.04359853267669678,0.061631202697753906,0.9991234939838343,0.9995249613013548,0.9990510745996932,-0.8406364917755127,0.8629117608070374,-0.007525220979005098,0.5122767857142857,0.48818588565939014,0.35526585578918457
14,client_6,False,flip_global,raw,pretrained,0.870514988899231,0.08103132247924805,0.023798704147338867,0.06478571891784668,0.9983604999597568,0.9998584204556,0.9989515278571042,0.9800459170616558,0.9940767697743582,0.9839982451832017,0.08783459663391113,0.023798704147338867,0.0653003454208374,0.9980740573820095,0.9998584204556,0.9989348179477424,-0.8484258055686951,0.6463750600814819,-0.0008409491856582463,0.5053411989795918,0.7515609010399598,0.3937417268753052
14,client_7,False,flip_global,raw,pretrained,0.7913296818733215,0.10845351219177246,0.13281941413879395,0.09249687194824219,0.997065931531034,0.9956042964690393,0.9978645085921862,0.9734283343582781,0.9676044286141847,0.9772708348551622,0.08001983165740967,0.13322317600250244,0.0921863317489624,0.9984011265250472,0.9955776194268857,0.9978788007306738,-1.0438027381896973,0.9229950904846191,-0.07632527500391006,0.6497130102040817,0.7795270132478994,0.6076639890670776
14,client_8,False,flip_global,raw,pretrained,0.6889320611953735,0.08084607124328613,0.031248927116394043,0.04732048511505127,0.9983679785686552,0.9997559208287112,0.9994404278738667,0.9800908516960056,0.9922333081454335,0.9882740344044914,0.07299292087554932,0.031173348426818848,0.04670560359954834,0.9986693378658136,0.9997570998464069,0.9994548696260908,-1.0640748739242554,0.985440731048584,-0.030052825808525085,0.5550860969387755,0.6753883085834763,0.39646410942077637
14,client_9,False,flip_global,raw,pretrained,0.769104540348053,0.09789383411407471,0.03259742259979248,0.03373277187347412,0.9976084974550836,0.9997344049273882,0.9997155857086246,0.975968654005273,0.9919001885782883,0.9916198527303495,0.09451925754547119,0.032602906227111816,0.0335162878036499,0.9977702633174934,0.9997343155794256,0.9997192237534636,-1.0693385601043701,0.7927149534225464,-0.01308968011289835,0.5517378826530612,0.6748477738270157,0.4408303499221802
14,client_0,True,flip_global,clip01,random,0.8776724934577942,0.030237555503845215,0.09988343715667725,0.13608074188232422,0.9997714617391518,0.9975104828110593,0.995386533425143,0.99248325798893,0.9754892589836239,0.9668288824867006,0.02669048309326172,0.10105550289154053,0.13599848747253418,0.9998219283137828,0.997451826727098,0.995392089701195,-0.7644709348678589,1.138830542564392,0.06847601383924484,0.3734853316326531,-0.66195363695647,
14,client_1,True,flip_global,clip01,random,0.9024508595466614,0.05268442630767822,0.02958226203918457,0.029484987258911133,0.9993064487775476,0.999781258335728,0.9997826943044097,0.9869578875823275,0.9926452573057063,0.9926693086122409,0.05997788906097412,0.029343724250793457,0.02975642681121826,0.9991012694535137,0.9997847712106629,0.9997786755111218,-0.8482811450958252,0.8599063754081726,0.042632415890693665,0.4095982142857143,-0.670389335886748,
14,client_2,False,flip_global,clip01,random,0.947871744632721,0.13824677467346191,0.08046519756317139,0.10995912551879883,0.9952390261175326,0.9983833009622087,0.9969840868983517,0.9663143140713744,0.9801832463258868,0.9730669408818973,0.13430988788604736,0.08062636852264404,0.11191177368164062,0.9955054221633817,0.9983768259077548,0.9968762763234336,-0.5150028467178345,0.9563878178596497,0.09179846942424774,0.35435267857142855,0.610463640501479,
14,client_3,False,flip_global,clip01,random,0.7947917580604553,0.07543385028839111,0.058988213539123535,0.0970529317855835,0.9985789499149367,0.999130664889937,0.9976493345726065,0.9814050089280271,0.9854144906465543,0.9761713758314672,0.05829644203186035,0.05794787406921387,0.0962374210357666,0.9991509222992894,0.9991610392383536,0.9976886044472677,-0.9901759028434753,0.7302950620651245,-0.036411404609680176,0.5615433673469388,0.5875041711447316,
14,client_4,False,flip_global,clip01,random,0.8225783705711365,0.11727392673492432,0.08326435089111328,0.13969910144805908,0.9965705529809379,0.9982690124959224,0.9951388365184577,0.971314027298245,0.9795045157601989,0.9659695258255585,0.11635255813598633,0.08529257774353027,0.13886737823486328,0.9966240925582148,0.998183771859555,0.9951963396856389,-0.5900711417198181,0.9247075915336609,0.08259318023920059,0.383609693877551,0.6208388540844868,
14,client_5,False,flip_global,clip01,random,0.7599697113037109,0.14629614353179932,0.06994640827178955,0.2034449577331543,0.9946707565424324,0.9987779961195633,0.9897322985086967,0.9644056847362596,0.9827401328801386,0.9510161852112304,0.21117740869522095,0.07239770889282227,0.21430879831314087,0.9889435735219803,0.9986909296081679,0.9886160740589292,-0.8406364917755127,0.8629117608070374,-0.007525220979005098,0.5122767857142857,0.48818588565939014,
14,client_6,False,flip_global,clip01,random,0.870514988899231,0.11929571628570557,0.020675182342529297,0.12383663654327393,0.9964516047372445,0.9998931427733988,0.9961771181870285,0.9708303634628295,0.994851174070265,0.9697453764112909,0.1005181074142456,0.01993262767791748,0.1249086856842041,0.9974788050112624,0.9999006799874326,0.9961108366407228,-0.8484258055686951,0.6463750600814819,-0.0008409491856582463,0.5053411989795918,0.7515609010399598,
14,client_7,False,flip_global,clip01,random,0.7913296818733215,0.20405757427215576,0.12541818618774414,0.07790482044219971,0.9896708495886528,0.9960791378230716,0.9984844346494519,0.9508741705362727,0.9693679155363801,0.9808046975148856,0.10325479507446289,0.12348794937133789,0.07551395893096924,0.9973399307493178,0.9961985547405436,0.9985759333074813,-1.0438027381896973,0.9229950904846191,-0.07632527500391006,0.6497130102040817,0.7795270132478994,
14,client_8,False,flip_global,clip01,random,0.6889320611953735,0.08554232120513916,0.056575775146484375,0.039026856422424316,0.9981731347659477,0.9992002754103724,0.9996193348338693,0.9789526806788091,0.986004715398709,0.9903142270738612,0.08224081993103027,0.05667757987976074,0.038271307945251465,0.9983112538367782,0.999197396441776,0.9996339272850441,-1.0640748739242554,0.985440731048584,-0.030052825808525085,0.5550860969387755,0.6753883085834763,
14,client_9,False,flip_global,clip01,random,0.769104540348053,0.09321296215057373,0.038196682929992676,0.07775354385375977,0.9978313696120404,0.9996353531095203,0.9984903081637815,0.9770979063437237,0.9905187936421254,0.9808414336610747,0.09218966960906982,0.03770565986633301,0.07950913906097412,0.9978786473646608,0.9996446655288747,0.9984214455717542,-1.0693385601043701,0.7927149534225464,-0.01308968011289835,0.5517378826530612,0.6748477738270157,
14,client_0,True,flip_global,clip01,pretrained,0.8776724934577942,0.057439208030700684,0.06444430351257324,0.08607757091522217,0.9991756943100962,0.9989625408851199,0.9981502331894487,0.9857934078301194,0.9840815632789968,0.9788230849050479,0.05608224868774414,0.06521987915039062,0.08418703079223633,0.9992141588128793,0.9989374393777237,0.9982304878561734,-0.7644709348678589,1.138830542564392,0.06847601383924484,0.3734853316326531,-0.66195363695647,
14,client_1,True,flip_global,clip01,pretrained,0.9024508595466614,0.08811116218566895,0.02678501605987549,0.05103886127471924,0.9980619274868416,0.9998206648531427,0.9993490766106625,0.9783309422762634,0.993337228826823,0.9873613789939997,0.0907672643661499,0.026239514350891113,0.05175590515136719,0.9979435033322441,0.9998278941901939,0.9993306677647498,-0.8482811450958252,0.8599063754081726,0.042632415890693665,0.4095982142857143,-0.670389335886748,
14,client_2,False,flip_global,clip01,pretrained,0.947871744632721,0.11237728595733643,0.09194695949554443,0.06493401527404785,0.9968502967191497,0.9978897848783717,0.9989467261951199,0.9724869294986651,0.9774036643179784,0.9839620586378914,0.11090695858001709,0.09317076206207275,0.06342506408691406,0.996931989491012,0.9978333295741424,0.9989950733628723,-0.5150028467178345,0.9563878178596497,0.09179846942424774,0.35435267857142855,0.610463640501479,
14,client_3,False,flip_global,clip01,pretrained,0.7947917580604553,0.0550309419631958,0.03286933898925781,0.1091153621673584,0.9992433285449966,0.9997299563437594,0.9970300913377668,0.9863829514208724,0.9918330372555697,0.97326944520302,0.049347877502441406,0.0332798957824707,0.10898661613464355,0.9993914746166501,0.9997231696239093,0.9970370800644246,-0.9901759028434753,0.7302950620651245,-0.036411404609680176,0.5615433673469388,0.5875041711447316,
14,client_4,False,flip_global,clip01,pretrained,0.8225783705711365,0.13490748405456543,0.08227908611297607,0.042635440826416016,0.9954654734272623,0.9983096839367378,0.9995457096405855,0.9671077765168783,0.9797433394217292,0.9894257567560976,0.1062699556350708,0.08047378063201904,0.04100382328033447,0.9971826414631701,0.9983829564618598,0.9995798040895569,-0.5900711417198181,0.9247075915336609,0.08259318023920059,0.383609693877551,0.6208388540844868,
14,client_5,False,flip_global,clip01,pretrained,0.7599697113037109,0.06055033206939697,0.042159199714660645,0.0566403865814209,0.999084044040156,0.9995557985116088,0.9991984488415626,0.985032587080706,0.9895429436547754,0.9859889007164024,0.05400514602661133,0.041333556175231934,0.0565112829208374,0.9992712595928614,0.9995730210660543,0.9992020965350692,-0.8406364917755127,0.8629117608070374,-0.007525220979005098,0.5122767857142857,0.48818588565939014,
14,client_6,False,flip_global,clip01,pretrained,0.870514988899231,0.07290959358215332,0.022881746292114258,0.06172823905944824,0.9986723712233629,0.9998691192703999,0.9990480862772158,0.9820188357173076,0.9943040142595481,0.9847447616486398,0.08128201961517334,0.02289748191833496,0.06239879131317139,0.9983503521726897,0.999868939214573,0.9990273078914786,-0.8484258055686951,0.6463750600814819,-0.0008409491856582463,0.5053411989795918,0.7515609010399598,
14,client_7,False,flip_global,clip01,pretrained,0.7913296818733215,0.12800681591033936,0.15361857414245605,0.09878575801849365,0.9959161156495475,0.9941263373731459,0.9975648003174236,0.9687505755900407,0.962674337404777,0.9757537011365063,0.09477722644805908,0.15519189834594727,0.09854817390441895,0.9977580960874166,0.9940059522588547,0.9975764784822279,-1.0438027381896973,0.9229950904846191,-0.07632527500391006,0.6497130102040817,0.7795270132478994,
14,client_8,False,flip_global,clip01,pretrained,0.6889320611953735,0.0702749490737915,0.032120585441589355,0.04124736785888672,0.9987665002144144,0.9997421168863618,0.9995747993066064,0.9826601204463148,0.992017962739218,0.9897673728849576,0.06759762763977051,0.03244137763977051,0.04043924808502197,0.9988586181913859,0.9997369411657029,0.9995912921284271,-1.0640748739242554,0.985440731048584,-0.030052825808525085,0.5550860969387755,0.6753883085834763,
14,client_9,False,flip_global,clip01,pretrained,0.769104540348053,0.09650313854217529,0.03237450122833252,0.03196406364440918,0.9976758453018879,0.9997380244023544,0.9997446235822207,0.9763039522642596,0.9919552453870484,0.9920566266815651,0.09014725685119629,0.032483458518981934,0.03132832050323486,0.9979714595491429,0.999736258412002,0.9997546792296745,-1.0693385601043701,0.7927149534225464,-0.01308968011289835,0.5517378826530612,0.6748477738270157,
15,client_0,True,orig,raw,random,0.9473700523376465,0.14788413047790527,0.06721949577331543,0.19900202751159668,0.9945549104862159,0.998871341161583,0.9901725882297656,0.9640298172836039,0.9834046194473032,0.9520470845503421,0.1886252760887146,0.06781613826751709,0.202065110206604,0.9911641212606963,0.9988512335569906,0.9898700491227193,-0.9153003692626953,0.8690776824951172,0.004399774130433798,0.5204878826530612,-0.671887776149537,
15,client_1,True,orig,raw,random,0.927061915397644,0.11598467826843262,0.15906906127929688,0.2373952865600586,0.9966453528267836,0.9937041457202025,0.9860583839316772,0.9716226374892261,0.9613886295533587,0.9431937351838093,0.10185635089874268,0.16206681728363037,0.24695396423339844,0.9974113577586818,0.9934657863766636,0.9849260518378342,-0.9232240915298462,0.837499737739563,-0.06396081298589706,0.6123246173469388,-0.7122476640753229,
15,client_2,False,orig,raw,random,0.9365226626396179,0.12944018840789795,0.04603588581085205,0.15433073043823242,0.9958244322126346,0.9994703847677515,0.9940719949829964,0.9684089968864042,0.9885896266203515,0.9625062012159205,0.1640775203704834,0.046068787574768066,0.16327941417694092,0.9933034658418431,0.9994696277684083,0.9933681303348358,-0.9115570783615112,1.0014736652374268,0.01225101575255394,0.4510522959183674,0.6446693079256631,
15,client_3,False,orig,raw,random,0.9413037896156311,0.1301652193069458,0.055921077728271484,0.08953642845153809,0.9957776728118226,0.9992186664303431,0.9979988156339863,0.9682362878439148,0.9861649845385656,0.9779862397098387,0.1498028039932251,0.056589365005493164,0.09028017520904541,0.9944132993859307,0.9991998913970328,0.9979654822811235,-0.9593418836593628,1.0564863681793213,-0.000348895788192749,0.49003507653061223,0.6672293440367493,
15,client_4,False,orig,raw,random,0.9241065979003906,0.037500739097595215,0.027335286140441895,0.05729019641876221,0.9996485163248736,0.999813221701632,0.9991799630435365,0.9906903329714378,0.9932010480454183,0.9858298705270774,0.04239702224731445,0.027162671089172363,0.05813264846801758,0.9995507745362162,0.9998155728388323,0.9991556838293547,-1.0158430337905884,1.0191296339035034,-0.005310499109327793,0.47887436224489793,0.6125607803678016,
15,client_5,False,orig,raw,random,0.9375147223472595,0.055090904235839844,0.06847977638244629,0.05430245399475098,0.9992416796313224,0.998828660103432,0.9992632182615102,0.9863682662328339,0.9830974339383785,0.9865613895281378,0.050988078117370605,0.06813240051269531,0.05430245399475098,0.9993503706599169,0.9988405033128291,0.9992632182615102,-1.1232439279556274,1.062609314918518,0.046881552785634995,0.42147640306122447,0.4654614423757275,
15,client_6,False,orig,raw,random,0.9524266123771667,0.10114574432373047,0.052681684494018555,0.06088221073150635,0.9974472824358482,0.9993065209259879,0.999073982738415,0.9751852892377941,0.9869585596673334,0.9849514786685918,0.10216259956359863,0.0520704984664917,0.06226456165313721,0.997395798423699,0.999322510238708,0.9990314851821256,-0.8985110521316528,0.8875201940536499,0.015466908924281597,0.49075255102040816,0.7650128165245783,
15,client_7,False,orig,raw,random,0.9522222876548767,0.08843076229095459,0.04296517372131348,0.0849684476852417,0.9980478629193552,0.9995386581512133,0.9981975311098903,0.9782536306990317,0.9893446327953246,0.9790916567432235,0.10631418228149414,0.043398380279541016,0.08667314052581787,0.9971803009230611,0.9995293113741868,0.9981245837520505,-0.7242866158485413,0.8849275708198547,0.0467185378074646,0.45424107142857145,0.7675881845903072,
15,client_8,False,orig,raw,random,0.9635640978813171,0.05067169666290283,0.06958949565887451,0.12429499626159668,0.9993584036910597,0.9987904239511762,0.9961488483031713,0.9874514412816373,0.982827066032681,0.9696359591838593,0.04497170448303223,0.06931662559509277,0.12486326694488525,0.9994945781192381,0.9987998826611484,0.9961136561985555,-0.8150073289871216,1.0523016452789307,0.05633436515927315,0.39174107142857145,0.6544313247395191,
15,client_9,False,orig,raw,random,0.954344630241394,0.07345664501190186,0.05197501182556152,0.07286345958709717,0.998652393909369,0.9993249914587363,0.998674049151683,0.9818857596093229,0.98713180517557,0.9820300595424636,0.08097422122955322,0.05119156837463379,0.07396805286407471,0.9983628069582244,0.9993451776040476,0.9986335837267082,-0.8547798991203308,1.0237224102020264,0.056323688477277756,0.3478954081632653,0.645096473833871,
15,client_0,True,orig,raw,pretrained,0.9473700523376465,0.06666505336761475,0.04951882362365723,0.08301281929016113,0.9988898678272933,0.9993872532664374,0.9982794414305285,0.9835398069442414,0.9877343111561057,0.9795654775586629,0.08087968826293945,0.05176496505737305,0.08421194553375244,0.9983666227115873,0.9993304335278257,0.9982294417356774,-0.9153003692626953,0.8690776824951172,0.004399774130433798,0.5204878826530612,-0.671887776149537,0.34820854663848877
15,client_1,True,orig,raw,pretrained,0.927061915397644,0.07308328151702881,0.10620319843292236,0.09035325050354004,0.9986660445736231,0.9971861725250788,0.9979621923950224,0.9819765813376411,0.973968854621843,0.9777887723732539,0.025583505630493164,0.10540890693664551,0.09065771102905273,0.9998363911385824,0.9972280170251946,0.9979484569580408,-0.9232240915298462,0.837499737739563,-0.06396081298589706,0.6123246173469388,-0.7122476640753229,0.7350900769233704
15,client_2,False,orig,raw,pretrained,0.9365226626396179,0.10777914524078369,0.04100608825683594,0.11149561405181885,0.9971022272290333,0.9995797576811944,0.9968994111811094,0.973590268501741,0.9898267718272105,0.972698344051701,0.10572457313537598,0.04185056686401367,0.10996043682098389,0.9972114245415369,0.9995622762679772,0.9969840151290248,-0.9115570783615112,1.0014736652374268,0.01225101575255394,0.4510522959183674,0.6446693079256631,0.3827458620071411
15,client_3,False,orig,raw,pretrained,0.9413037896156311,0.1340484619140625,0.02552008628845215,0.10528111457824707,0.9955228432314265,0.9998372011792827,0.9972347202328626,0.967312050492481,0.9936503797493188,0.974190467232962,0.1568458080291748,0.025197148323059082,0.10990679264068604,0.9938781024588277,0.9998412948221285,0.996986950454601,-0.9593418836593628,1.0564863681793213,-0.000348895788192749,0.49003507653061223,0.6672293440367493,0.4145190715789795
15,client_4,False,orig,raw,pretrained,0.9241065979003906,0.07708799839019775,0.04167032241821289,0.09472489356994629,0.9985160138597244,0.9995660373518551,0.9977605670566854,0.9810030798684581,0.9896632615572001,0.9767329411112409,0.04155576229095459,0.04108607769012451,0.09309601783752441,0.999568419402395,0.9995781170914759,0.997836798868474,-1.0158430337905884,1.0191296339035034,-0.005310499109327793,0.47887436224489793,0.6125607803678016,0.5708668231964111
15,client_5,False,orig,raw,pretrained,0.9375147223472595,0.0332491397857666,0.059777021408081055,0.09612667560577393,0.9997236809534034,0.9991072750971635,0.9976939118742989,0.991739254672289,0.985221616732334,0.9763947476424977,0.034540414810180664,0.06049168109893799,0.09839391708374023,0.9997018066424415,0.9990858164124514,0.9975840458464456,-1.1232439279556274,1.062609314918518,0.046881552785634995,0.42147640306122447,0.4654614423757275,0.32867705821990967
15,client_6,False,orig,raw,pretrained,0.9524266123771667,0.11841607093811035,0.044022440910339355,0.09128284454345703,0.996503604278709,0.9995156821688751,0.9979201107365767,0.971040752704855,0.989084581362812,0.9775641151345196,0.08673274517059326,0.04297637939453125,0.09199821949005127,0.9981220070737731,0.9995384175596067,0.9978874350831104,-0.8985110521316528,0.8875201940536499,0.015466908924281597,0.49075255102040816,0.7650128165245783,0.5151451826095581
15,client_7,False,orig,raw,pretrained,0.9522222876548767,0.09128761291503906,0.04354226589202881,0.11434519290924072,0.9979198937743408,0.9995261862122731,0.9967392904061227,0.977562962950393,0.9892026752177909,0.9720152973396792,0.09383904933929443,0.045158982276916504,0.11606812477111816,0.9978021877257852,0.9994903614623798,0.9966405361862178,-0.7242866158485413,0.8849275708198547,0.0467185378074646,0.45424107142857145,0.7675881845903072,0.5670945644378662
15,client_8,False,orig,raw,pretrained,0.9635640978813171,0.09881401062011719,0.10016882419586182,0.27564752101898193,0.9975634097372215,0.9974962631511106,0.9812718986896509,0.9757468934459652,0.9754205239443012,0.9344954086504125,0.11859130859375,0.10137319564819336,0.2893182039260864,0.9964932756155964,0.9974358108031316,0.9793977271149268,-0.8150073289871216,1.0523016452789307,0.05633436515927315,0.39174107142857145,0.6544313247395191,0.3007957935333252
15,client_9,False,orig,raw,pretrained,0.954344630241394,0.04310870170593262,0.057008981704711914,0.06371498107910156,0.999535571792947,0.9991879888621538,0.9989858722989264,0.989309323820246,0.9858986884431427,0.9842595806313303,0.0441206693649292,0.057599782943725586,0.06443464756011963,0.9995135192043201,0.9991710819410562,0.9989628515134161,-0.8547798991203308,1.0237224102020264,0.056323688477277756,0.3478954081632653,0.645096473833871,0.3481541872024536
15,client_0,True,orig,clip01,random,0.9473700523376465,0.06084144115447998,0.0714256763458252,0.1295177936553955,0.9990752216720875,0.9987258121672946,0.995819439544019,0.9849614418774759,0.9823799507868445,0.9683905083904132,0.05493021011352539,0.07074534893035889,0.12780070304870605,0.9992460945558519,0.998749947113869,0.9959292164143578,-0.9153003692626953,0.8690776824951172,0.004399774130433798,0.5204878826530612,-0.671887776149537,
15,client_1,True,orig,clip01,random,0.927061915397644,0.15382051467895508,0.11406946182250977,0.15572071075439453,0.9941109530091132,0.9967549588936766,0.9939652189478152,0.9626266558727234,0.9720813588622228,0.962178161533632,0.07505273818969727,0.11129498481750488,0.15465128421783447,0.9985932575810561,0.9969105339169748,0.9940474539725113,-0.9232240915298462,0.837499737739563,-0.06396081298589706,0.6123246173469388,-0.7122476640753229,
15,client_2,False,orig,clip01,random,0.9365226626396179,0.17931747436523438,0.04487800598144531,0.12288510799407959,0.9920095220929173,0.999496681222916,0.9962354751960845,0.9566347800396324,0.9888742168045661,0.9699725795173562,0.13091707229614258,0.04438185691833496,0.11903738975524902,0.995728911230169,0.9995077445063014,0.9964669149976171,-0.9115570783615112,1.0014736652374268,0.01225101575255394,0.4510522959183674,0.6446693079256631,
15,client_3,False,orig,clip01,random,0.9413037896156311,0.10913825035095215,0.033214449882507324,0.07389569282531738,0.9970288480413718,0.9997242571186347,0.9986362531079491,0.9732639511737813,0.991747819949321,0.9817789761134526,0.1142578125,0.033214449882507324,0.0759192705154419,0.9967442598740699,0.9997242571186347,0.9985606218393337,-0.9593418836593628,1.0564863681793213,-0.000348895788192749,0.49003507653061223,0.6672293440367493,
15,client_4,False,orig,clip01,random,0.9241065979003906,0.11557400226593018,0.03571128845214844,0.10257863998413086,0.9966690076103397,0.999681252189913,0.9973745867389752,0.9717209728097345,0.9911316094334448,0.9748404132421478,0.07309460639953613,0.03449511528015137,0.09846258163452148,0.998665631539752,0.999702588112491,0.9975806788285271,-1.0158430337905884,1.0191296339035034,-0.005310499109327793,0.47887436224489793,0.6125607803678016,
15,client_5,False,orig,clip01,random,0.9375147223472595,0.0599597692489624,0.1541265845298767,0.12224149703979492,0.9991018120334072,0.9940875979521029,0.9962746953740145,0.9851769405613302,0.9625543944333308,0.9701263043133623,0.07498621940612793,0.15841138362884521,0.12653350830078125,0.9985957474247285,0.993755855446907,0.9960093024651917,-1.1232439279556274,1.062609314918518,0.046881552785634995,0.42147640306122447,0.4654614423757275,
15,client_6,False,orig,clip01,random,0.9524266123771667,0.09767425060272217,0.03356730937957764,0.08612489700317383,0.9976191949319759,0.999718368436658,0.9981482014259448,0.9760215843415418,0.9916607006591347,0.9788116274533505,0.06836724281311035,0.03227508068084717,0.08408427238464355,0.9988325033228163,0.9997396306470927,0.9982347992237368,-0.8985110521316528,0.8875201940536499,0.015466908924281597,0.49075255102040816,0.7650128165245783,
15,client_7,False,orig,clip01,random,0.9522222876548767,0.08467936515808105,0.05656623840332031,0.12254905700683594,0.9982097586418919,0.999200544838478,0.9962559787788197,0.9791616756372057,0.9860070497014006,0.9700528398547064,0.09460246562957764,0.05825626850128174,0.12691187858581543,0.997766342366198,0.9991520913932066,0.9959854722181223,-0.7242866158485413,0.8849275708198547,0.0467185378074646,0.45424107142857145,0.7675881845903072,
15,client_8,False,orig,clip01,random,0.9635640978813171,0.07726740837097168,0.10064458847045898,0.23523002862930298,0.9985091060760456,0.9974724682650309,0.9863089378499266,0.9809595012334549,0.975305952997461,0.9436897372709354,0.10835051536560059,0.10644984245300293,0.24948745965957642,0.9970714895334905,0.9971731155607906,0.9846187753297044,-0.8150073289871216,1.0523016452789307,0.05633436515927315,0.39174107142857145,0.6544313247395191,
15,client_9,False,orig,clip01,random,0.954344630241394,0.04955911636352539,0.0382382869720459,0.09986758232116699,0.9993862561539464,0.9996345585438735,0.9975112716115033,0.9877244228458393,0.9905085403047189,0.975493077810127,0.05024516582489014,0.03826785087585449,0.10302174091339111,0.9993691544614691,0.9996339933990226,0.997351901333452,-0.8547798991203308,1.0237224102020264,0.056323688477277756,0.3478954081632653,0.645096473833871,
15,client_0,True,orig,clip01,pretrained,0.9473700523376465,0.07522773742675781,0.04212486743927002,0.09212088584899902,0.9985866967401407,0.9995565214459885,0.9978818066853121,0.9814551080662326,0.9895513924763084,0.9773616500748619,0.08971941471099854,0.04311704635620117,0.09321272373199463,0.9979906399492533,0.9995353920373424,0.9978313806877492,-0.9153003692626953,0.8690776824951172,0.004399774130433798,0.5204878826530612,-0.671887776149537,
15,client_1,True,orig,clip01,pretrained,0.927061915397644,0.06267213821411133,0.12515509128570557,0.10757160186767578,0.9990187734758929,0.9960955223215244,0.9971133524420361,0.9845142078852165,0.9694306918365556,0.9736401135409845,0.02332305908203125,0.12407577037811279,0.10771143436431885,0.9998640225977471,0.9961623822022891,0.9971058591580986,-0.9232240915298462,0.837499737739563,-0.06396081298589706,0.6123246173469388,-0.7122476640753229,
15,client_2,False,orig,clip01,pretrained,0.9365226626396179,0.12088251113891602,0.03751397132873535,0.12212276458740234,0.996356839812083,0.9996482683027448,0.9962819084082517,0.9704510147443455,0.9906870710165958,0.9701546672464603,0.12080264091491699,0.03812754154205322,0.1204458475112915,0.996361639341582,0.9996366716799767,0.9963830413128416,-0.9115570783615112,1.0014736652374268,0.01225101575255394,0.4510522959183674,0.6446693079256631,
15,client_3,False,orig,clip01,pretrained,0.9413037896156311,0.13717103004455566,0.027227163314819336,0.10355174541473389,0.9953125716215059,0.9998146961516248,0.9973246393283333,0.9665698193572416,0.9932278040595928,0.9746063060897574,0.16206836700439453,0.026715874671936035,0.10605812072753906,0.9934656620258879,0.9998215893864859,0.9971938386931265,-0.9593418836593628,1.0564863681793213,-0.000348895788192749,0.49003507653061223,0.6672293440367493,
15,client_4,False,orig,clip01,pretrained,0.9241065979003906,0.08440399169921875,0.044172048568725586,0.11447930335998535,0.9982213677650897,0.9995123859303812,0.9967316560062844,0.9792283810380016,0.9890477912990128,0.9719831686855493,0.04901731014251709,0.043245553970336914,0.11240267753601074,0.999399596327176,0.9995326194135974,0.9968488765775492,-1.0158430337905884,1.0191296339035034,-0.005310499109327793,0.47887436224489793,0.6125607803678016,
15,client_5,False,orig,clip01,pretrained,0.9375147223472595,0.027162909507751465,0.0660470724105835,0.0888373851776123,0.9998155696016711,0.9989103374001591,0.9980298955836724,0.9932437047831675,0.9836905196668182,0.9781552814822287,0.02364182472229004,0.06618344783782959,0.08958005905151367,0.9998602806737953,0.9989058365337771,0.9979968677588356,-1.1232439279556274,1.062609314918518,0.046881552785634995,0.42147640306122447,0.4654614423757275,
15,client_6,False,orig,clip01,pretrained,0.9524266123771667,0.11724841594696045,0.03928256034851074,0.09944665431976318,0.996572041007004,0.9996143317044854,0.9975321679223752,0.9713201324432563,0.9902512307557285,0.9755944715550511,0.08998322486877441,0.038220882415771484,0.10007429122924805,0.9979788239139449,0.9996348910460859,0.9975009777991444,-0.8985110521316528,0.8875201940536499,0.015466908924281597,0.49075255102040816,0.7650128165245783,
15,client_7,False,orig,clip01,pretrained,0.9522222876548767,0.0988001823425293,0.04522860050201416,0.11988723278045654,0.9975640904080756,0.9994887895109312,0.9964164236090962,0.9757502254712449,0.988788032746208,0.9706889259466909,0.09657454490661621,0.04608786106109619,0.12041819095611572,0.99767241057653,0.9994691886809632,0.9963846976545814,-0.7242866158485413,0.8849275708198547,0.0467185378074646,0.45424107142857145,0.7675881845903072,
15,client_8,False,orig,clip01,pretrained,0.9635640978813171,0.1030874252319336,0.10911548137664795,0.28839176893234253,0.9973485302425316,0.9970300848629341,0.979527427669229,0.9747180004917158,0.9732694165881637,0.9316242157453201,0.11652553081512451,0.1101231575012207,0.29906898736953735,0.9966140732018807,0.9969751026255662,0.9780090090432731,-0.8150073289871216,1.0523016452789307,0.05633436515927315,0.39174107142857145,0.6544313247395191,
15,client_9,False,orig,clip01,pretrained,0.954344630241394,0.04221141338348389,0.06452083587646484,0.059641480445861816,0.9995546979214442,0.9989600772269012,0.9991113162165637,0.989530094612848,0.9840628856064044,0.9852547542516055,0.03913116455078125,0.06417357921600342,0.059580087661743164,0.9996172978714255,0.9989712323949569,0.9991131436163563,-0.8547798991203308,1.0237224102020264,0.056323688477277756,0.3478954081632653,0.645096473833871,
15,client_0,True,flip,raw,random,0.9244481921195984,0.06453680992126465,0.07436752319335938,0.10176372528076172,0.9989595626377046,0.9986188003287804,0.9974160545865869,0.9840589872184908,0.9816642388028007,0.9750365282446696,0.04474508762359619,0.07420909404754639,0.10144710540771484,0.9994996571200025,0.9986246728832986,0.9974320776193979,-1.1101207733154297,1.1699168682098389,0.021661359816789627,0.49473852040816324,-0.671887776149537,
15,client_1,True,flip,raw,random,0.9731202125549316,0.0784459114074707,0.11413097381591797,0.07176852226257324,0.9984633330561212,0.996751466705559,0.9987135623443382,0.9806733153891438,0.9720666208177584,0.9822965006500153,0.07315826416015625,0.11470484733581543,0.07206034660339355,0.9986633086684764,0.9967187966603701,0.9987030894776725,-0.8207628726959229,0.9632636904716492,0.07176506519317627,0.36559311224489793,-0.7122476640753229,
15,client_2,False,flip,raw,random,0.9102597832679749,0.13440001010894775,0.03784751892089844,0.13121044635772705,0.9954994087809608,0.9996419874866742,0.9957098091983121,0.9672284451093842,0.990604851567771,0.9679873865210591,0.08613193035125732,0.03576016426086426,0.12674617767333984,0.9981478993814177,0.9996803793017373,0.9959959169263934,-0.8390352129936218,0.9378578662872314,0.01916024088859558,0.4976084183673469,0.6446693079256631,
15,client_3,False,flip,raw,random,0.9307305812835693,0.11405372619628906,0.02726459503173828,0.10739541053771973,0.9967558519446664,0.9998141863635333,0.9971227803677134,0.9720851291135355,0.9932185411053978,0.9736824318656383,0.1437664031982422,0.026829004287719727,0.11110341548919678,0.9948527626362886,0.999820075415564,0.9969211358555046,-0.7001617550849915,0.8119736313819885,0.017168313264846802,0.479671556122449,0.6672293440367493,
15,client_4,False,flip,raw,random,0.9451287984848022,0.10758137702941895,0.07597827911376953,0.10504162311553955,0.9971128289285667,0.9985583858641616,0.9972472607766909,0.9736377657851509,0.9812726949609192,0.974248038730505,0.06955480575561523,0.07361233234405518,0.1020669937133789,0.9987916284890332,0.9986466813069961,0.9974006607708765,-0.6775897145271301,0.9099588990211487,0.020722156390547752,0.483577806122449,0.6125607803678016,
15,client_5,False,flip,raw,random,0.8921021819114685,0.09915792942047119,0.06257796287536621,0.09399247169494629,0.9975464505619462,0.9990217180108096,0.9977950071145953,0.9756640291744427,0.9845372072114382,0.9769097149188548,0.10311245918273926,0.06329023838043213,0.09531617164611816,0.9973472448737373,0.9989993380598379,0.9977325701822302,-0.8887442946434021,0.9169891476631165,-0.024108078330755234,0.5718271683673469,0.4654614423757275,
15,client_6,False,flip,raw,random,0.935860276222229,0.04373931884765625,0.030833125114440918,0.07040989398956299,0.999521889508165,0.9997623719577342,0.9987617628342764,0.9891542096138994,0.9923360577973939,0.9826272589557288,0.06006145477294922,0.03127610683441162,0.07213425636291504,0.9990987650449508,0.9997554961311865,0.9987004303174365,-0.8028913140296936,0.8801738023757935,0.00415089912712574,0.5041454081632653,0.7650128165245783,
15,client_7,False,flip,raw,random,0.8261240720748901,0.14658856391906738,0.11497211456298828,0.18063080310821533,0.9946495164643316,0.9967035260282204,0.991892763657839,0.9643364539667907,0.9718651202853668,0.956327661691841,0.13084030151367188,0.11445891857147217,0.18537628650665283,0.995733902924804,0.9967328170061367,0.9914639531276555,-0.9467669725418091,0.9372941851615906,-0.025182848796248436,0.5884885204081632,0.7675881845903072,
15,client_8,False,flip,raw,random,0.8783546090126038,0.13742077350616455,0.11413121223449707,0.11312556266784668,0.9952955478756571,0.9967514531663191,0.9968083125701395,0.9665104925430203,0.9720665636942079,0.9723075556642142,0.17414212226867676,0.11649441719055176,0.11689305305480957,0.99246152493581,0.9966158765297903,0.9965927357533484,-0.900763988494873,0.858791172504425,-0.0639251098036766,0.6616709183673469,0.6544313247395191,
15,client_9,False,flip,raw,random,0.8947718143463135,0.09692716598510742,0.0844881534576416,0.07848703861236572,0.9976554121226264,0.9982178236863395,0.9984617232225779,0.9762017004499861,0.9792079932956081,0.9806633303858048,0.12304115295410156,0.08702492713928223,0.0792226791381836,0.9962259355032492,0.9981093507176153,0.9984327863378772,-0.7758954167366028,0.954861044883728,-0.024736642837524414,0.5977359693877551,0.645096473833871,
15,client_0,True,flip,raw,pretrained,0.9244481921195984,0.05555307865142822,0.05933272838592529,0.09170317649841309,0.999228910088394,0.999120487423572,0.9979009422560423,0.986255087433435,0.9853302452592341,0.9774625579337195,0.07681465148925781,0.059613943099975586,0.09460055828094482,0.9985265077425722,0.9991121361173503,0.9977664322831163,-1.1101207733154297,1.1699168682098389,0.021661359816789627,0.49473852040816324,-0.671887776149537,0.32656192779541016
15,client_1,True,flip,raw,pretrained,0.9731202125549316,0.09349465370178223,0.14346909523010254,0.07983994483947754,0.9978182640013367,0.9948739476881534,0.9984082984948983,0.9770298932838928,0.965075375868055,0.9803349522462215,0.0770801305770874,0.14528131484985352,0.08004176616668701,0.9985163164265243,0.9947441452833417,0.9984002509117276,-0.8207628726959229,0.9632636904716492,0.07176506519317627,0.36559311224489793,-0.7122476640753229,0.5460692644119263
15,client_2,False,flip,raw,pretrained,0.9102597832679749,0.12099778652191162,0.02386605739593506,0.1494051218032837,0.9963499071980029,0.9998576180323904,0.9944427984985211,0.9704234649905341,0.9940600810712292,0.9636700135639791,0.14466214179992676,0.02399754524230957,0.15694081783294678,0.9947886746720842,0.9998560449997569,0.9938707176423005,-0.8390352129936218,0.9378578662872314,0.01916024088859558,0.4976084183673469,0.6446693079256631,0.4161701202392578
15,client_3,False,flip,raw,pretrained,0.9307305812835693,0.05135321617126465,0.02979278564453125,0.059467434883117676,0.9993410376520793,0.9997781344060592,0.9991164919241233,0.9872842802648976,0.9925932080844386,0.985297307960679,0.06563997268676758,0.030122995376586914,0.06163454055786133,0.9989237180738775,0.9997731898769007,0.9990509718851279,-0.7001617550849915,0.8119736313819885,0.017168313264846802,0.479671556122449,0.6672293440367493,0.419766902923584
15,client_4,False,flip,raw,pretrained,0.9451287984848022,0.23555099964141846,0.024399399757385254,0.2314814329147339,0.9862719354483551,0.9998511839346234,0.9867375021698697,0.9436161867360533,0.9939279450140506,0.9445493666832838,0.24714481830596924,0.02381277084350586,0.24038755893707275,0.9849030082288095,0.9998582530571396,0.9857085130359513,-0.6775897145271301,0.9099588990211487,0.020722156390547752,0.483577806122449,0.6125607803678016,0.5360490083694458
15,client_5,False,flip,raw,pretrained,0.8921021819114685,0.08910989761352539,0.03341245651245117,0.12518858909606934,0.9980178082911157,0.99972096034856,0.996093438100875,0.9780893776488844,0.9916989316634461,0.9694226986834795,0.11376190185546875,0.03362751007080078,0.1291193962097168,0.9967723918689335,0.9997173575709704,0.9958450387567777,-0.8887442946434021,0.9169891476631165,-0.024108078330755234,0.5718271683673469,0.4654614423757275,0.4431079626083374
15,client_6,False,flip,raw,pretrained,0.935860276222229,0.03622734546661377,0.018894433975219727,0.05377328395843506,0.9996719755824848,0.9999107560649991,0.9992775002265395,0.9910043201125576,0.9952930741948325,0.9866910364574504,0.04519319534301758,0.019184231758117676,0.05527997016906738,0.9994895892472784,0.9999079976617786,0.9992364687416184,-0.8028913140296936,0.8801738023757935,0.00415089912712574,0.5041454081632653,0.7650128165245783,0.47634387016296387
15,client_7,False,flip,raw,pretrained,0.8261240720748901,0.060074567794799805,0.0517122745513916,0.09772229194641113,0.9990983717407915,0.9993317952274634,0.9976168565341474,0.9851488774373043,0.9871962286050406,0.9760100036662507,0.05137991905212402,0.05087995529174805,0.09857869148254395,0.9993403525125519,0.9993531215477114,0.9975749799895088,-0.9467669725418091,0.9372941851615906,-0.025182848796248436,0.5884885204081632,0.7675881845903072,0.6880296468734741
15,client_8,False,flip,raw,pretrained,0.8783546090126038,0.11164581775665283,0.06594491004943848,0.08209633827209473,0.9968910710083285,0.9989137030530815,0.9983171747589448,0.9726623220935187,0.983715438283858,0.979787646269433,0.1295030117034912,0.06561458110809326,0.08533871173858643,0.9958203907563308,0.9989245499196961,0.9981818092458496,-0.900763988494873,0.858791172504425,-0.0639251098036766,0.6616709183673469,0.6544313247395191,0.4695779085159302
15,client_9,False,flip,raw,pretrained,0.8947718143463135,0.04787099361419678,0.05025303363800049,0.050110816955566406,0.9994273380678647,0.9993689569732618,0.9993725219590872,0.9881388352400289,0.9875541507259087,0.987589043999967,0.04704451560974121,0.0499347448348999,0.05068385601043701,0.9994469329073645,0.9993769216378385,0.9993580958832569,-0.7758954167366028,0.954861044883728,-0.024736642837524414,0.5977359693877551,0.645096473833871,0.46764159202575684
15,client_0,True,flip,clip01,random,0.9244481921195984,0.04665708541870117,0.12967729568481445,0.1198568344116211,0.9994560011481302,0.9958091688370228,0.9964182357832232,0.9884369953571912,0.9683525106573383,0.9706961937468421,0.06573867797851562,0.130629301071167,0.1230846643447876,0.9989204813722834,0.9957476074441227,0.9962232733326448,-1.1101207733154297,1.1699168682098389,0.021661359816789627,0.49473852040816324,-0.671887776149537,
15,client_1,True,flip,clip01,random,0.9731202125549316,0.13525390625,0.17484629154205322,0.050572872161865234,0.9954422353349082,0.9924007844808009,0.99936090264981,0.9670254162493674,0.9576814656356096,0.9874756841782963,0.13125693798065186,0.1779613494873047,0.050357818603515625,0.9957067781836031,0.9921292124970675,0.9993663238467174,-0.8207628726959229,0.9632636904716492,0.07176506519317627,0.36559311224489793,-0.7122476640753229,
15,client_2,False,flip,clip01,random,0.9102597832679749,0.09996318817138672,0.04803824424743652,0.0933152437210083,0.9975065132006677,0.9994233313040113,0.9978266155369666,0.9754700503395615,0.9880977657201622,0.9770732101324424,0.08290445804595947,0.04653286933898926,0.09376442432403564,0.9982839246007169,0.9994588927159804,0.9978056761804313,-0.8390352129936218,0.9378578662872314,0.01916024088859558,0.4976084183673469,0.6446693079256631,
15,client_3,False,flip,clip01,random,0.9307305812835693,0.1519787311553955,0.030406594276428223,0.09551835060119629,0.9942505296197457,0.9997688998194159,0.9977229573596178,0.9630616631087807,0.9924414752615902,0.9765414903370282,0.1241375207901001,0.0298539400100708,0.093345046043396,0.9961585724327888,0.9997772227957347,0.9978252293424563,-0.7001617550849915,0.8119736313819885,0.017168313264846802,0.479671556122449,0.6672293440367493,
15,client_4,False,flip,clip01,random,0.9451287984848022,0.1611396074295044,0.04750967025756836,0.1649092435836792,0.9935399773834834,0.9994359465389482,0.99323574887787,0.9609008872257485,0.9882275693698228,0.9600138574295796,0.1713087558746338,0.04655754566192627,0.16975057125091553,0.9927035043209493,0.9994583189000055,0.9928349240989067,-0.6775897145271301,0.9099588990211487,0.020722156390547752,0.483577806122449,0.6125607803678016,
15,client_5,False,flip,clip01,random,0.8921021819114685,0.08162498474121094,0.0804668664932251,0.08668780326843262,0.9983364190129755,0.9983832339788936,0.9981239500525483,0.9799019388720773,0.9801828414382701,0.9786753655926372,0.09503591060638428,0.08017754554748535,0.08922982215881348,0.9977458620458757,0.9983948253598753,0.9980124773753238,-0.8887442946434021,0.9169891476631165,-0.024108078330755234,0.5718271683673469,0.4654614423757275,
15,client_6,False,flip,clip01,random,0.935860276222229,0.055641889572143555,0.02273392677307129,0.05478322505950928,0.999226444116105,0.9998708046633114,0.9992501215685037,0.9862333413537527,0.9943406548304379,0.986443622534289,0.07698822021484375,0.023497462272644043,0.05478322505950928,0.9985198486794815,0.9998619816051597,0.9992501215685037,-0.8028913140296936,0.8801738023757935,0.00415089912712574,0.5041454081632653,0.7650128165245783,
15,client_7,False,flip,clip01,random,0.8261240720748901,0.09966981410980225,0.07718360424041748,0.09731996059417725,0.9975211004150679,0.9985123347580063,0.9976364046353414,0.9755407145320778,0.9809798568720749,0.9761069946003016,0.08024704456329346,0.07690906524658203,0.09651327133178711,0.9983920447366346,0.9985228873608856,0.9976753580570621,-0.9467669725418091,0.9372941851615906,-0.025182848796248436,0.5884885204081632,0.7675881845903072,
15,client_8,False,flip,clip01,random,0.8783546090126038,0.13482916355133057,0.05083584785461426,0.07748329639434814,0.9954707190400272,0.9993542420663521,0.9985007725941499,0.9671263983126563,0.9874111748975687,0.9809070659437997,0.10381186008453369,0.05021190643310547,0.0790778398513794,0.9973112089654215,0.9993699889569849,0.9984385049259581,-0.900763988494873,0.858791172504425,-0.0639251098036766,0.6616709183673469,0.6544313247395191,
15,client_9,False,flip,clip01,random,0.8947718143463135,0.11750030517578125,0.07117772102355957,0.04772686958312988,0.9965573344519549,0.9987346351532342,0.9994307796057096,0.9712598537925692,0.982440310785015,0.9881742279217041,0.1420220136642456,0.07289934158325195,0.04858589172363281,0.9949764446442948,0.9986727441877399,0.9994101138856426,-0.7758954167366028,0.954861044883728,-0.024736642837524414,0.5977359693877551,0.645096473833871,
15,client_0,True,flip,clip01,pretrained,0.9244481921195984,0.05794787406921387,0.06900334358215332,0.09496760368347168,0.9991610392383536,0.998810696542189,0.9977490957275641,0.9856689540132277,0.9829698600522065,0.9766743723630193,0.07316780090332031,0.06901240348815918,0.09779870510101318,0.9986629604993185,0.9988103844973522,0.9976131347949881,-1.1101207733154297,1.1699168682098389,0.021661359816789627,0.49473852040816324,-0.671887776149537,
15,client_1,True,flip,clip01,pretrained,0.9731202125549316,0.09494161605834961,0.14553093910217285,0.0795891284942627,0.9977503253874678,0.994726139982754,0.9984182715648453,0.9766806432244919,0.9645868828486643,0.9803958180626007,0.08230268955230713,0.14636826515197754,0.0802990198135376,0.9983087152248686,0.9946655218352616,0.9983899636640783,-0.8207628726959229,0.9632636904716492,0.07176506519317627,0.36559311224489793,-0.7122476640753229,
15,client_2,False,flip,clip01,pretrained,0.9102597832679749,0.13030600547790527,0.025542736053466797,0.16103076934814453,0.9957685631939566,0.9998369121097184,0.9935486587261511,0.9682027566432643,0.9936447711833603,0.960926516103179,0.1539452075958252,0.025317072868347168,0.16699254512786865,0.9941014436591142,0.9998397807106154,0.9930646592729107,-0.8390352129936218,0.9378578662872314,0.01916024088859558,0.4976084183673469,0.6446693079256631,
15,client_3,False,flip,clip01,pretrained,0.9307305812835693,0.05308341979980469,0.02749156951904297,0.05697000026702881,0.9992959096641936,0.9998110801736415,0.9991890982765479,0.986860091925021,0.9931623761587944,0.9859082284179992,0.07723641395568848,0.02786421775817871,0.05907797813415527,0.9985103005896345,0.9998059245957585,0.9991280188085301,-0.7001617550849915,0.8119736313819885,0.017168313264846802,0.479671556122449,0.6672293440367493,
15,client_4,False,flip,clip01,pretrained,0.9451287984848022,0.224229097366333,0.021605968475341797,0.2344914674758911,0.9875478565250753,0.9998833057457288,0.9863938974263775,0.9462158197544928,0.9946203127416227,0.943859011353271,0.23519647121429443,0.021298766136169434,0.24101650714874268,0.9863128036458813,0.9998866002858142,0.9856344399152319,-0.6775897145271301,0.9099588990211487,0.020722156390547752,0.483577806122449,0.6125607803678016,
15,client_5,False,flip,clip01,pretrained,0.8921021819114685,0.08945763111114502,0.03222620487213135,0.11722517013549805,0.9980023311277222,0.9997404184778902,0.9965733966396173,0.9780052921912898,0.9919918739536187,0.9713256955928546,0.10482621192932129,0.03205859661102295,0.11889278888702393,0.9972585162047221,0.999743111100502,0.9964754707346164,-0.8887442946434021,0.9169891476631165,-0.024108078330755234,0.5718271683673469,0.4654614423757275,
15,client_6,False,flip,clip01,pretrained,0.935860276222229,0.03442668914794922,0.01681840419769287,0.051517367362976074,0.999703766600716,0.9999292890703113,0.9993368202553625,0.9914485720139559,0.9958086215009048,0.9872440241094655,0.04386413097381592,0.016957521438598633,0.05256211757659912,0.9995191579807048,0.9999281144925447,0.9993096635807341,-0.8028913140296936,0.8801738023757935,0.00415089912712574,0.5041454081632653,0.7650128165245783,
15,client_7,False,flip,clip01,pretrained,0.8261240720748901,0.05849575996398926,0.05075645446777344,0.10932064056396484,0.9991451100401922,0.9993562565557343,0.9970189312879709,0.9855349307648229,0.9874306498344694,0.9732201722921827,0.05179464817047119,0.050132036209106445,0.11009359359741211,0.9993296658070552,0.9993719906901073,0.9969767228644075,-0.9467669725418091,0.9372941851615906,-0.025182848796248436,0.5884885204081632,0.7675881845903072,
15,client_8,False,flip,clip01,pretrained,0.8783546090126038,0.10475504398345947,0.07505416870117188,0.08601617813110352,0.9972622297578335,0.9985932040118839,0.9981528671976592,0.9743169363748472,0.9814972997916205,0.9788379481461391,0.12364089488983154,0.07505416870117188,0.0905449390411377,0.9961891593284502,0.9985932040118839,0.9979535499099195,-0.900763988494873,0.858791172504425,-0.0639251098036766,0.6616709183673469,0.6544313247395191,
15,client_9,False,flip,clip01,pretrained,0.8947718143463135,0.04088151454925537,0.05253255367279053,0.043579936027526855,0.9995823063392064,0.999310439529173,0.9995253663195545,0.989857441853139,0.9869951162820698,0.989193409890387,0.04221141338348389,0.052484750747680664,0.04405498504638672,0.9995546979214442,0.9993116932660138,0.9995149660888618,-0.7758954167366028,0.954861044883728,-0.024736642837524414,0.5977359693877551,0.645096473833871,
15,client_0,True,flip_global,raw,random,0.9434024095535278,0.058417320251464844,0.06146395206451416,0.0886918306350708,0.9991473997618607,0.9990562142307056,0.99803633657913,0.985554116924021,0.9848093300578766,0.9781904848172298,0.04033303260803223,0.06116926670074463,0.08780324459075928,0.9995934356336751,0.9990652360582724,0.9980754300594803,-1.1512694358825684,1.1838352680206299,0.02239995263516903,0.4984853316326531,-0.671887776149537,
15,client_1,True,flip_global,raw,random,0.9731907844543457,0.05639028549194336,0.10214972496032715,0.059761643409729004,0.9992055076569386,0.9973964534667898,0.999107734048398,0.9860501190741606,0.9749436273015788,0.9852253763139875,0.05589282512664795,0.10248160362243652,0.0601041316986084,0.9992194552637952,0.9973795417539641,0.999097484704542,-0.7471923828125,0.9675282835960388,0.07252620905637741,0.34980867346938777,-0.7122476640753229,
15,client_2,False,flip_global,raw,random,0.9379028677940369,0.1165170669555664,0.03837990760803223,0.11819291114807129,0.9966145638095447,0.9996318473568888,0.9965167356369546,0.9714951806159304,0.990473639020381,0.9710941378513729,0.0819091796875,0.03651547431945801,0.11474609375,0.9983248292003277,0.9996667383547482,0.9967164422935095,-0.8714321255683899,0.929438054561615,0.01571512781083584,0.5124362244897959,0.6446693079256631,
15,client_3,False,flip_global,raw,random,0.9023538827896118,0.12163221836090088,0.03376436233520508,0.1148989200592041,0.996311635771183,0.9997150528698311,0.9967077115824323,0.9702718626451716,0.9916120542413338,0.9718826519956576,0.1525934934616089,0.03321278095245361,0.11890304088592529,0.9942041245197213,0.999724284822773,0.9964748644837411,-0.8498423099517822,0.8328554630279541,0.017096279188990593,0.47433035714285715,0.6672293440367493,
15,client_4,False,flip_global,raw,random,0.9589067697525024,0.07291126251220703,0.06434226036071777,0.07891690731048584,0.9986723105032875,0.9989658212283854,0.9984448466968676,0.9820184296910657,0.9841064676700952,0.9805589745268528,0.04277348518371582,0.06210768222808838,0.07623016834259033,0.9995427641003769,0.9990363559766446,0.998548821735411,-0.7156319618225098,0.8854959607124329,0.021429745480418205,0.4789540816326531,0.6125607803678016,
15,client_5,False,flip_global,raw,random,0.8975954055786133,0.10071086883544922,0.06859397888183594,0.09629702568054199,0.9974691444371568,0.9988247534477803,0.9976857454082657,0.9752899933263459,0.9830696049107384,0.9763536610199255,0.10313963890075684,0.06918585300445557,0.09764301776885986,0.9973458489799119,0.9988044026094123,0.9976207145683171,-0.8742168545722961,0.9191240072250366,-0.02479325793683529,0.5762914540816326,0.4654614423757275,
15,client_6,False,flip_global,raw,random,0.9522537589073181,0.0460970401763916,0.02901482582092285,0.06785273551940918,0.9994689773054515,0.9997895681877087,0.9988499944194891,0.9885745991752755,0.9927855689205398,0.9832502532190153,0.058377861976623535,0.029164433479309082,0.0687263011932373,0.9991485504237831,0.9997873928623915,0.998820218834882,-0.7828320264816284,0.8889263868331909,0.010327271185815334,0.4921077806122449,0.7650128165245783,
15,client_7,False,flip_global,raw,random,0.8887904286384583,0.1328902244567871,0.11280059814453125,0.20226573944091797,0.9955996237220672,0.9968265795107605,0.9898500767037217,0.9675875799481433,0.9723854487287056,0.9512896373067838,0.13041484355926514,0.11368429660797119,0.2065584659576416,0.9957615141249425,0.9967767832902095,0.9894181395017518,-0.9592517614364624,0.920641303062439,-0.043644536286592484,0.6222895408163265,0.7675881845903072,
15,client_8,False,flip_global,raw,random,0.8993268013000488,0.17336714267730713,0.15448105335235596,0.11329281330108643,0.9925280964459291,0.9940604927632073,0.9967988907732734,0.9580281070761423,0.9624707164395745,0.9722674698186013,0.21889495849609375,0.15750765800476074,0.11602789163589478,0.9881280282260962,0.9938265677060032,0.9966428589231677,-1.0081140995025635,0.8375830054283142,-0.06501459330320358,0.6607940051020408,0.6544313247395191,
15,client_9,False,flip_global,raw,random,0.920745313167572,0.11513793468475342,0.09331250190734863,0.09889984130859375,0.9966940340093116,0.9978267430447718,0.9975591827686034,0.9718254044374914,0.9770738721398693,0.9757262122917991,0.1379324197769165,0.09560632705688477,0.09997129440307617,0.9952605762080529,0.9977187681049724,0.9975061095365605,-0.8317011594772339,0.9002862572669983,-0.02968037873506546,0.5966996173469388,0.645096473833871,
15,client_0,True,flip_global,raw,pretrained,0.9434024095535278,0.05681800842285156,0.03725886344909668,0.11039745807647705,0.9991934167447045,0.9996530345888299,0.996960049129483,0.985945426890853,0.9907499619947704,0.9729617654552449,0.09550237655639648,0.037679314613342285,0.1149284839630127,0.9977237175993099,0.9996451617734974,0.9967060213179815,-1.1512694358825684,1.1838352680206299,0.02239995263516903,0.4984853316326531,-0.671887776149537,0.31013596057891846
15,client_1,True,flip_global,raw,pretrained,0.9731907844543457,0.05723857879638672,0.11522161960601807,0.07904291152954102,0.9991814391533569,0.9966892385020676,0.998439882417697,0.9858425016772976,0.9718053618507343,0.980528388627949,0.047826290130615234,0.11577296257019043,0.08077383041381836,0.9994284066506391,0.9966575579443346,0.998370890321151,-0.7471923828125,0.9675282835960388,0.07252620905637741,0.34980867346938777,-0.7122476640753229,0.566539466381073
15,client_2,False,flip_global,raw,pretrained,0.9379028677940369,0.12083899974822998,0.026247024536132812,0.17239892482757568,0.9963594548701855,0.999827795669733,0.9926108594469791,0.9704614138708914,0.9934703979979305,0.9582551129122192,0.15377402305603027,0.026523351669311523,0.18204843997955322,0.9941144966230675,0.9998241511496146,0.9917657991420208,-0.8714321255683899,0.929438054561615,0.01571512781083584,0.5124362244897959,0.6446693079256631,0.3896750211715698
15,client_3,False,flip_global,raw,pretrained,0.9023538827896118,0.050739288330078125,0.031059980392456055,0.04902803897857666,0.9993566917078183,0.9997588630236682,0.9993993335859148,0.987434860707425,0.9922799971638196,0.9878547673816118,0.06613171100616455,0.03152585029602051,0.05044269561767578,0.9989075451196476,0.999751576486172,0.9993641869712415,-0.8498423099517822,0.8328554630279541,0.017096279188990593,0.47433035714285715,0.6672293440367493,0.40173935890197754
15,client_4,False,flip_global,raw,pretrained,0.9589067697525024,0.17758655548095703,0.01978611946105957,0.1772139072418213,0.9921621350310246,0.9999021345529961,0.9921948018828435,0.9570397770929375,0.9950717619259166,0.9571270023043499,0.18387866020202637,0.019294261932373047,0.18057787418365479,0.9916004520533208,0.9999069393598439,0.9918974852575151,-0.7156319618225098,0.8854959607124329,0.021429745480418205,0.4789540816326531,0.6125607803678016,0.5290017127990723
15,client_5,False,flip_global,raw,pretrained,0.8975954055786133,0.07536733150482178,0.03170204162597656,0.11058282852172852,0.9985814523536898,0.9997487924781427,0.9969498550683096,0.9814211769984673,0.9921213563008,0.9729172919969784,0.09466695785522461,0.03191983699798584,0.11330878734588623,0.9977633009905789,0.9997453296547074,0.9967979901798052,-0.8742168545722961,0.9191240072250366,-0.02479325793683529,0.5762914540816326,0.4654614423757275,0.4324171543121338
15,client_6,False,flip_global,raw,pretrained,0.9522537589073181,0.03618216514587402,0.013011813163757324,0.05206179618835449,0.999672793051823,0.9999576745231804,0.9993227365556057,0.9910154631966972,0.9967549660976462,0.9871105269534259,0.0484166145324707,0.013235926628112793,0.05333840847015381,0.9994142153444228,0.9999562040001941,0.999289132772283,-0.7828320264816284,0.8889263868331909,0.010327271185815334,0.4921077806122449,0.7650128165245783,0.4679398536682129
15,client_7,False,flip_global,raw,pretrained,0.8887904286384583,0.07823431491851807,0.04590559005737305,0.11565017700195312,0.998471602256372,0.9994733772915203,0.9966646262488124,0.9807246899201087,0.9886216453024961,0.9717027318348508,0.05817711353302002,0.04478859901428223,0.1152794361114502,0.9991543925374649,0.9994986839177746,0.9966859233518188,-0.9592517614364624,0.920641303062439,-0.043644536286592484,0.6222895408163265,0.7675881845903072,0.6904498934745789
15,client_8,False,flip_global,raw,pretrained,0.8993268013000488,0.11416792869567871,0.06714057922363281,0.07696282863616943,0.9967493677891162,0.9988739874886194,0.9985208237762373,0.9720577667275654,0.9834238596549167,0.9810334852881961,0.1321558952331543,0.0666581392288208,0.07958030700683594,0.9956479624214818,0.9988900978974458,0.9984186217601922,-1.0081140995025635,0.8375830054283142,-0.06501459330320358,0.6607940051020408,0.6544313247395191,0.4735536575317383
15,client_9,False,flip_global,raw,pretrained,0.920745313167572,0.0581049919128418,0.04808974266052246,0.0510411262512207,0.9991564864953737,0.9994220947658561,0.9993490188649006,0.9856305172210549,0.9880851204536285,0.9873608234532083,0.05968201160430908,0.04733896255493164,0.05218231678009033,0.9991101087492178,0.9994399909749216,0.999319598862761,-0.8317011594772339,0.9002862572669983,-0.02968037873506546,0.5966996173469388,0.645096473833871,0.4500617980957031
15,client_0,True,flip_global,clip01,random,0.9434024095535278,0.04666852951049805,0.0814063549041748,0.09249818325042725,0.9994557343593069,0.9983453077238191,0.997864448140251,0.9884341838291555,0.9799549584717158,0.9772705181470136,0.049904465675354004,0.08156991004943848,0.09380030632019043,0.9993776766938669,0.9983386603890165,0.9978039991685597,-1.1512694358825684,1.1838352680206299,0.02239995263516903,0.4984853316326531,-0.671887776149537,
15,client_1,True,flip_global,clip01,random,0.9731907844543457,0.08919429779052734,0.14826512336730957,0.0425107479095459,0.9980140572562828,0.9945269334837463,0.9995483621189931,0.9780689678397751,0.9639396711656261,0.9894564374710362,0.08469486236572266,0.15084052085876465,0.04208719730377197,0.9982091041967371,0.9943359609909033,0.9995573139889224,-0.7471923828125,0.9675282835960388,0.07252620905637741,0.34980867346938777,-0.7122476640753229,
15,client_2,False,flip_global,clip01,random,0.9379028677940369,0.09450244903564453,0.0408935546875,0.08270657062530518,0.9977710549560528,0.9995820603476724,0.9982920966542361,0.9767866241723193,0.9898544775108711,0.9796397084037785,0.07470226287841797,0.03878676891326904,0.08300518989562988,0.998606351389016,0.9996240027034693,0.9982797572679214,-0.8714321255683899,0.929438054561615,0.01571512781083584,0.5124362244897959,0.6446693079256631,
15,client_3,False,flip_global,clip01,random,0.9023538827896118,0.12176704406738281,0.035468459129333496,0.07319962978363037,0.996303477052505,0.9996855712705106,0.9986617981575765,0.9702396495921943,0.9911915135891385,0.9819482779396818,0.1266634464263916,0.03596973419189453,0.07279646396636963,0.996001126720369,0.9996766230064744,0.9986764839496127,-0.8498423099517822,0.8328554630279541,0.017096279188990593,0.47433035714285715,0.6672293440367493,
15,client_4,False,flip_global,clip01,random,0.9589067697525024,0.08783245086669922,0.04261064529418945,0.10006022453308105,0.9980741513450488,0.9995462377112605,0.9975016789706623,0.9783983703031958,0.9894318575876142,0.9754466791527878,0.0912405252456665,0.04132366180419922,0.10158467292785645,0.997922035782894,0.9995732253954439,0.9974251218914292,-0.7156319618225098,0.8854959607124329,0.021429745480418205,0.4789540816326531,0.6125607803678016,
15,client_5,False,flip_global,clip01,random,0.8975954055786133,0.0768822431564331,0.07537233829498291,0.08654725551605225,0.9985239163286421,0.9985812640745879,0.9981300199081389,0.9810530613354949,0.9814199600330153,0.9787093851052246,0.09130752086639404,0.07492005825042725,0.08887135982513428,0.9979189878353396,0.9985982217014306,0.9980283906458376,-0.8742168545722961,0.9191240072250366,-0.02479325793683529,0.5762914540816326,0.4654614423757275,
15,client_6,False,flip_global,clip01,random,0.9522537589073181,0.06423497200012207,0.025848865509033203,0.041053175926208496,0.998969264598822,0.9998329799626948,0.9995787922958868,0.9841326532135501,0.993568971645532,0.9898151792222605,0.07893252372741699,0.02648937702178955,0.04066300392150879,0.9984442318735676,0.9998246013031946,0.9995867581493503,-0.7828320264816284,0.8889263868331909,0.010327271185815334,0.4921077806122449,0.7650128165245783,
15,client_7,False,flip_global,clip01,random,0.8887904286384583,0.09975123405456543,0.09728348255157471,0.14504671096801758,0.9975170562995215,0.9976381730373691,0.9947610394385946,0.9755211023664845,0.9761157891604173,0.9647015730346713,0.07340991497039795,0.09719455242156982,0.14336860179901123,0.9986541062144993,0.9976424814811171,0.9948810987091148,-0.9592517614364624,0.920641303062439,-0.043644536286592484,0.6222895408163265,0.7675881845903072,
15,client_8,False,flip_global,clip01,random,0.8993268013000488,0.13679754734039307,0.04562234878540039,0.07249295711517334,0.9953379730748546,0.999479853326416,0.9986874862451329,0.9666585507600296,0.9886912539543593,0.9821202051520026,0.10154891014099121,0.044442057609558105,0.07304024696350098,0.9974269310392962,0.9995064086793461,0.9986676135210057,-1.0081140995025635,0.8375830054283142,-0.06501459330320358,0.6607940051020408,0.6544313247395191,
15,client_9,False,flip_global,clip01,random,0.920745313167572,0.10974740982055664,0.07165324687957764,0.049962520599365234,0.9969956632595318,0.9987176876336026,0.9993762286057022,0.9731177469840804,0.9823245579753184,0.9876254309100292,0.1238551139831543,0.07284307479858398,0.04988968372344971,0.9961759805658721,0.9986747902248989,0.9993780451378398,-0.8317011594772339,0.9002862572669983,-0.02968037873506546,0.5966996173469388,0.645096473833871,
15,client_0,True,flip_global,clip01,pretrained,0.9434024095535278,0.06813836097717285,0.038344383239746094,0.11728131771087646,0.998840300606676,0.9996325283764738,0.9965701218107235,0.9831806375818846,0.9904823935462688,0.9713122585286793,0.10259890556335449,0.03867506980895996,0.12158453464508057,0.9973735513205384,0.9996261645916018,0.9963145191199914,-1.1512694358825684,1.1838352680206299,0.02239995263516903,0.4984853316326531,-0.671887776149537,
15,client_1,True,flip_global,clip01,pretrained,0.9731907844543457,0.06948745250701904,0.12479734420776367,0.075217604637146,0.9987939654876516,0.9961177468246338,0.9985870770403342,0.9828519227898349,0.9695160626083876,0.9814575711072451,0.06047046184539795,0.12479734420776367,0.07641232013702393,0.9990864572146201,0.9961177468246338,0.998541885871391,-0.7471923828125,0.9675282835960388,0.07252620905637741,0.34980867346938777,-0.7122476640753229,
15,client_2,False,flip_global,clip01,pretrained,0.9379028677940369,0.1316077709197998,0.023679614067077637,0.1818023920059204,0.9956838715033836,0.9998598337060953,0.9917879047965961,0.9678927962929813,0.9941062787932029,0.9560538138154746,0.16071629524230957,0.023821473121643066,0.19064712524414062,0.9935737100661952,0.9998581494475711,0.990974976064289,-0.8714321255683899,0.929438054561615,0.01571512781083584,0.5124362244897959,0.6446693079256631,
15,client_3,False,flip_global,clip01,pretrained,0.9023538827896118,0.05892074108123779,0.032173752784729004,0.047863006591796875,0.9991326512016354,0.9997412626276803,0.9994275290611121,0.9854309911820311,0.992004829880998,0.988140796571277,0.08081996440887451,0.03283262252807617,0.049302101135253906,0.998369031134543,0.9997305591856382,0.999392602546662,-0.8498423099517822,0.8328554630279541,0.017096279188990593,0.47433035714285715,0.6672293440367493,
15,client_4,False,flip_global,clip01,pretrained,0.9589067697525024,0.1664886474609375,0.01690673828125,0.17577576637268066,0.9931062343537602,0.9999285443798327,0.9923202428448765,0.9596425748785486,0.9957866770474844,0.9574637377778445,0.1714160442352295,0.01655745506286621,0.17845690250396729,0.9926944122270553,0.9999314661933261,0.9920855782574112,-0.7156319618225098,0.8854959607124329,0.021429745480418205,0.4789540816326531,0.6125607803678016,
15,client_5,False,flip_global,clip01,pretrained,0.8975954055786133,0.07328975200653076,0.0309603214263916,0.10545217990875244,0.9986585043015535,0.9997604076863638,0.9972257453614051,0.981926355247553,0.9923046243713614,0.9741493478618446,0.08649313449859619,0.030884742736816406,0.1072695255279541,0.9981323546283716,0.9997615758096767,0.9971295070389568,-0.8742168545722961,0.9191240072250366,-0.02479325793683529,0.5762914540816326,0.4654614423757275,
15,client_6,False,flip_global,clip01,pretrained,0.9522537589073181,0.03324019908905029,0.011329293251037598,0.04815793037414551,0.9997238295070796,0.9999679125508323,0.9994204554627668,0.9917414622072989,0.9971736820769963,0.9880683775576902,0.045957088470458984,0.011476278305053711,0.04943287372589111,0.9994721955311636,0.9999670745721516,0.9993893775379177,-0.7828320264816284,0.8889263868331909,0.010327271185815334,0.4921077806122449,0.7650128165245783,
15,client_7,False,flip_global,clip01,pretrained,0.8887904286384583,0.0737307071685791,0.048300743103027344,0.1359570026397705,0.9986423297433809,0.9994170145834753,0.9953948907401244,0.9818191012366282,0.9880333125223084,0.9668582907294074,0.05814337730407715,0.04742240905761719,0.13640010356903076,0.9991553723477289,0.9994380157619724,0.9953649291779576,-0.9592517614364624,0.920641303062439,-0.043644536286592484,0.6222895408163265,0.7675881845903072,
15,client_8,False,flip_global,clip01,pretrained,0.8993268013000488,0.10999643802642822,0.07369363307952881,0.07938086986541748,0.9969820444035002,0.9986436933687461,0.9984265287045031,0.9730579872913239,0.9818281181311823,0.9804463606720144,0.12121284008026123,0.07327532768249512,0.08216643333435059,0.9963369564968485,0.9986590317641235,0.9983143035260087,-1.0081140995025635,0.8375830054283142,-0.06501459330320358,0.6607940051020408,0.6544313247395191,
15,client_9,False,flip_global,clip01,pretrained,0.920745313167572,0.04987597465515137,0.052628397941589355,0.046327948570251465,0.9993783867425383,0.9993079223711798,0.9994636461496753,0.9876466672872017,0.9869716216297002,0.9885178612109851,0.05030930042266846,0.05237472057342529,0.047479867935180664,0.9993675437337555,0.9993145747211438,0.9994366536678185,-0.8317011594772339,0.9002862572669983,-0.02968037873506546,0.5966996173469388,0.645096473833871,
