round,client,is_byz,recon,prep,extractor,S_R,mmd2_cl,mmd2_cg,mmd2_lg,S_cl,S_cg,S_lg,Ssqrt_cl,Ssqrt_cg,Ssqrt_lg,mmd2fix_cl,mmd2fix_cg,mmd2fix_lg,Sfix_cl,Sfix_cg,Sfix_lg,drec_min,drec_max,drec_mean,drec_frac_outside_01,cos_update_vs_neg_true_grad,mmd2_rec_vs_real
1,client_0,True,orig,raw,random,0.9671116471290588,0.0,0.03558969497680664,0.03558969497680664,1.0,0.9996834185908068,0.9996834185908068,1.0,0.9911616049442886,0.9911616049442886,0.0,0.035730719566345215,0.035730719566345215,1.0,0.9996809053064688,0.9996809053064688,-0.7814341187477112,0.9027956128120422,0.02542920969426632,0.4177295918367347,-0.1065177712129384,
1,client_1,True,orig,raw,random,0.9721122980117798,0.0,0.029416322708129883,0.029416322708129883,1.0,0.9997837050836109,0.9997837050836109,1.0,0.9926862865315143,0.9926862865315143,0.0,0.029466986656188965,0.029466986656188965,1.0,0.9997829595107579,0.9997829595107579,-1.001866340637207,0.9864697456359863,0.02415516972541809,0.39883609693877553,-0.10029048596892504,
1,client_2,False,orig,raw,random,0.9695634245872498,0.0,0.036221981048583984,0.036221981048583984,1.0,0.9996720726968067,0.9996720726968067,1.0,0.9910056431602055,0.9910056431602055,0.0,0.03603720664978027,0.03603720664978027,1.0,0.9996754089753856,0.9996754089753856,-0.8613956570625305,0.8231549859046936,0.007575001567602158,0.4622130102040816,0.5255459925637671,
1,client_3,False,orig,raw,random,0.9580816626548767,0.0,0.024761438369750977,0.024761438369750977,1.0,0.9998467354122711,0.9998467354122711,1.0,0.9938382646317785,0.9938382646317785,0.0,0.024353742599487305,0.024353742599487305,1.0,0.9998517402931193,0.9998517402931193,-0.8002432584762573,1.0008593797683716,0.018743546679615974,0.42753507653061223,0.6653482332138091,
1,client_4,False,orig,raw,random,0.9624106287956238,0.0,0.030440092086791992,0.030440092086791992,1.0,0.999768390438549,0.999768390438549,1.0,0.9924331956409325,0.9924331956409325,0.0,0.03049015998840332,0.03049015998840332,1.0,0.999767628041464,0.999767628041464,-0.9290884137153625,0.9232601523399353,0.02025684155523777,0.39150191326530615,0.6262344158323471,
1,client_5,False,orig,raw,random,0.9663839936256409,0.0,0.04196596145629883,0.04196596145629883,1.0,0.9995598598662878,0.9995598598662878,1.0,0.9895904990220612,0.9895904990220612,0.0,0.042531609535217285,0.042531609535217285,1.0,0.9995479188891248,0.9995479188891248,-1.0159752368927002,0.9615061283111572,0.006073161028325558,0.4417251275510204,0.6303692648424521,
1,client_6,False,orig,raw,random,0.9659206867218018,0.0,0.04779326915740967,0.04779326915740967,1.0,0.9994291953371308,0.9994291953371308,1.0,0.9881579218758845,0.9881579218758845,0.0,0.04778933525085449,0.04778933525085449,1.0,0.9994292892599206,0.9994292892599206,-0.9414072632789612,0.8911058306694031,0.01433547679334879,0.42410714285714285,0.6139150482241953,
1,client_7,False,orig,raw,random,0.9708166718482971,0.0,0.05452549457550049,0.05452549457550049,1.0,0.9992571567321993,0.9992571567321993,1.0,0.9865067521301321,0.9865067521301321,0.0,0.055681586265563965,0.055681586265563965,1.0,0.999225340605244,0.999225340605244,-0.7268680334091187,1.0162928104400635,0.026215985417366028,0.38472576530612246,0.5820557182145112,
1,client_8,False,orig,raw,random,0.9579267501831055,0.0,0.0107346773147583,0.0107346773147583,1.0,0.9999711922981649,0.9999711922981649,1.0,0.9973217227448365,0.9973217227448365,0.0,0.010733366012573242,0.010733366012573242,1.0,0.9999711993356339,0.9999711993356339,-1.0066288709640503,0.9721657037734985,0.0031345782335847616,0.4772799744897959,0.6419109053584656,
1,client_9,False,orig,raw,random,0.9649419784545898,0.0,0.04020094871520996,0.04020094871520996,1.0,0.999596093327797,0.999596093327797,1.0,0.9900250222250351,0.9900250222250351,0.0,0.03980588912963867,0.03980588912963867,1.0,0.9996039904546661,0.9996039904546661,-1.0491043329238892,1.0550463199615479,0.010975416749715805,0.45607461734693877,0.48885365504937034,
1,client_0,True,orig,raw,pretrained,0.9671116471290588,0.0,0.03943133354187012,0.03943133354187012,1.0,0.999611405775058,0.999611405775058,1.0,0.9902145811193919,0.9902145811193919,0.0,0.03829169273376465,0.03829169273376465,1.0,0.9996335373192471,0.9996335373192471,-0.7814341187477112,0.9027956128120422,0.02542920969426632,0.4177295918367347,-0.1065177712129384,0.41074275970458984
1,client_1,True,orig,raw,pretrained,0.9721122980117798,0.0,0.04485166072845459,0.04485166072845459,1.0,0.9994972717647397,0.9994972717647397,1.0,0.9888806935186274,0.9888806935186274,0.0,0.04522979259490967,0.04522979259490967,1.0,0.9994887625728996,0.9994887625728996,-1.001866340637207,0.9864697456359863,0.02415516972541809,0.39883609693877553,-0.10029048596892504,0.5034459829330444
1,client_2,False,orig,raw,pretrained,0.9695634245872498,0.0,0.021076202392578125,0.021076202392578125,1.0,0.999888957671843,0.999888957671843,1.0,0.994751699881878,0.994751699881878,0.0,0.02111077308654785,0.02111077308654785,1.0,0.9998885931244168,0.9998885931244168,-0.8613956570625305,0.8231549859046936,0.007575001567602158,0.4622130102040816,0.5255459925637671,0.4636496305465698
1,client_3,False,orig,raw,pretrained,0.9580816626548767,0.0,0.017467856407165527,0.017467856407165527,1.0,0.999923722862067,0.999923722862067,1.0,0.9956472978436866,0.9956472978436866,0.0,0.017244338989257812,0.017244338989257812,1.0,0.9999256623380322,0.9999256623380322,-0.8002432584762573,1.0008593797683716,0.018743546679615974,0.42753507653061223,0.6653482332138091,0.4069387912750244
1,client_4,False,orig,raw,pretrained,0.9624106287956238,0.0,0.04017066955566406,0.04017066955566406,1.0,0.9995967013557692,0.9995967013557692,1.0,0.9900324790583466,0.9900324790583466,0.0,0.041420698165893555,0.041420698165893555,1.0,0.9995712193804238,0.9995712193804238,-0.9290884137153625,0.9232601523399353,0.02025684155523777,0.39150191326530615,0.6262344158323471,0.4468737840652466
1,client_5,False,orig,raw,pretrained,0.9663839936256409,0.0,0.023009181022644043,0.023009181022644043,1.0,0.9998676575345311,0.9998676575345311,1.0,0.9942724281674482,0.9942724281674482,0.0,0.02266073226928711,0.02266073226928711,1.0,0.9998716351627432,0.9998716351627432,-1.0159752368927002,0.9615061283111572,0.006073161028325558,0.4417251275510204,0.6303692648424521,0.3971738815307617
1,client_6,False,orig,raw,pretrained,0.9659206867218018,0.0,0.019928693771362305,0.019928693771362305,1.0,0.9999007191842719,0.9999007191842719,1.0,0.9950363824787896,0.9950363824787896,0.0,0.020276784896850586,0.020276784896850586,1.0,0.9998972209219035,0.9998972209219035,-0.9414072632789612,0.8911058306694031,0.01433547679334879,0.42410714285714285,0.6139150482241953,0.447979211807251
1,client_7,False,orig,raw,pretrained,0.9708166718482971,0.0,0.028742313385009766,0.028742313385009766,1.0,0.9997935018420141,0.9997935018420141,1.0,0.9928529644456408,0.9928529644456408,0.0,0.02787041664123535,0.02787041664123535,1.0,0.999805838247787,0.999805838247787,-0.7268680334091187,1.0162928104400635,0.026215985417366028,0.38472576530612246,0.5820557182145112,0.5205370783805847
1,client_8,False,orig,raw,pretrained,0.9579267501831055,0.0,0.013395547866821289,0.013395547866821289,1.0,0.999955141333619,0.999955141333619,1.0,0.9966595058882204,0.9966595058882204,0.0,0.013426542282104492,0.013426542282104492,1.0,0.9999549335138858,0.9999549335138858,-1.0066288709640503,0.9721657037734985,0.0031345782335847616,0.4772799744897959,0.6419109053584656,0.3998907804489136
1,client_9,False,orig,raw,pretrained,0.9649419784545898,0.0,0.03345775604248047,0.03345775604248047,1.0,0.9997202033686428,0.9997202033686428,1.0,0.9916877476150261,0.9916877476150261,0.0,0.03377735614776611,0.03377735614776611,1.0,0.9997148335575323,0.9997148335575323,-1.0491043329238892,1.0550463199615479,0.010975416749715805,0.45607461734693877,0.48885365504937034,0.32425105571746826
1,client_0,True,orig,clip01,random,0.9671116471290588,0.0,0.0495610237121582,0.0495610237121582,1.0,0.9993862089332881,0.9993862089332881,1.0,0.9877239547638288,0.9877239547638288,0.0,0.04846525192260742,0.04846525192260742,1.0,0.9994130383601361,0.9994130383601361,-0.7814341187477112,0.9027956128120422,0.02542920969426632,0.4177295918367347,-0.1065177712129384,
1,client_1,True,orig,clip01,random,0.9721122980117798,0.0,0.0887603759765625,0.0887603759765625,1.0,0.998033304658307,0.998033304658307,1.0,0.9781739064331909,0.9781739064331909,0.0,0.09012508392333984,0.09012508392333984,1.0,0.9979724558020757,0.9979724558020757,-1.001866340637207,0.9864697456359863,0.02415516972541809,0.39883609693877553,-0.10029048596892504,
1,client_2,False,orig,clip01,random,0.9695634245872498,0.0,0.0416722297668457,0.0416722297668457,1.0,0.9995659976368969,0.9995659976368969,1.0,0.9896627920957604,0.9896627920957604,0.0,0.04204750061035156,0.04204750061035156,1.0,0.9995581484023868,0.9995581484023868,-0.8613956570625305,0.8231549859046936,0.007575001567602158,0.4622130102040816,0.5255459925637671,
1,client_3,False,orig,clip01,random,0.9580816626548767,0.0,0.04418671131134033,0.04418671131134033,1.0,0.9995120622718983,0.9995120622718983,1.0,0.9890441856901016,0.9890441856901016,0.0,0.04410123825073242,0.04410123825073242,1.0,0.9995139474542525,0.9995139474542525,-0.8002432584762573,1.0008593797683716,0.018743546679615974,0.42753507653061223,0.6653482332138091,
1,client_4,False,orig,clip01,random,0.9624106287956238,0.0,0.021906137466430664,0.021906137466430664,1.0,0.9998800410790258,0.9998800410790258,1.0,0.9945458794675686,0.9945458794675686,0.0,0.022526025772094727,0.022526025772094727,1.0,0.9998731566089558,0.9998731566089558,-0.9290884137153625,0.9232601523399353,0.02025684155523777,0.39150191326530615,0.6262344158323471,
1,client_5,False,orig,clip01,random,0.9663839936256409,0.0,0.032239437103271484,0.032239437103271484,1.0,0.9997402053048865,0.9997402053048865,1.0,0.9919886055665867,0.9919886055665867,0.0,0.03209567070007324,0.03209567070007324,1.0,0.9997425167146237,0.9997425167146237,-1.0159752368927002,0.9615061283111572,0.006073161028325558,0.4417251275510204,0.6303692648424521,
1,client_6,False,orig,clip01,random,0.9659206867218018,0.0,0.06816363334655762,0.06816363334655762,1.0,0.9988394409362835,0.9988394409362835,1.0,0.9831744782907592,0.9831744782907592,0.0,0.06764733791351318,0.06764733791351318,1.0,0.9988569403042622,0.9988569403042622,-0.9414072632789612,0.8911058306694031,0.01433547679334879,0.42410714285714285,0.6139150482241953,
1,client_7,False,orig,clip01,random,0.9708166718482971,0.0,0.10480046272277832,0.10480046272277832,1.0,0.997259860090606,0.997259860090606,1.0,0.9743060165848534,0.9743060165848534,0.0,0.10642194747924805,0.10642194747924805,1.0,0.9971745937850154,0.9971745937850154,-0.7268680334091187,1.0162928104400635,0.026215985417366028,0.38472576530612246,0.5820557182145112,
1,client_8,False,orig,clip01,random,0.9579267501831055,0.0,0.04634439945220947,0.04634439945220947,1.0,0.9994632653209166,0.9994632653209166,1.0,0.9885138191470308,0.9885138191470308,0.0,0.04635131359100342,0.04635131359100342,1.0,0.9994631052221628,0.9994631052221628,-1.0066288709640503,0.9721657037734985,0.0031345782335847616,0.4772799744897959,0.6419109053584656,
1,client_9,False,orig,clip01,random,0.9649419784545898,0.0,0.0408632755279541,0.0408632755279541,1.0,0.9995826788420408,0.9995826788420408,1.0,0.9898619324167992,0.9898619324167992,0.0,0.040065765380859375,0.040065765380859375,1.0,0.999598804370474,0.999598804370474,-1.0491043329238892,1.0550463199615479,0.010975416749715805,0.45607461734693877,0.48885365504937034,
1,client_0,True,orig,clip01,pretrained,0.9671116471290588,0.0,0.037720441818237305,0.037720441818237305,1.0,0.9996443869412357,0.9996443869412357,1.0,0.9906361748537811,0.9906361748537811,0.0,0.036849021911621094,0.036849021911621094,1.0,0.9996606238029548,0.9996606238029548,-0.7814341187477112,0.9027956128120422,0.02542920969426632,0.4177295918367347,-0.1065177712129384,
1,client_1,True,orig,clip01,pretrained,0.9721122980117798,0.0,0.0454258918762207,0.0454258918762207,1.0,0.9994843216168487,0.9994843216168487,1.0,0.9887395390225158,0.9887395390225158,0.0,0.04604971408843994,0.04604971408843994,1.0,0.9994700666743885,0.9994700666743885,-1.001866340637207,0.9864697456359863,0.02415516972541809,0.39883609693877553,-0.10029048596892504,
1,client_2,False,orig,clip01,pretrained,0.9695634245872498,0.0,0.02471780776977539,0.02471780776977539,1.0,0.9998472749907168,0.9998472749907168,1.0,0.9938490716999291,0.9938490716999291,0.0,0.02476048469543457,0.02476048469543457,1.0,0.9998467472165034,0.9998467472165034,-0.8613956570625305,0.8231549859046936,0.007575001567602158,0.4622130102040816,0.5255459925637671,
1,client_3,False,orig,clip01,pretrained,0.9580816626548767,0.0,0.017909765243530273,0.017909765243530273,1.0,0.9999198148997948,0.9999198148997948,1.0,0.9955375502881649,0.9955375502881649,0.0,0.017641544342041016,0.017641544342041016,1.0,0.9999221985184081,0.9999221985184081,-0.8002432584762573,1.0008593797683716,0.018743546679615974,0.42753507653061223,0.6653482332138091,
1,client_4,False,orig,clip01,pretrained,0.9624106287956238,0.0,0.047835707664489746,0.047835707664489746,1.0,0.9994281816187309,0.9994281816187309,1.0,0.9881475002699478,0.9881475002699478,0.0,0.049469590187072754,0.049469590187072754,1.0,0.9993884705328158,0.9993884705328158,-0.9290884137153625,0.9232601523399353,0.02025684155523777,0.39150191326530615,0.6262344158323471,
1,client_5,False,orig,clip01,pretrained,0.9663839936256409,0.0,0.01848018169403076,0.01848018169403076,1.0,0.9999146261880489,0.9999146261880489,1.0,0.9953959148434555,0.9953959148434555,0.0,0.018151283264160156,0.018151283264160156,1.0,0.9999176378169667,0.9999176378169667,-1.0159752368927002,0.9615061283111572,0.006073161028325558,0.4417251275510204,0.6303692648424521,
1,client_6,False,orig,clip01,pretrained,0.9659206867218018,0.0,0.02080392837524414,0.02080392837524414,1.0,0.999891807920986,0.999891807920986,1.0,0.9948192366164128,0.9948192366164128,0.0,0.021148085594177246,0.021148085594177246,1.0,0.9998881989944091,0.9998881989944091,-0.9414072632789612,0.8911058306694031,0.01433547679334879,0.42410714285714285,0.6139150482241953,
1,client_7,False,orig,clip01,pretrained,0.9708166718482971,0.0,0.027322769165039062,0.027322769165039062,1.0,0.9998133926921202,0.9998133926921202,1.0,0.9932041454338274,0.9932041454338274,0.0,0.02656412124633789,0.02656412124633789,1.0,0.9998236102040989,0.9998236102040989,-0.7268680334091187,1.0162928104400635,0.026215985417366028,0.38472576530612246,0.5820557182145112,
1,client_8,False,orig,clip01,pretrained,0.9579267501831055,0.0,0.015542864799499512,0.015542864799499512,1.0,0.9999396075740294,0.9999396075740294,1.0,0.9961255791158086,0.9961255791158086,0.0,0.015582561492919922,0.015582561492919922,1.0,0.9999392987079567,0.9999392987079567,-1.0066288709640503,0.9721657037734985,0.0031345782335847616,0.4772799744897959,0.6419109053584656,
1,client_9,False,orig,clip01,pretrained,0.9649419784545898,0.0,0.03254711627960205,0.03254711627960205,1.0,0.9997352238970181,0.9997352238970181,1.0,0.991912612762335,0.991912612762335,0.0,0.03281998634338379,0.03281998634338379,1.0,0.9997307665014756,0.9997307665014756,-1.0491043329238892,1.0550463199615479,0.010975416749715805,0.45607461734693877,0.48885365504937034,
1,client_0,True,flip,raw,random,0.8944041728973389,0.0,0.08916282653808594,0.08916282653808594,1.0,0.9980154563599606,0.9980154563599606,1.0,0.9780765782023193,0.9780765782023193,0.0,0.08957600593566895,0.08957600593566895,1.0,0.9979970487487284,0.9979970487487284,-0.6307116746902466,0.5234292149543762,-0.03646642342209816,0.6382334183673469,-0.1065177712129384,
1,client_1,True,flip,raw,random,0.778476893901825,0.0,0.06410777568817139,0.06410777568817139,1.0,0.9989733394839226,0.9989733394839226,1.0,0.9841636989848515,0.9841636989848515,0.0,0.06396913528442383,0.06396913528442383,1.0,0.9989777718227091,0.9989777718227091,-0.7435081005096436,0.569616973400116,-0.04840240627527237,0.6373565051020408,-0.10029048596892504,
1,client_2,False,flip,raw,random,0.7651503682136536,0.0,0.08987104892730713,0.08987104892730713,1.0,0.997983852479081,0.997983852479081,1.0,0.9779053377236147,0.9779053377236147,0.0,0.08909392356872559,0.08909392356872559,1.0,0.9980185178354621,0.9980185178354621,-0.5848374962806702,0.6786522269248962,0.020461726933717728,0.45591517857142855,0.5255459925637671,
1,client_3,False,flip,raw,random,0.8667767643928528,0.0,0.1433277130126953,0.1433277130126953,1.0,0.9948840069057929,0.9948840069057929,1.0,0.9651088858205914,0.9651088858205914,0.0,0.1454981565475464,0.1454981565475464,1.0,0.9947285063109472,0.9947285063109472,-0.8494678735733032,0.5658441185951233,-0.04306435585021973,0.5945471938775511,0.6653482332138091,
1,client_4,False,flip,raw,random,0.7752370834350586,0.0,0.1355966329574585,0.1355966329574585,1.0,0.9954191872955638,0.9954191872955638,1.0,0.9669439449317407,0.9669439449317407,0.0,0.13628065586090088,0.13628065586090088,1.0,0.9953730154479528,0.9953730154479528,-0.947600245475769,0.9285850524902344,-0.04458652064204216,0.6053890306122449,0.6262344158323471,
1,client_5,False,flip,raw,random,0.9108990430831909,0.0,0.05702143907546997,0.05702143907546997,1.0,0.9991876341649129,0.9991876341649129,1.0,0.9858956397647913,0.9858956397647913,0.0,0.05829495191574097,0.05829495191574097,1.0,0.9991509656776629,0.9991509656776629,-0.7523155212402344,0.7137774229049683,-0.006590596865862608,0.545280612244898,0.6303692648424521,
1,client_6,False,flip,raw,random,0.7949092388153076,0.0,0.0831218957901001,0.0831218957901001,1.0,0.998274922784959,0.998274922784959,1.0,0.9795390408187545,0.9795390408187545,0.0,0.08141684532165527,0.08141684532165527,1.0,0.9983448817625917,0.9983448817625917,-1.023056149482727,0.7347404956817627,-0.02127358317375183,0.578125,0.6139150482241953,
1,client_7,False,flip,raw,random,0.8347886204719543,0.0,0.1472916603088379,0.1472916603088379,1.0,0.9945982759765164,0.9945982759765164,1.0,0.964170025858804,0.964170025858804,0.0,0.14113986492156982,0.14113986492156982,1.0,0.9950384252517686,0.9950384252517686,-0.5306386351585388,0.567180335521698,0.0023355435114353895,0.5352359693877551,0.5820557182145112,
1,client_8,False,flip,raw,random,0.7968560457229614,0.0,0.05987858772277832,0.05987858772277832,1.0,0.9991042409268891,0.9991042409268891,1.0,0.985196786547681,0.985196786547681,0.0,0.055278658866882324,0.055278658866882324,1.0,0.9992365049440597,0.9992365049440597,-0.6278542876243591,0.6440976858139038,-0.011752593331038952,0.580436862244898,0.6419109053584656,
1,client_9,False,flip,raw,random,0.7784518599510193,0.0,0.13020503520965576,0.13020503520965576,1.0,0.9957750974960855,0.9957750974960855,1.0,0.9682268046687434,0.9682268046687434,0.0,0.1341078281402588,0.1341078281402588,1.0,0.9955188900861822,0.9955188900861822,-0.8548374176025391,0.582779049873352,-0.023847296833992004,0.5774075255102041,0.48885365504937034,
1,client_0,True,flip,raw,pretrained,0.8944041728973389,0.0,0.08973181247711182,0.08973181247711182,1.0,0.9979900854265171,0.9979900854265171,1.0,0.977939000029995,0.977939000029995,0.0,0.0897524356842041,0.0897524356842041,1.0,0.9979891628305608,0.9979891628305608,-0.6307116746902466,0.5234292149543762,-0.03646642342209816,0.6382334183673469,-0.1065177712129384,0.6198320388793945
1,client_1,True,flip,raw,pretrained,0.778476893901825,0.0,0.058307528495788574,0.058307528495788574,1.0,0.9991505995294669,0.9991505995294669,1.0,0.985580972656644,0.985580972656644,0.0,0.05827975273132324,0.05827975273132324,1.0,0.9991514080738977,0.9991514080738977,-0.7435081005096436,0.569616973400116,-0.04840240627527237,0.6373565051020408,-0.10029048596892504,0.6984003782272339
1,client_2,False,flip,raw,pretrained,0.7651503682136536,0.0,0.12109273672103882,0.12109273672103882,1.0,0.9963441920235652,0.9963441920235652,1.0,0.97040077365031,0.97040077365031,0.0,0.12287795543670654,0.12287795543670654,1.0,0.9962359121754829,0.9962359121754829,-0.5848374962806702,0.6786522269248962,0.020461726933717728,0.45591517857142855,0.5255459925637671,0.514554500579834
1,client_3,False,flip,raw,pretrained,0.8667767643928528,0.0,0.030310392379760742,0.030310392379760742,1.0,0.999770359587157,0.999770359587157,1.0,0.9924652539654633,0.9924652539654633,0.0,0.029385924339294434,0.029385924339294434,1.0,0.999784151811882,0.999784151811882,-0.8494678735733032,0.5658441185951233,-0.04306435585021973,0.5945471938775511,0.6653482332138091,0.5982048511505127
1,client_4,False,flip,raw,pretrained,0.7752370834350586,0.0,0.09302914142608643,0.09302914142608643,1.0,0.9978399006291645,0.9978399006291645,1.0,0.9771422927991633,0.9771422927991633,0.0,0.09116578102111816,0.09116578102111816,1.0,0.9979254336272332,0.9979254336272332,-0.947600245475769,0.9285850524902344,-0.04458652064204216,0.6053890306122449,0.6262344158323471,0.6446367502212524
1,client_5,False,flip,raw,pretrained,0.9108990430831909,0.0,0.1161375641822815,0.1161375641822815,1.0,0.996636525439099,0.996636525439099,1.0,0.9715860331640236,0.9715860331640236,0.0,0.12328290939331055,0.12328290939331055,1.0,0.9962111322671185,0.9962111322671185,-0.7523155212402344,0.7137774229049683,-0.006590596865862608,0.545280612244898,0.6303692648424521,0.4384855031967163
1,client_6,False,flip,raw,pretrained,0.7949092388153076,0.0,0.08146178722381592,0.08146178722381592,1.0,0.9983430562877948,0.9983430562877948,1.0,0.97994151525408,0.97994151525408,0.0,0.07864606380462646,0.07864606380462646,1.0,0.9984554906306204,0.9984554906306204,-1.023056149482727,0.7347404956817627,-0.02127358317375183,0.578125,0.6139150482241953,0.6545002460479736
1,client_7,False,flip,raw,pretrained,0.8347886204719543,0.0,0.04959547519683838,0.04959547519683838,1.0,0.9993853556978578,0.9993853556978578,1.0,0.9877155000898186,0.9877155000898186,0.0,0.04923844337463379,0.04923844337463379,1.0,0.9993941693375081,0.9993941693375081,-0.5306386351585388,0.567180335521698,0.0023355435114353895,0.5352359693877551,0.5820557182145112,0.7818269729614258
1,client_8,False,flip,raw,pretrained,0.7968560457229614,0.0,0.10370564460754395,0.10370564460754395,1.0,0.9973166971702678,0.9973166971702678,1.0,0.974569289155756,0.974569289155756,0.0,0.09923911094665527,0.09923911094665527,1.0,0.9975424388409144,0.9975424388409144,-0.6278542876243591,0.6440976858139038,-0.011752593331038952,0.580436862244898,0.6419109053584656,0.6458234786987305
1,client_9,False,flip,raw,pretrained,0.7784518599510193,0.0,0.0972222089767456,0.0972222089767456,1.0,0.9976411420089293,0.9976411420089293,1.0,0.9761305619899068,0.9761305619899068,0.0,0.09756410121917725,0.09756410121917725,1.0,0.9976245521101998,0.9976245521101998,-0.8548374176025391,0.582779049873352,-0.023847296833992004,0.5774075255102041,0.48885365504937034,0.5090891122817993
1,client_0,True,flip,clip01,random,0.8944041728973389,0.0,0.09078454971313477,0.09078454971313477,1.0,0.9979427212051426,0.9979427212051426,1.0,0.9776845296140804,0.9776845296140804,0.0,0.08965957164764404,0.08965957164764404,1.0,0.9979933155168186,0.9979933155168186,-0.6307116746902466,0.5234292149543762,-0.03646642342209816,0.6382334183673469,-0.1065177712129384,
1,client_1,True,flip,clip01,random,0.778476893901825,0.0,0.08449828624725342,0.08449828624725342,1.0,0.9982173967543506,0.9982173967543506,1.0,0.9792055387237055,0.9792055387237055,0.0,0.08308994770050049,0.08308994770050049,1.0,0.9982762468902189,0.9982762468902189,-0.7435081005096436,0.569616973400116,-0.04840240627527237,0.6373565051020408,-0.10029048596892504,
1,client_2,False,flip,clip01,random,0.7651503682136536,0.0,0.10556507110595703,0.10556507110595703,1.0,0.997219814657387,0.997219814657387,1.0,0.9741222133695708,0.9741222133695708,0.0,0.10949468612670898,0.10949468612670898,1.0,0.9970094529407143,0.9970094529407143,-0.5848374962806702,0.6786522269248962,0.020461726933717728,0.45591517857142855,0.5255459925637671,
1,client_3,False,flip,clip01,random,0.8667767643928528,0.0,0.07249116897583008,0.07249116897583008,1.0,0.9986875509305282,0.9986875509305282,1.0,0.9821206402478011,0.9821206402478011,0.0,0.07161343097686768,0.07161343097686768,1.0,0.9987191109659652,0.9987191109659652,-0.8494678735733032,0.5658441185951233,-0.04306435585021973,0.5945471938775511,0.6653482332138091,
1,client_4,False,flip,clip01,random,0.7752370834350586,0.0,0.15522193908691406,0.15522193908691406,1.0,0.9940036419286942,0.9940036419286942,1.0,0.9622958538795452,0.9622958538795452,0.0,0.15551447868347168,0.15551447868347168,1.0,0.9939811207555895,0.9939811207555895,-0.947600245475769,0.9285850524902344,-0.04458652064204216,0.6053890306122449,0.6262344158323471,
1,client_5,False,flip,clip01,random,0.9108990430831909,0.0,0.08596551418304443,0.08596551418304443,1.0,0.9981550394862251,0.9981550394862251,1.0,0.9788502141827791,0.9788502141827791,0.0,0.0887606143951416,0.0887606143951416,1.0,0.9980332941084318,0.9980332941084318,-0.7523155212402344,0.7137774229049683,-0.006590596865862608,0.545280612244898,0.6303692648424521,
1,client_6,False,flip,clip01,random,0.7949092388153076,0.0,0.07001674175262451,0.07001674175262451,1.0,0.9987755396099971,0.9987755396099971,1.0,0.9827230031258003,0.9827230031258003,0.0,0.07010293006896973,0.07010293006896973,1.0,0.9987725259908626,0.9987725259908626,-1.023056149482727,0.7347404956817627,-0.02127358317375183,0.578125,0.6139150482241953,
1,client_7,False,flip,clip01,random,0.8347886204719543,0.0,0.08728408813476562,0.08728408813476562,1.0,0.9980980893024447,0.9980980893024447,1.0,0.9785310548801975,0.9785310548801975,0.0,0.08669388294219971,0.08669388294219971,1.0,0.9981236872678352,0.9981236872678352,-0.5306386351585388,0.567180335521698,0.0023355435114353895,0.5352359693877551,0.5820557182145112,
1,client_8,False,flip,clip01,random,0.7968560457229614,0.0,0.08383214473724365,0.08383214473724365,1.0,0.9982453553872381,0.9982453553872381,1.0,0.9793669248252386,0.9793669248252386,0.0,0.0793079137802124,0.0793079137802124,1.0,0.9984294162101672,0.9984294162101672,-0.6278542876243591,0.6440976858139038,-0.011752593331038952,0.580436862244898,0.6419109053584656,
1,client_9,False,flip,clip01,random,0.7784518599510193,0.0,0.12395524978637695,0.12395524978637695,1.0,0.9961698124747405,0.9961698124747405,1.0,0.9697170599020752,0.9697170599020752,0.0,0.12749969959259033,0.12749969959259033,1.0,0.9959483110670917,0.9959483110670917,-0.8548374176025391,0.582779049873352,-0.023847296833992004,0.5774075255102041,0.48885365504937034,
1,client_0,True,flip,clip01,pretrained,0.8944041728973389,0.0,0.09326338768005371,0.09326338768005371,1.0,0.9978290264671266,0.9978290264671266,1.0,0.9770857308217522,0.9770857308217522,0.0,0.09267890453338623,0.09267890453338623,1.0,0.9978561086191431,0.9978561086191431,-0.6307116746902466,0.5234292149543762,-0.03646642342209816,0.6382334183673469,-0.1065177712129384,
1,client_1,True,flip,clip01,pretrained,0.778476893901825,0.0,0.06308937072753906,0.06308937072753906,1.0,0.9990056749601821,0.9990056749601821,1.0,0.984412321835272,0.984412321835272,0.0,0.06309700012207031,0.06309700012207031,1.0,0.9990054346377135,0.9990054346377135,-0.7435081005096436,0.569616973400116,-0.04840240627527237,0.6373565051020408,-0.10029048596892504,
1,client_2,False,flip,clip01,pretrained,0.7651503682136536,0.0,0.1415233612060547,0.1415233612060547,1.0,0.9950115271778583,0.9950115271778583,1.0,0.9655367009130558,0.9655367009130558,0.0,0.14360684156417847,0.14360684156417847,1.0,0.9948641377688241,0.9948641377688241,-0.5848374962806702,0.6786522269248962,0.020461726933717728,0.45591517857142855,0.5255459925637671,
1,client_3,False,flip,clip01,pretrained,0.8667767643928528,0.0,0.0356670618057251,0.0356670618057251,1.0,0.9996820410193359,0.9996820410193359,1.0,0.9911425194077204,0.9911425194077204,0.0,0.03448021411895752,0.03448021411895752,1.0,0.9997028449510426,0.9997028449510426,-0.8494678735733032,0.5658441185951233,-0.04306435585021973,0.5945471938775511,0.6653482332138091,
1,client_4,False,flip,clip01,pretrained,0.7752370834350586,0.0,0.09557652473449707,0.09557652473449707,1.0,0.9977201876581692,0.9977201876581692,1.0,0.9765274558983612,0.9765274558983612,0.0,0.09389686584472656,0.09389686584472656,1.0,0.9977994831138934,0.9977994831138934,-0.947600245475769,0.9285850524902344,-0.04458652064204216,0.6053890306122449,0.6262344158323471,
1,client_5,False,flip,clip01,pretrained,0.9108990430831909,0.0,0.12115681171417236,0.12115681171417236,1.0,0.9963403327618114,0.9963403327618114,1.0,0.9703854613630987,0.9703854613630987,0.0,0.12848639488220215,0.12848639488220215,1.0,0.9958855523684851,0.9958855523684851,-0.7523155212402344,0.7137774229049683,-0.006590596865862608,0.545280612244898,0.6303692648424521,
1,client_6,False,flip,clip01,pretrained,0.7949092388153076,0.0,0.08253645896911621,0.08253645896911621,1.0,0.9982991061364006,0.9982991061364006,1.0,0.9796809449888975,0.9796809449888975,0.0,0.07970118522644043,0.07970118522644043,1.0,0.9984138197752483,0.9984138197752483,-1.023056149482727,0.7347404956817627,-0.02127358317375183,0.578125,0.6139150482241953,
1,client_7,False,flip,clip01,pretrained,0.8347886204719543,0.0,0.048737168312072754,0.048737168312072754,1.0,0.999406436476987,0.999406436476987,1.0,0.9879261679218028,0.9879261679218028,0.0,0.04831361770629883,0.04831361770629883,1.0,0.9994167038875539,0.9994167038875539,-0.5306386351585388,0.567180335521698,0.0023355435114353895,0.5352359693877551,0.5820557182145112,
1,client_8,False,flip,clip01,pretrained,0.7968560457229614,0.0,0.10060131549835205,0.10060131549835205,1.0,0.9974746371463985,0.9974746371463985,1.0,0.9753163729223522,0.9753163729223522,0.0,0.09661173820495605,0.09661173820495605,1.0,0.9976706205383699,0.9976706205383699,-0.6278542876243591,0.6440976858139038,-0.011752593331038952,0.580436862244898,0.6419109053584656,
1,client_9,False,flip,clip01,pretrained,0.7784518599510193,0.0,0.097908616065979,0.097908616065979,1.0,0.9976077764641105,0.9976077764641105,1.0,0.9759650909886961,0.9759650909886961,0.0,0.09846389293670654,0.09846389293670654,1.0,0.9975806145051469,0.9975806145051469,-0.8548374176025391,0.582779049873352,-0.023847296833992004,0.5774075255102041,0.48885365504937034,
1,client_0,True,flip_global,raw,random,0.9730913639068604,0.0,0.07149922847747803,0.07149922847747803,1.0,0.9987231890861685,0.9987231890861685,1.0,0.9823620469924252,0.9823620469924252,0.0,0.07582712173461914,0.07582712173461914,1.0,0.9985641101145772,0.9985641101145772,-0.7898576855659485,0.8237887024879456,-0.029208485037088394,0.5968590561224489,-0.1065177712129384,
1,client_1,True,flip_global,raw,random,0.9407029747962952,0.0,0.15468096733093262,0.15468096733093262,1.0,0.9940451789578517,0.9940451789578517,1.0,0.9624235283894169,0.9624235283894169,0.0,0.15818160772323608,0.15818160772323608,1.0,0.9937738719632712,0.9937738719632712,-0.980323314666748,0.8167392611503601,-0.04270046949386597,0.5556441326530612,-0.10029048596892504,
1,client_2,False,flip_global,raw,random,0.966823935508728,0.0,0.0895085334777832,0.0895085334777832,1.0,0.998000060502471,0.998000060502471,1.0,0.9779929843975059,0.9779929843975059,0.0,0.08840286731719971,0.08840286731719971,1.0,0.9980490925034602,0.9980490925034602,-0.8064261674880981,0.8477954864501953,0.0029202101286500692,0.5245535714285714,0.5255459925637671,
1,client_3,False,flip_global,raw,random,0.9585127234458923,0.0,0.027529478073120117,0.027529478073120117,1.0,0.9998105588795156,0.9998105588795156,1.0,0.9931529961331562,0.9931529961331562,0.0,0.027544856071472168,0.027544856071472168,1.0,0.9998103472064581,0.9998103472064581,-0.8759961724281311,0.8206262588500977,-0.016045358031988144,0.5521364795918368,0.6653482332138091,
1,client_4,False,flip_global,raw,random,0.9455518126487732,0.0,0.0326462984085083,0.0326462984085083,1.0,0.9997336080355403,0.9997336080355403,1.0,0.9918881179122008,0.9918881179122008,0.0,0.03251373767852783,0.03251373767852783,1.0,0.9997357665917004,0.9997357665917004,-0.9774491190910339,0.8572664260864258,-0.02764158323407173,0.5094866071428571,0.6262344158323471,
1,client_5,False,flip_global,raw,random,0.9682417511940002,0.0,0.019371747970581055,0.019371747970581055,1.0,0.9999061904458384,0.9999061904458384,1.0,0.995174597855617,0.995174597855617,0.0,0.019028306007385254,0.019028306007385254,1.0,0.9999094870375393,0.9999094870375393,-0.829272985458374,0.7765927314758301,-0.005788196809589863,0.5270248724489796,0.6303692648424521,
1,client_6,False,flip_global,raw,random,0.9359333515167236,0.0,0.02983415126800537,0.02983415126800537,1.0,0.9997775179851907,0.9997775179851907,1.0,0.9925829814537861,0.9925829814537861,0.0,0.029827594757080078,0.029827594757080078,1.0,0.999777615745786,0.999777615745786,-0.9381306171417236,0.8523206114768982,-0.027028584852814674,0.5082908163265306,0.6139150482241953,
1,client_7,False,flip_global,raw,random,0.9699450135231018,0.0,0.03323650360107422,0.03323650360107422,1.0,0.9997238908976058,0.9997238908976058,1.0,0.9917423746572567,0.9917423746572567,0.0,0.0322260856628418,0.0322260856628418,1.0,0.9997404203979703,0.9997404203979703,-0.8094803690910339,0.8052359819412231,-0.005689315032213926,0.5555644132653061,0.5820557182145112,
1,client_8,False,flip_global,raw,random,0.9309956431388855,0.0,0.034433841705322266,0.034433841705322266,1.0,0.9997036435232132,0.9997036435232132,1.0,0.9914468067678621,0.9914468067678621,0.0,0.03448975086212158,0.03448975086212158,1.0,0.9997026805871423,0.9997026805871423,-0.9939256310462952,0.858924388885498,-0.014185061678290367,0.49123086734693877,0.6419109053584656,
1,client_9,False,flip_global,raw,random,0.9181462526321411,0.0,0.047051310539245605,0.047051310539245605,1.0,0.9994467731963466,0.9994467731963466,1.0,0.9883401509868197,0.9883401509868197,0.0,0.04615473747253418,0.04615473747253418,1.0,0.9994676476970366,0.9994676476970366,-0.9352167844772339,0.832278847694397,-0.026385394856333733,0.5227200255102041,0.48885365504937034,
1,client_0,True,flip_global,raw,pretrained,0.9730913639068604,0.0,0.027341246604919434,0.027341246604919434,1.0,0.9998131402500798,0.9998131402500798,1.0,0.9931995731036505,0.9931995731036505,0.0,0.02653348445892334,0.02653348445892334,1.0,0.9998240167816392,0.9998240167816392,-0.7898576855659485,0.8237887024879456,-0.029208485037088394,0.5968590561224489,-0.1065177712129384,0.42988550662994385
1,client_1,True,flip_global,raw,pretrained,0.9407029747962952,0.0,0.022138476371765137,0.022138476371765137,1.0,0.9998774832249191,0.9998774832249191,1.0,0.9944882718408399,0.9944882718408399,0.0,0.02206897735595703,0.02206897735595703,1.0,0.9998782511778403,0.9998782511778403,-0.980323314666748,0.8167392611503601,-0.04270046949386597,0.5556441326530612,-0.10029048596892504,0.5259397029876709
1,client_2,False,flip_global,raw,pretrained,0.966823935508728,0.0,0.013099431991577148,0.013099431991577148,1.0,0.9999571026005647,0.9999571026005647,1.0,0.9967331682897591,0.9967331682897591,0.0,0.01312243938446045,0.01312243938446045,1.0,0.9999569517860623,0.9999569517860623,-0.8064261674880981,0.8477954864501953,0.0029202101286500692,0.5245535714285714,0.5255459925637671,0.3960254192352295
1,client_3,False,flip_global,raw,pretrained,0.9585127234458923,0.0,0.010561585426330566,0.010561585426330566,1.0,0.999972113811564,0.999972113811564,1.0,0.9973648233771677,0.9973648233771677,0.0,0.010661125183105469,0.010661125183105469,1.0,0.9999715857080012,0.9999715857080012,-0.8759961724281311,0.8206262588500977,-0.016045358031988144,0.5521364795918368,0.6653482332138091,0.4337148666381836
1,client_4,False,flip_global,raw,pretrained,0.9455518126487732,0.0,0.019852519035339355,0.019852519035339355,1.0,0.999901476652731,0.999901476652731,1.0,0.99505528480814,0.99505528480814,0.0,0.019970417022705078,0.019970417022705078,1.0,0.9999003030662215,0.9999003030662215,-0.9774491190910339,0.8572664260864258,-0.02764158323407173,0.5094866071428571,0.6262344158323471,0.4776570796966553
1,client_5,False,flip_global,raw,pretrained,0.9682417511940002,0.0,0.02293574810028076,0.02293574810028076,1.0,0.9998685008352333,0.9998685008352333,1.0,0.9942906291368121,0.9942906291368121,0.0,0.02293574810028076,0.02293574810028076,1.0,0.9998685008352333,0.9998685008352333,-0.829272985458374,0.7765927314758301,-0.005788196809589863,0.5270248724489796,0.6303692648424521,0.34465038776397705
1,client_6,False,flip_global,raw,pretrained,0.9359333515167236,0.0,0.012848377227783203,0.012848377227783203,1.0,0.9999587310780407,0.9999587310780407,1.0,0.9967956275932679,0.9967956275932679,0.0,0.0129624605178833,0.0129624605178833,1.0,0.999957994977694,0.999957994977694,-0.9381306171417236,0.8523206114768982,-0.027028584852814674,0.5082908163265306,0.6139150482241953,0.5004270076751709
1,client_7,False,flip_global,raw,pretrained,0.9699450135231018,0.0,0.023185133934020996,0.023185133934020996,1.0,0.9998656259349443,0.9998656259349443,1.0,0.9942288187875858,0.9942288187875858,0.0,0.02330935001373291,0.02330935001373291,1.0,0.9998641823868892,0.9998641823868892,-0.8094803690910339,0.8052359819412231,-0.005689315032213926,0.5555644132653061,0.5820557182145112,0.5421817302703857
1,client_8,False,flip_global,raw,pretrained,0.9309956431388855,0.0,0.015429496765136719,0.015429496765136719,1.0,0.9999404853140255,0.9999404853140255,1.0,0.9961537571579686,0.9961537571579686,0.0,0.015462279319763184,0.015462279319763184,1.0,0.9999402321588409,0.9999402321588409,-0.9939256310462952,0.858924388885498,-0.014185061678290367,0.49123086734693877,0.6419109053584656,0.49242210388183594
1,client_9,False,flip_global,raw,pretrained,0.9181462526321411,0.0,0.02012157440185547,0.02012157440185547,1.0,0.999898788244419,0.999898788244419,1.0,0.9949885226515252,0.9949885226515252,0.0,0.01995253562927246,0.01995253562927246,1.0,0.9999004815090624,0.9999004815090624,-0.9352167844772339,0.832278847694397,-0.026385394856333733,0.5227200255102041,0.48885365504937034,0.372713565826416
1,client_0,True,flip_global,clip01,random,0.9730913639068604,0.0,0.03001701831817627,0.03001701831817627,1.0,0.9997747827021815,0.9997747827021815,1.0,0.9925377739778143,0.9925377739778143,0.0,0.029938220977783203,0.029938220977783203,1.0,0.9997759633825991,0.9997759633825991,-0.7898576855659485,0.8237887024879456,-0.029208485037088394,0.5968590561224489,-0.1065177712129384,
1,client_1,True,flip_global,clip01,random,0.9407029747962952,0.0,0.026351213455200195,0.026351213455200195,1.0,0.9998264259866256,0.9998264259866256,1.0,0.993444605998477,0.993444605998477,0.0,0.026634812355041504,0.026634812355041504,1.0,0.9998226702806072,0.9998226702806072,-0.980323314666748,0.8167392611503601,-0.04270046949386597,0.5556441326530612,-0.10029048596892504,
1,client_2,False,flip_global,clip01,random,0.966823935508728,0.0,0.02285754680633545,0.02285754680633545,1.0,0.999869395932977,0.999869395932977,1.0,0.9943100125369231,0.9943100125369231,0.0,0.022486448287963867,0.022486448287963867,1.0,0.999873601894488,0.999873601894488,-0.8064261674880981,0.8477954864501953,0.0029202101286500692,0.5245535714285714,0.5255459925637671,
1,client_3,False,flip_global,clip01,random,0.9585127234458923,0.0,0.01419222354888916,0.01419222354888916,1.0,0.9999496470993263,0.9999496470993263,1.0,0.9964613637255442,0.9964613637255442,0.0,0.014361739158630371,0.014361739158630371,1.0,0.9999484371062206,0.9999484371062206,-0.8759961724281311,0.8206262588500977,-0.016045358031988144,0.5521364795918368,0.6653482332138091,
1,client_4,False,flip_global,clip01,random,0.9455518126487732,0.0,0.012631893157958984,0.012631893157958984,1.0,0.9999601100122599,0.9999601100122599,1.0,0.9968494908525436,0.9968494908525436,0.0,0.012164592742919922,0.012164592742919922,1.0,0.99996300669726,0.99996300669726,-0.9774491190910339,0.8572664260864258,-0.02764158323407173,0.5094866071428571,0.6262344158323471,
1,client_5,False,flip_global,clip01,random,0.9682417511940002,0.0,0.02181828022003174,0.02181828022003174,1.0,0.9998810012836483,0.9998810012836483,1.0,0.9945676646719934,0.9945676646719934,0.0,0.022731304168701172,0.022731304168701172,1.0,0.9998708344668636,0.9998708344668636,-0.829272985458374,0.7765927314758301,-0.005788196809589863,0.5270248724489796,0.6303692648424521,
1,client_6,False,flip_global,clip01,random,0.9359333515167236,0.0,0.016468048095703125,0.016468048095703125,1.0,0.99993220429537,0.99993220429537,1.0,0.9958956660940337,0.9958956660940337,0.0,0.016531944274902344,0.016531944274902344,1.0,0.999931677205828,0.999931677205828,-0.9381306171417236,0.8523206114768982,-0.027028584852814674,0.5082908163265306,0.6139150482241953,
1,client_7,False,flip_global,clip01,random,0.9699450135231018,0.0,0.02425098419189453,0.02425098419189453,1.0,0.9998529886526959,0.9998529886526959,1.0,0.9939647124596196,0.9939647124596196,0.0,0.02434718608856201,0.02434718608856201,1.0,0.9998518201024147,0.9998518201024147,-0.8094803690910339,0.8052359819412231,-0.005689315032213926,0.5555644132653061,0.5820557182145112,
1,client_8,False,flip_global,clip01,random,0.9309956431388855,0.0,0.02560746669769287,0.02560746669769287,1.0,0.9998360845663234,0.9998360845663234,1.0,0.993628742754054,0.993628742754054,0.0,0.025194406509399414,0.025194406509399414,1.0,0.9998413293549704,0.9998413293549704,-0.9939256310462952,0.858924388885498,-0.014185061678290367,0.49123086734693877,0.6419109053584656,
1,client_9,False,flip_global,clip01,random,0.9181462526321411,0.0,0.05542933940887451,0.05542933940887451,1.0,0.9992323393470401,0.9992323393470401,1.0,0.9862853871978972,0.9862853871978972,0.0,0.05599021911621094,0.05599021911621094,1.0,0.9992167342742819,0.9992167342742819,-0.9352167844772339,0.832278847694397,-0.026385394856333733,0.5227200255102041,0.48885365504937034,
1,client_0,True,flip_global,clip01,pretrained,0.9730913639068604,0.0,0.029455184936523438,0.029455184936523438,1.0,0.9997831332999239,0.9997831332999239,1.0,0.9926766774473035,0.9926766774473035,0.0,0.028826594352722168,0.028826594352722168,1.0,0.9997922892280062,0.9997922892280062,-0.7898576855659485,0.8237887024879456,-0.029208485037088394,0.5968590561224489,-0.1065177712129384,
1,client_1,True,flip_global,clip01,pretrained,0.9407029747962952,0.0,0.022998690605163574,0.022998690605163574,1.0,0.9998677781710352,0.9998677781710352,1.0,0.9942750282753248,0.9942750282753248,0.0,0.022978782653808594,0.022978782653808594,1.0,0.9998680069550168,0.9998680069550168,-0.980323314666748,0.8167392611503601,-0.04270046949386597,0.5556441326530612,-0.10029048596892504,
1,client_2,False,flip_global,clip01,pretrained,0.966823935508728,0.0,0.014258384704589844,0.014258384704589844,1.0,0.999949176553754,0.999949176553754,1.0,0.9964449113629472,0.9964449113629472,0.0,0.014271855354309082,0.014271855354309082,1.0,0.9999490804808682,0.9999490804808682,-0.8064261674880981,0.8477954864501953,0.0029202101286500692,0.5245535714285714,0.5255459925637671,
1,client_3,False,flip_global,clip01,pretrained,0.9585127234458923,0.0,0.009345412254333496,0.009345412254333496,1.0,0.9999781661749927,0.9999781661749927,1.0,0.9976677345843745,0.9976677345843745,0.0,0.009420394897460938,0.009420394897460938,1.0,0.9999778144091511,0.9999778144091511,-0.8759961724281311,0.8206262588500977,-0.016045358031988144,0.5521364795918368,0.6653482332138091,
1,client_4,False,flip_global,clip01,pretrained,0.9455518126487732,0.0,0.023017287254333496,0.023017287254333496,1.0,0.9998675642777495,0.9998675642777495,1.0,0.994270419000167,0.994270419000167,0.0,0.02305781841278076,0.02305781841278076,1.0,0.9998670975013033,0.9998670975013033,-0.9774491190910339,0.8572664260864258,-0.02764158323407173,0.5094866071428571,0.6262344158323471,
1,client_5,False,flip_global,clip01,pretrained,0.9682417511940002,0.0,0.026577115058898926,0.026577115058898926,1.0,0.9998234376229778,0.9998234376229778,1.0,0.9933886874363156,0.9933886874363156,0.0,0.026473522186279297,0.026473522186279297,1.0,0.9998248111775117,0.9998248111775117,-0.829272985458374,0.7765927314758301,-0.005788196809589863,0.5270248724489796,0.6303692648424521,
1,client_6,False,flip_global,clip01,pretrained,0.9359333515167236,0.0,0.01485908031463623,0.01485908031463623,1.0,0.9999448042180881,0.9999448042180881,1.0,0.9962955544125258,0.9962955544125258,0.0,0.01497340202331543,0.01497340202331543,1.0,0.9999439516641355,0.9999439516641355,-0.9381306171417236,0.8523206114768982,-0.027028584852814674,0.5082908163265306,0.6139150482241953,
1,client_7,False,flip_global,clip01,pretrained,0.9699450135231018,0.0,0.027787327766418457,0.027787327766418457,1.0,0.9998069940469281,0.9998069940469281,1.0,0.9930891977872915,0.9930891977872915,0.0,0.027976393699645996,0.027976393699645996,1.0,0.9998043590601671,0.9998043590601671,-0.8094803690910339,0.8052359819412231,-0.005689315032213926,0.5555644132653061,0.5820557182145112,
1,client_8,False,flip_global,clip01,pretrained,0.9309956431388855,0.0,0.01456153392791748,0.01456153392791748,1.0,0.9999469925398541,0.9999469925398541,1.0,0.9963695321450801,0.9963695321450801,0.0,0.014649629592895508,0.014649629592895508,1.0,0.9999463492470979,0.9999463492470979,-0.9939256310462952,0.858924388885498,-0.014185061678290367,0.49123086734693877,0.6419109053584656,
1,client_9,False,flip_global,clip01,pretrained,0.9181462526321411,0.0,0.022120118141174316,0.022120118141174316,1.0,0.9998776863149923,0.9998776863149923,1.0,0.9944928235183639,0.9944928235183639,0.0,0.02203381061553955,0.02203381061553955,1.0,0.9998786388449692,0.9998786388449692,-0.9352167844772339,0.832278847694397,-0.026385394856333733,0.5227200255102041,0.48885365504937034,
2,client_0,True,orig,raw,random,0.9504268765449524,0.05832183361053467,0.037519216537475586,0.0387113094329834,0.9991501829618163,0.9996481699634756,0.9996254638717652,0.9855774734761624,0.9906857779939113,0.9903919748756616,0.0629417896270752,0.03751492500305176,0.03883087635040283,0.9990103179969618,0.9996482504238993,0.9996231473078361,-0.7601706385612488,0.8424991965293884,0.01511633861809969,0.49314413265306123,-0.16780826492167522,
2,client_1,True,orig,raw,random,0.8865846395492554,0.06550478935241699,0.08451604843139648,0.027096033096313477,0.9989281430815715,0.9982166482448112,0.9998164765121793,0.9838227997981877,0.979201236025832,0.9932602549214948,0.07426142692565918,0.0863116979598999,0.026953935623168945,0.9986227344197178,0.9981401710028368,0.9998183960773879,-0.9661902785301208,0.8593504428863525,0.018521511927247047,0.4655612244897959,-0.23523789577371476,
2,client_2,False,orig,raw,random,0.9364988207817078,0.04814481735229492,0.02454352378845215,0.06652224063873291,0.9994207708934397,0.9998494208677304,0.9988946151381264,0.9880715973123071,0.9938922426763463,0.983574632924038,0.04249894618988037,0.024132847785949707,0.0657721757888794,0.9995486127642863,0.9998544173121287,0.9989193818246935,-0.8167776465415955,1.009554147720337,0.004379692021757364,0.48278061224489793,0.444446288950942,
2,client_3,False,orig,raw,random,0.942349910736084,0.08219897747039795,0.03323698043823242,0.04009246826171875,0.9983129696248212,0.9997238829766308,0.9995982695787458,0.979762761231314,0.9917422569217074,0.9900517380413667,0.06383037567138672,0.03306114673614502,0.0389866828918457,0.9989821983938667,0.9997267961373038,0.999620117906808,-0.9536997079849243,1.2553257942199707,0.021474678069353104,0.4385363520408163,0.541948811566763,
2,client_4,False,orig,raw,random,0.9068115949630737,0.03458523750305176,0.0268399715423584,0.02743351459503174,0.999701032389867,0.9998199283049616,0.9998118771161228,0.9914094434985032,0.9933236271906649,0.99317674142426,0.03404974937438965,0.02710247039794922,0.02708876132965088,0.9997102166380987,0.9998163893131664,0.9998165749898662,-1.036848545074463,1.2885831594467163,0.02202153392136097,0.45814732142857145,0.5453628729858323,
2,client_5,False,orig,raw,random,0.9330996870994568,0.05884885787963867,0.03330564498901367,0.06933224201202393,0.999134764865999,0.9997227411708123,0.9987993423358985,0.9854485708306235,0.9917253032215647,0.9828897324234462,0.06614291667938232,0.0341646671295166,0.0696723461151123,0.9989071751702567,0.9997082577308767,0.9987875447126335,-0.8511736392974854,0.8583827614784241,-0.005871536675840616,0.5061383928571429,0.5863904534452111,
2,client_6,False,orig,raw,random,0.9022007584571838,0.05396389961242676,0.014272451400756836,0.04238545894622803,0.9992723717109935,0.9999490762277599,0.9995510194624659,0.9866443325788112,0.9964414134356834,0.9894872662811471,0.051663994789123535,0.014173626899719238,0.04215037822723389,0.9993330417236272,0.9999497789668212,0.9995559843217299,-1.134719967842102,1.1853967905044556,0.03642844036221504,0.42793367346938777,0.5890076871085032,
2,client_7,False,orig,raw,random,0.9551762938499451,0.07726240158081055,0.03538930416107178,0.0626528263092041,0.9985092990682438,0.9996869727967026,0.99901937765176,0.9809607173419947,0.991211041694644,0.9845189241370231,0.08290278911590576,0.03535342216491699,0.06362628936767578,0.9982839936028887,0.9996876070966152,0.9989886915395849,-0.7081322073936462,0.7815802693367004,0.008027724921703339,0.4293686224489796,0.5778588826745079,
2,client_8,False,orig,raw,random,0.9072429537773132,0.05293309688568115,0.02788090705871582,0.02535843849182129,0.9992998896468754,0.9998056920767198,0.9998392567807319,0.98689693525016,0.9930660454931617,0.9936904085781157,0.055320024490356445,0.027904391288757324,0.025346994400024414,0.9992353625087993,0.9998053646535601,0.9998394018151777,-1.2023694515228271,1.0487829446792603,0.010477040894329548,0.453922193877551,0.5816545181706512,
2,client_9,False,orig,raw,random,0.9373936057090759,0.03354024887084961,0.04035210609436035,0.03555178642272949,0.9997188222362041,0.9995930511316717,0.9996840924886776,0.9916673813603238,0.9899877980341454,0.9911709567644245,0.023780226707458496,0.039505958557128906,0.03470504283905029,0.9998586401931708,0.9996099339608577,0.9996989579873885,-1.2247480154037476,1.0913742780685425,0.005632402841001749,0.4608577806122449,0.464016456567594,
2,client_0,True,orig,raw,pretrained,0.9504268765449524,0.05686664581298828,0.0346677303314209,0.04510354995727539,0.9991920360870483,0.9996996048135403,0.9994916113728165,0.985933523150381,0.991389085818893,0.9888187717036907,0.0652318000793457,0.035442352294921875,0.044030189514160156,0.9989370512210307,0.9996860338666069,0.9995155117215619,-0.7601706385612488,0.8424991965293884,0.01511633861809969,0.49314413265306123,-0.16780826492167522,0.3352569341659546
2,client_1,True,orig,raw,pretrained,0.8865846395492554,0.06635451316833496,0.07832634449005127,0.055765748023986816,0.9989001776957642,0.9984680084685806,0.9992229984327121,0.9836155369180333,0.980702345120662,0.9862030148011867,0.06792545318603516,0.07936573028564453,0.056226253509521484,0.9988475303125963,0.9984271281263932,0.9992101203488049,-0.9661902785301208,0.8593504428863525,0.018521511927247047,0.4655612244897959,-0.23523789577371476,0.4818841218948364
2,client_2,False,orig,raw,pretrained,0.9364988207817078,0.07400786876678467,0.06584811210632324,0.04069161415100098,0.9986321137976351,0.9989168871885485,0.9995861766166902,0.9817516959143784,0.9837390493295053,0.9899041980431429,0.07852637767791748,0.06664443016052246,0.040524959564208984,0.9984601825959007,0.9988905540006954,0.9995895583036767,-0.8167776465415955,1.009554147720337,0.004379692021757364,0.48278061224489793,0.444446288950942,0.39716482162475586
2,client_3,False,orig,raw,pretrained,0.942349910736084,0.0335698127746582,0.02941715717315674,0.040387630462646484,0.9997183264367231,0.9997836928139725,0.9995923345126896,0.9916600826241113,0.992686080200019,0.9899790500669314,0.026575207710266113,0.02897632122039795,0.040250539779663086,0.9998234629612686,0.9997901262432343,0.9995950965140437,-0.9536997079849243,1.2553257942199707,0.021474678069353104,0.4385363520408163,0.541948811566763,0.36940324306488037
2,client_4,False,orig,raw,pretrained,0.9068115949630737,0.05994582176208496,0.05677223205566406,0.04530668258666992,0.9991022295657781,0.999194715110644,0.9994870235723903,0.9851803501814982,0.9859566306083252,0.988768839939407,0.07094788551330566,0.05720555782318115,0.04635500907897949,0.9987427860853582,0.9991823827584185,0.9994630196423611,-1.036848545074463,1.2885831594467163,0.02202153392136097,0.45814732142857145,0.5453628729858323,0.4504227638244629
2,client_5,False,orig,raw,pretrained,0.9330996870994568,0.07664012908935547,0.025340914726257324,0.04434478282928467,0.9985331883070678,0.9998394788381118,0.9995085662644934,0.981111879880556,0.9936947481318994,0.9890053167196355,0.0661236047744751,0.0248873233795166,0.04400599002838135,0.9989078127036666,0.9998451732645903,0.9995160439423236,-0.8511736392974854,0.8583827614784241,-0.005871536675840616,0.5061383928571429,0.5863904534452111,0.4246021509170532
2,client_6,False,orig,raw,pretrained,0.9022007584571838,0.08318507671356201,0.04125344753265381,0.04404497146606445,0.9982723027276514,0.9995746739920761,0.9995151864774534,0.9795237282242713,0.9897658762415644,0.9890790407358092,0.10239219665527344,0.0417933464050293,0.04449117183685303,0.9973841030671615,0.9995634720192792,0.9995053175169168,-1.134719967842102,1.1853967905044556,0.03642844036221504,0.42793367346938777,0.5890076871085032,0.31320416927337646
2,client_7,False,orig,raw,pretrained,0.9551762938499451,0.05643630027770996,0.04346954822540283,0.03469240665435791,0.9992042112819046,0.9995277669140599,0.9996991771181827,0.9860388554018875,0.9892205611864853,0.9913829962880507,0.04622483253479004,0.04288947582244873,0.03380477428436279,0.9994660301536,0.9995402817831065,0.9997143705118114,-0.7081322073936462,0.7815802693367004,0.008027724921703339,0.4293686224489796,0.5778588826745079,0.5486056804656982
2,client_8,False,orig,raw,pretrained,0.9072429537773132,0.05082523822784424,0.052398681640625,0.03717660903930664,0.9993545114518014,0.9993139477459834,0.9996545644554848,0.987413777370785,0.9870279342225536,0.990770241204151,0.04386091232299805,0.05117380619049072,0.03753328323364258,0.9995192285188716,0.9993456317159466,0.9996479061676291,-1.2023694515228271,1.0487829446792603,0.010477040894329548,0.453922193877551,0.5816545181706512,0.3159525394439697
2,client_9,False,orig,raw,pretrained,0.9373936057090759,0.04084205627441406,0.021445631980895996,0.047728538513183594,0.9995831120024254,0.9998850311315781,0.9994307398126121,0.9898671567711601,0.9946600750038848,0.9881738180700042,0.04016435146331787,0.021224260330200195,0.048119306564331055,0.9995968281700465,0.9998873922046501,0.9994213843037869,-1.2247480154037476,1.0913742780685425,0.005632402841001749,0.4608577806122449,0.464016456567594,0.41003918647766113
2,client_0,True,orig,clip01,random,0.9504268765449524,0.10857844352722168,0.04741990566253662,0.08213698863983154,0.9970591828548236,0.9994380750688912,0.9983155099361336,0.9733983393314374,0.9882496156977778,0.9797777904091622,0.07894778251647949,0.04669618606567383,0.08052515983581543,0.9984436310132343,0.9994550893499652,0.9983808934798881,-0.7601706385612488,0.8424991965293884,0.01511633861809969,0.49314413265306123,-0.16780826492167522,
2,client_1,True,orig,clip01,random,0.8865846395492554,0.0896291732788086,0.09870970249176025,0.08045566082000732,0.9979946739402497,0.9975685417742355,0.9983836836974871,0.9779638155665171,0.9757720276788908,0.9801855599742271,0.08094596862792969,0.10042667388916016,0.08014965057373047,0.9983639478183255,0.9974833809388528,0.9983959407504783,-0.9661902785301208,0.8593504428863525,0.018521511927247047,0.4655612244897959,-0.23523789577371476,
2,client_2,False,orig,clip01,random,0.9364988207817078,0.06890332698822021,0.04844045639038086,0.0755000114440918,0.9988141386401574,0.9994136385387442,0.9985764587496067,0.9829942284625115,0.9879990103046967,0.9813889281792638,0.07472825050354004,0.0489048957824707,0.0759744644165039,0.9986053825825265,0.9994023458202896,0.9985585304643476,-0.8167776465415955,1.009554147720337,0.004379692021757364,0.48278061224489793,0.444446288950942,
2,client_3,False,orig,clip01,random,0.942349910736084,0.049276113510131836,0.03884446620941162,0.05208384990692139,0.9993932424169591,0.9996228835578134,0.9993221629393949,0.9877938782031768,0.9903591651850159,0.9871051198225884,0.046392202377319336,0.03875172138214111,0.05169117450714111,0.9994621579437875,0.9996246817038426,0.9993323401353964,-0.9536997079849243,1.2553257942199707,0.021474678069353104,0.4385363520408163,0.541948811566763,
2,client_4,False,orig,clip01,random,0.9068115949630737,0.06695055961608887,0.029007792472839355,0.030394792556762695,0.99888034674918,0.9997896701788325,0.9997690791474882,0.9834701896027616,0.992787308263811,0.9924443923056565,0.06714165210723877,0.028703927993774414,0.030672669410705566,0.9988739515321372,0.9997940529456073,0.9997648383218045,-1.036848545074463,1.2885831594467163,0.02202153392136097,0.45814732142857145,0.5453628729858323,
2,client_5,False,orig,clip01,random,0.9330996870994568,0.11661994457244873,0.040285587310791016,0.06696474552154541,0.9966085981165766,0.9995943912948502,0.9988798726193069,0.971470554024876,0.9900041787679197,0.9834667307293912,0.1182870864868164,0.04036569595336914,0.0664510726928711,0.9965111970807918,0.9995927770632249,0.9988969770799405,-0.8511736392974854,0.8583827614784241,-0.005871536675840616,0.5061383928571429,0.5863904534452111,
2,client_6,False,orig,clip01,random,0.9022007584571838,0.10491490364074707,0.0317767858505249,0.0634610652923584,0.9972538847582055,0.9997476067571993,0.9989939330715014,0.9742785029681191,0.9921028909272129,0.9843215692474125,0.09893250465393066,0.03219485282897949,0.061978816986083984,0.9975575732152107,0.9997409232144316,0.9990403478206864,-1.134719967842102,1.1853967905044556,0.03642844036221504,0.42793367346938777,0.5890076871085032,
2,client_7,False,orig,clip01,random,0.9551762938499451,0.08420085906982422,0.05076861381530762,0.12708163261413574,0.9982299072722931,0.9993559482341214,0.9959747580478415,0.9792775914718248,0.9874276671490962,0.9689711467524778,0.08054149150848389,0.0507357120513916,0.12816989421844482,0.998380237454791,0.999356782346011,0.9959057354330385,-0.7081322073936462,0.7815802693367004,0.008027724921703339,0.4293686224489796,0.5778588826745079,
2,client_8,False,orig,clip01,random,0.9072429537773132,0.03690457344055176,0.04880499839782715,0.03843820095062256,0.9996596000438784,0.9994047838781459,0.9996307284799133,0.9908373139821833,0.9879095168575471,0.990459273623771,0.030577898025512695,0.049457550048828125,0.03742659091949463,0.9997662890117913,0.999388768033886,0.9996499045253522,-1.2023694515228271,1.0487829446792603,0.010477040894329548,0.453922193877551,0.5816545181706512,
2,client_9,False,orig,clip01,random,0.9373936057090759,0.0511317253112793,0.04953432083129883,0.051476120948791504,0.9993467069372319,0.9993868698574335,0.9993378812279168,0.9873386022061885,0.9877305079422691,0.9872541390773046,0.021938800811767578,0.048876166343688965,0.04977595806121826,0.9998796831129535,0.9994030474899087,0.9993808761359269,-1.2247480154037476,1.0913742780685425,0.005632402841001749,0.4608577806122449,0.464016456567594,
2,client_0,True,orig,clip01,pretrained,0.9504268765449524,0.05317878723144531,0.03727149963378906,0.0425184965133667,0.9992933788558271,0.9996527992665403,0.9995481975161065,0.9868367189585812,0.9907468466931553,0.9894545308840539,0.058144211769104004,0.03807699680328369,0.04161977767944336,0.9991553481189772,0.9996376340905448,0.9995670891367441,-0.7601706385612488,0.8424991965293884,0.01511633861809969,0.49314413265306123,-0.16780826492167522,
2,client_1,True,orig,clip01,pretrained,0.8865846395492554,0.07192254066467285,0.08772087097167969,0.055785179138183594,0.9987080402733959,0.9980790342781498,0.9992224571746899,0.9822590153871764,0.9784253665414722,0.9861982572495811,0.07386422157287598,0.08914339542388916,0.05628681182861328,0.9986374132789779,0.9980163199554208,0.9992084189682997,-0.9661902785301208,0.8593504428863525,0.018521511927247047,0.4655612244897959,-0.23523789577371476,
2,client_2,False,orig,clip01,pretrained,0.9364988207817078,0.07402229309082031,0.06814277172088623,0.044777750968933105,0.9986315810840276,0.998840150592746,0.9994989266401384,0.9817481881286154,0.983179562607092,0.9888988638254599,0.07840335369110107,0.0690450668334961,0.04495131969451904,0.9984649979996634,0.9988092591547151,0.9994950360374679,-0.8167776465415955,1.009554147720337,0.004379692021757364,0.48278061224489793,0.444446288950942,
2,client_3,False,orig,clip01,pretrained,0.942349910736084,0.03170621395111084,0.026657700538635254,0.04231727123260498,0.9997487263631022,0.9998223654195817,0.9995524624130683,0.99212032552473,0.9933687408492489,0.989504045268736,0.028594255447387695,0.026377201080322266,0.042282819747924805,0.9997956234715839,0.9998260835043349,0.9995531905740547,-0.9536997079849243,1.2553257942199707,0.021474678069353104,0.4385363520408163,0.541948811566763,
2,client_4,False,orig,clip01,pretrained,0.9068115949630737,0.06246531009674072,0.06401288509368896,0.049994826316833496,0.9990252344716068,0.9989763741727866,0.9993754220629829,0.984564720122904,0.9841868606112805,0.987617504008228,0.07446742057800293,0.0644996166229248,0.05117595195770264,0.9986150909822191,0.9989607605893036,0.9993455768651436,-1.036848545074463,1.2885831594467163,0.02202153392136097,0.45814732142857145,0.5453628729858323,
2,client_5,False,orig,clip01,pretrained,0.9330996870994568,0.0814366340637207,0.027305960655212402,0.04129517078399658,0.9983440780961397,0.9998136221847924,0.9995738134927297,0.9799476152604643,0.9932083048067746,0.9897556052510739,0.06709790229797363,0.027042150497436523,0.040987372398376465,0.9988754172931655,0.9998172055883352,0.999580141083994,-0.8511736392974854,0.8583827614784241,-0.005871536675840616,0.5061383928571429,0.5863904534452111,
2,client_6,False,orig,clip01,pretrained,0.9022007584571838,0.08987593650817871,0.04263710975646973,0.04650986194610596,0.9979836335110381,0.9995456740863478,0.9994594274495436,0.977904156116036,0.9894253461252345,0.9884731655641421,0.10905563831329346,0.04321122169494629,0.046984195709228516,0.9970333343472575,0.999533360958285,0.999448349683318,-1.134719967842102,1.1853967905044556,0.03642844036221504,0.42793367346938777,0.5890076871085032,
2,client_7,False,orig,clip01,pretrained,0.9551762938499451,0.06021702289581299,0.04676985740661621,0.03670775890350342,0.9990940935095511,0.9994533693168659,0.9996632201987457,0.9851140551871305,0.9884092906148545,0.9908858445913111,0.050475358963012695,0.046219825744628906,0.03567028045654297,0.9993633636772583,0.9994661457736922,0.9996819836442152,-0.7081322073936462,0.7815802693367004,0.008027724921703339,0.4293686224489796,0.5778588826745079,
2,client_8,False,orig,clip01,pretrained,0.9072429537773132,0.05186605453491211,0.05713343620300293,0.04155302047729492,0.9993278171615387,0.999184441812085,0.9995684763327213,0.9871585208411435,0.9858682314689433,0.9896921340779743,0.04270505905151367,0.056374549865722656,0.04174351692199707,0.999544225340744,0.9992059507348461,0.9995645119884295,-1.2023694515228271,1.0487829446792603,0.010477040894329548,0.453922193877551,0.5816545181706512,
2,client_9,False,orig,clip01,pretrained,0.9373936057090759,0.03985285758972168,0.024623394012451172,0.046761512756347656,0.9996030556487225,0.9998484393470057,0.9994535642785689,0.9901107515352434,0.9938724580903187,0.9884113406087205,0.03862261772155762,0.024488091468811035,0.046927809715270996,0.9996271776303041,0.9998501001986502,0.9994496724197774,-1.2247480154037476,1.0913742780685425,0.005632402841001749,0.4608577806122449,0.464016456567594,
2,client_0,True,flip,raw,random,0.8290966749191284,0.10904216766357422,0.09742236137390137,0.05788278579711914,0.9970340655612764,0.9976314368780899,0.9991629216739393,0.9732870149632429,0.9760823072387654,0.9856848776528679,0.07630360126495361,0.09647905826568604,0.057137131690979004,0.9985460275845885,0.9976770030210707,0.9991843363698407,-0.8684175610542297,0.45520880818367004,-0.015842972323298454,0.5611447704081632,-0.16780826492167522,
2,client_1,True,flip,raw,random,0.69692462682724,0.08836555480957031,0.06151771545410156,0.05521965026855469,0.998050736600633,0.9990545635944952,0.9992381331671214,0.978269403707672,0.9847961945171193,0.986336736520103,0.08429336547851562,0.06257319450378418,0.054290056228637695,0.9982260209267453,0.9990218669837545,0.9992635544658202,-0.8695487380027771,0.674849808216095,-0.044462867081165314,0.5977359693877551,-0.23523789577371476,
2,client_2,False,flip,raw,random,0.7777329683303833,0.16898274421691895,0.04629528522491455,0.17053258419036865,0.9928992517113124,0.9994644018878442,0.9927691147178288,0.959056707580987,0.9885258868317661,0.9586929183412525,0.13831543922424316,0.045992136001586914,0.16813254356384277,0.995234312495664,0.9994713905210817,0.9929701474893569,-0.8010151982307434,0.6011838316917419,-0.016997329890727997,0.4765625,0.444446288950942,
2,client_3,False,flip,raw,random,0.7339721322059631,0.20504605770111084,0.07902514934539795,0.1578596830368042,0.9895713216627804,0.9984405826845748,0.9937990706155169,0.9506450908665653,0.9805327000823376,0.9616736853630492,0.16595864295959473,0.0785832405090332,0.15612387657165527,0.9931498306611257,0.9984579543319538,0.9939340725307384,-1.0795032978057861,0.5841890573501587,-0.04279337078332901,0.5685586734693877,0.541948811566763,
2,client_4,False,flip,raw,random,0.6765584945678711,0.2185906171798706,0.172002911567688,0.10990047454833984,0.9881607241569126,0.9926445799616808,0.9969872960772936,0.9475144938274391,0.9583479844348524,0.9730810151465088,0.16845440864562988,0.17534542083740234,0.10731816291809082,0.9929433492599367,0.9923575853744357,0.9971269090249602,-0.8373699188232422,0.6727308630943298,-0.04012884944677353,0.5520567602040817,0.5453628729858323,
2,client_5,False,flip,raw,random,0.8809184432029724,0.0920560359954834,0.038680195808410645,0.07746994495391846,0.9978847831709965,0.99962606551643,0.9985012886438716,0.9773773151096625,0.9903996414753322,0.9809103086447475,0.1045304536819458,0.038965821266174316,0.07834291458129883,0.9972739325081486,0.999620524229279,0.9984673609537902,-0.8875126242637634,0.8361423015594482,0.0041339211165905,0.5075733418367347,0.5863904534452111,
2,client_6,False,flip,raw,random,0.6927633881568909,0.28061485290527344,0.0740208625793457,0.14436376094818115,0.9806007789972044,0.9986316339197474,0.994810066637142,0.9333747219325768,0.9817485360073548,0.9648633656244676,0.21944832801818848,0.07301473617553711,0.14136576652526855,0.9880684663698576,0.9986685431549944,0.9950225894245031,-1.019026517868042,0.6588678359985352,-0.06807325035333633,0.6243622448979592,0.5890076871085032,
2,client_7,False,flip,raw,random,0.7648797035217285,0.1950228214263916,0.12808990478515625,0.23544704914093018,0.9905589128928047,0.9959108285299794,0.9862839244377313,0.9529718114221795,0.9687307702216903,0.943640006058684,0.09124422073364258,0.12329530715942383,0.23060500621795654,0.9979218677156081,0.9962103723524371,0.9868367479608982,-0.4921865165233612,0.5841279029846191,0.004647762514650822,0.4927455357142857,0.5778588826745079,
2,client_8,False,flip,raw,random,0.6671621203422546,0.17467224597930908,0.03897595405578613,0.136283278465271,0.992415819643323,0.9996203268997821,0.9953728379801059,0.9577222437729727,0.9903267683173447,0.9667807499284411,0.09685444831848145,0.03792774677276611,0.12892448902130127,0.997658922585978,0.9996404684828122,0.9958575342378897,-0.9006522297859192,0.7082162499427795,-0.007724442053586245,0.5152264030612245,0.5816545181706512,
2,client_9,False,flip,raw,random,0.8173186182975769,0.22395336627960205,0.14816153049468994,0.09141790866851807,0.9875781763093827,0.9945345475057157,0.9979139609228174,0.9462792648536578,0.9639641808562163,0.977531480308033,0.25684988498687744,0.15061801671981812,0.09251701831817627,0.9837088639442,0.9943525878610731,0.9978635797366808,-0.8721826076507568,0.859635055065155,-0.012875818647444248,0.5490274234693877,0.464016456567594,
2,client_0,True,flip,raw,pretrained,0.8290966749191284,0.09154033660888672,0.08397412300109863,0.11368203163146973,0.9979083786595253,0.9982394148732436,0.9967769114130791,0.9775019001087837,0.9793325244038649,0.9721741934045574,0.05416536331176758,0.08265876770019531,0.112099289894104,0.9992669316458962,0.9982940678330625,0.9968658241485386,-0.8684175610542297,0.45520880818367004,-0.015842972323298454,0.5611447704081632,-0.16780826492167522,0.5622988939285278
2,client_1,True,flip,raw,pretrained,0.69692462682724,0.06101095676422119,0.07164478302001953,0.11718297004699707,0.9990700648829147,0.9987179902642243,0.9965758569543646,0.9849200168966441,0.9823266180745243,0.9713357949713091,0.046610355377197266,0.07239162921905518,0.11631262302398682,0.9994570898578672,0.9986911492441946,0.9966264036862931,-0.8695487380027771,0.674849808216095,-0.044462867081165314,0.5977359693877551,-0.23523789577371476,0.7227874398231506
2,client_2,False,flip,raw,pretrained,0.7777329683303833,0.05473220348358154,0.025908946990966797,0.0806279182434082,0.9992515169114065,0.9998322027363886,0.998376763585032,0.986456119493792,0.9935540961191285,0.9801437709642298,0.07086014747619629,0.026456713676452637,0.08295416831970215,0.9987458907181066,0.9998250335387004,0.9982818686881496,-0.8010151982307434,0.6011838316917419,-0.016997329890727997,0.4765625,0.444446288950942,0.5287425518035889
2,client_3,False,flip,raw,pretrained,0.7339721322059631,0.13506627082824707,0.04199516773223877,0.09714257717132568,0.9954548292653043,0.9995592472232917,0.9976449977412882,0.967070024391576,0.9895833112234305,0.9761497614216179,0.08240723609924316,0.040482401847839355,0.09409987926483154,0.9983044211922965,0.9995904196457395,0.9977899731943871,-1.0795032978057861,0.5841890573501587,-0.04279337078332901,0.5685586734693877,0.541948811566763,0.5553704500198364
2,client_4,False,flip,raw,pretrained,0.6765584945678711,0.15277278423309326,0.06752490997314453,0.13024640083312988,0.9941905561538533,0.9988610704403136,0.9957724211198784,0.9628740810709315,0.9833301634238605,0.9682169525356774,0.09176623821258545,0.06449615955352783,0.12699580192565918,0.9978980588910866,0.9989608719024003,0.9959801770932903,-0.8373699188232422,0.6727308630943298,-0.04012884944677353,0.5520567602040817,0.5453628729858323,0.6744996309280396
2,client_5,False,flip,raw,pretrained,0.8809184432029724,0.08415031433105469,0.10768997669219971,0.09657275676727295,0.9982320289462081,0.9971070096494128,0.9976724966188131,0.9792898368983243,0.9736116833622099,0.9762871631207171,0.0960422158241272,0.1129191517829895,0.09865200519561768,0.9976979554939007,0.9968199213912727,0.9975713782125548,-0.8875126242637634,0.8361423015594482,0.0041339211165905,0.5075733418367347,0.5863904534452111,0.37125909328460693
2,client_6,False,flip,raw,pretrained,0.6927633881568909,0.1746218204498291,0.026302456855773926,0.12824487686157227,0.992420172987434,0.9998270676233185,0.9959009582773237,0.9577340587480672,0.993456675584828,0.9686938321348555,0.1117926836013794,0.02584385871887207,0.12377309799194336,0.996882905417549,0.9998330446501442,0.9961810288554447,-1.019026517868042,0.6588678359985352,-0.06807325035333633,0.6243622448979592,0.5890076871085032,0.5651817321777344
2,client_7,False,flip,raw,pretrained,0.7648797035217285,0.0877605676651001,0.03330421447753906,0.10941576957702637,0.9980772977880148,0.9997227649824483,0.997013752508735,0.9784157619824077,0.9917256564192156,0.9731973397741811,0.07044529914855957,0.03251981735229492,0.10857844352722168,0.9987605184003014,0.9997356677851832,0.9970591828548236,-0.4921865165233612,0.5841279029846191,0.004647762514650822,0.4927455357142857,0.5778588826745079,0.6674951314926147
2,client_8,False,flip,raw,pretrained,0.6671621203422546,0.22003984451293945,0.05523848533630371,0.18456852436065674,0.9880046382594467,0.9992376136399965,0.9915377094531526,0.9471804471613092,0.9863321239667295,0.9554077236743976,0.16817164421081543,0.05502498149871826,0.17867445945739746,0.9929668946777976,0.9992434923550184,0.9920663846026823,-0.9006522297859192,0.7082162499427795,-0.007724442053586245,0.5152264030612245,0.5816545181706512,0.47324681282043457
2,client_9,False,flip,raw,pretrained,0.8173186182975769,0.22008824348449707,0.12870407104492188,0.09434390068054199,0.9879994083956425,0.9958716427518821,0.9977785153038918,0.9471692942605399,0.9685843941596337,0.9768248897223071,0.21499061584472656,0.1312636137008667,0.09173893928527832,0.9885441482384978,0.9957063428739532,0.9978993073191971,-0.8721826076507568,0.859635055065155,-0.012875818647444248,0.5490274234693877,0.464016456567594,0.44321274757385254
2,client_0,True,flip,clip01,random,0.8290966749191284,0.0933375358581543,0.09657895565032959,0.13961029052734375,0.9978255787049188,0.9976721983321346,0.9951449928101657,0.9770678277492248,0.9762856682179919,0.9659906045931035,0.05505931377410889,0.09561562538146973,0.13795971870422363,0.9992425485666043,0.9977183251144135,0.9952587066917349,-0.8684175610542297,0.45520880818367004,-0.015842972323298454,0.5611447704081632,-0.16780826492167522,
2,client_1,True,flip,clip01,random,0.69692462682724,0.07966721057891846,0.09835827350616455,0.12681829929351807,0.9984151701784478,0.9975857927367011,0.995991372505274,0.9803768692084862,0.9758567156544151,0.9690339413281124,0.033628225326538086,0.09687972068786621,0.12437653541564941,0.9997173455498063,0.9976577028527023,0.9961438084622916,-0.8695487380027771,0.674849808216095,-0.044462867081165314,0.5977359693877551,-0.23523789577371476,
2,client_2,False,flip,clip01,random,0.7777329683303833,0.0698695182800293,0.027053117752075195,0.09031236171722412,0.9987806788113256,0.9998170573098724,0.9979640335545255,0.9827588599887467,0.9932708755490609,0.9777986558445286,0.08288812637329102,0.02757883071899414,0.09213435649871826,0.9982845997768497,0.9998098791378529,0.9978811881467062,-0.8010151982307434,0.6011838316917419,-0.016997329890727997,0.4765625,0.444446288950942,
2,client_3,False,flip,clip01,random,0.7339721322059631,0.1053701639175415,0.06954360008239746,0.13000893592834473,0.9972300500994575,0.998792017455862,0.995787773794798,0.9741690619111152,0.9828382456489966,0.9682735120743331,0.052243828773498535,0.06751883029937744,0.12777304649353027,0.9993179946382866,0.9988612753452522,0.9959309727092589,-1.0795032978057861,0.5841890573501587,-0.04279337078332901,0.5685586734693877,0.541948811566763,
2,client_4,False,flip,clip01,random,0.6765584945678711,0.2480933666229248,0.16951799392700195,0.13890695571899414,0.9847882290117054,0.9928544392719725,0.995193611070301,0.9407488359089917,0.9589310466001795,0.9661575615148683,0.18062353134155273,0.16890525817871094,0.13705706596374512,0.9918934124260792,0.9929057275434312,0.9953203298306319,-0.8373699188232422,0.6727308630943298,-0.04012884944677353,0.5520567602040817,0.5453628729858323,
2,client_5,False,flip,clip01,random,0.8809184432029724,0.08429622650146484,0.09418332576751709,0.0734637975692749,0.9982259006628225,0.9977860583265734,0.9986521317260828,0.9792544875194793,0.9768636466745932,0.98188401985255,0.11897790431976318,0.09852254390716553,0.07475662231445312,0.9964704358746572,0.997577736626122,0.9986043245115555,-0.8875126242637634,0.8361423015594482,0.0041339211165905,0.5075733418367347,0.5863904534452111,
2,client_6,False,flip,clip01,random,0.6927633881568909,0.12218785285949707,0.025257468223571777,0.0743398666381836,0.9962779551333558,0.9998405341493206,0.9986198263836006,0.9701391187373738,0.9937154130637984,0.9816709636280232,0.09385049343109131,0.025066375732421875,0.07299387454986572,0.9978016525112885,0.9998429377057876,0.998669303129301,-1.019026517868042,0.6588678359985352,-0.06807325035333633,0.6243622448979592,0.5890076871085032,
2,client_7,False,flip,clip01,random,0.7648797035217285,0.10798776149749756,0.12476372718811035,0.14316260814666748,0.9970910230827597,0.9961198320000286,0.9948957416078099,0.9735401696523034,0.969524085367129,0.9651480206499774,0.06963419914245605,0.12214624881744385,0.14163494110107422,0.9987888708292048,0.9962804822836844,0.9950036875655599,-0.4921865165233612,0.5841279029846191,0.004647762514650822,0.4927455357142857,0.5778588826745079,
2,client_8,False,flip,clip01,random,0.6671621203422546,0.19796991348266602,0.03487968444824219,0.09923267364501953,0.9902735195589045,0.9996959212689156,0.9975427570699134,0.9522868077659281,0.9913367824025199,0.9756460215951013,0.16336989402770996,0.03563487529754639,0.09289264678955078,0.9933608149685196,0.9996826144860598,0.997846224444735,-0.9006522297859192,0.7082162499427795,-0.007724442053586245,0.5152264030612245,0.5816545181706512,
2,client_9,False,flip,clip01,random,0.8173186182975769,0.23919129371643066,0.19133234024047852,0.10220074653625488,0.9858488895320849,0.9909104286582933,0.9973938570743912,0.9427826157386339,0.9538306483661774,0.9749313486160045,0.26081985235214233,0.19580316543579102,0.10354149341583252,0.9832077798950165,0.9904837498595425,0.9973251679797464,-0.8721826076507568,0.859635055065155,-0.012875818647444248,0.5490274234693877,0.464016456567594,
2,client_0,True,flip,clip01,pretrained,0.8290966749191284,0.10190093517303467,0.08831453323364258,0.10845828056335449,0.9974090954830888,0.9980529836421967,0.99706567408933,0.9750035035643039,0.9782817455601784,0.9734271894844531,0.05956888198852539,0.08728837966918945,0.10655355453491211,0.9991134769586056,0.9980979025406251,0.9971676162299383,-0.8684175610542297,0.45520880818367004,-0.015842972323298454,0.5611447704081632,-0.16780826492167522,
2,client_1,True,flip,clip01,pretrained,0.69692462682724,0.05287730693817139,0.06549286842346191,0.10820925235748291,0.9993013638881556,0.9989285328576005,0.9970791039753852,0.9869106095867577,0.9838257079928034,0.9734869832242621,0.039727091789245605,0.06604814529418945,0.10766208171844482,0.9996055562727639,0.9989103020273582,0.9971085049484174,-0.8695487380027771,0.674849808216095,-0.044462867081165314,0.5977359693877551,-0.23523789577371476,
2,client_2,False,flip,clip01,pretrained,0.7777329683303833,0.06163513660430908,0.025397896766662598,0.0982656478881836,0.9990509535426577,0.9998387562122824,0.9975903293763226,0.9847675069443422,0.9936806373059992,0.9758790385763199,0.07752513885498047,0.025900840759277344,0.10052978992462158,0.9984991547577118,0.9998323077055069,0.997478220044792,-0.8010151982307434,0.6011838316917419,-0.016997329890727997,0.4765625,0.444446288950942,
2,client_3,False,flip,clip01,pretrained,0.7339721322059631,0.16292786598205566,0.04996764659881592,0.10613393783569336,0.9933965155826376,0.9993761006650221,0.9971898336763871,0.9604799402456159,0.9876241731295698,0.9739854980077618,0.08949470520019531,0.04863262176513672,0.10359585285186768,0.9980006774738184,0.9994089791351284,0.9973223643056222,-1.0795032978057861,0.5841890573501587,-0.04279337078332901,0.5685586734693877,0.541948811566763,
2,client_4,False,flip,clip01,pretrained,0.6765584945678711,0.1410541534423828,0.07542240619659424,0.1332615613937378,0.9950444271451466,0.9985793805985983,0.9955750790979052,0.9656479975882775,0.9814077905030696,0.9674992309409718,0.08595740795135498,0.07253408432006836,0.13108325004577637,0.9981553869342821,0.9986859980423959,0.9957180963267449,-0.8373699188232422,0.6727308630943298,-0.04012884944677353,0.5520567602040817,0.5453628729858323,
2,client_5,False,flip,clip01,pretrained,0.8809184432029724,0.09239912033081055,0.11730337142944336,0.10515701770782471,0.9978690126114915,0.9965688350945956,0.9972412218801123,0.9772944444419107,0.971306980777269,0.9742202983170427,0.10635924339294434,0.12243831157684326,0.10762763023376465,0.9971779152286975,0.996262723561772,0.9971103511765766,-0.8875126242637634,0.8361423015594482,0.0041339211165905,0.5075733418367347,0.5863904534452111,
2,client_6,False,flip,clip01,pretrained,0.6927633881568909,0.1550760269165039,0.03764450550079346,0.12959814071655273,0.9940148594189284,0.9996458169137925,0.9958142673698331,0.962330288042095,0.990654893136504,0.9683713672495009,0.0990293025970459,0.03736734390258789,0.1251997947692871,0.9975528001993341,0.9996510117739306,0.996092740765234,-1.019026517868042,0.6588678359985352,-0.06807325035333633,0.6243622448979592,0.5890076871085032,
2,client_7,False,flip,clip01,pretrained,0.7648797035217285,0.08819103240966797,0.030245304107666016,0.09771895408630371,0.9980584174014926,0.9997713446148955,0.9976170190403799,0.9783116207315441,0.992481342643992,0.9760108082722578,0.07250523567199707,0.029728174209594727,0.09713518619537354,0.9986870420291596,0.9997790955204615,0.9976453554495683,-0.4921865165233612,0.5841279029846191,0.004647762514650822,0.4927455357142857,0.5778588826745079,
2,client_8,False,flip,clip01,pretrained,0.6671621203422546,0.200752854347229,0.054648756980895996,0.1670060157775879,0.9900002087635698,0.9992537962185004,0.9930635461617348,0.9516406373550876,0.9864765589583133,0.9595210000511647,0.14729535579681396,0.05459952354431152,0.16205477714538574,0.9945980060183013,0.9992551393820959,0.9934667524468264,-0.9006522297859192,0.7082162499427795,-0.007724442053586245,0.5152264030612245,0.5816545181706512,
2,client_9,False,flip,clip01,pretrained,0.8173186182975769,0.23609089851379395,0.1280379295349121,0.10960829257965088,0.9862095853534671,0.9959141362211634,0.9970032579867538,0.9434924882987801,0.968743159161382,0.9731511335676031,0.23165059089660645,0.13065063953399658,0.10811245441436768,0.9867183052536714,0.9957462224993214,0.9970843159497413,-0.8721826076507568,0.859635055065155,-0.012875818647444248,0.5490274234693877,0.464016456567594,
2,client_0,True,flip_global,raw,random,0.9400385022163391,0.058716654777526855,0.032061219215393066,0.0480961799621582,0.999138645466713,0.9997430690764746,0.9994219401055915,0.9854809034529359,0.9920326270909623,0.9880835398123866,0.07721185684204102,0.03284871578216553,0.049230217933654785,0.9985112466731765,0.9997302950358695,0.999394371640596,-1.1471917629241943,0.7454826831817627,-0.014449809677898884,0.5121970663265306,-0.16780826492167522,
2,client_1,True,flip_global,raw,random,0.7995103001594543,0.17701423168182373,0.09169363975524902,0.14481055736541748,0.9922122781415732,0.997901378132217,0.9947780180508179,0.957173744975905,0.9774648619487214,0.9647575138123108,0.19824928045272827,0.09268951416015625,0.14632606506347656,0.990246250301807,0.9978556185272365,0.9946685850960222,-1.144714593887329,0.8652616739273071,-0.03665173426270485,0.5440848214285714,-0.23523789577371476,
2,client_2,False,flip_global,raw,random,0.8108298778533936,0.19886410236358643,0.05559968948364258,0.14440608024597168,0.9901861055363899,0.9992276163567333,0.9948070352649356,0.9520791143852319,0.9862436743005485,0.9648533388912583,0.21318089962005615,0.0561213493347168,0.14549267292022705,0.988734573110285,0.9992130632981,0.994728902081897,-1.0150175094604492,0.6347917318344116,-0.0053444369696080685,0.49354272959183676,0.444446288950942,
2,client_3,False,flip_global,raw,random,0.8327969312667847,0.09458291530609131,0.01811850070953369,0.09972250461578369,0.9977672639292436,0.9999179350343537,0.9975184836603459,0.9767672045472642,0.9954857173839446,0.9755280225505967,0.09788739681243896,0.017818570137023926,0.10228180885314941,0.9976088114012416,0.9999206293646581,0.9973897293195415,-0.9027794003486633,0.9278573393821716,-0.012862108647823334,0.5053411989795918,0.541948811566763,
2,client_4,False,flip_global,raw,random,0.7683218717575073,0.17157435417175293,0.10576879978179932,0.062273383140563965,0.9926809861690846,0.9972090959098443,0.9990312109286208,0.9584485033192363,0.9740732480814456,0.9846115966297122,0.1646953821182251,0.10600459575653076,0.06232500076293945,0.9932531930184305,0.9971966644252357,0.9990296053984731,-0.9648032784461975,0.9699060916900635,-0.030382635071873665,0.5699139030612245,0.5453628729858323,
2,client_5,False,flip_global,raw,random,0.8826184868812561,0.07216072082519531,0.017280220985412598,0.07045221328735352,0.9986994775063032,0.9999253526701051,0.9987602753067824,0.9822010509184811,0.9956939023762554,0.9826169537926721,0.07841205596923828,0.0175553560256958,0.07116580009460449,0.9984646576221696,0.9999229568207311,0.9987350585651738,-0.6999301314353943,0.8941377997398376,0.00880400650203228,0.5138711734693877,0.5863904534452111,
2,client_6,False,flip_global,raw,random,0.7796744704246521,0.04142880439758301,0.03717148303985596,0.07427537441253662,0.9995710515891063,0.9996546596831972,0.9986222175607908,0.989722709812227,0.9907715050015837,0.9816866454933912,0.04301881790161133,0.037366628646850586,0.07501208782196045,0.9995375058149207,0.9996510251304116,0.9985947794134189,-0.8929318189620972,0.8777577877044678,-0.04749937355518341,0.5910395408163265,0.5890076871085032,
2,client_7,False,flip_global,raw,random,0.8939873576164246,0.1428898572921753,0.05578339099884033,0.10746192932128906,0.994915097992034,0.9992225069915699,0.9971192227751664,0.9652126760438771,0.9861986950596398,0.973666454798835,0.13112306594848633,0.055430054664611816,0.10651504993438721,0.9957155030833822,0.9992323195466581,0.9971696585552543,-0.6942026615142822,0.7280895113945007,0.026524797081947327,0.4453922193877551,0.5778588826745079,
2,client_8,False,flip_global,raw,random,0.846680760383606,0.10226404666900635,0.030982613563537598,0.10970139503479004,0.997390634061267,0.9997600626004102,0.9969981763681497,0.9749161153357988,0.9922991155742615,0.973128789828219,0.07851696014404297,0.03008103370666504,0.11239087581634521,0.9984605514825495,0.9997738212277418,0.9968495366828927,-0.8284351229667664,0.9757727384567261,-0.007070704363286495,0.5013552295918368,0.5816545181706512,
2,client_9,False,flip_global,raw,random,0.8730928301811218,0.12419486045837402,0.04204666614532471,0.06639337539672852,0.9961550331119438,0.9995581659341712,0.9988988901044655,0.9696598614948466,0.9895706374183262,0.9836060592906237,0.10662293434143066,0.0414501428604126,0.06585383415222168,0.9971639344031213,0.999570609746365,0.9989166990934419,-0.7727839350700378,1.0474491119384766,0.0028656136710196733,0.5247130102040817,0.464016456567594,
2,client_0,True,flip_global,raw,pretrained,0.9400385022163391,0.04232192039489746,0.05885791778564453,0.03240096569061279,0.9995523641037742,0.9991344986089128,0.9997375960089157,0.9895029012332925,0.9854463551275994,0.9919487089912837,0.034072279930114746,0.058199524879455566,0.031789302825927734,0.9997098330981913,0.9991537413253837,0.9997474079187392,-1.1471917629241943,0.7454826831817627,-0.014449809677898884,0.5121970663265306,-0.16780826492167522,0.40880441665649414
2,client_1,True,flip_global,raw,pretrained,0.7995103001594543,0.037683725357055664,0.05284559726715088,0.05822956562042236,0.9996450787159668,0.9993022011201524,0.9991528680316579,0.9906452253857563,0.986918381879162,0.9856000435179699,0.03810238838195801,0.05348634719848633,0.05873668193817139,0.9996371507748336,0.9992851861164742,0.9991380581624063,-1.144714593887329,0.8652616739273071,-0.03665173426270485,0.5440848214285714,-0.23523789577371476,0.5797040462493896
2,client_2,False,flip_global,raw,pretrained,0.8108298778533936,0.17946600914001465,0.06867122650146484,0.06019878387451172,0.9919963586550729,0.9988221072722714,0.9990946418304463,0.9566000381563426,0.9830507817711576,0.9851185134976361,0.2039928436279297,0.06812572479248047,0.06132864952087402,0.9896773508989063,0.9988407303227418,0.9990603619026743,-1.0150175094604492,0.6347917318344116,-0.0053444369696080685,0.49354272959183676,0.444446288950942,0.45705270767211914
2,client_3,False,flip_global,raw,pretrained,0.8327969312667847,0.04889953136444092,0.009550809860229492,0.052837371826171875,0.9994024768686891,0.9999771958977812,0.9993024182150101,0.9878863114194862,0.9976165666942003,0.986920398015128,0.05832064151763916,0.009824514389038086,0.053830623626708984,0.9991502176796803,0.9999758701659505,0.9992759594066243,-0.9027794003486633,0.9278573393821716,-0.012862108647823334,0.5053411989795918,0.541948811566763,0.43069159984588623
2,client_4,False,flip_global,raw,pretrained,0.7683218717575073,0.14922809600830078,0.039719223976135254,0.0977027416229248,0.9944559050470949,0.9996057124475242,0.9976178082779743,0.9637118801823761,0.9901436663287919,0.9760147163727424,0.13011205196380615,0.03774619102478027,0.09974861145019531,0.9957811104939651,0.9996439013990481,0.9975171866149461,-0.9648032784461975,0.9699060916900635,-0.030382635071873665,0.5699139030612245,0.5453628729858323,0.5951806306838989
2,client_5,False,flip_global,raw,pretrained,0.8826184868812561,0.06990432739257812,0.03671002388000488,0.060967087745666504,0.9987794646856016,0.9996631786473582,0.9990714007828829,0.9827503819135361,0.9908852860721917,0.9849307370347191,0.08289444446563721,0.037790536880493164,0.061814069747924805,0.9982843385930187,0.9996430644116416,0.9990454391364658,-0.6999301314353943,0.8941377997398376,0.00880400650203228,0.5138711734693877,0.5863904534452111,0.3184666633605957
2,client_6,False,flip_global,raw,pretrained,0.7796744704246521,0.06101036071777344,0.031110644340515137,0.07964026927947998,0.9990700830401507,0.9997580758566174,0.9984162406171273,0.9849201625495208,0.9922674777029736,0.9803834072242779,0.06676411628723145,0.03088057041168213,0.08086729049682617,0.9988865688658615,0.9997616402128822,0.9983671228092665,-0.8929318189620972,0.8777577877044678,-0.04749937355518341,0.5910395408163265,0.5890076871085032,0.45714759826660156
2,client_7,False,flip_global,raw,pretrained,0.8939873576164246,0.04505300521850586,0.016269564628601074,0.038408756256103516,0.9994927497400135,0.999933828600873,0.9996312938506386,0.9888311966272783,0.9959449835944991,0.9904665297257247,0.04997706413269043,0.01664555072784424,0.03855240345001221,0.9993758655770697,0.9999307350086815,0.9996285315711266,-0.6942026615142822,0.7280895113945007,0.026524797081947327,0.4453922193877551,0.5778588826745079,0.5194564461708069
2,client_8,False,flip_global,raw,pretrained,0.846680760383606,0.07754433155059814,0.013156890869140625,0.08402562141418457,0.9984984123823093,0.99995672546023,0.9982372576563676,0.9808922423729403,0.9967188740611315,0.9793200471174219,0.08226227760314941,0.012957572937011719,0.08565866947174072,0.9983103736084817,0.9999580266472641,0.9981681686899906,-0.8284351229667664,0.9757727384567261,-0.007070704363286495,0.5013552295918368,0.5816545181706512,0.38920295238494873
2,client_9,False,flip_global,raw,pretrained,0.8730928301811218,0.09342551231384277,0.025776982307434082,0.07354855537414551,0.9978214844207274,0.9998339074887246,0.9986490229184182,0.9770465864787827,0.993586769589389,0.9818634040870511,0.09664225578308105,0.025550127029418945,0.07421755790710449,0.997669151277921,0.9998368177262884,0.9986243594654947,-0.7727839350700378,1.0474491119384766,0.0028656136710196733,0.5247130102040817,0.464016456567594,0.37233829498291016
2,client_0,True,flip_global,clip01,random,0.9400385022163391,0.03807985782623291,0.04521989822387695,0.058596014976501465,0.9996375796485255,0.9994889861370848,0.9991421790498942,0.990547586100089,0.9887901718264756,0.985510409453378,0.03245043754577637,0.04471433162689209,0.05805861949920654,0.9997367942452748,0.9995003444575745,0.999157831489891,-1.1471917629241943,0.7454826831817627,-0.014449809677898884,0.5121970663265306,-0.16780826492167522,
2,client_1,True,flip_global,clip01,random,0.7995103001594543,0.05905556678771973,0.07475674152374268,0.052701592445373535,0.9991286798262602,0.9986043200650354,0.9993059969804035,0.9853980196775118,0.9815696058157595,0.9869536797613794,0.04896712303161621,0.07307159900665283,0.0532456636428833,0.9994008246101724,0.9986664705838761,0.9992916014225055,-1.144714593887329,0.8652616739273071,-0.03665173426270485,0.5440848214285714,-0.23523789577371476,
2,client_2,False,flip_global,clip01,random,0.8108298778533936,0.1754077672958374,0.048550963401794434,0.0801088809967041,0.992352180902111,0.9994109613426014,0.9983975702419319,0.9575499320260861,0.9879718800382433,0.980269695580779,0.17778217792510986,0.048092007637023926,0.08005023002624512,0.9921449596824594,0.9994220403507121,0.9983999129753369,-1.0150175094604492,0.6347917318344116,-0.0053444369696080685,0.49354272959183676,0.444446288950942,
2,client_3,False,flip_global,clip01,random,0.8327969312667847,0.0627281665802002,0.019671201705932617,0.07282042503356934,0.9990170195693413,0.9999032679742481,0.9986756133973542,0.98450052512433,0.995100279843889,0.9820405294857555,0.06626081466674805,0.01987743377685547,0.07384872436523438,0.9989032790438397,0.9999012292239717,0.9986379843944626,-0.9027794003486633,0.9278573393821716,-0.012862108647823334,0.5053411989795918,0.541948811566763,
2,client_4,False,flip_global,clip01,random,0.7683218717575073,0.33318352699279785,0.12965118885040283,0.07441532611846924,0.9728145151876919,0.9958108507711567,0.9986170259498985,0.921637498167341,0.9683587298639942,0.9816526154532821,0.31484103202819824,0.12879109382629395,0.0736842155456543,0.9756719927852553,0.9958660754459325,0.998644039647105,-0.9648032784461975,0.9699060916900635,-0.030382635071873665,0.5699139030612245,0.5453628729858323,
2,client_5,False,flip_global,clip01,random,0.8826184868812561,0.060515403747558594,0.0312504768371582,0.0414433479309082,0.999085099744587,0.9997558966234203,0.9995707504695495,0.9850411238579218,0.9922329252207405,0.9897191298545329,0.07378232479095459,0.03172183036804199,0.042502641677856445,0.9986404300534948,0.9997484788267805,0.9995485342868704,-0.6999301314353943,0.8941377997398376,0.00880400650203228,0.5138711734693877,0.5863904534452111,
2,client_6,False,flip_global,clip01,random,0.7796744704246521,0.04311692714691162,0.02107834815979004,0.05633544921875,0.9995353946055241,0.9998889350621467,0.9992070511821938,0.9893073003565376,0.9947511676582241,0.9860635423554629,0.0430455207824707,0.020908832550048828,0.05639767646789551,0.9995369316722627,0.9998907141387248,0.9992052995020086,-0.8929318189620972,0.8777577877044678,-0.04749937355518341,0.5910395408163265,0.5890076871085032,
2,client_7,False,flip_global,clip01,random,0.8939873576164246,0.07329380512237549,0.03985440731048584,0.09941303730010986,0.9986583560703204,0.9996030247861076,0.9975338330089525,0.981925369323635,0.9901103698389717,0.97560256995355,0.07913351058959961,0.040621280670166016,0.10008859634399414,0.9984363081495029,0.9995876054855413,0.9975002646430364,-0.6942026615142822,0.7280895113945007,0.026524797081947327,0.4453922193877551,0.5778588826745079,
2,client_8,False,flip_global,clip01,random,0.846680760383606,0.08084583282470703,0.013936281204223633,0.08593165874481201,0.9983679881826597,0.9999514467846828,0.9981564903766837,0.9800909095289303,0.9965250130091257,0.978858410909988,0.07821130752563477,0.01397716999053955,0.08551192283630371,0.998472500046192,0.9999511614687393,0.9981744311490002,-0.8284351229667664,0.9757727384567261,-0.007070704363286495,0.5013552295918368,0.5816545181706512,
2,client_9,False,flip_global,clip01,random,0.8730928301811218,0.06565582752227783,0.05726039409637451,0.035999178886413574,0.9989231984957156,0.9991808154628763,0.999676093487976,0.9837859540896952,0.9858371633093503,0.9910605960802317,0.0627284049987793,0.05735433101654053,0.03565084934234619,0.9990170121025701,0.9991781271365214,0.9996823299413009,-0.7727839350700378,1.0474491119384766,0.0028656136710196733,0.5247130102040817,0.464016456567594,
2,client_0,True,flip_global,clip01,pretrained,0.9400385022163391,0.035439252853393555,0.059804439544677734,0.03177809715270996,0.9996860887640926,0.9991064565198469,0.9997475859301728,0.9911987189223097,0.9852149136556689,0.9921025669778929,0.03209412097930908,0.05954909324645996,0.03131580352783203,0.9997425415740828,0.9991140654741093,0.9997548751863123,-1.1471917629241943,0.7454826831817627,-0.014449809677898884,0.5121970663265306,-0.16780826492167522,
2,client_1,True,flip_global,clip01,pretrained,0.7995103001594543,0.04233372211456299,0.05597877502441406,0.05998647212982178,0.9995521145009725,0.9992170542439156,0.9991010123849187,0.9894999971522345,0.9861508587391248,0.9851704127909304,0.044416189193725586,0.05671203136444092,0.0609736442565918,0.9995069829096948,0.9991964210079023,0.9990712011848248,-1.144714593887329,0.8652616739273071,-0.03665173426270485,0.5440848214285714,-0.23523789577371476,
2,client_2,False,flip_global,clip01,pretrained,0.8108298778533936,0.17587792873382568,0.06708741188049316,0.05947542190551758,0.9923113647388522,0.9988757686147691,0.9991162547390346,0.9574398109590747,0.9834368224093968,0.9852953550930976,0.1985996961593628,0.06654882431030273,0.06151282787322998,0.9902119931444031,0.9988937322253313,0.9990547137118,-1.0150175094604492,0.6347917318344116,-0.0053444369696080685,0.49354272959183676,0.444446288950942,
2,client_3,False,flip_global,clip01,pretrained,0.8327969312667847,0.05457782745361328,0.010188817977905273,0.05680537223815918,0.9992557309012631,0.9999740475022134,0.9991937752521143,0.9864939330028657,0.9974576535805619,0.9859485195646058,0.06612801551818848,0.010500788688659668,0.05837380886077881,0.9989076671105348,0.9999724339291585,0.999148668574743,-0.9027794003486633,0.9278573393821716,-0.012862108647823334,0.5053411989795918,0.541948811566763,
2,client_4,False,flip_global,clip01,pretrained,0.7683218717575073,0.1525132656097412,0.04673576354980469,0.11540675163269043,0.9942101909325478,0.9994541656557479,0.9966786173810189,0.9629353820590811,0.9884176663442967,0.9717610248290784,0.14075660705566406,0.04498422145843506,0.11864709854125977,0.9950652347701374,0.999494296838654,0.9964899841349251,-0.9648032784461975,0.9699060916900635,-0.030382635071873665,0.5699139030612245,0.5453628729858323,
2,client_5,False,flip_global,clip01,pretrained,0.8826184868812561,0.07996118068695068,0.04042506217956543,0.06766557693481445,0.9984034666658068,0.9995915787360548,0.9988563243683719,0.9803055338731204,0.9899698325357014,0.9832958734875634,0.09143567085266113,0.041664838790893555,0.068916916847229,0.9979131514930359,0.9995661515222471,0.9988136712335709,-0.6999301314353943,0.8941377997398376,0.00880400650203228,0.5138711734693877,0.5863904534452111,
2,client_6,False,flip_global,clip01,pretrained,0.7796744704246521,0.0746617317199707,0.037439703941345215,0.09408724308013916,0.998607861701815,0.999649659223433,0.9977905657167121,0.9815927048558721,0.9907053793140932,0.9768868386497493,0.07980895042419434,0.03719949722290039,0.09649991989135742,0.9984095325996436,0.9996541390926266,0.9976760000631426,-0.8929318189620972,0.8777577877044678,-0.04749937355518341,0.5910395408163265,0.5890076871085032,
2,client_7,False,flip_global,clip01,pretrained,0.8939873576164246,0.04009246826171875,0.018702983856201172,0.04243028163909912,0.9995982695787458,0.9999125553340693,0.9995500696856814,0.9900517380413667,0.9953406008702279,0.9894762369694166,0.05098104476928711,0.019577860832214355,0.042903780937194824,0.9993505497813373,0.9999041837274343,0.9995399751741352,-0.6942026615142822,0.7280895113945007,0.026524797081947327,0.4453922193877551,0.5778588826745079,
2,client_8,False,flip_global,clip01,pretrained,0.846680760383606,0.08775615692138672,0.011899113655090332,0.09020519256591797,0.9980774907699363,0.9999646037132568,0.9979688552869288,0.9784168291486479,0.997031845646837,0.9778245610479506,0.09605741500854492,0.01174461841583252,0.09297406673431396,0.9976972280740448,0.999965516876407,0.9978424533575081,-0.8284351229667664,0.9757727384567261,-0.007070704363286495,0.5013552295918368,0.5816545181706512,
2,client_9,False,flip_global,clip01,pretrained,0.8730928301811218,0.10357487201690674,0.027425169944763184,0.08427548408508301,0.9973234465984337,0.999811991527974,0.9982267724842764,0.9746007433793147,0.9931788062724365,0.9792595125594861,0.10721611976623535,0.02726900577545166,0.08584046363830566,0.997132358415338,0.9998141262468614,0.9981603957577403,-0.7727839350700378,1.0474491119384766,0.0028656136710196733,0.5247130102040817,0.464016456567594,
3,client_0,True,orig,raw,random,0.9628251791000366,0.04548048973083496,0.02375006675720215,0.038240790367126465,0.9994830817543339,0.999858998495101,0.9996345107057738,0.9887261196376067,0.9940888213470163,0.9905079233468028,0.03840374946594238,0.023199796676635742,0.037837862968444824,0.9996313899435001,0.9998654559366622,0.9996421700922045,-1.0750714540481567,1.361388921737671,-0.004616189282387495,0.5043845663265306,-0.172799483503895,
3,client_1,True,orig,raw,random,0.9271678924560547,0.13279008865356445,0.03934144973754883,0.06792938709259033,0.9956062309274134,0.9996131748450836,0.9988473969334581,0.9676114064735812,0.9902367233646361,0.9832315701660819,0.14338934421539307,0.039245009422302246,0.069252610206604,0.9948796231017398,0.999615068474206,0.998802096314668,-0.7887387275695801,0.8162913918495178,0.03315221518278122,0.4723373724489796,-0.1696135506607682,
3,client_2,False,orig,raw,random,0.9508514404296875,0.06171870231628418,0.036869168281555176,0.0360490083694458,0.999048380177566,0.9996602527035703,0.9996751963936401,0.9847470914762313,0.9908460439377029,0.9910483055171302,0.05329298973083496,0.036188721656799316,0.034554243087768555,0.999290342248474,0.999672674484924,0.9997015678842913,-0.861337423324585,1.1151044368743896,0.0027142998296767473,0.4783960459183674,0.4704795718272005,
3,client_3,False,orig,raw,random,0.9189040064811707,0.038246870040893555,0.033802032470703125,0.034881591796875,0.9996343945145079,0.9997144168332763,0.9996958880193194,0.9905064250228359,0.9916027550313258,0.9913363117494034,0.03209233283996582,0.033449411392211914,0.03433835506439209,0.9997425702565839,0.9997203428893087,0.9997052845020029,-0.7127938866615295,0.9473127126693726,0.016965776681900024,0.5009566326530612,0.593958361366657,
3,client_4,False,orig,raw,random,0.9490683078765869,0.043581366539001465,0.029592514038085938,0.04780912399291992,0.9995253351704345,0.9997811067205711,0.9994288167215919,0.9891930580450772,0.9926427225375645,0.9881540283914461,0.04757845401763916,0.02997589111328125,0.048071980476379395,0.9994343127945384,0.9997753993292644,0.9994225214064436,-0.7776482105255127,1.0750006437301636,-0.02386489138007164,0.5558035714285714,0.5280775557223663,
3,client_5,False,orig,raw,random,0.90640789270401,0.04639935493469238,0.017388582229614258,0.03887510299682617,0.9994619921534185,0.9999244135872638,0.9996222886252981,0.9885003164900108,0.9956669874153168,0.9903516165433819,0.05558121204376221,0.018068432807922363,0.03967559337615967,0.9992281293466174,0.9999183879297082,0.9996065779468264,-1.195184350013733,0.951519250869751,0.008704902604222298,0.5018335459183674,0.5393163700576592,
3,client_6,False,orig,raw,random,0.9330886602401733,0.035845041275024414,0.01741635799407959,0.02206277847290039,0.9996788606228542,0.9999241719312537,0.9998783195572527,0.9910986159446455,0.9956600885966727,0.9945070403228029,0.03426933288574219,0.01689910888671875,0.021754860877990723,0.999706467842759,0.999928608852461,0.9998816920056799,-0.7429807782173157,1.2706562280654907,0.021630562841892242,0.4921077806122449,0.7338140310711994,
3,client_7,False,orig,raw,random,0.9603886008262634,0.04770970344543457,0.05247974395751953,0.04564321041107178,0.9994311888255174,0.9993118245141999,0.9994793777109321,0.988178443553994,0.9870080620772677,0.9886861268036056,0.045124173164367676,0.052731990814208984,0.044867515563964844,0.9994911465314325,0.9993051965626185,0.9994969164122784,-0.8665223121643066,0.965323269367218,0.05597430840134621,0.35403380102040816,0.5969906061102744,
3,client_8,False,orig,raw,random,0.9079372882843018,0.06238722801208496,0.05058872699737549,0.032338619232177734,0.9990276680999481,0.9993605020591376,0.9997386046834871,0.9845837905957513,0.9874717947270037,0.9919641079007344,0.066489577293396,0.05094873905181885,0.03234434127807617,0.9988956994912843,0.9993513722086966,0.9997385121900542,-0.8121246695518494,1.0324504375457764,0.00875529833137989,0.48788265306122447,0.6146546669733567,
3,client_9,False,orig,raw,random,0.9336350560188293,0.07029342651367188,0.01578366756439209,0.06954491138458252,0.9987658520798903,0.9999377218686314,0.9987919719416931,0.9826556207631274,0.9960657306696488,0.9828379262287388,0.06207478046417236,0.01632225513458252,0.06780755519866943,0.9990373759567961,0.9999333993237551,0.9988515240725973,-0.9223552346229553,1.1918751001358032,0.023145129904150963,0.4488998724489796,0.4522877753270506,
3,client_0,True,orig,raw,pretrained,0.9628251791000366,0.05116307735443115,0.05592751502990723,0.029007434844970703,0.9993459059355305,0.9992184866405076,0.9997896753641617,0.987330912659969,0.9861634085045703,0.9927873967051166,0.06209397315979004,0.0564732551574707,0.02941274642944336,0.9990367810338681,0.9992031693879051,0.9997837576638355,-1.0750714540481567,1.361388921737671,-0.004616189282387495,0.5043845663265306,-0.172799483503895,0.39493656158447266
3,client_1,True,orig,raw,pretrained,0.9271678924560547,0.16227054595947266,0.08767461776733398,0.06334996223449707,0.9934494290362432,0.9980810565906764,0.998997450039804,0.9606346378381716,0.9784365576176457,0.9843486947475626,0.1706533432006836,0.08893859386444092,0.06365442276000977,0.9927589260094745,0.998025410766973,0.998987797688311,-0.7887387275695801,0.8162913918495178,0.03315221518278122,0.4723373724489796,-0.1696135506607682,0.43516111373901367
3,client_2,False,orig,raw,pretrained,0.9508514404296875,0.06842911243438721,0.04060566425323486,0.07112288475036621,0.9988303911459162,0.999587922407928,0.9987365822631711,0.9831097801799942,0.9899253612248129,0.9824536603823999,0.06746721267700195,0.04034304618835449,0.07131218910217285,0.9988630142876198,0.9995932337927624,0.998729854173416,-0.861337423324585,1.1151044368743896,0.0027142998296767473,0.4783960459183674,0.4704795718272005,0.45574939250946045
3,client_3,False,orig,raw,pretrained,0.9189040064811707,0.04570317268371582,0.0249483585357666,0.026970386505126953,0.9994780094473839,0.9998444130094621,0.9998181743621708,0.9886713901295843,0.9937919674938862,0.9932913502397056,0.04081249237060547,0.02495861053466797,0.02631378173828125,0.9995837151321485,0.9998442851277773,0.9998269186937958,-0.7127938866615295,0.9473127126693726,0.016965776681900024,0.5009566326530612,0.593958361366657,0.3351024389266968
3,client_4,False,orig,raw,pretrained,0.9490683078765869,0.1502472162246704,0.05846834182739258,0.09062314033508301,0.9943802427323958,0.9991459107472165,0.9979500188920056,0.9634708955480511,0.9855416371093304,0.9777235394615194,0.13744258880615234,0.057677268981933594,0.09158992767333984,0.9952940593873911,0.9991688516303141,0.9979061153769582,-0.7776482105255127,1.0750006437301636,-0.02386489138007164,0.5558035714285714,0.5280775557223663,0.5941064953804016
3,client_5,False,orig,raw,pretrained,0.90640789270401,0.09707188606262207,0.034467101097106934,0.0431826114654541,0.9976484179410379,0.999703070877253,0.9995339784629362,0.9761668057035302,0.9914385984354741,0.9892911421952324,0.09858226776123047,0.03488433361053467,0.04249262809753418,0.9975748043547428,0.9996958402198421,0.9995487469195676,-1.195184350013733,0.951519250869751,0.008704902604222298,0.5018335459183674,0.5393163700576592,0.3420470952987671
3,client_6,False,orig,raw,pretrained,0.9330886602401733,0.06806540489196777,0.03405261039733887,0.060481905937194824,0.998842780514422,0.9997101679486688,0.9990861116413026,0.983198418501924,0.9915409009579563,0.9850493111103418,0.06748521327972412,0.03358781337738037,0.06120097637176514,0.9988624080171173,0.999718024345037,0.9990642673388364,-0.7429807782173157,1.2706562280654907,0.021630562841892242,0.4921077806122449,0.7338140310711994,0.4141460657119751
3,client_7,False,orig,raw,pretrained,0.9603886008262634,0.15323138236999512,0.10142898559570312,0.06531751155853271,0.9941557791376145,0.997432993101353,0.9989342582923586,0.9627657697683787,0.975117102886554,0.9838684890264509,0.12869000434875488,0.10049867630004883,0.06465601921081543,0.9958725423236536,0.9974797778162658,0.9989557184099074,-0.8665223121643066,0.965323269367218,0.05597430840134621,0.35403380102040816,0.5969906061102744,0.4711644649505615
3,client_8,False,orig,raw,pretrained,0.9079372882843018,0.08163094520568848,0.058304667472839355,0.06289029121398926,0.9983361763495409,0.9991506828307659,0.9990119356326177,0.9799004934689151,0.9855816724949775,0.9844609340622172,0.0679771900177002,0.05864155292510986,0.06165635585784912,0.9988457755597524,0.9991408460786857,0.9990503004354814,-0.8121246695518494,1.0324504375457764,0.00875529833137989,0.48788265306122447,0.6146546669733567,0.3351043462753296
3,client_9,False,orig,raw,pretrained,0.9336350560188293,0.04807913303375244,0.033888816833496094,0.02981877326965332,0.9994223496237871,0.9997129488371679,0.9997777472443432,0.9880877255928446,0.9915813320328033,0.9925867832663171,0.04740726947784424,0.033890485763549805,0.029632925987243652,0.999438374379918,0.9997129205696154,0.999780508563425,-0.9223552346229553,1.1918751001358032,0.023145129904150963,0.4488998724489796,0.4522877753270506,0.31636905670166016
3,client_0,True,orig,clip01,random,0.9628251791000366,0.06059873104095459,0.03706479072570801,0.036277174949645996,0.9990825801828314,0.9996566387704613,0.999671072811785,0.9850207581463086,0.9907978101716963,0.9909920305966096,0.04242873191833496,0.03595280647277832,0.035202980041503906,0.9995501025404399,0.9996769272300565,0.9996902595222477,-1.0750714540481567,1.361388921737671,-0.004616189282387495,0.5043845663265306,-0.172799483503895,
3,client_1,True,orig,clip01,random,0.9271678924560547,0.13591492176055908,0.07261693477630615,0.08254766464233398,0.9953977311628799,0.998682997516037,0.9982986448463242,0.9668682921045619,0.9820900392153631,0.9796782285534431,0.15576207637786865,0.07314145565032959,0.08419811725616455,0.9939620269030689,0.9986639222065765,0.9982300223956013,-0.7887387275695801,0.8162913918495178,0.03315221518278122,0.4723373724489796,-0.1696135506607682,
3,client_2,False,orig,clip01,random,0.9508514404296875,0.12131547927856445,0.09137320518493652,0.08114314079284668,0.9963307674623105,0.9979159973867389,0.9983559776011639,0.970347545428285,0.9775422815920332,0.9800187958510194,0.10650348663330078,0.09011518955230713,0.08210718631744385,0.9971702717422495,0.9979729002879574,0.9983167305609295,-0.861337423324585,1.1151044368743896,0.0027142998296767473,0.4783960459183674,0.4704795718272005,
3,client_3,False,orig,clip01,random,0.9189040064811707,0.033577799797058105,0.0390092134475708,0.0481647253036499,0.9997181924160106,0.9996196788345444,0.999420291978597,0.9916581108019475,0.9903185738947349,0.9880667091455817,0.03750312328338623,0.03973102569580078,0.04788196086883545,0.9996484716426575,0.9996054781737977,0.9994270757566448,-0.7127938866615295,0.9473127126693726,0.016965776681900024,0.5009566326530612,0.593958361366657,
3,client_4,False,orig,clip01,random,0.9490683078765869,0.06683313846588135,0.02928006649017334,0.06549465656280518,0.99888426742562,0.9997857038749385,0.9989284743957041,0.9834988204741262,0.9927199783801577,0.9838252717627887,0.05955398082733154,0.02797675132751465,0.06543421745300293,0.9991139201360055,0.999804354059034,0.998930449525868,-0.7776482105255127,1.0750006437301636,-0.02386489138007164,0.5558035714285714,0.5280775557223663,
3,client_5,False,orig,clip01,random,0.90640789270401,0.12098813056945801,0.03628706932067871,0.08333015441894531,0.996350488153801,0.9996708934059741,0.9982662789881054,0.9704257726290868,0.990989590361085,0.9794885684001113,0.14073896408081055,0.03702116012573242,0.08454275131225586,0.9950664671961509,0.9996574464583983,0.9982155226742668,-1.195184350013733,0.951519250869751,0.008704902604222298,0.5018335459183674,0.5393163700576592,
3,client_6,False,orig,clip01,random,0.9330886602401733,0.05546748638153076,0.03536784648895264,0.06483602523803711,0.9992312829709249,0.9996873521895342,0.9989499002240507,0.9862760460811015,0.9912163355576409,0.9839859694592565,0.05573630332946777,0.0347822904586792,0.06556308269500732,0.999223818262722,0.9996976166618898,0.9989262360584665,-0.7429807782173157,1.2706562280654907,0.021630562841892242,0.4921077806122449,0.7338140310711994,
3,client_7,False,orig,clip01,random,0.9603886008262634,0.07382559776306152,0.11484014987945557,0.03677511215209961,0.9986388364525509,0.9967110703859028,0.9996619834973839,0.9817960231916547,0.9718967291034946,0.990869236198274,0.06753087043762207,0.11551463603973389,0.03671598434448242,0.9988608695352692,0.9966724202109909,0.9996630692893635,-0.8665223121643066,0.965323269367218,0.05597430840134621,0.35403380102040816,0.5969906061102744,
3,client_8,False,orig,clip01,random,0.9079372882843018,0.08069264888763428,0.13443827629089355,0.05940353870391846,0.9983741593480817,0.9954968542762306,0.9991183882611248,0.9801280682420643,0.9672193452800586,0.98531293111045,0.08103024959564209,0.13634037971496582,0.0600738525390625,0.9983605433212006,0.995368973186183,0.9990983931959536,-0.8121246695518494,1.0324504375457764,0.00875529833137989,0.48788265306122447,0.6146546669733567,
3,client_9,False,orig,clip01,random,0.9336350560188293,0.0672677755355835,0.022565364837646484,0.07061290740966797,0.9988697206576083,0.9998727132301837,0.9987546187822574,0.9833928489039656,0.9943824393728897,0.9825778246790204,0.05568587779998779,0.022331953048706055,0.06949496269226074,0.9992252212597426,0.9998753326259504,0.9987937050137135,-0.9223552346229553,1.1918751001358032,0.023145129904150963,0.4488998724489796,0.4522877753270506,
3,client_0,True,orig,clip01,pretrained,0.9628251791000366,0.052964091300964355,0.05963575839996338,0.03138566017150879,0.9992990699536008,0.9991114866166406,0.9997537805613643,0.986889338519352,0.985256153233808,0.9921995232584426,0.06275999546051025,0.06046402454376221,0.03168821334838867,0.9990160225051408,0.9990866515709524,0.999749011540118,-1.0750714540481567,1.361388921737671,-0.004616189282387495,0.5043845663265306,-0.172799483503895,
3,client_1,True,orig,clip01,pretrained,0.9271678924560547,0.1605379581451416,0.08864951133728027,0.06905519962310791,0.9935878952485477,0.9980382072981018,0.9988089099442414,0.9610425747148612,0.9782007203779644,0.9829572260128265,0.17291808128356934,0.08958840370178223,0.06934678554534912,0.9925665384399933,0.9979964951069544,0.9987988390231644,-0.7887387275695801,0.8162913918495178,0.03315221518278122,0.4723373724489796,-0.1696135506607682,
3,client_2,False,orig,clip01,pretrained,0.9508514404296875,0.08039295673370361,0.0461883544921875,0.07340383529663086,0.9983861990577148,0.9994668722422444,0.9986543289091105,0.9802007724162045,0.9885521611721235,0.9818986049566898,0.08081281185150146,0.046109914779663086,0.07361745834350586,0.9983693194497223,0.999468680759894,0.9986464930149512,-0.861337423324585,1.1151044368743896,0.0027142998296767473,0.4783960459183674,0.4704795718272005,
3,client_3,False,orig,clip01,pretrained,0.9189040064811707,0.0416414737701416,0.02381134033203125,0.023793935775756836,0.9995666378192123,0.9998582700852279,0.999858477178402,0.989670362202226,0.9940736387643929,0.9940779512913978,0.040251731872558594,0.02395153045654297,0.023068785667419434,0.9995950725370677,0.9998565964724941,0.9998669710559738,-0.7127938866615295,0.9473127126693726,0.016965776681900024,0.5009566326530612,0.593958361366657,
3,client_4,False,orig,clip01,pretrained,0.9490683078765869,0.17316699028015137,0.06708920001983643,0.09913241863250732,0.9925452425735,0.9988757087342754,0.9975477105472921,0.9580750276615355,0.9834363864381503,0.975670175416216,0.16462969779968262,0.06598353385925293,0.09985566139221191,0.9932585462708661,0.9989124312347302,0.9975118646126908,-0.7776482105255127,1.0750006437301636,-0.02386489138007164,0.5558035714285714,0.5280775557223663,
3,client_5,False,orig,clip01,pretrained,0.90640789270401,0.10115718841552734,0.031795382499694824,0.04495704174041748,0.9974467058576884,0.9997473113118251,0.9994949075199449,0.9751825340949376,0.9920982967516923,0.9888547870442981,0.10001850128173828,0.03207993507385254,0.044179677963256836,0.997503758141282,0.9997427690780067,0.9995122175361009,-1.195184350013733,0.951519250869751,0.008704902604222298,0.5018335459183674,0.5393163700576592,
3,client_6,False,orig,clip01,pretrained,0.9330886602401733,0.06825613975524902,0.03645765781402588,0.05962705612182617,0.9988362915086395,0.9996677925912274,0.9991117457355021,0.9831519334549279,0.9909475197663062,0.985258280858289,0.06615734100341797,0.03580772876739502,0.06008005142211914,0.9989066988668371,0.9996795286873776,0.9990982072427521,-0.7429807782173157,1.2706562280654907,0.021630562841892242,0.4921077806122449,0.7338140310711994,
3,client_7,False,orig,clip01,pretrained,0.9603886008262634,0.16431963443756104,0.10254371166229248,0.06449151039123535,0.9932837880937528,0.9973763708368271,0.9989610215899458,0.9601525166762901,0.9748488177757144,0.9840700424087285,0.135467529296875,0.10104775428771973,0.06340909004211426,0.9954278761454309,0.9974522167361881,0.9989955791133449,-0.8665223121643066,0.965323269367218,0.05597430840134621,0.35403380102040816,0.5969906061102744,
3,client_8,False,orig,clip01,pretrained,0.9079372882843018,0.0794287919998169,0.06743001937866211,0.06578505039215088,0.9984246305716582,0.9988642664684011,0.9989189590742411,0.9804347300285059,0.9833532956149038,0.9837544318598983,0.06453728675842285,0.06762111186981201,0.06401443481445312,0.9989595472748811,0.9988578256736746,0.9989763246472816,-0.8121246695518494,1.0324504375457764,0.00875529833137989,0.48788265306122447,0.6146546669733567,
3,client_9,False,orig,clip01,pretrained,0.9336350560188293,0.05425441265106201,0.03418755531311035,0.031575679779052734,0.9992645206265371,0.9997078667875825,0.9997507907003833,0.986573158626771,0.9915075927896089,0.9921525748516107,0.052350640296936035,0.03407120704650879,0.031238913536071777,0.9993152045272631,0.9997098513677443,0.999756077203213,-0.9223552346229553,1.1918751001358032,0.023145129904150963,0.4488998724489796,0.4522877753270506,
3,client_0,True,flip,raw,random,0.8128719329833984,0.15416085720062256,0.09020090103149414,0.08204960823059082,0.9940849798924793,0.9979690482522701,0.9983190875597467,0.9625463033480501,0.9778255984301647,0.9797989763571917,0.10305368900299072,0.08995175361633301,0.07904863357543945,0.997350261940231,0.997980235320197,0.9984396567950082,-0.7010335326194763,0.8578940033912659,0.005882543046027422,0.49338329081632654,-0.172799483503895,
3,client_1,True,flip,raw,random,0.8828168511390686,0.1001734733581543,0.053789734840393066,0.09262359142303467,0.9974960311691912,0.9992770583293993,0.997858662802215,0.9754194042607436,0.9866870055979051,0.9772402300433214,0.07976436614990234,0.05157268047332764,0.09271812438964844,0.9984113069754688,0.9993353961169686,0.997854296653264,-0.7789124846458435,0.7578915953636169,-0.019054768607020378,0.5746173469387755,-0.1696135506607682,
3,client_2,False,flip,raw,random,0.8359050750732422,0.15411722660064697,0.10203742980957031,0.08513879776000977,0.9940883126968376,0.9974021634252541,0.9981903062822086,0.9625566036691533,0.9749706527030768,0.9790503996442441,0.11326396465301514,0.10112428665161133,0.08338296413421631,0.9968005168995684,0.9974483633454223,0.9982640836952565,-0.6670177578926086,0.7083657383918762,0.019892526790499687,0.46962691326530615,0.4704795718272005,
3,client_3,False,flip,raw,random,0.7560914754867554,0.0626077651977539,0.03910970687866211,0.06136941909790039,0.9990207866734666,0.9996177173473806,0.9990591130790176,0.9845299288564346,0.9902938150208758,0.9848324271119813,0.055362701416015625,0.03985238075256348,0.05816495418548584,0.9992341829644258,0.9996030651446706,0.9991547457499681,-0.9399871826171875,0.7366454601287842,-0.028743194416165352,0.5805165816326531,0.593958361366657,
3,client_4,False,flip,raw,random,0.9006645083427429,0.2436584234237671,0.10483896732330322,0.2149437665939331,0.9853212717846711,0.9972578503621996,0.9885490974853552,0.9417612238616155,0.9742967592690088,0.9483558760717983,0.17984187602996826,0.10159313678741455,0.21506714820861816,0.9919630010945995,0.9974246936339337,0.9885360609690768,-0.8004376292228699,0.8746731281280518,0.05016833916306496,0.3950095663265306,0.5280775557223663,
3,client_5,False,flip,raw,random,0.8234921097755432,0.12098526954650879,0.06146836280822754,0.0610119104385376,0.9963506602800463,0.9990560788668466,0.9990700358309692,0.9704264563754257,0.9848082524093766,0.9849197838521091,0.13900530338287354,0.06337964534759521,0.060777902603149414,0.9951868273074602,0.998996511022062,0.9990771508748488,-0.9077622890472412,0.7398070096969604,-0.010245000012218952,0.5502232142857143,0.5393163700576592,
3,client_6,False,flip,raw,random,0.8293024301528931,0.11886715888977051,0.10124576091766357,0.08854782581329346,0.9964769861355256,0.9974422411936923,0.9980426986647106,0.9709328551591832,0.9751612108324259,0.9782253152135805,0.0930854082107544,0.10213994979858398,0.08535575866699219,0.997837291095949,0.9973969507596177,0.9981810837752747,-0.7415154576301575,0.6616290211677551,-0.03568670153617859,0.5327646683673469,0.7338140310711994,
3,client_7,False,flip,raw,random,0.7343683242797852,0.2138075828552246,0.09467649459838867,0.10955727100372314,0.9886688072138003,0.9977628510745409,0.9970060409782,0.9486182398406207,0.9767446209715309,0.9731633786068192,0.13896167278289795,0.09551405906677246,0.10042178630828857,0.9951898374153103,0.9977231616155231,0.997483625428788,-0.9233589172363281,0.702268660068512,-0.02989334426820278,0.6077008928571429,0.5969906061102744,
3,client_8,False,flip,raw,random,0.6277682185173035,0.12490594387054443,0.04860889911651611,0.08094239234924316,0.9961110068789938,0.9994095553307873,0.9983640922027486,0.9694901457959166,0.9879576568500952,0.9800674876134456,0.09111833572387695,0.04828238487243652,0.07734525203704834,0.9979275890367818,0.9994174574698755,0.9985061039053327,-0.6558504700660706,0.6477924585342407,-0.025791838765144348,0.5974968112244898,0.6146546669733567,
3,client_9,False,flip,raw,random,0.8397988677024841,0.18257904052734375,0.06463241577148438,0.20383083820343018,0.9917180292401186,0.9989564801285231,0.989693613373372,0.9558723444642019,0.9840356555603886,0.9509267280029394,0.19724619388580322,0.06493330001831055,0.2095952033996582,0.9903439888440353,0.9989467493805262,0.9891072778472338,-0.7116116285324097,0.7383570671081543,0.004214603453874588,0.4882015306122449,0.4522877753270506,
3,client_0,True,flip,raw,pretrained,0.8128719329833984,0.19302022457122803,0.061258912086486816,0.13063883781433105,0.9907504689662616,0.999062496129921,0.9957469885019801,0.9534377050862639,0.9848594281037464,0.9681234925253577,0.1611107587814331,0.06138801574707031,0.12741601467132568,0.9935422790224948,0.9990585431653207,0.995953611856885,-0.7010335326194763,0.8578940033912659,0.005882543046027422,0.49338329081632654,-0.172799483503895,0.48322737216949463
3,client_1,True,flip,raw,pretrained,0.8828168511390686,0.08296072483062744,0.04135298728942871,0.13619589805603027,0.9982815974331047,0.999572619650491,0.9953787490729311,0.9795781040079756,0.9897413728571809,0.9668015153288612,0.0864783525466919,0.04195606708526611,0.13554716110229492,0.9981329920527704,0.9995600673182039,0.995422517782586,-0.7789124846458435,0.7578915953636169,-0.019054768607020378,0.5746173469387755,-0.1696135506607682,0.5442067384719849
3,client_2,False,flip,raw,pretrained,0.8359050750732422,0.14344680309295654,0.06588613986968994,0.06669759750366211,0.9948755344021314,0.9989156368341867,0.9988887845914547,0.9650806593617305,0.9837297734601378,0.9835318710658634,0.13391804695129395,0.06565344333648682,0.06605195999145508,0.9955315213866422,0.9989232766357603,0.9989101762527612,-0.6670177578926086,0.7083657383918762,0.019892526790499687,0.46962691326530615,0.4704795718272005,0.5296391248703003
3,client_3,False,flip,raw,pretrained,0.7560914754867554,0.13291668891906738,0.02249586582183838,0.12998104095458984,0.9955978767109959,0.9998734960089586,0.9957895754561026,0.9675812830850457,0.9943996681372269,0.9682801564421719,0.10649442672729492,0.0227125883102417,0.1273343563079834,0.9971707521313034,0.999871047056067,0.9959587809658004,-0.9399871826171875,0.7366454601287842,-0.028743194416165352,0.5805165816326531,0.593958361366657,0.4098489284515381
3,client_4,False,flip,raw,pretrained,0.9006645083427429,0.2591540813446045,0.07856643199920654,0.13556277751922607,0.9834189204506198,0.9984586131683186,0.9954214666016874,0.9382310650287575,0.9806440554196785,0.9669519924221917,0.22086071968078613,0.07918405532836914,0.13216626644134521,0.9879157866389834,0.9984343123130985,0.9956472815561486,-0.8004376292228699,0.8746731281280518,0.05016833916306496,0.3950095663265306,0.5280775557223663,0.5511339902877808
3,client_5,False,flip,raw,pretrained,0.8234921097755432,0.06912577152252197,0.056066274642944336,0.04967856407165527,0.9988064763797582,0.9992146061515825,0.9993832954599411,0.9829400324932962,0.9861294371350919,0.9876951098522382,0.08889651298522949,0.05719399452209473,0.05031895637512207,0.9980272760952715,0.9991827130621045,0.9993673010488,-0.9077622890472412,0.7398070096969604,-0.010245000012218952,0.5502232142857143,0.5393163700576592,0.3415257930755615
3,client_6,False,flip,raw,pretrained,0.8293024301528931,0.06847596168518066,0.03703343868255615,0.11081349849700928,0.9988287904851922,0.9996572192543323,0.9969371461904177,0.983098363529646,0.9908055402700628,0.9728619546887076,0.049771666526794434,0.03645730018615723,0.1100003719329834,0.9993809828397777,0.9996677991070846,0.996981829020577,-0.7415154576301575,0.6616290211677551,-0.03568670153617859,0.5327646683673469,0.7338140310711994,0.5183125734329224
3,client_7,False,flip,raw,pretrained,0.7343683242797852,0.065513014793396,0.039577603340148926,0.12161529064178467,0.998927874094883,0.9996085183099095,0.9963126594880147,0.9838207931514253,0.9901785501678517,0.9702759071914671,0.050585150718688965,0.039273738861083984,0.11902177333831787,0.9993605924288822,0.9996145048501452,0.9964678394845945,-0.9233589172363281,0.702268660068512,-0.02989334426820278,0.6077008928571429,0.5969906061102744,0.6245515942573547
3,client_8,False,flip,raw,pretrained,0.6277682185173035,0.07445764541625977,0.042891502380371094,0.10720372200012207,0.9986154541681753,0.9995402383530434,0.9971330201406696,0.9816423256279616,0.989362757239542,0.9737284755070332,0.06517612934112549,0.042304158210754395,0.10707676410675049,0.9989388633067988,0.9995527396375812,0.997139792096378,-0.6558504700660706,0.6477924585342407,-0.025791838765144348,0.5974968112244898,0.6146546669733567,0.4873969554901123
3,client_9,False,flip,raw,pretrained,0.8397988677024841,0.17816829681396484,0.10139584541320801,0.09226441383361816,0.9921110048573367,0.9974346670498682,0.9978752116163061,0.956903633647413,0.9751250805494809,0.9773269810071417,0.16087031364440918,0.10015463829040527,0.09277224540710449,0.9935614467975988,0.9974969709273303,0.9978517949997474,-0.7116116285324097,0.7383570671081543,0.004214603453874588,0.4882015306122449,0.4522877753270506,0.4401177167892456
3,client_0,True,flip,clip01,random,0.8128719329833984,0.19777250289916992,0.11112964153289795,0.123893141746521,0.9902927664716479,0.9969196855079814,0.996173638740159,0.9523326695247842,0.9727861202247563,0.9697318867837048,0.19444489479064941,0.11416709423065186,0.12179195880889893,0.990614391035247,0.9967494151914289,0.9963019684062877,-0.7010335326194763,0.8578940033912659,0.005882543046027422,0.49338329081632654,-0.172799483503895,
3,client_1,True,flip,clip01,random,0.8828168511390686,0.2069031000137329,0.08566296100616455,0.12666070461273193,0.9893830812414306,0.9981679853866894,0.9960012993217102,0.950214948070343,0.9789234688708046,0.9690715243456183,0.16936743259429932,0.0874471664428711,0.12376725673675537,0.9928670586602688,0.998090985935016,0.9961813882732233,-0.7789124846458435,0.7578915953636169,-0.019054768607020378,0.5746173469387755,-0.1696135506607682,
3,client_2,False,flip,clip01,random,0.8359050750732422,0.09464490413665771,0.07020998001098633,0.03803884983062744,0.9977643412489945,0.9987687777911824,0.9996383595936926,0.9767522446387527,0.9826759421585431,0.9905576931382121,0.09805071353912354,0.06978237628936768,0.03839755058288574,0.9976008401345335,0.998783715641389,0.9996315088982775,-0.6670177578926086,0.7083657383918762,0.019892526790499687,0.46962691326530615,0.4704795718272005,
3,client_3,False,flip,clip01,random,0.7560914754867554,0.16250479221343994,0.034219980239868164,0.1108558177947998,0.9934305965479642,0.9997073125034577,0.9969348117389727,0.9605795046434824,0.99149958966363,0.972851802879025,0.11399722099304199,0.03315603733062744,0.10699760913848877,0.9967590578039398,0.9997252259358644,0.9971440102095643,-0.9399871826171875,0.7366454601287842,-0.028743194416165352,0.5805165816326531,0.593958361366657,
3,client_4,False,flip,clip01,random,0.9006645083427429,0.1694011688232422,0.12070798873901367,0.20855951309204102,0.9928642319918908,0.9963673230798711,0.9892137916250237,0.9589584716083193,0.9704927262239622,0.9498315233370298,0.150177001953125,0.12160062789916992,0.20969104766845703,0.9943854718744451,0.9963135461147652,0.989097395108733,-0.8004376292228699,0.8746731281280518,0.05016833916306496,0.3950095663265306,0.5280775557223663,
3,client_5,False,flip,clip01,random,0.8234921097755432,0.15127551555633545,0.07943344116210938,0.11522543430328369,0.9943033858393808,0.9984244463637713,0.9966890198212397,0.9632278321119958,0.980433601693514,0.9718044482433366,0.20528185367584229,0.08288872241973877,0.12067049741744995,0.9895475111328229,0.9982845751377118,0.9963695731658981,-0.9077622890472412,0.7398070096969604,-0.010245000012218952,0.5502232142857143,0.5393163700576592,
3,client_6,False,flip,clip01,random,0.8293024301528931,0.11104297637939453,0.08001339435577393,0.07451653480529785,0.9969244769558951,0.9984013834531902,0.9986132654756694,0.9728069080503354,0.9802928644215565,0.9816280070981653,0.08399355411529541,0.07820403575897217,0.07502186298370361,0.9982386010779005,0.9984727837489284,0.9985944135345715,-0.7415154576301575,0.6616290211677551,-0.03568670153617859,0.5327646683673469,0.7338140310711994,
3,client_7,False,flip,clip01,random,0.7343683242797852,0.07125449180603027,0.07293987274169922,0.16011393070220947,0.998731906687798,0.9986712693724309,0.9936215609603067,0.9824216218060622,0.9820114692803865,0.9611424513845144,0.050815582275390625,0.07155096530914307,0.1561901569366455,0.9993547565740495,0.9987213423903367,0.9939289444992618,-0.9233589172363281,0.702268660068512,-0.02989334426820278,0.6077008928571429,0.5969906061102744,
3,client_8,False,flip,clip01,random,0.6277682185173035,0.10969281196594238,0.04505610466003418,0.07121801376342773,0.9969986450189483,0.9994926799711572,0.9987332034979128,0.973130849654164,0.988830434714844,0.9824305019065438,0.11408007144927979,0.04457354545593262,0.0729285478591919,0.9967543566919514,0.9995034847344861,0.9986716815353747,-0.6558504700660706,0.6477924585342407,-0.025791838765144348,0.5974968112244898,0.6146546669733567,
3,client_9,False,flip,clip01,random,0.8397988677024841,0.2947204113006592,0.06845521926879883,0.2358238697052002,0.9786336586342295,0.9988294993093405,0.9862404402148586,0.9302033426006169,0.9831034182052532,0.9435536653138665,0.31168854236602783,0.06708276271820068,0.24273526668548584,0.9761480326277536,0.9988759242966085,0.9854310722247954,-0.7116116285324097,0.7383570671081543,0.004214603453874588,0.4882015306122449,0.4522877753270506,
3,client_0,True,flip,clip01,pretrained,0.8128719329833984,0.212973952293396,0.06255054473876953,0.14605987071990967,0.9887562497811409,0.9990225744506709,0.9946878878343324,0.9488108084200522,0.984543903369363,0.9644616279731335,0.17578744888305664,0.06264221668243408,0.14266037940979004,0.9923192278673996,0.9990197094965247,0.994931355255301,-0.7010335326194763,0.8578940033912659,0.005882543046027422,0.49338329081632654,-0.172799483503895,
3,client_1,True,flip,clip01,pretrained,0.8828168511390686,0.08695244789123535,0.043066978454589844,0.15689682960510254,0.998112494226086,0.9995364700498115,0.9938741372561339,0.9786113133129011,0.989319587862239,0.961900724966158,0.09082901477813721,0.043622732162475586,0.15677261352539062,0.9979407085705094,0.9995244340000831,0.9938837886463721,-0.7789124846458435,0.7578915953636169,-0.019054768607020378,0.5746173469387755,-0.1696135506607682,
3,client_2,False,flip,clip01,pretrained,0.8359050750732422,0.14181947708129883,0.07475864887237549,0.06853866577148438,0.9949907086977905,0.9986042489197531,0.9988266464167199,0.9654664717679857,0.981569142104362,0.9830830835405675,0.13294994831085205,0.07468307018280029,0.06803035736083984,0.9955956806562323,0.998607066668292,0.9988439709012626,-0.6670177578926086,0.7083657383918762,0.019892526790499687,0.46962691326530615,0.4704795718272005,
3,client_3,False,flip,clip01,pretrained,0.7560914754867554,0.1401963233947754,0.018258333206176758,0.1554185152053833,0.9951042982910052,0.9999166635262255,0.9939885130971642,0.9658515257797426,0.9954509966349636,0.9622494663366152,0.11391913890838623,0.01829242706298828,0.15240192413330078,0.99676348525253,0.9999163520261447,0.9942186048016115,-0.9399871826171875,0.7366454601287842,-0.028743194416165352,0.5805165816326531,0.593958361366657,
3,client_4,False,flip,clip01,pretrained,0.9006645083427429,0.2891113758087158,0.08302080631256104,0.1513063907623291,0.9794267168051083,0.998279110757317,0.994301070204463,0.9314624890236904,0.9795635417173238,0.9632205354339984,0.2696843147277832,0.0836101770401001,0.1484086513519287,0.9820626197948137,0.9982546227029863,0.9945163756021023,-0.8004376292228699,0.8746731281280518,0.05016833916306496,0.3950095663265306,0.5280775557223663,
3,client_5,False,flip,clip01,pretrained,0.8234921097755432,0.07220101356506348,0.05136823654174805,0.05386948585510254,0.9986980261613669,0.999340652304834,0.9992749141771069,0.9821912456251911,0.9872805965927323,0.986667465042123,0.08992433547973633,0.052274346351623535,0.054824113845825195,0.9979814645544347,0.9993171980439965,0.9992490024017353,-0.9077622890472412,0.7398070096969604,-0.010245000012218952,0.5502232142857143,0.5393163700576592,
3,client_6,False,flip,clip01,pretrained,0.8293024301528931,0.0837470293045044,0.04253232479095459,0.15143895149230957,0.998248911908751,0.9995479036888217,0.9942911228954279,0.9793875486175208,0.989451128373291,0.9631892085552418,0.06651544570922852,0.04203665256500244,0.15081632137298584,0.9988948407589684,0.9995583762884801,0.9943377704938186,-0.7415154576301575,0.6616290211677551,-0.03568670153617859,0.5327646683673469,0.7338140310711994,
3,client_7,False,flip,clip01,pretrained,0.7343683242797852,0.06460428237915039,0.04156231880187988,0.1233065128326416,0.9989573876733842,0.999568283249447,0.9962096854414759,0.9840425211491324,0.9896898453564233,0.969871947885824,0.04972541332244873,0.04132556915283203,0.12104940414428711,0.9993821322873326,0.9995731860104471,0.9963468008170342,-0.9233589172363281,0.702268660068512,-0.02989334426820278,0.6077008928571429,0.5969906061102744,
3,client_8,False,flip,clip01,pretrained,0.6277682185173035,0.07463860511779785,0.04105544090270996,0.1169426441192627,0.9986087231027858,0.9995787458317387,0.9965898515242357,0.9815983275813271,0.9898146216084236,0.9713933130816075,0.06361961364746094,0.04068028926849365,0.11709988117218018,0.9989889035820574,0.9995864068555491,0.9965806985708419,-0.6558504700660706,0.6477924585342407,-0.025791838765144348,0.5974968112244898,0.6146546669733567,
3,client_9,False,flip,clip01,pretrained,0.8397988677024841,0.16931283473968506,0.09406125545501709,0.08154654502868652,0.992871632101197,0.9977917840519159,0.9983396108210567,0.9589792090549121,0.9768931115592396,0.9799209606758783,0.16262245178222656,0.09325027465820312,0.0819711685180664,0.9934211271287945,0.9978296359167189,0.9983222958964859,-0.7116116285324097,0.7383570671081543,0.004214603453874588,0.4882015306122449,0.4522877753270506,
3,client_0,True,flip_global,raw,random,0.9236041307449341,0.08084547519683838,0.058236122131347656,0.04753375053405762,0.9983680026036135,0.9991526773720776,0.9994353748552669,0.9800909962783271,0.9855984396780286,0.9882216553409913,0.08367931842803955,0.05869448184967041,0.04744398593902588,0.9982517386197245,0.9991392954634624,0.99943750446325,-1.042466640472412,1.127684473991394,0.005812821909785271,0.4997608418367347,-0.172799483503895,
3,client_1,True,flip_global,raw,random,0.945344865322113,0.0756540298461914,0.07599389553070068,0.0923318862915039,0.9985706510726187,0.9985577938317802,0.9978721077513262,0.9813514948870425,0.9812689000571382,0.9773106837278451,0.05396449565887451,0.07520842552185059,0.09110581874847412,0.9992723556459597,0.9985874215035333,0.9979281574890899,-0.9806589484214783,0.7845548987388611,-0.030260175466537476,0.5790816326530612,-0.1696135506607682,
3,client_2,False,flip_global,raw,random,0.9096392393112183,0.10742592811584473,0.059145212173461914,0.09086298942565918,0.9971211484816773,0.9991260342544452,0.9979391701064888,0.9736751018363019,0.9853760978959116,0.9776655729395154,0.08866643905639648,0.05918586254119873,0.08837509155273438,0.9980374591170211,0.9991248332812628,0.9980503164497458,-0.7724279761314392,0.8768676519393921,0.02566438354551792,0.4799904336734694,0.4704795718272005,
3,client_3,False,flip_global,raw,random,0.7513116598129272,0.07635128498077393,0.043494343757629395,0.035909414291381836,0.9985442117665473,0.9995272282170955,0.9996777064173861,0.9811820578215142,0.9892144623098491,0.9910827373128648,0.08295166492462158,0.044356346130371094,0.035153746604919434,0.9982819722526313,0.9995083100340756,0.9996911250963569,-0.9474300146102905,0.6729128360748291,-0.0082639679312706,0.5072544642857143,0.593958361366657,
3,client_4,False,flip_global,raw,random,0.9508501291275024,0.20200741291046143,0.07943141460418701,0.15014004707336426,0.9898757892671359,0.9984245266608363,0.9943882230892598,0.9513495571158568,0.980434093531604,0.9634962328715939,0.14994215965270996,0.07710886001586914,0.14941728115081787,0.9944029440744846,0.9985152114504339,0.9944418976899485,-0.8686755299568176,0.9709540009498596,0.05728371813893318,0.4229113520408163,0.5280775557223663,
3,client_5,False,flip_global,raw,random,0.8232294321060181,0.09632277488708496,0.04600727558135986,0.032212257385253906,0.9976845097596772,0.99947104258913,0.9997406430790976,0.9763474508115366,0.9885966571217093,0.9919953190277107,0.10137903690338135,0.0466461181640625,0.031836628913879395,0.9974355158594479,0.9994562567594549,0.9997466554127605,-0.923400342464447,0.7878687977790833,-0.0030399493407458067,0.5070153061224489,0.5393163700576592,
3,client_6,False,flip_global,raw,random,0.8505287170410156,0.06561458110809326,0.06719446182250977,0.057074666023254395,0.9989245499196961,0.998872180966399,0.999186117769489,0.9837960159323853,0.983410722775242,0.985882613753021,0.04574918746948242,0.06599819660186768,0.05674624443054199,0.9994769582316554,0.9989119482204236,0.9991954517392523,-0.7914341688156128,0.7167327404022217,-0.007045052945613861,0.49744897959183676,0.7338140310711994,
3,client_7,False,flip_global,raw,random,0.7485896348953247,0.12723982334136963,0.06663024425506592,0.04975926876068115,0.9959647609697855,0.9988910258699704,0.9993812910437634,0.968933427462213,0.9835482952428682,0.9876753053051146,0.09779548645019531,0.06524538993835449,0.047477006912231445,0.997613291619178,0.9989366086361431,0.9994367215288866,-0.90732741355896,0.7531052231788635,-0.024350974708795547,0.6212531887755102,0.5969906061102744,
3,client_8,False,flip_global,raw,random,0.6670405268669128,0.23566842079162598,0.11621928215026855,0.040909528732299805,0.9862583867380834,0.9966318024540288,0.9995817338710022,0.9435892818221436,0.9715664688943069,0.9898505446416899,0.2163069248199463,0.11849963665008545,0.039131760597229004,0.9884046651673533,0.9964986807264766,0.9996172862160349,-0.8239814043045044,0.75254225730896,-0.021987177431583405,0.5488679846938775,0.6146546669733567,
3,client_9,False,flip_global,raw,random,0.9269915819168091,0.14187109470367432,0.04655599594116211,0.0818474292755127,0.9949870753248233,0.9994583549456957,0.9983273508648343,0.9654542305162268,0.9884618310427027,0.9798479985949127,0.11906671524047852,0.04639315605163574,0.08094990253448486,0.9964651786138392,0.9994621358398792,0.9983637889881285,-0.9428480267524719,0.8025655150413513,0.011071762070059776,0.5106823979591837,0.4522877753270506,
3,client_0,True,flip_global,raw,pretrained,0.9236041307449341,0.07369875907897949,0.03426551818847656,0.07581186294555664,0.9986435048695965,0.9997065331739134,0.9985646873261649,0.9818268714148846,0.991488350142999,0.9813131366778058,0.07893407344818115,0.03475654125213623,0.07619202136993408,0.9984441708539642,0.9996980641014501,0.9985502721851651,-1.042466640472412,1.127684473991394,0.005812821909785271,0.4997608418367347,-0.172799483503895,0.3371232748031616
3,client_1,True,flip_global,raw,pretrained,0.945344865322113,0.03519880771636963,0.04123711585998535,0.08714687824249268,0.9996903329229225,0.9995750105795262,0.9981040556804219,0.991258040917423,0.9897698966442527,0.9785642590937904,0.039259910583496094,0.04218471050262451,0.08861684799194336,0.9996147761894998,0.9995552609503033,0.9980396505700704,-0.9806589484214783,0.7845548987388611,-0.030260175466537476,0.5790816326530612,-0.1696135506607682,0.4757826328277588
3,client_2,False,flip_global,raw,pretrained,0.9096392393112183,0.13735532760620117,0.05593276023864746,0.09537911415100098,0.9953000119428252,0.9992183401298207,0.9977295796796606,0.9665260387545864,0.9861621243315171,0.9765750821904076,0.13791346549987793,0.05687439441680908,0.09562110900878906,0.9952618740419816,0.999191816020502,0.9977180638435139,-0.7724279761314392,0.8768676519393921,0.02566438354551792,0.4799904336734694,0.4704795718272005,0.4177800416946411
3,client_3,False,flip_global,raw,pretrained,0.7513116598129272,0.05945873260498047,0.01629042625427246,0.06399357318878174,0.999116750313503,0.9999336588041641,0.998976991236517,0.9852994357185367,0.9959397999011235,0.9841915745098135,0.06356680393218994,0.016198277473449707,0.06513035297393799,0.9989905802076899,0.9999344071787157,0.998940352174783,-0.9474300146102905,0.6729128360748291,-0.0082639679312706,0.5072544642857143,0.593958361366657,0.37634897232055664
3,client_4,False,flip_global,raw,pretrained,0.9508501291275024,0.1639113426208496,0.030167222023010254,0.11014533042907715,0.993316955434546,0.9997725234954802,0.9969738871635392,0.9602485528909397,0.9925006436812358,0.9730222599777869,0.17253804206848145,0.030503511428833008,0.10836732387542725,0.9925989956216839,0.999767424524111,0.9970705828557778,-0.8686755299568176,0.9709540009498596,0.05728371813893318,0.4229113520408163,0.5280775557223663,0.4511721134185791
3,client_5,False,flip_global,raw,pretrained,0.8232294321060181,0.06855285167694092,0.022578954696655273,0.04268002510070801,0.9988261610805484,0.9998725598832501,0.9995447593571598,0.9830796267103514,0.994379070507339,0.9894147871337315,0.07593107223510742,0.022332072257995605,0.04366755485534668,0.9985601747826784,0.9998753312951076,0.9995234565520508,-0.923400342464447,0.7878687977790833,-0.0030399493407458067,0.5070153061224489,0.5393163700576592,0.34400177001953125
3,client_6,False,flip_global,raw,pretrained,0.8505287170410156,0.06574106216430664,0.025477051734924316,0.10651099681854248,0.9989204031311236,0.9998377497052982,0.9971698734942918,0.9837651620428474,0.9936610361554925,0.9738948955485585,0.06487584114074707,0.02539801597595215,0.10820579528808594,0.9989486111097896,0.9998387546988123,0.9970792901969412,-0.7914341688156128,0.7167327404022217,-0.007045052945613861,0.49744897959183676,0.7338140310711994,0.43858134746551514
3,client_7,False,flip_global,raw,pretrained,0.7485896348953247,0.03498256206512451,0.03844106197357178,0.05023837089538574,0.9996941252754796,0.9996306735220375,0.9993693249946287,0.9913113970287002,0.9904585685816789,0.9875577481866473,0.03436481952667236,0.03833937644958496,0.05093789100646973,0.9997048301549445,0.999632624308451,0.9993516482576494,-0.90732741355896,0.7531052231788635,-0.024350974708795547,0.6212531887755102,0.5969906061102744,0.5748236775398254
3,client_8,False,flip_global,raw,pretrained,0.6670405268669128,0.08095455169677734,0.037735819816589355,0.06991910934448242,0.9983636012698109,0.9996440970044596,0.9987789489157077,0.9800645382466127,0.990632384245759,0.9827467816682278,0.0713273286819458,0.03681135177612305,0.0700838565826416,0.9987293153263206,0.9996613171492705,0.9987731932234583,-0.8239814043045044,0.75254225730896,-0.021987177431583405,0.5488679846938775,0.6146546669733567,0.43241024017333984
3,client_9,False,flip_global,raw,pretrained,0.9269915819168091,0.11329960823059082,0.03473091125488281,0.05934500694274902,0.996798507700376,0.999698509140766,0.9991201236063503,0.9722658412942913,0.9913734943786052,0.9853272429414528,0.12220001220703125,0.03456079959869385,0.059339165687561035,0.9962772163785729,0.9997014546466276,0.9991202966938093,-0.9428480267524719,0.8025655150413513,0.011071762070059776,0.5106823979591837,0.4522877753270506,0.3430112600326538
3,client_0,True,flip_global,clip01,random,0.9236041307449341,0.08050060272216797,0.08196866512298584,0.06554234027862549,0.9983818796625845,0.9983223982399356,0.99892691482489,0.9801746569781304,0.9798186021531363,0.9838136390694789,0.08624672889709473,0.08264565467834473,0.06568419933319092,0.9981429659329937,0.998294608357267,0.9989222684120893,-1.042466640472412,1.127684473991394,0.005812821909785271,0.4997608418367347,-0.172799483503895,
3,client_1,True,flip_global,clip01,random,0.945344865322113,0.06136667728424072,0.051155924797058105,0.09852981567382812,0.9990591970901903,0.999346088716706,0.997577379697377,0.9848330970260604,0.9873326669211557,0.9758153757424328,0.05324208736419678,0.051152944564819336,0.09735894203186035,0.9992916965288303,0.999346164868002,0.9976345141448157,-0.9806589484214783,0.7845548987388611,-0.030260175466537476,0.5790816326530612,-0.1696135506607682,
3,client_2,False,flip_global,clip01,random,0.9096392393112183,0.06310796737670898,0.025827884674072266,0.06608366966247559,0.9990050891234046,0.9998332509501868,0.9989091304711866,0.984407780996859,0.9935741663525173,0.9836815933915328,0.06507384777069092,0.025989413261413574,0.06562662124633789,0.9989421885582235,0.9998311589830975,0.9989241555163677,-0.7724279761314392,0.8768676519393921,0.02566438354551792,0.4799904336734694,0.4704795718272005,
3,client_3,False,flip_global,clip01,random,0.7513116598129272,0.05511486530303955,0.042928457260131836,0.04136347770690918,0.9992410202204749,0.999539446033678,0.999572402857019,0.9863623980884102,0.9893536656275761,0.9897387905175958,0.06088221073150635,0.04284358024597168,0.042072415351867676,0.999073982738415,0.9995412647975803,0.9995576247933327,-0.9474300146102905,0.6729128360748291,-0.0082639679312706,0.5072544642857143,0.593958361366657,
3,client_4,False,flip_global,clip01,random,0.9508501291275024,0.15994596481323242,0.03701519966125488,0.19805622100830078,0.9936348724845794,0.9996575567244979,0.9902650989896242,0.9611820188747444,0.9908100372890742,0.9522667581361843,0.15156662464141846,0.0369720458984375,0.19895517826080322,0.994281534254766,0.9996583545220088,0.9901771806944293,-0.8686755299568176,0.9709540009498596,0.05728371813893318,0.4229113520408163,0.5280775557223663,
3,client_5,False,flip_global,clip01,random,0.8232294321060181,0.11033511161804199,0.04624783992767334,0.05691373348236084,0.9969634739346307,0.999465498691001,0.9991906982981615,0.9729767240953158,0.9885375446594733,0.9859219989012393,0.125016450881958,0.04618382453918457,0.058101534843444824,0.9961041426112598,0.9994669767690145,0.9991565868018375,-0.923400342464447,0.7878687977790833,-0.0030399493407458067,0.5070153061224489,0.5393163700576592,
3,client_6,False,flip_global,clip01,random,0.8505287170410156,0.09641921520233154,0.06099832057952881,0.06092393398284912,0.997679878882715,0.999070449778442,0.9990727139669533,0.9763241918080088,0.9849231047445473,0.9849412825587873,0.08313941955566406,0.060327887535095215,0.06185877323150635,0.9982741962882888,0.9990907570149528,0.9990440589647507,-0.7914341688156128,0.7167327404022217,-0.007045052945613861,0.49744897959183676,0.7338140310711994,
3,client_7,False,flip_global,clip01,random,0.7485896348953247,0.04799020290374756,0.060495734214782715,0.048155784606933594,0.9994244836414132,0.9990856939865345,0.9994205070845632,0.9881095623335772,0.9850459313069295,0.9880689044255502,0.0558781623840332,0.06122422218322754,0.049677133560180664,0.9992198645016097,0.9990635568693422,0.9993833309594438,-0.90732741355896,0.7531052231788635,-0.024350974708795547,0.6212531887755102,0.5969906061102744,
3,client_8,False,flip_global,clip01,random,0.6670405268669128,0.1045602560043335,0.05504143238067627,0.03727710247039795,0.9972723810289157,0.9992430401963608,0.9996526949000173,0.9743637703139834,0.9863803822191661,0.9907454653848784,0.10040640830993652,0.05412471294403076,0.037433743476867676,0.9974843946005778,0.9992680309447446,0.9996497707349468,-0.8239814043045044,0.75254225730896,-0.021987177431583405,0.5488679846938775,0.6146546669733567,
3,client_9,False,flip_global,clip01,random,0.9269915819168091,0.20500421524047852,0.07400918006896973,0.10154509544372559,0.9895755441191152,0.9986320653733975,0.9974271239777608,0.9506547861180035,0.9817513770239863,0.9750891531427093,0.24279844760894775,0.07414400577545166,0.10270309448242188,0.9854235701757732,0.9986270819209042,0.9973682248481839,-0.9428480267524719,0.8025655150413513,0.011071762070059776,0.5106823979591837,0.4522877753270506,
3,client_0,True,flip_global,clip01,pretrained,0.9236041307449341,0.07378315925598145,0.03580427169799805,0.07873642444610596,0.9986403993316972,0.9996795905495448,0.9984519435782349,0.981806344427709,0.991108672608872,0.9806027869089453,0.07930600643157959,0.03623843193054199,0.0792163610458374,0.9984294916650658,0.9996717748340249,0.998433036007949,-1.042466640472412,1.127684473991394,0.005812821909785271,0.4997608418367347,-0.172799483503895,
3,client_1,True,flip_global,clip01,pretrained,0.945344865322113,0.03613603115081787,0.04272150993347168,0.09844648838043213,0.9996736267248272,0.9995438742454053,0.9975814681825661,0.9910268416850518,0.9894045802693374,0.9758354564414857,0.0422821044921875,0.043566226959228516,0.09979903697967529,0.9995532056853083,0.9995256647801796,0.9975146804088335,-0.9806589484214783,0.7845548987388611,-0.030260175466537476,0.5790816326530612,-0.1696135506607682,
3,client_2,False,flip_global,clip01,pretrained,0.9096392393112183,0.13927984237670898,0.05827784538269043,0.09156334400177002,0.9951678652901417,0.9991514635821619,0.9979073287784561,0.9660690406517425,0.9855882335156245,0.9774963413703026,0.13332366943359375,0.05895388126373291,0.09109687805175781,0.9955709672846469,0.9991316758760433,0.9979285634789374,-0.7724279761314392,0.8768676519393921,0.02566438354551792,0.4799904336734694,0.4704795718272005,
3,client_3,False,flip_global,clip01,pretrained,0.7513116598129272,0.05741596221923828,0.016847729682922363,0.06533336639404297,0.9991763609606912,0.9999290422776079,0.9989337412581694,0.9857990958776035,0.9958013362172986,0.9838646208780113,0.060662150382995605,0.016681194305419922,0.06599605083465576,0.9990806602594109,0.9999304380684961,0.9989120189121259,-0.9474300146102905,0.6729128360748291,-0.0082639679312706,0.5072544642857143,0.593958361366657,
3,client_4,False,flip_global,clip01,pretrained,0.9508501291275024,0.19033372402191162,0.035884737968444824,0.12303304672241211,0.9910044234438442,0.9996781491073532,0.9962264313664444,0.9540632430519909,0.9910888240765978,0.9699372499083883,0.20707368850708008,0.03619861602783203,0.12197709083557129,0.9893657070148136,0.9996724955160619,0.9962907486662913,-0.8686755299568176,0.9709540009498596,0.05728371813893318,0.4229113520408163,0.5280775557223663,
3,client_5,False,flip_global,clip01,pretrained,0.8232294321060181,0.06709027290344238,0.020929455757141113,0.040480732917785645,0.9988756728052157,0.999890498464199,0.999590453405441,0.9834361248555419,0.9947880990798705,0.9899561238978234,0.06887149810791016,0.020737648010253906,0.041161179542541504,0.9988152329961031,0.9998924961573448,0.9995765738400497,-0.923400342464447,0.7878687977790833,-0.0030399493407458067,0.5070153061224489,0.5393163700576592,
3,client_6,False,flip_global,clip01,pretrained,0.8505287170410156,0.08083665370941162,0.026082515716552734,0.12504041194915771,0.9983683583003777,0.9998299472850334,0.9961026534510942,0.9800931361004299,0.993511124253112,0.9694580570459177,0.07926404476165771,0.026076793670654297,0.12644946575164795,0.998431151215877,0.9998300218804963,0.996014586031535,-0.7914341688156128,0.7167327404022217,-0.007045052945613861,0.49744897959183676,0.7338140310711994,
3,client_7,False,flip_global,clip01,pretrained,0.7485896348953247,0.033707499504089355,0.03904318809509277,0.04383552074432373,0.9997160116208543,0.999619016262334,0.9995197848054094,0.9916260915878186,0.990310203353028,0.9891305498421359,0.03489577770233154,0.03903079032897949,0.04450714588165283,0.9996956406684505,0.9996192581098322,0.9995049623649295,-0.90732741355896,0.7531052231788635,-0.024350974708795547,0.6212531887755102,0.5969906061102744,
3,client_8,False,flip_global,clip01,pretrained,0.6670405268669128,0.07101297378540039,0.03556084632873535,0.0718679428100586,0.998740480447553,0.9996839314965733,0.99870999913688,0.9824804184386517,0.9911687217261889,0.982272303261015,0.06265783309936523,0.03515493869781494,0.07187604904174805,0.9990192210313988,0.9996911041524437,0.998709708394925,-0.8239814043045044,0.75254225730896,-0.021987177431583405,0.5488679846938775,0.6146546669733567,
3,client_9,False,flip_global,clip01,pretrained,0.9269915819168091,0.11430847644805908,0.030963897705078125,0.05653178691864014,0.9967413789900597,0.999760352341696,0.9992015177700058,0.972024093729249,0.9923037406040305,0.9860154824389693,0.11705255508422852,0.03092515468597412,0.05644786357879639,0.9965834547584551,0.9997609515686798,0.9992038853430509,-0.9428480267524719,0.8025655150413513,0.011071762070059776,0.5106823979591837,0.4522877753270506,
4,client_0,True,orig,raw,random,0.9546676278114319,0.07289886474609375,0.0310366153717041,0.0359807014465332,0.998672761533649,0.9997592256146379,0.9996764258275002,0.9820214458920227,0.9922857709244386,0.9910651536438146,0.05810832977294922,0.02961421012878418,0.03537285327911377,0.9991563896421047,0.9997807856874712,0.9996872636851026,-0.9474110007286072,1.0140407085418701,0.022780193015933037,0.45870535714285715,-0.22515422430967114,
4,client_1,True,orig,raw,random,0.9328096508979797,0.12456774711608887,0.04792821407318115,0.04241514205932617,0.9961319770753838,0.9994259688276357,0.9995503906000667,0.9695708583283138,0.9881247840825262,0.9894799622748216,0.11327540874481201,0.04741311073303223,0.042224764823913574,0.9967998718737543,0.9994382360290581,0.9995544162735865,-1.0414448976516724,1.0285362005233765,0.004384122788906097,0.5048628826530612,-0.2042156625833205,
4,client_2,False,orig,raw,random,0.9406869411468506,0.0398104190826416,0.027015328407287598,0.038089871406555176,0.9996039003436925,0.9998175679726911,0.9996373890692796,0.990121204226651,0.9932802277427404,0.9905451181259137,0.03804373741149902,0.026793241500854492,0.03765058517456055,0.9996382666791752,0.9998205547065893,0.9996457025322008,-1.084802508354187,1.159965991973877,0.005283840000629425,0.5019929846938775,0.4784376301478205,
4,client_3,False,orig,raw,random,0.9380422830581665,0.05085444450378418,0.061217665672302246,0.04240977764129639,0.9993537697497248,0.9990637572854146,0.999550504282446,0.9874066132839554,0.9848695064285504,0.9894812822699754,0.04215264320373535,0.06022357940673828,0.041883230209350586,0.9995559366174309,0.9990938963602551,0.9995615929607438,-0.8404266238212585,1.2874003648757935,0.014056548476219177,0.5035873724489796,0.6176412160678523,
4,client_4,False,orig,raw,random,0.923943281173706,0.07493066787719727,0.04380083084106445,0.03808724880218506,0.9985978250719434,0.9995205442825805,0.9996374389877296,0.981527322484721,0.9891390813347984,0.9905457644992106,0.07589888572692871,0.04362034797668457,0.03869593143463135,0.9985613938651343,0.9995244859639223,0.9996257612967634,-0.9974997043609619,1.2073383331298828,0.03494369611144066,0.4750478316326531,0.5646032233746513,
4,client_5,False,orig,raw,random,0.9367490410804749,0.04950988292694092,0.045002102851867676,0.02505934238433838,0.9993874744094671,0.999493894873666,0.9998430258229354,0.9877365053279306,0.9888437096998304,0.9937644800992225,0.06552565097808838,0.045386672019958496,0.02561032772064209,0.9989274608033702,0.9994852113427004,0.99983604794151,-0.9926388263702393,1.0061230659484863,-0.005482747219502926,0.5066964285714286,0.589810649939136,
4,client_6,False,orig,raw,random,0.9289973378181458,0.06331253051757812,0.04354667663574219,0.036614179611206055,0.9989986335574341,0.9995260902487726,0.9996649346882533,0.9843578338489816,0.989201590346775,0.9909089206625874,0.060770273208618164,0.04314255714416504,0.03654074668884277,0.9990773823887824,0.9995348422833112,0.9996662770096774,-0.9310262203216553,1.120593786239624,0.0538509339094162,0.38002232142857145,0.6902049955285583,
4,client_7,False,orig,raw,random,0.9544335007667542,0.11850261688232422,0.16554462909698486,0.05891311168670654,0.9964985050726995,0.9931837912720838,0.9991328756595652,0.9710200500358461,0.959864466558084,0.9854328569930555,0.1361384391784668,0.17255902290344238,0.0593104362487793,0.9953826340023566,0.9925972055781287,0.9991211477541988,-0.9010843634605408,0.8882641792297363,-0.029586631804704666,0.5285395408163265,0.6211773045673642,
4,client_8,False,orig,raw,random,0.9414582252502441,0.035759925842285156,0.03534543514251709,0.07153856754302979,0.9996803835626233,0.9996877481988242,0.9987217850377557,0.9911196116104772,0.9912218647487308,0.9823524714200877,0.04195547103881836,0.0356297492980957,0.0723717212677002,0.9995600798137472,0.9996827057681976,0.998691868315938,-1.2132799625396729,1.0701717138290405,0.020697714760899544,0.46643813775510207,0.6441171633124612,
4,client_9,False,orig,raw,random,0.951266348361969,0.03243613243103027,0.03328537940979004,0.023712515830993652,0.9997370262061618,0.9997230784070159,0.999859443966999,0.9919400233401479,0.9917303068725554,0.9940981260199739,0.04202544689178467,0.03301668167114258,0.024165034294128418,0.999558611625643,0.9997275303754432,0.9998540287620628,-1.1715443134307861,1.1328357458114624,0.026218635961413383,0.399234693877551,0.41981384146918926,
4,client_0,True,orig,raw,pretrained,0.9546676278114319,0.05043673515319824,0.01688683032989502,0.043123483657836914,0.9993643371499805,0.9999287125520069,0.9995352533449937,0.9875090817664183,0.9957916226302044,0.9893056874551309,0.042739152908325195,0.016520261764526367,0.042136430740356445,0.9995434975583044,0.9999317737291271,0.9995562780233629,-0.9474110007286072,1.0140407085418701,0.022780193015933037,0.45870535714285715,-0.22515422430967114,0.2564561367034912
4,client_1,True,orig,raw,pretrained,0.9328096508979797,0.09257221221923828,0.055422067642211914,0.07921504974365234,0.9978610339727647,0.9992325406364537,0.9984330878237824,0.9772526387823208,0.9862871678633529,0.9804866066112314,0.07739746570587158,0.05424201488494873,0.07672715187072754,0.9985040885118801,0.9992648565340301,0.998529859042312,-1.0414448976516724,1.0285362005233765,0.004384122788906097,0.5048628826530612,-0.2042156625833205,0.3421592712402344
4,client_2,False,orig,raw,pretrained,0.9406869411468506,0.05964076519012451,0.049606919288635254,0.0514296293258667,0.999111337517465,0.9993850721392263,0.9993390761051022,0.9852549291242179,0.9877126916408201,0.9872655405280757,0.04391205310821533,0.050331830978393555,0.04835700988769531,0.9995181071344099,0.9993669773965477,0.9994156561184437,-1.084802508354187,1.159965991973877,0.005283840000629425,0.5019929846938775,0.4784376301478205,0.3733327388763428
4,client_3,False,orig,raw,pretrained,0.9380422830581665,0.04900550842285156,0.018323302268981934,0.03848731517791748,0.999399885276268,0.9999160694321196,0.9996297844694002,0.9878602977205413,0.9954348652768157,0.9904471705056868,0.03541100025177002,0.01857757568359375,0.035654544830322266,0.9996865889546576,0.9999137240034974,0.9996822640956358,-0.8404266238212585,1.2874003648757935,0.014056548476219177,0.5035873724489796,0.6176412160678523,0.27513694763183594
4,client_4,False,orig,raw,pretrained,0.923943281173706,0.10711061954498291,0.025760531425476074,0.05169546604156494,0.9971379870194019,0.9998341193953417,0.9993322293246436,0.9737508399227612,0.9935908428179301,0.987200350282367,0.07707452774047852,0.026165485382080078,0.04873943328857422,0.9985165318720177,0.999828863812551,0.9994063813305727,-0.9974997043609619,1.2073383331298828,0.03494369611144066,0.4750478316326531,0.5646032233746513,0.32371091842651367
4,client_5,False,orig,raw,pretrained,0.9367490410804749,0.05961143970489502,0.024045586585998535,0.04652142524719238,0.9991122106350596,0.9998554681104466,0.9994591587304442,0.9852620989414276,0.9940155996079536,0.9884703245934241,0.04647088050842285,0.024294257164001465,0.044532060623168945,0.9994603328462617,0.9998524635944896,0.9995044081797284,-0.9926388263702393,1.0061230659484863,-0.005482747219502926,0.5066964285714286,0.589810649939136,0.2876373529434204
4,client_6,False,orig,raw,pretrained,0.9289973378181458,0.08980798721313477,0.02485358715057373,0.054084062576293945,0.9979866766393486,0.9998455926849832,0.9992691294200864,0.977920583535576,0.9938154404470292,0.9866148924389548,0.0712205171585083,0.025725603103637695,0.048877596855163574,0.998733114522282,0.9998345688647017,0.999403012561739,-0.9310262203216553,1.120593786239624,0.0538509339094162,0.38002232142857145,0.6902049955285583,0.2765078544616699
4,client_7,False,orig,raw,pretrained,0.9544335007667542,0.1739898920059204,0.04693639278411865,0.10550212860107422,0.9924746245698166,0.999449471175321,0.9972231220985277,0.9578821415785714,0.9883683799286089,0.974137342070069,0.11398565769195557,0.04629206657409668,0.09675860404968262,0.9967597136613982,0.9994644763295903,0.9976635454953031,-0.9010843634605408,0.8882641792297363,-0.029586631804704666,0.5285395408163265,0.6211773045673642,0.5176272988319397
4,client_8,False,orig,raw,pretrained,0.9414582252502441,0.035868167877197266,0.03796887397766113,0.0590740442276001,0.9996784462019799,0.999639688550108,0.9991281348563388,0.9910929113552205,0.9905749400983679,0.9853935011653054,0.02382528781890869,0.03796887397766113,0.05632364749908447,0.9998581040177486,0.999639688550108,0.9992073831797632,-1.2132799625396729,1.0701717138290405,0.020697714760899544,0.46643813775510207,0.6441171633124612,0.25139081478118896
4,client_9,False,orig,raw,pretrained,0.951266348361969,0.08489096164703369,0.02406024932861328,0.03773176670074463,0.9982008126585398,0.9998552918078263,0.9996441734333614,0.9791104239568775,0.994011966791666,0.9906333833186294,0.060767173767089844,0.02429831027984619,0.03521859645843506,0.999077476433039,0.9998524143675616,0.999689984716857,-1.1715443134307861,1.1328357458114624,0.026218635961413383,0.399234693877551,0.41981384146918926,0.32233428955078125
4,client_0,True,orig,clip01,random,0.9546676278114319,0.06244540214538574,0.013367295265197754,0.0435028076171875,0.9990258552422118,0.9999553303509128,0.9995270442647326,0.984569582312947,0.9966665337117786,0.9892123804946837,0.044033050537109375,0.012778282165527344,0.04095935821533203,0.9995154487795972,0.9999591801259642,0.9995807146405074,-0.9474110007286072,1.0140407085418701,0.022780193015933037,0.45870535714285715,-0.22515422430967114,
4,client_1,True,orig,clip01,random,0.9328096508979797,0.20777833461761475,0.13101887702941895,0.07181620597839355,0.9892937928201084,0.9957222873510974,0.9987118539851161,0.9500123207229652,0.9680329979908431,0.9822848950760188,0.17478704452514648,0.13004422187805176,0.07011008262634277,0.9924059042575568,0.9957854942234174,0.9987722757320021,-1.0414448976516724,1.0285362005233765,0.004384122788906097,0.5048628826530612,-0.2042156625833205,
4,client_2,False,orig,clip01,random,0.9406869411468506,0.07029151916503906,0.016776680946350098,0.06817471981048584,0.9987659189919567,0.9999296394572812,0.9988390637164775,0.9826560852451218,0.9958189868796203,0.9831717763558516,0.05087780952453613,0.016642212867736816,0.06583058834075928,0.9993531760818735,0.9999307627832705,0.9989174631284699,-1.084802508354187,1.159965991973877,0.005283840000629425,0.5019929846938775,0.4784376301478205,
4,client_3,False,orig,clip01,random,0.9380422830581665,0.015480518341064453,0.041623711585998535,0.047955989837646484,0.9999400910799181,0.999567007321879,0.9994253035869223,0.996141075409521,0.9896747341249974,0.9881179635245831,0.013516068458557129,0.0421217679977417,0.047092556953430176,0.999954330537691,0.9995565866819511,0.9994458032282982,-0.8404266238212585,1.2874003648757935,0.014056548476219177,0.5035873724489796,0.6176412160678523,
4,client_4,False,orig,clip01,random,0.923943281173706,0.05481612682342529,0.02068638801574707,0.037731289863586426,0.9992492210799611,0.9998930269209205,0.9996441824244577,0.9864355638733242,0.9948483942677964,0.9906335008567135,0.03828728199005127,0.02046799659729004,0.0344846248626709,0.9996336217153967,0.99989527350528,0.9997027689383835,-0.9974997043609619,1.2073383331298828,0.03494369611144066,0.4750478316326531,0.5646032233746513,
4,client_5,False,orig,clip01,random,0.9367490410804749,0.04244112968444824,0.018822431564331055,0.03324484825134277,0.9995498396688174,0.999911434900774,0.9997237522641498,0.9894735676690374,0.9953109480867584,0.9917403142881736,0.05122983455657959,0.019363999366760254,0.03364765644073486,0.9993441987480209,0.9999062654722739,0.9997170188771038,-0.9926388263702393,1.0061230659484863,-0.005482747219502926,0.5066964285714286,0.589810649939136,
4,client_6,False,orig,clip01,random,0.9289973378181458,0.04092609882354736,0.03927338123321533,0.0491175651550293,0.9995813950778059,0.9996145118687445,0.9993971389182648,0.9898464650484342,0.9902534920579675,0.9878327927902357,0.03770637512207031,0.039822936058044434,0.04680299758911133,0.9996446520513389,0.9996036512995958,0.9994525946975299,-0.9310262203216553,1.120593786239624,0.0538509339094162,0.38002232142857145,0.6902049955285583,
4,client_7,False,orig,clip01,random,0.9544335007667542,0.09539341926574707,0.02978527545928955,0.11684024333953857,0.9977288997465426,0.9997782462294122,0.9965958058487503,0.9765716308926395,0.9925950648095538,0.9714178226000478,0.07569551467895508,0.030174612998962402,0.11241316795349121,0.9985690847611284,0.9997724120372686,0.9968482897596074,-0.9010843634605408,0.8882641792297363,-0.029586631804704666,0.5285395408163265,0.6211773045673642,
4,client_8,False,orig,clip01,random,0.9414582252502441,0.04995262622833252,0.06324136257171631,0.12741315364837646,0.9993764755239181,0.9990008818250897,0.9959537930196889,0.9876278587256206,0.9843752101350738,0.9688921007939206,0.042517900466918945,0.06349062919616699,0.12655210494995117,0.9995482101789306,0.998992996190891,0.9960081328669677,-1.2132799625396729,1.0701717138290405,0.020697714760899544,0.46643813775510207,0.6441171633124612,
4,client_9,False,orig,clip01,random,0.951266348361969,0.056037187576293945,0.02526533603668213,0.019320368766784668,0.9992154203821075,0.9998404347971024,0.9999066873686289,0.9861365581357855,0.9937134646284038,0.9951873499118982,0.04413962364196777,0.024774551391601562,0.017920970916748047,0.9995131012820946,0.9998465730579937,0.999919714534995,-1.1715443134307861,1.1328357458114624,0.026218635961413383,0.399234693877551,0.41981384146918926,
4,client_0,True,orig,clip01,pretrained,0.9546676278114319,0.045082807540893555,0.020150065422058105,0.04297947883605957,0.9994920786871297,0.9998985014430017,0.9995383510019304,0.9888238705826686,0.994981453414781,0.9893411135435313,0.038686275482177734,0.01973867416381836,0.041756629943847656,0.9996259479916649,0.9999026033007365,0.9995642384324672,-0.9474110007286072,1.0140407085418701,0.022780193015933037,0.45870535714285715,-0.22515422430967114,
4,client_1,True,orig,clip01,pretrained,0.9328096508979797,0.09846639633178711,0.05737423896789551,0.08247292041778564,0.9975804917036051,0.9991775568378702,0.9983017205710658,0.975830658850404,0.9858093053171413,0.979696347969697,0.07767021656036377,0.05595123767852783,0.07935166358947754,0.9984935386024947,0.9992178239034297,0.9984276849675835,-1.0414448976516724,1.0285362005233765,0.004384122788906097,0.5048628826530612,-0.2042156625833205,
4,client_2,False,orig,clip01,pretrained,0.9406869411468506,0.06055712699890137,0.04845273494720459,0.05512714385986328,0.9990838385936238,0.9994133413732356,0.9992406822025608,0.9850309263553771,0.9879959957754381,0.9863593910496296,0.04515576362609863,0.04909634590148926,0.051614999771118164,0.9994904340797426,0.9993976594538625,0.99933430549848,-1.084802508354187,1.159965991973877,0.005283840000629425,0.5019929846938775,0.4784376301478205,
4,client_3,False,orig,clip01,pretrained,0.9380422830581665,0.04900920391082764,0.015691757202148438,0.03746497631072998,0.9993997948047282,0.9999384450308857,0.9996491862175942,0.9878593906247275,0.9960885731776443,0.9906991491462429,0.03727531433105469,0.01602959632873535,0.034771084785461426,0.9996527282101846,0.9999357661050472,0.999697811421645,-0.8404266238212585,1.2874003648757935,0.014056548476219177,0.5035873724489796,0.6176412160678523,
4,client_4,False,orig,clip01,pretrained,0.923943281173706,0.11305201053619385,0.02483963966369629,0.057054758071899414,0.9968124516473729,0.9998457659187823,0.9991866850971649,0.9723251850789996,0.9938188950273306,0.9858874857137498,0.08472096920013428,0.02536189556121826,0.05367016792297363,0.9982080014390089,0.9998392129553737,0.9992802670167353,-0.9974997043609619,1.2073383331298828,0.03494369611144066,0.4750478316326531,0.5646032233746513,
4,client_5,False,orig,clip01,pretrained,0.9367490410804749,0.06369662284851074,0.025086402893066406,0.044852256774902344,0.9989864561727577,0.9998426866605528,0.9994972584078932,0.9842640622408876,0.993757778189923,0.9888805469859312,0.04866683483123779,0.025203824043273926,0.042258381843566895,0.9994081476451568,0.99984121072646,0.9995537067305731,-0.9926388263702393,1.0061230659484863,-0.005482747219502926,0.5066964285714286,0.589810649939136,
4,client_6,False,orig,clip01,pretrained,0.9289973378181458,0.08749115467071533,0.02258169651031494,0.05726349353790283,0.9980890676375058,0.9998725289336454,0.9991807268318798,0.9784809488562554,0.9943783908260142,0.9858364048562216,0.06767070293426514,0.023252010345458984,0.051877498626708984,0.9988561512324183,0.9998648497044891,0.99932752064814,-0.9310262203216553,1.120593786239624,0.0538509339094162,0.38002232142857145,0.6902049955285583,
4,client_7,False,orig,clip01,pretrained,0.9544335007667542,0.21163058280944824,0.047505974769592285,0.1039574146270752,0.988896466171048,0.9994360342469863,0.9973036790411596,0.9491212502764297,0.9882284769730074,0.9745087361818834,0.1364588737487793,0.04704737663269043,0.09552896022796631,0.9953609480398984,0.999446865663427,0.9977224523545101,-0.9010843634605408,0.8882641792297363,-0.029586631804704666,0.5285395408163265,0.6211773045673642,
4,client_8,False,orig,clip01,pretrained,0.9414582252502441,0.041468024253845215,0.04419970512390137,0.06672120094299316,0.9995702393120971,0.9995117753629486,0.9988879986182155,0.9897130557084721,0.9890409904921846,0.9835261154339794,0.027510881423950195,0.04424440860748291,0.06302475929260254,0.9998108146984173,0.9995107876474727,0.9990077090294052,-1.2132799625396729,1.0701717138290405,0.020697714760899544,0.46643813775510207,0.6441171633124612,
4,client_9,False,orig,clip01,pretrained,0.951266348361969,0.08459925651550293,0.021712422370910645,0.04121601581573486,0.9982131397206011,0.9998821530956532,0.9995754452436092,0.9791810801411809,0.9945939142817763,0.9897750909234235,0.05569446086883545,0.021829843521118164,0.03783464431762695,0.9992249825412103,0.9998808751270831,0.9996422309503714,-1.1715443134307861,1.1328357458114624,0.026218635961413383,0.399234693877551,0.41981384146918926,
4,client_0,True,flip,raw,random,0.8335298895835876,0.23375415802001953,0.05260956287384033,0.17381930351257324,0.9864784574271594,0.999308417398048,0.9924892906518619,0.9440280440815947,0.9869762386717407,0.9579221222963472,0.24969422817230225,0.05283987522125244,0.17493438720703125,0.9845935652488835,0.9993023521462321,0.9923931686396874,-0.897152304649353,0.8737916946411133,-0.04092857614159584,0.6073820153061225,-0.22515422430967114,
4,client_1,True,flip,raw,random,0.8676005005836487,0.31613218784332275,0.1708914041519165,0.04809093475341797,0.9754757412609039,0.9927388196098976,0.9994220661266255,0.9254201755710427,0.9586087231716494,0.9880848277420011,0.32627415657043457,0.1735140085220337,0.046131134033203125,0.9739083920581568,0.9925155028143609,0.9994681918284538,-1.243837594985962,0.9868535399436951,-0.06057434156537056,0.6719547193877551,-0.2042156625833205,
4,client_2,False,flip,raw,random,0.8349770307540894,0.3331108093261719,0.07168328762054443,0.23405909538269043,0.9728261373402272,0.998716613220507,0.9864435159710729,0.9216535804664532,0.9823172461262628,0.9439581297980302,0.25632596015930176,0.06931757926940918,0.23656141757965088,0.9837744473288279,0.9987998496676636,0.9861551359981267,-0.6972334384918213,0.696340024471283,-0.00785804633051157,0.5216836734693877,0.4784376301478205,
4,client_3,False,flip,raw,random,0.8590972423553467,0.06699848175048828,0.06188380718231201,0.07114577293395996,0.9988787446646095,0.9990432856340148,0.9987357697381845,0.9834585050786642,0.9847067575041546,0.9824480883434314,0.07230269908905029,0.06175971031188965,0.07227420806884766,0.9986943598595173,0.9990471160847978,0.998695387630026,-0.9767485857009888,0.7989216446876526,-0.011486515402793884,0.5456792091836735,0.6176412160678523,
4,client_4,False,flip,raw,random,0.7484885454177856,0.19595932960510254,0.03624308109283447,0.16119277477264404,0.9904686730540364,0.9996716906309246,0.9935357344612197,0.9527540550815063,0.99100043918808,0.9608883679064519,0.19008851051330566,0.03674805164337158,0.15885818004608154,0.9910274309926732,0.9996624806389525,0.9937207490939235,-0.9536470770835876,0.8453587293624878,-0.03181122988462448,0.5386639030612245,0.5646032233746513,
4,client_5,False,flip,raw,random,0.904442548751831,0.20043635368347168,0.06539392471313477,0.10592091083526611,0.9900314786274025,0.9989317652695002,0.9972010795505304,0.9517140923635912,0.9838498465060816,0.9740366912705252,0.21196019649505615,0.06482446193695068,0.10849905014038086,0.9888621415855061,0.9989502744597067,0.9970634725047349,-0.9531593322753906,1.0111578702926636,0.004617133177816868,0.49768813775510207,0.589810649939136,
4,client_6,False,flip,raw,random,0.8010784387588501,0.1915907859802246,0.14228367805480957,0.06369948387145996,0.990886024510653,0.9949579867112652,0.9989863651904674,0.9537704658402504,0.9653563936917902,0.9842633638062148,0.16620886325836182,0.14171624183654785,0.0633094310760498,0.9931292653828816,0.9949979715368238,0.9989987315244448,-1.0696929693222046,0.8980145454406738,-0.08876384049654007,0.6480389030612245,0.6902049955285583,
4,client_7,False,flip,raw,random,0.9136483669281006,0.22594940662384033,0.1554182767868042,0.1829310655593872,0.987357878180716,0.9939885314576504,0.991686261665081,0.9458201248272755,0.9622495225960035,0.9557901084003926,0.18390822410583496,0.1541593074798584,0.1857074499130249,0.9915977679363321,0.994085098286648,0.991433624071629,-0.9426312446594238,0.8918196558952332,0.022206319496035576,0.4809470663265306,0.6211773045673642,
4,client_8,False,flip,raw,random,0.7772865295410156,0.09482800960540771,0.046334028244018555,0.09050524234771729,0.9977556969943999,0.9994635054243377,0.997955341172841,0.9767080573790488,0.9885163674018518,0.9777520348370956,0.08781599998474121,0.04631495475769043,0.09009981155395508,0.9980748716525303,0.9994639468537834,0.9979735910191372,-1.1346226930618286,0.8085631132125854,-0.028866520151495934,0.5727040816326531,0.6441171633124612,
4,client_9,False,flip,raw,random,0.7630555629730225,0.14446496963500977,0.06925690174102783,0.11263406276702881,0.9948028155057085,0.9988019479770462,0.9968359206438906,0.9648393864581168,0.98290808627379,0.9724253704123138,0.1757725477218628,0.06966245174407959,0.11346304416656494,0.9923205224699496,0.9987878887436239,0.9967892869336561,-0.8676588535308838,0.8537769913673401,-0.0373087003827095,0.5790019132653061,0.41981384146918926,
4,client_0,True,flip,raw,pretrained,0.8335298895835876,0.07254374027252197,0.029950380325317383,0.06926906108856201,0.9986856485164088,0.9997757813922208,0.9988015276373792,0.982107848552106,0.9925542475307847,0.9829051240669309,0.07748985290527344,0.02982020378112793,0.06926906108856201,0.998500519144464,0.9997777259228935,0.9988015276373792,-0.897152304649353,0.8737916946411133,-0.04092857614159584,0.6073820153061225,-0.22515422430967114,0.40531206130981445
4,client_1,True,flip,raw,pretrained,0.8676005005836487,0.10263502597808838,0.15453553199768066,0.03834080696105957,0.9973717053362752,0.994056321519504,0.9996325969005917,0.9748268457434521,0.9624578568590207,0.9904832748808108,0.13896477222442627,0.15742135047912598,0.039163947105407715,0.9951896236132411,0.9938333000923785,0.9996166565616149,-1.243837594985962,0.9868535399436951,-0.06057434156537056,0.6719547193877551,-0.2042156625833205,0.490329384803772
4,client_2,False,flip,raw,pretrained,0.8349770307540894,0.10661029815673828,0.03186678886413574,0.11009359359741211,0.9971646051533654,0.9997461752724757,0.9969767228644075,0.9738710368099137,0.9920806565922762,0.9730346742093243,0.09074127674102783,0.03015291690826416,0.1104966402053833,0.9979446789413426,0.9997727391435387,0.9969545969229596,-0.6972334384918213,0.696340024471283,-0.00785804633051157,0.5216836734693877,0.4784376301478205,0.5465292930603027
4,client_3,False,flip,raw,pretrained,0.8590972423553467,0.0407789945602417,0.02726268768310547,0.04589104652404785,0.9995843979899177,0.9998142123569218,0.9994737107898473,0.9898826833269128,0.9932190130999299,0.9886252193050045,0.04803955554962158,0.027012944221496582,0.04622507095336914,0.9994232998344961,0.9998176001672399,0.9994660246475693,-0.9767485857009888,0.7989216446876526,-0.011486515402793884,0.5456792091836735,0.6176412160678523,0.39481568336486816
4,client_4,False,flip,raw,pretrained,0.7484885454177856,0.19727659225463867,0.04588425159454346,0.12169671058654785,0.99034103396653,0.9994738665684766,0.9963077342632238,0.9524478924491069,0.9886268891324939,0.9702564537253915,0.17690086364746094,0.04375410079956055,0.12395477294921875,0.9922221919196872,0.999521566409219,0.9961698418582792,-0.9536470770835876,0.8453587293624878,-0.03181122988462448,0.5386639030612245,0.5646032233746513,0.5920522212982178
4,client_5,False,flip,raw,pretrained,0.904442548751831,0.05806410312652588,0.1068868637084961,0.11238729953765869,0.9991576724975384,0.9971499065662128,0.9968497367012603,0.985640519902643,0.973804592127159,0.9724845287561332,0.08693522214889526,0.1103508472442627,0.11582481861114502,0.9981132409433404,0.9969626097287256,0.9966545705565013,-0.9531593322753906,1.0111578702926636,0.004617133177816868,0.49768813775510207,0.589810649939136,0.30617618560791016
4,client_6,False,flip,raw,pretrained,0.8010784387588501,0.13100934028625488,0.10462915897369385,0.051311612129211426,0.9957229080707595,0.9972687923294814,0.9993421044155766,0.9680352687146183,0.9743472032098994,0.9872944835597699,0.11005997657775879,0.10412681102752686,0.05072379112243652,0.996978564708983,0.9972949025376525,0.9993570844272681,-1.0696929693222046,0.8980145454406738,-0.08876384049654007,0.6480389030612245,0.6902049955285583,0.5158807039260864
4,client_7,False,flip,raw,pretrained,0.9136483669281006,0.10188329219818115,0.0532987117767334,0.03341400623321533,0.9974099908325911,0.9992901899301261,0.9997209344688074,0.9750077499104415,0.9868073286324017,0.9916985490481369,0.10895216464996338,0.05413699150085449,0.03309774398803711,0.9970389488090132,0.9992676989852693,0.9997261910772244,-0.9426312446594238,0.8918196558952332,0.022206319496035576,0.4809470663265306,0.6211773045673642,0.5015208125114441
4,client_8,False,flip,raw,pretrained,0.7772865295410156,0.09655523300170898,0.043823838233947754,0.08231091499328613,0.997673339749467,0.9995200406414047,0.9983083775785053,0.9762913891143168,0.9891334229785362,0.9797356228810206,0.09829187393188477,0.044194698333740234,0.08220744132995605,0.9975890453015308,0.9995118859249963,0.998312622626677,-1.1346226930618286,0.8085631132125854,-0.028866520151495934,0.5727040816326531,0.6441171633124612,0.38584601879119873
4,client_9,False,flip,raw,pretrained,0.7630555629730225,0.18381977081298828,0.06785643100738525,0.152756929397583,0.991605797387803,0.9988498692578225,0.9941917566469731,0.9555825465220826,0.9832493524686241,0.9628778259792672,0.1677989959716797,0.06782269477844238,0.15460658073425293,0.9929978654604521,0.998851011610659,0.9940508793902225,-0.8676588535308838,0.8537769913673401,-0.0373087003827095,0.5790019132653061,0.41981384146918926,0.47601211071014404
4,client_0,True,flip,clip01,random,0.8335298895835876,0.1293274164199829,0.04390537738800049,0.12339746952056885,0.9958316820372031,0.9995182535896467,0.9962041074870074,0.9684358643706923,0.989113369920493,0.9698502294521059,0.13885819911956787,0.04390537738800049,0.12488257884979248,0.995196972417671,0.9995182535896467,0.9961124574552913,-0.897152304649353,0.8737916946411133,-0.04092857614159584,0.6073820153061225,-0.22515422430967114,
4,client_1,True,flip,clip01,random,0.8676005005836487,0.1605544090270996,0.10171985626220703,0.07053399085998535,0.9935865873690439,0.9974182776020568,0.9987573982940916,0.9610387001399454,0.9750470873151904,0.9825970406132121,0.13398528099060059,0.10234510898590088,0.07005822658538818,0.9955270484972178,0.9973865037708511,0.9987740895324007,-1.243837594985962,0.9868535399436951,-0.06057434156537056,0.6719547193877551,-0.2042156625833205,
4,client_2,False,flip,clip01,random,0.8349770307540894,0.14578032493591309,0.029906868934631348,0.13901734352111816,0.9947081215025839,0.9997764322916005,0.9951859964853256,0.9645278234155263,0.9925650041865743,0.9661313549005894,0.11760640144348145,0.02860546112060547,0.13901734352111816,0.9965511306716424,0.999795463280392,0.9951859964853256,-0.6972334384918213,0.696340024471283,-0.00785804633051157,0.5216836734693877,0.4784376301478205,
4,client_3,False,flip,clip01,random,0.8590972423553467,0.09068906307220459,0.016654610633850098,0.08801507949829102,0.9979470399335724,0.9999306595924389,0.9980661458774129,0.9777076067969528,0.9958493139457611,0.978354186565231,0.07591378688812256,0.01645803451538086,0.08553338050842285,0.9985608295390849,0.9999322867139862,0.998173516102649,-0.9767485857009888,0.7989216446876526,-0.011486515402793884,0.5456792091836735,0.6176412160678523,
4,client_4,False,flip,clip01,random,0.7484885454177856,0.13139557838439941,0.04469156265258789,0.1275196075439453,0.9956977332491617,0.9995008529965133,0.9959470495467786,0.9679433107992905,0.9889200533805464,0.9688667205964463,0.10686051845550537,0.041202425956726074,0.12799334526062012,0.9971513083603369,0.9995757250791146,0.9959169724960504,-0.9536470770835876,0.8453587293624878,-0.03181122988462448,0.5386639030612245,0.5646032233746513,
4,client_5,False,flip,clip01,random,0.904442548751831,0.18687021732330322,0.10606980323791504,0.14781451225280762,0.9913267163190833,0.9971932217528583,0.9945600150282266,0.9548706133052212,0.9740009099920115,0.9640462909086622,0.24278956651687622,0.11304140090942383,0.15263593196868896,0.9854246248218355,0.9968130484741329,0.9942009142728927,-0.9531593322753906,1.0111578702926636,0.004617133177816868,0.49768813775510207,0.589810649939136,
4,client_6,False,flip,clip01,random,0.8010784387588501,0.24672114849090576,0.11011040210723877,0.07961678504943848,0.9849541388652083,0.9969758017330999,0.9984171734046869,0.9410619045424065,0.9730306409882066,0.9803891063445289,0.15159177780151367,0.10860085487365723,0.07671093940734863,0.9942796442397439,0.9970579713997871,0.9985304795740046,-1.0696929693222046,0.8980145454406738,-0.08876384049654007,0.6480389030612245,0.6902049955285583,
4,client_7,False,flip,clip01,random,0.9136483669281006,0.10174942016601562,0.03367960453033447,0.08753478527069092,0.9974167795874385,0.9997164813612214,0.9980871639883993,0.9750399714009768,0.9916329779422728,0.9784703916015383,0.08066511154174805,0.03388857841491699,0.08566927909851074,0.9983752674820712,0.999712952875276,0.998167715506876,-0.9426312446594238,0.8918196558952332,0.022206319496035576,0.4809470663265306,0.6211773045673642,
4,client_8,False,flip,clip01,random,0.7772865295410156,0.12686145305633545,0.03927111625671387,0.11826121807098389,0.9959886521427512,0.9996145563183916,0.9965127188658678,0.969023650444832,0.990254050042829,0.9710777967375597,0.1439903974533081,0.04051053524017334,0.11759793758392334,0.9948367731255987,0.9995898503444076,0.9965516257833518,-1.1346226930618286,0.8085631132125854,-0.028866520151495934,0.5727040816326531,0.6441171633124612,
4,client_9,False,flip,clip01,random,0.7630555629730225,0.15655803680419922,0.04526925086975098,0.1319422721862793,0.9939004432366179,0.9994878705239811,0.9956619749526867,0.9619806310225445,0.9887780406961133,0.9678131730371364,0.14519083499908447,0.04589688777923584,0.12977612018585205,0.9947506640480082,0.9994735768564758,0.9958027990349649,-0.8676588535308838,0.8537769913673401,-0.0373087003827095,0.5790019132653061,0.41981384146918926,
4,client_0,True,flip,clip01,pretrained,0.8335298895835876,0.08631658554077148,0.03125262260437012,0.07255721092224121,0.9981399606573915,0.9997558631064221,0.9986851608286589,0.9787652225039756,0.9922323950176852,0.9821045709016192,0.08414101600646973,0.030997037887573242,0.07234370708465576,0.9982324191161405,0.9997598391772393,0.9986928798497097,-0.897152304649353,0.8737916946411133,-0.04092857614159584,0.6073820153061225,-0.22515422430967114,
4,client_1,True,flip,clip01,pretrained,0.8676005005836487,0.10533130168914795,0.15778911113739014,0.030865907669067383,0.9972320886847303,0.993804587897938,0.9997618664751773,0.9741784033703564,0.9616903233925518,0.9923279562560303,0.13607573509216309,0.16041064262390137,0.031195521354675293,0.9953868717279428,0.9935980126539206,0.9997567542473418,-1.243837594985962,0.9868535399436951,-0.06057434156537056,0.6719547193877551,-0.2042156625833205,
4,client_2,False,flip,clip01,pretrained,0.8349770307540894,0.10119032859802246,0.03617382049560547,0.11433303356170654,0.9974450358182858,0.9996729439241083,0.9967399821535816,0.9751745557263345,0.9910175213066841,0.9720182104164945,0.0821835994720459,0.03444182872772217,0.11436700820922852,0.998313599995273,0.9997035060564783,0.9967380491472186,-0.6972334384918213,0.696340024471283,-0.00785804633051157,0.5216836734693877,0.4784376301478205,
4,client_3,False,flip,clip01,pretrained,0.8590972423553467,0.03754246234893799,0.025240302085876465,0.031195759773254395,0.9996477339764018,0.9998407508104399,0.9997567505298885,0.9906800475829483,0.9937196642154642,0.9922464455422726,0.039711952209472656,0.02507472038269043,0.0310060977935791,0.999605856763389,0.9998428331279607,0.9997596987921966,-0.9767485857009888,0.7989216446876526,-0.011486515402793884,0.5456792091836735,0.6176412160678523,
4,client_4,False,flip,clip01,pretrained,0.7484885454177856,0.21761870384216309,0.04261672496795654,0.13424789905548096,0.9882648447542102,0.9995461082607815,0.9955095560425455,0.9477386188917811,0.9894303617054323,0.9672646189110043,0.20438086986541748,0.041518330574035645,0.13600564002990723,0.9896383490399914,0.9995691963011133,0.9953916066782738,-0.9536470770835876,0.8453587293624878,-0.03181122988462448,0.5386639030612245,0.5646032233746513,
4,client_5,False,flip,clip01,pretrained,0.904442548751831,0.050508737564086914,0.10656130313873291,0.1050717830657959,0.9993625218054205,0.9971672051472191,0.9972456830634409,0.9874914176820222,0.9738828085388729,0.974240788280698,0.06812858581542969,0.10977792739868164,0.1082683801651001,0.9988406330354935,0.9969939959586218,0.9970759180316435,-0.9531593322753906,1.0111578702926636,0.004617133177816868,0.49768813775510207,0.589810649939136,
4,client_6,False,flip,clip01,pretrained,0.8010784387588501,0.16074800491333008,0.12206029891967773,0.047070980072021484,0.993571186217294,0.9962857004349657,0.999446310745167,0.9609931054558714,0.9701695896107234,0.9883353193908679,0.13067054748535156,0.12230122089385986,0.04642796516418457,0.9957449301986134,0.9962710645108699,0.9994613287367664,-1.0696929693222046,0.8980145454406738,-0.08876384049654007,0.6480389030612245,0.6902049955285583,
4,client_7,False,flip,clip01,pretrained,0.9136483669281006,0.10302138328552246,0.05364334583282471,0.028470516204833984,0.9973519196820146,0.9992809858335663,0.9997973882206761,0.9747338887533827,0.9867228752744943,0.9929201899172322,0.10840034484863281,0.05410265922546387,0.028213977813720703,0.9970688012460989,0.9992686269939717,0.9998010225629872,-0.9426312446594238,0.8918196558952332,0.022206319496035576,0.4809470663265306,0.6211773045673642,
4,client_8,False,flip,clip01,pretrained,0.7772865295410156,0.0831611156463623,0.04232144355773926,0.06733167171478271,0.9982732966051415,0.9995523741872752,0.9988675742078221,0.979529535411205,0.9895030185701699,0.9833772714235574,0.08481860160827637,0.04273724555969238,0.06648731231689453,0.9982038744313202,0.9995435382887221,0.998895774663977,-1.1346226930618286,0.8085631132125854,-0.028866520151495934,0.5727040816326531,0.6441171633124612,
4,client_9,False,flip,clip01,pretrained,0.7630555629730225,0.16818630695343018,0.06831586360931396,0.15098989009857178,0.992965674682581,0.9988342559186518,0.9943247856731536,0.9592437335552699,0.9831373785027298,0.9632953373632474,0.15017378330230713,0.06740975379943848,0.15231680870056152,0.9943857115228447,0.9988649484567682,0.9942250327449813,-0.8676588535308838,0.8537769913673401,-0.0373087003827095,0.5790019132653061,0.41981384146918926,
4,client_0,True,flip_global,raw,random,0.9484080076217651,0.09633052349090576,0.03179788589477539,0.1135871410369873,0.9976841378567658,0.9997472715271423,0.9967822768155106,0.9763455820104343,0.9920976783074253,0.9721969327557414,0.10825479030609131,0.03212106227874756,0.11578714847564697,0.9970766504375261,0.9997421092311229,0.9966567408364964,-1.2569619417190552,0.9864080548286438,-0.032353926450014114,0.6040338010204082,-0.22515422430967114,
4,client_1,True,flip_global,raw,random,0.9215667843818665,0.1215970516204834,0.092276930809021,0.03282785415649414,0.9963137623491547,0.9978746359812922,0.9997306374273975,0.9702802650760205,0.9773239576294539,0.991843281733648,0.12580788135528564,0.09396564960479736,0.0318523645401001,0.9960548066879815,0.9977962633067265,0.999746404961465,-1.2875739336013794,1.0438616275787354,-0.05703823268413544,0.6505899234693877,-0.2042156625833205,
4,client_2,False,flip_global,raw,random,0.8728145956993103,0.11819052696228027,0.04637408256530762,0.1436389684677124,0.9965168757969121,0.9994625778318498,0.9948618484451177,0.9710947082292949,0.9885065259204708,0.9650351153778134,0.12273800373077393,0.046037912368774414,0.14657831192016602,0.9962444573456641,0.9994703381565857,0.9946502618284849,-0.8947902321815491,0.918041467666626,-0.0006483400939032435,0.5192123724489796,0.4784376301478205,
4,client_3,False,flip_global,raw,random,0.8879022002220154,0.08172392845153809,0.029020190238952637,0.07997143268585205,0.9983323885171433,0.9997894903812576,0.9984030577399683,0.9798779455939479,0.9927842423058639,0.9803030462445179,0.09649825096130371,0.028651714324951172,0.0835869312286377,0.9976760803077012,0.999794801401882,0.998255591818977,-1.0549184083938599,1.073637843132019,-0.013986078090965748,0.5580357142857143,0.6176412160678523,
4,client_4,False,flip_global,raw,random,0.8068106770515442,0.12429201602935791,0.02442324161529541,0.13633441925048828,0.9961490324459981,0.9998508929940244,0.9953693766839729,0.9696366705493884,0.993922038787316,0.9667685969556954,0.10967731475830078,0.023943543434143066,0.13461148738861084,0.996999491101964,0.9998566920866871,0.9954852823896929,-1.1256481409072876,0.9127538204193115,-0.027852848172187805,0.5294961734693877,0.5646032233746513,
4,client_5,False,flip_global,raw,random,0.9315367341041565,0.18444859981536865,0.03541207313537598,0.12022233009338379,0.99154863293929,0.9996865699673592,0.9963964169281778,0.9554357210449542,0.9912054243641877,0.9706088145524998,0.1950749158859253,0.034982919692993164,0.12411260604858398,0.9905539042183051,0.999694119022948,0.9961601098046571,-0.999259352684021,1.02389657497406,-0.0024824910797178745,0.5196906887755102,0.589810649939136,
4,client_6,False,flip_global,raw,random,0.809183657169342,0.16484510898590088,0.14952778816223145,0.040364742279052734,0.9932409825034316,0.9944337076251906,0.9995927962991056,0.9600289385988534,0.9636410045599604,0.9899846863278181,0.15395081043243408,0.15068542957305908,0.03894686698913574,0.9941010161970554,0.9943475529079706,0.9996208932139186,-1.0999598503112793,0.9604312777519226,-0.08070667088031769,0.6226084183673469,0.6902049955285583,
4,client_7,False,flip_global,raw,random,0.9613839983940125,0.15141618251800537,0.11886394023895264,0.151117205619812,0.9942928320799891,0.9964771764188398,0.9943152517596463,0.9631945892322218,0.97093362497748,0.9632652464987386,0.12037777900695801,0.11704432964324951,0.151117205619812,0.9963871172360106,0.9965839336810991,0.9943152517596463,-0.758621096611023,0.966894268989563,0.024201640859246254,0.49513711734693877,0.6211773045673642,
4,client_8,False,flip_global,raw,random,0.8643358945846558,0.12903082370758057,0.028621673583984375,0.17425036430358887,0.9958507194421591,0.9997952314033853,0.9924522037413039,0.9685065317659196,0.9928828022769993,0.9578210996860621,0.15910005569458008,0.02880573272705078,0.18513286113739014,0.993701703606416,0.9997925897104376,0.9914862132058568,-1.0377713441848755,1.1692715883255005,-0.04793136566877365,0.6049107142857143,0.6441171633124612,
4,client_9,False,flip_global,raw,random,0.8273534178733826,0.13269078731536865,0.03874039649963379,0.13192951679229736,0.9956127782191324,0.9996249009776563,0.9956628109305881,0.9676350353147578,0.990384807713595,0.9678162090963613,0.1494673490524292,0.03906404972076416,0.13402080535888672,0.9944381877186701,0.9996186091342452,0.9955246842677119,-1.054581642150879,0.9774646162986755,-0.03974207490682602,0.5911192602040817,0.41981384146918926,
4,client_0,True,flip_global,raw,pretrained,0.9484080076217651,0.05991828441619873,0.01971566677093506,0.03853631019592285,0.9991030536401186,0.9999028302030026,0.9996288415504602,0.9851870820476758,0.995089245275842,0.9904350969852109,0.06835532188415527,0.01971566677093506,0.03909170627593994,0.9988329100745588,0.9999028302030026,0.9996180690638357,-1.2569619417190552,0.9864080548286438,-0.032353926450014114,0.6040338010204082,-0.22515422430967114,0.3286581039428711
4,client_1,True,flip_global,raw,pretrained,0.9215667843818665,0.06248164176940918,0.10786128044128418,0.024281740188598633,0.9990247250693647,0.9970978185598829,0.9998526155670096,0.9845607314070812,0.9735705434070501,0.9939570930141268,0.09448015689849854,0.11062753200531006,0.024857044219970703,0.9977721046439463,0.996947394157319,0.9998455497316594,-1.2875739336013794,1.0438616275787354,-0.05703823268413544,0.6505899234693877,-0.2042156625833205,0.4244178533554077
4,client_2,False,flip_global,raw,pretrained,0.8728145956993103,0.05424165725708008,0.06192731857299805,0.14326882362365723,0.9992648662225325,0.9990419407691273,0.9948881939519989,0.9865762834600682,0.9846961283864049,0.9651228441072466,0.06409645080566406,0.06329607963562012,0.1486290693283081,0.9989737018996285,0.998999153481519,0.9945001421500186,-0.8947902321815491,0.918041467666626,-0.0006483400939032435,0.5192123724489796,0.4784376301478205,0.4195762872695923
4,client_3,False,flip_global,raw,pretrained,0.8879022002220154,0.035709381103515625,0.018357276916503906,0.05065476894378662,0.9996812862296611,0.9999157579189775,0.9993588320850655,0.9911320799407468,0.9954264297686264,0.9874555938012686,0.03777265548706055,0.017930030822753906,0.05177915096282959,0.9996434020246792,0.9999196333431022,0.999330066679923,-1.0549184083938599,1.073637843132019,-0.013986078090965748,0.5580357142857143,0.6176412160678523,0.34119439125061035
4,client_4,False,flip_global,raw,pretrained,0.8068106770515442,0.13070344924926758,0.024286270141601562,0.08729982376098633,0.9957427939941013,0.9998525605764701,0.9980974044644713,0.9681081064227641,0.9939559707776209,0.9785272470333086,0.13743925094604492,0.023075461387634277,0.08910799026489258,0.9952942871493233,0.9998668940598241,0.9980178930194765,-1.1256481409072876,0.9127538204193115,-0.027852848172187805,0.5294961734693877,0.5646032233746513,0.5159991979598999
4,client_5,False,flip_global,raw,pretrained,0.9315367341041565,0.0580289363861084,0.04073226451873779,0.09194612503051758,0.9991586918624316,0.9995853496531455,0.9978898231200879,0.9856491229139122,0.989894189063317,0.9774038659007314,0.06476402282714844,0.0415196418762207,0.09329795837402344,0.998952229433369,0.9995691690967345,0.9978274193282874,-0.999259352684021,1.02389657497406,-0.0024824910797178745,0.5196906887755102,0.589810649939136,0.27953922748565674
4,client_6,False,flip_global,raw,pretrained,0.809183657169342,0.11310803890228271,0.0913090705871582,0.03270387649536133,0.9968092989455566,0.9979189173049063,0.9997326677275549,0.972311755821593,0.9775577781470515,0.9918738983614868,0.10918033123016357,0.0903174877166748,0.033179640769958496,0.9970265615147724,0.9979638027840219,0.9997248346597658,-1.0999598503112793,0.9604312777519226,-0.08070667088031769,0.6226084183673469,0.6902049955285583,0.4933493137359619
4,client_7,False,flip_global,raw,pretrained,0.9613839983940125,0.06970369815826416,0.04103589057922363,0.028130531311035156,0.9987864542688112,0.9995791468063773,0.999802197651269,0.9827992484910602,0.9898194347118037,0.9930042903410923,0.07274150848388672,0.040961265563964844,0.028307318687438965,0.9986784795115937,0.9995806756022765,0.9997997040211315,-0.758621096611023,0.966894268989563,0.024201640859246254,0.49513711734693877,0.6211773045673642,0.43573760986328125
4,client_8,False,flip_global,raw,pretrained,0.8643358945846558,0.07743501663208008,0.023912429809570312,0.08099377155303955,0.9985026382480604,0.9998570642499718,0.9983620172703676,0.980918791858155,0.9940485912172963,0.9800550251835971,0.08030486106872559,0.024052977561950684,0.08176887035369873,0.9983897296982511,0.9998553792558866,0.998330556193437,-1.0377713441848755,1.1692715883255005,-0.04793136566877365,0.6049107142857143,0.6441171633124612,0.3900320529937744
4,client_9,False,flip_global,raw,pretrained,0.8273534178733826,0.12689471244812012,0.03366827964782715,0.10164737701416016,0.9959865548858209,0.9997166719568822,0.9974219483264479,0.9690157191854452,0.9916357737049446,0.9750645331121754,0.13145768642425537,0.03304290771484375,0.10328471660614014,0.9956936782482548,0.9997270974321713,0.9973383919173244,-1.054581642150879,0.9774646162986755,-0.03974207490682602,0.5911192602040817,0.41981384146918926,0.42048823833465576
4,client_0,True,flip_global,clip01,random,0.9484080076217651,0.08601117134094238,0.025040149688720703,0.0861443281173706,0.998153081927557,0.9998432661524548,0.9981473669042218,0.9788391603088977,0.9937692334768775,0.9788069233186332,0.09564757347106934,0.025227069854736328,0.08654260635375977,0.9977168027182279,0.9998409177195651,0.9981302205248244,-1.2569619417190552,0.9864080548286438,-0.032353926450014114,0.6040338010204082,-0.22515422430967114,
4,client_1,True,flip_global,clip01,random,0.9215667843818665,0.08525657653808594,0.09399950504302979,0.03265988826751709,0.9981853026750256,0.9977946776541633,0.9997333862487632,0.9790218763179035,0.9769080171555333,0.9918847617173756,0.08388733863830566,0.09595215320587158,0.03213977813720703,0.9982430472066941,0.9977022634675754,0.999741808673297,-1.2875739336013794,1.0438616275787354,-0.05703823268413544,0.6505899234693877,-0.2042156625833205,
4,client_2,False,flip_global,clip01,random,0.8728145956993103,0.08151674270629883,0.017430782318115234,0.08109641075134277,0.9983408227136499,0.9999240462839474,0.9983578682968528,0.9799281879502795,0.995656505976654,0.9800301299512717,0.0890951156616211,0.01757073402404785,0.08238005638122559,0.9980184648887576,0.9999228217941118,0.9983055380645409,-0.8947902321815491,0.918041467666626,-0.0006483400939032435,0.5192123724489796,0.4784376301478205,
4,client_3,False,flip_global,clip01,random,0.8879022002220154,0.08069455623626709,0.02201259136199951,0.08669376373291016,0.9983740825802745,0.9998788724604186,0.9981236924206527,0.9801276055524792,0.9945194839715161,0.9786739229044517,0.07937812805175781,0.0218045711517334,0.0861515998840332,0.9984266372696615,0.9998811507641412,0.9981470545504059,-1.0549184083938599,1.073637843132019,-0.013986078090965748,0.5580357142857143,0.6176412160678523,
4,client_4,False,flip_global,clip01,random,0.8068106770515442,0.1037893295288086,0.028632044792175293,0.05754399299621582,0.9973123735957676,0.9997950830014375,0.9991726859128558,0.9745491615462185,0.9928802371141332,0.9857677684736323,0.08168315887451172,0.027516484260559082,0.057051897048950195,0.9983340498641629,0.9998107376429588,0.99918676661306,-1.1256481409072876,0.9127538204193115,-0.027852848172187805,0.5294961734693877,0.5646032233746513,
4,client_5,False,flip_global,clip01,random,0.9315367341041565,0.14202892780303955,0.046033501625061035,0.12890136241912842,0.994975957348013,0.9994704396017944,0.9958590156449696,0.9654168014372646,0.9885902124925992,0.9685373801708215,0.15498566627502441,0.04757845401763916,0.13083767890930176,0.9940218010035942,0.9994343127945384,0.9957340733974753,-0.999259352684021,1.02389657497406,-0.0024824910797178745,0.5196906887755102,0.589810649939136,
4,client_6,False,flip_global,clip01,random,0.809183657169342,0.1838139295578003,0.0882343053817749,0.060991764068603516,0.9916063275020628,0.9980565143481073,0.9990706494570574,0.9555839105574586,0.9783011527308885,0.9849247069355052,0.1317371129989624,0.08708775043487549,0.05973458290100098,0.9956754112383432,0.9981066238919345,0.9991085413743102,-1.0999598503112793,0.9604312777519226,-0.08070667088031769,0.6226084183673469,0.6902049955285583,
4,client_7,False,flip_global,clip01,random,0.9613839983940125,0.09737133979797363,0.029301762580871582,0.07032501697540283,0.9976339127303344,0.9997853862279786,0.9987647435857065,0.9760946076928851,0.9927146135090128,0.9826479278280207,0.10533344745635986,0.029113411903381348,0.07068324089050293,0.9972319761442587,0.9997881359826315,0.9987521389641962,-0.758621096611023,0.966894268989563,0.024201640859246254,0.49513711734693877,0.6211773045673642,
4,client_8,False,flip_global,clip01,random,0.8643358945846558,0.10610032081604004,0.028095245361328125,0.12975382804870605,0.9971916098358857,0.9998026934992787,0.9958042363086905,0.9739935763627674,0.9930130194684987,0.968334279356071,0.0913233757019043,0.028297901153564453,0.12935900688171387,0.997918266198581,0.9997998372515002,0.9958296517958345,-1.0377713441848755,1.1692715883255005,-0.04793136566877365,0.6049107142857143,0.6441171633124612,
4,client_9,False,flip_global,clip01,random,0.8273534178733826,0.15561175346374512,0.027805805206298828,0.14019489288330078,0.9939736228279499,0.9998067373166284,0.9951043978311878,0.9622038697271624,0.9930846262510367,0.9658518652357564,0.1729907989501953,0.028519272804260254,0.14170217514038086,0.9925603200429183,0.999796693775068,0.994998960758277,-1.054581642150879,0.9774646162986755,-0.03974207490682602,0.5911192602040817,0.41981384146918926,
4,client_0,True,flip_global,clip01,pretrained,0.9484080076217651,0.06357121467590332,0.018010616302490234,0.03763437271118164,0.9989904402266214,0.9999189093572081,0.9996460075087747,0.9842946776915966,0.9955125065862027,0.99065739090667,0.07014679908752441,0.018010616302490234,0.03806185722351074,0.9987709906693958,0.9999189093572081,0.9996379221115455,-1.2569619417190552,0.9864080548286438,-0.032353926450014114,0.6040338010204082,-0.22515422430967114,
4,client_1,True,flip_global,clip01,pretrained,0.9215667843818665,0.06382060050964355,0.11076986789703369,0.023365378379821777,0.9989825098700291,0.996939552052353,0.9998635287432047,0.9842337974206332,0.9728724212280311,0.9941841487397436,0.09317731857299805,0.1151343584060669,0.02401888370513916,0.9978330251181122,0.9966942388686588,0.9998557889059192,-1.2875739336013794,1.0438616275787354,-0.05703823268413544,0.6505899234693877,-0.2042156625833205,
4,client_2,False,flip_global,clip01,pretrained,0.8728145956993103,0.054736971855163574,0.05972719192504883,0.1419236660003662,0.99925138656048,0.9991087618140204,0.9949833734839792,0.9864549515435868,0.9852337990208027,0.9654417633377497,0.06047487258911133,0.06106257438659668,0.147743821144104,0.9990863240326278,0.9990684917953085,0.9945651958168771,-0.8947902321815491,0.918041467666626,-0.0006483400939032435,0.5192123724489796,0.4784376301478205,
4,client_3,False,flip_global,clip01,pretrained,0.8879022002220154,0.03298187255859375,0.02187192440032959,0.04635608196258545,0.9997281044787465,0.999880415457187,0.9994629947953364,0.991805248436316,0.9945543629016826,0.9885109487108774,0.031716108322143555,0.021437525749206543,0.04696476459503174,0.9997485695412502,0.9998851180218,0.9994488056891209,-1.0549184083938599,1.073637843132019,-0.013986078090965748,0.5580357142857143,0.6176412160678523,
4,client_4,False,flip_global,clip01,pretrained,0.8068106770515442,0.14837324619293213,0.02449488639831543,0.10007297992706299,0.994518980930039,0.9998500170083937,0.9975010431667255,0.9639140907031554,0.9939042908928317,0.9754436070814139,0.16190767288208008,0.02397751808166504,0.10255718231201172,0.9934785500381738,0.9998562851490098,0.9973756828431959,-1.1256481409072876,0.9127538204193115,-0.027852848172187805,0.5294961734693877,0.5646032233746513,
4,client_5,False,flip_global,clip01,pretrained,0.9315367341041565,0.045999765396118164,0.0451122522354126,0.08275175094604492,0.9994712151995855,0.9994914152517496,0.9982902325776903,0.9885985026407478,0.9888166325305807,0.9796287567283031,0.05059933662414551,0.0460515022277832,0.08383893966674805,0.9993602339247103,0.9994700255346616,0.9982450713083508,-0.999259352684021,1.02389657497406,-0.0024824910797178745,0.5196906887755102,0.589810649939136,
4,client_6,False,flip_global,clip01,pretrained,0.809183657169342,0.12272608280181885,0.09817075729370117,0.028160452842712402,0.9962451847686655,0.9975949725502544,0.999801776698215,0.9700105588668744,0.9759019081561433,0.992996888367178,0.11796760559082031,0.09727358818054199,0.028511762619018555,0.9965299683925459,0.9976386525884817,0.9997968008208338,-1.0999598503112793,0.9604312777519226,-0.08070667088031769,0.6226084183673469,0.6902049955285583,
4,client_7,False,flip_global,clip01,pretrained,0.9613839983940125,0.06933951377868652,0.0413358211517334,0.027521729469299316,0.9987990906926798,0.9995729742849846,0.9998106654917209,0.9828879609556171,0.9897455985255821,0.9931549134231865,0.07358574867248535,0.041364073753356934,0.027728915214538574,0.9986476575888403,0.9995723905375593,0.999807804524079,-0.758621096611023,0.966894268989563,0.024201640859246254,0.49513711734693877,0.6211773045673642,
4,client_8,False,flip_global,clip01,pretrained,0.8643358945846558,0.05713236331939697,0.018513917922973633,0.06785273551940918,0.9991844724230752,0.9999143142177238,0.9988499944194891,0.985868494023032,0.995387539023147,0.9832502532190153,0.0591738224029541,0.01851511001586914,0.06785273551940918,0.9991251890805064,0.999914303183632,0.9988499944194891,-1.0377713441848755,1.1692715883255005,-0.04793136566877365,0.6049107142857143,0.6441171633124612,
4,client_9,False,flip_global,clip01,pretrained,0.8273534178733826,0.11407995223999023,0.03359806537628174,0.09482812881469727,0.9967543634585712,0.9997178522204988,0.9977556913612244,0.9720788453735456,0.9916531076974842,0.9767080286122791,0.11882162094116211,0.032865285873413086,0.09622836112976074,0.996479677817873,0.9997300229242965,0.9976890388672872,-1.054581642150879,0.9774646162986755,-0.03974207490682602,0.5911192602040817,0.41981384146918926,
5,client_0,True,orig,raw,random,0.9485234618186951,0.04442262649536133,0.019986391067504883,0.043082594871520996,0.999506840044865,0.999900143522142,0.9995361339468105,0.9889861762062249,0.9950220655800439,0.989315746159239,0.027004003524780273,0.01949894428253174,0.04077136516571045,0.9998177208715053,0.999904954568736,0.9995845534379453,-1.0550692081451416,0.9801796674728394,-0.010389965027570724,0.5284598214285714,-0.24134975089918975,
5,client_1,True,orig,raw,random,0.9434629082679749,0.10254037380218506,0.03881561756134033,0.050695180892944336,0.9973765412992641,0.99962344333835,0.999357809133222,0.9748496209450264,0.9903662733233765,0.9874456804351215,0.10709643363952637,0.03962552547454834,0.04946887493133545,0.9971387434409402,0.9996075699720004,0.9993884882081663,-0.9605130553245544,0.978534460067749,-0.009702158160507679,0.5602678571428571,-0.18601936979916292,
5,client_2,False,orig,raw,random,0.9443876147270203,0.040210843086242676,0.04058718681335449,0.03380632400512695,0.9995958945422985,0.9995882972352317,0.9997143443284535,0.9900225855615523,0.989929910957247,0.9916016956359563,0.03219032287597656,0.03859210014343262,0.03266143798828125,0.9997409961015562,0.9996277664026936,0.9997333609514301,-0.8676536679267883,1.0849581956863403,-0.00984443910419941,0.5258290816326531,0.5031738854286819,
5,client_3,False,orig,raw,random,0.9245343208312988,0.0481799840927124,0.03887462615966797,0.06948935985565186,0.9994199247723421,0.9996222978885374,0.9987938993381975,0.9880629625513404,0.9903517340313062,0.9828514581688985,0.045778512954711914,0.041168808937072754,0.06643950939178467,0.9994762877348318,0.9995764169078045,0.998897360608056,-1.3631588220596313,1.1905181407928467,0.02102718874812126,0.4557557397959184,0.6444077707825753,
5,client_4,False,orig,raw,random,0.9137693643569946,0.06274092197418213,0.029628276824951172,0.04922664165496826,0.99901662005735,0.9997805774194897,0.9993944595879374,0.9844974101526913,0.9926338803991421,0.9878060204777832,0.05175471305847168,0.028331518173217773,0.047765374183654785,0.9993306985823516,0.9997993614664822,0.999429861168424,-0.9449161291122437,1.1322873830795288,-0.008883822709321976,0.5022321428571429,0.5819665123038154,
5,client_5,False,orig,raw,random,0.938419759273529,0.0337904691696167,0.021137118339538574,0.05082297325134277,0.9997146121477187,0.9998883149131264,0.9993545689537857,0.9916056095217456,0.9947365908097927,0.9874143329562879,0.053328752517700195,0.02137935161590576,0.052823781967163086,0.9992893899910718,0.9998857406234696,0.9993027768195866,-1.1172362565994263,1.1603055000305176,0.009886153042316437,0.4758450255102041,0.5097530000652367,
5,client_6,False,orig,raw,random,0.9214567542076111,0.08132851123809814,0.025304079055786133,0.05002021789550781,0.998348466843457,0.9998399451115574,0.9993747877730348,0.9799738372640254,0.9937038701437781,0.9876112737059264,0.07189512252807617,0.02550363540649414,0.0488893985748291,0.9987090241673557,0.9998374109743791,0.9994027243654029,-0.8745090365409851,0.8559675812721252,-0.016577286645770073,0.5466358418367347,0.7522269821971139,
5,client_7,False,orig,raw,random,0.9452946782112122,0.1196737289428711,0.04575979709625244,0.13811349868774414,0.9964291418508398,0.9994767157030613,0.9952481685416883,0.97073997328325,0.9886574740899132,0.9663459635871727,0.13377976417541504,0.04586517810821533,0.14481568336486816,0.9955407139838408,0.9994743037187643,0.994777649798642,-0.9445546865463257,1.0656956434249878,0.04610776901245117,0.364078443877551,0.6516451281637604,
5,client_8,False,orig,raw,random,0.9030129313468933,0.029913902282714844,0.0329357385635376,0.042923688888549805,0.9997763271418043,0.9997288644298186,0.9995395483067246,0.9925632654276231,0.9918166405334279,0.989354838731753,0.03502452373504639,0.032511353492736816,0.04341626167297363,0.9996933912092565,0.9997358053343153,0.999528923556583,-1.0846401453018188,1.1920223236083984,0.019284112378954887,0.5044642857142857,0.6308865818292856,
5,client_9,False,orig,raw,random,0.9482357501983643,0.025031685829162598,0.035227417945861816,0.04090452194213867,0.9998433720778008,0.999689829429458,0.9995818362132127,0.9937713296977377,0.9912509819972408,0.9898517773295075,0.028626561164855957,0.035704851150512695,0.040261030197143555,0.9997951614735294,0.9996813670667837,0.9995948854923129,-1.0517007112503052,1.1655339002609253,0.020458562299609184,0.37412308673469385,0.4640679953028051,
5,client_0,True,orig,raw,pretrained,0.9485234618186951,0.02790653705596924,0.014424324035644531,0.03304088115692139,0.9998053347229863,0.9999479867481516,0.9997271308991238,0.993059704560247,0.9964036488516617,0.9917906774354706,0.025656938552856445,0.014254450798034668,0.03262019157409668,0.9998354506862035,0.9999492045933247,0.999734033840834,-1.0550692081451416,0.9801796674728394,-0.010389965027570724,0.5284598214285714,-0.24134975089918975,0.30837297439575195
5,client_1,True,orig,raw,pretrained,0.9434629082679749,0.11844527721405029,0.051140546798706055,0.07772910594940186,0.9965018838843718,0.9993464816098696,0.9984912559316212,0.9710337661928758,0.9873364385985466,0.9808473683780641,0.1156994104385376,0.05090069770812988,0.07655501365661621,0.9966617929563348,0.9993525942657997,0.998536440962879,-0.9605130553245544,0.978534460067749,-0.009702158160507679,0.5602678571428571,-0.18601936979916292,0.4375671148300171
5,client_2,False,orig,raw,pretrained,0.9443876147270203,0.04852879047393799,0.023021459579467773,0.06476807594299316,0.9994114990030043,0.9998675162651356,0.9989520983874642,0.9879773235619238,0.994269384872323,0.9840025504678405,0.056933045387268066,0.023276329040527344,0.06558454036712646,0.9991901493159683,0.9998645668847692,0.9989255336610181,-0.8676536679267883,1.0849581956863403,-0.00984443910419941,0.5258290816326531,0.5031738854286819,0.41252899169921875
5,client_3,False,orig,raw,pretrained,0.9245343208312988,0.03548157215118408,0.0452113151550293,0.03016376495361328,0.9996853387879161,0.9994891800327244,0.9997725756197937,0.991188278567156,0.9887922816110757,0.9925014982439955,0.03359079360961914,0.043471455574035645,0.031025290489196777,0.999717974314245,0.9995277254867228,0.9997594012621525,-1.3631588220596313,1.1905181407928467,0.02102718874812126,0.4557557397959184,0.6444077707825753,0.3540610074996948
5,client_4,False,orig,raw,pretrained,0.9137693643569946,0.05692875385284424,0.018695592880249023,0.04288673400878906,0.9991902713280678,0.9999126244280045,0.9995403405381651,0.9859183228541664,0.995342435716738,0.9893639303598953,0.05726492404937744,0.018240809440612793,0.043734073638916016,0.9991806859236518,0.9999168234068616,0.9995220041299728,-0.9449161291122437,1.1322873830795288,-0.008883822709321976,0.5022321428571429,0.5819665123038154,0.43994808197021484
5,client_5,False,orig,raw,pretrained,0.938419759273529,0.02313697338104248,0.016034841537475586,0.026021838188171387,0.9998661835473412,0.9999357240629323,0.9998307374747508,0.9942407549450727,0.9960033103400743,0.9935261463810121,0.03095710277557373,0.016742706298828125,0.026170849800109863,0.999760457491103,0.9999299241296364,0.9998287936420764,-1.1172362565994263,1.1603055000305176,0.009886153042316437,0.4758450255102041,0.5097530000652367,0.362643837928772
5,client_6,False,orig,raw,pretrained,0.9214567542076111,0.0842289924621582,0.0313335657119751,0.03975331783294678,0.9982287257916154,0.999754597091246,0.9996050354670905,0.979270775720797,0.9922123948906725,0.9901352686429421,0.0915224552154541,0.030648231506347656,0.04096543788909912,0.9979091944481984,0.9997652128283441,0.9995805901998165,-0.8745090365409851,0.8559675812721252,-0.016577286645770073,0.5466358418367347,0.7522269821971139,0.48729991912841797
5,client_7,False,orig,raw,pretrained,0.9452946782112122,0.05465233325958252,0.041904330253601074,0.03566944599151611,0.9992536986050804,0.9995611512712028,0.9996819985197432,0.9864756829682271,0.9896056670011513,0.9911419312643504,0.056154847145080566,0.043100953102111816,0.03484952449798584,0.9992121241567515,0.9995357386777555,0.9996964467867007,-0.9445546865463257,1.0656956434249878,0.04610776901245117,0.364078443877551,0.6516451281637604,0.36940622329711914
5,client_8,False,orig,raw,pretrained,0.9030129313468933,0.03600656986236572,0.060457587242126465,0.06718766689300537,0.9996759605044379,0.9990868459066506,0.9988724088596259,0.9910587730636038,0.9850552549447651,0.9834123794026353,0.04160809516906738,0.06098830699920654,0.06840956211090088,0.9995673320565799,0.9990707547335274,0.9988310587832903,-1.0846401453018188,1.1920223236083984,0.019284112378954887,0.5044642857142857,0.6308865818292856,0.2790851593017578
5,client_9,False,orig,raw,pretrained,0.9482357501983643,0.03625619411468506,0.019680142402648926,0.02642345428466797,0.9996714530768576,0.9999031800299076,0.9998254731140093,0.9909972051017686,0.9950980610822178,0.9934267233483483,0.04156792163848877,0.020005106925964355,0.026529550552368164,0.9995681668835654,0.9998999564313911,0.9998240689541213,-1.0517007112503052,1.1655339002609253,0.020458562299609184,0.37412308673469385,0.4640679953028051,0.36299657821655273
5,client_0,True,orig,clip01,random,0.9485234618186951,0.02662527561187744,0.017694592475891113,0.01580977439880371,0.9998227972287892,0.9999217299442329,0.9999375156867363,0.9933767666226827,0.9955909859324803,0.9960592424741124,0.022279858589172363,0.01751530170440674,0.015233039855957031,0.9998759135246118,0.999923307963088,0.9999419911480805,-1.0550692081451416,0.9801796674728394,-0.010389965027570724,0.5284598214285714,-0.24134975089918975,
5,client_1,True,orig,clip01,random,0.9434629082679749,0.19100987911224365,0.049617767333984375,0.15185391902923584,0.9909408326298497,0.999384803288984,0.994259928534166,0.953905745727343,0.9877100294762704,0.9630911529216619,0.17554378509521484,0.04950428009033203,0.1519474983215332,0.9923403837509064,0.9993876129721173,0.9942528823044909,-0.9605130553245544,0.978534460067749,-0.009702158160507679,0.5602678571428571,-0.18601936979916292,
5,client_2,False,orig,clip01,random,0.9443876147270203,0.041571974754333496,0.023665428161621094,0.018456697463989258,0.9995680826942264,0.9998600015788883,0.9999148430188554,0.9896874686155264,0.9941097939691317,0.9954017454238999,0.03893852233886719,0.02322685718536377,0.018274426460266113,0.9996210556031335,0.999865141917903,0.9999165165618689,-0.8676536679267883,1.0849581956863403,-0.00984443910419941,0.5258290816326531,0.5031738854286819,
5,client_3,False,orig,clip01,random,0.9245343208312988,0.046955227851867676,0.07219171524047852,0.05418968200683594,0.9994490294267562,0.998698361158749,0.9992662736071487,0.9883637531104372,0.9821935083721409,0.986589016579223,0.048413753509521484,0.07253086566925049,0.05503547191619873,0.999414284542055,0.9986861145407597,0.9992432040375401,-1.3631588220596313,1.1905181407928467,0.02102718874812126,0.4557557397959184,0.6444077707825753,
5,client_4,False,orig,clip01,random,0.9137693643569946,0.05196356773376465,0.026108384132385254,0.02960216999053955,0.9993252885284198,0.9998296098472357,0.9997809638722386,0.9871346111463415,0.9935047200310745,0.9926403351485442,0.04107010364532471,0.0249556303024292,0.029546499252319336,0.9995784449755829,0.9998443223080997,0.9997817868148109,-0.9449161291122437,1.1322873830795288,-0.008883822709321976,0.5022321428571429,0.5819665123038154,
5,client_5,False,orig,clip01,random,0.938419759273529,0.018712759017944336,0.035570621490478516,0.021036624908447266,0.9999124639098342,0.9996837577486026,0.9998893742825099,0.9953381741455405,0.9911663102460473,0.9947615165280996,0.02837681770324707,0.03675103187561035,0.0218048095703125,0.9997987194448212,0.9996624259055922,0.999881148165283,-1.1172362565994263,1.1603055000305176,0.009886153042316437,0.4758450255102041,0.5097530000652367,
5,client_6,False,orig,clip01,random,0.9214567542076111,0.04431593418121338,0.033597350120544434,0.047591328620910645,0.9995092052289491,0.9997178642308906,0.9994340067361962,0.9890124102823181,0.991653284276997,0.9882075145863785,0.05519688129425049,0.03392934799194336,0.048905372619628906,0.999238760967067,0.9997122619461927,0.9994023341708484,-0.8745090365409851,0.8559675812721252,-0.016577286645770073,0.5466358418367347,0.7522269821971139,
5,client_7,False,orig,clip01,random,0.9452946782112122,0.03346896171569824,0.06048095226287842,0.026482343673706055,0.9997200159576203,0.9990861404415698,0.9998246944208342,0.9916849810638244,0.9850495442008738,0.9934121460997809,0.04422163963317871,0.060602545738220215,0.027164340019226074,0.9995112908484705,0.9990824647553245,0.9998155501781076,-0.9445546865463257,1.0656956434249878,0.04610776901245117,0.364078443877551,0.6516451281637604,
5,client_8,False,orig,clip01,random,0.9030129313468933,0.05412781238555908,0.07008576393127441,0.08405089378356934,0.999267947156238,0.998773126508339,0.998236198540956,0.9866041739852363,0.9827061931754439,0.9793139240919144,0.0628364086151123,0.07219076156616211,0.08462440967559814,0.9990136267455685,0.998698395515025,0.9982120784449369,-1.0846401453018188,1.1920223236083984,0.019284112378954887,0.5044642857142857,0.6308865818292856,
5,client_9,False,orig,clip01,random,0.9482357501983643,0.044501662254333496,0.0218350887298584,0.03454923629760742,0.9995050842971251,0.9998808178793954,0.9997016543422348,0.9889667431449072,0.9945634967552495,0.9914183281159732,0.042270541191101074,0.022151947021484375,0.03408372402191162,0.9995534499484822,0.9998773340971512,0.9997096381871946,-1.0517007112503052,1.1655339002609253,0.020458562299609184,0.37412308673469385,0.4640679953028051,
5,client_0,True,orig,clip01,pretrained,0.9485234618186951,0.03355765342712402,0.017201781272888184,0.038858890533447266,0.9997185304070917,0.9999260287843219,0.9996226035117637,0.9916630845139245,0.9957133860543161,0.9903556111445422,0.03330504894256592,0.017151474952697754,0.03866004943847656,0.9997227510924513,0.999926460783001,0.9996264548293718,-1.0550692081451416,0.9801796674728394,-0.010389965027570724,0.5284598214285714,-0.24134975089918975,
5,client_1,True,orig,clip01,pretrained,0.9434629082679749,0.12220370769500732,0.05271172523498535,0.08514630794525146,0.9962769918406573,0.9993057302256516,0.9981899874316345,0.9701353313367069,0.9869511959908168,0.9790485808119087,0.12218523025512695,0.05252420902252197,0.08414626121520996,0.9962781144630928,0.9993106584680393,0.9982321990255538,-0.9605130553245544,0.978534460067749,-0.009702158160507679,0.5602678571428571,-0.18601936979916292,
5,client_2,False,orig,clip01,pretrained,0.9443876147270203,0.0505521297454834,0.01914072036743164,0.062409400939941406,0.9993614265416066,0.9999084144973687,0.9990269773323697,0.9874807726680832,0.9952319396553329,0.9845783751074073,0.057984352111816406,0.019376039505004883,0.06332778930664062,0.9991599833242395,0.9999061488798233,0.9989981511885895,-0.8676536679267883,1.0849581956863403,-0.00984443910419941,0.5258290816326531,0.5031738854286819,
5,client_3,False,orig,clip01,pretrained,0.9245343208312988,0.039656639099121094,0.046290040016174316,0.029190421104431152,0.9996069536463872,0.9994645231976684,0.9997870138573794,0.9901590819393615,0.9885271756266965,0.9927421457814738,0.038199424743652344,0.045108675956726074,0.029835104942321777,0.9996353007721896,0.9994914958540209,0.9997775037636789,-1.3631588220596313,1.1905181407928467,0.02102718874812126,0.4557557397959184,0.6444077707825753,
5,client_4,False,orig,clip01,pretrained,0.9137693643569946,0.05087399482727051,0.019909381866455078,0.041517019271850586,0.9993532730258274,0.9999009114929394,0.9995692235046343,0.987401817775537,0.9950411745676506,0.9897009956132425,0.05767560005187988,0.019393324851989746,0.042388319969177246,0.9991688996992913,0.9999059813679501,0.9995509588683686,-0.9449161291122437,1.1322873830795288,-0.008883822709321976,0.5022321428571429,0.5819665123038154,
5,client_5,False,orig,clip01,pretrained,0.938419759273529,0.023389816284179688,0.018219590187072754,0.026038289070129395,0.9998632431519947,0.9999170167983746,0.9998305234203917,0.994178092516645,0.9954606164388751,0.9935220735503854,0.032367706298828125,0.018971920013427734,0.02639758586883545,0.9997381343388321,0.9999100226351572,0.999825814623831,-1.1172362565994263,1.1603055000305176,0.009886153042316437,0.4758450255102041,0.5097530000652367,
5,client_6,False,orig,clip01,pretrained,0.9214567542076111,0.08366501331329346,0.02967357635498047,0.039783477783203125,0.9982523355211768,0.9997799060543386,0.9996044361161716,0.9794074220201083,0.9926226805267846,0.9901278400099287,0.09248900413513184,0.029160737991333008,0.04125475883483887,0.9978648712859159,0.9997874467302026,0.9995746469610338,-0.8745090365409851,0.8559675812721252,-0.016577286645770073,0.5466358418367347,0.7522269821971139,
5,client_7,False,orig,clip01,pretrained,0.9452946782112122,0.04962265491485596,0.042403459548950195,0.030566811561584473,0.999384682139481,0.9995506381566104,0.99976645842206,0.9877088300430137,0.9894828369343232,0.9924018754512376,0.05356192588806152,0.04354691505432129,0.030198097229003906,0.999283165645845,0.9995260850612799,0.999772057706706,-0.9445546865463257,1.0656956434249878,0.04610776901245117,0.364078443877551,0.6516451281637604,
5,client_8,False,orig,clip01,pretrained,0.9030129313468933,0.033037662506103516,0.07526886463165283,0.0752946138381958,0.999727184048304,0.9985851526450698,0.9985841854795199,0.9917914722090528,0.9814451111126661,0.9814388522282333,0.03892374038696289,0.07620060443878174,0.0765312910079956,0.99962134317871,0.9985499458969942,0.998537346874175,-1.0846401453018188,1.1920223236083984,0.019284112378954887,0.5044642857142857,0.6308865818292856,
5,client_9,False,orig,clip01,pretrained,0.9482357501983643,0.04425680637359619,0.021062254905700684,0.024233222007751465,0.9995105135444549,0.9998891045787814,0.9998532039016053,0.98902694939319,0.9947551593460404,0.9939691128769736,0.04879474639892578,0.021283268928527832,0.024487614631652832,0.9994050338030047,0.9998867652334329,0.9998501060356966,-1.0517007112503052,1.1655339002609253,0.020458562299609184,0.37412308673469385,0.4640679953028051,
5,client_0,True,flip,raw,random,0.8350563645362854,0.12371587753295898,0.07121658325195312,0.12695610523223877,0.9961845489602621,0.9987332543397314,0.9959826821785145,0.969774206454499,0.9824308501482333,0.9690010793031871,0.14604425430297852,0.0729217529296875,0.13003599643707275,0.9946890191645823,0.9986719288025441,0.9957860256645843,-0.9225175380706787,0.9135777354240417,-0.02729080244898796,0.5680803571428571,-0.24134975089918975,
5,client_1,True,flip,raw,random,0.943107008934021,0.40539050102233887,0.053917646408081055,0.2965501546859741,0.9601473837859442,0.9992736178176502,0.9783718678785707,0.9058741634024552,0.9866556650475264,0.929793145679491,0.4742995500564575,0.05175197124481201,0.3132132887840271,0.9460476571107215,0.9993307694601474,0.9759183438517585,-0.894309401512146,0.9178332686424255,0.00820941012352705,0.48477359693877553,-0.18601936979916292,
5,client_2,False,flip,raw,random,0.9219765663146973,0.15501618385314941,0.05963397026062012,0.09279680252075195,0.9940194570605037,0.9991115398633208,0.9978506594098724,0.9623444110851178,0.9852565904163577,0.9771983990766322,0.1345893144607544,0.060794830322265625,0.0901026725769043,0.9954867645389103,0.9990766370998161,0.9979734625198822,-0.786277174949646,0.8839425444602966,-0.007672521751374006,0.5337213010204082,0.5031738854286819,
5,client_3,False,flip,raw,random,0.9257825613021851,0.05222523212432861,0.034983158111572266,0.04933750629425049,0.9993184798352925,0.999694114854558,0.999391730254841,0.9870704567855795,0.9913112499552164,0.9877788103906979,0.05369269847869873,0.035048484802246094,0.049459218978881836,0.9992796629335114,0.9996929716464094,0.9993887268004291,-0.8052219748497009,0.8881210684776306,-0.01572558283805847,0.5173788265306123,0.6444077707825753,
5,client_4,False,flip,raw,random,0.8555626273155212,0.13849890232086182,0.04759979248046875,0.11254727840423584,0.9952217069702867,0.9994338054861385,0.996840783046185,0.9662544446925307,0.988205435950325,0.9724461752428313,0.15384232997894287,0.04699230194091797,0.11607480049133301,0.9941092898736974,0.9994481593921007,0.9966401507068308,-0.8385482430458069,0.808246910572052,0.01531483605504036,0.44228316326530615,0.5819665123038154,
5,client_5,False,flip,raw,random,0.9044897556304932,0.12085437774658203,0.03991079330444336,0.14460885524749756,0.9963585307505634,0.9996019010465076,0.9947924981600436,0.9704577385440349,0.9900964821170954,0.9648052974760846,0.1347959041595459,0.04118084907531738,0.14786171913146973,0.9954729457200773,0.999576169190012,0.9945565539872376,-0.8936224579811096,0.908445417881012,-0.022254973649978638,0.5939094387755102,0.5097530000652367,
5,client_6,False,flip,raw,random,0.9504516124725342,0.25997161865234375,0.05013549327850342,0.25057685375213623,0.9833154561353974,0.9993719041137821,0.9844857279357122,0.9380453697003512,0.9875829894601602,0.9401826315988158,0.23483002185821533,0.048520565032958984,0.2591630220413208,0.9863549839944039,0.9994116983953256,0.9834177906253188,-0.8021807670593262,0.8313782811164856,0.0049537294544279575,0.473453443877551,0.7522269821971139,
5,client_7,False,flip,raw,random,0.7997510433197021,0.2021777629852295,0.0820932388305664,0.08033835887908936,0.9898588370285095,0.9983173016619378,0.9983883876487962,0.9513100431393235,0.979788397748756,0.9802140185193309,0.17081773281097412,0.08327674865722656,0.0782085657119751,0.9927450447502091,0.9982684976514431,0.9984726070191601,-1.1203722953796387,0.978988766670227,-0.06792647391557693,0.6928411989795918,0.6516451281637604,
5,client_8,False,flip,raw,random,0.8654184341430664,0.09642517566680908,0.03760969638824463,0.0634608268737793,0.9976795925217665,0.9996464714492157,0.9989939406252217,0.9763227543196336,0.9906634737511897,0.9843216274554392,0.09597516059875488,0.036948204040527344,0.06406652927398682,0.9977011633345001,0.9996587948954032,0.9989746591329565,-0.890070378780365,0.8792334198951721,-0.026598619297146797,0.6026785714285714,0.6308865818292856,
5,client_9,False,flip,raw,random,0.875283420085907,0.09398961067199707,0.10540366172790527,0.1703735589981079,0.9977951411253911,0.9972282923155511,0.9927825212660932,0.9769104055357105,0.9741610100250269,0.9587302362980132,0.13125956058502197,0.10788863897323608,0.17578941583633423,0.995706607171704,0.997096349330796,0.992319056971853,-0.855370283126831,0.9473242163658142,-0.03657560050487518,0.6157525510204082,0.4640679953028051,
5,client_0,True,flip,raw,pretrained,0.8350563645362854,0.08828425407409668,0.055512070655822754,0.05294203758239746,0.9980543165568172,0.9992300474124001,0.999299653246031,0.9782890700411062,0.9862651288191095,0.9868947438764979,0.08932220935821533,0.05610930919647217,0.0529249906539917,0.9980083656965482,0.9992134007176574,0.9993001039492031,-0.9225175380706787,0.9135777354240417,-0.02729080244898796,0.5680803571428571,-0.24134975089918975,0.4402585029602051
5,client_1,True,flip,raw,pretrained,0.943107008934021,0.1902451515197754,0.05432569980621338,0.18118274211883545,0.9910127372296249,0.9992625876719745,0.9918434467226522,0.9540838772071976,0.9865556948786312,0.9561986364641153,0.24866509437561035,0.05542004108428955,0.1871509552001953,0.9847188443809913,0.9992325967288087,0.9913008071743394,-0.894309401512146,0.9178332686424255,0.00820941012352705,0.48477359693877553,-0.18601936979916292,0.44212496280670166
5,client_2,False,flip,raw,pretrained,0.9219765663146973,0.04883313179016113,0.05686616897583008,0.07986998558044434,0.9994040977685812,0.999192049628628,0.9984071019075,0.9879026107400461,0.9859336398526719,0.9803276626143478,0.02869248390197754,0.05519378185272217,0.07758796215057373,0.9997942171073528,0.9992388464067699,0.9984967240656717,-0.786277174949646,0.8839425444602966,-0.007672521751374006,0.5337213010204082,0.5031738854286819,0.5392104387283325
5,client_3,False,flip,raw,pretrained,0.9257825613021851,0.0724325180053711,0.02831399440765381,0.06632518768310547,0.9986896717305189,0.9997996095525168,0.9989011488163004,0.982134911550363,0.9929589066320026,0.9836226888380417,0.07483291625976562,0.028339385986328125,0.06620454788208008,0.9986014772948792,0.9997992500310169,0.9989051393318678,-0.8052219748497009,0.8881210684776306,-0.01572558283805847,0.5173788265306123,0.6444077707825753,0.4639132022857666
5,client_4,False,flip,raw,pretrained,0.8555626273155212,0.10655403137207031,0.03477919101715088,0.0828392505645752,0.9971675909333959,0.9996976705378822,0.998286619586328,0.9738845556993336,0.9913615804127875,0.9796075474097454,0.08037137985229492,0.03437650203704834,0.08031558990478516,0.9983870641580959,0.9997046294760588,0.9983892999209765,-0.8385482430458069,0.808246910572052,0.01531483605504036,0.44228316326530615,0.5819665123038154,0.49888312816619873
5,client_5,False,flip,raw,pretrained,0.9044897556304932,0.0878300666809082,0.0458681583404541,0.12999093532562256,0.9980742557457494,0.999474235425994,0.9957889364489836,0.9783989471342032,0.9886308440039564,0.9682777996713847,0.11198091506958008,0.04751384258270264,0.135184645652771,0.9968724243920724,0.999435847505558,0.995446886055324,-0.8936224579811096,0.908445417881012,-0.022254973649978638,0.5939094387755102,0.5097530000652367,0.3890033960342407
5,client_6,False,flip,raw,pretrained,0.9504516124725342,0.1537238359451294,0.017105579376220703,0.13672685623168945,0.9941183207278512,0.9999268538015735,0.9953427732609454,0.9626494828932104,0.9957372824707873,0.9666753468134524,0.1505371332168579,0.016932249069213867,0.13647139072418213,0.9943586259915791,0.9999283285881913,0.9953600999117314,-0.8021807670593262,0.8313782811164856,0.0049537294544279575,0.473453443877551,0.7522269821971139,0.465093731880188
5,client_7,False,flip,raw,pretrained,0.7997510433197021,0.18965482711791992,0.10313189029693604,0.0639500617980957,0.9910680513692389,0.9973462469692915,0.9989783808541879,0.9542214183417888,0.9747073033793217,0.9842021954547637,0.18250417709350586,0.10278403759002686,0.06382477283477783,0.99172477740049,0.9973640830743784,0.9989823769287041,-1.1203722953796387,0.978988766670227,-0.06792647391557693,0.6928411989795918,0.6516451281637604,0.5975117087364197
5,client_8,False,flip,raw,pretrained,0.8654184341430664,0.07821738719940186,0.021845698356628418,0.08129990100860596,0.9984722628319471,0.9998807020409055,0.998349627173011,0.9807288000571011,0.9945608659560434,0.9799807760078894,0.08919131755828857,0.02212846279144287,0.08221685886383057,0.9980141897681996,0.9998775940222011,0.9983122364883699,-0.890070378780365,0.8792334198951721,-0.026598619297146797,0.6026785714285714,0.6308865818292856,0.4948219060897827
5,client_9,False,flip,raw,pretrained,0.875283420085907,0.11786043643951416,0.06946349143981934,0.07703638076782227,0.9965362539342753,0.9987947963360502,0.998517998320503,0.9711736819088563,0.9828577596184327,0.9810156183130256,0.10930705070495605,0.06906580924987793,0.07646501064300537,0.9970196707491517,0.9988085442456109,0.9985398764814635,-0.855370283126831,0.9473242163658142,-0.03657560050487518,0.6157525510204082,0.4640679953028051,0.39566850662231445
5,client_0,True,flip,clip01,random,0.8350563645362854,0.2139660120010376,0.16495990753173828,0.062386512756347656,0.9886521516860882,0.9932316130981893,0.9990276903786985,0.9485816493652053,0.9600019441180958,0.984583965289668,0.26239287853240967,0.16802150011062622,0.06301629543304443,0.9830072160843595,0.9929793812387087,0.999007975331033,-0.9225175380706787,0.9135777354240417,-0.02729080244898796,0.5680803571428571,-0.24134975089918975,
5,client_1,True,flip,clip01,random,0.943107008934021,0.13081657886505127,0.08554327487945557,0.07742977142333984,0.9957354448048592,0.9981730940876934,0.9985028408666716,0.9680811674337366,0.9789524497502946,0.9809200657973236,0.14278268814086914,0.0863943099975586,0.07689392566680908,0.994922693547516,0.998136614059949,0.9985234681999429,-0.894309401512146,0.9178332686424255,0.00820941012352705,0.48477359693877553,-0.18601936979916292,
5,client_2,False,flip,clip01,random,0.9219765663146973,0.17510700225830078,0.08195900917053223,0.06716156005859375,0.992378235257559,0.9983227929641103,0.9988732842357404,0.9576203871000619,0.9798209434141387,0.9834187443784224,0.13971233367919922,0.07973837852478027,0.06643486022949219,0.9951379189420957,0.998412340782088,0.9988975147913317,-0.786277174949646,0.8839425444602966,-0.007672521751374006,0.5337213010204082,0.5031738854286819,
5,client_3,False,flip,clip01,random,0.9257825613021851,0.08987438678741455,0.021300673484802246,0.0715789794921875,0.9979837029412113,0.999886579976274,0.9987203418960189,0.9779045307718655,0.994696025689255,0.9823426348416515,0.0860593318939209,0.02057945728302002,0.07216215133666992,0.9981510159151799,0.9998941298915955,0.998699425993081,-0.8052219748497009,0.8881210684776306,-0.01572558283805847,0.5173788265306123,0.6444077707825753,
5,client_4,False,flip,clip01,random,0.8555626273155212,0.1077035665512085,0.04544377326965332,0.1319270133972168,0.9971062810312972,0.9994839157120936,0.9956629749916532,0.973608419554375,0.9887351439973611,0.9678168049601312,0.06774365901947021,0.044545531272888184,0.12965619564056396,0.9988536856480799,0.9995041084195142,0.9958105282343608,-0.8385482430458069,0.808246910572052,0.01531483605504036,0.44228316326530615,0.5819665123038154,
5,client_5,False,flip,clip01,random,0.9044897556304932,0.1871809959411621,0.03288161754608154,0.23430675268173218,0.9912980324874023,0.999729754593826,0.9864151058384059,0.9547981264861085,0.9918300051560127,0.9439013540848733,0.25746047496795654,0.03425252437591553,0.24596089124679565,0.9836322714021162,0.9997067556536292,0.985045680587328,-0.8936224579811096,0.908445417881012,-0.022254973649978638,0.5939094387755102,0.5097530000652367,
5,client_6,False,flip,clip01,random,0.9504516124725342,0.18033051490783691,0.06197059154510498,0.12243080139160156,0.9919195333939983,0.9990406023385525,0.9962631807399411,0.9563978702053426,0.9846855576811722,0.9700810856658022,0.11831235885620117,0.061129093170166016,0.11958420276641846,0.996509710041833,0.9990664626267618,0.9964344681753459,-0.8021807670593262,0.8313782811164856,0.0049537294544279575,0.473453443877551,0.7522269821971139,
5,client_7,False,flip,clip01,random,0.7997510433197021,0.15569019317626953,0.07846379280090332,0.07947492599487305,0.9939675733521147,0.9984626332316926,0.998422802187549,0.9621853619739744,0.9806689740645937,0.980423533559879,0.1156919002532959,0.0764385461807251,0.08023226261138916,0.996662225230657,0.998540885894935,0.9983926363563891,-1.1203722953796387,0.978988766670227,-0.06792647391557693,0.6928411989795918,0.6516451281637604,
5,client_8,False,flip,clip01,random,0.8654184341430664,0.14716362953186035,0.03569769859313965,0.12542188167572021,0.9946076246081119,0.9996814946834853,0.9960789074407053,0.9642003284766072,0.9911349618052845,0.9693670338103453,0.17598950862884521,0.036151885986328125,0.12925052642822266,0.9923016624735426,0.9996733403368918,0.9958366215217767,-0.890070378780365,0.8792334198951721,-0.026598619297146797,0.6026785714285714,0.6308865818292856,
5,client_9,False,flip,clip01,random,0.875283420085907,0.15778040885925293,0.051709651947021484,0.14339673519134521,0.9938052680708234,0.9993318629682113,0.9948790972598152,0.9616923750714057,0.9871968717019302,0.9650925261903753,0.18420469760894775,0.05238687992095947,0.14663279056549072,0.9915708277474549,0.9993142565904092,0.9946463004101262,-0.855370283126831,0.9473242163658142,-0.03657560050487518,0.6157525510204082,0.4640679953028051,
5,client_0,True,flip,clip01,pretrained,0.8350563645362854,0.10548293590545654,0.06296885013580322,0.05578339099884033,0.9972241302283267,0.9990094674602401,0.9992225069915699,0.9741419552477883,0.9844417507231706,0.9861986950596398,0.10191333293914795,0.06297492980957031,0.0554279088973999,0.9974084662265472,0.999009276320346,0.9992323789470394,-0.9225175380706787,0.9135777354240417,-0.02729080244898796,0.5680803571428571,-0.24134975089918975,
5,client_1,True,flip,clip01,pretrained,0.943107008934021,0.19273221492767334,0.04406142234802246,0.18667078018188477,0.9907778601128412,0.9995148243840644,0.9913450992498245,0.9535047371685605,0.9890749952280504,0.9549171349022021,0.24169456958770752,0.04461169242858887,0.1927034854888916,0.9855543750475155,0.9995026348317038,0.9907805902438462,-0.894309401512146,0.9178332686424255,0.00820941012352705,0.48477359693877553,-0.18601936979916292,
5,client_2,False,flip,clip01,pretrained,0.9219765663146973,0.0538179874420166,0.06186723709106445,0.07681941986083984,0.9992762991043729,0.9990437975402222,0.9985263250011696,0.9866800830924352,0.9847108053504336,0.9810683229506878,0.02829289436340332,0.059035301208496094,0.07385659217834473,0.9997999080647968,0.9991292773396878,0.998637694458439,-0.786277174949646,0.8839425444602966,-0.007672521751374006,0.5337213010204082,0.5031738854286819,
5,client_3,False,flip,clip01,pretrained,0.9257825613021851,0.07012999057769775,0.02534663677215576,0.06590461730957031,0.9987715790442373,0.9998394063464497,0.998915029035488,0.9826954222596758,0.9936933311316194,0.9837252664236631,0.07181549072265625,0.025296449661254883,0.06590473651885986,0.9987118796188545,0.9998400416012434,0.9989150251136545,-0.8052219748497009,0.8881210684776306,-0.01572558283805847,0.5173788265306123,0.6444077707825753,
5,client_4,False,flip,clip01,pretrained,0.8555626273155212,0.08520662784576416,0.033518433570861816,0.06475067138671875,0.9981874254902461,0.999719187808382,0.9989526610561763,0.9790339725964796,0.9916727671730019,0.9840067976006572,0.06805717945098877,0.03290295600891113,0.0625067949295044,0.9988430599457945,0.9997294038007478,0.9990239402558216,-0.8385482430458069,0.808246910572052,0.01531483605504036,0.44228316326530615,0.5819665123038154,
5,client_5,False,flip,clip01,pretrained,0.9044897556304932,0.08579230308532715,0.04770767688751221,0.11999213695526123,0.9981624565433542,0.9994312371264902,0.9964101663403304,0.9788921513403543,0.9881789412345872,0.9706638455383876,0.10609924793243408,0.04872393608093262,0.1239631175994873,0.9971916665126399,0.9994067585970163,0.9961693276302179,-0.8936224579811096,0.908445417881012,-0.022254973649978638,0.5939094387755102,0.5097530000652367,
5,client_6,False,flip,clip01,pretrained,0.9504516124725342,0.16016089916229248,0.017811298370361328,0.15512394905090332,0.993617836194419,0.9999206941299721,0.9940111763857107,0.9611313875276024,0.9955620028523573,0.962318978578725,0.17306876182556152,0.017499804496765137,0.15654897689819336,0.9925536502665289,0.9999234436065889,0.9939011459377365,-0.8021807670593262,0.8313782811164856,0.0049537294544279575,0.473453443877551,0.7522269821971139,
5,client_7,False,flip,clip01,pretrained,0.7997510433197021,0.20049452781677246,0.11427712440490723,0.0664360523223877,0.990025734686611,0.9967431618980254,0.9988974752581836,0.9517005903896434,0.9720316050266364,0.9835956515018591,0.2029268741607666,0.11427700519561768,0.06643617153167725,0.9897841254926907,0.9967431686762189,0.99889747130483,-1.1203722953796387,0.978988766670227,-0.06792647391557693,0.6928411989795918,0.6516451281637604,
5,client_8,False,flip,clip01,pretrained,0.8654184341430664,0.07281959056854248,0.019420385360717773,0.07851696014404297,0.9986756437198903,0.999905718825346,0.9984605514825495,0.9820407325057021,0.995162526529366,0.9806560660299968,0.08523619174957275,0.019587159156799316,0.07916462421417236,0.9981861691762579,0.9999040926982583,0.9984350797304757,-0.890070378780365,0.8792334198951721,-0.026598619297146797,0.6026785714285714,0.6308865818292856,
5,client_9,False,flip,clip01,pretrained,0.875283420085907,0.12623882293701172,0.07291412353515625,0.06668388843536377,0.9960278134310883,0.9986722064085092,0.9988892409638224,0.9691721450273789,0.9820177336466656,0.983535214006579,0.10796403884887695,0.07292068004608154,0.06490421295166016,0.9970922982364951,0.998671967842631,0.9989476920380216,-0.855370283126831,0.9473242163658142,-0.03657560050487518,0.6157525510204082,0.4640679953028051,
5,client_0,True,flip_global,raw,random,0.9393575191497803,0.07842016220092773,0.05966341495513916,0.06776642799377441,0.9984643405243745,0.9991106628652164,0.9988529156180732,0.9806795669471748,0.985249391514113,0.983271290451345,0.0930643081665039,0.060120582580566406,0.06960916519165039,0.9978382698546089,0.9990969909233123,0.9987897406999406,-1.2087429761886597,1.167022943496704,-0.012703963555395603,0.5356345663265306,-0.24134975089918975,
5,client_1,True,flip_global,raw,random,0.9694561958312988,0.22663569450378418,0.05710959434509277,0.1756577491760254,0.9872816998301681,0.999185121921095,0.9923304924933696,0.9456623385173533,0.985874066028988,0.9574913789784378,0.233223557472229,0.05651390552520752,0.18232131004333496,0.9865391524780538,0.9992020225186615,0.9917412496169682,-1.1478824615478516,1.0091749429702759,-0.0035201720893383026,0.5089285714285714,-0.18601936979916292,
5,client_2,False,flip_global,raw,random,0.9471259713172913,0.13846945762634277,0.05059051513671875,0.0753096342086792,0.9952237311888039,0.9993604568718741,0.9985836211474961,0.9662614362428574,0.9874713560685262,0.981435201239981,0.12848269939422607,0.05050957202911377,0.07474541664123535,0.9958857883112888,0.9993625007515077,0.9986047424529203,-0.8199836015701294,0.898084282875061,0.005784970708191395,0.5154655612244898,0.5031738854286819,
5,client_3,False,flip_global,raw,random,0.9586111307144165,0.06823992729187012,0.024124741554260254,0.07088589668273926,0.9988368437777977,0.9998545150875804,0.998744979972676,0.9831558845556474,0.9939959885434995,0.9825113569907831,0.07601165771484375,0.02447652816772461,0.07120871543884277,0.9985571203041796,0.999850241714999,0.9987335339515491,-0.8609229326248169,0.8836064338684082,-0.012815504334867,0.5327646683673469,0.6444077707825753,
5,client_4,False,flip_global,raw,random,0.9186198711395264,0.09279298782348633,0.034738779067993164,0.06695377826690674,0.9978508358317735,0.9996983725589357,0.9988802391822749,0.9771993203077904,0.991371552828783,0.9834694048147652,0.09190964698791504,0.03425443172454834,0.06685054302215576,0.9978914944923525,0.9997067230013357,0.9988836867228232,-0.8453996777534485,0.9308680295944214,0.014462585560977459,0.4646045918367347,0.5819665123038154,
5,client_5,False,flip_global,raw,random,0.9390712380409241,0.11307382583618164,0.04011690616607666,0.10506033897399902,0.9968112242899494,0.9995977798369371,0.9972462817743175,0.9723199562073708,0.9900457195487857,0.9742435394299804,0.12464272975921631,0.04120206832885742,0.10564422607421875,0.9961273325569584,0.9995757324419623,0.9972156525227551,-0.8659461736679077,0.9711425304412842,-0.02918892540037632,0.5971779336734694,0.5097530000652367,
5,client_6,False,flip_global,raw,random,0.9633287787437439,0.30574846267700195,0.04882550239562988,0.26263105869293213,0.9770329187478399,0.9994042838711954,0.9829767479111544,0.9277351593800318,0.9879044835783106,0.9374416868913618,0.29546844959259033,0.04696810245513916,0.27289044857025146,0.9785268160661109,0.9994487273702315,0.9816395169382954,-0.7423532605171204,0.9002431035041809,0.012692450545728207,0.4614158163265306,0.7522269821971139,
5,client_7,False,flip_global,raw,random,0.8493474125862122,0.18103164434432983,0.07365524768829346,0.06612753868103027,0.991856962224321,0.9986451045055125,0.9989076828507994,0.9562339555653112,0.9818374540822328,0.9836708936517151,0.14103281497955322,0.07423043251037598,0.0638587474822998,0.995045920799436,0.9986238826490292,0.9989812940839613,-1.2582036256790161,0.9683330655097961,-0.06444605439901352,0.6658960459183674,0.6516451281637604,
5,client_8,False,flip_global,raw,random,0.9456822872161865,0.09488606452941895,0.021476387977600098,0.09354877471923828,0.9977529528055604,0.9998847011611964,0.9978157415388651,0.9766940481127231,0.9946524475598033,0.9770168268404231,0.10493075847625732,0.021343111991882324,0.09456002712249756,0.9972530564156039,0.9998861276187501,0.9977683425919215,-0.7915031313896179,0.977807879447937,-0.04383985698223114,0.6611926020408163,0.6308865818292856,
5,client_9,False,flip_global,raw,random,0.936061680316925,0.10912489891052246,0.0857769250869751,0.1169201135635376,0.9970295733290102,0.9981631143242267,0.996591162057265,0.9732671560185118,0.9788958747283318,0.9713987056666431,0.14032483100891113,0.08745622634887695,0.12020039558410645,0.9950953521817341,0.9980905909169429,0.9963977281977099,-0.9053958058357239,0.9322647452354431,-0.029706550762057304,0.5980548469387755,0.4640679953028051,
5,client_0,True,flip_global,raw,pretrained,0.9393575191497803,0.033228516578674316,0.04360330104827881,0.02542710304260254,0.9997240235570584,0.9995248574227404,0.9998383851998969,0.9917443467308229,0.9891876631071785,0.9936734048862457,0.05022168159484863,0.04582703113555908,0.025356411933898926,0.9993697437502977,0.9994751774749329,0.9998392824686828,-1.2087429761886597,1.167022943496704,-0.012703963555395603,0.5356345663265306,-0.24134975089918975,0.33428025245666504
5,client_1,True,flip_global,raw,pretrained,0.9694561958312988,0.08169889450073242,0.03807544708251953,0.10976135730743408,0.9983334087402498,0.999637663578266,0.9969949013079114,0.9798840160990572,0.9905486731868791,0.9731143998379101,0.1072537899017334,0.037987351417541504,0.11181902885437012,0.9971303473229227,0.9996393378706705,0.9968814395235479,-1.1478824615478516,1.0091749429702759,-0.0035201720893383026,0.5089285714285714,-0.18601936979916292,0.4409688711166382
5,client_2,False,flip_global,raw,pretrained,0.9471259713172913,0.04613161087036133,0.041097402572631836,0.10397696495056152,0.9994681808386501,0.9995778845591827,0.9973026668536376,0.9885661042800082,0.9898042911636502,0.9745040343880553,0.04626643657684326,0.041002511978149414,0.10702645778656006,0.9994650689220554,0.9995798309563861,0.9971424732433432,-0.8199836015701294,0.898084282875061,0.005784970708191395,0.5154655612244898,0.5031738854286819,0.45908355712890625
5,client_3,False,flip_global,raw,pretrained,0.9586111307144165,0.05546247959136963,0.0134047269821167,0.04983103275299072,0.9992314216616283,0.9999550798370569,0.9993795059547241,0.9862772720951116,0.9966572226028958,0.9876576952630107,0.051437973976135254,0.013363838195800781,0.04851877689361572,0.9993388617193104,0.9999553534522112,0.9994117417370176,-0.8609229326248169,0.8836064338684082,-0.012815504334867,0.5327646683673469,0.6444077707825753,0.41561150550842285
5,client_4,False,flip_global,raw,pretrained,0.9186198711395264,0.0598980188369751,0.023005366325378418,0.04360675811767578,0.999103659860543,0.9998677014087134,0.9995247821036513,0.985192036279003,0.9942733736600411,0.9891868128220809,0.05388331413269043,0.022957801818847656,0.041779279708862305,0.9992745420733864,0.9998682478543313,0.9995637657246066,-0.8453996777534485,0.9308680295944214,0.014462585560977459,0.4646045918367347,0.5819665123038154,0.45713484287261963
5,client_5,False,flip_global,raw,pretrained,0.9390712380409241,0.045058608055114746,0.024569153785705566,0.06993770599365234,0.9994926236158903,0.9998491062494328,0.9987782998895747,0.988829819324675,0.9938858938268949,0.9827422523554741,0.05199015140533447,0.02500283718109131,0.07197976112365723,0.9993245983599899,0.9998437328502077,0.9987059857257481,-0.8659461736679077,0.9711425304412842,-0.02918892540037632,0.5971779336734694,0.5097530000652367,0.38925647735595703
5,client_6,False,flip_global,raw,pretrained,0.9633287787437439,0.15289676189422607,0.022690653800964355,0.09452486038208008,0.9941811646179748,0.9998712959824148,0.997769999406896,0.96284479833152,0.9943513814453844,0.9767812153888844,0.13107669353485107,0.022444486618041992,0.09225964546203613,0.9957185232832866,0.9998740731495568,0.9978754308854261,-0.7423532605171204,0.9002431035041809,0.012692450545728207,0.4614158163265306,0.7522269821971139,0.43862664699554443
5,client_7,False,flip_global,raw,pretrained,0.8493474125862122,0.15741407871246338,0.07244253158569336,0.07924163341522217,0.9938338671584022,0.9986893097637568,0.9984320372087501,0.9617787482836408,0.9821324749644766,0.9804801543634911,0.14488303661346436,0.07048940658569336,0.07917046546936035,0.9947728099444593,0.9987589672234609,0.9984348490541601,-1.2582036256790161,0.9683330655097961,-0.06444605439901352,0.6658960459183674,0.6516451281637604,0.5552085638046265
5,client_8,False,flip_global,raw,pretrained,0.9456822872161865,0.05287528038024902,0.016047239303588867,0.044564008712768555,0.9993014174104551,0.999935624635993,0.9995036970967488,0.9869111063094647,0.9960002294696146,0.9889514140000544,0.058150529861450195,0.01574862003326416,0.044878244400024414,0.9991551646614587,0.9999379981250873,0.9994966758770651,-0.7915031313896179,0.977807879447937,-0.04383985698223114,0.6611926020408163,0.6308865818292856,0.4980652332305908
5,client_9,False,flip_global,raw,pretrained,0.936061680316925,0.09230673313140869,0.04076647758483887,0.05625569820404053,0.9978732651094424,0.999584653006572,0.9992092933309902,0.9773167591676615,0.9898857652009159,0.9860830649648795,0.0901784896850586,0.04101407527923584,0.05483865737915039,0.997970055811916,0.9995795940102208,0.9992486041298916,-0.9053958058357239,0.9322647452354431,-0.029706550762057304,0.5980548469387755,0.4640679953028051,0.36189210414886475
5,client_0,True,flip_global,clip01,random,0.9393575191497803,0.08655405044555664,0.05938684940338135,0.055760860443115234,0.9981297266798601,0.9991188832381328,0.9992231345477569,0.9787077403551294,0.985317011845132,0.9862042114913678,0.12508857250213623,0.06077075004577637,0.05704915523529053,0.9960996594600733,0.9990773679200107,0.999186844728633,-1.2087429761886597,1.167022943496704,-0.012703963555395603,0.5356345663265306,-0.24134975089918975,
5,client_1,True,flip_global,clip01,random,0.9694561958312988,0.07858908176422119,0.06893539428710938,0.06255078315734863,0.998457725341789,0.9988130355772753,0.9990225670049808,0.9806385566597235,0.9829864153692796,0.9845438451416082,0.06500399112701416,0.0680699348449707,0.06356513500213623,0.9989444566587404,0.9988426266103105,0.9989906331709744,-1.1478824615478516,1.0091749429702759,-0.0035201720893383026,0.5089285714285714,-0.18601936979916292,
5,client_2,False,flip_global,clip01,random,0.9471259713172913,0.19377148151397705,0.06142449378967285,0.11557948589324951,0.9906788335835217,0.999057424757557,0.9966686923026242,0.9532628889919488,0.9848189707218393,0.9717196596707383,0.23203063011169434,0.06136775016784668,0.12025249004364014,0.9866751273570633,0.999059164216699,0.996394613546129,-0.8199836015701294,0.898084282875061,0.005784970708191395,0.5154655612244898,0.5031738854286819,
5,client_3,False,flip_global,clip01,random,0.9586111307144165,0.10263454914093018,0.022506356239318848,0.11820518970489502,0.9973717297099034,0.9998733780083398,0.9965160137688671,0.974826960477982,0.9943970675403273,0.9710912004130405,0.11139106750488281,0.02248704433441162,0.12204170227050781,0.9969052096404878,0.999873595194186,0.9962868289883573,-0.8609229326248169,0.8836064338684082,-0.012815504334867,0.5327646683673469,0.6444077707825753,
5,client_4,False,flip_global,clip01,random,0.9186198711395264,0.09511339664459229,0.020841121673583984,0.12177467346191406,0.9977421910249369,0.9998914207547469,0.9963030151071386,0.976639193375535,0.994810010527224,0.9702378267972396,0.08906102180480957,0.021030068397521973,0.12180936336517334,0.9980199788865642,0.9998894432237553,0.9963009143383732,-0.8453996777534485,0.9308680295944214,0.014462585560977459,0.4646045918367347,0.5819665123038154,
5,client_5,False,flip_global,clip01,random,0.9390712380409241,0.16277122497558594,0.02652895450592041,0.17183029651641846,0.9934091440204735,0.9998240768583684,0.9926592543961688,0.9605168016726913,0.9934006084645777,0.958388469691223,0.20307952165603638,0.027841687202453613,0.17978638410568237,0.9897688685640609,0.9998062382757424,0.9919679301956688,-0.8659461736679077,0.9711425304412842,-0.02918892540037632,0.5971779336734694,0.5097530000652367,
5,client_6,False,flip_global,clip01,random,0.9633287787437439,0.11960041522979736,0.04703807830810547,0.0873175859451294,0.9964335039136345,0.9994470841912975,0.9980966312801907,0.9707575030303885,0.9883434013531298,0.9785229488086207,0.08803462982177734,0.046584367752075195,0.0858314037322998,0.9980652879156457,0.9994576948425067,0.9981607835181121,-0.7423532605171204,0.9002431035041809,0.012692450545728207,0.4614158163265306,0.7522269821971139,
5,client_7,False,flip_global,clip01,random,0.8493474125862122,0.15063273906707764,0.05133962631225586,0.11114943027496338,0.9943514884626403,0.999341386202673,0.9969185909303531,0.9633797570994813,0.987287613128915,0.9727813737171238,0.14877808094024658,0.05039501190185547,0.11476492881774902,0.9944891542456737,0.9993653879051949,0.9967153668992645,-1.2582036256790161,0.9683330655097961,-0.06444605439901352,0.6658960459183674,0.6516451281637604,
5,client_8,False,flip_global,clip01,random,0.9456822872161865,0.10697054862976074,0.03734457492828369,0.09224414825439453,0.9971454515359002,0.9996514368298985,0.9978761434323002,0.9737844882239559,0.990728831133411,0.9773318760293566,0.12779390811920166,0.03683817386627197,0.09418034553527832,0.995929647952638,0.9996608235417717,0.9977861982026373,-0.7915031313896179,0.977807879447937,-0.04383985698223114,0.6611926020408163,0.6308865818292856,
5,client_9,False,flip_global,clip01,random,0.936061680316925,0.19748258590698242,0.05801427364349365,0.14171385765075684,0.990320998677114,0.9991591167037916,0.9949981392082841,0.9524000280756879,0.9856527099654588,0.9654915204137686,0.24662286043167114,0.05925309658050537,0.14799845218658447,0.9849659888019706,0.9991228451146879,0.9945465230700414,-0.9053958058357239,0.9322647452354431,-0.029706550762057304,0.5980548469387755,0.4640679953028051,
5,client_0,True,flip_global,clip01,pretrained,0.9393575191497803,0.035549163818359375,0.04466819763183594,0.025094032287597656,0.9996841390840063,0.9995013745791141,0.9998425909715594,0.9911716037505882,0.9889257978309836,0.9937558886770885,0.04938697814941406,0.04658353328704834,0.025040149688720703,0.9993905103490159,0.9994577142630372,0.9998432661524548,-1.2087429761886597,1.167022943496704,-0.012703963555395603,0.5356345663265306,-0.24134975089918975,
5,client_1,True,flip_global,clip01,pretrained,0.9694561958312988,0.08650779724121094,0.035332322120666504,0.11558246612548828,0.9981317222374628,0.9996879797900933,0.9966685209335238,0.9787189362798887,0.9912250999351906,0.9717189460093576,0.10799288749694824,0.035302162170410156,0.11804747581481934,0.997090747510541,0.9996885121241921,0.9965252802744002,-1.1478824615478516,1.0091749429702759,-0.0035201720893383026,0.5089285714285714,-0.18601936979916292,
5,client_2,False,flip_global,clip01,pretrained,0.9471259713172913,0.03806948661804199,0.04782283306121826,0.09555566310882568,0.9996377769814055,0.9994284892461907,0.9977211810838791,0.990550142225926,0.9881506618633091,0.9765324887052738,0.03886747360229492,0.04777181148529053,0.09804737567901611,0.9996224368235074,0.9994297075494925,0.9976010031829936,-0.8199836015701294,0.898084282875061,0.005784970708191395,0.5154655612244898,0.5031738854286819,
5,client_3,False,flip_global,clip01,pretrained,0.9586111307144165,0.05677139759063721,0.013836979866027832,0.05469214916229248,0.9991947387690845,0.9999521362153228,0.9992526114118623,0.9859568348445313,0.9965497095061571,0.9864659303574457,0.051538705825805664,0.013765335083007812,0.05310237407684326,0.9993362710378464,0.9999526305704776,0.9992954070269715,-0.8609229326248169,0.8836064338684082,-0.012815504334867,0.5327646683673469,0.6444077707825753,
5,client_4,False,flip_global,clip01,pretrained,0.9186198711395264,0.054895997047424316,0.021526813507080078,0.036010026931762695,0.9992470328672234,0.9998841591403711,0.9996758982930984,0.9864160015928678,0.9946399422890333,0.9910579203640049,0.051819801330566406,0.021476268768310547,0.035080909729003906,0.9993290149047036,0.999884702441064,0.9996924034233241,-0.8453996777534485,0.9308680295944214,0.014462585560977459,0.4646045918367347,0.5819665123038154,
5,client_5,False,flip_global,clip01,pretrained,0.9390712380409241,0.04783892631530762,0.02754998207092285,0.07072305679321289,0.9994281046989497,0.9998102766225188,0.9987507340447128,0.9881467098739793,0.993147922715558,0.982551004590029,0.05640733242034912,0.02786719799041748,0.07245373725891113,0.9992050275166606,0.9998058830847067,0.9986889046466194,-0.8659461736679077,0.9711425304412842,-0.02918892540037632,0.5971779336734694,0.5097530000652367,
5,client_6,False,flip_global,clip01,pretrained,0.9633287787437439,0.1431640386581421,0.019644618034362793,0.10209441184997559,0.9948956399924966,0.9999035292260974,0.9973992667940959,0.9651476815654081,0.9951068770057665,0.9749569390360726,0.13284826278686523,0.01958143711090088,0.10069143772125244,0.9956023930539784,0.9999041487213265,0.9974701190937085,-0.7423532605171204,0.9002431035041809,0.012692450545728207,0.4614158163265306,0.7522269821971139,
5,client_7,False,flip_global,clip01,pretrained,0.8493474125862122,0.1629467010498047,0.08081400394439697,0.07576072216033936,0.9933949962927984,0.9983692713989558,0.998566621043419,0.9604755080405762,0.9800986302703791,0.981325565186455,0.1622323989868164,0.08006906509399414,0.0760113000869751,0.9934524933830093,0.9983991608202565,0.9985571338666841,-1.2582036256790161,0.9683330655097961,-0.06444605439901352,0.6658960459183674,0.6516451281637604,
5,client_8,False,flip_global,clip01,pretrained,0.9456822872161865,0.05371582508087158,0.015541672706604004,0.041501641273498535,0.9992790426061313,0.9999396168371044,0.9995695424637043,0.9867051154506237,0.9961258754086642,0.989704780874862,0.05745589733123779,0.015423417091369629,0.04132843017578125,0.9991752155231515,0.9999405322037538,0.9995731269295478,-0.7915031313896179,0.977807879447937,-0.04383985698223114,0.6611926020408163,0.6308865818292856,
5,client_9,False,flip_global,clip01,pretrained,0.936061680316925,0.0943441390991211,0.043416619300842285,0.0520707368850708,0.9977785040946654,0.9995289157986036,0.9993225040377138,0.9768248321784372,0.9892335801311531,0.9871083348679994,0.08944940567016602,0.04359292984008789,0.05031931400299072,0.9980026979232497,0.9995250833442304,0.9993672920595755,-0.9053958058357239,0.9322647452354431,-0.029706550762057304,0.5980548469387755,0.4640679953028051,
6,client_0,True,orig,raw,random,0.932577908039093,0.04826211929321289,0.053969621658325195,0.03723323345184326,0.9994179461752766,0.9992722174793609,0.9996535116486664,0.9880427957032454,0.9866429306374958,0.9907562808120547,0.03293466567993164,0.05455362796783447,0.036208271980285645,0.9997288820904529,0.9992563903959089,0.9996723208125777,-0.9484761357307434,1.0545262098312378,0.018463272601366043,0.4917091836734694,-0.24615345342288317,
6,client_1,True,orig,raw,random,0.9462413787841797,0.07676494121551514,0.07455217838287354,0.03127491474151611,0.9985284121491387,0.9986119399036075,0.9997555147660073,0.9810815576948677,0.9816193407718936,0.9922268868222048,0.0755465030670166,0.07435214519500732,0.03197479248046875,0.9985747069000195,0.9986193708975535,0.999744452150557,-1.2678982019424438,1.1403383016586304,-0.019380349665880203,0.6136798469387755,-0.1943574037995659,
6,client_2,False,orig,raw,random,0.9239031076431274,0.08798527717590332,0.03359866142272949,0.042507290840148926,0.9980674533814486,0.9997178422116437,0.999548435547539,0.9783613965007294,0.9916529605479263,0.9894572881039296,0.06403255462646484,0.03328382968902588,0.0404515266418457,0.9989757454911459,0.9997231041872252,0.999591043975192,-1.0201019048690796,1.011574625968933,0.025502944365143776,0.4229113520408163,0.5553221340579892,
6,client_3,False,orig,raw,random,0.910041332244873,0.05158066749572754,0.051133155822753906,0.036887168884277344,0.9993351903502781,0.9993466704002951,0.9996599209581591,0.9872285011520479,0.9873382513504119,0.9908416054610467,0.05183291435241699,0.050139546394348145,0.03770184516906738,0.9993286754466564,0.9993718026029157,0.9996447374047521,-0.9379482269287109,0.9791343212127686,0.02263317070901394,0.42466517857142855,0.6545278249146651,
6,client_4,False,orig,raw,random,0.9366910457611084,0.1019139289855957,0.027933597564697266,0.0665661096572876,0.9974084359719151,0.9998049570677825,0.9988931579454219,0.9750003762055106,0.9930530097807242,0.9835639349303018,0.12333595752716064,0.028166770935058594,0.06570231914520264,0.9962078801791643,0.9998016877545233,0.9989216741995164,-1.0168404579162598,0.9888354539871216,0.007124129682779312,0.4643654336734694,0.5717512727432383,
6,client_5,False,orig,raw,random,0.9417755603790283,0.17475831508636475,0.09978687763214111,0.05742776393890381,0.9924083862752939,0.9975152848572477,0.9991760225409521,0.9577020778201262,0.975512516846309,0.9857962080934948,0.2132856845855713,0.10398650169372559,0.05840182304382324,0.9887235896661764,0.9973021730351175,0.9991478517759385,-1.0059151649475098,1.0835812091827393,-0.0009580169571563601,0.46699617346938777,0.517105342834254,
6,client_6,False,orig,raw,random,0.9419736862182617,0.06358730792999268,0.03760945796966553,0.04485583305358887,0.9989899294027653,0.9996464759302495,0.9994971782630924,0.9842907488228356,0.9906635325229078,0.9888796677904388,0.05637979507446289,0.036399006843566895,0.044856905937194824,0.9992058030559172,0.9996688603383108,0.9994971542184079,-0.9050535559654236,0.9173773527145386,-0.014819979667663574,0.5667251275510204,0.7296009567296899,
6,client_7,False,orig,raw,random,0.9040736556053162,0.11805856227874756,0.027252912521362305,0.08673214912414551,0.9965246292874441,0.9998143455445119,0.9981220328492748,0.971126279431771,0.9932214320771886,0.9786646320690175,0.12300336360931396,0.027240872383117676,0.0879141092300415,0.9962282468251107,0.999814509527031,0.9980705739202154,-0.8954287767410278,1.3889180421829224,0.021126898005604744,0.46595982142857145,0.6501596702073239,
6,client_8,False,orig,raw,random,0.9485473036766052,0.04788506031036377,0.0296250581741333,0.060028791427612305,0.9994270016143416,0.9997806250827483,0.9990997443575684,0.9881353809693485,0.9926346761867608,0.9851600675734753,0.05846595764160156,0.03059399127960205,0.05996298789978027,0.999145980356219,0.9997660429844217,0.999101715666026,-0.899920642375946,1.0428084135055542,-0.008185017853975296,0.5419323979591837,0.6263548558284115,
6,client_9,False,orig,raw,random,0.9444627165794373,0.08271706104278564,0.039141178131103516,0.06641066074371338,0.9982916639246315,0.9996171020373303,0.9988983171613826,0.979637165518157,0.9902860615431734,0.9836018438255385,0.10147786140441895,0.03911423683166504,0.06767165660858154,0.9974305233377645,0.999617628810483,0.9988561190196361,-1.0834124088287354,1.248471736907959,0.025442173704504967,0.4398915816326531,0.46480861098549775,
6,client_0,True,orig,raw,pretrained,0.932577908039093,0.041635751724243164,0.06270527839660645,0.032086968421936035,0.9995667568708184,0.9990177362476185,0.9997426562945058,0.989671770603713,0.984506114643233,0.9920262666093003,0.048563599586486816,0.06356728076934814,0.03230595588684082,0.9994106548243122,0.9989905650750681,0.9997391323537519,-0.9484761357307434,1.0545262098312378,0.018463272601366043,0.4917091836734694,-0.24615345342288317,0.31246721744537354
6,client_1,True,orig,raw,pretrained,0.9462413787841797,0.05188548564910889,0.05022263526916504,0.09874248504638672,0.9993273136678151,0.9993697198251434,0.9975669294281087,0.9871537563705233,0.9875616088980972,0.9757641282438092,0.06980490684509277,0.051784634590148926,0.10090136528015137,0.9987829308311249,0.9993299248462868,0.9974595793313779,-1.2678982019424438,1.1403383016586304,-0.019380349665880203,0.6136798469387755,-0.1943574037995659,0.396867036819458
6,client_2,False,orig,raw,pretrained,0.9239031076431274,0.08659827709197998,0.05745196342468262,0.039916157722473145,0.9981278175644825,0.9991753283925724,0.9996017940541548,0.9786970351532667,0.9857902867172998,0.990095160890283,0.11268949508666992,0.057806968688964844,0.040494322776794434,0.9968328129083437,0.9991651117403968,0.9995901784645893,-1.0201019048690796,1.011574625968933,0.025502944365143776,0.4229113520408163,0.5553221340579892,0.36745786666870117
6,client_3,False,orig,raw,pretrained,0.910041332244873,0.03831768035888672,0.02805793285369873,0.03449702262878418,0.999633039869088,0.9998032171484392,0.9997025552291523,0.9904889742059246,0.993022250056163,0.9914312139655095,0.02799832820892334,0.027976512908935547,0.033763885498046875,0.9998040522057956,0.9998043573931297,0.9997150609163852,-0.9379482269287109,0.9791343212127686,0.02263317070901394,0.42466517857142855,0.6545278249146651,0.31818366050720215
6,client_4,False,orig,raw,pretrained,0.9366910457611084,0.07163619995117188,0.03183722496032715,0.03691458702087402,0.9987182971208808,0.9997466459282225,0.9996594153397316,0.9823287071958342,0.9920879599734784,0.990834844924791,0.07335245609283447,0.031522274017333984,0.036734938621520996,0.9986562101633178,0.9997516328345861,0.9996627214130591,-1.0168404579162598,0.9888354539871216,0.007124129682779312,0.4643654336734694,0.5717512727432383,0.42587316036224365
6,client_5,False,orig,raw,pretrained,0.9417755603790283,0.07705378532409668,0.03837573528289795,0.05704641342163086,0.9985173293430334,0.9996319273750591,0.9991869228404608,0.9810113905427122,0.9904746672304912,0.9858895278637239,0.11337149143218994,0.03783845901489258,0.061041831970214844,0.9967944537987656,0.999642158821606,0.9990691240961851,-1.0059151649475098,1.0835812091827393,-0.0009580169571563601,0.46699617346938777,0.517105342834254,0.3433682918548584
6,client_6,False,orig,raw,pretrained,0.9419736862182617,0.022621870040893555,0.03212082386016846,0.06167411804199219,0.999872075023889,0.9997421130587567,0.9990497535610472,0.9943684320969621,0.992017903846895,0.9847579835299611,0.02370607852935791,0.03208017349243164,0.06142759323120117,0.9998595202628635,0.9997427652552417,0.9990573296989091,-0.9050535559654236,0.9173773527145386,-0.014819979667663574,0.5667251275510204,0.7296009567296899,0.4128650426864624
6,client_7,False,orig,raw,pretrained,0.9040736556053162,0.03458607196807861,0.028644561767578125,0.07984042167663574,0.9997010179660781,0.9997949038240819,0.9984082795049467,0.9914092375650778,0.992877141241157,0.9803348365371436,0.0521245002746582,0.028972268104553223,0.08315575122833252,0.9993211049898971,0.999790184942839,0.9982735190760039,-0.8954287767410278,1.3889180421829224,0.021126898005604744,0.46595982142857145,0.6501596702073239,0.4142714738845825
6,client_8,False,orig,raw,pretrained,0.9485473036766052,0.09017360210418701,0.033728599548339844,0.06479620933532715,0.9979702755126165,0.9997156560463039,0.9989511885494009,0.9778321973723743,0.9916208827263444,0.9839956852976297,0.09945845603942871,0.03341841697692871,0.06583380699157715,0.9975315832381844,0.9997208608044854,0.9989173573550412,-0.899920642375946,1.0428084135055542,-0.008185017853975296,0.5419323979591837,0.6263548558284115,0.4013490676879883
6,client_9,False,orig,raw,pretrained,0.9444627165794373,0.08036887645721436,0.019173026084899902,0.06143593788146973,0.9983871645138971,0.9999081051016827,0.9990570737480076,0.9802066145508399,0.9952239209734723,0.984816174623449,0.09912657737731934,0.019061803817749023,0.06339395046234131,0.99754799900333,0.999909168097104,0.9989960583267867,-1.0834124088287354,1.248471736907959,0.025442173704504967,0.4398915816326531,0.46480861098549775,0.2960669994354248
6,client_0,True,orig,clip01,random,0.932577908039093,0.06180882453918457,0.05009329319000244,0.0226287841796875,0.9990456010113973,0.9993729605344426,0.9998719968215759,0.9847250749357803,0.9875933436345228,0.9943667181468174,0.07713699340820312,0.05144309997558594,0.022069692611694336,0.9985141290018915,0.9993387300079699,0.9998782432866726,-0.9484761357307434,1.0545262098312378,0.018463272601366043,0.4917091836734694,-0.24615345342288317,
6,client_1,True,orig,clip01,random,0.9462413787841797,0.08917558193206787,0.09372198581695557,0.08722329139709473,0.99801488935815,0.9978076588002811,0.9981007341140482,0.9780734936886055,0.9769750102284056,0.9785457672248978,0.08772814273834229,0.09431171417236328,0.08738136291503906,0.9980787162407969,0.9977800282911495,0.9980938537926396,-1.2678982019424438,1.1403383016586304,-0.019380349665880203,0.6136798469387755,-0.1943574037995659,
6,client_2,False,orig,clip01,random,0.9239031076431274,0.08626508712768555,0.04007124900817871,0.055922627449035645,0.99814217638505,0.9995986945762096,0.999218623149492,0.9787776891808588,0.9900569638989658,0.9861646051226287,0.06543111801147461,0.038511037826538086,0.05574142932891846,0.9989305507655977,0.9996293280719055,0.9992236755703345,-1.0201019048690796,1.011574625968933,0.025502944365143776,0.4229113520408163,0.5553221340579892,
6,client_3,False,orig,clip01,random,0.910041332244873,0.045813679695129395,0.06135225296020508,0.054221153259277344,0.9994754831181032,0.9990596390003714,0.9992654215900965,0.9886442321524522,0.9848366213679138,0.9865813065877114,0.035955071449279785,0.06061291694641113,0.054327964782714844,0.9996768865323749,0.9990821509001611,0.9992625262155197,-0.9379482269287109,0.9791343212127686,0.02263317070901394,0.42466517857142855,0.6545278249146651,
6,client_4,False,orig,clip01,random,0.9366910457611084,0.08337771892547607,0.02769184112548828,0.0350724458694458,0.9982643017997723,0.9998083180447104,0.9996925517968924,0.9794770414748906,0.9931128228100987,0.9912892187171254,0.07158398628234863,0.027373790740966797,0.033721923828125,0.9987201630431739,0.9998126952115927,0.999715768568509,-1.0168404579162598,0.9888354539871216,0.007124129682779312,0.4643654336734694,0.5717512727432383,
6,client_5,False,orig,clip01,random,0.9417755603790283,0.07422840595245361,0.03790426254272461,0.0800091028213501,0.9986239577089351,0.9996409134569659,0.9984015547271907,0.9816980665340105,0.9905908652896143,0.9802939057370723,0.10881620645523071,0.038680195808410645,0.08246994018554688,0.9970463178453617,0.99962606551643,0.9983018431501514,-1.0059151649475098,1.0835812091827393,-0.0009580169571563601,0.46699617346938777,0.517105342834254,
6,client_6,False,orig,clip01,random,0.9419736862182617,0.04494321346282959,0.0571897029876709,0.05765378475189209,0.9994952180759986,0.9991828356320918,0.9991695279018953,0.9888581864783528,0.9858544621126915,0.9857409051020565,0.04000675678253174,0.05567777156829834,0.05816340446472168,0.999599984902547,0.9992254466824304,0.9991547907619569,-0.9050535559654236,0.9173773527145386,-0.014819979667663574,0.5667251275510204,0.7296009567296899,
6,client_7,False,orig,clip01,random,0.9040736556053162,0.04528236389160156,0.02568674087524414,0.07815742492675781,0.9994875739007336,0.9998350682405079,0.9984746016133899,0.988774817486469,0.9936091136222869,0.980743359412338,0.0551837682723999,0.025737762451171875,0.07830429077148438,0.9992391224100177,0.9998344124633018,0.9984688700573576,-0.8954287767410278,1.3889180421829224,0.021126898005604744,0.46595982142857145,0.6501596702073239,
6,client_8,False,orig,clip01,random,0.9485473036766052,0.0876312255859375,0.02648007869720459,0.05770432949066162,0.998082952847613,0.9998247244026097,0.9991680720325491,0.9784470566369903,0.9934127067572531,0.9857285384034493,0.08353817462921143,0.025926589965820312,0.05826294422149658,0.9982576236068743,0.9998319741607029,0.9991518971780995,-0.899920642375946,1.0428084135055542,-0.008185017853975296,0.5419323979591837,0.6263548558284115,
6,client_9,False,orig,clip01,random,0.9444627165794373,0.06277930736541748,0.026024460792541504,0.05758702754974365,0.9990154172990249,0.9998307033592024,0.9991714487978238,0.9844880362151247,0.9935254970874947,0.9857572388344193,0.08543968200683594,0.026494979858398438,0.058689236640930176,0.9981775101267085,0.9998245271070503,0.99913944919032,-1.0834124088287354,1.248471736907959,0.025442173704504967,0.4398915816326531,0.46480861098549775,
6,client_0,True,orig,clip01,pretrained,0.932577908039093,0.04297292232513428,0.05872845649719238,0.03438997268676758,0.9995384917913597,0.9991382994008497,0.9997043979964224,0.9893427265316048,0.9854780170675621,0.9914576336848082,0.05067133903503418,0.06022012233734131,0.034830331802368164,0.9993584127431145,0.99909400031437,0.9996967809706303,-0.9484761357307434,1.0545262098312378,0.018463272601366043,0.4917091836734694,-0.24615345342288317,
6,client_1,True,orig,clip01,pretrained,0.9462413787841797,0.05416154861450195,0.055024147033691406,0.09986412525177002,0.9992670348409189,0.9992435152870087,0.9975114435890811,0.9865959089209064,0.9863846155682459,0.9754939104895628,0.07242786884307861,0.05756521224975586,0.10265576839447021,0.9986898397695738,0.9991720760379137,0.9973706449747153,-1.2678982019424438,1.1403383016586304,-0.019380349665880203,0.6136798469387755,-0.1943574037995659,
6,client_2,False,orig,clip01,pretrained,0.9239031076431274,0.09945082664489746,0.05992412567138672,0.036270976066589355,0.997531961223713,0.9991028788680258,0.9996711851857032,0.9755934664417101,0.9851856540702937,0.9909935594234598,0.11603212356567383,0.060152530670166016,0.03666484355926514,0.9966426146431662,0.9990960316008577,0.9996640070041936,-1.0201019048690796,1.011574625968933,0.025502944365143776,0.4229113520408163,0.5553221340579892,
6,client_3,False,orig,clip01,pretrained,0.910041332244873,0.033719539642333984,0.027555227279663086,0.030572891235351562,0.9997158087496176,0.9998102043835044,0.9997663655272566,0.9916231192946035,0.9931466248707903,0.9924003728265502,0.028041481971740723,0.02740311622619629,0.030028223991394043,0.999803447801592,0.9998122937346943,0.9997746145471851,-0.9379482269287109,0.9791343212127686,0.02263317070901394,0.42466517857142855,0.6545278249146651,
6,client_4,False,orig,clip01,pretrained,0.9366910457611084,0.08994090557098389,0.03225445747375488,0.04085052013397217,0.997980721713926,0.9997399632187529,0.999582939251908,0.9778884495847422,0.9919848955252115,0.9898650728945164,0.07368111610412598,0.0317845344543457,0.04040789604187012,0.9986441536024948,0.9997474836759506,0.9995919254210675,-1.0168404579162598,0.9888354539871216,0.007124129682779312,0.4643654336734694,0.5717512727432383,
6,client_5,False,orig,clip01,pretrained,0.9417755603790283,0.07407569885253906,0.03329741954803467,0.06078469753265381,0.9986296078228449,0.9997228780737639,0.9990769446583503,0.9817352007880653,0.991727334110635,0.9849753090515385,0.11125385761260986,0.032903313636779785,0.06437170505523682,0.9969128115274979,0.9997293979195969,0.9989648752126592,-1.0059151649475098,1.0835812091827393,-0.0009580169571563601,0.46699617346938777,0.517105342834254,
6,client_6,False,orig,clip01,pretrained,0.9419736862182617,0.02243208885192871,0.03648388385772705,0.06552696228027344,0.9998742122156206,0.9996673145876789,0.9989274179100782,0.9944154788038753,0.9909410521277697,0.9838173905905192,0.022073030471801758,0.03648388385772705,0.0651780366897583,0.9998782064578422,0.9996673145876789,0.9989388012480038,-0.9050535559654236,0.9173773527145386,-0.014819979667663574,0.5667251275510204,0.7296009567296899,
6,client_7,False,orig,clip01,pretrained,0.9040736556053162,0.03692972660064697,0.02913367748260498,0.08460915088653564,0.9996591359895961,0.9997878409737235,0.9982127222894159,0.9908311119626922,0.9927561776586933,0.9791786834226892,0.056076765060424805,0.029503822326660156,0.08858144283294678,0.9992143123912423,0.9997824166304465,0.9980412143954174,-0.8954287767410278,1.3889180421829224,0.021126898005604744,0.46595982142857145,0.6501596702073239,
6,client_8,False,orig,clip01,pretrained,0.9485473036766052,0.08645820617675781,0.03133189678192139,0.07163047790527344,0.9981338606260954,0.999754623227691,0.9987185016716396,0.9787309403715496,0.9922128072583181,0.9823300999470788,0.09636175632476807,0.03111851215362549,0.07331836223602295,0.9976826385007451,0.9997579534992007,0.9986574577888516,-0.899920642375946,1.0428084135055542,-0.008185017853975296,0.5419323979591837,0.6263548558284115,
6,client_9,False,orig,clip01,pretrained,0.9444627165794373,0.09448361396789551,0.01769077777862549,0.0638965368270874,0.997771941874239,0.9999217636863906,0.9989800889817777,0.9767911698867866,0.9955919333068206,0.9842152609079324,0.10794711112976074,0.017588376998901367,0.06606388092041016,0.9970932079754065,0.9999226667342545,0.9989097831604792,-1.0834124088287354,1.248471736907959,0.025442173704504967,0.4398915816326531,0.46480861098549775,
6,client_0,True,flip,raw,random,0.7836377024650574,0.18519556522369385,0.14314627647399902,0.1403810977935791,0.9914804819441705,0.9948969016451075,0.9950914326048081,0.95526135590169,0.9651518918781583,0.9658076808841805,0.19093036651611328,0.14670205116271973,0.14235544204711914,0.9909483219864175,0.9946412620299532,0.9949529185974006,-0.9111732840538025,1.0225127935409546,-0.021171793341636658,0.6102519132653061,-0.24615345342288317,
6,client_1,True,flip,raw,random,0.9535154104232788,0.13467824459075928,0.06911623477935791,0.1198800802230835,0.9954808185508088,0.9988068053845625,0.9964168500439072,0.967162282926258,0.9829423559155042,0.9706906360099639,0.11930084228515625,0.07023286819458008,0.11668813228607178,0.9964513006019526,0.9987679756549688,0.9966046411586145,-0.7966607213020325,0.8493257761001587,0.022972287610173225,0.5098054846938775,-0.1943574037995659,
6,client_2,False,flip,raw,random,0.7423154711723328,0.10210955142974854,0.05850541591644287,0.05226325988769531,0.9973984969172864,0.9991448279629138,0.9993174874854565,0.9749532954954143,0.985532568981542,0.987061133734068,0.10107934474945068,0.058158159255981445,0.05256009101867676,0.997450626512989,0.99915494310135,0.9993097167846563,-0.8469744920730591,0.9606119394302368,-0.06794174015522003,0.6260363520408163,0.5553221340579892,
6,client_3,False,flip,raw,random,0.8454616665840149,0.07628202438354492,0.05965566635131836,0.06006813049316406,0.9985468488710874,0.9991108936960518,0.9990985648280786,0.9811988865863983,0.9852512859544187,0.985150451038677,0.06787276268005371,0.058664798736572266,0.059740304946899414,0.998849316042659,0.9991401652370782,0.9991083706926254,-0.9458019137382507,1.0047786235809326,-0.017787586897611618,0.5639349489795918,0.6545278249146651,
6,client_4,False,flip,raw,random,0.8447687029838562,0.14307451248168945,0.06126511096954346,0.08900165557861328,0.9949019974908726,0.9990623065188842,0.9980226137737211,0.9651689029528225,0.9848579134555939,0.978115553876558,0.15016794204711914,0.06251382827758789,0.08798372745513916,0.9943861464274126,0.9990237207492427,0.9980675213596173,-0.7534337043762207,0.8707955479621887,-0.02984531596302986,0.5786033163265306,0.5717512727432383,
6,client_5,False,flip,raw,random,0.8667965531349182,0.12850213050842285,0.03905320167541504,0.09867429733276367,0.9958845476337745,0.9996188208679617,0.9975702825110926,0.9686325195801115,0.9903077362662545,0.9757805591766151,0.13551223278045654,0.03863382339477539,0.101226806640625,0.9954248684648073,0.9996269613237538,0.9974431969458746,-0.8280189037322998,1.0326510667800903,-0.026348711922764778,0.5557238520408163,0.517105342834254,
6,client_6,False,flip,raw,random,0.9160201549530029,0.11622023582458496,0.04059493541717529,0.09112977981567383,0.996631747315899,0.9995881400703333,0.9979270692410425,0.971566240576635,0.9899280030011159,0.9776011013280133,0.08246254920959473,0.04007542133331299,0.08963096141815186,0.9983021471272666,0.9995986110270418,0.9979945940456636,-0.7913450002670288,0.8753056526184082,-0.012852445244789124,0.5452008928571429,0.7296009567296899,
6,client_7,False,flip,raw,random,0.8634435534477234,0.08334469795227051,0.06489443778991699,0.07205593585968018,0.998265674553404,0.9989480087382319,0.9987032480836338,0.9794850438549982,0.9839717159449497,0.9822265511708517,0.0846785306930542,0.06540846824645996,0.07120966911315918,0.9982097938778667,0.9989312904492893,0.9987335000608466,-0.9233670234680176,1.0649921894073486,-0.04928794130682945,0.5933514030612245,0.6501596702073239,
6,client_8,False,flip,raw,random,0.8789106607437134,0.1303161382675171,0.08105814456939697,0.0652165412902832,0.9957679071732415,0.9983594157379883,0.9989375480489258,0.968200343372638,0.9800394113380588,0.9838931235599411,0.0957481861114502,0.07935714721679688,0.06390905380249023,0.9977120050062438,0.9984274679055827,0.9989796896587402,-1.0500456094741821,0.9293653964996338,-0.008809076622128487,0.5331632653061225,0.6263548558284115,
6,client_9,False,flip,raw,random,0.8145086169242859,0.09354043006896973,0.05529463291168213,0.13857197761535645,0.9978161305593574,0.9992360638741478,0.9952166814696588,0.9770188414731917,0.9863183740788137,0.9662370935213791,0.11548042297363281,0.05609405040740967,0.1413809061050415,0.9966743861221059,0.9992138282347138,0.9950215272396024,-0.9001825451850891,0.8092974424362183,-0.04263673350214958,0.5800382653061225,0.46480861098549775,
6,client_0,True,flip,raw,pretrained,0.7836377024650574,0.11046028137207031,0.06507110595703125,0.09742140769958496,0.996956596191723,0.998942277625019,0.9976314831675119,0.9729466927580077,0.9839286082222205,0.9760825371516617,0.12092363834381104,0.06639468669891357,0.09872257709503174,0.9963543671888186,0.9988988466450286,0.9975679086253153,-0.9111732840538025,1.0225127935409546,-0.021171793341636658,0.6102519132653061,-0.24615345342288317,0.44065117835998535
6,client_1,True,flip,raw,pretrained,0.9535154104232788,0.0854196548461914,0.12430822849273682,0.057296156883239746,0.9981783632465047,0.9961480306563153,0.9991797925065742,0.9789823845406869,0.9696328007303738,0.9858284119803382,0.12080192565917969,0.13059759140014648,0.058408141136169434,0.9963616823082686,0.9957496651060018,0.9991476675077189,-0.7966607213020325,0.8493257761001587,0.022972287610173225,0.5098054846938775,-0.1943574037995659,0.36078059673309326
6,client_2,False,flip,raw,pretrained,0.7423154711723328,0.16316652297973633,0.07254683971405029,0.05798625946044922,0.9933772521065116,0.9986855363130569,0.9991599280948096,0.9604237825520514,0.9821070944009822,0.9856595633297958,0.09588384628295898,0.07142376899719238,0.05554354190826416,0.9977055281225089,0.9987258801530716,0.9992291746571222,-0.8469744920730591,0.9606119394302368,-0.06794174015522003,0.6260363520408163,0.5553221340579892,0.5616681575775146
6,client_3,False,flip,raw,pretrained,0.8454616665840149,0.1067345142364502,0.025374412536621094,0.0538640022277832,0.9971580081310429,0.9998390542274025,0.9992750617090904,0.9738411931405653,0.9936864528191671,0.9866688086192938,0.11011600494384766,0.025442123413085938,0.0536649227142334,0.9969754946583651,0.9998381942275727,0.9992804076135624,-0.9458019137382507,1.0047786235809326,-0.017787586897611618,0.5639349489795918,0.6545278249146651,0.3459702730178833
6,client_4,False,flip,raw,pretrained,0.8447687029838562,0.0898364782333374,0.032948970794677734,0.07295012474060059,0.9979854009394948,0.9997286465680639,0.9986708962015314,0.9779136954969505,0.9918133730126255,0.9820089751512471,0.08133172988891602,0.03289639949798584,0.07188773155212402,0.9983483362809609,0.9997295116105305,0.9987092893269998,-0.7534337043762207,0.8707955479621887,-0.02984531596302986,0.5786033163265306,0.5717512727432383,0.5173192024230957
6,client_5,False,flip,raw,pretrained,0.8667965531349182,0.09668183326721191,0.02424025535583496,0.08809983730316162,0.9976672451444895,0.999853118687668,0.9980624249295662,0.9762608590841284,0.9939673704263381,0.9783336819446449,0.10054147243499756,0.024012446403503418,0.09079647064208984,0.9974776350108536,0.9998558661872434,0.9979421817209044,-0.8280189037322998,1.0326510667800903,-0.026348711922764778,0.5557238520408163,0.517105342834254,0.37408506870269775
6,client_6,False,flip,raw,pretrained,0.9160201549530029,0.07954931259155273,0.023148536682128906,0.056249380111694336,0.9984198518699512,0.9998660497708893,0.9992094708246533,0.9804054807433578,0.9942378890658654,0.9860846116239053,0.07339358329772949,0.02300846576690674,0.05566668510437012,0.998654704391752,0.9998676657614942,0.9992257549280965,-0.7913450002670288,0.8753056526184082,-0.012852445244789124,0.5452008928571429,0.7296009567296899,0.40296638011932373
6,client_7,False,flip,raw,pretrained,0.8634435534477234,0.05482888221740723,0.04803109169006348,0.0973348617553711,0.9992488718324166,0.9994235029408178,0.9976356820595209,0.9864324397088733,0.9880995220263873,0.9761034020854558,0.031548500061035156,0.04768729209899902,0.0968024730682373,0.9997512194645448,0.9994317228635319,0.9976614301008453,-0.9233670234680176,1.0649921894073486,-0.04928794130682945,0.5933514030612245,0.6501596702073239,0.5598329901695251
6,client_8,False,flip,raw,pretrained,0.8789106607437134,0.09779071807861328,0.028934240341186523,0.05588579177856445,0.9976135239418922,0.9997907352835658,0.9992196515782286,0.97599350946255,0.9928054979410879,0.9861736236068714,0.10547530651092529,0.02888023853302002,0.056264400482177734,0.9972245309250545,0.9997915155606303,0.9992090488260248,-1.0500456094741821,0.9293653964996338,-0.008809076622128487,0.5331632653061225,0.6263548558284115,0.39129650592803955
6,client_9,False,flip,raw,pretrained,0.8145086169242859,0.1736053228378296,0.024939298629760742,0.13344180583953857,0.9925076674276041,0.9998445259774731,0.9955631409404366,0.9579722763569805,0.9937942114131975,0.9674563512956957,0.15085136890411377,0.02432870864868164,0.1325622797012329,0.9943351497417852,0.9998520449039563,0.995621244009997,-0.9001825451850891,0.8092974424362183,-0.04263673350214958,0.5800382653061225,0.46480861098549775,0.46626412868499756
6,client_0,True,flip,clip01,random,0.7836377024650574,0.09679186344146729,0.07639801502227783,0.1950976848602295,0.9976619417916877,0.9985424311690936,0.9905517146640619,0.9762343261448116,0.9811707037188795,0.9529544014698796,0.11212897300720215,0.07913672924041748,0.19856619834899902,0.9968641680193167,0.9984361810939608,0.9902152704781333,-0.9111732840538025,1.0225127935409546,-0.021171793341636658,0.6102519132653061,-0.24615345342288317,
6,client_1,True,flip,clip01,random,0.9535154104232788,0.1410064697265625,0.08346843719482422,0.09576833248138428,0.9950477646130054,0.9982605276596703,0.9977110437249805,0.965659309304506,0.9794550571018463,0.9764811846584465,0.1889793872833252,0.08818328380584717,0.09664607048034668,0.9911311357153811,0.9980587580706535,0.9976689675879655,-0.7966607213020325,0.8493257761001587,0.022972287610173225,0.5098054846938775,-0.1943574037995659,
6,client_2,False,flip,clip01,random,0.7423154711723328,0.20283007621765137,0.04287278652191162,0.10590791702270508,0.9897937945661421,0.9995406393645214,0.9972017647798193,0.9511587569968263,0.9893673617489098,0.9740398139897404,0.13172292709350586,0.041214585304260254,0.10190331935882568,0.9956763395388672,0.9995754747043184,0.9974089744781145,-0.8469744920730591,0.9606119394302368,-0.06794174015522003,0.6260363520408163,0.5553221340579892,
6,client_3,False,flip,clip01,random,0.8454616665840149,0.08389031887054443,0.01811039447784424,0.05438506603240967,0.9982429225319143,0.9999180084452746,0.9992609760212907,0.9793528293870672,0.9954877302367016,0.9865411518437426,0.0681232213973999,0.017879366874694824,0.0524364709854126,0.9988408154457442,0.9999200868499469,0.9993129583528355,-0.9458019137382507,1.0047786235809326,-0.017787586897611618,0.5639349489795918,0.6545278249146651,
6,client_4,False,flip,clip01,random,0.8447687029838562,0.07671022415161133,0.06412696838378906,0.061035871505737305,0.9985305069473958,0.9989727251389213,0.9990693057522153,0.9810948506288997,0.9841590143834933,0.9849139286353232,0.04411590099334717,0.06192374229431152,0.05882716178894043,0.999513624313769,0.9990420513415184,0.9991354023154801,-0.7534337043762207,0.8707955479621887,-0.02984531596302986,0.5786033163265306,0.5717512727432383,
6,client_5,False,flip,clip01,random,0.8667965531349182,0.09376561641693115,0.06070351600646973,0.05337071418762207,0.9978056204759878,0.9990794068993876,0.9992882718629637,0.9769644773554094,0.9849951489423814,0.9867896833817591,0.11573469638824463,0.062185049057006836,0.05455636978149414,0.9966597615813007,0.9990339554215193,0.9992563156894996,-0.8280189037322998,1.0326510667800903,-0.026348711922764778,0.5557238520408163,0.517105342834254,
6,client_6,False,flip,clip01,random,0.9160201549530029,0.0688788890838623,0.04585611820220947,0.073272705078125,0.9988149789209102,0.9994745113015802,0.9986591276552996,0.9830001827411243,0.9886338028492418,0.9819305019438287,0.05595970153808594,0.04524993896484375,0.07180488109588623,0.9992175873816314,0.9994883072129412,0.9987122598227756,-0.7913450002670288,0.8753056526184082,-0.012852445244789124,0.5452008928571429,0.7296009567296899,
6,client_7,False,flip,clip01,random,0.8634435534477234,0.06740593910217285,0.06672048568725586,0.11249136924743652,0.9988650768082015,0.9988880224396586,0.9968439135891667,0.9833591659742165,0.9835262898463242,0.9724595787087638,0.03887319564819336,0.06567442417144775,0.10990583896636963,0.9996223256775743,0.998922588906296,0.9969870026253256,-0.9233670234680176,1.0649921894073486,-0.04928794130682945,0.5933514030612245,0.6501596702073239,
6,client_8,False,flip,clip01,random,0.8789106607437134,0.12837374210357666,0.026614785194396973,0.06496703624725342,0.9958927418064583,0.9998229368193079,0.9989456555250193,0.9686631183055241,0.9933793632172698,0.9839540012947734,0.12960529327392578,0.02632308006286621,0.06478381156921387,0.9958138067853701,0.9998267963669163,0.9989515895435299,-1.0500456094741821,0.9293653964996338,-0.008809076622128487,0.5331632653061225,0.6263548558284115,
6,client_9,False,flip,clip01,random,0.8145086169242859,0.05603635311126709,0.022945046424865723,0.05824935436248779,0.9992154437349599,0.9998683942026485,0.9991522925211664,0.9861367624279278,0.994288324440973,0.9855952028493487,0.051094770431518555,0.022349119186401367,0.05864584445953369,0.9993476504545098,0.999875140911475,0.9991407204051077,-0.9001825451850891,0.8092974424362183,-0.04263673350214958,0.5800382653061225,0.46480861098549775,
6,client_0,True,flip,clip01,pretrained,0.7836377024650574,0.10025715827941895,0.060996174812316895,0.10110938549041748,0.9974918536673727,0.9990705151301631,0.9974491138431754,0.9753992502866609,0.9849236290975212,0.9751940426337877,0.11025786399841309,0.062326788902282715,0.10156035423278809,0.9969677146287603,0.9990295497558757,0.9974263521807512,-0.9111732840538025,1.0225127935409546,-0.021171793341636658,0.6102519132653061,-0.24615345342288317,
6,client_1,True,flip,clip01,pretrained,0.9535154104232788,0.08350992202758789,0.13397216796875,0.04790830612182617,0.9982588004112927,0.9955279210431356,0.9994264453943571,0.9794450040479632,0.9673301961932905,0.9881296726803961,0.11619865894317627,0.13883531093597412,0.04824268817901611,0.9966329947065209,0.9951985499595597,0.9994184145651812,-0.7966607213020325,0.8493257761001587,0.022972287610173225,0.5098054846938775,-0.1943574037995659,
6,client_2,False,flip,clip01,pretrained,0.7423154711723328,0.1919257640838623,0.0781944990158081,0.06745803356170654,0.9908543459997432,0.9984731557782913,0.9988633233833732,0.9536924702255967,0.9807343574665426,0.9833464663026827,0.11982452869415283,0.07726526260375977,0.06344866752624512,0.9964201611641048,0.9985091887885122,0.9989943258274492,-0.8469744920730591,0.9606119394302368,-0.06794174015522003,0.6260363520408163,0.5553221340579892,
6,client_3,False,flip,clip01,pretrained,0.8454616665840149,0.09689223766326904,0.022381186485290527,0.04637134075164795,0.9976570986225148,0.9998747823837097,0.9994626413532783,0.9762101226091793,0.9944280980551785,0.9885071995886159,0.09232211112976074,0.022374749183654785,0.04570901393890381,0.9978725575675313,0.9998748543970499,0.9994778760614282,-0.9458019137382507,1.0047786235809326,-0.017787586897611618,0.5639349489795918,0.6545278249146651,
6,client_4,False,flip,clip01,pretrained,0.8447687029838562,0.08643054962158203,0.027619004249572754,0.06763243675231934,0.9981350526593642,0.9998093249231954,0.9988574433970365,0.9787376350571273,0.9931308444618459,0.9833039518024826,0.08211207389831543,0.027649998664855957,0.06657278537750244,0.9983165304086759,0.9998088967882075,0.99889293611477,-0.7534337043762207,0.8707955479621887,-0.02984531596302986,0.5786033163265306,0.5717512727432383,
6,client_5,False,flip,clip01,pretrained,0.8667965531349182,0.10087454319000244,0.025961637496948242,0.08747100830078125,0.99746092719287,0.9998315196368732,0.9980899463264195,0.9752505838036343,0.9935410507936042,0.9784858237119043,0.10159742832183838,0.025704145431518555,0.08884751796722412,0.9974244764757614,0.9998348446869705,0.9980294468024251,-0.8280189037322998,1.0326510667800903,-0.026348711922764778,0.5557238520408163,0.517105342834254,
6,client_6,False,flip,clip01,pretrained,0.9160201549530029,0.07827997207641602,0.020136594772338867,0.050487399101257324,0.9984698198536412,0.9998986370942322,0.9993630600661052,0.9807136042569919,0.9949847957641853,0.9874966525185229,0.06866121292114258,0.020019173622131348,0.04967391490936279,0.9988224504624454,0.999899815700179,0.9993834108295938,-0.7913450002670288,0.8753056526184082,-0.012852445244789124,0.5452008928571429,0.7296009567296899,
6,client_7,False,flip,clip01,pretrained,0.8634435534477234,0.05586743354797363,0.04676973819732666,0.10057806968688965,0.9992201638760463,0.9994533721022776,0.9974758018657726,0.9861781183021898,0.9884093199004362,0.9753219704716707,0.03570413589477539,0.04643392562866211,0.09985733032226562,0.9996813798296031,0.9994611904735742,0.9975117815967542,-0.9233670234680176,1.0649921894073486,-0.04928794130682945,0.5933514030612245,0.6501596702073239,
6,client_8,False,flip,clip01,pretrained,0.8789106607437134,0.11267781257629395,0.03164052963256836,0.05130743980407715,0.996833467997926,0.9997497661937869,0.9993422113499819,0.9724148825162358,0.9921365530716173,0.9872955068215679,0.11203265190124512,0.031227707862854004,0.05146658420562744,0.9968695405432892,0.9997562521343484,0.9993381264187744,-1.0500456094741821,0.9293653964996338,-0.008809076622128487,0.5331632653061225,0.6263548558284115,
6,client_9,False,flip,clip01,pretrained,0.8145086169242859,0.18239235877990723,0.025812983512878418,0.1349400281906128,0.9917348516334035,0.9998334432793237,0.9954632928597482,0.9559159592334947,0.9935778557998394,0.9671000388514204,0.16018247604370117,0.02515864372253418,0.1332951784133911,0.9936161247118127,0.9998417794393288,0.9955728537446171,-0.9001825451850891,0.8092974424362183,-0.04263673350214958,0.5800382653061225,0.46480861098549775,
6,client_0,True,flip_global,raw,random,0.8987638354301453,0.1860365867614746,0.08644473552703857,0.1021580696105957,0.9914034283607767,0.9981344412758795,0.9973960289111632,0.9550650923214827,0.9787342011365416,0.9749416190894595,0.20670247077941895,0.08865475654602051,0.1021580696105957,0.9894034973420842,0.9980379754825286,0.9973960289111632,-1.1416049003601074,1.1323240995407104,-0.020670339465141296,0.5925542091836735,-0.24615345342288317,
6,client_1,True,flip_global,raw,random,0.9504134654998779,0.14830923080444336,0.045957088470458984,0.08678531646728516,0.9945236900214167,0.9994721955311636,0.9981197329816618,0.9639292357931999,0.9886089899740795,0.9786517636150283,0.14728271961212158,0.046428680419921875,0.08528470993041992,0.9945989290736701,0.9994613121461189,0.9981841064635171,-1.2420858144760132,1.0685136318206787,0.0065961261279881,0.5018335459183674,-0.1943574037995659,
6,client_2,False,flip_global,raw,random,0.7971637845039368,0.14104652404785156,0.048099398612976074,0.06917071342468262,0.9950449612147059,0.9994218627677096,0.9988049253358093,0.9656498074495012,0.9880827494931885,0.9829290834770892,0.1339503526687622,0.04786276817321777,0.06857550144195557,0.9955293724555785,0.9994275347619141,0.9988253859665772,-0.9160669445991516,1.061355710029602,-0.06420271098613739,0.6174266581632653,0.5553221340579892,
6,client_3,False,flip_global,raw,random,0.8716410398483276,0.09751462936401367,0.06833529472351074,0.05046701431274414,0.9976269562490288,0.9988335932583683,0.9993635740584255,0.9760600635505023,0.983132643128926,0.9875016534347443,0.09319925308227539,0.0680696964263916,0.05064535140991211,0.9978320064195885,0.9988426347107813,0.9993590703550939,-0.9146686792373657,1.1094785928726196,-0.019388094544410706,0.5995695153061225,0.6545278249146651,
6,client_4,False,flip_global,raw,random,0.8841584920883179,0.15448248386383057,0.06219887733459473,0.07835948467254639,0.994060383252299,0.9990335260407561,0.9984667133026615,0.9624703787667639,0.9846297949339593,0.9806942988644731,0.14461147785186768,0.062392592430114746,0.0770953893661499,0.994792310011871,0.9990275010012033,0.9985157296023,-0.770707905292511,0.9379184246063232,-0.03325251117348671,0.5854591836734694,0.5717512727432383,
6,client_5,False,flip_global,raw,random,0.8909624218940735,0.12863004207611084,0.028560161590576172,0.08929562568664551,0.995876375849712,0.9997961104760527,0.9980095492323728,0.968602035942355,0.9928980165507901,0.978044465382389,0.13132143020629883,0.02829897403717041,0.09105551242828369,0.9957025718672163,0.999799822075593,0.9979304413432335,-0.9086451530456543,1.0333163738250732,-0.02653159387409687,0.5858577806122449,0.517105342834254,
6,client_6,False,flip_global,raw,random,0.9293096661567688,0.10262751579284668,0.04763758182525635,0.08427119255065918,0.9973720892078688,0.9994329065112919,0.9982269528344845,0.9748286528146515,0.9881961553595364,0.9792605522277682,0.05375814437866211,0.04715263843536377,0.08182430267333984,0.9992779067808164,0.9994443888086759,0.9983282947849648,-0.8511991500854492,0.9342690706253052,-0.004480062518268824,0.5444834183673469,0.7296009567296899,
6,client_7,False,flip_global,raw,random,0.9167550802230835,0.07257485389709473,0.03611958026885986,0.0770113468170166,0.9986845219507581,0.9996739237465568,0.9985189602845383,0.9821002780744876,0.9910308991779249,0.981021699400475,0.07113659381866455,0.03644156455993652,0.07669198513031006,0.9987360956258398,0.9996680857415776,0.9985312048830173,-0.9604827165603638,1.0704991817474365,-0.040066491812467575,0.6196588010204082,0.6501596702073239,
6,client_8,False,flip_global,raw,random,0.939796507358551,0.16221833229064941,0.05731761455535889,0.06253743171691895,0.9934536231826401,0.9991791784269703,0.9990229839200562,0.960646927717197,0.9858231612388919,0.9845471059038364,0.14048480987548828,0.05617380142211914,0.06221926212310791,0.9950842039042054,0.9992115925088192,0.9990328929006875,-0.9364200830459595,1.0415226221084595,-0.014770657755434513,0.5770089285714286,0.6263548558284115,
6,client_9,False,flip_global,raw,random,0.8677855730056763,0.07182168960571289,0.05111384391784668,0.1152796745300293,0.9987116574513399,0.999347163562865,0.9966859096776874,0.9822835604482036,0.9873429879191828,0.9717914580276785,0.08788847923278809,0.05186009407043457,0.11704635620117188,0.998071697117479,0.9993279715697443,0.9965838156887576,-0.9731125235557556,0.9840139150619507,-0.04519225284457207,0.6221301020408163,0.46480861098549775,
6,client_0,True,flip_global,raw,pretrained,0.8987638354301453,0.09349274635314941,0.05991005897521973,0.0662529468536377,0.997818352872238,0.99910329971895,0.9989035392635901,0.977030353780078,0.9851890928782359,0.9836403073153976,0.1348831057548523,0.06082737445831299,0.06875824928283691,0.9954671065161738,0.9990756489483914,0.9988191226863277,-1.1416049003601074,1.1323240995407104,-0.020670339465141296,0.5925542091836735,-0.24615345342288317,0.3807765245437622
6,client_1,True,flip_global,raw,pretrained,0.9504134654998779,0.08046436309814453,0.07272696495056152,0.05739760398864746,0.9983833344533477,0.9986790073700831,0.9991768872534883,0.9801834487697894,0.9820632681113859,0.9858035880114511,0.11386281251907349,0.0758056640625,0.05792820453643799,0.9967666772338357,0.9985649217853334,0.99916160832875,-1.2420858144760132,1.0685136318206787,0.0065961261279881,0.5018335459183674,-0.1943574037995659,0.3667795658111572
6,client_2,False,flip_global,raw,pretrained,0.7971637845039368,0.12252211570739746,0.04455387592315674,0.049593448638916016,0.9962576201529001,0.9995039226819376,0.9993854059045597,0.9700592747796559,0.9889539053282039,0.9877159974205776,0.10705256462097168,0.04360830783843994,0.04828035831451416,0.9971410819983462,0.9995247483379861,0.9994175063496322,-0.9160669445991516,1.061355710029602,-0.06420271098613739,0.6174266581632653,0.5553221340579892,0.5139038562774658
6,client_3,False,flip_global,raw,pretrained,0.8716410398483276,0.06645834445953369,0.015205144882202148,0.049448251724243164,0.9988967358580854,0.9999422033977354,0.999388997737721,0.9835902150969078,0.9962095241690139,0.9877516306847032,0.07044053077697754,0.015164732933044434,0.049078941345214844,0.9987606860371554,0.9999425101976958,0.9993980862424248,-0.9146686792373657,1.1094785928726196,-0.019388094544410706,0.5995695153061225,0.6545278249146651,0.3115677833557129
6,client_4,False,flip_global,raw,pretrained,0.8841584920883179,0.09913671016693115,0.025798678398132324,0.07333564758300781,0.9975474986096555,0.9998336278109234,0.9986568253236272,0.9756691414649352,0.9935813976886063,0.9819151911959123,0.09455406665802002,0.025241851806640625,0.07291543483734131,0.9977686234511036,0.9998407312568014,0.9986721586970428,-0.770707905292511,0.9379184246063232,-0.03325251117348671,0.5854591836734694,0.5717512727432383,0.46287238597869873
6,client_5,False,flip_global,raw,pretrained,0.8909624218940735,0.07446646690368652,0.016054868698120117,0.06349587440490723,0.9986151264170855,0.9999355634119964,0.9989928299246991,0.9816401807270176,0.9959983335564377,0.9843130709309538,0.07889437675476074,0.01606440544128418,0.06409013271331787,0.9984457335186439,0.9999354868410852,0.9989739040617043,-0.9086451530456543,1.0333163738250732,-0.02653159387409687,0.5858577806122449,0.517105342834254,0.3384075164794922
6,client_6,False,flip_global,raw,pretrained,0.9293096661567688,0.09454786777496338,0.021418213844299316,0.08583211898803711,0.9977689155259981,0.9998853248926702,0.998160752906931,0.9767756628015973,0.9946668747373206,0.9788825110392536,0.08430266380310059,0.020954370498657227,0.08501899242401123,0.9982256300541512,0.9998902376259229,0.9981953889257418,-0.8511991500854492,0.9342690706253052,-0.004480062518268824,0.5444834183673469,0.7296009567296899,0.3583482503890991
6,client_7,False,flip_global,raw,pretrained,0.9167550802230835,0.05836164951324463,0.053420305252075195,0.08634471893310547,0.9991490229785283,0.9992869493074199,0.9981387496581791,0.9855677341886533,0.9867775306368072,0.9787584121052413,0.03249073028564453,0.053136348724365234,0.08458995819091797,0.999736140339454,0.9992945056253248,0.9982135319610728,-0.9604827165603638,1.0704991817474365,-0.040066491812467575,0.6196588010204082,0.6501596702073239,0.5250362157821655
6,client_8,False,flip_global,raw,pretrained,0.939796507358551,0.10360240936279297,0.016446471214294434,0.07346010208129883,0.9973220260445237,0.9999323818255084,0.998652267190622,0.9745941198017314,0.9959010271583348,0.981884918726305,0.10944700241088867,0.016693592071533203,0.07259440422058105,0.9970120512343419,0.9999303346360986,0.9986838138242653,-0.9364200830459595,1.0415226221084595,-0.014770657755434513,0.5770089285714286,0.6263548558284115,0.33817267417907715
6,client_9,False,flip_global,raw,pretrained,0.8677855730056763,0.0995020866394043,0.021393775939941406,0.10636985301971436,0.9975294210805148,0.9998855864065592,0.9971773533717994,0.9755811180332536,0.9946729354280772,0.9739288091194234,0.09914910793304443,0.020824790000915527,0.10716891288757324,0.9975468862942143,0.9998915908455701,0.9971348776562714,-0.9731125235557556,0.9840139150619507,-0.04519225284457207,0.6221301020408163,0.46480861098549775,0.37390589714050293
6,client_0,True,flip_global,clip01,random,0.8987638354301453,0.11936795711517334,0.04186546802520752,0.11050009727478027,0.9964473173586981,0.9995619646062635,0.9969544067946112,0.9708130882984536,0.9896152315154703,0.9729371402243747,0.1610490083694458,0.04253947734832764,0.11357712745666504,0.9935472043130607,0.9995477516717513,0.9967828427549343,-1.1416049003601074,1.1323240995407104,-0.020670339465141296,0.5925542091836735,-0.24615345342288317,
6,client_1,True,flip_global,clip01,random,0.9504134654998779,0.1353015899658203,0.060324668884277344,0.09811854362487793,0.9954390320963775,0.9990908539671899,0.9975975255630734,0.9670140804921799,0.9850877430300933,0.9759144925143435,0.18418443202972412,0.06363904476165771,0.09758055210113525,0.9915726706028989,0.9989882863253223,0.9976237523933951,-1.2420858144760132,1.0685136318206787,0.0065961261279881,0.5018335459183674,-0.1943574037995659,
6,client_2,False,flip_global,clip01,random,0.7971637845039368,0.14899682998657227,0.04277026653289795,0.10090136528015137,0.9944730043867329,0.9995428328870422,0.9974595793313779,0.9637665787356653,0.989392584472635,0.9752441258068578,0.13072896003723145,0.04191708564758301,0.10083746910095215,0.9957411372961891,0.9995608841533947,0.9974627896515051,-0.9160669445991516,1.061355710029602,-0.06420271098613739,0.6174266581632653,0.5553221340579892,
6,client_3,False,flip_global,clip01,random,0.8716410398483276,0.08243203163146973,0.023696303367614746,0.05010175704956055,0.9983034019715675,0.9998596360799517,0.9993727487246458,0.9797062603991087,0.9941021433159851,0.9875912669367743,0.08042669296264648,0.023681640625,0.04999423027038574,0.998384845979071,0.9998598097160591,0.9993754369485566,-0.9146686792373657,1.1094785928726196,-0.019388094544410706,0.5995695153061225,0.6545278249146651,
6,client_4,False,flip_global,clip01,random,0.8841584920883179,0.11581981182098389,0.05625498294830322,0.044229865074157715,0.9966548590517084,0.9992093134256108,0.9995111090936579,0.971662112543991,0.9860832400581714,0.9890335741750689,0.08617043495178223,0.05438721179962158,0.04392504692077637,0.9981462453809098,0.9992609177359684,0.9995178220059955,-0.770707905292511,0.9379184246063232,-0.03325251117348671,0.5854591836734694,0.5717512727432383,
6,client_5,False,flip_global,clip01,random,0.8909624218940735,0.07705211639404297,0.03552579879760742,0.05310642719268799,0.9985173934980796,0.9996845540544417,0.9992952995215594,0.9810117959441598,0.9911773678371085,0.9868544531208345,0.09429931640625,0.03639805316925049,0.054400086402893066,0.9977806109346183,0.9996688776858622,0.9992605679758495,-0.9086451530456543,1.0333163738250732,-0.02653159387409687,0.5858577806122449,0.517105342834254,
6,client_6,False,flip_global,clip01,random,0.9293096661567688,0.06454741954803467,0.03490936756134033,0.061604976654052734,0.9989592207881319,0.9996954036162375,0.9990518814496963,0.9840563980035071,0.9913294579013865,0.9847748753078027,0.05969059467315674,0.03452169895172119,0.06106460094451904,0.9991098529452842,0.9997021296371793,0.9990684300072987,-0.8511991500854492,0.9342690706253052,-0.004480062518268824,0.5444834183673469,0.7296009567296899,
6,client_7,False,flip_global,clip01,random,0.9167550802230835,0.042739152908325195,0.07147455215454102,0.08314132690429688,0.9995434975583044,0.9987240694147965,0.9982741172046279,0.9894002394668489,0.9823680535593005,0.9795343314353984,0.029943227767944336,0.07142901420593262,0.08226251602172852,0.9997758884543284,0.9987256931878328,0.998310363826884,-0.9604827165603638,1.0704991817474365,-0.040066491812467575,0.6196588010204082,0.6501596702073239,
6,client_8,False,flip_global,clip01,random,0.939796507358551,0.1100473403930664,0.03756904602050781,0.060242652893066406,0.9969792568894054,0.9996472350554184,0.999093322713315,0.9730457728480688,0.990673494404704,0.9851077902921674,0.12591242790222168,0.03781282901763916,0.05987048149108887,0.9960482664959143,0.9996426432971923,0.9991044832793543,-0.9364200830459595,1.0415226221084595,-0.014770657755434513,0.5770089285714286,0.6263548558284115,
6,client_9,False,flip_global,clip01,random,0.8677855730056763,0.058090925216674805,0.018179655075073242,0.07590591907501221,0.9991568946017473,0.9999173801552241,0.9985611275169839,0.9856339583596303,0.9954705323827231,0.9812902792682454,0.05555379390716553,0.01790642738342285,0.07683408260345459,0.9992288902439126,0.9999198447835609,0.9985257630006001,-0.9731125235557556,0.9840139150619507,-0.04519225284457207,0.6221301020408163,0.46480861098549775,
6,client_0,True,flip_global,clip01,pretrained,0.8987638354301453,0.10383236408233643,0.06091964244842529,0.06937062740325928,0.9973101488722531,0.9990728445091532,0.9987980136927623,0.9745388112663527,0.9849423312942014,0.9828803814506599,0.14136767387390137,0.06112957000732422,0.07172632217407227,0.9950224556121019,0.9990664480727978,0.998715073299457,-1.1416049003601074,1.1323240995407104,-0.020670339465141296,0.5925542091836735,-0.24615345342288317,
6,client_1,True,flip_global,clip01,pretrained,0.9504134654998779,0.0781480073928833,0.07895731925964355,0.05639481544494629,0.9984749687746901,0.9984432554168223,0.999205380081339,0.9807456460999946,0.9805491648914577,0.9860490102066632,0.11074578762054443,0.0817946195602417,0.056648850440979004,0.9969408794757675,0.9983295059223722,0.9991982094137208,-1.2420858144760132,1.0685136318206787,0.0065961261279881,0.5018335459183674,-0.1943574037995659,
6,client_2,False,flip_global,clip01,pretrained,0.7971637845039368,0.15032267570495605,0.04773545265197754,0.06009066104888916,0.9943746202793777,0.9994305749406953,0.9990978889322939,0.9634530557415477,0.9881721201156792,0.9851449434503761,0.1304638385772705,0.04730367660522461,0.058487653732299805,0.9957583389892344,0.9994408251630689,0.9991453468099509,-0.9160669445991516,1.061355710029602,-0.06420271098613739,0.6174266581632653,0.5553221340579892,
6,client_3,False,flip_global,clip01,pretrained,0.8716410398483276,0.07055521011352539,0.01587080955505371,0.04905879497528076,0.9987566512372656,0.9999370323248711,0.9993985800761849,0.9825918737355874,0.9960440739721159,0.9878472181050557,0.06973791122436523,0.01583385467529297,0.04855537414550781,0.9987852637590706,0.9999373252077834,0.9994108543594145,-0.9146686792373657,1.1094785928726196,-0.019388094544410706,0.5995695153061225,0.6545278249146651,
6,client_4,False,flip_global,clip01,pretrained,0.8841584920883179,0.08933401107788086,0.023856759071350098,0.06621778011322021,0.9980078401580896,0.9998577289442669,0.9989047019905377,0.9780351835156531,0.9940623849733776,0.9836488841383177,0.09242284297943115,0.023738980293273926,0.06678521633148193,0.9978679199977389,0.9998591300886785,0.9988858655682955,-0.770707905292511,0.9379184246063232,-0.03325251117348671,0.5854591836734694,0.5717512727432383,
6,client_5,False,flip_global,clip01,pretrained,0.8909624218940735,0.0791926383972168,0.01874411106109619,0.06734609603881836,0.9984339732715004,0.9999121703610956,0.998867089373799,0.9804920462238631,0.9953303909299076,0.983373754916719,0.08356404304504395,0.018742084503173828,0.06767010688781738,0.9982565457635793,0.9999121893505805,0.9988561713651773,-0.9086451530456543,1.0333163738250732,-0.02653159387409687,0.5858577806122449,0.517105342834254,
6,client_6,False,flip_global,clip01,pretrained,0.9293096661567688,0.09349071979522705,0.0176008939743042,0.07101321220397949,0.9978184472955971,0.9999225566312271,0.9987404719981217,0.977030843057632,0.9956142562060852,0.982480360393962,0.08208131790161133,0.017304301261901855,0.0706484317779541,0.9983177897059468,0.9999251444922352,0.998753366571393,-0.8511991500854492,0.9342690706253052,-0.004480062518268824,0.5444834183673469,0.7296009567296899,
6,client_7,False,flip_global,clip01,pretrained,0.9167550802230835,0.05334305763244629,0.04741525650024414,0.09067702293395996,0.999289008909626,0.9994381852020193,0.9979475841716652,0.9867964609716946,0.9882507575595672,0.9777105167120226,0.03404378890991211,0.04750537872314453,0.08983683586120605,0.9997103180612832,0.9994360483928062,0.9979853849239702,-0.9604827165603638,1.0704991817474365,-0.040066491812467575,0.6196588010204082,0.6501596702073239,
6,client_8,False,flip_global,clip01,pretrained,0.939796507358551,0.1060265302658081,0.01710498332977295,0.069327712059021,0.9971955066125255,0.9999268588987853,0.9987994990839548,0.9740113089912248,0.9957374305305724,0.9828908359632047,0.11079204082489014,0.017183303833007812,0.06855642795562744,0.9969383295185161,0.9999261876038028,0.998826038711095,-0.9364200830459595,1.0415226221084595,-0.014770657755434513,0.5770089285714286,0.6263548558284115,
6,client_9,False,flip_global,clip01,pretrained,0.8677855730056763,0.08977305889129639,0.02149653434753418,0.10622084140777588,0.9979882400238671,0.9998844847615653,0.9971852395297527,0.9779290279668209,0.9946474513358587,0.9739646150668175,0.09532594680786133,0.02114105224609375,0.10649871826171875,0.9977321058767252,0.9998882733405001,0.9971705245836446,-0.9731125235557556,0.9840139150619507,-0.04519225284457207,0.6221301020408163,0.46480861098549775,
7,client_0,True,orig,raw,random,0.9263134002685547,0.07863008975982666,0.04583024978637695,0.059012770652770996,0.9984561172603981,0.9994751037797951,0.9991299413939163,0.9806286011278704,0.9886401600172268,0.98540848525423,0.05738544464111328,0.04444169998168945,0.059345245361328125,0.999177235744604,0.9995064166202903,0.9991201165411949,-0.7669990062713623,1.3427472114562988,0.004029079806059599,0.5192920918367347,-0.29057608138756347,
7,client_1,True,orig,raw,random,0.9170833230018616,0.05756044387817383,0.06551730632781982,0.07840847969055176,0.9991722131080005,0.9989277337406375,0.9984647975078829,0.9857637432730617,0.9838197462077269,0.9806824033219341,0.04582786560058594,0.0648268461227417,0.07781219482421875,0.9994751583692822,0.9989501973031611,0.9984880323109231,-1.0675246715545654,1.2716401815414429,0.019317626953125,0.467952806122449,-0.17814427223467674,
7,client_2,False,orig,raw,random,0.9388536810874939,0.04233813285827637,0.030713796615600586,0.043451786041259766,0.9995520211972357,0.9997642073812878,0.9995281526189805,0.98949891179189,0.9923655482460287,0.9892249301279925,0.03905165195465088,0.0306246280670166,0.04150879383087158,0.9996188511108404,0.9997655742636695,0.9995693941253281,-0.9100232720375061,0.9623376131057739,-0.005815800745040178,0.48501275510204084,0.5581247733462629,
7,client_3,False,orig,raw,random,0.8967660665512085,0.07908105850219727,0.061011552810668945,0.06383109092712402,0.9984383779593791,0.9990700467255018,0.9989821756010608,0.9805191292247715,0.9849198712438001,0.9842312366153168,0.0567774772644043,0.06065666675567627,0.062062740325927734,0.9991945663925028,0.9990808263469233,0.999037749075711,-0.9485607147216797,1.2013014554977417,0.03404947370290756,0.444515306122449,0.6494580284964832,
7,client_4,False,orig,raw,random,0.9388213753700256,0.08194327354431152,0.05417799949645996,0.050031065940856934,0.9983234361191855,0.9992665897605859,0.9993745166873047,0.9798247588204321,0.9865918786445391,0.987608611951563,0.09406411647796631,0.05458998680114746,0.050701022148132324,0.9977916499396471,0.9992553994194142,0.9993576612055768,-0.7899269461631775,1.1537498235702515,-0.04081282392144203,0.5746970663265306,0.5386962805782146,
7,client_5,False,orig,raw,random,0.9073827862739563,0.052845001220703125,0.04550135135650635,0.09792852401733398,0.9993022168527972,0.9994826076151024,0.9976068052812774,0.9869185279757635,0.9887209922155371,0.9759602924407789,0.06822168827056885,0.04611408710479736,0.09966373443603516,0.9988374649243315,0.9994685846394284,0.9975214022599737,-0.9962987899780273,0.9038063287734985,0.023889441043138504,0.4510522959183674,0.48655016941089824,
7,client_6,False,orig,raw,random,0.8935731053352356,0.11380362510681152,0.04266071319580078,0.055358171463012695,0.9967700296630824,0.999545171099018,0.9992343082105122,0.9721450562072409,0.9894195386589832,0.986302814573824,0.10640358924865723,0.04256582260131836,0.05306220054626465,0.9971755664238475,0.9995471915220302,0.9992964721525448,-0.8882033228874207,1.027906060218811,0.02513531781733036,0.49888392857142855,0.7172525419461919,
7,client_7,False,orig,raw,random,0.9157541990280151,0.05955350399017334,0.06043815612792969,0.04537975788116455,0.9991139343158564,0.9990874323874068,0.9994853681145068,0.9852762639324162,0.985060004223701,0.9887508783228016,0.07803988456726074,0.06250762939453125,0.04489791393280029,0.9984791810027842,0.9990239142139556,0.9994962347466989,-0.7243606448173523,1.1715677976608276,0.05685907602310181,0.38480548469387754,0.6861494499267016,
7,client_8,False,orig,raw,random,0.8819847106933594,0.053388357162475586,0.04092419147491455,0.03667187690734863,0.9992878014788587,0.9995814340825624,0.9996638781185201,0.9867853597832967,0.9898469346406176,0.9908946927730076,0.047513365745544434,0.03980755805969238,0.036802053451538086,0.999435858824099,0.9996039572570778,0.9996614881827,-1.1813805103302002,1.1354914903640747,0.029007840901613235,0.4661192602040816,0.66274315362768,
7,client_9,False,orig,raw,random,0.9385312795639038,0.04165983200073242,0.04740297794342041,0.047063589096069336,0.9995662557516738,0.999438476014604,0.9994464845373323,0.9896658436010919,0.9882537732553505,0.9883371348954928,0.04952645301818848,0.04839277267456055,0.0467909574508667,0.9993870645262009,0.999414791866633,0.9994528761873349,-1.1140100955963135,1.018524169921875,0.01018441841006279,0.45894451530612246,0.4525233023544481,
7,client_0,True,orig,raw,pretrained,0.9263134002685547,0.07962644100189209,0.07439196109771729,0.05231332778930664,0.99841678990589,0.9986178933692182,0.9993161798440462,0.9803867630454108,0.9816582966656426,0.9870488590715347,0.0750272274017334,0.074249267578125,0.0523296594619751,0.9985942127272236,0.9986231849358105,0.9993157530336012,-0.7669990062713623,1.3427472114562988,0.004029079806059599,0.5192920918367347,-0.29057608138756347,0.3719339370727539
7,client_1,True,orig,raw,pretrained,0.9170833230018616,0.07948434352874756,0.07886838912963867,0.0492936372756958,0.9984224288216534,0.9984467561005861,0.9993928109817647,0.9804212479994319,0.9805707520713149,0.9877895772584206,0.07033336162567139,0.0781092643737793,0.050140380859375,0.9987644506930735,0.9984764787851188,0.9993717817026029,-1.0675246715545654,1.2716401815414429,0.019317626953125,0.467952806122449,-0.17814427223467674,0.4810676574707031
7,client_2,False,orig,raw,pretrained,0.9388536810874939,0.05680668354034424,0.026490330696105957,0.05213499069213867,0.9991937380522142,0.9998245886751711,0.9993208318369593,0.9859481986260865,0.9934101690482731,0.9870925812956333,0.04719090461730957,0.026316523551940918,0.05161237716674805,0.9994434870195863,0.9998268826275398,0.9993343731120541,-0.9100232720375061,0.9623376131057739,-0.005815800745040178,0.48501275510204084,0.5581247733462629,0.4665334224700928
7,client_3,False,orig,raw,pretrained,0.8967660665512085,0.04402196407318115,0.023657917976379395,0.04447007179260254,0.9995156926569622,0.9998600904120101,0.9995057864404557,0.9890846986252624,0.9941116549521731,0.9889745104385321,0.0392378568649292,0.02360856533050537,0.04329049587249756,0.999615208731498,0.9998606734713831,0.999531647822193,-0.9485607147216797,1.2013014554977417,0.03404947370290756,0.444515306122449,0.6494580284964832,0.29188859462738037
7,client_4,False,orig,raw,pretrained,0.9388213753700256,0.07001757621765137,0.05310332775115967,0.04745793342590332,0.9987755104502032,0.9992953817323171,0.9994371738316803,0.9827227998941168,0.9868552127496686,0.9882402759282363,0.04569435119628906,0.05226898193359375,0.04592466354370117,0.9994782108551374,0.9993173381039662,0.9994729397567468,-0.7899269461631775,1.1537498235702515,-0.04081282392144203,0.5746970663265306,0.5386962805782146,0.4242442846298218
7,client_5,False,orig,raw,pretrained,0.9073827862739563,0.05272340774536133,0.020649433135986328,0.03768038749694824,0.9993054226095988,0.9998934087498286,0.999645141571208,0.9869483323611039,0.9948575617456237,0.9906460481675425,0.0506284236907959,0.020845651626586914,0.03661489486694336,0.99935949852676,0.9998913735526564,0.9996649216004554,-0.9962987899780273,0.9038063287734985,0.023889441043138504,0.4510522959183674,0.48655016941089824,0.31188344955444336
7,client_6,False,orig,raw,pretrained,0.8935731053352356,0.11131131649017334,0.04132378101348877,0.07519292831420898,0.9969096292431874,0.9995732229339349,0.998588002969782,0.9727425451592422,0.9897485623785995,0.9814635693753426,0.1308145523071289,0.04262220859527588,0.07469677925109863,0.9957355765104599,0.9995459914857061,0.9986065557731996,-0.8882033228874207,1.027906060218811,0.02513531781733036,0.49888392857142855,0.7172525419461919,0.2852727174758911
7,client_7,False,orig,raw,pretrained,0.9157541990280151,0.0667802095413208,0.049057960510253906,0.051474809646606445,0.9988860324725066,0.9993986005264726,0.9993379149443482,0.9835117265754307,0.987847422929246,0.9872544606539775,0.08202624320983887,0.04973101615905762,0.05150163173675537,0.9983200435537978,0.9993819931069099,0.9993372251195163,-0.7243606448173523,1.1715677976608276,0.05685907602310181,0.38480548469387754,0.6861494499267016,0.4030137062072754
7,client_8,False,orig,raw,pretrained,0.8819847106933594,0.12450075149536133,0.031427621841430664,0.06166040897369385,0.9961361245309515,0.9997531218674891,0.9990501756591739,0.9695868484024015,0.9921891554439495,0.9847613327272124,0.1177067756652832,0.03185439109802246,0.05919003486633301,0.9965452563763164,0.9997463726973852,0.9991247099676508,-1.1813805103302002,1.1354914903640747,0.029007840901613235,0.4661192602040816,0.66274315362768,0.1918085813522339
7,client_9,False,orig,raw,pretrained,0.9385312795639038,0.04495382308959961,0.018516182899475098,0.03021836280822754,0.9994949798130615,0.9999142932523419,0.9997717517177889,0.9888555782903139,0.995386976692709,0.9924880021748881,0.040506601333618164,0.018518686294555664,0.02957618236541748,0.999589929973858,0.9999142700770949,0.9997813482222437,-1.1140100955963135,1.018524169921875,0.01018441841006279,0.45894451530612246,0.4525233023544481,0.33451366424560547
7,client_0,True,orig,clip01,random,0.9263134002685547,0.08855915069580078,0.04943954944610596,0.04118239879608154,0.9980421987074721,0.9993892126778972,0.9995761373002885,0.9782225760007248,0.9877537664013802,0.9897833666391422,0.08743369579315186,0.04780888557434082,0.04181838035583496,0.9980915731892945,0.9994288224159871,0.9995629490791273,-0.7669990062713623,1.3427472114562988,0.004029079806059599,0.5192920918367347,-0.29057608138756347,
7,client_1,True,orig,clip01,random,0.9170833230018616,0.10004550218582153,0.08826851844787598,0.08147621154785156,0.9975024127191314,0.9980550090731686,0.9983424701802148,0.9754502249728523,0.9782928764967724,0.9799380171718679,0.05609738826751709,0.08650386333465576,0.08136951923370361,0.9992137347252701,0.9981318919137794,0.998346802996001,-1.0675246715545654,1.2716401815414429,0.019317626953125,0.467952806122449,-0.17814427223467674,
7,client_2,False,orig,clip01,random,0.9388536810874939,0.07892990112304688,0.02602255344390869,0.0432736873626709,0.9984443351347954,0.999830728170851,0.9995320113205037,0.9805558203802307,0.9935259693008989,0.9892687384307777,0.052787065505981445,0.02477729320526123,0.04012787342071533,0.9993037452207538,0.9998465391003302,0.9995975599534705,-0.9100232720375061,0.9623376131057739,-0.005815800745040178,0.48501275510204084,0.5581247733462629,
7,client_3,False,orig,clip01,random,0.8967660665512085,0.05839967727661133,0.05745875835418701,0.08370101451873779,0.9991479143530748,0.999175133431458,0.9982508331254514,0.9855584324291449,0.9857886240744689,0.9793986984461793,0.047696471214294434,0.05856919288635254,0.08195674419403076,0.9994315041654835,0.9991429636935749,0.9983228855470321,-0.9485607147216797,1.2013014554977417,0.03404947370290756,0.444515306122449,0.6494580284964832,
7,client_4,False,orig,clip01,random,0.9388213753700256,0.06960141658782959,0.02643001079559326,0.04501307010650635,0.9987900098824853,0.9998253865031135,0.9994936482562227,0.9828241622674609,0.9934251003594532,0.9888410136547487,0.05826282501220703,0.02631235122680664,0.04371762275695801,0.9991519006464211,0.9998269375094817,0.9995223635366051,-0.7899269461631775,1.1537498235702515,-0.04081282392144203,0.5746970663265306,0.5386962805782146,
7,client_5,False,orig,clip01,random,0.9073827862739563,0.04624819755554199,0.029055118560791016,0.02717137336730957,0.9994654904278404,0.9997889834233034,0.9998154546640505,0.9885374567856284,0.9927756046353446,0.9932416102318762,0.046916842460632324,0.0294114351272583,0.02688002586364746,0.9994499295120007,0.9997837769416507,0.9998193905209622,-0.9962987899780273,0.9038063287734985,0.023889441043138504,0.4510522959183674,0.48655016941089824,
7,client_6,False,orig,clip01,random,0.8935731053352356,0.142059326171875,0.06050550937652588,0.09122371673583984,0.9949738146475275,0.9990853986903743,0.9979228001326121,0.965409592914785,0.9850435421460515,0.9775784023870546,0.1196753978729248,0.06123554706573486,0.08759093284606934,0.9964290425210651,0.9990632106457134,0.9980847128219115,-0.8882033228874207,1.027906060218811,0.02513531781733036,0.49888392857142855,0.7172525419461919,
7,client_7,False,orig,clip01,random,0.9157541990280151,0.07448756694793701,0.05225694179534912,0.024409055709838867,0.9986143423150571,0.9993176524085592,0.9998510661379025,0.981635050384376,0.9870626826958551,0.9939255529858788,0.07070600986480713,0.052286505699157715,0.023965954780578613,0.998751335648647,0.9993168805216266,0.9998564237153507,-0.7243606448173523,1.1715677976608276,0.05685907602310181,0.38480548469387754,0.6861494499267016,
7,client_8,False,orig,clip01,random,0.8819847106933594,0.07613563537597656,0.02935171127319336,0.059862494468688965,0.9985524148073048,0.999784654048069,0.9991047220358076,0.9812344572430935,0.9927022626798034,0.9852007208453095,0.07558548450469971,0.02988755702972412,0.05766105651855469,0.9985732372138891,0.9997767208809236,0.999169318527368,-1.1813805103302002,1.1354914903640747,0.029007840901613235,0.4661192602040816,0.66274315362768,
7,client_9,False,orig,clip01,random,0.9385312795639038,0.06494534015655518,0.02279508113861084,0.0406336784362793,0.9989463590589285,0.9998701087241668,0.9995873537963684,0.9839592952780118,0.9943254960260053,0.9899184633032276,0.06633710861206055,0.022809624671936035,0.040662169456481934,0.9989007541034682,0.9998699429431033,0.9995867751045884,-1.1140100955963135,1.018524169921875,0.01018441841006279,0.45894451530612246,0.4525233023544481,
7,client_0,True,orig,clip01,pretrained,0.9263134002685547,0.06711173057556152,0.0749044418334961,0.043093085289001465,0.9988749541037689,0.9985988054026396,0.9995359080993702,0.9834308932253009,0.9815336981375253,0.9893131654858236,0.05801796913146973,0.07450008392333984,0.042981743812561035,0.9991590096400469,0.9986138770652453,0.9995383023605975,-0.7669990062713623,1.3427472114562988,0.004029079806059599,0.5192920918367347,-0.29057608138756347,
7,client_1,True,orig,clip01,pretrained,0.9170833230018616,0.07110309600830078,0.07397592067718506,0.048688650131225586,0.998737284548801,0.998633293324136,0.9994076171569002,0.9824584779126568,0.9817594652919697,0.9879380785196235,0.06491827964782715,0.07336103916168213,0.049536824226379395,0.9989472362152472,0.9986558959847489,0.9993868079108983,-1.0675246715545654,1.2716401815414429,0.019317626953125,0.467952806122449,-0.17814427223467674,
7,client_2,False,orig,clip01,pretrained,0.9388536810874939,0.057039618492126465,0.026881694793701172,0.053429484367370605,0.9991871164058064,0.9998193680959013,0.9992867043730431,0.9858911907619634,0.9933133007554606,0.9867752812350918,0.045531392097473145,0.026658177375793457,0.052538275718688965,0.9994819244732127,0.9998223590655273,0.9993102893796044,-0.9100232720375061,0.9623376131057739,-0.005815800745040178,0.48501275510204084,0.5581247733462629,
7,client_3,False,orig,clip01,pretrained,0.8967660665512085,0.03885507583618164,0.02152872085571289,0.04046797752380371,0.9996226775836299,0.99988413861346,0.999590711380103,0.9903565510542112,0.9946394692810572,0.989959264823959,0.03393876552581787,0.02143383026123047,0.039054155349731445,0.9997121022276081,0.9998851576226213,0.9996188022563635,-0.9485607147216797,1.2013014554977417,0.03404947370290756,0.444515306122449,0.6494580284964832,
7,client_4,False,orig,clip01,pretrained,0.9388213753700256,0.0670245885848999,0.05587482452392578,0.04618370532989502,0.9988778714064637,0.9992199576464691,0.9994669795195807,0.9834521397166394,0.9861763087458322,0.9885533035585194,0.0438847541809082,0.0552598237991333,0.0443568229675293,0.9995187058912747,0.9992370248482225,0.9995082994664406,-0.7899269461631775,1.1537498235702515,-0.04081282392144203,0.5746970663265306,0.5386962805782146,
7,client_5,False,orig,clip01,pretrained,0.9073827862739563,0.05879843235015869,0.017536163330078125,0.040405988693237305,0.9991362460499058,0.9999231251765068,0.9995919639325461,0.985460903103804,0.9956303327113707,0.98997452935081,0.058284759521484375,0.017734527587890625,0.03946208953857422,0.9991512623560823,0.9999213762693846,0.9996107995174253,-0.9962987899780273,0.9038063287734985,0.023889441043138504,0.4510522959183674,0.48655016941089824,
7,client_6,False,orig,clip01,pretrained,0.8935731053352356,0.12270104885101318,0.043895721435546875,0.07856857776641846,0.9962467121295813,0.9995184653873468,0.99845852906936,0.9700165378284717,0.9891157445928915,0.9806435344825404,0.14115619659423828,0.04535365104675293,0.07802975177764893,0.9950372812291037,0.9994859598482051,0.998479575456523,-0.8882033228874207,1.027906060218811,0.02513531781733036,0.49888392857142855,0.7172525419461919,
7,client_7,False,orig,clip01,pretrained,0.9157541990280151,0.07352912425994873,0.0461345911026001,0.04492688179016113,0.9986497359422033,0.9994681121498084,0.9994955847305456,0.981868130288128,0.9885653719665792,0.9888622013497788,0.08090221881866455,0.04700493812561035,0.044777512550354004,0.9983657136849335,0.9994478626963104,0.9994989319740366,-0.7243606448173523,1.1715677976608276,0.05685907602310181,0.38480548469387754,0.6861494499267016,
7,client_8,False,orig,clip01,pretrained,0.8819847106933594,0.12359237670898438,0.03241848945617676,0.06243300437927246,0.996192141035463,0.9997373121505075,0.9990262417302027,0.969803692410351,0.9919443808728947,0.9845726102818413,0.11386263370513916,0.032882094383239746,0.059983134269714355,0.9967666873646206,0.9997297467573583,0.9991011123603981,-1.1813805103302002,1.1354914903640747,0.029007840901613235,0.4661192602040816,0.66274315362768,
7,client_9,False,orig,clip01,pretrained,0.9385312795639038,0.04324698448181152,0.015472412109375,0.02902233600616455,0.9995325885031392,0.9999401538021908,0.9997894592546523,0.9892753069948739,0.9961430902505675,0.9927837116607383,0.03851306438446045,0.015419721603393555,0.0283888578414917,0.999629289070151,0.9999405606963245,0.9997985486297836,-1.1140100955963135,1.018524169921875,0.01018441841006279,0.45894451530612246,0.4525233023544481,
7,client_0,True,flip,raw,random,0.7411864399909973,0.15030598640441895,0.09255325794219971,0.22891110181808472,0.9943758640309281,0.9978619083900595,0.9870275393114087,0.9634570013116297,0.9772572165439037,0.9451394763882042,0.1955808401107788,0.09445428848266602,0.23474133014678955,0.9905051940227223,0.9977733224226242,0.986365183421954,-0.8163625001907349,0.7804930210113525,0.0050739385187625885,0.48987563775510207,-0.29057608138756347,
7,client_1,True,flip,raw,random,0.8836361169815063,0.04099535942077637,0.0561450719833374,0.09615015983581543,0.9995799774876211,0.9992123982700019,0.9976927869096943,0.9898294132087346,0.9861101466151592,0.9763890833422406,0.05742311477661133,0.056597232818603516,0.09969639778137207,0.9991761558661016,0.9991996690314662,0.9975197803687594,-0.8534213304519653,1.0001347064971924,-0.0019014356657862663,0.5088488520408163,-0.17814427223467674,
7,client_2,False,flip,raw,random,0.8825873732566833,0.16745305061340332,0.04127192497253418,0.13123905658721924,0.9930265567653425,0.9995742930209692,0.9957079440839283,0.959415971308784,0.989761327640331,0.9679805748797206,0.19693255424499512,0.04143869876861572,0.1345130205154419,0.9903744504122616,0.999570846740558,0.9954918625670597,-0.8361875414848328,0.8429796099662781,0.022560613229870796,0.5039859693877551,0.5581247733462629,
7,client_3,False,flip,raw,random,0.7379841804504395,0.08626210689544678,0.04044044017791748,0.10196304321289062,0.9981423045697793,0.9995912680391781,0.9974059423869679,0.9787784106393635,0.9899660457528667,0.9749885554991402,0.09851431846618652,0.04071509838104248,0.10333466529846191,0.997578140333673,0.999585698970018,0.9973358221246982,-0.854263424873352,0.8663631081581116,-0.03248172625899315,0.6124043367346939,0.6494580284964832,
7,client_4,False,flip,raw,random,0.9334260821342468,0.19501745700836182,0.0596693754196167,0.11772036552429199,0.9905594285863901,0.9991104852826889,0.9965444606629792,0.9529730589689587,0.9852479342560592,0.9712071965868065,0.17834258079528809,0.058019042015075684,0.12007856369018555,0.992095654978915,0.9991589785557502,0.9964050071366672,-0.7694422602653503,0.9002139568328857,0.04694114252924919,0.43263711734693877,0.5386962805782146,
7,client_5,False,flip,raw,random,0.7433333992958069,0.08660888671875,0.03879189491271973,0.0995415449142456,0.9981273594384015,0.9996239033424956,0.9975274648760131,0.9786944670851603,0.9903721185027732,0.9755716127902947,0.12216746807098389,0.03994607925415039,0.10064268112182617,0.9962791934709385,0.9996011970111081,0.9974725638826085,-0.8501589894294739,0.928884744644165,-0.019242800772190094,0.5855389030612245,0.48655016941089824,
7,client_6,False,flip,raw,random,0.7534963488578796,0.2181152105331421,0.09733521938323975,0.06269967555999756,0.9882117101501458,0.9976356647163513,0.9990179116447568,0.9476241135509638,0.9761033158653434,0.9845074829181377,0.2165600061416626,0.0975642204284668,0.06228041648864746,0.9883777531454954,0.9976245463156321,0.9990309922392859,-0.8179793357849121,0.89741051197052,-0.021231358870863914,0.5964604591836735,0.7172525419461919,
7,client_7,False,flip,raw,random,0.7449852228164673,0.22169077396392822,0.05087566375732422,0.17936956882476807,0.9878256173100681,0.9993532306137403,0.9920049065926975,0.9468001238056285,0.9874014084044864,0.9566225950701959,0.2186952829360962,0.0496211051940918,0.1854800581932068,0.9881494846769332,0.9993847205540276,0.9914544550423543,-0.8214066028594971,0.9475827813148499,-0.041357021778821945,0.6200573979591837,0.6861494499267016,
7,client_8,False,flip,raw,random,0.6307793259620667,0.16385328769683838,0.05160939693450928,0.13247394561767578,0.9933216649256678,0.9993344499414989,0.9956270585649423,0.9602622094309652,0.9872214560134973,0.9676866360004666,0.11916494369506836,0.05017197132110596,0.13107788562774658,0.9964593593513615,0.9993709902211214,0.9957184456563923,-0.8117312788963318,0.9181327819824219,-0.004175555892288685,0.5626594387755102,0.66274315362768,
7,client_9,False,flip,raw,random,0.8259660005569458,0.12259721755981445,0.04103696346282959,0.13713276386260986,0.996253043752032,0.9995791248066181,0.9953151773358384,0.9700413368742333,0.9898191705771708,0.966578910010996,0.15981537103652954,0.04118549823760986,0.14064693450927734,0.9936452127484738,0.9995760735172461,0.9950728933291828,-0.9754363298416138,0.8967386484146118,-0.0033036507666110992,0.5386639030612245,0.4525233023544481,
7,client_0,True,flip,raw,pretrained,0.7411864399909973,0.09076035022735596,0.09540009498596191,0.06971466541290283,0.9979438161416414,0.9977285824097624,0.9987860727053832,0.9776903780612234,0.9765700202932808,0.9827965771400682,0.09287774562835693,0.09655702114105225,0.07089769840240479,0.9978469142590811,0.9976732537226878,0.9987445624375204,-0.8163625001907349,0.7804930210113525,0.0050739385187625885,0.48987563775510207,-0.29057608138756347,0.5078792572021484
7,client_1,True,flip,raw,pretrained,0.8836361169815063,0.06575965881347656,0.10349071025848389,0.1109534502029419,0.9989197927530074,0.9973277858827869,0.9969294226918992,0.9837606256839075,0.9746209872864353,0.9728283828318722,0.08577024936676025,0.1067889928817749,0.11552834510803223,0.99816339983601,0.9971551124085436,0.9966716323147817,-0.8534213304519653,1.0001347064971924,-0.0019014356657862663,0.5088488520408163,-0.17814427223467674,0.5065641403198242
7,client_2,False,flip,raw,pretrained,0.8825873732566833,0.23678970336914062,0.04078841209411621,0.10181331634521484,0.986128680905944,0.9995842060686988,0.9974135404673237,0.943332418450034,0.9898803645931065,0.9750245921107981,0.22242987155914307,0.0411531925201416,0.09848380088806152,0.9877450544336692,0.999576738097371,0.9975796378548234,-0.8361875414848328,0.8429796099662781,0.022560613229870796,0.5039859693877551,0.5581247733462629,0.44226717948913574
7,client_3,False,flip,raw,pretrained,0.7379841804504395,0.12558460235595703,0.07475697994232178,0.04976081848144531,0.9960687565341988,0.9986043111719738,0.9993812525224564,0.9693282106160008,0.9815695478518167,0.9876749250168357,0.11883771419525146,0.07359325885772705,0.04985082149505615,0.9964787266854698,0.9986473818138681,0.9993790132692042,-0.854263424873352,0.8663631081581116,-0.03248172625899315,0.6124043367346939,0.6494580284964832,0.5061006546020508
7,client_4,False,flip,raw,pretrained,0.9334260821342468,0.10965979099273682,0.0422893762588501,0.04883265495300293,0.9970004476838896,0.9995530520423359,0.999404109400845,0.9731387743233508,0.9895109095230767,0.9879027277922816,0.11462044715881348,0.042447566986083984,0.04876375198364258,0.9967236116544198,0.9995497031475322,0.9994057890710397,-0.7694422602653503,0.9002139568328857,0.04694114252924919,0.43263711734693877,0.5386962805782146,0.3430979251861572
7,client_5,False,flip,raw,pretrained,0.7433333992958069,0.044347405433654785,0.012942314147949219,0.03328907489776611,0.9995085081562269,0.9999581254412795,0.9997230169262918,0.9890046718540866,0.9967722565681387,0.9917293944392567,0.041011810302734375,0.012674331665039062,0.03291285037994385,0.9995796404276114,0.9999598415387787,0.9997292410653418,-0.8501589894294739,0.928884744644165,-0.019242800772190094,0.5855389030612245,0.48655016941089824,0.385067343711853
7,client_6,False,flip,raw,pretrained,0.7534963488578796,0.0913689136505127,0.06086242198944092,0.04397737979888916,0.9979161928352016,0.99907458419555,0.9995166727919378,0.9775433185247226,0.9849563145931952,0.989095662756539,0.0836937427520752,0.060340285301208496,0.04326069355010986,0.9982511366413067,0.9990903835210938,0.9995322922261365,-0.8179793357849121,0.89741051197052,-0.021231358870863914,0.5964604591836735,0.7172525419461919,0.4616461992263794
7,client_7,False,flip,raw,pretrained,0.7449852228164673,0.049294352531433105,0.07197737693786621,0.07675063610076904,0.9993927933689124,0.9987060713643949,0.9985289599523828,0.987789401710252,0.9822456697592519,0.9810850329456393,0.029711127281188965,0.07052206993103027,0.07594156265258789,0.9997793487509556,0.9987578178907239,0.9985597773408994,-0.8214066028594971,0.9475827813148499,-0.041357021778821945,0.6200573979591837,0.6861494499267016,0.6613920331001282
7,client_8,False,flip,raw,pretrained,0.6307793259620667,0.09155106544494629,0.026114225387573242,0.0564727783203125,0.9979078891103037,0.9998295336053333,0.9992031828360317,0.977499307945038,0.9935032739249927,0.9860299263066723,0.08242988586425781,0.025454282760620117,0.055909156799316406,0.9983034901854191,0.9998380395483675,0.9992189993199634,-0.8117312788963318,0.9181327819824219,-0.004175555892288685,0.5626594387755102,0.66274315362768,0.3936746120452881
7,client_9,False,flip,raw,pretrained,0.8259660005569458,0.11832618713378906,0.032953500747680664,0.04045236110687256,0.996508896245949,0.9997285719646698,0.9995910271076784,0.9710622545255132,0.9918122544056116,0.9899631102772524,0.10299944877624512,0.0333256721496582,0.038518428802490234,0.9973530449397345,0.9997224077006077,0.999629185820317,-0.9754363298416138,0.8967386484146118,-0.0033036507666110992,0.5386639030612245,0.4525233023544481,0.35791587829589844
7,client_0,True,flip,clip01,random,0.7411864399909973,0.12149238586425781,0.13627636432647705,0.12376821041107178,0.996320088023452,0.99537330584262,0.996181329593915,0.9703052736353799,0.9667823930052992,0.969761712329088,0.16739356517791748,0.14329886436462402,0.1303938627243042,0.9930314844050292,0.9948860582615813,0.995762873433699,-0.8163625001907349,0.7804930210113525,0.0050739385187625885,0.48987563775510207,-0.29057608138756347,
7,client_1,True,flip,clip01,random,0.8836361169815063,0.06914913654327393,0.0535353422164917,0.13310766220092773,0.9988056701268313,0.9992838766406822,0.9955852597251835,0.9829343401437227,0.9867493406389038,0.9675358453837071,0.10777515172958374,0.05597686767578125,0.14045792818069458,0.9971024414989043,0.9992171075658438,0.995086078055134,-0.8534213304519653,1.0001347064971924,-0.0019014356657862663,0.5088488520408163,-0.17814427223467674,
7,client_2,False,flip,clip01,random,0.8825873732566833,0.11353838443756104,0.03882169723510742,0.05875504016876221,0.9967850319360851,0.9996233254026199,0.9991375196246359,0.9722086169791853,0.9903647753209093,0.9854715154580946,0.11358177661895752,0.03908967971801758,0.057402968406677246,0.9967825800034897,0.9996181086509235,0.9991767334839934,-0.8361875414848328,0.8429796099662781,0.022560613229870796,0.5039859693877551,0.5581247733462629,
7,client_3,False,flip,clip01,random,0.7379841804504395,0.08840560913085938,0.04596662521362305,0.05627000331878662,0.9980489716639931,0.999471976541479,0.9992088913850536,0.9782597149405001,0.9886066464214203,0.9860795631088402,0.06980609893798828,0.04404950141906738,0.0561070442199707,0.998782889299741,0.999515086784049,0.999213464184552,-0.854263424873352,0.8663631081581116,-0.03248172625899315,0.6124043367346939,0.6494580284964832,
7,client_4,False,flip,clip01,random,0.9334260821342468,0.1167367696762085,0.04474949836730957,0.07751202583312988,0.9966018173141942,0.9994995585096447,0.9984996618655275,0.9714425898552439,0.9889058097041401,0.9809000884007859,0.08001375198364258,0.04396212100982666,0.07588553428649902,0.998401369179944,0.9995170080114155,0.9985618994075811,-0.7694422602653503,0.9002139568328857,0.04694114252924919,0.43263711734693877,0.5386962805782146,
7,client_5,False,flip,clip01,random,0.7433333992958069,0.1145092248916626,0.017778515815734863,0.13362669944763184,0.996729951477815,0.9999209857765954,0.9955508783120415,0.9719760006433922,0.9955701440391551,0.9674123685930534,0.14446508884429932,0.01780116558074951,0.1397923231124878,0.9948028069619681,0.9999207843326481,0.9951323703280921,-0.8501589894294739,0.928884744644165,-0.019242800772190094,0.5855389030612245,0.48655016941089824,
7,client_6,False,flip,clip01,random,0.7534963488578796,0.08362507820129395,0.037535905838012695,0.06042683124542236,0.9982540013337926,0.9996478569744276,0.9990877741146249,0.9794170989686981,0.9906816638476714,0.9850627722242076,0.08444976806640625,0.03754401206970215,0.060524702072143555,0.9982194405432978,0.9996477049010057,0.9990848187631509,-0.8179793357849121,0.89741051197052,-0.021231358870863914,0.5964604591836735,0.7172525419461919,
7,client_7,False,flip,clip01,random,0.7449852228164673,0.10815787315368652,0.07535910606384277,0.09016287326812744,0.9970818710055076,0.9985817616423203,0.9979707577409418,0.9734993204839086,0.98142317630377,0.9778347908614113,0.0759284496307373,0.07324135303497314,0.08973026275634766,0.9985602741345811,0.998660273726033,0.9979901547460239,-0.8214066028594971,0.9475827813148499,-0.041357021778821945,0.6200573979591837,0.6861494499267016,
7,client_8,False,flip,clip01,random,0.6307793259620667,0.09769678115844727,0.04033780097961426,0.08672380447387695,0.9976180984061678,0.9995933395251961,0.9981223936878025,0.9760161531802973,0.9899913207382651,0.9786666518045883,0.09178030490875244,0.04015171527862549,0.08647811412811279,0.9978974154521563,0.999597081738832,0.9981330023329211,-0.8117312788963318,0.9181327819824219,-0.004175555892288685,0.5626594387755102,0.66274315362768,
7,client_9,False,flip,clip01,random,0.8259660005569458,0.12145102024078369,0.042914748191833496,0.07192528247833252,0.996322586548446,0.9995397400381085,0.9987079418634468,0.9703151576950555,0.9893570383077106,0.9822583480993166,0.12448596954345703,0.043145060539245605,0.07156157493591309,0.9961370393309397,0.9995347883179899,0.9987209635256211,-0.9754363298416138,0.8967386484146118,-0.0033036507666110992,0.5386639030612245,0.4525233023544481,
7,client_0,True,flip,clip01,pretrained,0.7411864399909973,0.08455932140350342,0.09538102149963379,0.059306979179382324,0.9982148240397231,0.997729489027763,0.9991212501362474,0.9791907537330251,0.9765746220163138,0.9853365414265445,0.08655071258544922,0.09605419635772705,0.060439109802246094,0.9981298707246822,0.9976973821254371,0.9990874036074626,-0.8163625001907349,0.7804930210113525,0.0050739385187625885,0.48987563775510207,-0.29057608138756347,
7,client_1,True,flip,clip01,pretrained,0.8836361169815063,0.06765353679656982,0.09786748886108398,0.11327707767486572,0.9988567309851368,0.9976097821790921,0.9967997778020972,0.9832988084034058,0.9759750042687179,0.972271241153781,0.08568406105041504,0.10066103935241699,0.11779284477233887,0.9981670840126211,0.9974716434887778,0.9965402153231422,-0.8534213304519653,1.0001347064971924,-0.0019014356657862663,0.5088488520408163,-0.17814427223467674,
7,client_2,False,flip,clip01,pretrained,0.8825873732566833,0.254774808883667,0.043421268463134766,0.10931110382080078,0.9839678689979576,0.9995288149390655,0.9970194502176319,0.939226714038192,0.9892324365649028,0.9732224613107747,0.2504626512527466,0.04343616962432861,0.10774683952331543,0.984499701386123,0.9995284915986389,0.9971039603506593,-0.8361875414848328,0.8429796099662781,0.022560613229870796,0.5039859693877551,0.5581247733462629,
7,client_3,False,flip,clip01,pretrained,0.7379841804504395,0.11477506160736084,0.07270479202270508,0.04370427131652832,0.9967147882920859,0.9986798119356246,0.9995226551296819,0.9719123199290984,0.9820686628502828,0.989162829370049,0.10348916053771973,0.07185256481170654,0.04361617565155029,0.997327865751815,0.9987105506017098,0.9995245768938168,-0.854263424873352,0.8663631081581116,-0.03248172625899315,0.6124043367346939,0.6494580284964832,
7,client_4,False,flip,clip01,pretrained,0.9334260821342468,0.10559916496276855,0.039908409118652344,0.047704219818115234,0.9972180223100033,0.9996019485940539,0.9994313195175402,0.9741140188040862,0.9900970693298612,0.9881797902199962,0.11736202239990234,0.04025530815124512,0.04786539077758789,0.9965654119600851,0.9995950006018839,0.9994274720515335,-0.7694422602653503,0.9002139568328857,0.04694114252924919,0.43263711734693877,0.5386962805782146,
7,client_5,False,flip,clip01,pretrained,0.7433333992958069,0.04720115661621094,0.010673880577087402,0.0326615571975708,0.9994432452947299,0.9999715176768031,0.9997333590054318,0.988303343903876,0.9973368610783357,0.9918843495542735,0.04143393039703369,0.010470151901245117,0.032246947288513184,0.9995709454688488,0.9999725945430986,0.9997400842759039,-0.8501589894294739,0.928884744644165,-0.019242800772190094,0.5855389030612245,0.48655016941089824,
7,client_6,False,flip,clip01,pretrained,0.7534963488578796,0.07942891120910645,0.06565487384796143,0.04329943656921387,0.9984246258485132,0.9989232297520729,0.9995314544145948,0.9804347010968151,0.9837861867317126,0.9892624045202365,0.06991946697235107,0.06499946117401123,0.04262852668762207,0.9987789364360575,0.9989446036530891,0.9995458569219076,-0.8179793357849121,0.89741051197052,-0.021231358870863914,0.5964604591836735,0.7172525419461919,
7,client_7,False,flip,clip01,pretrained,0.7449852228164673,0.04465973377227783,0.07635235786437988,0.07537364959716797,0.9995015634525526,0.9985441708976495,0.9985812147613364,0.9889278787412004,0.9811817971383745,0.9814196413043426,0.02590155601501465,0.07560920715332031,0.07476890087127686,0.9998322984448464,0.99857234244825,0.9986038664828922,-0.8214066028594971,0.9475827813148499,-0.041357021778821945,0.6200573979591837,0.6861494499267016,
7,client_8,False,flip,clip01,pretrained,0.6307793259620667,0.09654426574707031,0.024375200271606445,0.061078429222106934,0.9976738673457726,0.9998514789488819,0.9990680083404151,0.9762940339678203,0.9939339398880331,0.9849035291999704,0.08179652690887451,0.023808717727661133,0.060144901275634766,0.9983294281114268,0.9998583013007343,0.9990962607389828,-0.8117312788963318,0.9181327819824219,-0.004175555892288685,0.5626594387755102,0.66274315362768,
7,client_9,False,flip,clip01,pretrained,0.8259660005569458,0.11725091934204102,0.03124701976776123,0.0387040376663208,0.9965718949999323,0.9997559506181917,0.9996256045293057,0.9713195333376916,0.9922337794376679,0.9903937666783384,0.10766232013702393,0.03154551982879639,0.03704047203063965,0.9971084921697111,0.9997512664557131,0.9996570890744092,-0.9754363298416138,0.8967386484146118,-0.0033036507666110992,0.5386639030612245,0.4525233023544481,
7,client_0,True,flip_global,raw,random,0.8748692274093628,0.12135553359985352,0.11926203966140747,0.16592419147491455,0.9963283508239549,0.9964536025138966,0.9931526598068185,0.9703379742141394,0.9708384168118851,0.95977524109219,0.1871165633201599,0.12215423583984375,0.17293930053710938,0.9913039832179849,0.9962799971947551,0.9925647241554469,-1.1926448345184326,0.9378843307495117,0.0034971414133906364,0.5355548469387755,-0.29057608138756347,
7,client_1,True,flip_global,raw,random,0.905775249004364,0.06450796127319336,0.06379437446594238,0.10091328620910645,0.9989604918780133,0.9989833453028194,0.9974589801676794,0.9840660276075617,0.984240199477673,0.9752412556066763,0.08452332019805908,0.0641714334487915,0.10584354400634766,0.998216341762874,0.9989713011383705,0.9972051582642769,-0.9671818614006042,0.9105619788169861,-0.01492558978497982,0.5453603316326531,-0.17814427223467674,
7,client_2,False,flip_global,raw,random,0.9270288944244385,0.18182361125946045,0.06254410743713379,0.12800097465515137,0.9917859995469702,0.9990227754736107,0.9959164872133932,0.9560488551009552,0.9845454755206964,0.9687519679558849,0.20572638511657715,0.06254410743713379,0.13157975673675537,0.9895025505449957,0.9990227754736107,0.9956857028303008,-0.7349988222122192,0.8713764548301697,0.03532426059246063,0.4999202806122449,0.5581247733462629,
7,client_3,False,flip_global,raw,random,0.774882972240448,0.08344447612762451,0.0420384407043457,0.09558713436126709,0.9982615249055353,0.9995583387288804,0.9977196823476167,0.9794608636776727,0.9895726616902971,0.976524896371497,0.10231375694274902,0.04297506809234619,0.09669697284698486,0.9973881016064703,0.9995384457171805,0.9976665157861089,-0.9011800289154053,0.8549428582191467,-0.01947261020541191,0.541374362244898,0.6494580284964832,
7,client_4,False,flip_global,raw,random,0.9423297047615051,0.26247888803482056,0.06710708141326904,0.12536072731018066,0.9829962167138844,0.9988751098418533,0.9960827190342585,0.9374762132968488,0.9834320267416417,0.969381625109021,0.21850943565368652,0.06396996974945068,0.1282271146774292,0.988169438221584,0.9989777451734478,0.9959020901582272,-0.6807243227958679,0.8756420016288757,0.051438041031360626,0.41836734693877553,0.5386962805782146,
7,client_5,False,flip_global,raw,random,0.8168669939041138,0.0846627950668335,0.022866249084472656,0.09118115901947021,0.9982104582630169,0.9998692964771743,0.9979247347753166,0.9791656893191003,0.99430785551467,0.9775886859462892,0.09897935390472412,0.023508548736572266,0.09135425090789795,0.997555263701144,0.9998618513495323,0.9979168605486191,-0.8674175143241882,0.9948592782020569,-0.014268141239881516,0.5707908163265306,0.48655016941089824,
7,client_6,False,flip_global,raw,random,0.8003294467926025,0.18500888347625732,0.07717978954315186,0.05464291572570801,0.9914975394118732,0.9985124816420365,0.9992539556400468,0.9553049287924842,0.9809807834596165,0.9864779897446312,0.17108213901519775,0.07573294639587402,0.05437314510345459,0.9927226905434003,0.9985676707463247,0.9992612997868544,-0.8962677717208862,0.9485175609588623,-0.009711450897157192,0.5837053571428571,0.7172525419461919,
7,client_7,False,flip_global,raw,random,0.8260971307754517,0.1132286787033081,0.03271961212158203,0.1021883487701416,0.9968025053228506,0.9997324104609122,0.9973944880917909,0.9722828410042048,0.9918700123263091,0.974934332200492,0.13912999629974365,0.03256070613861084,0.10578572750091553,0.9951782195155268,0.9997350027833709,0.9972082043720738,-1.0339747667312622,0.9259039163589478,-0.04418852552771568,0.6480389030612245,0.6861494499267016,
7,client_8,False,flip_global,raw,random,0.6500470042228699,0.15193867683410645,0.03964519500732422,0.1222386360168457,0.994253546717174,0.9996071803970412,0.9962748692635621,0.9630711267404877,0.9901619008328124,0.9701269877428933,0.13997459411621094,0.03886592388153076,0.12155890464782715,0.9951197150751809,0.9996224669227185,0.9963160684579844,-0.797164797782898,0.8918557167053223,-0.002663819817826152,0.5534917091836735,0.66274315362768,
7,client_9,False,flip_global,raw,random,0.8978131413459778,0.12167727947235107,0.030231237411499023,0.13007593154907227,0.996308909979047,0.9997715572182726,0.9957834451686092,0.9702610963002525,0.9924848197358302,0.9682575545133103,0.15272760391235352,0.030013084411621094,0.13305705785751343,0.9941939767853103,0.9997748417204442,0.9955886047308717,-0.888383150100708,0.8979294300079346,-0.002387876622378826,0.5471141581632653,0.4525233023544481,
7,client_0,True,flip_global,raw,pretrained,0.8748692274093628,0.08797144889831543,0.08039689064025879,0.08191132545471191,0.9980680599137968,0.9983860413073236,0.9983247415409013,0.9783647419378909,0.9801998180130376,0.9798325053199948,0.09182906150817871,0.08185839653015137,0.08205640316009521,0.9978951844688599,0.998326903139831,0.998318809490222,-1.1926448345184326,0.9378843307495117,0.0034971414133906364,0.5355548469387755,-0.29057608138756347,0.4295862913131714
7,client_1,True,flip_global,raw,pretrained,0.905775249004364,0.0482558012008667,0.08182132244110107,0.06914949417114258,0.9994180984944927,0.9983284164048518,0.9988056577841156,0.9880443469773232,0.979854328975371,0.9829342530163077,0.05514395236968994,0.08347594738006592,0.07106328010559082,0.9992402193571981,0.9982602150314439,0.998738696991397,-0.9671818614006042,0.9105619788169861,-0.01492558978497982,0.5453603316326531,-0.17814427223467674,0.5228492021560669
7,client_2,False,flip_global,raw,pretrained,0.9270288944244385,0.17908132076263428,0.035411953926086426,0.07966113090515137,0.9920304285792445,0.9996865720770873,0.9984154117691011,0.9566900196333057,0.9912054537741704,0.9803783445957124,0.1635037660598755,0.035479068756103516,0.07799410820007324,0.9933499840250188,0.9996853831775874,0.9984809626004358,-0.7349988222122192,0.8713764548301697,0.03532426059246063,0.4999202806122449,0.5581247733462629,0.4245263338088989
7,client_3,False,flip_global,raw,pretrained,0.774882972240448,0.06491363048553467,0.026311516761779785,0.047661781311035156,0.9989473868794312,0.9998269484848266,0.9994323304530159,0.9839670327150265,0.9934544328088639,0.9881902123369686,0.06388258934020996,0.02628016471862793,0.0476459264755249,0.9989805338498787,0.9998273605921235,0.9994327079034984,-0.9011800289154053,0.8549428582191467,-0.01947261020541191,0.541374362244898,0.6494580284964832,0.43268173933029175
7,client_4,False,flip_global,raw,pretrained,0.9423297047615051,0.11001849174499512,0.03483617305755615,0.0436016321182251,0.99698083685523,0.9996966792819484,0.999524893781546,0.9730526952911591,0.9913475192678034,0.989188073590032,0.11141014099121094,0.03463160991668701,0.04317271709442139,0.9969041521706683,0.9997002303121092,0.9995341919215832,-0.6807243227958679,0.8756420016288757,0.051438041031360626,0.41836734693877553,0.5386962805782146,0.3443189859390259
7,client_5,False,flip_global,raw,pretrained,0.8168669939041138,0.04599165916442871,0.013779044151306152,0.03288161754608154,0.9994714014777113,0.9999525361752477,0.999729754593826,0.988600494635353,0.9965641186908489,0.9918300051560127,0.044248223304748535,0.013757467269897461,0.03282475471496582,0.99951070331625,0.9999526847026996,0.9997306882784518,-0.8674175143241882,0.9948592782020569,-0.014268141239881516,0.5707908163265306,0.48655016941089824,0.3890416622161865
7,client_6,False,flip_global,raw,pretrained,0.8003294467926025,0.09284842014312744,0.0629875659942627,0.04345810413360596,0.9978482714926074,0.9990088789903326,0.9995280154399662,0.9771859337956956,0.9844371805718828,0.9892233760716553,0.0828406810760498,0.06294143199920654,0.04266667366027832,0.9982865604867901,0.9990103292350947,0.999545044038052,-0.8962677717208862,0.9485175609588623,-0.009711450897157192,0.5837053571428571,0.7172525419461919,0.42088985443115234
7,client_7,False,flip_global,raw,pretrained,0.8260971307754517,0.04736781120300293,0.04713404178619385,0.08807206153869629,0.9994393085083628,0.9994448267976139,0.9980636447041513,0.9882624105187172,0.9883198292403965,0.9783404013905954,0.03350639343261719,0.04631471633911133,0.0880732536315918,0.9997193894704843,0.9994639523705031,0.9980635923611645,-1.0339747667312622,0.9259039163589478,-0.04418852552771568,0.6480389030612245,0.6861494499267016,0.5875358581542969
7,client_8,False,flip_global,raw,pretrained,0.6500470042228699,0.08067178726196289,0.01967334747314453,0.04814457893371582,0.9983749988780908,0.9999032468712499,0.9994207766277492,0.9801331289308051,0.9950997473404111,0.9880716558534459,0.0815192461013794,0.019301652908325195,0.048651814460754395,0.9983407209316295,0.9999068680544327,0.9994085127614132,-0.797164797782898,0.8918557167053223,-0.002663819817826152,0.5534917091836735,0.66274315362768,0.37538671493530273
7,client_9,False,flip_global,raw,pretrained,0.8978131413459778,0.05469346046447754,0.013526201248168945,0.03322708606719971,0.9992525755926605,0.9999542620389799,0.9997240473135967,0.9864656091661386,0.996627006877723,0.9917446999386501,0.04728209972381592,0.013526201248168945,0.03244602680206299,0.9994413349518891,0.9999542620389799,0.9997368657774459,-0.888383150100708,0.8979294300079346,-0.002387876622378826,0.5471141581632653,0.4525233023544481,0.3684481382369995
7,client_0,True,flip_global,clip01,random,0.8748692274093628,0.09851884841918945,0.0854043960571289,0.09176218509674072,0.997577918006118,0.9981790131090365,0.9978982442705575,0.9758180186602188,0.9789860795763308,0.9774483020221796,0.1382824182510376,0.08744406700134277,0.09470391273498535,0.9952365795774798,0.9980911210634367,0.9977615573151681,-1.1926448345184326,0.9378843307495117,0.0034971414133906364,0.5355548469387755,-0.29057608138756347,
7,client_1,True,flip_global,clip01,random,0.905775249004364,0.06467580795288086,0.03530275821685791,0.10436618328094482,0.9989550795836692,0.9996885016081545,0.9972824763890311,0.9840250664034464,0.9912323938682441,0.9744104356416388,0.09444105625152588,0.03621542453765869,0.110248863697052,0.9977739452136176,0.9996721913725777,0.9969682085305582,-0.9671818614006042,0.9105619788169861,-0.01492558978497982,0.5453603316326531,-0.17814427223467674,
7,client_2,False,flip_global,clip01,random,0.9270288944244385,0.10908842086791992,0.031456947326660156,0.05298757553100586,0.9970315544700872,0.9997526610082399,0.9992984485594729,0.9732759121929322,0.9921819098519056,0.9868835825932902,0.10985875129699707,0.03184711933135986,0.051775336265563965,0.9969895779969657,0.9997464884589706,0.9993301653379594,-0.7349988222122192,0.8713764548301697,0.03532426059246063,0.4999202806122449,0.5581247733462629,
7,client_3,False,flip_global,clip01,random,0.774882972240448,0.1270279884338379,0.04187941551208496,0.08583033084869385,0.9959781453751164,0.9995616727905063,0.998160829434408,0.9689839382709207,0.9896117988363979,0.9788829439838513,0.12139558792114258,0.04029715061187744,0.08748972415924072,0.9963259333966357,0.9995941584859924,0.9980891300362538,-0.9011800289154053,0.8549428582191467,-0.01947261020541191,0.541374362244898,0.6494580284964832,
7,client_4,False,flip_global,clip01,random,0.9423297047615051,0.11804485321044922,0.04204237461090088,0.1133953332901001,0.9965254342624663,0.9995582560921448,0.9967931086587558,0.9711295592746871,0.9895716935594487,0.9722428995361934,0.09501326084136963,0.04094219207763672,0.11032569408416748,0.9977469345522636,0.9995810659028863,0.9969639910903576,-0.6807243227958679,0.8756420016288757,0.051438041031360626,0.41836734693877553,0.5386962805782146,
7,client_5,False,flip_global,clip01,random,0.8168669939041138,0.10912764072418213,0.016817569732666016,0.11013555526733398,0.9970294243931885,0.9999292960865782,0.9969744230422761,0.9732664978794618,0.9958088288068929,0.9730246055056171,0.1250624656677246,0.016817569732666016,0.11370706558227539,0.9961012825817761,0.9999292960865782,0.9967754951777668,-0.8674175143241882,0.9948592782020569,-0.014268141239881516,0.5707908163265306,0.48655016941089824,
7,client_6,False,flip_global,clip01,random,0.8003294467926025,0.086905837059021,0.05164492130279541,0.0618816614151001,0.9981145144156138,0.9993335338463547,0.9990433519317317,0.9786225941362321,0.9872127447016876,0.9847072816842795,0.09016168117523193,0.05172395706176758,0.06294631958007812,0.9979708113183465,0.999331493431568,0.9990101756417673,-0.8962677717208862,0.9485175609588623,-0.009711450897157192,0.5837053571428571,0.7172525419461919,
7,client_7,False,flip_global,clip01,random,0.8260971307754517,0.09413743019104004,0.03926980495452881,0.07315051555633545,0.9977882119304462,0.9996145820512272,0.9986635915226343,0.9768747246241278,0.9902543730869116,0.981960225536197,0.06852257251739502,0.03878188133239746,0.07293534278869629,0.9988271968869948,0.9996240974307877,0.9986714342452576,-1.0339747667312622,0.9259039163589478,-0.04418852552771568,0.6480389030612245,0.6861494499267016,
7,client_8,False,flip_global,clip01,random,0.6500470042228699,0.11666905879974365,0.024033308029174805,0.1322091817855835,0.9966057482306316,0.9998556156633278,0.9956444636218102,0.9714587975124285,0.9940186417377299,0.96774964606929,0.13296008110046387,0.02371370792388916,0.13527464866638184,0.9955950114995387,0.9998594298358627,0.9954408420629997,-0.797164797782898,0.8918557167053223,-0.002663819817826152,0.5534917091836735,0.66274315362768,
7,client_9,False,flip_global,clip01,random,0.8978131413459778,0.05820810794830322,0.025487065315246582,0.052045464515686035,0.9991534918587586,0.9998376221530398,0.9993231611854174,0.9856052924760721,0.993658556533209,0.9871145311816645,0.05939984321594238,0.025681495666503906,0.05204355716705322,0.9991184978751335,0.9998351355831283,0.9993232107685497,-0.888383150100708,0.8979294300079346,-0.002387876622378826,0.5471141581632653,0.4525233023544481,
7,client_0,True,flip_global,clip01,pretrained,0.8748692274093628,0.10511016845703125,0.08318328857421875,0.07495975494384766,0.9972436744151074,0.9982723769074486,0.9985967373963911,0.9742315605526528,0.9795241615946462,0.9815202513788575,0.10519123077392578,0.08412528038024902,0.07471144199371338,0.997239430158344,0.9982330793060192,0.9986060092342284,-1.1926448345184326,0.9378843307495117,0.0034971414133906364,0.5355548469387755,-0.29057608138756347,
7,client_1,True,flip_global,clip01,pretrained,0.905775249004364,0.05100250244140625,0.08448231220245361,0.06924426555633545,0.9993500032320555,0.9982180697769341,0.9988023847227134,0.9873702969498495,0.9792094082883134,0.9829111646598216,0.060140013694763184,0.08569943904876709,0.07096445560455322,0.9990964075153621,0.9981664269398931,0.9987421993188084,-0.9671818614006042,0.9105619788169861,-0.01492558978497982,0.5453603316326531,-0.17814427223467674,
7,client_2,False,flip_global,clip01,pretrained,0.9270288944244385,0.19016480445861816,0.03709399700164795,0.08416867256164551,0.9910202756841717,0.999656097574037,0.9982312584847772,0.9541025957153517,0.9907906092109051,0.9792853892404207,0.18668806552886963,0.03708505630493164,0.08284831047058105,0.9913435067459353,0.9996562632916388,0.9982862452721075,-0.7349988222122192,0.8713764548301697,0.03532426059246063,0.4999202806122449,0.5581247733462629,
7,client_3,False,flip_global,clip01,pretrained,0.774882972240448,0.06587982177734375,0.028834939002990723,0.046383023262023926,0.998915844623155,0.9997921689741613,0.9994623706707073,0.9837313145829458,0.9928300562727013,0.9885043291813063,0.06557917594909668,0.0289231538772583,0.04637563228607178,0.9989257092818586,0.9997908955917298,0.9994625419267751,-0.9011800289154053,0.8549428582191467,-0.01947261020541191,0.541374362244898,0.6494580284964832,
7,client_4,False,flip_global,clip01,pretrained,0.9423297047615051,0.11724686622619629,0.036234140396118164,0.04661452770233154,0.996572131390788,0.9996718525503856,0.9994569926959234,0.9713205033184078,0.9910026442560085,0.988447450832366,0.12234902381896973,0.03613734245300293,0.04661452770233154,0.9962681571073746,0.9996736030433677,0.9994569926959234,-0.6807243227958679,0.8756420016288757,0.051438041031360626,0.41836734693877553,0.5386962805782146,
7,client_5,False,flip_global,clip01,pretrained,0.8168669939041138,0.044875144958496094,0.012659907341003418,0.03148818016052246,0.9994967453709138,0.9999599328905999,0.9997521697020797,0.9888749201550484,0.9968425204161024,0.9921741930891443,0.04306638240814209,0.012631416320800781,0.03132212162017822,0.9995364828757596,0.999960113023701,0.999754776284647,-0.8674175143241882,0.9948592782020569,-0.014268141239881516,0.5707908163265306,0.48655016941089824,
7,client_6,False,flip_global,clip01,pretrained,0.8003294467926025,0.08004987239837646,0.06541657447814941,0.04130268096923828,0.998399927255059,0.9989310257497208,0.9995736585105863,0.9802840133067079,0.9838443207438716,0.9897537564897703,0.0740351676940918,0.06530439853668213,0.04041945934295654,0.998631105516788,0.9989346858201114,0.9995916919063579,-0.8962677717208862,0.9485175609588623,-0.009711450897157192,0.5837053571428571,0.7172525419461919,
7,client_7,False,flip_global,clip01,pretrained,0.8260971307754517,0.03552412986755371,0.05655872821807861,0.08138728141784668,0.9996845836847568,0.9992007569812198,0.9983460820588543,0.9911777795594989,0.9860088879706073,0.9799595841590005,0.026236295700073242,0.056354641914367676,0.08198010921478271,0.9998279364046221,0.999206511118768,0.9983219303587789,-1.0339747667312622,0.9259039163589478,-0.04418852552771568,0.6480389030612245,0.6861494499267016,
7,client_8,False,flip_global,clip01,pretrained,0.6500470042228699,0.08365702629089355,0.019005894660949707,0.050466299057006836,0.9982526687469917,0.9999097001080535,0.9993635920894814,0.9794093573983447,0.9952654061230748,0.987501828906179,0.07925975322723389,0.018563270568847656,0.05088651180267334,0.9984313208933902,0.9999138568123385,0.9993529549013265,-0.797164797782898,0.8918557167053223,-0.002663819817826152,0.5534917091836735,0.66274315362768,
7,client_9,False,flip_global,clip01,pretrained,0.8978131413459778,0.04436230659484863,0.013503074645996094,0.030283212661743164,0.9995081779304857,0.9999544183021045,0.9997707711747417,0.9890010078572617,0.9966327593240039,0.992471972267154,0.041899800300598145,0.013576507568359375,0.02956223487854004,0.9995612461159344,0.9999539212030653,0.999781554362722,-0.888383150100708,0.8979294300079346,-0.002387876622378826,0.5471141581632653,0.4525233023544481,
8,client_0,True,orig,raw,random,0.9519007205963135,0.10033035278320312,0.04158163070678711,0.0326237678527832,0.9974881970026441,0.9995678820924776,0.9997339755314616,0.9753816232491987,0.9896850918831941,0.9918936821674789,0.10067403316497803,0.04217839241027832,0.031931281089782715,0.9974709919405069,0.9995553941149,0.9997451470449985,-0.7368612289428711,0.7725850939750671,0.010159333236515522,0.5112404336734694,-0.279122099034334,
8,client_1,True,orig,raw,random,0.962984025478363,0.09926652908325195,0.06754326820373535,0.05490994453430176,0.9975410831916018,0.9988604515961685,0.9992466504204682,0.9756378652161741,0.983325688194755,0.9864125855528558,0.09542679786682129,0.06751787662506104,0.0543140172958374,0.9977273128420887,0.998861307485535,0.9992629046172987,-0.8565936088562012,0.9054620265960693,0.00393672613427043,0.5344387755102041,-0.26603977862845063,
8,client_2,False,orig,raw,random,0.9687187671661377,0.10071718692779541,0.03299987316131592,0.08498811721801758,0.997468827484081,0.999727807672107,0.998196697627503,0.9752884720112585,0.9918008035111032,0.9790868928441518,0.11474037170410156,0.03252995014190674,0.08648419380187988,0.9967167689609469,0.999735503066634,0.9981327401802691,-0.7743661999702454,0.8489221930503845,0.03156230226159096,0.39182079081632654,0.5649163693517767,
8,client_3,False,orig,raw,random,0.9748932719230652,0.10770714282989502,0.03472256660461426,0.0734560489654541,0.9971060892745394,0.9996986539665069,0.9986524157568286,0.9736075606603067,0.9913755536043485,0.981885904589263,0.08658838272094727,0.03334403038024902,0.07387661933898926,0.9981282447553674,0.9997221018436349,0.998636956300661,-0.6854404211044312,0.8816235661506653,0.03496125712990761,0.43399234693877553,0.6722187524172634,
8,client_4,False,orig,raw,random,0.9673399329185486,0.10490238666534424,0.01869642734527588,0.11182332038879395,0.997254538625203,0.9999126166284436,0.996881200702975,0.9742815122131339,0.995342228556394,0.972619755869357,0.12085497379302979,0.01842319965362549,0.11537253856658936,0.9963584949296318,0.9999151518284268,0.9966805814741257,-0.7338265776634216,1.1388288736343384,0.025940900668501854,0.45862563775510207,0.5847454626406149,
8,client_5,False,orig,raw,random,0.9676092267036438,0.037375688552856445,0.043036580085754395,0.10155320167541504,0.9996508559294504,0.9995371239471467,0.9974267139749269,0.9907211607098623,0.9893270660505966,0.9750872018708061,0.0577317476272583,0.044342875480651855,0.1041719913482666,0.999167281759701,0.9995086085228955,0.9972925593307125,-0.8097488284111023,0.8311695456504822,0.006413094699382782,0.4927455357142857,0.5167575915761597,
8,client_6,False,orig,raw,random,0.981962263584137,0.07774078845977783,0.017156004905700684,0.07476842403411865,0.9984908028893624,0.9999264219344699,0.998603884271811,0.9808445312871203,0.9957247567325551,0.9815667655886109,0.07986819744110107,0.016713857650756836,0.07570326328277588,0.99840717314548,0.9999301653984769,0.9985687921081883,-0.6715614199638367,0.8140036463737488,0.0013300399295985699,0.55859375,0.7638879002047838,
8,client_7,False,orig,raw,random,0.9625046253204346,0.08087277412414551,0.02730095386505127,0.11107206344604492,0.9983669016216252,0.9998136905170287,0.9969228692349814,0.980084374440843,0.993209543773981,0.972799931044144,0.1091766357421875,0.02720785140991211,0.11730313301086426,0.9970267623495488,0.9998149588895868,0.9965688490063207,-0.5410159230232239,1.0001424551010132,0.04166722670197487,0.42275191326530615,0.6997323206350823,
8,client_8,False,orig,raw,random,0.9678066372871399,0.04767453670501709,0.02361583709716797,0.02678227424621582,0.999432026698845,0.9998605876381212,0.9998207015611489,0.9881870798294172,0.9941220824617789,0.9933379074407178,0.053888797760009766,0.024315237998962402,0.026243925094604492,0.999274394488626,0.9998522086840129,0.999827836332386,-0.603897750377655,0.9837293028831482,0.008058806881308556,0.5466358418367347,0.7563259361346931,
8,client_9,False,orig,raw,random,0.9743923544883728,0.040113210678100586,0.043146371841430664,0.09330368041992188,0.9995978539145831,0.9995347600491926,0.9978271532620233,0.9900466296587749,0.9893000569938777,0.9770760020813762,0.0555877685546875,0.04371845722198486,0.0958021879196167,0.999227947337421,0.9995223453090847,0.9977094278650487,-1.0573323965072632,1.0357084274291992,0.0033411867916584015,0.5043048469387755,0.4264574213550652,
8,client_0,True,orig,raw,pretrained,0.9519007205963135,0.10405123233795166,0.033805251121520996,0.12291717529296875,0.9972988200546298,0.9997143624555214,0.9962335157626723,0.9744861736158303,0.9916019604846396,0.9699649212833719,0.12362861633300781,0.03355669975280762,0.1270456314086914,0.9961899140221222,0.9997185464016451,0.9959770314767402,-0.7368612289428711,0.7725850939750671,0.010159333236515522,0.5112404336734694,-0.279122099034334,0.3918893337249756
8,client_1,True,orig,raw,pretrained,0.962984025478363,0.10107457637786865,0.02557516098022461,0.1002662181854248,0.997450866578288,0.9998364978376952,0.9974914011945184,0.9752024230447398,0.9936367421610746,0.9753970684124413,0.11950111389160156,0.02557516098022461,0.10188722610473633,0.9964394079868863,0.9998364978376952,0.9974097912071767,-0.8565936088562012,0.9054620265960693,0.00393672613427043,0.5344387755102041,-0.26603977862845063,0.48387789726257324
8,client_2,False,orig,raw,pretrained,0.9687187671661377,0.04028677940368652,0.025530457496643066,0.05706000328063965,0.9995943672970222,0.999837068847663,0.9991865356407665,0.9900038852028035,0.9936478116105902,0.9858862020798724,0.04963195323944092,0.025742769241333008,0.058293938636779785,0.9993844516270538,0.9998343480412548,0.9991509951743249,-0.7743661999702454,0.8489221930503845,0.03156230226159096,0.39182079081632654,0.5649163693517767,0.4740724563598633
8,client_3,False,orig,raw,pretrained,0.9748932719230652,0.06136345863342285,0.01392209529876709,0.0666189193725586,0.999059295707226,0.9999515455765684,0.9988914025004663,0.9848338834478088,0.9965285410239164,0.9835510568705779,0.07471346855163574,0.013806462287902832,0.06885242462158203,0.9986059336879192,0.9999523471029406,0.9988158885484995,-0.6854404211044312,0.8816235661506653,0.03496125712990761,0.43399234693877553,0.6722187524172634,0.38901031017303467
8,client_4,False,orig,raw,pretrained,0.9673399329185486,0.07236135005950928,0.032732486724853516,0.06754899024963379,0.9986922428441294,0.9997321998780475,0.9988602586754112,0.9821522289757312,0.9918668328599731,0.9833242933243993,0.08006656169891357,0.0335078239440918,0.06763601303100586,0.9983992608003831,0.9997193655144201,0.9988573226648438,-0.7338265776634216,1.1388288736343384,0.025940900668501854,0.45862563775510207,0.5847454626406149,0.4082111120223999
8,client_5,False,orig,raw,pretrained,0.9676092267036438,0.07228851318359375,0.017957687377929688,0.08989262580871582,0.9986948716450592,0.9999193852403956,0.9979828857260722,0.9821699529794323,0.9955256499715073,0.9779001213746039,0.09332394599914551,0.017800211906433105,0.09288346767425537,0.997826210813626,0.9999207928196694,0.997846649383376,-0.8097488284111023,0.8311695456504822,0.006413094699382782,0.4927455357142857,0.5167575915761597,0.3918548822402954
8,client_6,False,orig,raw,pretrained,0.981962263584137,0.1482222080230713,0.022801637649536133,0.1346569061279297,0.9945300883741619,0.9998700339998863,0.9954822456224097,0.9639498246638196,0.994323870833633,0.9671673568204886,0.19522219896316528,0.022491931915283203,0.14366555213928223,0.990539736506187,0.9998735402450127,0.9948599537441105,-0.6715614199638367,0.8140036463737488,0.0013300399295985699,0.55859375,0.7638879002047838,0.4089477062225342
8,client_7,False,orig,raw,pretrained,0.9625046253204346,0.06532526016235352,0.03015756607055664,0.10715901851654053,0.9989340056221043,0.9997726690691313,0.9971354055395638,0.9838665985751138,0.9925030305661913,0.9737392137666094,0.08932924270629883,0.03027057647705078,0.11263835430145264,0.9980080525051702,0.9997709624012141,0.9968356800990983,-0.5410159230232239,1.0001424551010132,0.04166722670197487,0.42275191326530615,0.6997323206350823,0.41346466541290283
8,client_8,False,orig,raw,pretrained,0.9678066372871399,0.11121749877929688,0.01822638511657715,0.09190154075622559,0.9969148243726684,0.9999169548941256,0.9978918658189144,0.9727650471401204,0.9954589292631808,0.9774146362699987,0.13982999324798584,0.018082022666931152,0.09543871879577637,0.9951297561860311,0.9999182651248564,0.9977267459568726,-0.603897750377655,0.9837293028831482,0.008058806881308556,0.5466358418367347,0.7563259361346931,0.41108179092407227
8,client_9,False,orig,raw,pretrained,0.9743923544883728,0.03941845893859863,0.02088630199432373,0.052918434143066406,0.9996116594171369,0.9998909495170778,0.9993002772580097,0.9902177526420908,0.9947988033672002,0.9869005291187731,0.05102849006652832,0.02094399929046631,0.054764509201049805,0.9993493409928009,0.9998903462422253,0.9992506335622258,-1.0573323965072632,1.0357084274291992,0.0033411867916584015,0.5043048469387755,0.4264574213550652,0.4238760471343994
8,client_0,True,orig,clip01,random,0.9519007205963135,0.11332452297210693,0.04232132434844971,0.03818976879119873,0.99679710290508,0.9995523767081327,0.9996354850739517,0.9722598700735268,0.9895030479043925,0.9905204976505944,0.11843550205230713,0.04297459125518799,0.037267446517944336,0.9965024597365639,0.9995384559560856,0.9996528747559581,-0.7368612289428711,0.7725850939750671,0.010159333236515522,0.5112404336734694,-0.279122099034334,
8,client_1,True,orig,clip01,random,0.962984025478363,0.1637033224105835,0.06130492687225342,0.11636912822723389,0.9933338227391462,0.9990610881765098,0.9966231333820055,0.9602974878394066,0.9848481848373412,0.9715305954682418,0.13239657878875732,0.0600963830947876,0.1165459156036377,0.995632148062721,0.9990977172359696,0.9966128914527215,-0.8565936088562012,0.9054620265960693,0.00393672613427043,0.5344387755102041,-0.26603977862845063,
8,client_2,False,orig,clip01,random,0.9687187671661377,0.07879960536956787,0.03600311279296875,0.05182385444641113,0.9984494610409012,0.9996760227098105,0.9993289099904596,0.9805874493471367,0.9910596257643034,0.9871688683379103,0.07171404361724854,0.0353163480758667,0.051241278648376465,0.9987155127613776,0.9996882617943699,0.9993439058642286,-0.7743661999702454,0.8489221930503845,0.03156230226159096,0.39182079081632654,0.5649163693517767,
8,client_3,False,orig,clip01,random,0.9748932719230652,0.06897473335266113,0.027685046195983887,0.0861968994140625,0.9988116816789394,0.999808412088182,0.9981451081493438,0.9829768306610207,0.9931145040236344,0.9787941963512596,0.08082664012908936,0.027359724044799805,0.09053480625152588,0.9983687620174664,0.999812887637475,0.9979540072133968,-0.6854404211044312,0.8816235661506653,0.03496125712990761,0.43399234693877553,0.6722187524172634,
8,client_4,False,orig,clip01,random,0.9673399329185486,0.0668337345123291,0.03123009204864502,0.0490717887878418,0.99888424754103,0.9997562149202102,0.9993982615911918,0.9834986751365948,0.9922379621709652,0.9878440287080288,0.08520519733428955,0.03174388408660889,0.05011248588562012,0.9981874862686384,0.9997481290451293,0.9993724801820205,-0.7338265776634216,1.1388288736343384,0.025940900668501854,0.45862563775510207,0.5847454626406149,
8,client_5,False,orig,clip01,random,0.9676092267036438,0.03812670707702637,0.026546716690063477,0.0889291763305664,0.9996366875791838,0.9998238412356397,0.9980258282962686,0.9905360395860212,0.9933962118227366,0.9781330821587018,0.05411607027053833,0.02741837501525879,0.09390950202941895,0.9992682645604853,0.9998120846662135,0.9977988917824765,-0.8097488284111023,0.8311695456504822,0.006413094699382782,0.4927455357142857,0.5167575915761597,
8,client_6,False,orig,clip01,random,0.981962263584137,0.07250189781188965,0.024535298347473145,0.09357249736785889,0.9986871627943166,0.999849521768682,0.9978146354208655,0.9821180296773497,0.9938942802269746,0.9770110995613308,0.08950507640838623,0.024514317512512207,0.09646296501159668,0.9980002147541909,0.999849778986136,0.9976777765843421,-0.6715614199638367,0.8140036463737488,0.0013300399295985699,0.55859375,0.7638879002047838,
8,client_7,False,orig,clip01,random,0.9625046253204346,0.058423638343811035,0.038394927978515625,0.11637270450592041,0.9991472154448726,0.9996315592195246,0.9966229263478179,0.9855525715135416,0.990469937477245,0.971529739324855,0.07434546947479248,0.038990020751953125,0.11977839469909668,0.9986196185497456,0.9996200528750534,0.9964229098031026,-0.5410159230232239,1.0001424551010132,0.04166722670197487,0.42275191326530615,0.6997323206350823,
8,client_8,False,orig,clip01,random,0.9678066372871399,0.07633709907531738,0.02477395534515381,0.05180656909942627,0.9985447520904369,0.9998465804395975,0.9993293573618445,0.9811855046416924,0.9938351642759204,0.9871731067663434,0.09404230117797852,0.024629831314086914,0.05359292030334473,0.9977926724433495,0.999848360100563,0.9992823362385432,-0.603897750377655,0.9837293028831482,0.008058806881308556,0.5466358418367347,0.7563259361346931,
8,client_9,False,orig,clip01,random,0.9743923544883728,0.041445136070251465,0.01752912998199463,0.05845010280609131,0.9995707134393665,0.9999231868260035,0.9991464431840684,0.9897186896971415,0.9956320795374274,0.9855460983242612,0.053502678871154785,0.017660856246948242,0.06006348133087158,0.9992847497574762,0.9999220280991694,0.9990987042671746,-1.0573323965072632,1.0357084274291992,0.0033411867916584015,0.5043048469387755,0.4264574213550652,
8,client_0,True,orig,clip01,pretrained,0.9519007205963135,0.10823297500610352,0.03486227989196777,0.11579310894012451,0.9970778259511464,0.999696224587568,0.996656397484305,0.9734812869817371,0.9913410771276954,0.9716685064164821,0.12247872352600098,0.03455710411071777,0.12007367610931396,0.9962602630317745,0.9997015184741325,0.9964052989965559,-0.7368612289428711,0.7725850939750671,0.010159333236515522,0.5112404336734694,-0.279122099034334,
8,client_1,True,orig,clip01,pretrained,0.962984025478363,0.09545683860778809,0.02496802806854248,0.09856295585632324,0.9977258841566505,0.9998441676087897,0.9975757527073348,0.9765563303597309,0.9937870958531267,0.9758073895996375,0.11678600311279297,0.024939537048339844,0.09985804557800293,0.9965989576775736,0.9998445230051562,0.997511746018074,-0.8565936088562012,0.9054620265960693,0.00393672613427043,0.5344387755102041,-0.26603977862845063,
8,client_2,False,orig,clip01,pretrained,0.9687187671661377,0.04219341278076172,0.024380922317504883,0.05175638198852539,0.999555077502303,0.9998514092182305,0.9993306554375108,0.9895345242771074,0.9939325223759874,0.9871854129788218,0.050048828125,0.024347662925720215,0.052483320236206055,0.9993740726949709,0.9998518142988266,0.9993117307667705,-0.7743661999702454,0.8489221930503845,0.03156230226159096,0.39182079081632654,0.5649163693517767,
8,client_3,False,orig,clip01,pretrained,0.9748932719230652,0.04798746109008789,0.011888980865478516,0.06059896945953369,0.9994245493728482,0.9999646639699993,0.9990825729688244,0.9881102355958047,0.9970343675784579,0.9850206998762236,0.05913114547729492,0.011870861053466797,0.06294357776641846,0.9991264496488075,0.9999647715952704,0.999010261805342,-0.6854404211044312,0.8816235661506653,0.03496125712990761,0.43399234693877553,0.6722187524172634,
8,client_4,False,orig,clip01,pretrained,0.9673399329185486,0.06766724586486816,0.033353567123413086,0.06858396530151367,0.9988562679999615,0.999721942890472,0.998825096253237,0.9832954666685831,0.9917134712093236,0.9830720449869568,0.07650136947631836,0.0339815616607666,0.06883978843688965,0.9985384891073692,0.9997113758599261,0.998816322752323,-0.7338265776634216,1.1388288736343384,0.025940900668501854,0.45862563775510207,0.5847454626406149,
8,client_5,False,orig,clip01,pretrained,0.9676092267036438,0.07356119155883789,0.017688989639282227,0.08208119869232178,0.9986485591335521,0.9999217795005233,0.9983177945860309,0.9818603306249185,0.9955923773890083,0.979791316965104,0.09403908252716064,0.01764392852783203,0.08559286594390869,0.9977928232846074,0.9999221774890821,0.9981709781969663,-0.8097488284111023,0.8311695456504822,0.006413094699382782,0.4927455357142857,0.5167575915761597,
8,client_6,False,orig,clip01,pretrained,0.981962263584137,0.14227032661437988,0.02371072769165039,0.13694673776626587,0.994958929338486,0.9998594651623716,0.9953278344669687,0.9653595595159619,0.9940985691028978,0.9666231048783276,0.18888044357299805,0.02363598346710205,0.14605581760406494,0.9911403584087364,0.9998603496997656,0.9946881814734689,-0.6715614199638367,0.8140036463737488,0.0013300399295985699,0.55859375,0.7638879002047838,
8,client_7,False,orig,clip01,pretrained,0.9625046253204346,0.06636881828308105,0.029193758964538574,0.1149144172668457,0.9988997038231655,0.999786965153389,0.9967068256104055,0.9836120482048871,0.9927413203861983,0.9718789400303998,0.09575021266937256,0.02919900417327881,0.1212778091430664,0.9977119083183978,0.9997868886073025,0.9963330395332188,-0.5410159230232239,1.0001424551010132,0.04166722670197487,0.42275191326530615,0.6997323206350823,
8,client_8,False,orig,clip01,pretrained,0.9678066372871399,0.10321271419525146,0.01653587818145752,0.0982903242111206,0.9973420941749598,0.9999316446877309,0.9975891211881345,0.9746878597496933,0.9958788130854761,0.9758730914681608,0.13665425777435303,0.016508936882019043,0.10223275423049927,0.9953477004166453,0.9999318672325122,0.9973922276061835,-0.603897750377655,0.9837293028831482,0.008058806881308556,0.5466358418367347,0.7563259361346931,
8,client_9,False,orig,clip01,pretrained,0.9743923544883728,0.040643930435180664,0.022716403007507324,0.04229533672332764,0.9995871456108396,0.999871003739986,0.9995529260857954,0.9899159389754826,0.9943449986453261,0.9895094427960611,0.05028045177459717,0.02276325225830078,0.04367470741271973,0.9993682685155998,0.9998704711713209,0.9995233004835611,-1.0573323965072632,1.0357084274291992,0.0033411867916584015,0.5043048469387755,0.4264574213550652,
8,client_0,True,flip,raw,random,0.8876610398292542,0.08941066265106201,0.06208634376525879,0.07244873046875,0.9980044251324989,0.9990370175469296,0.9986890856641175,0.9780166490035183,0.9846572826097308,0.982130966606332,0.08965003490447998,0.06197535991668701,0.07315123081207275,0.997993741738165,0.999040454796067,0.9986635654142697,-0.8136588335037231,0.765988290309906,0.0018587163649499416,0.5533322704081632,-0.279122099034334,
8,client_1,True,flip,raw,random,0.960936963558197,0.03425240516662598,0.04738461971282959,0.03846609592437744,0.9997067576943373,0.9994389106815151,0.999630192466334,0.9914915866345768,0.9882582821854842,0.9904523994954959,0.027042150497436523,0.04722750186920166,0.03784036636352539,0.9998172055883352,0.9994426238776273,0.9996421227544992,-0.7362002730369568,0.7848238348960876,0.01851501688361168,0.4927455357142857,-0.26603977862845063,
8,client_2,False,flip,raw,random,0.8741746544837952,0.18683099746704102,0.09412646293640137,0.07141482830047607,0.9913303328825442,0.9977887264035068,0.9987261988122929,0.9548797616348081,0.9768773718503758,0.9823825914203328,0.20629358291625977,0.09581053256988525,0.07137858867645264,0.9894450465483071,0.9977090295025826,0.9987274900373506,-0.755408763885498,0.7350712418556213,-0.05367958918213844,0.6254783163265306,0.5649163693517767,
8,client_3,False,flip,raw,random,0.8863999247550964,0.05517852306365967,0.036629438400268555,0.05619609355926514,0.9992392669632071,0.9996646554264985,0.9992109670082991,0.9863468083472595,0.9909051578851162,0.9860976562325992,0.051506638526916504,0.03639876842498779,0.0561290979385376,0.999337096312493,0.9996688646752412,0.9992128461087015,-0.7831253409385681,0.7577656507492065,-0.02429679036140442,0.5689572704081632,0.6722187524172634,
8,client_4,False,flip,raw,random,0.8767229914665222,0.2230745553970337,0.04845595359802246,0.13936710357666016,0.9876745719516566,0.9994132634630437,0.9951618305612913,0.9464815199186529,0.9879952055613137,0.9660483271700968,0.19481313228607178,0.04871165752410889,0.1363520622253418,0.9905790605218192,0.9994070574230876,0.9953681822800557,-0.7872304916381836,0.7692356705665588,-0.047620560973882675,0.6462850765306123,0.5847454626406149,
8,client_5,False,flip,raw,random,0.9371618032455444,0.06811273097991943,0.03201889991760254,0.04942154884338379,0.998841172117759,0.9997437467719639,0.9993896571603427,0.983186884091938,0.9920430807932819,0.9877581841386902,0.08216547966003418,0.03239250183105469,0.050540924072265625,0.9983143426067622,0.9997377330556718,0.9993617094743688,-0.7321916818618774,0.8226526975631714,-0.009981933049857616,0.5200095663265306,0.5167575915761597,
8,client_6,False,flip,raw,random,0.9482466578483582,0.15160441398620605,0.0533900260925293,0.16041278839111328,0.9942786946372033,0.9992877569750331,0.9935978422010743,0.9631501084471947,0.9867849507957247,0.9610720559446528,0.12358975410461426,0.05338156223297119,0.16010868549346924,0.9961923021758572,0.9992879826586734,0.9936219768574965,-0.7425286173820496,0.7081941366195679,-0.015830261632800102,0.5538903061224489,0.7638879002047838,
8,client_7,False,flip,raw,random,0.9260299801826477,0.16162562370300293,0.04631519317626953,0.1112133264541626,0.9935011406771139,0.9994639413370352,0.9969150553132091,0.9607864540443929,0.9885209952921359,0.9727660478816906,0.11555886268615723,0.04568922519683838,0.10934901237487793,0.9966698780569243,0.9994783278715411,0.9970173872069434,-0.7584124803543091,0.781126856803894,-0.04097548872232437,0.6104910714285714,0.6997323206350823,
8,client_8,False,flip,raw,random,0.928640604019165,0.1098017692565918,0.051020264625549316,0.10530972480773926,0.9969926930601496,0.9993495506370569,0.9972332202153191,0.973104701794042,0.9873659402940216,0.9741835899441333,0.07593929767608643,0.05080223083496094,0.10227024555206299,0.9985598631568202,0.9993550954319435,0.9973903183301869,-0.8205845355987549,0.7557549476623535,-0.008110741153359413,0.5224808673469388,0.7563259361346931,
8,client_9,False,flip,raw,random,0.9118868708610535,0.14851200580596924,0.06319594383239746,0.08969771862030029,0.9945087666525556,0.9990023153313143,0.9979916101807846,0.963881263466744,0.984386299764328,0.9779472429488956,0.15881383419036865,0.06375622749328613,0.08967006206512451,0.9937242378391291,0.9989845598666838,0.9979928466212873,-0.7375301122665405,0.775973916053772,-0.019735930487513542,0.5688775510204082,0.4264574213550652,
8,client_0,True,flip,raw,pretrained,0.8876610398292542,0.07245612144470215,0.05103921890258789,0.1125941276550293,0.9986888184434315,0.9993490674930807,0.9968381586115374,0.9821291681838575,0.9873612912770013,0.972434943980711,0.07349228858947754,0.05103158950805664,0.11407959461212158,0.9986510871103174,0.9993492619876649,0.9967543837583879,-0.8136588335037231,0.765988290309906,0.0018587163649499416,0.5533322704081632,-0.279122099034334,0.4365473985671997
8,client_1,True,flip,raw,pretrained,0.960936963558197,0.05424237251281738,0.022710800170898438,0.06337416172027588,0.9992648468454637,0.9998710673579767,0.9989966845282447,0.9865761082353781,0.9943463874901064,0.9843427864153764,0.06765806674957275,0.023076415061950684,0.06460165977478027,0.998856578009073,0.9998668830585564,0.998957472254953,-0.7362002730369568,0.7848238348960876,0.01851501688361168,0.4927455357142857,-0.26603977862845063,0.4993409514427185
8,client_2,False,flip,raw,pretrained,0.8741746544837952,0.18514502048492432,0.03807723522186279,0.10904419422149658,0.9914851019683151,0.999637629553866,0.9970339555613483,0.955273153120118,0.9905482324758026,0.9732865284976737,0.18225812911987305,0.03757023811340332,0.1112508773803711,0.9917469370570282,0.9996472126740155,0.9969129765393314,-0.755408763885498,0.7350712418556213,-0.05367958918213844,0.6254783163265306,0.5649163693517767,0.5772563219070435
8,client_3,False,flip,raw,pretrained,0.8863999247550964,0.11887848377227783,0.017861127853393555,0.08699071407318115,0.9964763165796358,0.9999202497983435,0.9981108349022225,0.9709301465465343,0.9955496284397052,0.9786020522202179,0.10776340961456299,0.017832040786743164,0.0861128568649292,0.9971030714706943,0.9999205093197394,0.998148718428286,-0.7831253409385681,0.7577656507492065,-0.02429679036140442,0.5689572704081632,0.6722187524172634,0.4576127529144287
8,client_4,False,flip,raw,pretrained,0.8767229914665222,0.18672716617584229,0.029544830322265625,0.11976099014282227,0.9913399038624351,0.9997818114615658,0.9964239464853213,0.9549039817085172,0.9926545122392894,0.9707191092281513,0.19614863395690918,0.029297232627868652,0.12183952331542969,0.9904503810889593,0.9997854525692931,0.9962990874159461,-0.7872304916381836,0.7692356705665588,-0.047620560973882675,0.6462850765306123,0.5847454626406149,0.5739981532096863
8,client_5,False,flip,raw,pretrained,0.9371618032455444,0.06771457195281982,0.029587984085083008,0.07393503189086914,0.9988546689761921,0.9997811737197886,0.9986348022020288,0.9832839305497925,0.9926438425501971,0.9817694090703175,0.07493746280670166,0.030055999755859375,0.074532151222229,0.9985975710214317,0.9997741974670498,0.9986126847843395,-0.7321916818618774,0.8226526975631714,-0.009981933049857616,0.5200095663265306,0.5167575915761597,0.3616281747817993
8,client_6,False,flip,raw,pretrained,0.9482466578483582,0.10489797592163086,0.01926708221435547,0.12455332279205322,0.9972547690170426,0.9999072013449353,0.9961328702191887,0.9742825726170832,0.9952005756213462,0.9695743009976479,0.11220932006835938,0.019468307495117188,0.12504422664642334,0.9968596829844707,0.9999052529841055,0.9961024163448429,-0.7425286173820496,0.7081941366195679,-0.015830261632800102,0.5538903061224489,0.7638879002047838,0.41619575023651123
8,client_7,False,flip,raw,pretrained,0.9260299801826477,0.08074867725372314,0.05164504051208496,0.10016942024230957,0.9983719035412086,0.9993335307711508,0.997496233410436,0.9801144768721388,0.9872127154692918,0.9754203803950192,0.0720834732055664,0.05226945877075195,0.09948933124542236,0.998702257709754,0.999317325654772,0.9975300532840834,-0.7584124803543091,0.781126856803894,-0.04097548872232437,0.6104910714285714,0.6997323206350823,0.5246731042861938
8,client_8,False,flip,raw,pretrained,0.928640604019165,0.11037623882293701,0.022395849227905273,0.0928032398223877,0.9969612149571396,0.9998746182760212,0.9978503616815744,0.9729668565023974,0.9944244629768888,0.9771968445020089,0.11595869064331055,0.02263343334197998,0.0928199291229248,0.996646852165995,0.99987194422383,0.9978495896978345,-0.8205845355987549,0.7557549476623535,-0.008110741153359413,0.5224808673469388,0.7563259361346931,0.3967090845108032
8,client_9,False,flip,raw,pretrained,0.9118868708610535,0.10318541526794434,0.0318143367767334,0.09970378875732422,0.997343497175871,0.999747010007074,0.9975194132982914,0.9746944269282034,0.9920936142594892,0.9755325307599738,0.09940481185913086,0.030996084213256836,0.10205721855163574,0.9975342403386631,0.9997598539522274,0.9974011576640709,-0.7375301122665405,0.775973916053772,-0.019735930487513542,0.5688775510204082,0.4264574213550652,0.46562349796295166
8,client_0,True,flip,clip01,random,0.8876610398292542,0.09906554222106934,0.042003631591796875,0.19020318984985352,0.997551012065361,0.9995590696023011,0.9910166746131885,0.9756862880362285,0.9895812282433663,0.9540936529764481,0.14074033498764038,0.04214215278625488,0.2010735273361206,0.9950663714387724,0.9995561575421283,0.9899684778764295,-0.8136588335037231,0.765988290309906,0.0018587163649499416,0.5533322704081632,-0.279122099034334,
8,client_1,True,flip,clip01,random,0.960936963558197,0.04875481128692627,0.06086444854736328,0.0678778886795044,0.9994060068477957,0.9990745226095039,0.9988491423784271,0.9879218368487472,0.9849558193462666,0.9832441223295361,0.07219970226287842,0.062180280685424805,0.07028555870056152,0.9986980734071906,0.9990341034617787,0.9987661280805049,-0.7362002730369568,0.7848238348960876,0.01851501688361168,0.4927455357142857,-0.26603977862845063,
8,client_2,False,flip,clip01,random,0.8741746544837952,0.11000072956085205,0.03685295581817627,0.06953835487365723,0.9969818094399328,0.9996605513556815,0.9987921995039863,0.973056957493311,0.9908500415316164,0.9828395233315854,0.11359512805938721,0.0362544059753418,0.07067370414733887,0.9967818253760228,0.999671485475649,0.9987524753548513,-0.755408763885498,0.7350712418556213,-0.05367958918213844,0.6254783163265306,0.5649163693517767,
8,client_3,False,flip,clip01,random,0.8863999247550964,0.08626031875610352,0.038088440895080566,0.06719624996185303,0.9981423814785031,0.9996374162979507,0.9988721209906797,0.9787788435148495,0.9905454706930881,0.983410286821361,0.06835663318634033,0.03784513473510742,0.06479811668395996,0.9988328653353271,0.9996420325787869,0.9989511268512075,-0.7831253409385681,0.7577656507492065,-0.02429679036140442,0.5689572704081632,0.6722187524172634,
8,client_4,False,flip,clip01,random,0.8767229914665222,0.13206124305725098,0.023119211196899414,0.1358121633529663,0.9956541738591898,0.9998663889088619,0.9954046636218976,0.967784856089438,0.9942451571960367,0.966892715378977,0.12391245365142822,0.022628426551818848,0.13618707656860352,0.9961724492023518,0.9998720008671091,0.9953793456194211,-0.7872304916381836,0.7692356705665588,-0.047620560973882675,0.6462850765306123,0.5847454626406149,
8,client_5,False,flip,clip01,random,0.9371618032455444,0.09935557842254639,0.04352164268493652,0.059197187423706055,0.9975366777142012,0.9995266347776821,0.9991244985527166,0.9756164121307549,0.9892077477465004,0.9853633882619768,0.1161346435546875,0.04397237300872803,0.059630513191223145,0.9966366941793035,0.9995167827986335,0.9991116428023874,-0.7321916818618774,0.8226526975631714,-0.009981933049857616,0.5200095663265306,0.5167575915761597,
8,client_6,False,flip,clip01,random,0.9482466578483582,0.08154833316802979,0.040518760681152344,0.1169891357421875,0.9983395380934843,0.9995896838215077,0.9965871464597678,0.9799205270419586,0.9899467599170595,0.9713821856672578,0.08736252784729004,0.040604472160339355,0.1184922456741333,0.9980946742698011,0.9995879465954767,0.996499116328982,-0.7425286173820496,0.7081941366195679,-0.015830261632800102,0.5538903061224489,0.7638879002047838,
8,client_7,False,flip,clip01,random,0.9260299801826477,0.1339876651763916,0.06891882419586182,0.15085971355438232,0.9955268898434537,0.9988136056252963,0.9943345256649785,0.9673265103064426,0.9829904526065609,0.9633261058867613,0.09402060508728027,0.06765270233154297,0.14944255352020264,0.9977936891259331,0.9988567591638249,0.9944400251905396,-0.7584124803543091,0.781126856803894,-0.04097548872232437,0.6104910714285714,0.6997323206350823,
8,client_8,False,flip,clip01,random,0.928640604019165,0.11269545555114746,0.05352771282196045,0.03638255596160889,0.9968324786530487,0.9992840806279661,0.9996691595199338,0.9724106531130114,0.9867512101972016,0.9909660410816006,0.11245870590209961,0.05402874946594238,0.03580617904663086,0.996845741807437,0.999270622797023,0.9996795564194318,-0.8205845355987549,0.7557549476623535,-0.008110741153359413,0.5224808673469388,0.7563259361346931,
8,client_9,False,flip,clip01,random,0.9118868708610535,0.1636652946472168,0.0466691255569458,0.10226643085479736,0.9933369039483906,0.9994557204622658,0.9973905126284834,0.9603064339455765,0.9884340373957325,0.974915541584582,0.19324100017547607,0.046935200691223145,0.10429251194000244,0.9907294451876585,0.9994494991281373,0.9972863037861213,-0.7375301122665405,0.775973916053772,-0.019735930487513542,0.5688775510204082,0.4264574213550652,
8,client_0,True,flip,clip01,pretrained,0.8876610398292542,0.05991315841674805,0.04796028137207031,0.11673009395599365,0.9991032069975492,0.9994252007686337,0.996602204969647,0.9851883351732436,0.9881169097107729,0.9714441877752347,0.061385273933410645,0.04790341854095459,0.11816048622131348,0.99905862720188,0.9994265623655483,0.9965186415726648,-0.8136588335037231,0.765988290309906,0.0018587163649499416,0.5533322704081632,-0.279122099034334,
8,client_1,True,flip,clip01,pretrained,0.960936963558197,0.052683115005493164,0.02211940288543701,0.06101202964782715,0.9993064832837908,0.9998776942241838,0.9990700321994441,0.9869582090142011,0.9944930008570816,0.984919754721548,0.06424868106842041,0.022328734397888184,0.06180620193481445,0.9989688249318327,0.9998753685560209,0.9990456819437266,-0.7362002730369568,0.7848238348960876,0.01851501688361168,0.4927455357142857,-0.26603977862845063,
8,client_2,False,flip,clip01,pretrained,0.8741746544837952,0.20479798316955566,0.04384183883666992,0.1148688793182373,0.9895963434599269,0.9995196464167553,0.9967094286681837,0.9507025740012274,0.9891289960082799,0.9718898475581688,0.2105931043624878,0.04349315166473389,0.11629891395568848,0.9890041677430768,0.9995272541230074,0.9966271968775486,-0.755408763885498,0.7350712418556213,-0.05367958918213844,0.6254783163265306,0.5649163693517767,
8,client_3,False,flip,clip01,pretrained,0.8863999247550964,0.11036348342895508,0.016850709915161133,0.07918095588684082,0.9969619156567897,0.9999290171729867,0.9984344347357981,0.9729699168702144,0.9958005958474243,0.9804948817845784,0.10122096538543701,0.016820311546325684,0.07883191108703613,0.9974434914500618,0.9999292730318232,0.9984481909022191,-0.7831253409385681,0.7577656507492065,-0.02429679036140442,0.5689572704081632,0.6722187524172634,
8,client_4,False,flip,clip01,pretrained,0.8767229914665222,0.1666405200958252,0.026833057403564453,0.11551964282989502,0.9930937167520457,0.9998200210556025,0.9966721324683228,0.9596068843848582,0.9933253384440559,0.9717339901578199,0.19254255294799805,0.02667534351348877,0.11778581142425537,0.9907958761919593,0.9998221302439114,0.9965406274019764,-0.7872304916381836,0.7692356705665588,-0.047620560973882675,0.6462850765306123,0.5847454626406149,
8,client_5,False,flip,clip01,pretrained,0.9371618032455444,0.06418251991271973,0.031334638595581055,0.06970763206481934,0.9989709459394012,0.999754580288511,0.9987863174105478,0.984145455415381,0.9922121297973217,0.9827982902878205,0.07273054122924805,0.031609416007995605,0.0699845552444458,0.9986788775785624,0.9997502579930784,0.9987766640806583,-0.7321916818618774,0.8226526975631714,-0.009981933049857616,0.5200095663265306,0.5167575915761597,
8,client_6,False,flip,clip01,pretrained,0.9482466578483582,0.10638010501861572,0.017315030097961426,0.12845194339752197,0.997176810401107,0.9999250516463851,0.9958877517042888,0.9739263457429053,0.9956852563072107,0.968644480468966,0.11013054847717285,0.017330527305603027,0.1288989782333374,0.9969746974984997,0.9999249174341394,0.9958591683524258,-0.7425286173820496,0.7081941366195679,-0.015830261632800102,0.5538903061224489,0.7638879002047838,
8,client_7,False,flip,clip01,pretrained,0.9260299801826477,0.06694412231445312,0.0526423454284668,0.09797608852386475,0.9988805618675285,0.9993075556866982,0.9976044841166172,0.9834717591815736,0.9869682027017344,0.9759488277900579,0.06786048412322998,0.053067803382873535,0.09797608852386475,0.9988497319759255,0.9992963236521444,0.9976044841166172,-0.7584124803543091,0.781126856803894,-0.04097548872232437,0.6104910714285714,0.6997323206350823,
8,client_8,False,flip,clip01,pretrained,0.928640604019165,0.10998249053955078,0.022021770477294922,0.08604896068572998,0.9969828079723586,0.9998787714296644,0.9981514609209525,0.9730613341461667,0.9945172080373135,0.97883001142185,0.11189842224121094,0.022025465965270996,0.08597230911254883,0.9968770198731736,0.9998787307430572,0.9981547482178976,-0.8205845355987549,0.7557549476623535,-0.008110741153359413,0.5224808673469388,0.7563259361346931,
8,client_9,False,flip,clip01,pretrained,0.9118868708610535,0.09204328060150146,0.03347516059875488,0.10124337673187256,0.9978853683743483,0.9997199122564995,0.9974423614238557,0.9773803963281456,0.9916834506362198,0.975161784800715,0.09320175647735596,0.03286159038543701,0.10353243350982666,0.9978318901399374,0.9997300836229301,0.9973256351168491,-0.7375301122665405,0.775973916053772,-0.019735930487513542,0.5688775510204082,0.4264574213550652,
8,client_0,True,flip_global,raw,random,0.9586699604988098,0.08269906044006348,0.030793428421020508,0.0847768783569336,0.9982924064157563,0.9997629833326298,0.9982056386882967,0.9796415288847977,0.9923458681603243,0.9791380560526908,0.1026608943939209,0.031026482582092285,0.08603191375732422,0.997370382898582,0.999759382775957,0.9981521922513443,-1.0042208433151245,0.7966158390045166,-0.011359135620296001,0.5593112244897959,-0.279122099034334,
8,client_1,True,flip_global,raw,random,0.9627498984336853,0.045099496841430664,0.032238125801086426,0.05511510372161865,0.9994917027039798,0.9997402264340425,0.9992410136577354,0.9888197680332631,0.9919889294600759,0.9863623396991765,0.04039788246154785,0.03220653533935547,0.05443906784057617,0.9995921275860749,0.9997407351950778,0.9992595084762594,-0.9997854828834534,0.8923701643943787,-0.005522739142179489,0.5400988520408163,-0.26603977862845063,
8,client_2,False,flip_global,raw,random,0.8977565169334412,0.1739213466644287,0.06169092655181885,0.08020138740539551,0.9924805193394826,0.9990492359043488,0.9983938717284224,0.9578982062058241,0.9847538771462256,0.9802472506462243,0.17462527751922607,0.06220376491546631,0.07972204685211182,0.9924198745704362,0.9990333742540962,0.9984129902963459,-0.8009505271911621,0.7685344815254211,-0.04085461422801018,0.5966198979591837,0.5649163693517767,
8,client_3,False,flip_global,raw,random,0.9081054925918579,0.0717613697052002,0.031844377517700195,0.07676577568054199,0.9987138185007336,0.9997465320999255,0.9985283801908118,0.9822982415038652,0.9920861930190159,0.9810813549724764,0.07041490077972412,0.031702399253845215,0.07779133319854736,0.998761586891552,0.9997487868114798,0.9984888420071802,-0.9245654940605164,0.7850815653800964,-0.025372924283146858,0.5647321428571429,0.6722187524172634,
8,client_4,False,flip_global,raw,random,0.90169358253479,0.28291797637939453,0.0491480827331543,0.12578105926513672,0.9802857824115123,0.9993963898891478,0.9960564837510861,0.9328557966559929,0.987825302284917,0.9692813414748187,0.2172449827194214,0.04903519153594971,0.12206017971038818,0.9883047621728889,0.999399158393186,0.9962857076698239,-0.7056896090507507,0.7610578536987305,-0.04748091474175453,0.6261160714285714,0.5847454626406149,
8,client_5,False,flip_global,raw,random,0.9546490907669067,0.07988107204437256,0.022401094436645508,0.04945230484008789,0.9984066601965966,0.9998745595447411,0.9993888976157086,0.9803249724136149,0.9944231626285207,0.9877506359697121,0.09050440788269043,0.022673368453979492,0.0499727725982666,0.9979553788186388,0.9998714919778156,0.999375972711241,-0.7424759864807129,0.7750464081764221,-0.007139795925468206,0.5356345663265306,0.5167575915761597,
8,client_6,False,flip_global,raw,random,0.954948365688324,0.14834153652191162,0.050751447677612305,0.15398621559143066,0.9945213138024014,0.9993563834902679,0.9940983146472528,0.9639215926956388,0.9874318780029645,0.9625875337703715,0.12640023231506348,0.05043435096740723,0.15434551239013672,0.9960176796160496,0.9993643972165165,0.9940708644037706,-0.7572184801101685,0.7461462616920471,-0.007619798183441162,0.5569196428571429,0.7638879002047838,
8,client_7,False,flip_global,raw,random,0.9555358290672302,0.1286863088607788,0.04242706298828125,0.0774993896484375,0.9958727786357247,0.9995501379211473,0.9985001504522648,0.9685886270071424,0.9894770289617174,0.9809031573524358,0.117622971534729,0.042191267013549805,0.07733619213104248,0.9965501612663372,0.9995551227395667,0.9985064534704551,-0.8985805511474609,0.7777016162872314,-0.030632194131612778,0.5864955357142857,0.6997323206350823,
8,client_8,False,flip_global,raw,random,0.945726752281189,0.09047186374664307,0.03261256217956543,0.07941484451293945,0.997956846735675,0.9997341582128145,0.9984251831309341,0.9777601025106166,0.9918964495923048,0.9804381150451762,0.07378602027893066,0.03250622749328613,0.07796216011047363,0.9986402939971932,0.9997358886213246,0.9984822053905815,-0.8744111061096191,0.8466734886169434,-0.016323909163475037,0.5661670918367347,0.7563259361346931,
8,client_9,False,flip_global,raw,random,0.9636151790618896,0.17635810375213623,0.08611655235290527,0.06401658058166504,0.9922695691041665,0.9981485597520443,0.9989762560715321,0.9573273641508764,0.9788136476443206,0.9841859585728312,0.18004679679870605,0.0868297815322876,0.0640108585357666,0.9919447860315498,0.9981178084736384,0.9989764389351052,-0.7585560083389282,0.7828897833824158,-0.01427183486521244,0.5839445153061225,0.4264574213550652,
8,client_0,True,flip_global,raw,pretrained,0.9586699604988098,0.08483004570007324,0.019664287567138672,0.09927797317504883,0.9982033903699494,0.9999033359571441,0.9975405172454088,0.9791251782531971,0.9951019956913372,0.9756351081534897,0.09119093418121338,0.019685983657836914,0.10133028030395508,0.9979242904829695,0.9999031225513617,0.9974379772192383,-1.0042208433151245,0.7966158390045166,-0.011359135620296001,0.5593112244897959,-0.279122099034334,0.40160107612609863
8,client_1,True,flip_global,raw,pretrained,0.9627498984336853,0.04759323596954346,0.023175597190856934,0.03254103660583496,0.999433961387189,0.9998657364452714,0.9997353227864207,0.9882070461607797,0.9942311823660568,0.9919141142790651,0.057047128677368164,0.02349412441253662,0.03285551071166992,0.9991869024638234,0.9998620208098787,0.9997301834671335,-0.9997854828834534,0.8923701643943787,-0.005522739142179489,0.5400988520408163,-0.26603977862845063,0.5033210515975952
8,client_2,False,flip_global,raw,pretrained,0.8977565169334412,0.13350152969360352,0.02112126350402832,0.10692954063415527,0.9955591817296883,0.9998884823850107,0.9971476350595996,0.9674421437887566,0.9947405232748627,0.9737943396314253,0.14619529247283936,0.0208895206451416,0.10849177837371826,0.9946780722230215,0.9998909159071308,0.9970638652451229,-0.8009505271911621,0.7685344815254211,-0.04085461422801018,0.5966198979591837,0.5649163693517767,0.5426584482192993
8,client_3,False,flip_global,raw,pretrained,0.9081054925918579,0.10085999965667725,0.013005256652832031,0.07261073589324951,0.9974616578846378,0.999957717165775,0.9986832221339368,0.9752540854998413,0.9967565972548862,0.982091547479166,0.10294461250305176,0.012947440147399902,0.07324957847595215,0.9973558570440826,0.9999580922656477,0.9986599730931487,-0.9245654940605164,0.7850815653800964,-0.025372924283146858,0.5647321428571429,0.6722187524172634,0.4526785612106323
8,client_4,False,flip_global,raw,pretrained,0.90169358253479,0.1667882204055786,0.02637457847595215,0.11549079418182373,0.9930815323203992,0.9998261180820751,0.996673790244788,0.9595721763117468,0.9934388221182009,0.9717408985936364,0.17894351482391357,0.026294708251953125,0.11690986156463623,0.9920426160023679,0.9998271694855463,0.996591758301727,-0.7056896090507507,0.7610578536987305,-0.04748091474175453,0.6261160714285714,0.5847454626406149,0.553316593170166
8,client_5,False,flip_global,raw,pretrained,0.9546490907669067,0.10365951061248779,0.04081833362579346,0.08684396743774414,0.9973190792000615,0.9995835959999664,0.9981171942822591,0.9745803854124957,0.9898729975309186,0.9786375682160333,0.11404573917388916,0.041165709495544434,0.08774614334106445,0.9967563051890203,0.9995764806650325,0.9980779288552579,-0.7424759864807129,0.7750464081764221,-0.007139795925468206,0.5356345663265306,0.5167575915761597,0.3503228425979614
8,client_6,False,flip_global,raw,pretrained,0.954948365688324,0.11627066135406494,0.01583683490753174,0.15668797492980957,0.9966288312493694,0.9999373016134998,0.9938903606312472,0.9715541683944837,0.996052517333786,0.9619499832564868,0.13069748878479004,0.015906572341918945,0.1581869125366211,0.9957431810270518,0.999936748239832,0.9937734563071488,-0.7572184801101685,0.7461462616920471,-0.007619798183441162,0.5569196428571429,0.7638879002047838,0.3889589309692383
8,client_7,False,flip_global,raw,pretrained,0.9555358290672302,0.07728099822998047,0.027522563934326172,0.0807485580444336,0.998508582177321,0.9998106540118477,0.9983719083424516,0.980956200378825,0.993154706945532,0.980114505789647,0.07295024394989014,0.027535319328308105,0.08052301406860352,0.9986708918620275,0.999810478490486,0.9983809796631267,-0.8985805511474609,0.7777016162872314,-0.030632194131612778,0.5864955357142857,0.6997323206350823,0.4839754104614258
8,client_8,False,flip_global,raw,pretrained,0.945726752281189,0.09529292583465576,0.00891411304473877,0.0767585039138794,0.9977336741334244,0.9999801349431268,0.9985286586731767,0.976595876646972,0.9977751910583406,0.9810831215554283,0.09627532958984375,0.008893728256225586,0.07660186290740967,0.9976867863019434,0.9999802256926984,0.9985346510807549,-0.8744111061096191,0.8466734886169434,-0.016323909163475037,0.5661670918367347,0.7563259361346931,0.4186587333679199
8,client_9,False,flip_global,raw,pretrained,0.9636151790618896,0.0942068099975586,0.034132957458496094,0.07942664623260498,0.9977849559493603,0.9997087989179798,0.9984247155870638,0.9768579782902376,0.9915210688604521,0.9804352507991594,0.09951376914978027,0.03400707244873047,0.08031260967254639,0.9975288419823651,0.9997109424368731,0.9983894193092842,-0.7585560083389282,0.7828897833824158,-0.01427183486521244,0.5839445153061225,0.4264574213550652,0.4148426055908203
8,client_0,True,flip_global,clip01,random,0.9586699604988098,0.0759880542755127,0.02861475944519043,0.11311483383178711,0.9985580152931892,0.9997953303081664,0.9968089164914204,0.981270319522386,0.992884512391101,0.9723101271859065,0.09833431243896484,0.028398871421813965,0.11808103322982788,0.9975869667144321,0.9997984065106327,0.9965233096283048,-1.0042208433151245,0.7966158390045166,-0.011359135620296001,0.5593112244897959,-0.279122099034334,
8,client_1,True,flip_global,clip01,random,0.9627498984336853,0.06712210178375244,0.04463648796081543,0.04059755802154541,0.9988746066492944,0.9995020820055946,0.9995880868692726,0.983428364618991,0.988933593950952,0.9899273572325982,0.08122241497039795,0.045372962951660156,0.041194796562194824,0.9983527676922095,0.9994855221601171,0.9995758821393541,-0.9997854828834534,0.8923701643943787,-0.005522739142179489,0.5400988520408163,-0.26603977862845063,
8,client_2,False,flip_global,clip01,random,0.8977565169334412,0.09865903854370117,0.02105844020843506,0.08281540870666504,0.9975710325364919,0.9998891447415261,0.9982876044291507,0.9757842360855866,0.9947561055274163,0.9796133264473004,0.11480987071990967,0.020923852920532227,0.08485174179077148,0.996712800220918,0.999890557078885,0.9982024724919654,-0.8009505271911621,0.7685344815254211,-0.04085461422801018,0.5966198979591837,0.5649163693517767,
8,client_3,False,flip_global,clip01,random,0.9081054925918579,0.08695375919342041,0.029908180236816406,0.07352018356323242,0.9981124373765327,0.9997764126892752,0.998650063957601,0.9786109959524079,0.9925646800108301,0.9818703049319955,0.0746612548828125,0.029762864112854004,0.07200288772583008,0.9986078794653428,0.9997785797570196,0.9987051548842361,-0.9245654940605164,0.7850815653800964,-0.025372924283146858,0.5647321428571429,0.6722187524172634,
8,client_4,False,flip_global,clip01,random,0.90169358253479,0.13540709018707275,0.02106308937072754,0.11372566223144531,0.995431940973504,0.9998890957922117,0.996774442917338,0.9669890008385744,0.9947549523690444,0.9721637381417438,0.11983740329742432,0.020407915115356445,0.11406564712524414,0.9964193939151802,0.999895887380454,0.9967551754020896,-0.7056896090507507,0.7610578536987305,-0.04748091474175453,0.6261160714285714,0.5847454626406149,
8,client_5,False,flip_global,clip01,random,0.9546490907669067,0.11800873279571533,0.05616044998168945,0.06660568714141846,0.9965275547537031,0.9992119670215953,0.9988918424826352,0.9711382010274068,0.9861063819655131,0.9835542836292761,0.1454564332962036,0.057909488677978516,0.06719696521759033,0.994731517242567,0.9991621496479579,0.9988720969999465,-0.7424759864807129,0.7750464081764221,-0.007139795925468206,0.5356345663265306,0.5167575915761597,
8,client_6,False,flip_global,clip01,random,0.954948365688324,0.10107159614562988,0.017362594604492188,0.12433898448944092,0.9974510166133927,0.9999246393368433,0.996146129847457,0.975203140550702,0.9956734421689413,0.9696254595197955,0.10547447204589844,0.017367839813232422,0.12667381763458252,0.9972245747495152,0.9999245937998984,0.9960004738036445,-0.7572184801101685,0.7461462616920471,-0.007619798183441162,0.5569196428571429,0.7638879002047838,
8,client_7,False,flip_global,clip01,random,0.9555358290672302,0.08792448043823242,0.048667311668395996,0.1119316816329956,0.9980701193246015,0.9994081360523219,0.9968751674744496,0.9783761050164674,0.9879433169097405,0.9725937715506434,0.08223092555999756,0.04810285568237305,0.1128082275390625,0.9983116596428623,0.9994217796953411,0.9968261512430499,-0.8985805511474609,0.7777016162872314,-0.030632194131612778,0.5864955357142857,0.6997323206350823,
8,client_8,False,flip_global,clip01,random,0.945726752281189,0.09312450885772705,0.047312259674072266,0.030489206314086914,0.9978354767683331,0.9994406223095924,0.9997676425750108,0.9771192644288977,0.9882760546977574,0.9924210563133182,0.09236431121826172,0.047521352767944336,0.03007066249847412,0.9978706153392467,0.9994356692235766,0.9997739771362912,-0.8744111061096191,0.8466734886169434,-0.016323909163475037,0.5661670918367347,0.7563259361346931,
8,client_9,False,flip_global,clip01,random,0.9636151790618896,0.1285851001739502,0.0622943639755249,0.056699156761169434,0.9958792479320695,0.9990305584943764,0.9991967855991011,0.9686127462455125,0.984606472078325,0.9859745161053426,0.14939427375793457,0.06360375881195068,0.057289719581604004,0.9944436021002276,0.9989894070940308,0.9991799766857288,-0.7585560083389282,0.7828897833824158,-0.01427183486521244,0.5839445153061225,0.4264574213550652,
8,client_0,True,flip_global,clip01,pretrained,0.9586699604988098,0.09005045890808105,0.016675591468811035,0.1094520092010498,0.9979758069929296,0.9999304847867778,0.9970117784662129,0.9778619654841303,0.9958441013826613,0.9731886418836355,0.09592795372009277,0.016675591468811035,0.11105549335479736,0.9977034203197159,0.9999304847867778,0.9969237851599166,-1.0042208433151245,0.7966158390045166,-0.011359135620296001,0.5593112244897959,-0.279122099034334,
8,client_1,True,flip_global,clip01,pretrained,0.9627498984336853,0.05739998817443848,0.022467851638793945,0.03539860248565674,0.9991768189132604,0.9998738108547323,0.999686808321748,0.9858030046157091,0.9944066129630458,0.9912087477005198,0.0672142505645752,0.02276146411895752,0.03547334671020508,0.9988715171465048,0.9998704915185013,0.9996854846279435,-0.9997854828834534,0.8923701643943787,-0.005522739142179489,0.5400988520408163,-0.26603977862845063,
8,client_2,False,flip_global,clip01,pretrained,0.8977565169334412,0.14700913429260254,0.018874168395996094,0.11033344268798828,0.9946188949896784,0.9999109473900627,0.9969635655856699,0.9642368966684858,0.9952981048773095,0.9729771245225487,0.1563715934753418,0.018707633018493652,0.11163985729217529,0.9939148960434878,0.9999125118577668,0.996891402179509,-0.8009505271911621,0.7685344815254211,-0.04085461422801018,0.5966198979591837,0.5649163693517767,
8,client_3,False,flip_global,clip01,pretrained,0.9081054925918579,0.0993506908416748,0.013015985488891602,0.07414031028747559,0.9975369196158657,0.999957647375795,0.9986272186346095,0.9756175895909704,0.9967539280905784,0.9817194887698744,0.10677874088287354,0.012871265411376953,0.07509791851043701,0.9971556574485347,0.9999585839181913,0.9985915651970014,-0.9245654940605164,0.7850815653800964,-0.025372924283146858,0.5647321428571429,0.6722187524172634,
8,client_4,False,flip_global,clip01,pretrained,0.90169358253479,0.16830229759216309,0.026393890380859375,0.11361205577850342,0.9929560201566943,0.9998258633836565,0.9967808684899098,0.9592164922673714,0.9934340416022311,0.9721909621703915,0.18732821941375732,0.026570796966552734,0.11502373218536377,0.9912844280485307,0.9998235215491049,0.996700572739502,-0.7056896090507507,0.7610578536987305,-0.04748091474175453,0.6261160714285714,0.5847454626406149,
8,client_5,False,flip_global,clip01,pretrained,0.9546490907669067,0.10248470306396484,0.04507732391357422,0.08418726921081543,0.9973793835576032,0.9994922021941228,0.99823047784691,0.9748630168082275,0.9888252185687625,0.9792808838516411,0.11194050312042236,0.045180678367614746,0.0850210189819336,0.9968746760657226,0.999489871832735,0.998195303009864,-0.7424759864807129,0.7750464081764221,-0.007139795925468206,0.5356345663265306,0.5167575915761597,
8,client_6,False,flip_global,clip01,pretrained,0.954948365688324,0.12027871608734131,0.012069940567016602,0.15618491172790527,0.996393045024109,0.9999635801285129,0.9939293503925639,0.970595335382644,0.9969893302872388,0.9620686460635295,0.13255155086517334,0.012104511260986328,0.15788054466247559,0.9956219504353154,0.9999633712080656,0.9937974391984659,-0.7572184801101685,0.7461462616920471,-0.007619798183441162,0.5569196428571429,0.7638879002047838,
8,client_7,False,flip_global,clip01,pretrained,0.9555358290672302,0.06722605228424072,0.02536189556121826,0.08491241931915283,0.9988711211611845,0.9998392129553737,0.9981999042201188,0.9834030209660471,0.9936895524790266,0.9791052268282652,0.07195436954498291,0.025404810905456543,0.08545243740081787,0.9987068976321389,0.9998386684192835,0.9981769666669653,-0.8985805511474609,0.7777016162872314,-0.030632194131612778,0.5864955357142857,0.6997323206350823,
8,client_8,False,flip_global,clip01,pretrained,0.945726752281189,0.08937335014343262,0.0068923234939575195,0.0720362663269043,0.9980060878647721,0.9999881240749928,0.9987039552627668,0.9780256711807318,0.9982791433696581,0.9822313380184149,0.09206211566925049,0.0068923234939575195,0.071694016456604,0.9978845042139404,0.9999881240749928,0.9987162293928222,-0.8744111061096191,0.8466734886169434,-0.016323909163475037,0.5661670918367347,0.7563259361346931,
8,client_9,False,flip_global,clip01,pretrained,0.9636151790618896,0.08684110641479492,0.03432619571685791,0.07961547374725342,0.9981173181608209,0.9997054931388025,0.9984172254812007,0.9786382606673498,0.9914733742201676,0.9803894245709834,0.09180498123168945,0.03414154052734375,0.08036530017852783,0.9978962864708403,0.9997086524808043,0.9983873078739309,-0.7585560083389282,0.7828897833824158,-0.01427183486521244,0.5839445153061225,0.4264574213550652,
9,client_0,True,orig,raw,random,0.8652653098106384,0.13430511951446533,0.13851308822631836,0.05343616008758545,0.9955057402209249,0.995220731588081,0.9992865262125752,0.9672510109729551,0.9662510763209091,0.9867736453114047,0.14827048778533936,0.14412128925323486,0.05314028263092041,0.9945265390592828,0.9948274182565404,0.9992944012153386,-0.9363535642623901,1.033159852027893,-0.006632483564317226,0.56640625,-0.18921029309079962,
9,client_1,True,orig,raw,random,0.7944599390029907,0.2572486400604248,0.19704490900039673,0.07312536239624023,0.9836588636076362,0.9903635436115972,0.9986645095050932,0.9386640813171097,0.9525017303384427,0.9819663444140432,0.2872413396835327,0.20346713066101074,0.07002568244934082,0.9796879440166644,0.9897300775608475,0.998775227165615,-0.9949255585670471,1.0544520616531372,0.005727723706513643,0.5223214285714286,-0.1686231040417052,
9,client_2,False,orig,raw,random,0.8619768619537354,0.05573928356170654,0.030806779861450195,0.04895055294036865,0.9992237353036248,0.9997627777928801,0.9994012298719912,0.9862094944667488,0.9923425685625575,0.9878737872606309,0.033695101737976074,0.029052734375,0.04726755619049072,0.9997162204423222,0.9997890180473212,0.9994416784354534,-1.2727996110916138,1.3243931531906128,0.007331507746130228,0.4956154336734694,0.5448014726866031,
9,client_3,False,orig,raw,random,0.857900083065033,0.10808777809143066,0.045796871185302734,0.04495811462402344,0.9970856438785076,0.9994758677745861,0.999494883421091,0.9735161522051283,0.988648362905266,0.9888545232958372,0.06880438327789307,0.04393470287322998,0.04165995121002197,0.9988175389193159,0.9995176100670196,0.9995662532701661,-0.9373483061790466,1.1094024181365967,0.03247188404202461,0.4315210459183674,0.5813857853875368,
9,client_4,False,orig,raw,random,0.8483177423477173,0.10116887092590332,0.05149698257446289,0.031931400299072266,0.9974461172007134,0.9993373447148484,0.9997451451424699,0.9751797215653253,0.9872490231059257,0.9920646954512533,0.0692375898361206,0.048317790031433105,0.030890345573425293,0.9988026154242169,0.9994166031813263,0.9997614893116951,-1.071163535118103,1.1894375085830688,0.053386688232421875,0.38863201530612246,0.5829397287391813,
9,client_5,False,orig,raw,random,0.8619257211685181,0.1079263687133789,0.04147076606750488,0.07391107082366943,0.9970943225331097,0.999570182498067,0.9986356860271881,0.973554912626067,0.9897123808068071,0.9817752362526595,0.11091041564941406,0.04034411907196045,0.07585573196411133,0.9969317986631439,0.9995932121639821,0.9985630275311002,-1.4421181678771973,1.2273205518722534,0.006708209402859211,0.47496811224489793,0.5140396051810378,
9,client_6,False,orig,raw,random,0.8814526200294495,0.09565770626068115,0.035331010818481445,0.04079842567443848,0.9977163197631853,0.9996880029444981,0.9995840019520146,0.9765078714603335,0.991225423454708,0.989877899112936,0.06882786750793457,0.03424966335296631,0.03865480422973633,0.9988167323057753,0.9997068046286632,0.9996265561557143,-1.0769881010055542,1.0333037376403809,0.033899832516908646,0.4174904336734694,0.6701591772339685,
9,client_7,False,orig,raw,random,0.880815863609314,0.1609809398651123,0.11249661445617676,0.04386031627655029,0.9935526313972565,0.9968436199576651,0.999519241580928,0.9609382501487596,0.9724583212289537,0.9891244517982112,0.15695738792419434,0.11334013938903809,0.04284930229187012,0.9938694292511008,0.9967962222314903,0.9995411422972817,-0.8135712742805481,0.8691425323486328,0.012023743242025375,0.4823022959183674,0.7931670708612262,
9,client_8,False,orig,raw,random,0.8512043356895447,0.05061769485473633,0.036305904388427734,0.02387857437133789,0.9993597698292012,0.9996705517513989,0.9998574686597195,0.987464688495669,0.9909849451183772,0.9940569796771417,0.05520772933959961,0.03646135330200195,0.02403271198272705,0.9992384618904113,0.9996677252569663,0.9998556228241717,-0.9774779677391052,1.2611768245697021,0.019250202924013138,0.48604910714285715,0.7051339417270586,
9,client_9,False,orig,raw,random,0.8808505535125732,0.13164710998535156,0.03615701198577881,0.07503938674926758,0.9956812992032327,0.9996732477184564,0.9985937575109687,0.9678834316790632,0.991021666947699,0.9815008931687574,0.1286754608154297,0.03613173961639404,0.07515859603881836,0.9958734722872851,0.9996737042217831,0.9985892907161877,-1.2397100925445557,1.2184356451034546,0.02623351290822029,0.4649234693877551,0.48304760140246406,
9,client_0,True,orig,raw,pretrained,0.8652653098106384,0.07321226596832275,0.0829077959060669,0.04216265678405762,0.9986613365639292,0.9982837865922274,0.9995557256835383,0.9819452040787799,0.97959093296183,0.9895420929113834,0.05658531188964844,0.08193671703338623,0.04026806354522705,0.9992000059369557,0.9983237040642023,0.9995947439810777,-0.9363535642623901,1.033159852027893,-0.006632483564317226,0.56640625,-0.18921029309079962,0.2820504903793335
9,client_1,True,orig,raw,pretrained,0.7944599390029907,0.12293815612792969,0.11660242080688477,0.036797404289245605,0.9962322334806459,0.99660961465732,0.9996615736832284,0.9699599107407546,0.9714747487545699,0.9908637393531099,0.11394023895263672,0.11834073066711426,0.03473508358001709,0.9967622891237042,0.9965080402556337,0.9996984367148569,-0.9949255585670471,1.0544520616531372,0.005727723706513643,0.5223214285714286,-0.1686231040417052,0.3381766080856323
9,client_2,False,orig,raw,pretrained,0.8619768619537354,0.05395972728729248,0.02039492130279541,0.039504051208496094,0.9992724841612719,0.9998960199058702,0.9996099716137257,0.9866453548295717,0.9949207024949063,0.9901966681754955,0.05002117156982422,0.020781874656677246,0.038402557373046875,0.9993747639436747,0.9998920371642162,0.9996314128209085,-1.2727996110916138,1.3243931531906128,0.007331507746130228,0.4956154336734694,0.5448014726866031,0.31886911392211914
9,client_3,False,orig,raw,pretrained,0.857900083065033,0.0636521577835083,0.032071590423583984,0.024011969566345215,0.9989878696654948,0.9997429028568965,0.9998558719109623,0.9842749171753726,0.9920300652229337,0.9940239285790184,0.04391908645629883,0.03137946128845215,0.022832751274108887,0.9995179528093039,0.9997538777938615,0.999869679106367,-0.9373483061790466,1.1094024181365967,0.03247188404202461,0.4315210459183674,0.5813857853875368,0.3915144205093384
9,client_4,False,orig,raw,pretrained,0.8483177423477173,0.06177496910095215,0.04610109329223633,0.03157031536102295,0.9990466455109768,0.9994688839574339,0.9997508753541127,0.9847333456130205,0.9885736032163688,0.9921539002000606,0.05427670478820801,0.0455554723739624,0.031055092811584473,0.9992639164463373,0.9994813765502957,0.9997589388943322,-1.071163535118103,1.1894375085830688,0.053386688232421875,0.38863201530612246,0.5829397287391813,0.35847020149230957
9,client_5,False,orig,raw,pretrained,0.8619257211685181,0.10164856910705566,0.05011177062988281,0.030368685722351074,0.9974218879736907,0.9993724980866479,0.9997694755957602,0.9750642461709347,0.9875888100070558,0.9924508452064165,0.08635437488555908,0.05021679401397705,0.029149174690246582,0.9981383339281586,0.9993698663595965,0.9997876152402525,-1.4421181678771973,1.2273205518722534,0.006708209402859211,0.47496811224489793,0.5140396051810378,0.32906413078308105
9,client_6,False,orig,raw,pretrained,0.8814526200294495,0.056529879570007324,0.031616926193237305,0.04036414623260498,0.999201571617452,0.9997501393271713,0.9995928083213004,0.9860159493064948,0.992142384483373,0.9899848331060888,0.03698885440826416,0.0303957462310791,0.03843867778778076,0.9996580438882103,0.9997690646589146,0.9996307193205509,-1.0769881010055542,1.0333037376403809,0.033899832516908646,0.4174904336734694,0.6701591772339685,0.363796591758728
9,client_7,False,orig,raw,pretrained,0.880815863609314,0.1061701774597168,0.06021702289581299,0.037273287773132324,0.9971879183263428,0.9990940935095511,0.999652765959778,0.9739767895391513,0.9851140551871305,0.9907464058497744,0.08068931102752686,0.06029939651489258,0.035465240478515625,0.9983742936873992,0.9990916150425204,0.9996856283212974,-0.8135712742805481,0.8691425323486328,0.012023743242025375,0.4823022959183674,0.7931670708612262,0.46003270149230957
9,client_8,False,orig,raw,pretrained,0.8512043356895447,0.074790358543396,0.0277249813079834,0.039173007011413574,0.9986030658646119,0.9998078590459709,0.9996164792322948,0.9815614329505524,0.9931046232684384,0.9902782200504168,0.06397747993469238,0.028078794479370117,0.03740251064300537,0.9989775053145014,0.9998029244590714,0.9996503547653228,-0.9774779677391052,1.2611768245697021,0.019250202924013138,0.48604910714285715,0.7051339417270586,0.2396700382232666
9,client_9,False,orig,raw,pretrained,0.8808505535125732,0.04708254337310791,0.023850560188293457,0.026580214500427246,0.999446038789864,0.999857802861517,0.9998233964443788,0.988332479014639,0.9940639209125937,0.9933879202487785,0.04836606979370117,0.024205565452575684,0.025723814964294434,0.999415437234974,0.9998535387404457,0.9998345918586773,-1.2397100925445557,1.2184356451034546,0.02623351290822029,0.4649234693877551,0.48304760140246406,0.3326181173324585
9,client_0,True,orig,clip01,random,0.8652653098106384,0.06040477752685547,0.091880202293396,0.041266679763793945,0.999088439400142,0.9978928431258933,0.9995744011849244,0.985068162574483,0.9774197911354432,0.9897626188529767,0.055700063705444336,0.09294319152832031,0.0400846004486084,0.9992248266912562,0.9978438837754884,0.9995984271882894,-0.9363535642623901,1.033159852027893,-0.006632483564317226,0.56640625,-0.18921029309079962,
9,client_1,True,orig,clip01,random,0.7944599390029907,0.19812631607055664,0.09864163398742676,0.06870412826538086,0.9902582575629968,0.9975718878936402,0.9988209792962854,0.9522504752019902,0.9757884300852762,0.9830427646722675,0.19817590713500977,0.10038387775421143,0.06519877910614014,0.9902534159506493,0.9974855213155747,0.9989381262417165,-0.9949255585670471,1.0544520616531372,0.005727723706513643,0.5223214285714286,-0.1686231040417052,
9,client_2,False,orig,clip01,random,0.8619768619537354,0.0631253719329834,0.0264437198638916,0.04353439807891846,0.9990045406843209,0.9998252053382033,0.9995263573663089,0.9844035312663086,0.9934217068500732,0.9892046103975491,0.05941891670227051,0.02683579921722412,0.041945695877075195,0.9991179320523733,0.9998199842780335,0.9995602847153622,-1.2727996110916138,1.3243931531906128,0.007331507746130228,0.4956154336734694,0.5448014726866031,
9,client_3,False,orig,clip01,random,0.857900083065033,0.1051250696182251,0.044179439544677734,0.04013705253601074,0.9972428944642675,0.9995122227988618,0.9995973758744214,0.9742279783954462,0.9890459738351451,0.9900407580035024,0.07504904270172119,0.043074965476989746,0.03835892677307129,0.9985933959633786,0.9995362981650056,0.9996322496459558,-0.9373483061790466,1.1094024181365967,0.03247188404202461,0.4315210459183674,0.5813857853875368,
9,client_4,False,orig,clip01,random,0.8483177423477173,0.04216587543487549,0.04577779769897461,0.0289536714553833,0.9995556578727323,0.9994763040935166,0.9997904541652345,0.989541300840936,0.9886530503157145,0.9928006925158335,0.031641364097595215,0.04383242130279541,0.02829563617706299,0.9997497529971102,0.9995198526869016,0.9997998692876378,-1.071163535118103,1.1894375085830688,0.053386688232421875,0.38863201530612246,0.5829397287391813,
9,client_5,False,orig,clip01,random,0.8619257211685181,0.032798171043395996,0.02154695987701416,0.022301077842712402,0.9997311242270017,0.9998839422330588,0.9998756770751227,0.9918506119317823,0.9946349461593278,0.9944479583470929,0.04140961170196533,0.02186119556427002,0.021967530250549316,0.9995714488066334,0.9998805327375253,0.9998793678188771,-1.4421181678771973,1.2273205518722534,0.006708209402859211,0.47496811224489793,0.5140396051810378,
9,client_6,False,orig,clip01,random,0.8814526200294495,0.0580211877822876,0.03679072856903076,0.03933238983154297,0.9991589163854364,0.9996616964343461,0.9996133529361195,0.9856510185078171,0.9908653854623704,0.9902389552502004,0.03787732124328613,0.03404426574707031,0.03793072700500488,0.9996414235958455,0.9997103099480813,0.9996404119943252,-1.0769881010055542,1.0333037376403809,0.033899832516908646,0.4174904336734694,0.6701591772339685,
9,client_7,False,orig,clip01,random,0.880815863609314,0.11243116855621338,0.09560441970825195,0.03181326389312744,0.9968472827069654,0.997718858969542,0.9997470270668507,0.972474011322306,0.9765207263773898,0.9920938793053324,0.09346592426300049,0.09355151653289795,0.0310821533203125,0.9978196024285291,0.9978156137103216,0.9997585186800844,-0.8135712742805481,0.8691425323486328,0.012023743242025375,0.4823022959183674,0.7931670708612262,
9,client_8,False,orig,clip01,random,0.8512043356895447,0.07841181755065918,0.04896688461303711,0.03705739974975586,0.9984646669480814,0.9994008304422486,0.9996567756587733,0.9806815929278891,0.9878697784096548,0.9907996324681023,0.07442975044250488,0.049510836601257324,0.03611898422241211,0.9986164903158123,0.9993874508227762,0.9996739345056773,-0.9774779677391052,1.2611768245697021,0.019250202924013138,0.48604910714285715,0.7051339417270586,
9,client_9,False,orig,clip01,random,0.8808505535125732,0.052187442779541016,0.02919793128967285,0.016670703887939453,0.9993194652494255,0.9997869042655747,0.9999305255282092,0.9870797215162643,0.9927402886435519,0.9958453156692719,0.042966604232788086,0.02919793128967285,0.015958309173583984,0.9995386274408797,0.9997869042655747,0.9999363361320597,-1.2397100925445557,1.2184356451034546,0.02623351290822029,0.4649234693877551,0.48304760140246406,
9,client_0,True,orig,clip01,pretrained,0.8652653098106384,0.07438457012176514,0.07571816444396973,0.04632210731506348,0.9986181677004862,0.9985682292302385,0.9994637813390062,0.9816600937941127,0.9813359079716697,0.9885192964425586,0.05568647384643555,0.07589054107666016,0.04396963119506836,0.9992252046832528,0.9985617098395412,0.9995168430350956,-0.9363535642623901,1.033159852027893,-0.006632483564317226,0.56640625,-0.18921029309079962,
9,client_1,True,orig,clip01,pretrained,0.7944599390029907,0.11495959758758545,0.11039173603057861,0.036414146423339844,0.9967042419859597,0.9969603635318411,0.9996685848851097,0.9718681183454874,0.9729631383179542,0.9909582503063208,0.11076712608337402,0.11230707168579102,0.03495168685913086,0.9969397032090486,0.996854222122868,0.9996946648366303,-0.9949255585670471,1.0544520616531372,0.005727723706513643,0.5223214285714286,-0.1686231040417052,
9,client_2,False,orig,clip01,pretrained,0.8619768619537354,0.05895102024078369,0.019462108612060547,0.04280734062194824,0.9991317600983867,0.9999053133068081,0.9995420402534207,0.9854235862968024,0.9951521714000322,0.9893834631204741,0.05315995216369629,0.019732236862182617,0.0411224365234375,0.999293879049709,0.9999026668129998,0.9995773703133104,-1.2727996110916138,1.3243931531906128,0.007331507746130228,0.4956154336734694,0.5448014726866031,
9,client_3,False,orig,clip01,pretrained,0.857900083065033,0.07134127616882324,0.03120267391204834,0.022614717483520508,0.9987288188072869,0.9997566427113918,0.9998721558976944,0.9824004957767392,0.9922447370767997,0.9943702051535002,0.05109238624572754,0.030875682830810547,0.021413564682006836,0.9993477113032132,0.9997617156455785,0.9998853746670815,-0.9373483061790466,1.1094024181365967,0.03247188404202461,0.4315210459183674,0.5813857853875368,
9,client_4,False,orig,clip01,pretrained,0.8483177423477173,0.058199524879455566,0.04662060737609863,0.02923297882080078,0.9991537413253837,0.9994568511015467,0.999786392464624,0.9856073920710593,0.9884459571828945,0.9927316220688374,0.0544278621673584,0.046315789222717285,0.028905153274536133,0.9992598131194435,0.9994639275450408,0.9997911557462558,-1.071163535118103,1.1894375085830688,0.053386688232421875,0.38863201530612246,0.5829397287391813,
9,client_5,False,orig,clip01,pretrained,0.8619257211685181,0.09456861019134521,0.05239152908325195,0.028546571731567383,0.9977679381238052,0.999314134932711,0.9997963044348599,0.976770656882691,0.9870296876759639,0.9929013778910123,0.0817866325378418,0.05228829383850098,0.02753603458404541,0.9983298317360976,0.9993168338209446,0.9998104686457598,-1.4421181678771973,1.2273205518722534,0.006708209402859211,0.47496811224489793,0.5140396051810378,
9,client_6,False,orig,clip01,pretrained,0.8814526200294495,0.057565927505493164,0.0301285982131958,0.03927195072174072,0.9991720554764238,0.9997731055106582,0.9996145399425036,0.9857624015450197,0.9925101912727328,0.990253844469404,0.04019808769226074,0.028879404067993164,0.03758585453033447,0.9995961507988342,0.9997915276064628,0.9996469194121187,-1.0769881010055542,1.0333037376403809,0.033899832516908646,0.4174904336734694,0.6701591772339685,
9,client_7,False,orig,clip01,pretrained,0.880815863609314,0.1278144121170044,0.06416904926300049,0.03688061237335205,0.9959283456979604,0.9989713775172537,0.9996600418113102,0.9687964399968008,0.9841487432939162,0.9908432221212753,0.09972822666168213,0.06416904926300049,0.03509831428527832,0.9975181994052584,0.9989713775172537,0.9996920982047117,-0.8135712742805481,0.8691425323486328,0.012023743242025375,0.4823022959183674,0.7931670708612262,
9,client_8,False,orig,clip01,pretrained,0.8512043356895447,0.07365000247955322,0.03272712230682373,0.03673076629638672,0.9986452972747901,0.9997322876309676,0.9996627980049995,0.9818387298125997,0.9918681576357546,0.9908801712348596,0.06584048271179199,0.03297853469848633,0.035239219665527344,0.9989171379566821,0.9997281594979548,0.9996896216193376,-0.9774779677391052,1.2611768245697021,0.019250202924013138,0.48604910714285715,0.7051339417270586,
9,client_9,False,orig,clip01,pretrained,0.8808505535125732,0.05044376850128174,0.023433804512023926,0.027424097061157227,0.9993641599371874,0.9998627283357939,0.9998120062355453,0.9875073562803243,0.9941671914545473,0.9931790717533837,0.0456998348236084,0.02351057529449463,0.02670431137084961,0.9994780856602883,0.9998618275327245,0.9998217437736017,-1.2397100925445557,1.2184356451034546,0.02623351290822029,0.4649234693877551,0.48304760140246406,
9,client_0,True,flip,raw,random,0.7563772201538086,0.19567012786865234,0.19568920135498047,0.1279972791671753,0.9904965847065297,0.9904947451054655,0.9959167222757481,0.9528212921223849,0.9528168574730469,0.9687528488419508,0.1432785987854004,0.19470906257629395,0.1274048089981079,0.9948874990535075,0.9905890520652678,0.9959543213882471,-0.9566120505332947,1.2102984189987183,0.027625303715467453,0.4882015306122449,-0.18921029309079962,
9,client_1,True,flip,raw,random,0.7897269129753113,0.04372847080230713,0.09497594833374023,0.05340576171875,0.9995221265517418,0.9977487008117423,0.9992873372992872,0.9891568776216155,0.9766723587964676,0.9867810946396953,0.027093052864074707,0.09506762027740479,0.052108049392700195,0.9998165168750819,0.997744360110365,0.9993215332329042,-1.2563002109527588,1.2889906167984009,0.012510319240391254,0.5183354591836735,-0.1686231040417052,
9,client_2,False,flip,raw,random,0.8027310371398926,0.2383861541748047,0.038051724433898926,0.14011049270629883,0.9859429916447169,0.9996381148175908,0.9951102689306248,0.9429668848725072,0.9905545199816719,0.9658718934577011,0.19058287143707275,0.03673815727233887,0.1393202543258667,0.9909810172342937,0.9996626623219098,0.9951650709812374,-0.9016190767288208,1.0398858785629272,0.010097097605466843,0.5479910714285714,0.5448014726866031,
9,client_3,False,flip,raw,random,0.800236165523529,0.11453831195831299,0.057860493659973145,0.10874712467193604,0.9967282940631952,0.9991635659057487,0.9970500586357731,0.9719690325828743,0.9856903314423779,0.9733578425226126,0.08343839645385742,0.05676841735839844,0.10703754425048828,0.9982617778927654,0.9991948232606831,0.9971418824817699,-0.9237715005874634,0.9157381057739258,0.004279973451048136,0.5145886479591837,0.5813857853875368,
9,client_4,False,flip,raw,random,0.6349679231643677,0.2977856397628784,0.21444392204284668,0.03480255603790283,0.9781942442010103,0.988601837209486,0.9996972642775723,0.9295163250733967,0.9484712850762369,0.9913558147188164,0.2938711643218994,0.22328662872314453,0.03360486030578613,0.9787546497323665,0.9876513433035683,0.9997177381090347,-0.9733324646949768,1.1131423711776733,-0.06451330333948135,0.6510682397959183,0.5829397287391813,
9,client_5,False,flip,raw,random,0.8212494850158691,0.19596683979034424,0.045621633529663086,0.1035240888595581,0.990467947692047,0.9994798696293834,0.9973260653388341,0.9527523091197709,0.9886914297430927,0.9746129584658643,0.1944664716720581,0.044820189476013184,0.10307431221008301,0.9906123226348387,0.9994979767545056,0.997349203407381,-1.1395111083984375,1.0121064186096191,-0.00017273228149861097,0.5835459183673469,0.5140396051810378,
9,client_6,False,flip,raw,random,0.7530751824378967,0.22208333015441895,0.08327341079711914,0.10889780521392822,0.9877828601875416,0.9982686362709197,0.9970418962255017,0.9467097247114724,0.9795023200860362,0.9733216694204001,0.20137739181518555,0.08270847797393799,0.10839629173278809,0.989938364885601,0.9982920179801875,0.9970690199563976,-1.1518526077270508,0.8923655152320862,-0.047124989330768585,0.6041932397959183,0.6701591772339685,
9,client_7,False,flip,raw,random,0.7662026286125183,0.14966976642608643,0.08873450756072998,0.1181941032409668,0.9944231763763505,0.9980344491524205,0.9965166655559266,0.9636074301782549,0.9781801629216154,0.9710938526626005,0.10659289360046387,0.088875412940979,0.11604905128479004,0.9971655288878609,0.9980282110712027,0.9966416374349634,-1.253818392753601,1.0338383913040161,-0.036518506705760956,0.5381058673469388,0.7931670708612262,
9,client_8,False,flip,raw,random,0.8259478211402893,0.23304390907287598,0.039044857025146484,0.1390247344970703,0.9865596723536205,0.9996189837000808,0.9951854864405691,0.9441909160525843,0.9903097921712585,0.9661296002842013,0.2117023468017578,0.03866863250732422,0.13781559467315674,0.9888889973670754,0.9996262889930072,0.9952685726382657,-1.1163684129714966,0.823947548866272,-0.025268616154789925,0.5963010204081632,0.7051339417270586,
9,client_9,False,flip,raw,random,0.7103527784347534,0.14400815963745117,0.131575345993042,0.075034499168396,0.9948355041486705,0.9956859911318163,0.9985939404988808,0.9649476246103055,0.9679005151073532,0.9815020813058644,0.15507137775421143,0.13494205474853516,0.07453346252441406,0.9940152166686553,0.9954631570563339,0.9986126360184842,-0.9931216835975647,0.9959803819656372,-0.018325522541999817,0.5838647959183674,0.48304760140246406,
9,client_0,True,flip,raw,pretrained,0.7563772201538086,0.12013494968414307,0.1223452091217041,0.06905388832092285,0.9964016392203348,0.9962683891608721,0.9988089551390615,0.9706297035465046,0.9701015304809562,0.9829575454912785,0.10355973243713379,0.12434661388397217,0.06682634353637695,0.9973242274360183,0.9961456582570314,0.9988844940974535,-0.9566120505332947,1.2102984189987183,0.027625303715467453,0.4882015306122449,-0.18921029309079962,0.34818363189697266
9,client_1,True,flip,raw,pretrained,0.7897269129753113,0.09279799461364746,0.13335692882537842,0.03726089000701904,0.9978506042765505,0.9955687645959066,0.9996529968538297,0.9771981111921626,0.9674765429424286,0.9907494623699369,0.11428236961364746,0.13756811618804932,0.037041664123535156,0.9967428636505784,0.9952854899531729,0.999657067007568,-1.2563002109527588,1.2889906167984009,0.012510319240391254,0.5183354591836735,-0.1686231040417052,0.43989038467407227
9,client_2,False,flip,raw,pretrained,0.8027310371398926,0.19015085697174072,0.043733954429626465,0.09127569198608398,0.9910215839726895,0.9995220067348545,0.9979204361588134,0.9541058451268307,0.9891555289570249,0.9775658434145316,0.1645447015762329,0.04342794418334961,0.08860254287719727,0.9932654703325343,0.9995286700962529,0.9980402824934909,-0.9016190767288208,1.0398858785629272,0.010097097605466843,0.5479910714285714,0.5448014726866031,0.349340558052063
9,client_3,False,flip,raw,pretrained,0.800236165523529,0.06343960762023926,0.02099323272705078,0.050197720527648926,0.9989946127930296,0.999889830148811,0.9993703447209774,0.9843268079905032,0.9947722795241167,0.9875677217375465,0.05504012107849121,0.020795464515686035,0.04900813102722168,0.9992430762429392,0.999891895929562,0.9993998210713606,-0.9237715005874634,0.9157381057739258,0.004279973451048136,0.5145886479591837,0.5813857853875368,0.4454524517059326
9,client_4,False,flip,raw,pretrained,0.6349679231643677,0.08657920360565186,0.037685275077819824,0.07805943489074707,0.9981286410215822,0.9996450495312854,0.9984784197950127,0.9787016519303573,0.9906448433802755,0.9807671529337108,0.07026457786560059,0.036781907081604004,0.07672369480133057,0.9987668639316662,0.9996618586070551,0.9985299913725212,-0.9733324646949768,1.1131423711776733,-0.06451330333948135,0.6510682397959183,0.5829397287391813,0.519479513168335
9,client_5,False,flip,raw,pretrained,0.8212494850158691,0.12583208084106445,0.06317722797393799,0.034284353256225586,0.9960532933011672,0.9990029057424914,0.9997062105307037,0.9692691697059792,0.984390869561117,0.9914837013919235,0.1274944543838501,0.06376945972442627,0.033010244369506836,0.995948643411317,0.9989841386468863,0.9997276365908356,-1.1395111083984375,1.0121064186096191,-0.00017273228149861097,0.5835459183673469,0.5140396051810378,0.2676945924758911
9,client_6,False,flip,raw,pretrained,0.7530751824378967,0.05660831928253174,0.03554952144622803,0.057845473289489746,0.9991993556458225,0.9996841327303001,0.9991639998474899,0.9859967496532138,0.9911715155251648,0.9856940062137876,0.045027971267700195,0.03548014163970947,0.05603766441345215,0.9994933130820265,0.9996853641538257,0.9992154070374646,-1.1518526077270508,0.8923655152320862,-0.047124989330768585,0.6041932397959183,0.6701591772339685,0.4246450662612915
9,client_7,False,flip,raw,pretrained,0.7662026286125183,0.06953263282775879,0.08490025997161865,0.09698033332824707,0.9987923980863367,0.9982004190299274,0.9976528438003509,0.9828409171699803,0.9791081718627279,0.976188880580882,0.0631176233291626,0.08394491672515869,0.09684109687805176,0.9990047848710275,0.9982406377102426,0.9976595668458037,-1.253818392753601,1.0338383913040161,-0.036518506705760956,0.5381058673469388,0.7931670708612262,0.4979288578033447
9,client_8,False,flip,raw,pretrained,0.8259478211402893,0.1323845386505127,0.053527235984802246,0.0323944091796875,0.9956329398470645,0.9992840933762082,0.9997377021750185,0.9677079129124024,0.9867513270447719,0.991950328362591,0.11747896671295166,0.05339455604553223,0.03115379810333252,0.9965585815092464,0.9992876361719378,0.9997574043644604,-1.1163684129714966,0.823947548866272,-0.025268616154789925,0.5963010204081632,0.7051339417270586,0.281802773475647
9,client_9,False,flip,raw,pretrained,0.7103527784347534,0.14342737197875977,0.05508458614349365,0.04558753967285156,0.994876917275644,0.9992418534581611,0.9994806464414945,0.9650852647953978,0.9863698135632266,0.9886998090604449,0.10072982311248779,0.05374622344970703,0.04179871082305908,0.9974681935187324,0.9992782268219096,0.9995633599870022,-0.9931216835975647,0.9959803819656372,-0.018325522541999817,0.5838647959183674,0.48304760140246406,0.39205753803253174
9,client_0,True,flip,clip01,random,0.7563772201538086,0.09177553653717041,0.06876373291015625,0.06110739707946777,0.9978976335780276,0.9988189344903835,0.9990671247123661,0.9774450764854947,0.9830282411923035,0.9848964506869733,0.08769655227661133,0.06991243362426758,0.06089627742767334,0.9980800976880744,0.9987791818575014,0.9990735550780332,-0.9566120505332947,1.2102984189987183,0.027625303715467453,0.4882015306122449,-0.18921029309079962,
9,client_1,True,flip,clip01,random,0.7897269129753113,0.06491708755493164,0.10807836055755615,0.038768649101257324,0.9989472748481145,0.9970861505933579,0.9996243538278335,0.9839661891554281,0.9735184136431452,0.9903778462413413,0.07301783561706543,0.10993874073028564,0.0396960973739624,0.9986684302260704,0.9969852024760892,0.9996061713277862,-1.2563002109527588,1.2889906167984009,0.012510319240391254,0.5183354591836735,-0.1686231040417052,
9,client_2,False,flip,clip01,random,0.8027310371398926,0.20993685722351074,0.0611342191696167,0.09867501258850098,0.9890720291055202,0.999066306165715,0.9975702473508268,0.9495128742025092,0.9848898965763477,0.9757803868220174,0.15203332901000977,0.05829763412475586,0.09742081165313721,0.9942464157699145,0.9991508875957944,0.9976315120981725,-0.9016190767288208,1.0398858785629272,0.010097097605466843,0.5479910714285714,0.5448014726866031,
9,client_3,False,flip,clip01,random,0.800236165523529,0.06605303287506104,0.038977861404418945,0.05315136909484863,0.9989101408773513,0.9996202897496749,0.9992941069275154,0.9836890658677677,0.9903262983835488,0.9868434386013474,0.055649399757385254,0.03795289993286133,0.05224573612213135,0.9992262354040011,0.9996399915807783,0.999317944864744,-0.9237715005874634,0.9157381057739258,0.004279973451048136,0.5145886479591837,0.5813857853875368,
9,client_4,False,flip,clip01,random,0.6349679231643677,0.14278507232666016,0.05391812324523926,0.04376673698425293,0.9949225246306763,0.9992736049766289,0.9995212901253041,0.9652375169741763,0.9866555482169557,0.9891474663458308,0.12755608558654785,0.0548168420791626,0.04235267639160156,0.9959447375136727,0.9992492014981322,0.9995517134782999,-0.9733324646949768,1.1131423711776733,-0.06451330333948135,0.6510682397959183,0.5829397287391813,
9,client_5,False,flip,clip01,random,0.8212494850158691,0.18117058277130127,0.06090283393859863,0.0795283317565918,0.9918445347676257,0.9990733557111411,0.9984206842889489,0.9562014786387978,0.9849464388573761,0.9804105725128831,0.2120441198348999,0.06391596794128418,0.07914447784423828,0.9888533939150757,0.9989794690468672,0.9984358751984115,-1.1395111083984375,1.0121064186096191,-0.00017273228149861097,0.5835459183673469,0.5140396051810378,
9,client_6,False,flip,clip01,random,0.7530751824378967,0.030300021171569824,0.04021298885345459,0.03662109375,0.9997705166838504,0.9995958514257433,0.9996648081621731,0.9924678175198998,0.9900220571296952,0.9909072156513894,0.0285414457321167,0.0400615930557251,0.036261677742004395,0.9997963775707983,0.9995988878995343,0.9996713537106092,-1.1518526077270508,0.8923655152320862,-0.047124989330768585,0.6041932397959183,0.6701591772339685,
9,client_7,False,flip,clip01,random,0.7662026286125183,0.09893107414245605,0.11960649490356445,0.12678444385528564,0.9975576437176474,0.9964331422821524,0.9959935060722576,0.9757186868128895,0.9707560493259666,0.9690420149536316,0.051494717597961426,0.11625325679779053,0.12468159198760986,0.9993374029753377,0.996629837881924,0.9961249242952062,-1.253818392753601,1.0338383913040161,-0.036518506705760956,0.5381058673469388,0.7931670708612262,
9,client_8,False,flip,clip01,random,0.8259478211402893,0.10699605941772461,0.05984687805175781,0.04763078689575195,0.997144092762239,0.9991051887663474,0.9994330682091281,0.9737783598075951,0.9852045385936978,0.9881978240996554,0.10616540908813477,0.06105518341064453,0.04700756072998047,0.9971881703831287,0.9990687171224863,0.999447801107959,-1.1163684129714966,0.823947548866272,-0.025268616154789925,0.5963010204081632,0.7051339417270586,
9,client_9,False,flip,clip01,random,0.7103527784347534,0.09763658046722412,0.10227751731872559,0.0844188928604126,0.9976210277158317,0.9973899479291408,0.9982207405283454,0.9760306651145991,0.9749128736480834,0.97922477126382,0.10838055610656738,0.10637223720550537,0.0844188928604126,0.9970698689901467,0.9971772271041757,0.9982207405283454,-0.9931216835975647,0.9959803819656372,-0.018325522541999817,0.5838647959183674,0.48304760140246406,
9,client_0,True,flip,clip01,pretrained,0.7563772201538086,0.11800527572631836,0.11795341968536377,0.06583118438720703,0.9965277576713372,0.9965308007299327,0.9989174435411867,0.9711390281319063,0.9711514348263284,0.9837431784421047,0.09455537796020508,0.12020993232727051,0.06389570236206055,0.9977685616635923,0.9963971581096029,0.9989801156005411,-0.9566120505332947,1.2102984189987183,0.027625303715467453,0.4882015306122449,-0.18921029309079962,
9,client_1,True,flip,clip01,pretrained,0.7897269129753113,0.08321762084960938,0.11728739738464355,0.03525125980377197,0.998270952378185,0.9965697671182911,0.9996894095393685,0.9795158409337352,0.9713108035766942,0.9912450996213711,0.10388493537902832,0.12045812606811523,0.03498673439025879,0.9973074298938605,0.9963823058336267,0.9996940523253035,-1.2563002109527588,1.2889906167984009,0.012510319240391254,0.5183354591836735,-0.1686231040417052,
9,client_2,False,flip,clip01,pretrained,0.8027310371398926,0.21635472774505615,0.04853963851928711,0.09881198406219482,0.9883995842527189,0.9994112359847294,0.9975635094966224,0.948030213389305,0.987974660326973,0.9757473817589466,0.19151949882507324,0.04817759990692139,0.09719204902648926,0.9908927591129635,0.9994199821559733,0.9976426027077689,-0.9016190767288208,1.0398858785629272,0.010097097605466843,0.5479910714285714,0.5448014726866031,
9,client_3,False,flip,clip01,pretrained,0.800236165523529,0.06538629531860352,0.019753575325012207,0.0489201545715332,0.9989320143134239,0.9999024562021519,0.9994019729819377,0.983851707825945,0.995079837933839,0.987881249055558,0.05322110652923584,0.019569754600524902,0.047591209411621094,0.9992922543575389,0.9999042630509472,0.999434009570449,-0.9237715005874634,0.9157381057739258,0.004279973451048136,0.5145886479591837,0.5813857853875368,
9,client_4,False,flip,clip01,pretrained,0.6349679231643677,0.0741264820098877,0.03640437126159668,0.07344937324523926,0.9986277301482676,0.9996687627498728,0.9986526604363128,0.9817228514578897,0.9909606610269657,0.9818875283667852,0.05789649486541748,0.03598058223724365,0.07246220111846924,0.9991625253656804,0.9996764279710728,0.9986885986125134,-0.9733324646949768,1.1131423711776733,-0.06451330333948135,0.6510682397959183,0.5829397287391813,
9,client_5,False,flip,clip01,pretrained,0.8212494850158691,0.14003276824951172,0.06272602081298828,0.038358092308044434,0.9951156725680721,0.9990170867690076,0.9996322656415455,0.9658903380781758,0.9845010491397039,0.9904790151080916,0.13247370719909668,0.0632697343826294,0.03683364391326904,0.995627074253572,0.9989999858329675,0.9996609069318008,-1.1395111083984375,1.0121064186096191,-0.00017273228149861097,0.5835459183673469,0.5140396051810378,
9,client_6,False,flip,clip01,pretrained,0.7530751824378967,0.04806780815124512,0.04007399082183838,0.05238449573516846,0.9994226216012114,0.9995986396734495,0.9993143189747931,0.9880905063707963,0.9900562886453743,0.9870314119097088,0.03409624099731445,0.0398256778717041,0.050415754318237305,0.99970942492841,0.999603596736639,0.999364865638233,-1.1518526077270508,0.8923655152320862,-0.047124989330768585,0.6041932397959183,0.6701591772339685,
9,client_7,False,flip,clip01,pretrained,0.7662026286125183,0.05940651893615723,0.07950794696807861,0.09148836135864258,0.9991182998577766,0.9984214928503685,0.9979107494464192,0.9853122024104972,0.980415519667883,0.9775144578481239,0.05721759796142578,0.07959628105163574,0.0911719799041748,0.999182038763176,0.9984179875943111,0.9979251519335763,-1.253818392753601,1.0338383913040161,-0.036518506705760956,0.5381058673469388,0.7931670708612262,
9,client_8,False,flip,clip01,pretrained,0.8259478211402893,0.12850713729858398,0.04523324966430664,0.034293293952941895,0.9958842279199733,0.9994886844485995,0.9997060573152798,0.968631326344459,0.9887868899527463,0.9914814947177331,0.10822892189025879,0.04495882987976074,0.032808780670166016,0.9970780443267158,0.9994948673548694,0.9997309502808855,-1.1163684129714966,0.823947548866272,-0.025268616154789925,0.5963010204081632,0.7051339417270586,
9,client_9,False,flip,clip01,pretrained,0.7103527784347534,0.1510859727859497,0.0567326545715332,0.04720604419708252,0.9943175913347484,0.9991958368147313,0.9994431300353575,0.9632726282093431,0.9859663173097268,0.9883021433892714,0.10134291648864746,0.055503129959106445,0.04243278503417969,0.9974373394246039,0.9992302952642254,0.9995500166100786,-0.9931216835975647,0.9959803819656372,-0.018325522541999817,0.5838647959183674,0.48304760140246406,
9,client_0,True,flip_global,raw,random,0.8759694695472717,0.07387840747833252,0.12292838096618652,0.06819045543670654,0.9986368903840239,0.9962328309344208,0.9988385282027554,0.9817831798584742,0.9699622451932748,0.9831679413706014,0.061615586280822754,0.12411952018737793,0.06699299812316895,0.9990515550834393,0.9961596831961528,0.9988789280456056,-1.242682695388794,1.1568400859832764,0.01159708108752966,0.4856505102040816,-0.18921029309079962,
9,client_1,True,flip_global,raw,random,0.8441797494888306,0.0703434944152832,0.12698161602020264,0.06208360195159912,0.9987640949911865,0.9959810723927691,0.9990371025367328,0.9826434282286296,0.9689949960323174,0.9846579523450163,0.056970834732055664,0.1286994218826294,0.0605168342590332,0.999189074535545,0.9958719400787195,0.999085056519476,-1.225738763809204,1.1984033584594727,-0.007896299473941326,0.5315688775510204,-0.1686231040417052,
9,client_2,False,flip_global,raw,random,0.8106607794761658,0.16608059406280518,0.058054327964782715,0.10177934169769287,0.9931398114505166,0.9991579559082409,0.9974152630118622,0.9597384784444563,0.9856429112368399,0.9750327694865417,0.1158146858215332,0.05452167987823486,0.10036575794219971,0.9966551544030589,0.9992572606118384,0.9974864272746709,-0.9364320635795593,1.0540536642074585,0.02846795879304409,0.533561862244898,0.5448014726866031,
9,client_3,False,flip_global,raw,random,0.8288450241088867,0.17075395584106445,0.04335308074951172,0.10510551929473877,0.9927504317075659,0.9995302931314476,0.9972439177373276,0.958640973364234,0.9892492090687208,0.9742326781897488,0.14961659908294678,0.0425032377243042,0.1033480167388916,0.9944271212191993,0.9995485216285844,0.9973351350023956,-0.9345444440841675,0.8658925294876099,-0.007911456748843193,0.5035076530612245,0.5813857853875368,
9,client_4,False,flip_global,raw,random,0.6691809892654419,0.35445499420166016,0.21636974811553955,0.05727100372314453,0.9693153892789204,0.9883979875321307,0.9991805120523105,0.9169511484129154,0.9480267474551654,0.9858345670695803,0.335860013961792,0.22093605995178223,0.05454421043395996,0.9723851249183046,0.9879076158253797,0.9992566469676518,-1.0361933708190918,1.0935392379760742,-0.07455486804246902,0.6460459183673469,0.5829397287391813,
9,client_5,False,flip_global,raw,random,0.8439816236495972,0.22945308685302734,0.05189085006713867,0.11098837852478027,0.9869666403466963,0.9993271746333277,0.9969274936006274,0.94501499860836,0.9871524410319519,0.9728200044369573,0.2283874750137329,0.05185878276824951,0.11090350151062012,0.9870862440477248,0.9993280055371727,0.9969321803129869,-1.1267696619033813,1.044471263885498,0.0011224867776036263,0.5632971938775511,0.5140396051810378,
9,client_6,False,flip_global,raw,random,0.7506225109100342,0.2703685760498047,0.06829607486724854,0.15436720848083496,0.9819727169126953,0.9988349305821258,0.994069204812623,0.9356886180305566,0.9831422010658359,0.9624975901380044,0.20082378387451172,0.06554174423217773,0.15210270881652832,0.9899931944524021,0.9989269343265081,0.9942411860316873,-1.0783421993255615,0.9239205718040466,-0.040201567113399506,0.5939094387755102,0.6701591772339685,
9,client_7,False,flip_global,raw,random,0.8543233871459961,0.149389386177063,0.0871124267578125,0.14891576766967773,0.9944439641437861,0.9981055522885807,0.9944789917969397,0.9636737349305495,0.9785725964730161,0.9637857525281064,0.11882555484771729,0.08808374404907227,0.14582180976867676,0.9964794453306107,0.9980631317125073,0.9947051212193345,-1.1357938051223755,0.8868944048881531,-0.055370915681123734,0.5448820153061225,0.7931670708612262,
9,client_8,False,flip_global,raw,random,0.8146474361419678,0.24337780475616455,0.05233323574066162,0.1093066930770874,0.9853546907707678,0.9993156595537156,0.9970196902074262,0.9418253372560255,0.987043978495556,0.9732235199846071,0.21018517017364502,0.050411224365234375,0.1065073013305664,0.9890463755871965,0.999364979714843,0.9971700694610521,-1.1002273559570312,0.9750444889068604,-0.045252375304698944,0.6094547193877551,0.7051339417270586,
9,client_9,False,flip_global,raw,random,0.7438082695007324,0.1957862377166748,0.13197040557861328,0.12234234809875488,0.9904853834378284,0.9956601308315849,0.9962685631963002,0.9527942966747722,0.9678064767327719,0.970102213884281,0.20261335372924805,0.1349889039993286,0.12248122692108154,0.9898154265979351,0.9954600170401275,0.9962601105831541,-1.0956889390945435,1.0441097021102905,-0.017614783719182014,0.5903220663265306,0.48304760140246406,
9,client_0,True,flip_global,raw,pretrained,0.8759694695472717,0.06723690032958984,0.08329224586486816,0.03447830677032471,0.9988707571135635,0.9982678539886112,0.999702877818373,0.9834003762147143,0.9794977554186595,0.9914358329270965,0.06256306171417236,0.08414578437805176,0.03337693214416504,0.9990221835136803,0.9982322190343529,0.9997215532632762,-1.242682695388794,1.1568400859832764,0.01159708108752966,0.4856505102040816,-0.18921029309079962,0.2933690547943115
9,client_1,True,flip_global,raw,pretrained,0.8441797494888306,0.07956469058990479,0.10819780826568604,0.04288291931152344,0.9984192416058739,0.9970797204103978,0.9995404222780941,0.9804017487329484,0.9734897311782482,0.9893648688576806,0.08581721782684326,0.1106482744216919,0.04250180721282959,0.9981613905874607,0.9969462519598915,0.9995485520081728,-1.225738763809204,1.1984033584594727,-0.007896299473941326,0.5315688775510204,-0.1686231040417052,0.4013552665710449
9,client_2,False,flip_global,raw,pretrained,0.8106607794761658,0.13550353050231934,0.051805734634399414,0.05924677848815918,0.9954254540366863,0.999329378955315,0.999123032041783,0.9669660757725078,0.9871733113808208,0.9853512618681237,0.11969852447509766,0.05201137065887451,0.057334184646606445,0.9964276659531244,0.999324047210401,0.9991787040641047,-0.9364320635795593,1.0540536642074585,0.02846795879304409,0.533561862244898,0.5448014726866031,0.3136674165725708
9,client_3,False,flip_global,raw,pretrained,0.8288450241088867,0.08655846118927002,0.02717876434326172,0.04903280735015869,0.998129536326444,0.9998153542667161,0.9993992167935968,0.9787066727125515,0.9932397811925067,0.9878535969454674,0.07070672512054443,0.02664625644683838,0.04710114002227783,0.9987513104094277,0.9998225178828102,0.9994456012785802,-0.9345444440841675,0.8658925294876099,-0.007911456748843193,0.5035076530612245,0.5813857853875368,0.4177119731903076
9,client_4,False,flip_global,raw,pretrained,0.6691809892654419,0.07989752292633057,0.03956902027130127,0.07612490653991699,0.9984060046421686,0.999608688040442,0.9985528223155482,0.9803209805232713,0.9901806643991846,0.9812370642891719,0.06085336208343506,0.03794395923614502,0.07396376132965088,0.9990748594963976,0.9996401611318984,0.9986337421151457,-1.0361933708190918,1.0935392379760742,-0.07455486804246902,0.6460459183673469,0.5829397287391813,0.5066787004470825
9,client_5,False,flip_global,raw,pretrained,0.8439816236495972,0.13232970237731934,0.06474459171295166,0.036353349685668945,0.9956365450947082,0.9989528575693098,0.999669690342841,0.9677209630993093,0.984008281194632,0.9909732439556014,0.12495708465576172,0.06536972522735596,0.03416931629180908,0.996107830957162,0.9989325551059303,0.9997081783416912,-1.1267696619033813,1.044471263885498,0.0011224867776036263,0.5632971938775511,0.5140396051810378,0.2538747787475586
9,client_6,False,flip_global,raw,pretrained,0.7506225109100342,0.05872523784637451,0.037107229232788086,0.048276662826538086,0.9991383937893286,0.9996558522387502,0.9994175954780331,0.9854788042623148,0.9907873467606401,0.9880392248598233,0.046965718269348145,0.03724265098571777,0.04656410217285156,0.9994487833128622,0.9996533363950235,0.9994581663857538,-1.0783421993255615,0.9239205718040466,-0.040201567113399506,0.5939094387755102,0.6701591772339685,0.4072169065475464
9,client_7,False,flip_global,raw,pretrained,0.8543233871459961,0.03278756141662598,0.06625723838806152,0.07645165920257568,0.9997312981169042,0.9989033973293624,0.9985403857785891,0.9918532319821594,0.9836392606599458,0.9811576699156235,0.026694416999816895,0.06510651111602783,0.07527303695678711,0.9998218758250061,0.9989411272138786,0.9985849959507931,-1.1357938051223755,0.8868944048881531,-0.055370915681123734,0.5448820153061225,0.7931670708612262,0.48495936393737793
9,client_8,False,flip_global,raw,pretrained,0.8146474361419678,0.10671639442443848,0.041402339935302734,0.044916391372680664,0.9971589709350803,0.9995715992571816,0.9994958201756909,0.9738455464501714,0.989729224211322,0.9888647802581956,0.0895693302154541,0.040389180183410645,0.04298806190490723,0.997997346831984,0.9995923032364504,0.99953816666335,-1.1002273559570312,0.9750444889068604,-0.045252375304698944,0.6094547193877551,0.7051339417270586,0.3393460512161255
9,client_9,False,flip_global,raw,pretrained,0.7438082695007324,0.10724353790283203,0.041722893714904785,0.03450632095336914,0.9971308947149098,0.9995649420437553,0.999702394896862,0.9737189114468678,0.9896503221485902,0.9914289192067902,0.0806131362915039,0.04059922695159912,0.03205001354217529,0.9983773579993824,0.9995880530122647,0.9997432486096658,-1.0956889390945435,1.0441097021102905,-0.017614783719182014,0.5903220663265306,0.48304760140246406,0.36705589294433594
9,client_0,True,flip_global,clip01,random,0.8759694695472717,0.06611192226409912,0.06290566921234131,0.03303062915802002,0.998908198281947,0.9990114527268847,0.9997273001711007,0.9836747025064645,0.9844571788576051,0.991793208939836,0.04196453094482422,0.06308591365814209,0.03229188919067383,0.9995598898623568,0.9990057838467619,0.9997393594344692,-1.242682695388794,1.1568400859832764,0.01159708108752966,0.4856505102040816,-0.18921029309079962,
9,client_1,True,flip_global,clip01,random,0.8441797494888306,0.0422673225402832,0.0691676139831543,0.048235177993774414,0.999553517927392,0.9988050323366056,0.9994185955488648,0.9895163364414004,0.9829298385757783,0.988049410595504,0.03714954853057861,0.06991565227508545,0.04753518104553223,0.9996550670210633,0.9987790695490459,0.9994353408847598,-1.225738763809204,1.1984033584594727,-0.007896299473941326,0.5315688775510204,-0.1686231040417052,
9,client_2,False,flip_global,clip01,random,0.8106607794761658,0.1216355562210083,0.0443115234375,0.06418585777282715,0.9963114338948948,0.9995093028852682,0.998970838985795,0.9702710651319886,0.9890134948420188,0.9841446407223633,0.09736049175262451,0.042273521423339844,0.06316745281219482,0.9976344389721636,0.9995533870004378,0.9990032140407987,-0.9364320635795593,1.0540536642074585,0.02846795879304409,0.533561862244898,0.5448014726866031,
9,client_3,False,flip_global,clip01,random,0.8288450241088867,0.10468101501464844,0.04038834571838379,0.04877495765686035,0.9972660899453429,0.9995923200776513,0.9994055160678845,0.974334735166531,0.9899788739345545,0.9879168912663858,0.08622181415557861,0.04022109508514404,0.0473102331161499,0.998144037195061,0.9995956885202408,0.9994406702088656,-0.9345444440841675,0.8658925294876099,-0.007911456748843193,0.5035076530612245,0.5813857853875368,
9,client_4,False,flip_global,clip01,random,0.6691809892654419,0.17610657215118408,0.05212891101837158,0.05737948417663574,0.9922914769262787,0.9993209901481863,0.9991774065466816,0.957386265044113,0.987094071877229,0.9858080218360221,0.13428902626037598,0.0521245002746582,0.05436134338378906,0.9955068135828915,0.9993211049898971,0.9992616202450031,-1.0361933708190918,1.0935392379760742,-0.07455486804246902,0.6460459183673469,0.5829397287391813,
9,client_5,False,flip_global,clip01,random,0.8439816236495972,0.17454969882965088,0.06659209728240967,0.06724011898040771,0.9924263972668665,0.9988922942655407,0.9988706490881727,0.9577509576154619,0.983557597614207,0.9833995915103284,0.19182777404785156,0.06882858276367188,0.06717336177825928,0.990863618378673,0.9988167077345613,0.9988728885597633,-1.1267696619033813,1.044471263885498,0.0011224867776036263,0.5632971938775511,0.5140396051810378,
9,client_6,False,flip_global,clip01,random,0.7506225109100342,0.055126190185546875,0.03579092025756836,0.03888416290283203,0.9992407084590702,0.9996798294094766,0.999622112602188,0.9863596246055468,0.9911119660526606,0.990349384276793,0.04553413391113281,0.035762906074523926,0.03777313232421875,0.9994818621005424,0.999680330299509,0.9996433930237363,-1.0783421993255615,0.9239205718040466,-0.040201567113399506,0.5939094387755102,0.6701591772339685,
9,client_7,False,flip_global,clip01,random,0.8543233871459961,0.04648947715759277,0.10385465621948242,0.10242164134979248,0.9994599010084244,0.9973089960934751,0.9973826013108869,0.9884781739031849,0.9745334498289264,0.9748781914710412,0.020459294319152832,0.10180771350860596,0.09959876537322998,0.9998953625314662,0.9974138245753514,0.997524626716342,-1.1357938051223755,0.8868944048881531,-0.055370915681123734,0.5448820153061225,0.7931670708612262,
9,client_8,False,flip_global,clip01,random,0.8146474361419678,0.10861802101135254,0.04440152645111084,0.052014827728271484,0.9970570433091752,0.9995073082468549,0.9993239573951047,0.973388837379547,0.9889913643149757,0.9871220428288576,0.09386622905731201,0.04538273811340332,0.050542473793029785,0.9978009164854889,0.9994853005433766,0.9993616703491,-1.1002273559570312,0.9750444889068604,-0.045252375304698944,0.6094547193877551,0.7051339417270586,
9,client_9,False,flip_global,clip01,random,0.7438082695007324,0.06091272830963135,0.08689320087432861,0.07117056846618652,0.9990730548078535,0.9981150619029,0.9987348892088761,0.9849440209270046,0.9786256523981847,0.9824420520214079,0.05924177169799805,0.0897752046585083,0.07067346572875977,0.9991231801585689,0.997988143997194,0.9987524837640382,-1.0956889390945435,1.0441097021102905,-0.017614783719182014,0.5903220663265306,0.48304760140246406,
9,client_0,True,flip_global,clip01,pretrained,0.8759694695472717,0.06233644485473633,0.07669472694396973,0.03740417957305908,0.9990292492583441,0.9985310999751431,0.9996503235699084,0.9845961939794343,0.9810986155613031,0.9907141369135817,0.05533158779144287,0.07734382152557373,0.036254286766052246,0.9992350430012154,0.9985061591025359,0.9996714876355117,-1.242682695388794,1.1568400859832764,0.01159708108752966,0.4856505102040816,-0.18921029309079962,
9,client_1,True,flip_global,clip01,pretrained,0.8441797494888306,0.07892417907714844,0.09872400760650635,0.04288184642791748,0.9984445604201662,0.9975678382703752,0.9995404452661407,0.980557209360353,0.9757685806408669,0.9893651328104234,0.08137691020965576,0.10008072853088379,0.042482614517211914,0.998346503027753,0.9975006568914155,0.9995489595022307,-1.225738763809204,1.1984033584594727,-0.007896299473941326,0.5315688775510204,-0.1686231040417052,
9,client_2,False,flip_global,clip01,pretrained,0.8106607794761658,0.15243959426879883,0.06009519100189209,0.0628434419631958,0.9942157588151064,0.9990977530073819,0.99901340608496,0.962952785061453,0.9851438361101597,0.9844723744692436,0.14193284511566162,0.060404419898986816,0.06137824058532715,0.9949827269922964,0.9990884501865602,0.9990588427568077,-0.9364320635795593,1.0540536642074585,0.02846795879304409,0.533561862244898,0.5448014726866031,
9,client_3,False,flip_global,clip01,pretrained,0.8288450241088867,0.09593474864959717,0.026862621307373047,0.05004322528839111,0.9977030955185726,0.9998196242993866,0.9993742127632277,0.9764410414885878,0.9933180213915689,0.9876056284594683,0.07454204559326172,0.026568174362182617,0.04776608943939209,0.9986123168026955,0.9998235563805078,0.9994298441006744,-0.9345444440841675,0.8658925294876099,-0.007911456748843193,0.5035076530612245,0.5813857853875368,
9,client_4,False,flip_global,clip01,pretrained,0.6691809892654419,0.07204198837280273,0.043797969818115234,0.07315874099731445,0.998703749557764,0.9995206068930724,0.9986632912610922,0.9822299454773304,0.9891397849679882,0.9819582245885601,0.056203603744506836,0.042550086975097656,0.07180380821228027,0.9992107562224206,0.9995475261327467,0.9987122982672476,-1.0361933708190918,1.0935392379760742,-0.07455486804246902,0.6460459183673469,0.5829397287391813,
9,client_5,False,flip_global,clip01,pretrained,0.8439816236495972,0.14455533027648926,0.06811189651489258,0.04035019874572754,0.9947963373593987,0.9988412004870464,0.9995930895900424,0.9648179782531368,0.9831870874676851,0.9899882677269414,0.13215410709381104,0.06866669654846191,0.037799954414367676,0.9956480798067269,0.9988222625311465,0.9996428865379394,-1.1267696619033813,1.044471263885498,0.0011224867776036263,0.5632971938775511,0.5140396051810378,
9,client_6,False,flip_global,clip01,pretrained,0.7506225109100342,0.05594980716705322,0.04161989688873291,0.043080806732177734,0.9992178638754188,0.9995670866576192,0.9995361724380558,0.9861579507864253,0.9896756730652116,0.9893161860477606,0.04083561897277832,0.04145324230194092,0.041082143783569336,0.9995832433662073,0.9995705455491906,0.9995781978508733,-1.0783421993255615,0.9239205718040466,-0.040201567113399506,0.5939094387755102,0.6701591772339685,
9,client_7,False,flip_global,clip01,pretrained,0.8543233871459961,0.03528952598571777,0.07215499877929688,0.0717465877532959,0.9996887350224455,0.9986996835490201,0.9987143478100278,0.9912356585175948,0.9822024433980809,0.9823018392831624,0.03272867202758789,0.0724860429763794,0.07095539569854736,0.9997322622816001,0.9986877363531868,0.9987425201577211,-1.1357938051223755,0.8868944048881531,-0.055370915681123734,0.5448820153061225,0.7931670708612262,
9,client_8,False,flip_global,clip01,pretrained,0.8146474361419678,0.1008538007736206,0.035405635833740234,0.043375492095947266,0.9974619692952522,0.9996866838825293,0.9995298075479282,0.9752555780318308,0.991207012505128,0.9892436963805284,0.08094072341918945,0.03499257564544678,0.04138016700744629,0.9983641595799737,0.999693950180454,0.9995720578451288,-1.1002273559570312,0.9750444889068604,-0.045252375304698944,0.6094547193877551,0.7051339417270586,
9,client_9,False,flip_global,clip01,pretrained,0.7438082695007324,0.12148809432983398,0.045496225357055664,0.0376129150390625,0.9963203472755393,0.9994827241380033,0.9996464109524839,0.9703062990639371,0.988722252092691,0.990662680333509,0.08845043182373047,0.044797658920288086,0.0345386266708374,0.9980469956730804,0.9994984811596022,0.9997018375093685,-1.0956889390945435,1.0441097021102905,-0.017614783719182014,0.5903220663265306,0.48304760140246406,
10,client_0,True,orig,raw,random,0.9144011735916138,0.07616603374481201,0.02828538417816162,0.10672986507415771,0.9985512598900985,0.9998000142612617,0.9971582551817464,0.9812270706689976,0.9929659838087221,0.973842310105375,0.10017538070678711,0.029234766960144043,0.10923910140991211,0.9974959359940305,0.9997863663358797,0.9970233666884456,-0.9833076000213623,1.0663866996765137,-3.982266935054213e-05,0.5180963010204082,-0.1746619874337308,
10,client_1,True,orig,raw,random,0.9328571557998657,0.11809039115905762,0.03801882266998291,0.18611299991607666,0.9965227599887303,0.9996387401920535,0.9913964106061106,0.9711186645562679,0.9905626291898131,0.9550472632962144,0.18904489278793335,0.037538886070251465,0.19228607416152954,0.991125027261452,0.9996478010688945,0.9908202117989102,-1.1003645658493042,1.085646152496338,-0.02962234988808632,0.5618622448979592,-0.17404301718566798,
10,client_2,False,orig,raw,random,0.9098009467124939,0.14169049263000488,0.061051249504089355,0.05190551280975342,0.9949997822415584,0.9990688370436029,0.9993267945325373,0.9654970617810168,0.984910170837147,0.9871488457866096,0.10308647155761719,0.0597529411315918,0.05045270919799805,0.9973485792028398,0.99910799371281,0.999363934631085,-1.168427586555481,1.2000185251235962,0.009324701502919197,0.4842155612244898,0.5349307974011246,
10,client_3,False,orig,raw,random,0.88726407289505,0.16083240509033203,0.05317485332489014,0.08395266532897949,0.9935644662249925,0.9992934833413094,0.9982403133253381,0.9609732289875006,0.9868376830770198,0.9793377233436442,0.13858628273010254,0.05255711078643799,0.08295309543609619,0.9952156973790696,0.9993097950219993,0.998281913073308,-0.8241589069366455,1.2101399898529053,0.050643667578697205,0.3966039540816326,0.6402129435510039,
10,client_4,False,orig,raw,random,0.8985952734947205,0.17426609992980957,0.04800868034362793,0.0867757797241211,0.9924508482065173,0.9994240405709327,0.9981201456171143,0.9578174122165806,0.9881050251495609,0.9786540718392023,0.13763391971588135,0.04800868034362793,0.08422696590423584,0.9952809946330681,0.9994240405709327,0.9982288109113959,-0.8650584816932678,1.2351702451705933,-0.0276644229888916,0.5682397959183674,0.5844980759017141,
10,client_5,False,orig,raw,random,0.8906000852584839,0.09469389915466309,0.05043673515319824,0.06805896759033203,0.9977620298617238,0.9993643371499805,0.9988429992027066,0.9767404208005845,0.9875090817664183,0.9831999874298047,0.09507179260253906,0.051106810569763184,0.0671684741973877,0.9977441624502228,0.9993473431252675,0.9988730524339775,-1.328156590461731,1.2916468381881714,0.027358518913388252,0.4253029336734694,0.482310985700633,
10,client_6,False,orig,raw,random,0.9157484173774719,0.07771813869476318,0.02452850341796875,0.0682213306427002,0.9984916811749187,0.9998496050961436,0.9988374771020214,0.9808500317807716,0.9938959634256987,0.983160416729937,0.07581329345703125,0.024590134620666504,0.06754064559936523,0.998564633217492,0.9998488484571135,0.9988605400127393,-0.9574242830276489,0.9284748435020447,-0.025241388007998466,0.5658482142857143,0.720984855437807,
10,client_7,False,orig,raw,random,0.8637006282806396,0.17931413650512695,0.062376976013183594,0.13219857215881348,0.9920098177783039,0.9990279874043664,0.9956451603618148,0.9566355607778882,0.9845862945463355,0.967752171139658,0.1785566806793213,0.06117415428161621,0.13406527042388916,0.9920767783028313,0.9990650867770103,0.9955217241426546,-0.8898655772209167,1.1019541025161743,0.10565617680549622,0.29551977040816324,0.729564956668892,
10,client_8,False,orig,raw,random,0.8672816753387451,0.0536801815032959,0.02746129035949707,0.07718110084533691,0.9992799985665359,0.9998114960374986,0.9985124311514664,0.9867138492514289,0.9931698684760148,0.9809804649450009,0.05780601501464844,0.027331948280334473,0.07749569416046143,0.9991651392701677,0.9998132673067488,0.9985002933258522,-1.2296558618545532,1.157594919204712,0.02619006112217903,0.46787308673469385,0.6776133040840517,
10,client_9,False,orig,raw,random,0.9052167534828186,0.11526334285736084,0.06960487365722656,0.06927061080932617,0.9966868462909702,0.9987898897893466,0.9988014740593938,0.9717953693399053,0.9828233201779557,0.9829047465317251,0.1420290470123291,0.07060599327087402,0.06944239139556885,0.994975948946148,0.9987548624282048,0.9987955277422595,-1.2242693901062012,1.188171625137329,0.047740302979946136,0.37324617346938777,0.544260697475783,
10,client_0,True,orig,raw,pretrained,0.9144011735916138,0.06354200839996338,0.045178890228271484,0.07710766792297363,0.9989913669480666,0.9994899121957057,0.9985152573082163,0.9843018079209458,0.988800251969417,0.9809983020025297,0.08971953392028809,0.04594743251800537,0.07812213897705078,0.9979906346176664,0.999472417211998,0.9984759770797291,-0.9833076000213623,1.0663866996765137,-3.982266935054213e-05,0.5180963010204082,-0.1746619874337308,0.27906692028045654
10,client_1,True,orig,raw,pretrained,0.9328571557998657,0.19400346279144287,0.079132080078125,0.11871731281280518,0.9906566585767398,0.9984363646169816,0.9964858394747786,0.9532089171117917,0.9805067449781857,0.9709686954495642,0.23367249965667725,0.08025956153869629,0.12105917930603027,0.9864878068890768,0.998391543683486,0.9963462123940812,-1.1003645658493042,1.085646152496338,-0.02962234988808632,0.5618622448979592,-0.17404301718566798,0.4523947238922119
10,client_2,False,orig,raw,pretrained,0.9098009467124939,0.05098390579223633,0.031152725219726562,0.03841137886047363,0.9993504769213621,0.9997574210702913,0.9996312435112886,0.9873748583116955,0.9922570793662544,0.9904658834300071,0.07150125503540039,0.03126931190490723,0.03959000110626221,0.9987231167751973,0.9997556023401579,0.9996082730786706,-1.168427586555481,1.2000185251235962,0.009324701502919197,0.4842155612244898,0.5349307974011246,0.4491274356842041
10,client_3,False,orig,raw,pretrained,0.88726407289505,0.15354466438293457,0.06776046752929688,0.05266737937927246,0.99413196305114,0.9988531172215265,0.9993068972918591,0.9626917896196929,0.9832727433238193,0.9869620662089384,0.15093040466308594,0.06776046752929688,0.052021026611328125,0.9943292374815462,0.9988531172215265,0.9993237963320687,-0.8241589069366455,1.2101399898529053,0.050643667578697205,0.3966039540816326,0.6402129435510039,0.36074066162109375
10,client_4,False,orig,raw,pretrained,0.8985952734947205,0.09133994579315186,0.043879151344299316,0.059488534927368164,0.9979175118737158,0.9995188287342522,0.999115865261784,0.9775503178635652,0.9891198196679316,0.9852921489051882,0.08413565158843994,0.043463826179504395,0.05922353267669678,0.9982326441946703,0.999527891185181,0.9991237196212841,-0.8650584816932678,1.2351702451705933,-0.0276644229888916,0.5682397959183674,0.5844980759017141,0.4644838571548462
10,client_5,False,orig,raw,pretrained,0.8906000852584839,0.05652427673339844,0.035234808921813965,0.08298301696777344,0.9992017297838436,0.9996896992938848,0.9982806750064197,0.9860173207317697,0.9912491584551195,0.979572700897932,0.05889570713043213,0.0350039005279541,0.08408582210540771,0.9991333875957158,0.9996937520959872,0.9982347342420124,-1.328156590461731,1.2916468381881714,0.027358518913388252,0.4253029336734694,0.482310985700633,0.3162957429885864
10,client_6,False,orig,raw,pretrained,0.9157484173774719,0.1589372158050537,0.09426403045654297,0.0332183837890625,0.9937145288802678,0.9977822688111184,0.9997241918105197,0.961419699951312,0.9768441672051296,0.9917468486236656,0.10886883735656738,0.09371411800384521,0.031925082206726074,0.9970434662927952,0.9978080262666595,0.9997452459667102,-0.9574242830276489,0.9284748435020447,-0.025241388007998466,0.5658482142857143,0.720984855437807,0.6063096523284912
10,client_7,False,orig,raw,pretrained,0.8637006282806396,0.14885401725769043,0.09293186664581299,0.08580470085144043,0.9944835506445391,0.9978444083278555,0.9981619261540164,0.9638003588309139,0.9771657825761819,0.9788891495546728,0.13904988765716553,0.09144377708435059,0.08585798740386963,0.9951837504428596,0.997912782036908,0.998159645632049,-0.8898655772209167,1.1019541025161743,0.10565617680549622,0.29551977040816324,0.729564956668892,0.3251415491104126
10,client_8,False,orig,raw,pretrained,0.8672816753387451,0.08592510223388672,0.09992408752441406,0.040099382400512695,0.9981567712932993,0.9975084598300712,0.9995981310478843,0.9788599983162509,0.9754794679595666,0.990050035242775,0.11308562755584717,0.10154867172241211,0.04115474224090576,0.9968105602119384,0.9974269430981608,0.9995767062290368,-1.2296558618545532,1.157594919204712,0.02619006112217903,0.46787308673469385,0.6776133040840517,0.19763624668121338
10,client_9,False,orig,raw,pretrained,0.9052167534828186,0.06910622119903564,0.031134366989135742,0.0428084135055542,0.9988071507909273,0.9997577068365398,0.9995420173052596,0.9829447955176938,0.9922616157310074,0.989383199160393,0.09111273288726807,0.030799508094787598,0.04404938220977783,0.9979278434964571,0.9997628897496773,0.999515089407691,-1.2242693901062012,1.188171625137329,0.047740302979946136,0.37324617346938777,0.544260697475783,0.2785872220993042
10,client_0,True,orig,clip01,random,0.9144011735916138,0.045522451400756836,0.056391000747680664,0.10132908821105957,0.9994821278363037,0.9992054875141025,0.9974380373844696,0.9887158062349453,0.9860499439896944,0.9751411509593462,0.05611395835876465,0.05859065055847168,0.10247361660003662,0.9992132704354972,0.9991423360072964,0.9973799493919409,-0.9833076000213623,1.0663866996765137,-3.982266935054213e-05,0.5180963010204082,-0.1746619874337308,
10,client_1,True,orig,clip01,random,0.9328571557998657,0.17557108402252197,0.09643399715423584,0.1206432580947876,0.9923380149727667,0.9976791686753028,0.9963712075324538,0.9575116778760191,0.976320626842669,0.9705081977645418,0.1963680386543274,0.09743475914001465,0.12340438365936279,0.9904291591464185,0.9976308350746588,0.9962036833084467,-1.1003645658493042,1.085646152496338,-0.02962234988808632,0.5618622448979592,-0.17404301718566798,
10,client_2,False,orig,clip01,random,0.9098009467124939,0.06724190711975098,0.04210340976715088,0.031676530838012695,0.9988705890718397,0.9995569729812923,0.9997491965352943,0.9833991555638535,0.9895566730447343,0.9921276587951473,0.0725172758102417,0.04140961170196533,0.03214263916015625,0.9986866063659712,0.9995714488066334,0.9997417627127365,-1.168427586555481,1.2000185251235962,0.009324701502919197,0.4842155612244898,0.5349307974011246,
10,client_3,False,orig,clip01,random,0.88726407289505,0.16973161697387695,0.0775291919708252,0.04648947715759277,0.9928365155003629,0.9984989979980192,0.9994599010084244,0.9588809010607964,0.9808959192820101,0.9884781739031849,0.14467573165893555,0.07796692848205566,0.045171380043029785,0.994787699332442,0.9984820199316946,0.9994900817027648,-0.8241589069366455,1.2101399898529053,0.050643667578697205,0.3966039540816326,0.6402129435510039,
10,client_4,False,orig,clip01,random,0.8985952734947205,0.041906118392944336,0.023283720016479492,0.04128062725067139,0.9995611138296743,0.9998644808712007,0.9995741135368492,0.9896052269194746,0.9942043857891385,0.989759185406744,0.031172633171081543,0.02290797233581543,0.03990292549133301,0.9997571109906755,0.9998688191086149,0.9996020579426441,-0.8650584816932678,1.2351702451705933,-0.0276644229888916,0.5682397959183674,0.5844980759017141,
10,client_5,False,orig,clip01,random,0.8906000852584839,0.049149394035339355,0.03947138786315918,0.03596019744873047,0.9993963576938969,0.9996106161372873,0.9996767944176377,0.9878249804291765,0.9902047142573569,0.9910702111060206,0.056442975997924805,0.03923177719116211,0.03639531135559082,0.9992040231191479,0.9996153279301192,0.9996689275575437,-1.328156590461731,1.2916468381881714,0.027358518913388252,0.4253029336734694,0.482310985700633,
10,client_6,False,orig,clip01,random,0.9157484173774719,0.1691281795501709,0.06986594200134277,0.028046011924743652,0.9928870892248267,0.9987808035161387,0.9998033843018934,0.9590225611699539,0.9827597310300893,0.9930251991528389,0.08799147605895996,0.06899440288543701,0.026021242141723633,0.9980671814568702,0.9988110044411533,0.9998307452278052,-0.9574242830276489,0.9284748435020447,-0.025241388007998466,0.5658482142857143,0.720984855437807,
10,client_7,False,orig,clip01,random,0.8637006282806396,0.1063007116317749,0.06976592540740967,0.10165870189666748,0.9971810139122061,0.9987842885180116,0.9974213749468983,0.9739454228332525,0.9827840916223252,0.975061807175506,0.07615208625793457,0.0693134069442749,0.10057294368743896,0.998551789850276,0.9987999940108205,0.9974760586653806,-0.8898655772209167,1.1019541025161743,0.10565617680549622,0.29551977040816324,0.729564956668892,
10,client_8,False,orig,clip01,random,0.8672816753387451,0.06278777122497559,0.05618751049041748,0.05551266670227051,0.999015151995857,0.9992112078720361,0.9992300308875288,0.9844859693090273,0.9860997574018397,0.9862649828676375,0.07661616802215576,0.057210564613342285,0.05637764930725098,0.998534104334597,0.999182239719663,0.9992058634716812,-1.2296558618545532,1.157594919204712,0.02619006112217903,0.46787308673469385,0.6776133040840517,
10,client_9,False,orig,clip01,random,0.9052167534828186,0.05492877960205078,0.02102208137512207,0.040462613105773926,0.9992461338000673,0.9998895271777017,0.9995908198498642,0.9864079724671688,0.9947651238864206,0.98996058577867,0.05802464485168457,0.02091813087463379,0.04046273231506348,0.9991588162173293,0.9998906169244999,0.9995908174395811,-1.2242693901062012,1.188171625137329,0.047740302979946136,0.37324617346938777,0.544260697475783,
10,client_0,True,orig,clip01,pretrained,0.9144011735916138,0.06752657890319824,0.04560506343841553,0.07036197185516357,0.9988610141886825,0.9994802472433568,0.9987634462269068,0.9833297565835877,0.9886955021952089,0.9826389286601627,0.08480525016784668,0.046024322509765625,0.07062280178070068,0.99820443908749,0.9994706506863877,0.9987542700751604,-0.9833076000213623,1.0663866996765137,-3.982266935054213e-05,0.5180963010204082,-0.1746619874337308,
10,client_1,True,orig,clip01,pretrained,0.9328571557998657,0.1907501220703125,0.08039259910583496,0.11375987529754639,0.9909652881262603,0.9983862133982784,0.9967725065828021,0.9539662465133221,0.9802008591801978,0.9721555397340835,0.2314133644104004,0.0817643404006958,0.11588656902313232,0.9867452231344331,0.9983307409293132,0.9966510114338485,-1.1003645658493042,1.085646152496338,-0.02962234988808632,0.5618622448979592,-0.17404301718566798,
10,client_2,False,orig,clip01,pretrained,0.9098009467124939,0.043866634368896484,0.02804255485534668,0.03626739978790283,0.9995191031141129,0.9998034327631162,0.9996712500080831,0.9891228979787299,0.9930260543933331,0.99099444144056,0.05941879749298096,0.028084397315979004,0.03735244274139404,0.9991179355893283,0.9998028458140336,0.999651289981184,-1.168427586555481,1.2000185251235962,0.009324701502919197,0.4842155612244898,0.5349307974011246,
10,client_3,False,orig,clip01,pretrained,0.88726407289505,0.15042376518249512,0.06454777717590332,0.051361918449401855,0.9943670837970093,0.9989592092641366,0.9993408144090468,0.9634291573785927,0.9840563107267757,0.9872821460713681,0.14706337451934814,0.06406676769256592,0.050966858863830566,0.9946149395080062,0.9989746515073603,0.9993509109851004,-0.8241589069366455,1.2101399898529053,0.050643667578697205,0.3966039540816326,0.6402129435510039,
10,client_4,False,orig,clip01,pretrained,0.8985952734947205,0.08292043209075928,0.04393649101257324,0.05768120288848877,0.9982832640814443,0.9995175708139563,0.9991687383193777,0.97958787017065,0.9891057182565139,0.9857341967225022,0.07819795608520508,0.04340696334838867,0.05736064910888672,0.9984730209228658,0.9995291252416467,0.9991779461649224,-0.8650584816932678,1.2351702451705933,-0.0276644229888916,0.5682397959183674,0.5844980759017141,
10,client_5,False,orig,clip01,pretrained,0.8906000852584839,0.06449365615844727,0.03655862808227539,0.08580350875854492,0.9989609525047229,0.9996659503936556,0.9981619771563033,0.9840695187376169,0.9909226197054259,0.978889438187311,0.06031155586242676,0.0361860990524292,0.08619511127471924,0.9990912489044657,0.9996727219142592,0.9981451850002536,-1.328156590461731,1.2916468381881714,0.027358518913388252,0.4253029336734694,0.482310985700633,
10,client_6,False,orig,clip01,pretrained,0.9157484173774719,0.17359936237335205,0.10009276866912842,0.027954697608947754,0.9925081789987549,0.9975000566201144,0.9998046623427197,0.9579736734624955,0.9754388410928889,0.9930477896692269,0.12341880798339844,0.09996140003204346,0.02685713768005371,0.99620279830857,0.9975066022398471,0.9998196979242504,-0.9574242830276489,0.9284748435020447,-0.025241388007998466,0.5658482142857143,0.720984855437807,
10,client_7,False,orig,clip01,pretrained,0.8637006282806396,0.1556253433227539,0.08690690994262695,0.09445858001708984,0.9939725749568507,0.9981144679271985,0.9977731204177429,0.9622006631784363,0.9786223344731422,0.9767972117083354,0.15821731090545654,0.08590757846832275,0.09467470645904541,0.9937710741936905,0.9981575220021783,0.997762935437227,-0.8898655772209167,1.1019541025161743,0.10565617680549622,0.29551977040816324,0.729564956668892,
10,client_8,False,orig,clip01,pretrained,0.8672816753387451,0.09932005405426025,0.10532104969024658,0.04359543323516846,0.9975384356572201,0.997232626346714,0.9995250288163706,0.9756249703048232,0.9741808677041086,0.9891895982428685,0.12100481986999512,0.10760784149169922,0.04442298412322998,0.9963494840038034,0.9971114113749542,0.9995068321073237,-1.2296558618545532,1.157594919204712,0.02619006112217903,0.46787308673469385,0.6776133040840517,
10,client_9,False,orig,clip01,pretrained,0.9052167534828186,0.07639336585998535,0.031082868576049805,0.04026782512664795,0.9985426083689608,0.9997585075681386,0.9995947487784729,0.9811718333273993,0.9922743412839237,0.9900085529036227,0.08818399906158447,0.030644655227661133,0.04107832908630371,0.9980587266255161,0.9997652676091588,0.9995782761556404,-1.2242693901062012,1.188171625137329,0.047740302979946136,0.37324617346938777,0.544260697475783,
10,client_0,True,flip,raw,random,0.7383812665939331,0.23333871364593506,0.11031520366668701,0.11454403400421143,0.9865259910815221,0.9969645671110605,0.9967279679653536,0.9441233073028985,0.9729815006362919,0.9719676618256994,0.22033023834228516,0.1122140884399414,0.1115492582321167,0.9879732424473378,0.9968594167102596,0.9968964338248973,-1.0750190019607544,1.0097702741622925,0.01027368288487196,0.5361128826530612,-0.1746619874337308,
10,client_1,True,flip,raw,random,0.9468847513198853,0.05639028549194336,0.07177436351776123,0.08327484130859375,0.9992055076569386,0.998713353131083,0.9982685768632493,0.9860501190741606,0.9822950789561395,0.9795019734013175,0.05734372138977051,0.07228624820709229,0.08348381519317627,0.9991784309874918,0.9986949533494567,0.9982598874861479,-0.7635873556137085,1.003307819366455,0.0478605218231678,0.4842952806122449,-0.17404301718566798,
10,client_2,False,flip,raw,random,0.8398770689964294,0.1531209945678711,0.04308772087097168,0.14227986335754395,0.9941641595691586,0.9995360235963986,0.9949582560422179,0.9627918393895358,0.9893144851471034,0.9653572982113909,0.14266538619995117,0.04276740550994873,0.14320087432861328,0.9949310008259584,0.9995428940264051,0.9948930230538464,-0.7741305232048035,1.0479836463928223,0.0006534919375553727,0.5242346938775511,0.5349307974011246,
10,client_3,False,flip,raw,random,0.7583277821540833,0.11086428165435791,0.054361581802368164,0.09322094917297363,0.9969343447427061,0.999261613771788,0.9978309985595255,0.9728497725361747,0.9865469047728976,0.9770959778179706,0.12594759464263916,0.05480551719665527,0.09331989288330078,0.9960460653387757,0.999249511513818,0.9978263993195728,-0.8944972157478333,0.8410201072692871,-0.044666629284620285,0.6171875,0.6402129435510039,
10,client_4,False,flip,raw,random,0.8435119390487671,0.3590984344482422,0.05297684669494629,0.46748387813568115,0.9685253888389935,0.9992987324792197,0.9475258930614427,0.9159329134959482,0.9868862121979309,0.8926410522719426,0.5061914920806885,0.05326724052429199,0.4884609580039978,0.9388957324926828,0.9992910274790963,0.9429192862253133,-0.8178349137306213,1.099465012550354,0.028088344261050224,0.48971619897959184,0.5844980759017141,
10,client_5,False,flip,raw,random,0.8009849190711975,0.1943521499633789,0.06116485595703125,0.21537983417510986,0.9906232791890197,0.9990653707652988,0.9885029901857383,0.953127801519825,0.9848824104056264,0.9482552097546537,0.2365729808807373,0.06190967559814453,0.23217660188674927,0.9861537965631095,0.9990424861978127,0.9866585248142019,-0.9271092414855957,0.9440294504165649,-0.04989943280816078,0.6454081632653061,0.482310985700633,
10,client_6,False,flip,raw,random,0.8694996237754822,0.40676045417785645,0.08042633533477783,0.26751619577407837,0.9598857572264721,0.9983848603256236,0.9823460582298211,0.9055790253483071,0.9801926744942329,0.9363343002213171,0.4332994818687439,0.0771646499633789,0.27947282791137695,0.9546657954440882,0.9985130645167708,0.9807560739579335,-0.6950879096984863,1.0183418989181519,0.03315599262714386,0.47042410714285715,0.720984855437807,
10,client_7,False,flip,raw,random,0.7358748316764832,0.14251649379730225,0.1345081329345703,0.09327507019042969,0.9949415356451681,0.9954921890622976,0.9978284834312321,0.965301192139195,0.9672027334621569,0.9770829100477392,0.1348581314086914,0.1334444284439087,0.09560918807983398,0.995468779232032,0.9955629671195725,0.9977186318047422,-1.1742972135543823,0.9846462607383728,-0.11258541792631149,0.7418686224489796,0.729564956668892,
10,client_8,False,flip,raw,random,0.8560980558395386,0.2381742000579834,0.05187368392944336,0.16348648071289062,0.9859677136359994,0.9993276194931935,0.993351382988301,0.943015402983101,0.987156650124638,0.9603485019539317,0.2699931859970093,0.050356388092041016,0.17534637451171875,0.9820220648764875,0.9993663598306948,0.99235750271978,-0.8525952100753784,1.0647658109664917,-0.0028706868179142475,0.5739795918367347,0.6776133040840517,
10,client_9,False,flip,raw,random,0.8271044492721558,0.18470895290374756,0.04779791831970215,0.3306189775466919,0.9915249095384235,0.99942908432752,0.9732229882796433,0.9553749410437784,0.9881567801750546,0.9222049312663132,0.3241771459579468,0.04859447479248047,0.3478866219520569,0.9742362113733065,0.999409905543716,0.9704169370789588,-0.9838812947273254,1.1536258459091187,-0.03883954882621765,0.6417410714285714,0.544260697475783,
10,client_0,True,flip,raw,pretrained,0.7383812665939331,0.09537029266357422,0.08668994903564453,0.0989227294921875,0.9977299989212673,0.998123857307095,0.9975580549616927,0.9765772104998254,0.9786748462245227,0.9757206974284953,0.11576640605926514,0.08990001678466797,0.10307765007019043,0.9966579355657281,0.9979825545200676,0.9973490320643883,-1.0750190019607544,1.0097702741622925,0.01027368288487196,0.5361128826530612,-0.1746619874337308,0.3709590435028076
10,client_1,True,flip,raw,pretrained,0.9468847513198853,0.16622710227966309,0.11605286598205566,0.08885765075683594,0.9931277651551103,0.9966414171995468,0.9980289979702957,0.9597040434012483,0.97160631156167,0.9781503802678224,0.25730687379837036,0.12059426307678223,0.09286433458328247,0.9836515554439635,0.9963741463278988,0.9978475349979863,-0.7635873556137085,1.003307819366455,0.0478605218231678,0.4842952806122449,-0.17404301718566798,0.30668091773986816
10,client_2,False,flip,raw,pretrained,0.8398770689964294,0.15648984909057617,0.02690446376800537,0.13628768920898438,0.9939057310067017,0.9998190620150071,0.9953725395038595,0.9619967146571979,0.9933076655401796,0.9667797017609121,0.16023242473602295,0.02624058723449707,0.14335691928863525,0.9936121619037779,0.9998278801175675,0.9948819297057967,-0.7741305232048035,1.0479836463928223,0.0006534919375553727,0.5242346938775511,0.5349307974011246,0.5165170431137085
10,client_3,False,flip,raw,pretrained,0.7583277821540833,0.09969258308410645,0.04775834083557129,0.08793234825134277,0.9975199698139174,0.9994300289877054,0.9980697744233993,0.9755352299576276,0.9881664993325969,0.978374201542791,0.11487436294555664,0.04722094535827637,0.09137141704559326,0.996709115265064,0.9994427785612974,0.997916078824707,-0.8944972157478333,0.8410201072692871,-0.044666629284620285,0.6171875,0.6402129435510039,0.5229223966598511
10,client_4,False,flip,raw,pretrained,0.8435119390487671,0.1183767318725586,0.03545486927032471,0.07687222957611084,0.9965059208809963,0.9996858121164238,0.998524300385002,0.9710501632280457,0.9911948662650008,0.9810554939030376,0.11049079895019531,0.03410327434539795,0.07697832584381104,0.9969549181609141,0.9997093050629522,0.9985202286848407,-0.8178349137306213,1.099465012550354,0.028088344261050224,0.48971619897959184,0.5844980759017141,0.4578206539154053
10,client_5,False,flip,raw,pretrained,0.8009849190711975,0.12823355197906494,0.036705613136291504,0.15443181991577148,0.9959016799642466,0.9996632595608554,0.9940642611566155,0.9686965313849525,0.990886373715123,0.9624823381205878,0.15318918228149414,0.03643035888671875,0.16082048416137695,0.9941589835884759,0.9996682897847191,0.9935654155862352,-0.9271092414855957,0.9440294504165649,-0.04989943280816078,0.6454081632653061,0.482310985700633,0.31615376472473145
10,client_6,False,flip,raw,pretrained,0.8694996237754822,0.13786256313323975,0.03370344638824463,0.07831096649169922,0.9952653585497953,0.9997160798978557,0.9984686092775943,0.9664055583585898,0.9916270921647794,0.9807060788487396,0.13795363903045654,0.03287947177886963,0.079986572265625,0.995259123078464,0.9997297898565249,0.998402453765699,-0.6950879096984863,1.0183418989181519,0.03315599262714386,0.47042410714285715,0.720984855437807,0.5265219211578369
10,client_7,False,flip,raw,pretrained,0.7358748316764832,0.21451640129089355,0.1782768964767456,0.09932184219360352,0.9885941971107379,0.9921014417766065,0.9975383471850701,0.9484545490493925,0.9568782215671736,0.9756245395215555,0.13609278202056885,0.17641758918762207,0.09870636463165283,0.9953857198372065,0.9922643835944123,0.9975687059105744,-1.1742972135543823,0.9846462607383728,-0.11258541792631149,0.7418686224489796,0.729564956668892,0.6107877492904663
10,client_8,False,flip,raw,pretrained,0.8560980558395386,0.13660764694213867,0.04819130897521973,0.1476224660873413,0.9953508624684511,0.9994196521613818,0.9945740839650012,0.9667036716736699,0.9880601818897097,0.9640917366107886,0.168778657913208,0.04922831058502197,0.15016615390777588,0.992916301802357,0.9993944185466384,0.9943862795581391,-0.8525952100753784,1.0647658109664917,-0.0028706868179142475,0.5739795918367347,0.6776133040840517,0.28450047969818115
10,client_9,False,flip,raw,pretrained,0.8271044492721558,0.15814411640167236,0.03325057029724121,0.14062941074371338,0.9937768091879424,0.9997236571811108,0.9950741164887928,0.9616066317418728,0.9917389014673714,0.9657487637094799,0.16231441497802734,0.03298616409301758,0.14351630210876465,0.9934459041643329,0.9997280337315888,0.994870586786593,-0.9838812947273254,1.1536258459091187,-0.03883954882621765,0.6417410714285714,0.544260697475783,0.3027951717376709
10,client_0,True,flip,clip01,random,0.7383812665939331,0.14386606216430664,0.11232519149780273,0.08762705326080322,0.9948456516492683,0.9968532093481093,0.9980831351308244,0.9649812973992626,0.9724994192194518,0.9784480661669932,0.17916393280029297,0.11450469493865967,0.08869385719299316,0.9920231180607986,0.9967302095622519,0.9980362469731354,-1.0750190019607544,1.0097702741622925,0.01027368288487196,0.5361128826530612,-0.1746619874337308,
10,client_1,True,flip,clip01,random,0.9468847513198853,0.07338333129882812,0.057325005531311035,0.08312976360321045,0.9986550798221596,0.9991789668575541,0.9982745966216262,0.981903592383012,0.9858213526598893,0.9795371339477794,0.10175091028213501,0.060106515884399414,0.08479928970336914,0.997416704071235,0.9990974131503954,0.9982046911375924,-0.7635873556137085,1.003307819366455,0.0478605218231678,0.4842952806122449,-0.17404301718566798,
10,client_2,False,flip,clip01,random,0.8398770689964294,0.0814671516418457,0.03557121753692627,0.07320606708526611,0.9983428383259612,0.9996837471526709,0.9986615630160118,0.9799402143122251,0.9911661632048601,0.9819467120087384,0.05710113048553467,0.035401105880737305,0.06970095634460449,0.9991853632916863,0.9996867640326539,0.9987865496503223,-0.7741305232048035,1.0479836463928223,0.0006534919375553727,0.5242346938775511,0.5349307974011246,
10,client_3,False,flip,clip01,random,0.7583277821540833,0.15334391593933105,0.0541914701461792,0.07961463928222656,0.9941472296960594,0.9992662252103144,0.9984172586203561,0.9627391944856691,0.9865885785091009,0.980389627078808,0.13624370098114014,0.05331540107727051,0.07900679111480713,0.9953755157731856,0.9992897455750689,0.9984413062857262,-0.8944972157478333,0.8410201072692871,-0.044666629284620285,0.6171875,0.6402129435510039,
10,client_4,False,flip,clip01,random,0.8435119390487671,0.11040163040161133,0.04415631294250488,0.08419239521026611,0.9969598198675835,0.9995127331518701,0.9982302626409287,0.9729607644113529,0.989051660754908,0.9792796419871272,0.09994518756866455,0.042751312255859375,0.08500421047210693,0.9975074094562655,0.9995432378592186,0.9981960155446488,-0.8178349137306213,1.099465012550354,0.028088344261050224,0.48971619897959184,0.5844980759017141,
10,client_5,False,flip,clip01,random,0.8009849190711975,0.14516329765319824,0.0582275390625,0.12709259986877441,0.9947526472265011,0.9991529269584689,0.9959740653536429,0.9646739574252574,0.9856005392511078,0.9689685316288157,0.204475998878479,0.05929732322692871,0.1320171356201172,0.9896287763337581,0.999121536068371,0.9956570668576019,-0.9271092414855957,0.9440294504165649,-0.04989943280816078,0.6454081632653061,0.482310985700633,
10,client_6,False,flip,clip01,random,0.8694996237754822,0.07983136177062988,0.09758436679840088,0.07307446002960205,0.9984086402947272,0.9976235669326965,0.9986663662611064,0.9803370350131297,0.9760432519654769,0.9819787273419336,0.06476211547851562,0.09608495235443115,0.07345461845397949,0.9989522910992013,0.9976959098692537,0.9986524681900111,-0.6950879096984863,1.0183418989181519,0.03315599262714386,0.47042410714285715,0.720984855437807,
10,client_7,False,flip,clip01,random,0.7358748316764832,0.20004355907440186,0.19057023525238037,0.08194923400878906,0.9900702196803761,0.9909822050605828,0.9983231925142952,0.9518052658892431,0.9540081478665574,0.9798233135881516,0.08424055576324463,0.18476808071136475,0.07813072204589844,0.9982282400691884,0.9915195172624314,0.9984756425637413,-1.1742972135543823,0.9846462607383728,-0.11258541792631149,0.7418686224489796,0.729564956668892,
10,client_8,False,flip,clip01,random,0.8560980558395386,0.08321702480316162,0.049379944801330566,0.11914539337158203,0.9982709771145837,0.9993906838558271,0.9964605179325297,0.9795159853887487,0.9877683947840776,0.9708663121078864,0.09977734088897705,0.0500950813293457,0.1224527359008789,0.997515758883285,0.9993729157888698,0.9962618454116436,-0.8525952100753784,1.0647658109664917,-0.0028706868179142475,0.5739795918367347,0.6776133040840517,
10,client_9,False,flip,clip01,random,0.8271044492721558,0.09792780876159668,0.03329908847808838,0.12132513523101807,0.9976068401774687,0.9997228502990856,0.996330184952023,0.9759604648430846,0.9917269220456812,0.9703452380690498,0.14568543434143066,0.033777594566345215,0.1254342794418335,0.9947149810609155,0.9997148295326657,0.9960781344960219,-0.9838812947273254,1.1536258459091187,-0.03883954882621765,0.6417410714285714,0.544260697475783,
10,client_0,True,flip,clip01,pretrained,0.7383812665939331,0.08613133430480957,0.08709156513214111,0.10178399085998535,0.9981479249793628,0.9981064582531711,0.9974150273289304,0.9788100690245931,0.9785776451108863,0.9750316504711485,0.09719085693359375,0.08890080451965332,0.10437023639678955,0.9976426604336561,0.9980270859036746,0.9972822657424631,-1.0750190019607544,1.0097702741622925,0.01027368288487196,0.5361128826530612,-0.1746619874337308,
10,client_1,True,flip,clip01,pretrained,0.9468847513198853,0.1788163185119629,0.12900853157043457,0.07855391502380371,0.9920538569932247,0.9958521485641574,0.9984591037000126,0.95675201303089,0.9685118434947557,0.98064709422793,0.2689177989959717,0.13238263130187988,0.08085489273071289,0.9821630738857712,0.9956330652717269,0.9983676228306573,-0.7635873556137085,1.003307819366455,0.0478605218231678,0.4842952806122449,-0.17404301718566798,
10,client_2,False,flip,clip01,pretrained,0.8398770689964294,0.14928114414215088,0.02499103546142578,0.1366344690322876,0.9944519790988384,0.9998438803190679,0.9953490430033505,0.9636993340067035,0.9937813975551582,0.966697298471451,0.14733731746673584,0.024322986602783203,0.13979315757751465,0.9945949402189347,0.999852114485323,0.995132312427399,-0.7741305232048035,1.0479836463928223,0.0006534919375553727,0.5242346938775511,0.5349307974011246,
10,client_3,False,flip,clip01,pretrained,0.7583277821540833,0.11056160926818848,0.05001509189605713,0.08612322807312012,0.996951022835806,0.9993749158480767,0.9981482730939271,0.9729223826947406,0.9876125314617332,0.9788120314910438,0.1205374002456665,0.04988682270050049,0.08824658393859863,0.996377555566329,0.9993781164369926,0.9980559741942276,-0.8944972157478333,0.8410201072692871,-0.044666629284620285,0.6171875,0.6402129435510039,
10,client_4,False,flip,clip01,pretrained,0.8435119390487671,0.10120201110839844,0.03339123725891113,0.06739819049835205,0.9974444469699508,0.9997213145814632,0.9988653374997649,0.9751717432312679,0.9917041705722669,0.9833610549624083,0.09228777885437012,0.032234907150268555,0.06580078601837158,0.9978741370348523,0.9997402782928757,0.998918442267241,-0.8178349137306213,1.099465012550354,0.028088344261050224,0.48971619897959184,0.5844980759017141,
10,client_5,False,flip,clip01,pretrained,0.8009849190711975,0.12647056579589844,0.03329038619995117,0.14772534370422363,0.9960132598452196,0.9997229951089117,0.994566549584043,0.9691168713688045,0.9917290706729052,0.9640673913062785,0.14890778064727783,0.03298211097717285,0.15169966220855713,0.9944795815595331,0.9997281005485901,0.994271534280968,-0.9271092414855957,0.9440294504165649,-0.04989943280816078,0.6454081632653061,0.482310985700633,
10,client_6,False,flip,clip01,pretrained,0.8694996237754822,0.11487483978271484,0.02704799175262451,0.0653066635131836,0.9967090880119187,0.999817126621416,0.9989346119805218,0.9718884198608333,0.9932721441354113,0.9838711356674816,0.10197710990905762,0.026407718658447266,0.06566238403320312,0.9974052279852716,0.9998256808925328,0.9989229835960087,-0.6950879096984863,1.0183418989181519,0.03315599262714386,0.47042410714285715,0.720984855437807,
10,client_7,False,flip,clip01,pretrained,0.7358748316764832,0.24664825201034546,0.21048331260681152,0.10194993019104004,0.9849629279402641,0.9890155353813299,0.9974066082665864,0.9410785400995221,0.9493864960334522,0.9749917114919233,0.15438830852508545,0.21021342277526855,0.10270190238952637,0.9940675905948819,0.9890434549178029,0.9973682858221364,-1.1742972135543823,0.9846462607383728,-0.11258541792631149,0.7418686224489796,0.729564956668892,
10,client_8,False,flip,clip01,pretrained,0.8560980558395386,0.10712134838104248,0.041898369789123535,0.11847984790802002,0.9971374148699175,0.999561276064775,0.9964998469566844,0.9737482626780489,0.9896071339421946,0.9710254965415475,0.1333683729171753,0.042290329933166504,0.11923694610595703,0.9955680065561436,0.9995530318904806,0.9964550907598713,-0.8525952100753784,1.0647658109664917,-0.0028706868179142475,0.5739795918367347,0.6776133040840517,
10,client_9,False,flip,clip01,pretrained,0.8271044492721558,0.16257798671722412,0.03739476203918457,0.13364183902740479,0.9934247065338624,0.9996504995829609,0.9955498734734354,0.9605622782483645,0.9907164585785624,0.9674087673055327,0.15913009643554688,0.037286996841430664,0.13486814498901367,0.9936993361891255,0.999652510554905,0.9954681085855159,-0.9838812947273254,1.1536258459091187,-0.03883954882621765,0.6417410714285714,0.544260697475783,
10,client_0,True,flip_global,raw,random,0.8774725794792175,0.04732048511505127,0.0774422287940979,0.06516873836517334,0.9994404278738667,0.9985023596251601,0.9989391037675304,0.9882740344044914,0.9809170401958531,0.98390478674933,0.05894780158996582,0.07818740606307983,0.06643176078796387,0.9991318548436499,0.998473432445844,0.9988976175742077,-1.2460874319076538,1.122232437133789,0.020063040778040886,0.5157047193877551,-0.1746619874337308,
10,client_1,True,flip_global,raw,random,0.954819917678833,0.11823773384094238,0.07005023956298828,0.08944571018218994,0.9965141001090354,0.9987743687805255,0.9980028627045288,0.971083414840062,0.9827148448749223,0.9780081746121954,0.14308452606201172,0.06929302215576172,0.0938715934753418,0.9949012865936804,0.9988006991057714,0.9978006655395848,-0.8354716897010803,1.319998860359192,0.05101264640688896,0.47106186224489793,-0.17404301718566798,
10,client_2,False,flip_global,raw,random,0.8668591976165771,0.13473451137542725,0.05809581279754639,0.12757408618927002,0.9954770544768294,0.9991567528132483,0.9959435963677425,0.9671489039107979,0.9856327627077424,0.968853732460522,0.13745200634002686,0.05881953239440918,0.12726342678070068,0.9952934167439704,0.999135626417823,0.9959632682650039,-0.9137722849845886,1.0761752128601074,0.00276789627969265,0.5437659438775511,0.5349307974011246,
10,client_3,False,flip_global,raw,random,0.8058556914329529,0.17086386680603027,0.06953608989715576,0.1748809814453125,0.9927411467900278,0.9987922781114469,0.9923977859975537,0.9586151842678794,0.9828400750589288,0.9576733382501226,0.21487247943878174,0.07168912887573242,0.18064218759536743,0.9885566264023968,0.9987164042547527,0.9918917479121241,-1.0217262506484985,0.925761878490448,-0.0498918816447258,0.6110491071428571,0.6402129435510039,
10,client_4,False,flip_global,raw,random,0.8801896572113037,0.33077001571655273,0.053301215171813965,0.5006113648414612,0.9731990117679277,0.9992901232857174,0.9401746819325765,0.9221714979440063,0.9868067151306428,0.8856998356765142,0.5212509036064148,0.05332231521606445,0.5298467874526978,0.9353868915821335,0.9992895614444477,0.9333470502839318,-1.0244048833847046,1.0512017011642456,0.024809183552861214,0.5040656887755102,0.5844980759017141,
10,client_5,False,flip_global,raw,random,0.8298915028572083,0.189469575881958,0.059958815574645996,0.23807460069656372,0.9910853751584541,0.9991018405857146,0.9859793234734711,0.9542645866243864,0.9851771736971879,0.9430382034249762,0.25329339504241943,0.061147212982177734,0.25866103172302246,0.9841515514862134,0.99906590949654,0.9834811692167784,-0.9409921765327454,0.9215885400772095,-0.047569021582603455,0.6325733418367347,0.482310985700633,
10,client_6,False,flip_global,raw,random,0.9015247225761414,0.36272716522216797,0.07457053661346436,0.21543073654174805,0.9679015505454862,0.9986112569211969,0.9884976021797152,0.9151383727467843,0.9816148772239042,0.9482434599764626,0.3664942979812622,0.07185757160186768,0.22780799865722656,0.9672479310731024,0.9987103710679275,0.9871510595501749,-0.7281364798545837,1.0063804388046265,0.03450264036655426,0.48222257653061223,0.720984855437807,
10,client_7,False,flip_global,raw,random,0.7942781448364258,0.11012434959411621,0.108955979347229,0.10378217697143555,0.9969750372843134,0.9970387419180264,0.9973127432672502,0.9730272942918661,0.9733077043956595,0.9745508818303348,0.12263607978820801,0.10857462882995605,0.10751956701278687,0.996250674557565,0.9970593890352553,0.9971161383999618,-1.2496048212051392,0.9460923671722412,-0.12002565711736679,0.7565369897959183,0.729564956668892,
10,client_8,False,flip_global,raw,random,0.8718587756156921,0.281480073928833,0.0476151704788208,0.2434403896331787,0.9804827274705072,0.9994334397431985,0.9853472407027608,0.9331797248856641,0.9882016592903418,0.9418110378209179,0.31894171237945557,0.0464092493057251,0.26273947954177856,0.9750461342426537,0.9994617627680096,0.9829628699539965,-0.8876312971115112,1.0433120727539062,-0.008401669561862946,0.564094387755102,0.6776133040840517,
10,client_9,False,flip_global,raw,random,0.8603242635726929,0.18515443801879883,0.03203868865966797,0.34407681226730347,0.991484241255076,0.9997434299890693,0.9710472637113179,0.9552709550368843,0.9920381925626098,0.9192330910970956,0.32232606410980225,0.03227269649505615,0.36377954483032227,0.974523965411616,0.999739669105542,0.9677195697204526,-0.9486425518989563,0.9734367728233337,-0.03460245206952095,0.6389508928571429,0.544260697475783,
10,client_0,True,flip_global,raw,pretrained,0.8774725794792175,0.053374528884887695,0.06387341022491455,0.05570507049560547,0.9992881701714378,0.9989808265734941,0.9992246874078505,0.9867887485472504,0.9842209061954039,0.9862178714263763,0.0818169116973877,0.06541621685028076,0.05602717399597168,0.9983285963941961,0.9989310374283324,0.9992157005934377,-1.2460874319076538,1.122232437133789,0.020063040778040886,0.5157047193877551,-0.1746619874337308,0.34011971950531006
10,client_1,True,flip_global,raw,pretrained,0.954819917678833,0.07042515277862549,0.06410098075866699,0.0649939775466919,0.9987612265889876,0.9989735569410059,0.9989447815799537,0.9826235432726034,0.9841653575163352,0.9839474275069549,0.08568090200424194,0.0655972957611084,0.06689929962158203,0.9981672189781583,0.9989251160161838,0.9988820591571088,-0.8354716897010803,1.319998860359192,0.05101264640688896,0.47106186224489793,-0.17404301718566798,0.30566489696502686
10,client_2,False,flip_global,raw,pretrained,0.8668591976165771,0.14744186401367188,0.022057175636291504,0.15583229064941406,0.9945872981129746,0.9998783813451997,0.9939566068003922,0.9641344771249238,0.9945084295071569,0.9621518356125565,0.17456448078155518,0.021313905715942383,0.16493654251098633,0.992425121751507,0.9998864390287812,0.9932335205770995,-0.9137722849845886,1.0761752128601074,0.00276789627969265,0.5437659438775511,0.5349307974011246,0.46864795684814453
10,client_3,False,flip_global,raw,pretrained,0.8058556914329529,0.10971784591674805,0.029642105102539062,0.11473989486694336,0.9969972780192149,0.9997803725851344,0.9967167961825052,0.9731248418467893,0.9926304614706332,0.9719207436999227,0.12145543098449707,0.02941417694091797,0.11896991729736328,0.9963223201751954,0.9997837366325124,0.9964709084850745,-1.0217262506484985,0.925761878490448,-0.0498918816447258,0.6110491071428571,0.6402129435510039,0.490411639213562
10,client_4,False,flip_global,raw,pretrained,0.8801896572113037,0.11585736274719238,0.0315396785736084,0.07719993591308594,0.9966526950367254,0.9997513585455355,0.9985117058290462,0.9716531212676824,0.9921614694632255,0.9809758899340142,0.11194753646850586,0.03016376495361328,0.07635295391082764,0.9968742842393854,0.9997725756197937,0.9985441481924591,-1.0244048833847046,1.0512017011642456,0.024809183552861214,0.5040656887755102,0.5844980759017141,0.4254758358001709
10,client_5,False,flip_global,raw,pretrained,0.8298915028572083,0.12566328048706055,0.034792542457580566,0.1695176362991333,0.9960638437390466,0.9996974384225121,0.992854469259767,0.9693094397989792,0.9913582857243575,0.9589311305524881,0.16815423965454102,0.03486311435699463,0.1760401725769043,0.9929683426670601,0.9996962100483449,0.9922972550803226,-0.9409921765327454,0.9215885400772095,-0.047569021582603455,0.6325733418367347,0.482310985700633,0.29359424114227295
10,client_6,False,flip_global,raw,pretrained,0.9015247225761414,0.14697504043579102,0.03271782398223877,0.07812869548797607,0.9946213805576778,0.9997324397019856,0.998475721549982,0.9642449667815067,0.9918704539200651,0.9807503352819924,0.1450796127319336,0.03163933753967285,0.07909607887268066,0.9947586717564436,0.9997497850455788,0.998437785380669,-0.7281364798545837,1.0063804388046265,0.03450264036655426,0.48222257653061223,0.720984855437807,0.4874842166900635
10,client_7,False,flip_global,raw,pretrained,0.7942781448364258,0.19405853748321533,0.15387868881225586,0.08392941951751709,0.9906513902191045,0.9941065174664963,0.9982412863907024,0.9531961043182677,0.9626129206467628,0.9793433555751563,0.11507320404052734,0.15110480785369873,0.08407235145568848,0.9966977409885289,0.9943161805028389,0.9982352990433283,-1.2496048212051392,0.9460923671722412,-0.12002565711736679,0.7565369897959183,0.729564956668892,0.5831233263015747
10,client_8,False,flip_global,raw,pretrained,0.8718587756156921,0.09015905857086182,0.030591487884521484,0.1084282398223877,0.9979709291861587,0.9997660812638423,0.9970672957847637,0.9778357129933353,0.9923957765839913,0.9734344022233024,0.10341525077819824,0.030833840370178223,0.11091113090515137,0.9973316735124889,0.9997623609347517,0.99693175918078,-0.8876312971115112,1.0433120727539062,-0.008401669561862946,0.564094387755102,0.6776133040840517,0.29527103900909424
10,client_9,False,flip_global,raw,pretrained,0.8603242635726929,0.12483799457550049,0.02580845355987549,0.13000524044036865,0.9961152246475302,0.9998335017253921,0.9957880124983589,0.9695063614623558,0.9935789773958994,0.9682743923071637,0.14119958877563477,0.025919318199157715,0.13313817977905273,0.9950342410025583,0.9998320683897919,0.9955832418712718,-0.9486425518989563,0.9734367728233337,-0.03460245206952095,0.6389508928571429,0.544260697475783,0.2957698106765747
10,client_0,True,flip_global,clip01,random,0.8774725794792175,0.0505976676940918,0.048177361488342285,0.1004476547241211,0.9993602761068792,0.9994199878941805,0.9974823312869305,0.9874696014375399,0.9880636064957085,0.9753533750529404,0.08971083164215088,0.04955446720123291,0.10152900218963623,0.9979910238049954,0.9993863712467017,0.9974279378577373,-1.2460874319076538,1.122232437133789,0.020063040778040886,0.5157047193877551,-0.1746619874337308,
10,client_1,True,flip_global,clip01,random,0.954819917678833,0.051819801330566406,0.04205930233001709,0.0544435977935791,0.9993290149047036,0.9995579004156574,0.9992593853048708,0.9871698621738505,0.9895675276792868,0.9865268135439904,0.06382167339324951,0.042801856994628906,0.056261658668518066,0.9989824756859444,0.9995421575350527,0.9992091258659068,-0.8354716897010803,1.319998860359192,0.05101264640688896,0.47106186224489793,-0.17404301718566798,
10,client_2,False,flip_global,clip01,random,0.8668591976165771,0.08139646053314209,0.04414546489715576,0.071494460105896,0.9983457094326553,0.9995129724523228,0.9987233592215767,0.9799573580429037,0.9890543283475792,0.9823632076773798,0.07768642902374268,0.04485344886779785,0.07102346420288086,0.9984929103466884,0.9994972316936686,0.9987401086458338,-0.9137722849845886,1.0761752128601074,0.00276789627969265,0.5437659438775511,0.5349307974011246,
10,client_3,False,flip_global,clip01,random,0.8058556914329529,0.16785812377929688,0.036444783210754395,0.10379314422607422,0.9929929558394213,0.9996680271218519,0.9973121764273107,0.9593208161778934,0.9909506948120392,0.9745482440632207,0.1814119815826416,0.03598463535308838,0.10621106624603271,0.991822920544742,0.9996763550856258,0.99718575647858,-1.0217262506484985,0.925761878490448,-0.0498918816447258,0.6110491071428571,0.6402129435510039,
10,client_4,False,flip_global,clip01,random,0.8801896572113037,0.12511587142944336,0.05968785285949707,0.11105942726135254,0.9960979618651196,0.9991099346644174,0.9969235677223678,0.9694400504938603,0.9852434167766493,0.9728029620294072,0.11259865760803223,0.05829358100891113,0.11278367042541504,0.9968379047920477,0.9991510055847896,0.996827529627299,-1.0244048833847046,1.0512017011642456,0.024809183552861214,0.5040656887755102,0.5844980759017141,
10,client_5,False,flip_global,clip01,random,0.8298915028572083,0.15932047367095947,0.05337488651275635,0.17263376712799072,0.9936843229571053,0.9992881606374853,0.9925908268184465,0.9613293864735861,0.9867886609065832,0.9582000449757024,0.2198203206062317,0.05585622787475586,0.1806868314743042,0.988028345508394,0.9992204764947812,0.9918877640971953,-0.9409921765327454,0.9215885400772095,-0.047569021582603455,0.6325733418367347,0.482310985700633,
10,client_6,False,flip_global,clip01,random,0.9015247225761414,0.08692574501037598,0.07277417182922363,0.06690859794616699,0.9981136517042899,0.9986772936101533,0.998881748631328,0.9786177759601862,0.9820517826864061,0.983480420998937,0.08072769641876221,0.07137072086334229,0.06763124465942383,0.9983727484513762,0.9987277702828459,0.9988574836396868,-0.7281364798545837,1.0063804388046265,0.03450264036655426,0.48222257653061223,0.720984855437807,
10,client_7,False,flip_global,clip01,random,0.7942781448364258,0.18732070922851562,0.18946266174316406,0.06495833396911621,0.9912851222922645,0.9910860214159487,0.9989459377398322,0.954765542086689,0.9542661978526092,0.9839561247004982,0.08112812042236328,0.18457019329071045,0.06213855743408203,0.9983565854429717,0.9915375573876308,0.9990353983312088,-1.2496048212051392,0.9460923671722412,-0.12002565711736679,0.7565369897959183,0.729564956668892,
10,client_8,False,flip_global,clip01,random,0.8718587756156921,0.04872417449951172,0.04236876964569092,0.10059523582458496,0.9994067527938242,0.9995513728466285,0.9974749417911071,0.9879293577168,0.9894913729869017,0.975317836892132,0.06910014152526855,0.04287981986999512,0.1042860746383667,0.9988073604776053,0.9995404886864399,0.9972866380915271,-0.8876312971115112,1.0433120727539062,-0.008401669561862946,0.564094387755102,0.6776133040840517,
10,client_9,False,flip_global,clip01,random,0.8603242635726929,0.12739801406860352,0.028157949447631836,0.1431264877319336,0.9959547516059644,0.9998018119345391,0.9948983070631356,0.9688957103767784,0.9929975076526589,0.9651565825946467,0.16680467128753662,0.02839672565460205,0.14813590049743652,0.9930801745624025,0.9997984369689532,0.9945364304893887,-0.9486425518989563,0.9734367728233337,-0.03460245206952095,0.6389508928571429,0.544260697475783,
10,client_0,True,flip_global,clip01,pretrained,0.8774725794792175,0.05545079708099365,0.06985163688659668,0.05252647399902344,0.9992317452246944,0.9987813022717931,0.9993105990452076,0.986280132803363,0.9827632152070478,0.9869966066428044,0.07681083679199219,0.0710374116897583,0.052991628646850586,0.998526653927563,0.9987396142338187,0.9992983412859708,-1.2460874319076538,1.122232437133789,0.020063040778040886,0.5157047193877551,-0.1746619874337308,
10,client_1,True,flip_global,clip01,pretrained,0.954819917678833,0.07166886329650879,0.07015466690063477,0.05769157409667969,0.9987171291653241,0.9987707152116265,0.9991684395535938,0.9823207569642256,0.9826894126882659,0.9857316592228782,0.08747780323028564,0.07100450992584229,0.05889761447906494,0.9980896499863723,0.9987407803840609,0.9991333315004849,-0.8354716897010803,1.319998860359192,0.05101264640688896,0.47106186224489793,-0.17404301718566798,
10,client_2,False,flip_global,clip01,pretrained,0.8668591976165771,0.1472707986831665,0.021178245544433594,0.15726494789123535,0.9945997998092062,0.999887879907994,0.9938454909896748,0.9641749633386485,0.994726390163253,0.9618139136413115,0.1679210662841797,0.020766735076904297,0.16460669040679932,0.992987727607985,0.9998921943958912,0.9932604208717912,-0.9137722849845886,1.0761752128601074,0.00276789627969265,0.5437659438775511,0.5349307974011246,
10,client_3,False,flip_global,clip01,pretrained,0.8058556914329529,0.11995542049407959,0.03125894069671631,0.11169183254241943,0.9964123570002306,0.9997557644041286,0.9968885137772507,0.9706726235706098,0.9922308338667138,0.9726512871960014,0.1301424503326416,0.03141498565673828,0.11625063419342041,0.9957791451728149,0.9997533203167053,0.9966299895533492,-1.0217262506484985,0.925761878490448,-0.0498918816447258,0.6110491071428571,0.6402129435510039,
10,client_4,False,flip_global,clip01,pretrained,0.8801896572113037,0.11099791526794434,0.02875375747680664,0.07441258430480957,0.9969269667817353,0.9997933373954064,0.9986171277529488,0.972817716839427,0.992850134049289,0.9816532821236055,0.10522592067718506,0.027786612510681152,0.07281434535980225,0.9972376128746894,0.9998070039814462,0.9986758343107647,-1.0244048833847046,1.0512017011642456,0.024809183552861214,0.5040656887755102,0.5844980759017141,
10,client_5,False,flip_global,clip01,pretrained,0.8298915028572083,0.13008618354797363,0.03289783000946045,0.16512465476989746,0.9957827825867276,0.9997294880902272,0.993218155912414,0.968255112643795,0.9918260016283886,0.9599632063674293,0.16569972038269043,0.033060550689697266,0.17145538330078125,0.993171079220764,0.999726805986167,0.9926910770643353,-0.9409921765327454,0.9215885400772095,-0.047569021582603455,0.6325733418367347,0.482310985700633,
10,client_6,False,flip_global,clip01,pretrained,0.9015247225761414,0.11761951446533203,0.025763511657714844,0.0682525634765625,0.9965503635275228,0.9998340810164907,0.9988364133439571,0.9712313282302554,0.9935901049123508,0.9831528050192144,0.11601436138153076,0.02528989315032959,0.0691295862197876,0.9966436398718825,0.9998401244988315,0.9988063447651718,-0.7281364798545837,1.0063804388046265,0.03450264036655426,0.48222257653061223,0.720984855437807,
10,client_7,False,flip_global,clip01,pretrained,0.7942781448364258,0.22238636016845703,0.18485939502716064,0.09577107429504395,0.9877498044028667,0.9915111863706225,0.9977109128841923,0.946639950862934,0.9553398226473127,0.9764805232537694,0.1334547996520996,0.18471813201904297,0.09694671630859375,0.9955622797040442,0.9915240725413434,0.9976544678797012,-1.2496048212051392,0.9460923671722412,-0.12002565711736679,0.7565369897959183,0.729564956668892,
10,client_8,False,flip_global,clip01,pretrained,0.8718587756156921,0.0656900405883789,0.026336193084716797,0.08793091773986816,0.9989220768745639,0.9998266237812372,0.998069837134991,0.9837776081119354,0.9934483242339047,0.9783745476285004,0.07891595363616943,0.026522040367126465,0.0901033878326416,0.9984448842394058,0.9998241685346627,0.9979734303944345,-0.8876312971115112,1.0433120727539062,-0.008401669561862946,0.564094387755102,0.6776133040840517,
10,client_9,False,flip_global,clip01,pretrained,0.8603242635726929,0.1257174015045166,0.029676318168640137,0.1243363618850708,0.9960604625663767,0.999779865386182,0.9961462919500603,0.9692965280689865,0.9926220026458585,0.9696260855112411,0.14252614974975586,0.029859542846679688,0.1270768642425537,0.9949408527708139,0.9997771391824666,0.9959750592008125,-0.9486425518989563,0.9734367728233337,-0.03460245206952095,0.6389508928571429,0.544260697475783,
11,client_0,True,orig,raw,random,0.9438336491584778,0.04641103744506836,0.08676302433013916,0.06726610660552979,0.9994617213076054,0.998120697446546,0.9988697766943784,0.9884974461126934,0.9786571591018098,0.9833932557834169,0.05649542808532715,0.08777213096618652,0.07030344009399414,0.9992025439249206,0.9980767918166569,0.9987655007618648,-0.824360191822052,0.8974099159240723,0.021863115951418877,0.4532047193877551,-0.31360529631512785,
11,client_1,True,orig,raw,random,0.9252417087554932,0.04168283939361572,0.04463040828704834,0.04238450527191162,0.9995657766893071,0.9995022175826869,0.9995510396595908,0.9896601807226006,0.9889350887062942,0.9894875009493584,0.0426182746887207,0.045187950134277344,0.04215192794799805,0.9995460752606509,0.9994897076735547,0.999555951682223,-0.9280267357826233,1.0257208347320557,0.0015077817952260375,0.5407366071428571,-0.189619821734896,
11,client_2,False,orig,raw,random,0.9371150732040405,0.042572736740112305,0.03152203559875488,0.0411832332611084,0.9995470444570382,0.9997516365909198,0.9995761201284026,0.9894411849295326,0.9921658284556469,0.989783161212318,0.028551816940307617,0.02991020679473877,0.03994131088256836,0.9997962295844982,0.999776382393083,0.9996012921873416,-0.972166895866394,1.3557642698287964,-0.022676266729831696,0.5541294642857143,0.5350849157121735,
11,client_3,False,orig,raw,random,0.9436987042427063,0.1553974151611328,0.04567146301269531,0.08728516101837158,0.9939901378931166,0.9994787332455881,0.9980980426128456,0.962254445311604,0.9886791832401891,0.9785307952535667,0.15794587135314941,0.045652151107788086,0.08720767498016357,0.9937923291639801,0.9994791738092674,0.9981014131718382,-0.7636178731918335,1.0267375707626343,-0.046058278530836105,0.58203125,0.6536879520641845,
11,client_4,False,orig,raw,random,0.9378129839897156,0.09026885032653809,0.03541231155395508,0.05183994770050049,0.9979659918961956,0.9996865657478813,0.9993284933383866,0.9778091734057808,0.9912053655442261,0.9871649222394348,0.08454620838165283,0.03496658802032471,0.05180954933166504,0.9982153769272231,0.9996944044900957,0.9993292802394731,-0.812903642654419,1.2862709760665894,-0.009517509490251541,0.4965720663265306,0.6633068575902059,
11,client_5,False,orig,raw,random,0.9298524260520935,0.09540116786956787,0.035100460052490234,0.09263646602630615,0.9977285314071513,0.9996920605645467,0.9978580684293665,0.9765697614473272,0.991282306530817,0.9772371206979875,0.10634982585906982,0.03495383262634277,0.09549331665039062,0.9971784139090527,0.9996946273535625,0.9977241487239092,-0.8734341859817505,0.9668659567832947,-0.03424043208360672,0.5545280612244898,0.5142877417812671,
11,client_6,False,orig,raw,random,0.9461562633514404,0.09186351299285889,0.027776002883911133,0.042446136474609375,0.9978936073429041,0.9998071513134532,0.9995497334873824,0.9774238229022223,0.9930919997122156,0.9894723356878914,0.09354650974273682,0.027422428131103516,0.04332876205444336,0.9978158471335503,0.9998120291128465,0.9995308197577208,-1.0272539854049683,1.0100116729736328,-0.04929642751812935,0.6059470663265306,0.6676994959257507,
11,client_7,False,orig,raw,random,0.938439130783081,0.20311963558197021,0.07889652252197266,0.11219608783721924,0.9897648573817603,0.998445649070286,0.9968604218366988,0.9510916132388547,0.9805639228059098,0.9725303730438009,0.22361528873443604,0.0817418098449707,0.11120057106018066,0.9876153027880348,0.9983316595959439,0.9969157612782014,-0.772599458694458,1.3431262969970703,-0.039941851049661636,0.5128348214285714,0.725499547456485,
11,client_8,False,orig,raw,random,0.9190229177474976,0.05926358699798584,0.030789494514465332,0.046993374824523926,0.9991225347012631,0.9997630438764673,0.9994481342040427,0.985347151771027,0.9923468403663775,0.9883543824390291,0.07349658012390137,0.03184080123901367,0.04718029499053955,0.9986509297273773,0.9997465890172679,0.9994437371215099,-0.7284740209579468,0.9872218370437622,-0.032062266021966934,0.5821906887755102,0.6681857717158064,
11,client_9,False,orig,raw,random,0.9215095043182373,0.08863341808319092,0.0340806245803833,0.12613451480865479,0.9980389184653335,0.9997096909820471,0.9960343554349917,0.9782046128164954,0.9915339861382773,0.9691970254052547,0.11460638046264648,0.03360950946807861,0.1309216022491455,0.9967244138122449,0.9997176600194853,0.9957286165988712,-0.9136005640029907,1.0394923686981201,-0.0005791205330751836,0.49776785714285715,0.4361302196931807,
11,client_0,True,orig,raw,pretrained,0.9438336491584778,0.04414963722229004,0.08156049251556396,0.1135527491569519,0.9995128804206352,0.998339043503911,0.9967842203413573,0.9890533023491204,0.9799175783389431,0.9722051745393672,0.07394182682037354,0.08463883399963379,0.12030929327011108,0.9986345515131176,0.9982114697045228,0.9963912158428316,-0.824360191822052,0.8974099159240723,0.021863115951418877,0.4532047193877551,-0.31360529631512785,0.32518482208251953
11,client_1,True,orig,raw,pretrained,0.9252417087554932,0.04644954204559326,0.05607330799102783,0.09162139892578125,0.9994608281399768,0.9992144092046844,0.9979046784312358,0.9884879856719162,0.9861277152653625,0.9774823151271457,0.0594935417175293,0.05811178684234619,0.09803414344787598,0.9991157165296978,0.9991562893239401,0.9976016494994502,-0.9280267357826233,1.0257208347320557,0.0015077817952260375,0.5407366071428571,-0.189619821734896,0.363037109375
11,client_2,False,orig,raw,pretrained,0.9371150732040405,0.04801464080810547,0.040877461433410645,0.07347989082336426,0.9994238976086502,0.9995823891319613,0.9986515417207305,0.9881035615484828,0.9898584397535328,0.9818801054167274,0.06729400157928467,0.0410459041595459,0.0781940221786499,0.9988688398978276,0.9995789414529523,0.998473174378574,-0.972166895866394,1.3557642698287964,-0.022676266729831696,0.5541294642857143,0.5350849157121735,0.35992753505706787
11,client_3,False,orig,raw,pretrained,0.9436987042427063,0.18767309188842773,0.020632028579711914,0.1697026491165161,0.991252518737465,0.9998935883425153,0.9928389473062766,0.9546833656467852,0.9948618793758561,0.958887700699385,0.21179044246673584,0.02032637596130371,0.18386542797088623,0.9888798255054703,0.9998967176112066,0.9916016532758738,-0.7636178731918335,1.0267375707626343,-0.046058278530836105,0.58203125,0.6536879520641845,0.4994525909423828
11,client_4,False,orig,raw,pretrained,0.9378129839897156,0.046706438064575195,0.013540387153625488,0.04997694492340088,0.9994548501547533,0.9999541660545563,0.9993758685531429,0.9884248707282512,0.996623478339961,0.9876218915804531,0.05879926681518555,0.013792037963867188,0.04997694492340088,0.9991362215488935,0.9999524466182621,0.9993758685531429,-0.812903642654419,1.2862709760665894,-0.009517509490251541,0.4965720663265306,0.6633068575902059,0.4876229763031006
11,client_5,False,orig,raw,pretrained,0.9298524260520935,0.08589744567871094,0.02298450469970703,0.058441758155822754,0.998157956016064,0.9998679412170277,0.9991466867273833,0.978866694327015,0.9942785443465187,0.9855481394130927,0.08952498435974121,0.02284252643585205,0.05817067623138428,0.9979993263959055,0.9998695675073888,0.9991545795414931,-0.8734341859817505,0.9668659567832947,-0.03424043208360672,0.5545280612244898,0.5142877417812671,0.48378121852874756
11,client_6,False,orig,raw,pretrained,0.9461562633514404,0.04464125633239746,0.03490245342254639,0.05312800407409668,0.9995019756577173,0.9996955242332728,0.9992947270755193,0.9889324215961932,0.99133116400283,0.986849164959807,0.03532087802886963,0.03467726707458496,0.052481889724731445,0.99968818183595,0.9996994395566952,0.9993117682665074,-1.0272539854049683,1.0100116729736328,-0.04929642751812935,0.6059470663265306,0.6676994959257507,0.42063581943511963
11,client_7,False,orig,raw,pretrained,0.938439130783081,0.22409605979919434,0.02203381061553955,0.20664095878601074,0.987562490009283,0.9998786388449692,0.9894097529832171,0.9462464305994562,0.9945142227328685,0.9502756495593694,0.22334671020507812,0.021561384201049805,0.21073633432388306,0.9876447586428345,0.9998837868079573,0.9889893293578536,-0.772599458694458,1.3431262969970703,-0.039941851049661636,0.5128348214285714,0.725499547456485,0.4943457841873169
11,client_8,False,orig,raw,pretrained,0.9190229177474976,0.26270222663879395,0.0246199369430542,0.22476375102996826,0.9829676389687634,0.999848481896735,0.9874889629324328,0.9374255400629272,0.9938733144258378,0.9460928153724524,0.31169837713241577,0.02423989772796631,0.2493739128112793,0.9761465544443944,0.9998531230211767,0.9846326109639871,-0.7284740209579468,0.9872218370437622,-0.032062266021966934,0.5821906887755102,0.6681857717158064,0.40881431102752686
11,client_9,False,orig,raw,pretrained,0.9215095043182373,0.10936033725738525,0.014690279960632324,0.10856831073760986,0.9970167707611939,0.9999460511016318,0.9970597305058013,0.9732106443391437,0.9963375215378896,0.9734007720824756,0.14063704013824463,0.014786601066589355,0.11327874660491943,0.9950735839751732,0.999945341348004,0.9967996837290674,-0.9136005640029907,1.0394923686981201,-0.0005791205330751836,0.49776785714285715,0.4361302196931807,0.39743947982788086
11,client_0,True,orig,clip01,random,0.9438336491584778,0.04119873046875,0.05129718780517578,0.13501590490341187,0.9995758011587956,0.9993424740662324,0.9954582068477678,0.9897793461543534,0.987298021128745,0.9670819988312966,0.09279423952102661,0.052030205726623535,0.14533758163452148,0.9978507779441315,0.9993235577996988,0.9947400894377503,-0.824360191822052,0.8974099159240723,0.021863115951418877,0.4532047193877551,-0.31360529631512785,
11,client_1,True,orig,clip01,random,0.9252417087554932,0.05504655838012695,0.07760345935821533,0.12879419326782227,0.9992428992787876,0.9984961241628314,0.995865877089785,0.9863791268174393,0.9808778823593156,0.9685629178580089,0.08402186632156372,0.08182227611541748,0.13448941707611084,0.998237414997897,0.9983283774869676,0.9954934391919517,-0.9280267357826233,1.0257208347320557,0.0015077817952260375,0.5407366071428571,-0.189619821734896,
11,client_2,False,orig,clip01,random,0.9371150732040405,0.05620169639587402,0.03168439865112305,0.04502987861633301,0.9992108097580044,0.999749071954201,0.9994932701717327,0.9860962846396362,0.9921257150288021,0.9888368816940198,0.045212745666503906,0.03054952621459961,0.04456758499145508,0.9994891477193364,0.9997667224338747,0.9995036174662175,-0.972166895866394,1.3557642698287964,-0.022676266729831696,0.5541294642857143,0.5350849157121735,
11,client_3,False,orig,clip01,random,0.9436987042427063,0.14972269535064697,0.01685309410095215,0.16657209396362305,0.9944192478545466,0.9999289970860932,0.9930993579340477,0.9635949142336415,0.9958000035521195,0.9596229644703689,0.1914539337158203,0.016467571258544922,0.1746932864189148,0.9908989509931949,0.9999322082212025,0.9924140028138679,-0.7636178731918335,1.0267375707626343,-0.046058278530836105,0.58203125,0.6536879520641845,
11,client_4,False,orig,clip01,random,0.9378129839897156,0.06460261344909668,0.018686771392822266,0.05960190296173096,0.998957441498415,0.9999127068592186,0.999112494483456,0.9840429284320795,0.9953446257014735,0.9852644306061735,0.07445144653320312,0.01835501194000244,0.06154322624206543,0.9986156844566196,0.999915778704469,0.9990537798623453,-0.812903642654419,1.2862709760665894,-0.009517509490251541,0.4965720663265306,0.6633068575902059,
11,client_5,False,orig,clip01,random,0.9298524260520935,0.08718335628509521,0.029633402824401855,0.08623135089874268,0.998102470395156,0.9997805015006542,0.9981436271789532,0.9785554313967155,0.9926326130356513,0.9787858561377596,0.11246943473815918,0.029303669929504395,0.08948171138763428,0.9968451413557862,0.9997853582917269,0.9980012571277883,-0.8734341859817505,0.9668659567832947,-0.03424043208360672,0.5545280612244898,0.5142877417812671,
11,client_6,False,orig,clip01,random,0.9461562633514404,0.0732039213180542,0.02899754047393799,0.07295441627502441,0.9986616413988216,0.9997898187995999,0.9986707399749468,0.981947233985303,0.9927898435859213,0.9820079311000118,0.06047964096069336,0.028768301010131836,0.07207942008972168,0.9990861800411979,0.9997931283167758,0.998702403502727,-1.0272539854049683,1.0100116729736328,-0.04929642751812935,0.6059470663265306,0.6676994959257507,
11,client_7,False,orig,clip01,random,0.938439130783081,0.13184905052185059,0.0535283088684082,0.16311043500900269,0.9956680827841036,0.9992840646925043,0.993381781796292,0.9678353621361362,0.9867510641377681,0.9604369800081953,0.14829444885253906,0.053702712059020996,0.1664656400680542,0.9945247771253178,0.9992793943708718,0.993108129687486,-0.772599458694458,1.3431262969970703,-0.039941851049661636,0.5128348214285714,0.725499547456485,
11,client_8,False,orig,clip01,random,0.9190229177474976,0.18937575817108154,0.03114175796508789,0.1750531792640686,0.9910941422469315,0.999757591808033,0.9923828931703955,0.954286449673144,0.9922597893985985,0.9576329961125956,0.2641099691390991,0.030692577362060547,0.19012629985809326,0.9827869778383174,0.9997645330155143,0.9910238872281207,-0.7284740209579468,0.9872218370437622,-0.032062266021966934,0.5821906887755102,0.6681857717158064,
11,client_9,False,orig,clip01,random,0.9215095043182373,0.09797906875610352,0.02143096923828125,0.08914804458618164,0.9976043386429811,0.9998851882766344,0.998016113345314,0.9759481094602775,0.9946637113743948,0.9780801527972265,0.11061859130859375,0.02111649513244629,0.09179359674453735,0.9969478864183585,0.9998885327279221,0.997896807366843,-0.9136005640029907,1.0394923686981201,-0.0005791205330751836,0.49776785714285715,0.4361302196931807,
11,client_0,True,orig,clip01,pretrained,0.9438336491584778,0.05277276039123535,0.08143532276153564,0.11962664127349854,0.9993041223380139,0.9983441313571577,0.9964319438047164,0.986936235124199,0.9799479332718388,0.9707512321719303,0.07293379306793213,0.08404886722564697,0.12676846981048584,0.998671490646778,0.9982362834817058,0.9959945125598515,-0.824360191822052,0.8974099159240723,0.021863115951418877,0.4532047193877551,-0.31360529631512785,
11,client_1,True,orig,clip01,pretrained,0.9252417087554932,0.048207879066467285,0.058426737785339355,0.09312033653259277,0.9994192531732493,0.9991471250179487,0.9978356704064444,0.988056113363853,0.9855518133889758,0.9771202719030545,0.05907547473907471,0.06005299091339111,0.09925973415374756,0.9991280926580275,0.9990990188594371,0.9975414191915128,-0.9280267357826233,1.0257208347320557,0.0015077817952260375,0.5407366071428571,-0.189619821734896,
11,client_2,False,orig,clip01,pretrained,0.9371150732040405,0.04711270332336426,0.03817462921142578,0.0650566816329956,0.9994453291493377,0.9996357739472175,0.9989427461322047,0.9883250706683009,0.9905242288569123,0.9839321277073552,0.05988919734954834,0.03806614875793457,0.06741654872894287,0.9991039236808383,0.9996378404794171,0.9988647198128466,-0.972166895866394,1.3557642698287964,-0.022676266729831696,0.5541294642857143,0.5350849157121735,
11,client_3,False,orig,clip01,pretrained,0.9436987042427063,0.19862306118011475,0.018498659133911133,0.17359137535095215,0.9902097068573203,0.9999144553913684,0.99250886447718,0.9521350943542759,0.995391327366939,0.9579755455886845,0.21878087520599365,0.018171072006225586,0.18704688549041748,0.9881402895374132,0.9999174581457606,0.9913104161289472,-0.7636178731918335,1.0267375707626343,-0.046058278530836105,0.58203125,0.6536879520641845,
11,client_4,False,orig,clip01,pretrained,0.9378129839897156,0.037238359451293945,0.015057802200317383,0.040781378746032715,0.999653416262934,0.9999433180579713,0.9995843494064518,0.9907550170437602,0.9962461515978505,0.9898820963049255,0.04390430450439453,0.015224218368530273,0.04006087779998779,0.9995182771250217,0.9999420583118195,0.9995989022179295,-0.812903642654419,1.2862709760665894,-0.009517509490251541,0.4965720663265306,0.6633068575902059,
11,client_5,False,orig,clip01,pretrained,0.9298524260520935,0.10169541835784912,0.02432715892791748,0.06101846694946289,0.9974195155541712,0.999852063750525,0.9990698360865848,0.9750529694805588,0.9939458412025486,0.9849181816731702,0.09782767295837402,0.02397751808166504,0.06088268756866455,0.9976117231466832,0.9998562851490098,0.999073968243066,-0.8734341859817505,0.9668659567832947,-0.03424043208360672,0.5545280612244898,0.5142877417812671,
11,client_6,False,orig,clip01,pretrained,0.9461562633514404,0.05315089225769043,0.03810572624206543,0.04836869239807129,0.999294119586317,0.9996370872164393,0.9994153738663301,0.9868435554653072,0.9905412105190052,0.9880166294799417,0.03662538528442383,0.03760027885437012,0.04737293720245361,0.9996647296167396,0.9996466484284687,0.9994391872002151,-1.0272539854049683,1.0100116729736328,-0.04929642751812935,0.6059470663265306,0.6676994959257507,
11,client_7,False,orig,clip01,pretrained,0.938439130783081,0.2342761754989624,0.02174079418182373,0.21178054809570312,0.9864186150747176,0.9998818449385947,0.9888808558172206,0.9439083636605154,0.9945868788114327,0.9490865869394762,0.23567914962768555,0.021151065826416016,0.21668946743011475,0.986257148462125,0.9998881674843711,0.988363974821977,-0.772599458694458,1.3431262969970703,-0.039941851049661636,0.5128348214285714,0.725499547456485,
11,client_8,False,orig,clip01,pretrained,0.9190229177474976,0.27568602561950684,0.023250460624694824,0.2425316572189331,0.9812667399283632,0.9998648677172983,0.9854552359375923,0.9344867137935748,0.9942126285017083,0.9420186976573282,0.3255213499069214,0.02260899543762207,0.2640630006790161,0.9740263001703968,0.9998722205783324,0.9827930202494475,-0.7284740209579468,0.9872218370437622,-0.032062266021966934,0.5821906887755102,0.6681857717158064,
11,client_9,False,orig,clip01,pretrained,0.9215095043182373,0.13410794734954834,0.015241146087646484,0.12217116355895996,0.9955188821464023,0.9999419293957541,0.9962789689921523,0.9672979028710293,0.9962005750558058,0.9701431054989036,0.1551980972290039,0.015306353569030762,0.12544775009155273,0.9940054755600165,0.9999414314579378,0.9960772945763106,-0.9136005640029907,1.0394923686981201,-0.0005791205330751836,0.49776785714285715,0.4361302196931807,
11,client_0,True,flip,raw,random,0.8339215517044067,0.2805126905441284,0.19299936294555664,0.12530481815338135,0.9806146955366224,0.9907524543462354,0.9960862021000196,0.9333977505664575,0.9534425602351546,0.9693949652008846,0.3546864986419678,0.19991528987884521,0.12841284275054932,0.9692762235804118,0.9900828548114984,0.995890247130546,-0.8681221604347229,0.9254377484321594,-0.06514221429824829,0.6209343112244898,-0.31360529631512785,
11,client_1,True,flip,raw,random,0.9260645508766174,0.0891265869140625,0.05257534980773926,0.05883371829986572,0.9980170668410584,0.9993093161400985,0.9991352097043671,0.9780853417602133,0.9869846254069647,0.9854522734036788,0.0993967056274414,0.05336129665374756,0.059026241302490234,0.9975346417323141,0.9992885228828641,0.9991295443971762,-1.1409399509429932,0.9223394989967346,-0.03659140691161156,0.6025988520408163,-0.189619821734896,
11,client_2,False,flip,raw,random,0.8019512295722961,0.10001230239868164,0.04623734951019287,0.06102108955383301,0.9975040669731978,0.9994657410486647,0.9990697561828379,0.9754582210834508,0.9885401222974699,0.9849175408026898,0.10059285163879395,0.04695284366607666,0.06096231937408447,0.9974750612546326,0.9994490853540774,0.9990715459316633,-0.8188261985778809,0.9677619338035583,0.017525911331176758,0.4867665816326531,0.5350849157121735,
11,client_3,False,flip,raw,random,0.9489468932151794,0.23075509071350098,0.09867334365844727,0.07771170139312744,0.9868197781772392,0.9975703293910536,0.9984919307464257,0.9447160678774851,0.9757807889828165,0.9808515950874166,0.1859837770462036,0.09380090236663818,0.07919275760650635,0.9914082767441159,0.9978039713058378,0.9984339685623318,-0.777901291847229,0.9747204184532166,0.047277312725782394,0.42713647959183676,0.6536879520641845,
11,client_4,False,flip,raw,random,0.8482394814491272,0.07609105110168457,0.05445671081542969,0.056456565856933594,0.9985541078555489,0.9992590286984686,0.9992036400049309,0.9812452910360754,0.9865236013404892,0.9860338947784537,0.11343646049499512,0.05733227729797363,0.05705296993255615,0.9967907876338535,0.9991787586739904,0.9991867360450772,-0.7828568816184998,0.9101095199584961,0.007395511958748102,0.48573022959183676,0.6633068575902059,
11,client_5,False,flip,raw,random,0.9145563244819641,0.12271904945373535,0.03161346912384033,0.06862318515777588,0.9962456139154696,0.9997501939546591,0.9988237533136781,0.9700122386647811,0.9921432385833517,0.9830624880736882,0.12232410907745361,0.03088998794555664,0.06961798667907715,0.9962696725775539,0.9997614948333111,0.9987894342096222,-0.7940449714660645,0.949021577835083,0.0216534286737442,0.48325892857142855,0.5142877417812671,
11,client_6,False,flip,raw,random,0.8609745502471924,0.10575151443481445,0.039557814598083496,0.06710803508758545,0.9972100061369258,0.9996089095777427,0.9988750778964564,0.974077402394844,0.9901834246558414,0.9834317942253092,0.07197654247283936,0.03915238380432129,0.0642470121383667,0.9987061013372538,0.9996168828303109,0.9989688784615098,-0.7692500352859497,0.743351399898529,0.01987571455538273,0.45822704081632654,0.6676994959257507,
11,client_7,False,flip,raw,random,0.917213499546051,0.3604313135147095,0.06943154335021973,0.16531133651733398,0.9682969038539573,0.998795903689786,0.9932028911280857,0.9156409479619658,0.9828655421374914,0.9599193138958173,0.3139200210571289,0.06710255146026611,0.1641620397567749,0.9758115287278997,0.9988752615763108,0.9932965997841765,-0.7730324268341064,1.0283080339431763,0.022762931883335114,0.4950573979591837,0.725499547456485,
11,client_8,False,flip,raw,random,0.9102017879486084,0.09525680541992188,0.056404709815979004,0.0681607723236084,0.9977353889731142,0.9992051013938192,0.9988395382734061,0.9766045915338977,0.9860465882131111,0.9831751755660929,0.0695420503616333,0.054415225982666016,0.06607687473297119,0.9987920712442317,0.9992601565781798,0.9989093546093544,-0.8171899318695068,0.9609986543655396,0.00409961212426424,0.5333227040816326,0.6681857717158064,
11,client_9,False,flip,raw,random,0.8048844337463379,0.04555559158325195,0.08933019638061523,0.07135546207427979,0.9994813738370865,0.9980080100366553,0.9987283137015439,0.9887076611048897,0.9780361059312745,0.9823970425483226,0.07580190896987915,0.09273982048034668,0.07351028919219971,0.9985650638041994,0.9978532939619349,0.9986504269150001,-0.8328916430473328,0.9041077494621277,-0.03513025864958763,0.5868941326530612,0.4361302196931807,
11,client_0,True,flip,raw,pretrained,0.8339215517044067,0.1887814998626709,0.06797480583190918,0.12161421775817871,0.9911495764007796,0.9988458564532026,0.9963127243667276,0.9544249516517629,0.9832205000548453,0.9702761635368038,0.24426567554473877,0.06702315807342529,0.12535905838012695,0.9852488278985052,0.9988779192650057,0.9960828230286041,-0.8681221604347229,0.9254377484321594,-0.06514221429824829,0.6209343112244898,-0.31360529631512785,0.45969343185424805
11,client_1,True,flip,raw,pretrained,0.9260645508766174,0.1438812017440796,0.0642843246459961,0.159592866897583,0.9948445709671982,0.9989676813599235,0.9936628112851931,0.9649777096942964,0.9841206077336861,0.9612652056367974,0.19575423002243042,0.06592392921447754,0.1654876470565796,0.9904884719063232,0.9989143936062594,0.9931884588739011,-1.1409399509429932,0.9223394989967346,-0.03659140691161156,0.6025988520408163,-0.189619821734896,0.41772913932800293
11,client_2,False,flip,raw,pretrained,0.8019512295722961,0.08804678916931152,0.05445384979248047,0.04971516132354736,0.9980647542097238,0.9992591065108101,0.9993823869173704,0.9783465152814397,0.9865243021835508,0.9876861289867143,0.08054649829864502,0.053986310958862305,0.04951620101928711,0.9983800363110931,0.9992717675438978,0.9993873181391904,-0.8188261985778809,0.9677619338035583,0.017525911331176758,0.4867665816326531,0.5350849157121735,0.38898587226867676
11,client_3,False,flip,raw,pretrained,0.9489468932151794,0.07820487022399902,0.022629380226135254,0.06290030479431152,0.9984727511942104,0.9998719900788788,0.9990116211957425,0.9807318392595328,0.994366570392702,0.9844584888102608,0.08450722694396973,0.022351384162902832,0.06354010105133057,0.9982170200073635,0.9998751156048185,0.9989914274538818,-0.777901291847229,0.9747204184532166,0.047277312725782394,0.42713647959183676,0.6536879520641845,0.4472947120666504
11,client_4,False,flip,raw,pretrained,0.8482394814491272,0.05678892135620117,0.026491880416870117,0.04357039928436279,0.9991942418689828,0.9998245681536642,0.9995255739542634,0.9859525458975327,0.9934097854419479,0.9891957555305835,0.05787456035614014,0.026844263076782227,0.04273200035095215,0.999163159413959,0.9998198707235855,0.9995436502880111,-0.7828568816184998,0.9101095199584961,0.007395511958748102,0.48573022959183676,0.6633068575902059,0.5093308687210083
11,client_5,False,flip,raw,pretrained,0.9145563244819641,0.09533119201660156,0.027607202529907227,0.07017803192138672,0.9977318567176903,0.9998094878176669,0.998769897004093,0.9765866441713482,0.9931337645465368,0.9826837225169016,0.11491250991821289,0.028106331825256348,0.07122182846069336,0.9967069346595008,0.9998025377762065,0.9987330679147559,-0.7940449714660645,0.949021577835083,0.0216534286737442,0.48325892857142855,0.5142877417812671,0.3895835876464844
11,client_6,False,flip,raw,pretrained,0.8609745502471924,0.05618786811828613,0.026610851287841797,0.03202533721923828,0.9992111978367799,0.9998229891515775,0.9997436437435687,0.9860996698529871,0.9933803369428653,0.9920414906419888,0.05419802665710449,0.02650761604309082,0.0315479040145874,0.9992660477416229,0.9998243597134928,0.9997512288631334,-0.7692500352859497,0.743351399898529,0.01987571455538273,0.45822704081632654,0.6676994959257507,0.3936622142791748
11,client_7,False,flip,raw,pretrained,0.917213499546051,0.34071803092956543,0.02475571632385254,0.22691082954406738,0.9715977137830683,0.9998468062308488,0.9872510972893174,0.9199734466121423,0.9938396819421467,0.9455990925828477,0.28133082389831543,0.024350762367248535,0.22730982303619385,0.9805031156919344,0.9998517765727344,0.9872066548735527,-0.7730324268341064,1.0283080339431763,0.022762931883335114,0.4950573979591837,0.725499547456485,0.460523784160614
11,client_8,False,flip,raw,pretrained,0.9102017879486084,0.07544553279876709,0.021594524383544922,0.08015763759613037,0.998578510191586,0.9998834293217078,0.9983956214259668,0.9814021694157098,0.9946231507125372,0.9802578656157788,0.08881223201751709,0.02130568027496338,0.08325588703155518,0.9980310093971965,0.9998865266550807,0.9982693639324891,-0.8171899318695068,0.9609986543655396,0.00409961212426424,0.5333227040816326,0.6681857717158064,0.36725497245788574
11,client_9,False,flip,raw,pretrained,0.8048844337463379,0.09373188018798828,0.016884922981262207,0.06702423095703125,0.997807196639968,0.999928728653912,0.9988778833711947,0.9769726216111136,0.9957920964604234,0.9834522269129617,0.09609687328338623,0.01659393310546875,0.06787919998168945,0.9976953391014507,0.9999311639000359,0.998849097950594,-0.8328916430473328,0.9041077494621277,-0.03513025864958763,0.5868941326530612,0.4361302196931807,0.4332895278930664
11,client_0,True,flip,clip01,random,0.8339215517044067,0.20280838012695312,0.10758388042449951,0.139701247215271,0.9897959611588043,0.997112694850459,0.9951386877281085,0.9511637882280706,0.9736371645319755,0.9659690165484462,0.222878098487854,0.10799705982208252,0.14197766780853271,0.9876960711507925,0.9970905231980001,0.9949795695063224,-0.8681221604347229,0.9254377484321594,-0.06514221429824829,0.6209343112244898,-0.31360529631512785,
11,client_1,True,flip,clip01,random,0.9260645508766174,0.08582770824432373,0.08771884441375732,0.07590818405151367,0.9981609416718398,0.9980791229068402,0.9985610417386195,0.9788835789697814,0.9784258568681043,0.9812897288461833,0.11568665504455566,0.08850038051605225,0.07867074012756348,0.9966625271200569,0.9980447925314397,0.9984545223788697,-1.1409399509429932,0.9223394989967346,-0.03659140691161156,0.6025988520408163,-0.189619821734896,
11,client_2,False,flip,clip01,random,0.8019512295722961,0.023633956909179688,0.0230405330657959,0.03446626663208008,0.9998603736435676,0.9998672966681219,0.9997030852514697,0.9941175924091972,0.9942646574513008,0.9914388043780504,0.019707918167114258,0.022557497024536133,0.03411519527435303,0.9999029065613112,0.9998728019678051,0.999709101844745,-0.8188261985778809,0.9677619338035583,0.017525911331176758,0.4867665816326531,0.5350849157121735,
11,client_3,False,flip,clip01,random,0.9489468932151794,0.12489902973175049,0.04848527908325195,0.06103038787841797,0.9961114361591035,0.9994125533766658,0.9990694728601401,0.969491795792486,0.9879880058763109,0.9849152686305751,0.09774637222290039,0.04774439334869385,0.06006729602813721,0.9976156840044637,0.999430361708904,0.9990985898564013,-0.777901291847229,0.9747204184532166,0.047277312725782394,0.42713647959183676,0.6536879520641845,
11,client_4,False,flip,clip01,random,0.8482394814491272,0.05727696418762207,0.02553999423980713,0.04538857936859131,0.9991803415723362,0.9998369471159858,0.999485168091109,0.985833108512413,0.993645450112502,0.9887487100694148,0.04642009735107422,0.025161385536193848,0.04437911510467529,0.9994615112170462,0.9998417449554797,0.9995078053028965,-0.7828568816184998,0.9101095199584961,0.007395511958748102,0.48573022959183676,0.6633068575902059,
11,client_5,False,flip,clip01,random,0.9145563244819641,0.04746544361114502,0.01905190944671631,0.0795363187789917,0.9994369957591109,0.9999092623620709,0.9984203674279326,0.98823843141261,0.9952539841326382,0.9804086341641234,0.06651043891906738,0.019945263862609863,0.08226454257965088,0.9988950069912059,0.9999005540301114,0.9983102806821642,-0.7940449714660645,0.949021577835083,0.0216534286737442,0.48325892857142855,0.5142877417812671,
11,client_6,False,flip,clip01,random,0.8609745502471924,0.1231842041015625,0.06784093379974365,0.11059260368347168,0.9962171796620323,0.9988503940838407,0.996949317033295,0.9699011536413158,0.9832531298172669,0.972914946857532,0.11435556411743164,0.06795179843902588,0.1097862720489502,0.9967387003286687,0.9988466369297069,0.9969935399760499,-0.7692500352859497,0.743351399898529,0.01987571455538273,0.45822704081632654,0.6676994959257507,
11,client_7,False,flip,clip01,random,0.917213499546051,0.3514498472213745,0.024981260299682617,0.21975421905517578,0.9698216905101362,0.9998440024123001,0.9880354796061521,0.917611039086691,0.9937838185876839,0.9472462697774906,0.20950090885162354,0.024410128593444824,0.2120976448059082,0.9891169965255315,0.9998510530465021,0.9888478130421468,-0.7730324268341064,1.0283080339431763,0.022762931883335114,0.4950573979591837,0.725499547456485,
11,client_8,False,flip,clip01,random,0.9102017879486084,0.08756959438323975,0.06599712371826172,0.0737161636352539,0.9980856445533568,0.998911983566561,0.998642864751792,0.9784619689963563,0.9837027026295988,0.9818226383958821,0.09953200817108154,0.06646060943603516,0.07575273513793945,0.9975279377452311,0.9988966607180358,0.9985669229285778,-0.8171899318695068,0.9609986543655396,0.00409961212426424,0.5333227040816326,0.6681857717158064,
11,client_9,False,flip,clip01,random,0.8048844337463379,0.03796052932739258,0.0340580940246582,0.04939424991607666,0.9996398468656023,0.9997100746158367,0.9993903309346832,0.9905769968357816,0.9915395474130897,0.9877648839425812,0.049394845962524414,0.03464019298553467,0.05020320415496826,0.9993903162274211,0.9997000817377948,0.9993702072106581,-0.8328916430473328,0.9041077494621277,-0.03513025864958763,0.5868941326530612,0.4361302196931807,
11,client_0,True,flip,clip01,pretrained,0.8339215517044067,0.19456899166107178,0.0720832347869873,0.11484003067016602,0.9906024918286696,0.9987022662860374,0.9967110771971623,0.9530773625581983,0.9822199076646778,0.9718967576577768,0.24749410152435303,0.07135367393493652,0.11763083934783936,0.9848607919748165,0.9987283773758455,0.9965497009258466,-0.8681221604347229,0.9254377484321594,-0.06514221429824829,0.6209343112244898,-0.31360529631512785,
11,client_1,True,flip,clip01,pretrained,0.9260645508766174,0.167891263961792,0.06382536888122559,0.16923165321350098,0.992990203335528,0.998982357936379,0.9928784296806488,0.9593130318946246,0.9842326334169771,0.9589982679500875,0.22397589683532715,0.06566464900970459,0.17472267150878906,0.9875757001645566,0.9989229093529572,0.992411465070943,-1.1409399509429932,0.9223394989967346,-0.03659140691161156,0.6025988520408163,-0.189619821734896,
11,client_2,False,flip,clip01,pretrained,0.8019512295722961,0.07883834838867188,0.054915428161621094,0.04293501377105713,0.9984479377499391,0.9992465000302386,0.9995393053897141,0.9805780444165821,0.9864112424992517,0.9893520526127408,0.07154572010040283,0.05462503433227539,0.042833805084228516,0.9987215296735699,0.9992544435594961,0.9995414740311301,-0.8188261985778809,0.9677619338035583,0.017525911331176758,0.4867665816326531,0.5350849157121735,
11,client_3,False,flip,clip01,pretrained,0.9489468932151794,0.08932793140411377,0.020491957664489746,0.07168936729431152,0.998008110898642,0.9998950281828136,0.9987163957251779,0.9780366536161678,0.9948966284509397,0.9823157663572262,0.09857594966888428,0.02039027214050293,0.07236373424530029,0.9975751146385456,0.9998960673027244,0.9986921567504272,-0.777901291847229,0.9747204184532166,0.047277312725782394,0.42713647959183676,0.6536879520641845,
11,client_4,False,flip,clip01,pretrained,0.8482394814491272,0.048317551612854004,0.026827335357666016,0.04488790035247803,0.9994166089362018,0.999820097796692,0.9994964593462758,0.9880291856251093,0.9933267546571034,0.9888717843899355,0.052237868309020996,0.02717423439025879,0.04450070858001709,0.9993181501689192,0.9998154158038037,0.9995051055011932,-0.7828568816184998,0.9101095199584961,0.007395511958748102,0.48573022959183676,0.6633068575902059,
11,client_5,False,flip,clip01,pretrained,0.9145563244819641,0.08574950695037842,0.02715301513671875,0.06334590911865234,0.9981642868209015,0.9998157039199953,0.998997578225064,0.9789025133797946,0.9932461533515295,0.9843496843256447,0.10356450080871582,0.02760922908782959,0.06450188159942627,0.9973239815151358,0.9998094598508371,0.9989606876568085,-0.7940449714660645,0.949021577835083,0.0216534286737442,0.48325892857142855,0.5142877417812671,
11,client_6,False,flip,clip01,pretrained,0.8609745502471924,0.060289621353149414,0.028350114822387695,0.03071892261505127,0.9990919093354151,0.9997990980237288,0.999764128683114,0.9850963096630976,0.9929499718044799,0.9923642813965303,0.05601763725280762,0.02827620506286621,0.03032207489013672,0.9992159674149241,0.9998001440186772,0.999770182563319,-0.7692500352859497,0.743351399898529,0.01987571455538273,0.45822704081632654,0.6676994959257507,
11,client_7,False,flip,clip01,pretrained,0.917213499546051,0.3681594133377075,0.026063919067382812,0.2799715995788574,0.9669570849662237,0.9998301896604773,0.9806883232934807,0.9139508742176761,0.9935157282482363,0.9335197332727618,0.3271901607513428,0.025973081588745117,0.28302156925201416,0.9737645848708101,0.999831371088016,0.980271557162699,-0.7730324268341064,1.0283080339431763,0.022762931883335114,0.4950573979591837,0.725499547456485,
11,client_8,False,flip,clip01,pretrained,0.9102017879486084,0.07646489143371582,0.02151191234588623,0.06935179233551025,0.998539881029151,0.9998843194442795,0.9987986657272283,0.981154454950778,0.9946436376754646,0.9828849697995039,0.08796191215515137,0.02122974395751953,0.07147157192230225,0.9980684781567448,0.9998873340139987,0.9987241757141916,-0.8171899318695068,0.9609986543655396,0.00409961212426424,0.5333227040816326,0.6681857717158064,
11,client_9,False,flip,clip01,pretrained,0.8048844337463379,0.09642970561981201,0.011860966682434082,0.07498002052307129,0.9976793748756891,0.9999648302950481,0.9985959793411907,0.9763216618305932,0.9970413400274469,0.9815153248339006,0.10552287101745605,0.011686921119689941,0.07644736766815186,0.9972220323624372,0.9999658548431296,0.998540549462432,-0.8328916430473328,0.9041077494621277,-0.03513025864958763,0.5868941326530612,0.4361302196931807,
11,client_0,True,flip_global,raw,random,0.9141275882720947,0.1366586685180664,0.09931731224060059,0.07288730144500732,0.9953474011392636,0.9975385713114464,0.9986731821373434,0.9666915484809289,0.9756256308397215,0.9820242590919861,0.15674597024917603,0.10163760185241699,0.07386863231658936,0.9938858578088872,0.9974224431925658,0.9986372507089067,-0.9560852646827698,0.9145199060440063,-0.05348287150263786,0.6394292091836735,-0.31360529631512785,
11,client_1,True,flip_global,raw,random,0.9379391074180603,0.12503671646118164,0.06482076644897461,0.05320286750793457,0.9961028831409582,0.9989503940467621,0.999292739109914,0.9694589388962802,0.9839896928773058,0.9868308174159166,0.12241220474243164,0.06461751461029053,0.05284988880157471,0.9962643126808286,0.9989569608687199,0.9993020878398828,-1.2675020694732666,0.9459954500198364,-0.04547587037086487,0.6118463010204082,-0.189619821734896,
11,client_2,False,flip_global,raw,random,0.8771139979362488,0.07910752296447754,0.030955791473388672,0.07868659496307373,0.9984373338169441,0.9997604777804392,0.9984539001058879,0.9805127055909268,0.9923057438116756,0.9806148835796054,0.08784329891204834,0.03149008750915527,0.08024978637695312,0.9980736762862863,0.999752139682865,0.9983919349887873,-0.8141242861747742,1.0497841835021973,0.029628032818436623,0.4568718112244898,0.5350849157121735,
11,client_3,False,flip_global,raw,random,0.9558975696563721,0.2337207794189453,0.06406927108764648,0.11222660541534424,0.9864822794836894,0.9989745714368932,0.9968587176871277,0.9440356974077646,0.9841730973853902,0.972523056032147,0.21541810035705566,0.06192457675933838,0.11573171615600586,0.9884989398322028,0.9990420255418633,0.996659933173847,-0.6129305362701416,1.0042533874511719,0.04793498292565346,0.43112244897959184,0.6536879520641845,
11,client_4,False,flip_global,raw,random,0.8803491592407227,0.08020913600921631,0.055346131324768066,0.06762039661407471,0.9983935617374462,0.999234641051721,0.9988578498153204,0.98024537062873,0.9863057629695591,0.9833068867545136,0.11094880104064941,0.05756676197052002,0.06831741333007812,0.9969296794197735,0.9991720314876968,0.9988342030753368,-0.8172205686569214,0.9280893206596375,0.009972442872822285,0.4885204081632653,0.6633068575902059,
11,client_5,False,flip_global,raw,random,0.9392264485359192,0.1377354860305786,0.0286405086517334,0.08558690547943115,0.9952740520443093,0.9997949618519844,0.9981712325752363,0.9664357400488559,0.9928781437127256,0.9789418848582028,0.1463932991027832,0.02859044075012207,0.08740389347076416,0.9946637042359439,0.9997956779904444,0.9980928721047797,-0.831608235836029,0.956136167049408,0.020094038918614388,0.5066964285714286,0.5142877417812671,
11,client_6,False,flip_global,raw,random,0.8854494690895081,0.12541019916534424,0.03708016872406006,0.05456376075744629,0.9960796357233332,0.9996563538670573,0.9992561142883452,0.9693698212064408,0.9907940186356139,0.9864973786662663,0.07758903503417969,0.036417365074157715,0.05237126350402832,0.9984966825377792,0.9996685263094427,0.9993146651566231,-0.8397704362869263,0.8270548582077026,0.020092029124498367,0.4614955357142857,0.6676994959257507,
11,client_7,False,flip_global,raw,random,0.9581767320632935,0.27744054794311523,0.056395530700683594,0.1448497772216797,0.981030951887909,0.9992053599368886,0.994775200167004,0.9340906480746587,0.9860488351224928,0.9647482229571045,0.23696017265319824,0.055055975914001465,0.14442014694213867,0.9861089099821576,0.9992426403495869,0.9948060274602128,-0.7663341164588928,0.9956448078155518,0.018900517374277115,0.5449617346938775,0.725499547456485,
11,client_8,False,flip_global,raw,random,0.9221422672271729,0.13035404682159424,0.048188209533691406,0.0631629228591919,0.995765452437323,0.9994197267770544,0.9990033568946182,0.968191314981464,0.9880609429117257,0.9843943624208948,0.09542989730834961,0.04698371887207031,0.061390042304992676,0.9977271654586983,0.9994483608758984,0.9990584810489367,-0.7047151327133179,0.9668900966644287,-0.0032576601952314377,0.5584343112244898,0.6681857717158064,
11,client_9,False,flip_global,raw,random,0.840903639793396,0.06502270698547363,0.13135766983032227,0.057291269302368164,0.9989438492317342,0.9957002073489178,0.9991799323481894,0.9839404174784081,0.9679523357178013,0.9858296079884252,0.08592772483825684,0.13626444339752197,0.05776965618133545,0.998156658929211,0.9953741124471578,0.9991661885047982,-0.8867393732070923,0.9431841373443604,-0.03228103742003441,0.5979751275510204,0.4361302196931807,
11,client_0,True,flip_global,raw,pretrained,0.9141275882720947,0.09848642349243164,0.04944157600402832,0.0687718391418457,0.99757950917969,0.9993891626267086,0.998818656260289,0.9758258325669604,0.9877532690420832,0.9830262660239057,0.12496185302734375,0.05005824565887451,0.07070648670196533,0.9961075347684285,0.9993738372258281,0.998751318822529,-0.9560852646827698,0.9145199060440063,-0.05348287150263786,0.6394292091836735,-0.31360529631512785,0.4298832416534424
11,client_1,True,flip_global,raw,pretrained,0.9379391074180603,0.125502347946167,0.057848215103149414,0.09011375904083252,0.9960738893872076,0.999163920644287,0.9979729645469633,0.9693478352356035,0.9856933354206472,0.977846663409724,0.1486797332763672,0.05832529067993164,0.09311115741729736,0.9944964074775056,0.999150082276008,0.9978360963799482,-1.2675020694732666,0.9459954500198364,-0.04547587037086487,0.6118463010204082,-0.189619821734896,0.44460606575012207
11,client_2,False,flip_global,raw,pretrained,0.8771139979362488,0.05740094184875488,0.030088186264038086,0.05210530757904053,0.9991767915763763,0.9997737136733014,0.9993216045936233,0.9858027712575574,0.9925201810298754,0.9870998588730844,0.059740662574768066,0.0304415225982666,0.05209827423095703,0.9991083600244788,0.9997683686731511,0.9993217876322449,-0.8141242861747742,1.0497841835021973,0.029628032818436623,0.4568718112244898,0.5350849157121735,0.3586571216583252
11,client_3,False,flip_global,raw,pretrained,0.9558975696563721,0.07069480419158936,0.024295330047607422,0.04278159141540527,0.9987517310298726,0.9998524505646311,0.9995425908369835,0.9825578836639279,0.9939537263103122,0.9893897981941202,0.076865553855896,0.024064064025878906,0.04336357116699219,0.9985245563949068,0.999855245922868,0.999530065868232,-0.6129305362701416,1.0042533874511719,0.04793498292565346,0.43112244897959184,0.6536879520641845,0.4171011447906494
11,client_4,False,flip_global,raw,pretrained,0.8803491592407227,0.0430302619934082,0.020427346229553223,0.05098998546600342,0.9995372597973464,0.9998956890428052,0.9993503220803657,0.9893286203513727,0.9949126579996987,0.9873733670937668,0.047060370445251465,0.020737528800964355,0.05092287063598633,0.9994465602125013,0.999892497393202,0.9993520303824213,-0.8172205686569214,0.9280893206596375,0.009972442872822285,0.4885204081632653,0.6633068575902059,0.4754842519760132
11,client_5,False,flip_global,raw,pretrained,0.9392264485359192,0.08394789695739746,0.020644545555114746,0.0799107551574707,0.9982405129503424,0.9998934591986783,0.9984054772508995,0.9793388786692212,0.9948587742279871,0.9803177696726568,0.1044234037399292,0.02075815200805664,0.08107614517211914,0.997279501803845,0.9998922834842301,0.9983586879044906,-0.831608235836029,0.956136167049408,0.020094038918614388,0.5066964285714286,0.5142877417812671,0.3719373941421509
11,client_6,False,flip_global,raw,pretrained,0.8854494690895081,0.050833702087402344,0.02979874610900879,0.04169106483459473,0.9993542965533297,0.9997780456373135,0.999565605354205,0.987411701239636,0.9925917344967863,0.9896581561819855,0.04923224449157715,0.029932141304016113,0.04115128517150879,0.9993943218009382,0.9997760543500942,0.9995767773182911,-0.8397704362869263,0.8270548582077026,0.020092029124498367,0.4614955357142857,0.6676994959257507,0.37552332878112793
11,client_7,False,flip_global,raw,pretrained,0.9581767320632935,0.15811538696289062,0.016728878021240234,0.1673896312713623,0.9937790595082248,0.9999300398310733,0.9930318102205733,0.961613404232204,0.9958308628410526,0.9594308703351266,0.12110042572021484,0.016677141189575195,0.1661626100540161,0.9963437290187647,0.9999304718662696,0.9931330691592368,-0.7663341164588928,0.9956448078155518,0.018900517374277115,0.5449617346938775,0.725499547456485,0.44636082649230957
11,client_8,False,flip_global,raw,pretrained,0.9221422672271729,0.0806349515914917,0.020540595054626465,0.06197786331176758,0.9983764807207705,0.9998945293324899,0.9990403773317305,0.980142064756979,0.9948845621827598,0.9846837813534806,0.08310723304748535,0.019869089126586914,0.0631704330444336,0.9982755305528566,0.9999013121294005,0.9990031200524523,-0.7047151327133179,0.9668900966644287,-0.0032576601952314377,0.5584343112244898,0.6681857717158064,0.3858048915863037
11,client_9,False,flip_global,raw,pretrained,0.840903639793396,0.06460511684417725,0.015836119651794434,0.06652498245239258,0.998957360760349,0.9999373072765327,0.9988945240916329,0.9840423175077537,0.9960526950899224,0.9835739642943131,0.08138406276702881,0.015722155570983887,0.06751394271850586,0.9983462127100873,0.9999382063200442,0.9988614400594198,-0.8867393732070923,0.9431841373443604,-0.03228103742003441,0.5979751275510204,0.4361302196931807,0.3978385925292969
11,client_0,True,flip_global,clip01,random,0.9141275882720947,0.07327842712402344,0.0478055477142334,0.05869483947753906,0.9986589184337813,0.9994289021345428,0.9991392849815868,0.9819291100428476,0.9881549066190078,0.9854862389259682,0.08701920509338379,0.04743349552154541,0.06033068895339966,0.998109598984023,0.999437753079476,0.9990906726263991,-0.9560852646827698,0.9145199060440063,-0.05348287150263786,0.6394292091836735,-0.31360529631512785,
11,client_1,True,flip_global,clip01,random,0.9379391074180603,0.09553265571594238,0.08190417289733887,0.03965330123901367,0.9977222764407738,0.9983250337301035,0.999607019788747,0.9765380392174783,0.9798342396235362,0.9901599041153741,0.10583269596099854,0.08162510395050049,0.04063427448272705,0.9972057299278101,0.9983364141598796,0.9995873416939947,-1.2675020694732666,0.9459954500198364,-0.04547587037086487,0.6118463010204082,-0.189619821734896,
11,client_2,False,flip_global,clip01,random,0.8771139979362488,0.03428781032562256,0.03406870365142822,0.05340170860290527,0.9997061512921397,0.999709893994466,0.9992874454093852,0.9914828481436961,0.9915369286058926,0.9867820878898437,0.04053521156311035,0.03475046157836914,0.053969383239746094,0.9995893506744087,0.9996981696985903,0.9992722239060046,-0.8141242861747742,1.0497841835021973,0.029628032818436623,0.4568718112244898,0.5350849157121735,
11,client_3,False,flip_global,clip01,random,0.9558975696563721,0.1165231466293335,0.03371584415435791,0.052533507347106934,0.9966142114047913,0.9997158710247265,0.9993104145053782,0.9714937252525078,0.9916240315811982,0.9869948825003003,0.11055076122283936,0.03323185443878174,0.05222880840301514,0.9969516197547608,0.999723968121162,0.9993183865415642,-0.6129305362701416,1.0042533874511719,0.04793498292565346,0.43112244897959184,0.6536879520641845,
11,client_4,False,flip_global,clip01,random,0.8803491592407227,0.07133114337921143,0.028244853019714355,0.05246424674987793,0.9987291795358513,0.9998005868986855,0.9993122306793922,0.9824029623796198,0.9929760099386256,0.9870118611174465,0.06674981117248535,0.028471827507019043,0.051059842109680176,0.9988870455517858,0.9997973695591944,0.9993485416046692,-0.8172205686569214,0.9280893206596375,0.009972442872822285,0.4885204081632653,0.6633068575902059,
11,client_5,False,flip_global,clip01,random,0.9392264485359192,0.06165003776550293,0.02804863452911377,0.08408677577972412,0.999050494923414,0.9998033475342245,0.9982346942526668,0.9847638664791001,0.9930245503504429,0.9793052306496983,0.0798945426940918,0.02871406078338623,0.08848917484283447,0.9984061234119934,0.9997939075394537,0.9980452868999155,-0.831608235836029,0.956136167049408,0.020094038918614388,0.5066964285714286,0.5142877417812671,
11,client_6,False,flip_global,clip01,random,0.8854494690895081,0.11547303199768066,0.04964172840118408,0.07713568210601807,0.9966748107379795,0.9993842092469938,0.9985141794637358,0.9717451521713776,0.9877041493487735,0.9809914972234746,0.11160123348236084,0.049520254135131836,0.07554912567138672,0.99689354774426,0.9993872178798537,0.9985746080457394,-0.8397704362869263,0.8270548582077026,0.020092029124498367,0.4614955357142857,0.6676994959257507,
11,client_7,False,flip_global,clip01,random,0.9581767320632935,0.20207691192626953,0.01902639865875244,0.2133502960205078,0.9898688748064801,0.9999095051809732,0.9887168145682819,0.9513334360004422,0.9952603165071903,0.9487238657818904,0.15204691886901855,0.018895268440246582,0.20899689197540283,0.99424539157286,0.9999107481825082,0.98916887241309,-0.7663341164588928,0.9956448078155518,0.018900517374277115,0.5449617346938775,0.725499547456485,
11,client_8,False,flip_global,clip01,random,0.9221422672271729,0.12528812885284424,0.0627671480178833,0.07391107082366943,0.9960872415235553,0.9990157983763739,0.9986356860271881,0.969398947371285,0.9844910055845788,0.9817752362526595,0.14090955257415771,0.061884403228759766,0.07610774040222168,0.9950545445905679,0.9990432672175753,0.9985534742098041,-0.7047151327133179,0.9668900966644287,-0.0032576601952314377,0.5584343112244898,0.6681857717158064,
11,client_9,False,flip_global,clip01,random,0.840903639793396,0.0403437614440918,0.036972641944885254,0.04774808883666992,0.9995932193736394,0.999658343509038,0.9994302735614524,0.9899898529425961,0.990820530452535,0.9881690169690873,0.050171613693237305,0.03730428218841553,0.04840588569641113,0.9993709991840738,0.9996521883889458,0.9994144748144966,-0.8867393732070923,0.9431841373443604,-0.03228103742003441,0.5979751275510204,0.4361302196931807,
11,client_0,True,flip_global,clip01,pretrained,0.9141275882720947,0.11620163917541504,0.0514979362487793,0.07301175594329834,0.9966328224286447,0.9993373201833511,0.9986686517359955,0.9715706927857668,0.9872487892338992,0.9819939815752918,0.14009130001068115,0.05201220512390137,0.07422077655792236,0.9951116035391072,0.9993240255313922,0.9986242402691001,-0.9560852646827698,0.9145199060440063,-0.05348287150263786,0.6394292091836735,-0.31360529631512785,
11,client_1,True,flip_global,clip01,pretrained,0.9379391074180603,0.14840483665466309,0.05682814121246338,0.0915060043334961,0.9945166563402235,0.9991931292048786,0.9979099448339046,0.9639066170008492,0.9859429469271348,0.9775101951021143,0.16680818796157837,0.056961774826049805,0.09325718879699707,0.9930798843000221,0.9991893322764429,0.9978293145811807,-1.2675020694732666,0.9459954500198364,-0.04547587037086487,0.6118463010204082,-0.189619821734896,
11,client_2,False,flip_global,clip01,pretrained,0.8771139979362488,0.059720635414123535,0.03557538986206055,0.04459834098815918,0.9991089573426062,0.9996836729761824,0.9995029323802564,0.9852354019703256,0.9911651339174656,0.9889429728641008,0.05992484092712402,0.0357518196105957,0.044562578201293945,0.9991028574661938,0.999680528415859,0.9995037289471749,-0.8141242861747742,1.0497841835021973,0.029628032818436623,0.4568718112244898,0.5350849157121735,
11,client_3,False,flip_global,clip01,pretrained,0.9558975696563721,0.07600140571594238,0.023110508918762207,0.044698238372802734,0.9985575090707777,0.9998664894646836,0.9995007039228896,0.9812670750349199,0.9942473140142296,0.9889184121181895,0.08267128467559814,0.0228959321975708,0.045143961906433105,0.9982935517985525,0.9998689569528365,0.9994907002991915,-0.6129305362701416,1.0042533874511719,0.04793498292565346,0.43112244897959184,0.6536879520641845,
11,client_4,False,flip_global,clip01,pretrained,0.8803491592407227,0.037062883377075195,0.021307945251464844,0.04976320266723633,0.9996566740990882,0.999886502529473,0.9993811932565688,0.9907982804412552,0.9946942221956017,0.9876743399583743,0.04316365718841553,0.02163827419281006,0.049901723861694336,0.9995343873348528,0.999882956547882,0.9993777450425112,-0.8172205686569214,0.9280893206596375,0.009972442872822285,0.4885204081632653,0.6633068575902059,
11,client_5,False,flip_global,clip01,pretrained,0.9392264485359192,0.07815718650817871,0.02017366886138916,0.07525634765625,0.998474610909156,0.9998982635345661,0.9985856226760073,0.980743417303066,0.9949755969493603,0.9814481536475719,0.0951763391494751,0.02017366886138916,0.0763159990310669,0.9977392068390627,0.9998982635345661,0.9985455555805496,-0.831608235836029,0.956136167049408,0.020094038918614388,0.5066964285714286,0.5142877417812671,
11,client_6,False,flip_global,clip01,pretrained,0.8854494690895081,0.04950761795043945,0.029130935668945312,0.03929769992828369,0.9993875304260402,0.9997878808986935,0.9996140344585633,0.987737061185954,0.992756855677104,0.9902475010923408,0.04766833782196045,0.029130935668945312,0.03880620002746582,0.9994321743278292,0.9997878808986935,0.9996236259866838,-0.8397704362869263,0.8270548582077026,0.020092029124498367,0.4614955357142857,0.6676994959257507,
11,client_7,False,flip_global,clip01,pretrained,0.9581767320632935,0.19977784156799316,0.015496611595153809,0.2126854658126831,0.9900963854027787,0.9999399664604236,0.9887864333180074,0.9518669503541226,0.9961370753755605,0.9488774624521925,0.1653749942779541,0.015522003173828125,0.21343159675598145,0.993197682032166,0.9999397695752843,0.9887082866284889,-0.7663341164588928,0.9956448078155518,0.018900517374277115,0.5449617346938775,0.725499547456485,
11,client_8,False,flip_global,clip01,pretrained,0.9221422672271729,0.07921218872070312,0.018911361694335938,0.05498051643371582,0.9984332008735464,0.9999105960949628,0.9992447138191438,0.9804873010273432,0.9952888721245914,0.9863953012465043,0.08013641834259033,0.018288612365722656,0.0557246208190918,0.9983964697109502,0.9999163869081662,0.9992241434197084,-0.7047151327133179,0.9668900966644287,-0.0032576601952314377,0.5584343112244898,0.6681857717158064,
11,client_9,False,flip_global,clip01,pretrained,0.840903639793396,0.07367420196533203,0.011229991912841797,0.07292366027832031,0.9986444077934686,0.9999684725659135,0.9986718593965327,0.9818328440773285,0.9971984026942149,0.9820154135040133,0.088997483253479,0.011128067970275879,0.07428586483001709,0.9980227988908665,0.9999690422446179,0.9986218287485022,-0.8867393732070923,0.9431841373443604,-0.03228103742003441,0.5979751275510204,0.4361302196931807,
12,client_0,True,orig,raw,random,0.9306774139404297,0.04137146472930908,0.034151315689086914,0.035294175148010254,0.9995722377615288,0.9997084856603276,0.9996886530219808,0.9897368244249178,0.991516537574523,0.9912345114767953,0.03201782703399658,0.03368031978607178,0.03527116775512695,0.9997437639413511,0.9997164693214504,0.9996890587137055,-0.7028493285179138,0.8092111349105835,0.004829396493732929,0.5114795918367347,-0.334522030850541,
12,client_1,True,orig,raw,random,0.9609187841415405,0.0797262191772461,0.04390430450439453,0.04524493217468262,0.9984128243746391,0.9995182771250217,0.9994884203982282,0.980362549446796,0.9891136337725592,0.9887840183266416,0.08857536315917969,0.04428434371948242,0.04628181457519531,0.9980414828685844,0.9995099044451607,0.9994647134058954,-0.744018018245697,1.0199131965637207,0.006347193848341703,0.5070950255102041,-0.23444847811425837,
12,client_2,False,orig,raw,random,0.9658443331718445,0.06476891040802002,0.0437014102935791,0.09828054904937744,0.9989520714064102,0.9995227176023416,0.9975895998301045,0.9840023468388759,0.9891635330285884,0.9758754473209239,0.05805826187133789,0.04339599609375,0.09773015975952148,0.9991578418584373,0.999529363071147,0.9976164734619373,-0.7287179827690125,1.2130348682403564,0.028267186135053635,0.43837691326530615,0.5330972208327134,
12,client_3,False,orig,raw,random,0.9708936214447021,0.15906333923339844,0.03040015697479248,0.1510084867477417,0.993704596520935,0.9997689976433521,0.994323393571646,0.9613899779660844,0.9924430663749406,0.9632909419803821,0.1609889268875122,0.030100464820861816,0.1530238389968872,0.9935519947105382,0.9997735289785927,0.9941715305256398,-0.7190410494804382,1.0821501016616821,0.03587108105421066,0.4317602040816326,0.6384717036196202,
12,client_4,False,orig,raw,random,0.9652388691902161,0.05341625213623047,0.03213620185852051,0.06561517715454102,0.9992870574468966,0.9997418661182489,0.998924530396476,0.9867785238815721,0.9920141053031315,0.9837958705289345,0.05307435989379883,0.03208136558532715,0.06622135639190674,0.9992961498552126,0.9997427461409911,0.9989045837752244,-0.684894323348999,1.174078345298767,0.03158062696456909,0.42147640306122447,0.602456127861604,
12,client_5,False,orig,raw,random,0.9635971188545227,0.08453106880187988,0.0397648811340332,0.10442566871643066,0.9982160151548973,0.9996048057300859,0.9972793840265759,0.979197597524945,0.990132420501032,0.9743961318461452,0.09189879894256592,0.04040706157684326,0.10608959197998047,0.9978919914072981,0.9995919422700628,0.9971921765778551,-0.6540448069572449,0.7738842964172363,0.009311972185969353,0.47887436224489793,0.5338522001497286,
12,client_6,False,orig,raw,random,0.977425217628479,0.07735216617584229,0.0211484432220459,0.10335493087768555,0.9985058371045235,0.9998881952134389,0.9973347791365925,0.9809389145965728,0.9947337819204507,0.974653648405112,0.08681249618530273,0.021370649337768555,0.10456418991088867,0.9981185567232442,0.999885833613136,0.9972721762008843,-0.7138232588768005,0.7311514019966125,-0.008536556735634804,0.5552455357142857,0.7285640528729194,
12,client_7,False,orig,raw,random,0.9584296941757202,0.18083059787750244,0.035158753395080566,0.1827356219291687,0.9918749285167214,0.9996910371271526,0.991703906329654,0.9562809532111567,0.9912679235323918,0.9558357643945234,0.20791155099868774,0.03462803363800049,0.18650245666503906,0.9892801705569059,0.9997002922072169,0.991360599433986,-0.6922874450683594,1.1456159353256226,0.05068782716989517,0.36503507653061223,0.727414396780924,
12,client_8,False,orig,raw,random,0.963047981262207,0.09432542324066162,0.032492756843566895,0.10102319717407227,0.9977793839333464,0.9997361074292845,0.9974534525689316,0.976829349387704,0.9919260382094655,0.9752147929584791,0.12103331089019775,0.03243398666381836,0.10470950603485107,0.9963477694597682,0.9997370609914804,0.9972646046218911,-0.7122089266777039,1.020635962486267,0.010954998433589935,0.5151466836734694,0.6468894731299768,
12,client_9,False,orig,raw,random,0.9748095870018005,0.0757366418838501,0.04492175579071045,0.036534667015075684,0.9985675311083853,0.9994956997844642,0.9996663880227605,0.9813314173865626,0.9888634614969489,0.9909285286077594,0.08015894889831543,0.04545903205871582,0.03630244731903076,0.9983955689965283,0.9994835692139097,0.9996706144734209,-0.763946533203125,0.9702473282814026,0.006669839844107628,0.49545599489795916,0.4807961679392513,
12,client_0,True,orig,raw,pretrained,0.9306774139404297,0.06942903995513916,0.017645597457885742,0.08226799964904785,0.9987959904385968,0.9999221627668633,0.9983101388423503,0.9828661519656539,0.99560315387453,0.9797460272269938,0.09188985824584961,0.017657756805419922,0.08579891920089722,0.9978924009087704,0.9999220554629633,0.9981621735085282,-0.7028493285179138,0.8092111349105835,0.004829396493732929,0.5114795918367347,-0.334522030850541,0.3924332857131958
12,client_1,True,orig,raw,pretrained,0.9609187841415405,0.04491782188415527,0.023690104484558105,0.06775808334350586,0.9994957880727675,0.9998597095001949,0.9988531978579598,0.9888644285882717,0.9941036793473672,0.9832733244737113,0.06350648403167725,0.024093151092529297,0.07107937335968018,0.9989924935716747,0.9998548958109625,0.9987381261888426,-0.744018018245697,1.0199131965637207,0.006347193848341703,0.5070950255102041,-0.23444847811425837,0.6603851914405823
12,client_2,False,orig,raw,pretrained,0.9658443331718445,0.08118879795074463,0.03325510025024414,0.07814395427703857,0.9983541292675604,0.9997235818954424,0.9984751267799217,0.9800077221624863,0.9917377829863783,0.9807466302465124,0.10746580362319946,0.0336078405380249,0.07936465740203857,0.9971190155004153,0.9997176880528731,0.9984271706007919,-0.7287179827690125,1.2130348682403564,0.028267186135053635,0.43837691326530615,0.5330972208327134,0.4106292724609375
12,client_3,False,orig,raw,pretrained,0.9708936214447021,0.08844149112701416,0.019083499908447266,0.08336663246154785,0.9980473898997031,0.999908961224333,0.9982647627484957,0.9782510355422276,0.9952461427245545,0.9794797281836223,0.08268594741821289,0.018822669982910156,0.08364784717559814,0.9982929472021151,0.9999114326572494,0.9982530516689196,-0.7190410494804382,1.0821501016616821,0.03587108105421066,0.4317602040816326,0.6384717036196202,0.40476953983306885
12,client_4,False,orig,raw,pretrained,0.9652388691902161,0.03464090824127197,0.03072512149810791,0.0632784366607666,0.9997000693549416,0.9997640334956979,0.9989997109315596,0.9913957049378128,0.992362749395727,0.9843661581095002,0.052477359771728516,0.031267404556274414,0.06497764587402344,0.9993118870089444,0.9997556321490575,0.9989453114039251,-0.684894323348999,1.174078345298767,0.03158062696456909,0.42147640306122447,0.602456127861604,0.525911808013916
12,client_5,False,orig,raw,pretrained,0.9635971188545227,0.09655988216400146,0.013017058372497559,0.09617912769317627,0.9976731160765502,0.9999576403936321,0.9976913988870795,0.976290267929665,0.9967536611747374,0.9763820964814505,0.10179877281188965,0.01293802261352539,0.09747934341430664,0.9974142779070956,0.999958153206125,0.9976286702685682,-0.6540448069572449,0.7738842964172363,0.009311972185969353,0.47887436224489793,0.5338522001497286,0.4279574155807495
12,client_6,False,orig,raw,pretrained,0.977425217628479,0.09632909297943115,0.023871660232543945,0.12913239002227783,0.9976842065180009,0.9998575511800161,0.9958442050619158,0.9763459270194643,0.9940586928263668,0.9684823312877056,0.09440553188323975,0.023627638816833496,0.1320592164993286,0.9977756167823764,0.999860448278719,0.995654306801643,-0.7138232588768005,0.7311514019966125,-0.008536556735634804,0.5552455357142857,0.7285640528729194,0.5416156053543091
12,client_7,False,orig,raw,pretrained,0.9584296941757202,0.12114369869232178,0.03785216808319092,0.08459603786468506,0.9963411227285419,0.9996418995488932,0.9982132755010018,0.9703885950109545,0.9906037056220722,0.979181859798492,0.13161683082580566,0.03805720806121826,0.08512341976165771,0.9956832791621184,0.9996380105359766,0.9981909590794396,-0.6922874450683594,1.1456159353256226,0.05068782716989517,0.36503507653061223,0.727414396780924,0.41645169258117676
12,client_8,False,orig,raw,pretrained,0.963047981262207,0.0765993595123291,0.03236067295074463,0.08601319789886475,0.9985347467508823,0.999738248108444,0.998152995014572,0.9811217848534473,0.9919586608267577,0.9788386696713192,0.061600446701049805,0.031642794609069824,0.0870058536529541,0.9990520207800144,0.9997497303734266,0.9981101782091837,-0.7122089266777039,1.020635962486267,0.010954998433589935,0.5151466836734694,0.6468894731299768,0.4356786012649536
12,client_9,False,orig,raw,pretrained,0.9748095870018005,0.07653343677520752,0.014728069305419922,0.08044552803039551,0.9985372649439483,0.9999457731991441,0.9983840903042553,0.9811378011067102,0.9963281261247701,0.9801880182345706,0.09160685539245605,0.014725208282470703,0.08181440830230713,0.9979053425353028,0.9999457942640566,0.9983286985460156,-0.763946533203125,0.9702473282814026,0.006669839844107628,0.49545599489795916,0.4807961679392513,0.4050370454788208
12,client_0,True,orig,clip01,random,0.9306774139404297,0.04778003692626953,0.03138530254364014,0.02568984031677246,0.9994295112285609,0.9997537861714532,0.9998350284406803,0.9881611713429268,0.9921996116211966,0.993608346179329,0.0579988956451416,0.031668663024902344,0.025930404663085938,0.9991595621540659,0.9997493210854713,0.9998319247184848,-0.7028493285179138,0.8092111349105835,0.004829396493732929,0.5114795918367347,-0.334522030850541,
12,client_1,True,orig,clip01,random,0.9609187841415405,0.06490647792816162,0.0348660945892334,0.06262564659118652,0.9989476186494801,0.9996961581197101,0.9990202276588362,0.983968778014193,0.991340135815679,0.9845255618821938,0.08561873435974121,0.034659624099731445,0.06633466482162476,0.9981698739911258,0.9996997452461525,0.9989008350253601,-0.744018018245697,1.0199131965637207,0.006347193848341703,0.5070950255102041,-0.23444847811425837,
12,client_2,False,orig,clip01,random,0.9658443331718445,0.06274974346160889,0.03506016731262207,0.06162893772125244,0.9990163437119626,0.9996927669794713,0.9990511442957033,0.9844952558818927,0.9912922483364726,0.9847690213838316,0.05362057685852051,0.03492748737335205,0.0601654052734375,0.9992815957478156,0.9996950874031736,0.9990956448645443,-0.7287179827690125,1.2130348682403564,0.028267186135053635,0.43837691326530615,0.5330972208327134,
12,client_3,False,orig,clip01,random,0.9708936214447021,0.0629950761795044,0.03343605995178223,0.041815996170043945,0.9990086428037053,0.9997205660500468,0.9995629988964252,0.9844353466984708,0.991693104161971,0.9896274074015599,0.05119788646697998,0.03306281566619873,0.04113471508026123,0.9993450160363884,0.9997267685595428,0.9995771179736357,-0.7190410494804382,1.0821501016616821,0.03587108105421066,0.4317602040816326,0.6384717036196202,
12,client_4,False,orig,clip01,random,0.9652388691902161,0.06033897399902344,0.023647189140319824,0.05709576606750488,0.9990904230288715,0.9998602172675797,0.9991855162545697,0.9850842464773237,0.9941143135084418,0.985877450097558,0.043734073638916016,0.02269458770751953,0.05695152282714844,0.9995220041299728,0.9998712513557082,0.9991896238813012,-0.684894323348999,1.174078345298767,0.03158062696456909,0.42147640306122447,0.602456127861604,
12,client_5,False,orig,clip01,random,0.9635971188545227,0.08622395992279053,0.019871115684509277,0.0762934684753418,0.9981439449453684,0.9999012919984245,0.9985464133004192,0.9787876453787265,0.995050670105261,0.9811961059000158,0.10125350952148438,0.020483732223510742,0.07634162902832031,0.9974418504262579,0.9998951124303315,0.9985445795608989,-0.6540448069572449,0.7738842964172363,0.009311972185969353,0.47887436224489793,0.5338522001497286,
12,client_6,False,orig,clip01,random,0.977425217628479,0.08960211277008057,0.037015318870544434,0.07911324501037598,0.9979958828182458,0.9996575545193498,0.9984371080106977,0.9779703582638062,0.9908100078966935,0.980511316705428,0.09499108791351318,0.037049293518066406,0.0791698694229126,0.9977479842336214,0.9996569257629839,0.9984348725933359,-0.7138232588768005,0.7311514019966125,-0.008536556735634804,0.5552455357142857,0.7285640528729194,
12,client_7,False,orig,clip01,random,0.9584296941757202,0.06062018871307373,0.04996347427368164,0.09474515914916992,0.9990819308088521,0.9993762048037769,0.9977596103501456,0.9850155138593664,0.9876251969041803,0.9767280505916227,0.06896865367889404,0.050827741622924805,0.09589195251464844,0.9988118909680548,0.9993544478940011,0.9977051408147426,-0.6922874450683594,1.1456159353256226,0.05068782716989517,0.36503507653061223,0.727414396780924,
12,client_8,False,orig,clip01,random,0.963047981262207,0.03582584857940674,0.043740034103393555,0.06553661823272705,0.999679204346694,0.999521873876855,0.998927102033125,0.9911033502031756,0.9891540337016822,0.9838150349817765,0.02632296085357666,0.04335379600524902,0.06539201736450195,0.9998267979354829,0.9995302776379726,0.9989318275331964,-0.7122089266777039,1.020635962486267,0.010954998433589935,0.5151466836734694,0.6468894731299768,
12,client_9,False,orig,clip01,random,0.9748095870018005,0.07663047313690186,0.01861584186553955,0.04174482822418213,0.9985335574867948,0.999913368237118,0.9995644846366947,0.9811142257816239,0.9953622346252602,0.9896449234681246,0.08016777038574219,0.018771886825561523,0.04120516777038574,0.9983952162672107,0.9999119098865861,0.9995756686284958,-0.763946533203125,0.9702473282814026,0.006669839844107628,0.49545599489795916,0.4807961679392513,
12,client_0,True,orig,clip01,pretrained,0.9306774139404297,0.06673634052276611,0.01622307300567627,0.07699108123779297,0.9988874943379598,0.9999342062223593,0.998519738789351,0.9835224237169073,0.9959565359710654,0.9810266222269939,0.08230763673782349,0.016289472579956055,0.08005750179290771,0.9983085121517319,0.9999336665710443,0.9983996226072205,-0.7028493285179138,0.8092111349105835,0.004829396493732929,0.5114795918367347,-0.334522030850541,
12,client_1,True,orig,clip01,pretrained,0.9609187841415405,0.047209978103637695,0.025514960289001465,0.07106703519821167,0.9994430372569647,0.9998372665647206,0.9987385638156514,0.9883011771230086,0.9936516490629426,0.9824672569369823,0.06648969650268555,0.025838613510131836,0.07494163513183594,0.9988956955347563,0.9998331124045148,0.9985974150141359,-0.744018018245697,1.0199131965637207,0.006347193848341703,0.5070950255102041,-0.23444847811425837,
12,client_2,False,orig,clip01,pretrained,0.9658443331718445,0.09958171844482422,0.03382670879364014,0.0850973129272461,0.9975254724207174,0.9997139998049511,0.9981920670480398,0.9755619353896969,0.9915966635311433,0.979060446619012,0.12173378467559814,0.033847928047180176,0.08624064922332764,0.9963054905112396,0.9997136409577296,0.9981432273698299,-0.7287179827690125,1.2130348682403564,0.028267186135053635,0.43837691326530615,0.5330972208327134,
12,client_3,False,orig,clip01,pretrained,0.9708936214447021,0.09536206722259521,0.017879128456115723,0.09464824199676514,0.9977303898010415,0.9999200889810638,0.9977641838199385,0.976579195010826,0.9955451583138781,0.9767514391149765,0.09908294677734375,0.017756938934326172,0.09581184387207031,0.9975501530596453,0.9999211774399779,0.9977089668996335,-0.7190410494804382,1.0821501016616821,0.03587108105421066,0.4317602040816326,0.6384717036196202,
12,client_4,False,orig,clip01,pretrained,0.9652388691902161,0.04046833515167236,0.03491652011871338,0.07087242603302002,0.999590704148275,0.9996952788148754,0.9987454564685783,0.9899591767604057,0.9913276929734947,0.9825146366791198,0.0620538592338562,0.03547060489654541,0.07287001609802246,0.9990380242508392,0.9996855332337791,0.9986738107509037,-0.684894323348999,1.174078345298767,0.03158062696456909,0.42147640306122447,0.602456127861604,
12,client_5,False,orig,clip01,pretrained,0.9635971188545227,0.11253082752227783,0.011723875999450684,0.11002624034881592,0.996841704346745,0.9999656385684441,0.996980412524564,0.9724501190909998,0.9970754615773378,0.9730508359500083,0.11351633071899414,0.011638641357421875,0.11082053184509277,0.9967862777549932,0.9999661363669221,0.996936758272355,-0.6540448069572449,0.7738842964172363,0.009311972185969353,0.47887436224489793,0.5338522001497286,
12,client_6,False,orig,clip01,pretrained,0.977425217628479,0.11146092414855957,0.02782285213470459,0.1563551425933838,0.9969013357827119,0.9998065003109591,0.9939161704794481,0.9727066636934265,0.9930804086681708,0.9620284894582669,0.11202824115753174,0.02772665023803711,0.16176563501358032,0.9968697864528182,0.9998078359164155,0.9934899313428187,-0.7138232588768005,0.7311514019966125,-0.008536556735634804,0.5552455357142857,0.7285640528729194,
12,client_7,False,orig,clip01,pretrained,0.9584296941757202,0.1382274627685547,0.03962695598602295,0.09390151500701904,0.9952403514079984,0.9996075416457875,0.9977992655577523,0.966318900040726,0.9901663934691391,0.9769316711384679,0.15510070323944092,0.039754509925842285,0.09447526931762695,0.9940129630712369,0.9996050117859485,0.9977723347565419,-0.6922874450683594,1.1456159353256226,0.05068782716989517,0.36503507653061223,0.727414396780924,
12,client_8,False,orig,clip01,pretrained,0.963047981262207,0.08858048915863037,0.029654502868652344,0.09546804428100586,0.9980412565100667,0.9997801888593341,0.9977253511199358,0.9782174147783149,0.9926273962394048,0.9765536269195232,0.07118308544158936,0.02925395965576172,0.0963212251663208,0.9987344445948119,0.9997860857867833,0.9976845841366944,-0.7122089266777039,1.020635962486267,0.010954998433589935,0.5151466836734694,0.6468894731299768,
12,client_9,False,orig,clip01,pretrained,0.9748095870018005,0.08358550071716309,0.014467597007751465,0.08744072914123535,0.9982556514481284,0.9999476742127871,0.9980912665810258,0.9794266893996457,0.9963928890060927,0.9784931504866012,0.09266769886016846,0.014447331428527832,0.08900296688079834,0.9978566261837776,0.9999478206957484,0.998022555592265,-0.763946533203125,0.9702473282814026,0.006669839844107628,0.49545599489795916,0.4807961679392513,
12,client_0,True,flip,raw,random,0.9131084680557251,0.29408085346221924,0.10474586486816406,0.22146332263946533,0.9787248059717322,0.9972627085432084,0.9878503579078146,0.9303467846362876,0.9743191432838585,0.9468525079598304,0.3247777819633484,0.1048206090927124,0.2255924940109253,0.9741425148704066,0.9972588086522076,0.9873974078447461,-0.7086186408996582,0.7848036885261536,-0.005312252789735794,0.5596301020408163,-0.334522030850541,
12,client_1,True,flip,raw,random,0.9567328691482544,0.09408855438232422,0.05208587646484375,0.03688704967498779,0.9977905042322219,0.9993221102165533,0.9996599231556809,0.9768865221283958,0.987104622953336,0.9908416348548337,0.08908820152282715,0.050530076026916504,0.03737986087799072,0.9980187719698408,0.9993619833177236,0.9996507779941746,-0.7692420482635498,0.7748115658760071,0.008971036411821842,0.5023915816326531,-0.23444847811425837,
12,client_2,False,flip,raw,random,0.8997410535812378,0.13115918636322021,0.08393585681915283,0.0989612340927124,0.995713149857729,0.9982410169532843,0.9975561570770297,0.9679995908918078,0.979341795875408,0.9757114199254948,0.15548551082611084,0.08536028861999512,0.09990310668945312,0.9939833527047275,0.9981808909686483,0.997509504051308,-0.864531397819519,0.8438706398010254,-0.03470398485660553,0.5703922193877551,0.5330972208327134,
12,client_3,False,flip,raw,random,0.9048777222633362,0.19309687614440918,0.041841864585876465,0.12636876106262207,0.9907431723215057,0.999562458227168,0.9960196564895432,0.9534198662010533,0.989621040705372,0.969141152526757,0.15317070484161377,0.04182767868041992,0.12126791477203369,0.9941603863942814,0.9995627547645625,0.9963336361956174,-0.6898045539855957,0.8470362424850464,-0.03617832437157631,0.5722257653061225,0.6384717036196202,
12,client_4,False,flip,raw,random,0.8787721991539001,0.10797345638275146,0.06657063961029053,0.09683513641357422,0.9970917920529256,0.9988930074198974,0.9976598544333228,0.973543604878373,0.9835628302561137,0.9762238914934447,0.13423562049865723,0.0663536787033081,0.09875369071960449,0.9955103746452261,0.9989002053351896,0.9975663781770037,-0.8175212144851685,0.8068179488182068,-0.05399378016591072,0.6332110969387755,0.602456127861604,
12,client_5,False,flip,raw,random,0.9515720009803772,0.07298970222473145,0.02526688575744629,0.05642437934875488,0.998669455098206,0.9998404152240798,0.9992045472316031,0.9819993467419099,0.9937130808463503,0.9860417734331672,0.0747600793838501,0.025392770767211914,0.056032657623291016,0.9986041955596052,0.9998388212847769,0.9992155471505642,-0.7229359745979309,0.8930647969245911,-0.010920318774878979,0.54296875,0.5338522001497286,
12,client_6,False,flip,raw,random,0.9442437887191772,0.09751665592193604,0.050011277198791504,0.05645716190338135,0.9976268577900147,0.9993750111512332,0.9992036231995696,0.9760595750025827,0.9876134674676149,0.9860337488783315,0.08464324474334717,0.04969155788421631,0.05584681034088135,0.9982112835401575,0.999382972959399,0.9992207391791632,-0.6426382660865784,0.7675856947898865,0.006066336762160063,0.4937021683673469,0.7285640528729194,
12,client_7,False,flip,raw,random,0.945183277130127,0.18926358222961426,0.050917983055114746,0.09377741813659668,0.9911046193302868,0.9993521547003543,0.9978050689640363,0.9543125918667632,0.987391028009382,0.9769616283288907,0.16222262382507324,0.05032038688659668,0.09122586250305176,0.9934532785081875,0.9993672650915197,0.9979227025638446,-0.7458656430244446,0.8981580138206482,-0.048418931663036346,0.5792410714285714,0.727414396780924,
12,client_8,False,flip,raw,random,0.9334180951118469,0.08228564262390137,0.05737137794494629,0.07553267478942871,0.9983094148778373,0.9991776388091058,0.9985752280751701,0.9797417498646843,0.9858100053988088,0.9813809893608312,0.056818246841430664,0.05649971961975098,0.0733482837677002,0.9991934099796491,0.9992024228392773,0.9986563628757863,-0.7123645544052124,0.8347313404083252,-0.012964136898517609,0.5291772959183674,0.6468894731299768,
12,client_9,False,flip,raw,random,0.9484266042709351,0.04415082931518555,0.06642472743988037,0.11129701137542725,0.9995128541242722,0.9988978507945441,0.9969104216653306,0.9890530092069969,0.9835984133291356,0.9727459761604669,0.06740885972976685,0.06731641292572021,0.1128351092338562,0.998864978539785,0.9988680869774387,0.9968246420399132,-0.6998322010040283,0.823165774345398,-0.021243849769234657,0.5906409438775511,0.4807961679392513,
12,client_0,True,flip,raw,pretrained,0.9131084680557251,0.12061810493469238,0.026387572288513184,0.10680150985717773,0.9963727164046079,0.9998259467314248,0.9971544468824005,0.9705142098259001,0.9934356055943978,0.9738250976048182,0.11746764183044434,0.026397109031677246,0.10647284984588623,0.9965592432642456,0.9998258209158046,0.9971718960525975,-0.7086186408996582,0.7848036885261536,-0.005312252789735794,0.5596301020408163,-0.334522030850541,0.43756723403930664
12,client_1,True,flip,raw,pretrained,0.9567328691482544,0.047152042388916016,0.025738120079040527,0.09338128566741943,0.9994444028494585,0.9998344078621424,0.9978235431374425,0.9883154077330911,0.9935963918942265,0.9770572645917708,0.06419157981872559,0.026042938232421875,0.09722304344177246,0.9989706556238556,0.999830462902263,0.9976411015879394,-0.7692420482635498,0.7748115658760071,0.008971036411821842,0.5023915816326531,-0.23444847811425837,0.6469547748565674
12,client_2,False,flip,raw,pretrained,0.8997410535812378,0.11538863182067871,0.02936851978302002,0.06941366195678711,0.9966796576693928,0.9997844073779203,0.9987965232557756,0.9717653641845541,0.9926981064860205,0.9828698980653952,0.10504162311553955,0.028643488883972168,0.0691598653793335,0.9972472607766909,0.9997949191852076,0.9988052998176944,-0.864531397819519,0.8438706398010254,-0.03470398485660553,0.5703922193877551,0.5330972208327134,0.5209379196166992
12,client_3,False,flip,raw,pretrained,0.9048777222633362,0.11432600021362305,0.031038284301757812,0.08124947547912598,0.9967403822487604,0.9997591997243254,0.9983516712648821,0.9720198954374992,0.9922853585112941,0.9799930057234827,0.11413025856018066,0.030624866485595703,0.08224570751190186,0.9967515073231106,0.9997655706141988,0.9983110533604262,-0.6898045539855957,0.8470362424850464,-0.03617832437157631,0.5722257653061225,0.6384717036196202,0.5177782773971558
12,client_4,False,flip,raw,pretrained,0.8787721991539001,0.07637202739715576,0.033524394035339355,0.04799675941467285,0.9985434215331894,0.9997190879488689,0.9994243264423448,0.9811770179659018,0.9916712956351257,0.9881079523614766,0.08726489543914795,0.033487796783447266,0.0488276481628418,0.9980989244310854,0.9997197008063272,0.9994042315327689,-0.8175212144851685,0.8068179488182068,-0.05399378016591072,0.6332110969387755,0.602456127861604,0.6915209293365479
12,client_5,False,flip,raw,pretrained,0.9515720009803772,0.07926082611083984,0.02120351791381836,0.10778665542602539,0.9984312784748692,0.999887612181185,0.9971018242524359,0.9804754960538424,0.9947201220177184,0.9735884648759969,0.0949324369430542,0.02175748348236084,0.1125185489654541,0.9977507596369988,0.999881663481827,0.9968423918971805,-0.7229359745979309,0.8930647969245911,-0.010920318774878979,0.54296875,0.5338522001497286,0.43611228466033936
12,client_6,False,flip,raw,pretrained,0.9442437887191772,0.05446195602416992,0.02526402473449707,0.08901596069335938,0.9992588860319147,0.9998404513579531,0.998021979020872,0.9865223164634835,0.9937137893672383,0.9781120944029031,0.0574718713760376,0.025479555130004883,0.09157216548919678,0.9991747571256897,0.9998377178219304,0.9979069261638482,-0.6426382660865784,0.7675856947898865,0.006066336762160063,0.4937021683673469,0.7285640528729194,0.519923210144043
12,client_7,False,flip,raw,pretrained,0.945183277130127,0.1733388900756836,0.07874011993408203,0.10032367706298828,0.9925305178889126,0.9984517984277954,0.9974885306192887,0.9580347299632237,0.9806018897963587,0.9753832309070629,0.18564879894256592,0.0804753303527832,0.1011497974395752,0.9914389993674471,0.9983828942565107,0.9974470782384866,-0.7458656430244446,0.8981580138206482,-0.048418931663036346,0.5792410714285714,0.727414396780924,0.616824746131897
12,client_8,False,flip,raw,pretrained,0.9334180951118469,0.05878007411956787,0.014152765274047852,0.07395672798156738,0.9991367849844328,0.9999499266893563,0.9986340016764053,0.9854653929250725,0.9964711760493057,0.9817641327609403,0.060306549072265625,0.013927459716796875,0.07584547996520996,0.9990913996761104,0.9999515082301202,0.9985634155035945,-0.7123645544052124,0.8347313404083252,-0.012964136898517609,0.5291772959183674,0.6468894731299768,0.4449174404144287
12,client_9,False,flip,raw,pretrained,0.9484266042709351,0.06055140495300293,0.03323566913604736,0.05161941051483154,0.9990840116027584,0.9997239047590389,0.9993341917770098,0.9850323248606379,0.9917425806945181,0.9872190004642649,0.06174361705780029,0.033358097076416016,0.051930904388427734,0.9990476122675263,0.9997218673718093,0.9993261360557266,-0.6998322010040283,0.823165774345398,-0.021243849769234657,0.5906409438775511,0.4807961679392513,0.41410624980926514
12,client_0,True,flip,clip01,random,0.9131084680557251,0.12309837341308594,0.1131141185760498,0.13026797771453857,0.9962224343737753,0.9968089567508223,0.9957710247519356,0.9699216496968794,0.972310298621049,0.9682118135865299,0.14177417755126953,0.11464846134185791,0.13129305839538574,0.9949938962662501,0.9967220138463351,0.9957044225866907,-0.7086186408996582,0.7848036885261536,-0.005312252789735794,0.5596301020408163,-0.334522030850541,
12,client_1,True,flip,clip01,random,0.9567328691482544,0.07317137718200684,0.061928629875183105,0.044184207916259766,0.9986628299242306,0.9990419002243218,0.9995121175382569,0.9819551506809243,0.9846958080595016,0.9890448012804707,0.0738610029220581,0.061896443367004395,0.044537901878356934,0.9986375319050904,0.9990428951676296,0.9995042782063273,-0.7692420482635498,0.7748115658760071,0.008971036411821842,0.5023915816326531,-0.23444847811425837,
12,client_2,False,flip,clip01,random,0.8997410535812378,0.08138751983642578,0.029640555381774902,0.07075357437133789,0.9983460723807809,0.9997803955454612,0.9987496566866096,0.9799595263377072,0.9926308446255354,0.9825435741104034,0.0802769660949707,0.029237747192382812,0.07049179077148438,0.9983908468517615,0.999786322784423,0.9987588833485075,-0.864531397819519,0.8438706398010254,-0.03470398485660553,0.5703922193877551,0.5330972208327134,
12,client_3,False,flip,clip01,random,0.9048777222633362,0.09597611427307129,0.04623866081237793,0.0755012035369873,0.9977011177274753,0.9994657107569587,0.9985764138438005,0.9764310635922713,0.9885398000921688,0.98138863843967,0.0884394645690918,0.04578137397766113,0.07447278499603271,0.9980474792522298,0.99947622229754,0.9986148916526756,-0.6898045539855957,0.8470362424850464,-0.03617832437157631,0.5722257653061225,0.6384717036196202,
12,client_4,False,flip,clip01,random,0.8787721991539001,0.13198435306549072,0.03212261199951172,0.08435213565826416,0.9956592164412301,0.9997420843508122,0.9982235496904324,0.9678031569805576,0.9920174621546385,0.9792409432078619,0.12842130661010742,0.03158688545227051,0.08417940139770508,0.9958897070256889,0.9997506138217811,0.9982308081377123,-0.8175212144851685,0.8068179488182068,-0.05399378016591072,0.6332110969387755,0.602456127861604,
12,client_5,False,flip,clip01,random,0.9515720009803772,0.06757593154907227,0.02274346351623535,0.07689642906188965,0.9988593501213074,0.9998706962577841,0.9985233721635451,0.9833177258497157,0.994338290861509,0.9810496152136403,0.09065842628479004,0.02276432514190674,0.0808565616607666,0.9979484246359143,0.9998704589622456,0.9983675555245288,-0.7229359745979309,0.8930647969245911,-0.010920318774878979,0.54296875,0.5338522001497286,
12,client_6,False,flip,clip01,random,0.9442437887191772,0.12433791160583496,0.03489971160888672,0.1359858512878418,0.9961461961625668,0.9996955720575564,0.9953929429804664,0.9696257156071317,0.991331840561519,0.966851434352352,0.1314603090286255,0.035027384757995605,0.13721632957458496,0.995693506978188,0.9996933411272713,0.9953094860487632,-0.6426382660865784,0.7675856947898865,0.006066336762160063,0.4937021683673469,0.7285640528729194,
12,client_7,False,flip,clip01,random,0.945183277130127,0.15902400016784668,0.06510400772094727,0.03888833522796631,0.9937076953452886,0.9989412085765741,0.9996220315251347,0.961399248380475,0.9839205803764155,0.9903483562618238,0.14753341674804688,0.06415665149688721,0.03823518753051758,0.994580601444496,0.9989717746418421,0.9996346177676625,-0.7458656430244446,0.8981580138206482,-0.048418931663036346,0.5792410714285714,0.727414396780924,
12,client_8,False,flip,clip01,random,0.9334180951118469,0.06303536891937256,0.0317457914352417,0.13001024723052979,0.9990073751643236,0.9997480987823308,0.9957876890919242,0.9844255079096138,0.9921105479573484,0.9682731997339402,0.06927299499511719,0.031656503677368164,0.1334935426712036,0.9988013916293919,0.9997495135112979,0.9955597113062282,-0.7123645544052124,0.8347313404083252,-0.012964136898517609,0.5291772959183674,0.6468894731299768,
12,client_9,False,flip,clip01,random,0.9484266042709351,0.023312091827392578,0.03734433650970459,0.08689737319946289,0.9998641504365737,0.9996514412793773,0.9981148811375498,0.9941973544522809,0.990728889910947,0.9786246425931233,0.03882789611816406,0.03788566589355469,0.0892477035522461,0.9996232051354286,0.9996412656269609,0.9980116818966194,-0.6998322010040283,0.823165774345398,-0.021243849769234657,0.5906409438775511,0.4807961679392513,
12,client_0,True,flip,clip01,pretrained,0.9131084680557251,0.12329936027526855,0.02800166606903076,0.1073312759399414,0.9962101239024053,0.9998040054894948,0.9971262083801864,0.9698736557883862,0.9930361699078385,0.973697836650429,0.12397134304046631,0.027916789054870605,0.10738372802734375,0.996168820714783,0.9998051916896078,0.9971234049524278,-0.7086186408996582,0.7848036885261536,-0.005312252789735794,0.5596301020408163,-0.334522030850541,
12,client_1,True,flip,clip01,pretrained,0.9567328691482544,0.05152630805969238,0.025596261024475098,0.09390497207641602,0.99933659016392,0.9998362279741315,0.9977991037783003,0.9872418315791422,0.9936315174451755,0.9769308366159226,0.07278668880462646,0.025759100914001465,0.0980072021484375,0.9986768390183316,0.9998341378156139,0.9976029651553786,-0.7692420482635498,0.7748115658760071,0.008971036411821842,0.5023915816326531,-0.23444847811425837,
12,client_2,False,flip,clip01,pretrained,0.8997410535812378,0.12259483337402344,0.028875231742858887,0.07457852363586426,0.9962531890772144,0.9997915878304078,0.9986109597272219,0.9700419063238932,0.9928200913175784,0.9816129353001979,0.11375415325164795,0.028046250343322754,0.0747537612915039,0.9967728304698598,0.9998033809595201,0.9986044312259201,-0.864531397819519,0.8438706398010254,-0.03470398485660553,0.5703922193877551,0.5330972208327134,
12,client_3,False,flip,clip01,pretrained,0.9048777222633362,0.11377179622650146,0.028693318367004395,0.07412123680114746,0.9967718317662799,0.9997942051394368,0.9986279241458327,0.9721526831704352,0.9928650822168852,0.9817241269647627,0.11973190307617188,0.028522729873657227,0.07534074783325195,0.9964256786900747,0.999796644490563,0.9985824518174544,-0.6898045539855957,0.8470362424850464,-0.03617832437157631,0.5722257653061225,0.6384717036196202,
12,client_4,False,flip,clip01,pretrained,0.8787721991539001,0.08420777320861816,0.03568434715270996,0.05210673809051514,0.9982296169447842,0.999681732832987,0.9993215673624112,0.9792759164077693,0.9911382553801515,0.9870995081446134,0.09496712684631348,0.03568434715270996,0.052867889404296875,0.9977491182931415,0.999681732832987,0.999301612592083,-0.8175212144851685,0.8068179488182068,-0.05399378016591072,0.6332110969387755,0.602456127861604,
12,client_5,False,flip,clip01,pretrained,0.9515720009803772,0.06950259208679199,0.021408677101135254,0.10528373718261719,0.9987934403765486,0.9998854269823798,0.9972345827480817,0.9828482348702279,0.9946692398783412,0.9741898368117847,0.08211898803710938,0.02182185649871826,0.10985207557678223,0.9983162472462179,0.9998809622732909,0.9969899430244304,-0.7229359745979309,0.8930647969245911,-0.010920318774878979,0.54296875,0.5338522001497286,
12,client_6,False,flip,clip01,pretrained,0.9442437887191772,0.051432013511657715,0.02437269687652588,0.08235716819763184,0.999339014855561,0.9998515094508975,0.9983064783042268,0.9872649558334858,0.9939345600505067,0.9797244094938364,0.05511057376861572,0.02454841136932373,0.08387160301208496,0.9992411383449413,0.9998493608960806,0.9982437054164868,-0.6426382660865784,0.7675856947898865,0.006066336762160063,0.4937021683673469,0.7285640528729194,
12,client_7,False,flip,clip01,pretrained,0.945183277130127,0.177321195602417,0.07943868637084961,0.09954392910003662,0.9921854037079401,0.9984242385266058,0.9975273466516821,0.9571018882553364,0.9804323287025298,0.9755710384598271,0.20042407512664795,0.0810997486114502,0.10058903694152832,0.9900326907689136,0.9983577332831026,0.9974752523904287,-0.7458656430244446,0.8981580138206482,-0.048418931663036346,0.5792410714285714,0.727414396780924,
12,client_8,False,flip,clip01,pretrained,0.9334180951118469,0.057742953300476074,0.014522671699523926,0.06976103782653809,0.9991669586708278,0.9999472750867071,0.9987844586945556,0.9857190885359812,0.9963791949092853,0.9827852820916565,0.05987131595611572,0.014328598976135254,0.070709228515625,0.9991044583328172,0.9999486747886388,0.9987512220701575,-0.7123645544052124,0.8347313404083252,-0.012964136898517609,0.5291772959183674,0.6468894731299768,
12,client_9,False,flip,clip01,pretrained,0.9484266042709351,0.057553887367248535,0.03407096862792969,0.05785846710205078,0.9991724015608761,0.9997098554275667,0.9991636244600024,0.9857653475167096,0.9915363695360375,0.9856908272436697,0.058762192726135254,0.0341794490814209,0.05820286273956299,0.9991373097592853,0.999708005276583,0.9991536443149454,-0.6998322010040283,0.823165774345398,-0.021243849769234657,0.5906409438775511,0.4807961679392513,
12,client_0,True,flip_global,raw,random,0.9656574130058289,0.13121581077575684,0.05575573444366455,0.09667789936065674,0.9957094595199405,0.9992232772897722,0.9976674346442469,0.9679861093328253,0.9862054665590207,0.9762618077358065,0.1552976369857788,0.05665910243988037,0.0993950366973877,0.9939978183160791,0.9991979193547365,0.9975347243681498,-0.8163642883300781,1.0385382175445557,-0.006779024843126535,0.5428093112244898,-0.334522030850541,
12,client_1,True,flip_global,raw,random,0.9545597434043884,0.049990177154541016,0.04424917697906494,0.04697299003601074,0.999375538165761,0.9995106822323101,0.9994486126789752,0.9876186447741926,0.9890288254308577,0.9883593898749767,0.04487025737762451,0.043669700622558594,0.04697299003601074,0.9994968549476306,0.9995234097341841,0.9994486126789752,-1.0043373107910156,0.7935613393783569,-0.01099025085568428,0.5358737244897959,-0.23444847811425837,
12,client_2,False,flip_global,raw,random,0.92850261926651,0.09826886653900146,0.07872164249420166,0.06907796859741211,0.9975901718036382,0.9984525241121844,0.9988081250614831,0.9758782628634743,0.9806063753716114,0.9829516787300063,0.11655652523040771,0.0803074836730957,0.07021784782409668,0.996612276309333,0.9983896246468604,0.9987685020862398,-0.7745202779769897,0.8754588961601257,-0.030468545854091644,0.5658482142857143,0.5330972208327134,
12,client_3,False,flip_global,raw,random,0.9229878187179565,0.1574763059616089,0.03405570983886719,0.10028445720672607,0.9938290137292931,0.9997101151971739,0.9974904901721449,0.9617640755399564,0.9915401359105172,0.9753926759773544,0.1416224241256714,0.03422391414642334,0.09733426570892334,0.9950045673123045,0.9997072452200404,0.9976357109646627,-0.8198211789131165,0.7983760237693787,-0.03859072923660278,0.5860969387755102,0.6384717036196202,
12,client_4,False,flip_global,raw,random,0.9068244695663452,0.10036981105804443,0.05998826026916504,0.10224306583404541,0.9974862246400182,0.9991009588243438,0.9973917025486452,0.9753721209241417,0.9851699756657673,0.9749211643683653,0.1260465383529663,0.0593416690826416,0.10564124584197998,0.9960398689940804,0.9991202225155504,0.9972158092856769,-0.7986037135124207,0.7753517031669617,-0.05911606177687645,0.6458864795918368,0.602456127861604,
12,client_5,False,flip_global,raw,random,0.9642118811607361,0.06528139114379883,0.025555729866027832,0.0579303503036499,0.9989354357302225,0.999836746159372,0.9991615462555263,0.9838773015100073,0.9936415536590655,0.9856732411089995,0.06628549098968506,0.02576422691345215,0.05836045742034912,0.9989024627003,0.9998340718049061,0.9991490577200337,-0.6965418457984924,0.8417147397994995,-0.012340775690972805,0.5632971938775511,0.5338522001497286,
12,client_6,False,flip_global,raw,random,0.9611334800720215,0.09067988395690918,0.03925037384033203,0.06570804119110107,0.9979474548542668,0.9996149632644793,0.9989214865195,0.9777098252458778,0.9902591600313964,0.9837732170652538,0.07654595375061035,0.038829922676086426,0.06525444984436035,0.9985367869720447,0.999623165813148,0.9989363135284952,-0.6608311533927917,0.7430055141448975,0.008438549935817719,0.4996811224489796,0.7285640528729194,
12,client_7,False,flip_global,raw,random,0.9506458640098572,0.14393329620361328,0.04308879375457764,0.07650017738342285,0.9948408515443545,0.9995360004981415,0.998538534605456,0.9649653647523169,0.9893142212146362,0.9811458817884935,0.12918329238891602,0.042448997497558594,0.07542228698730469,0.9958409383216953,0.9995496728066606,0.9985793850845439,-0.9717503190040588,0.812747061252594,-0.04040225222706795,0.5605867346938775,0.727414396780924,
12,client_8,False,flip_global,raw,random,0.9569595456123352,0.09545660018920898,0.04281306266784668,0.08204996585845947,0.9977258954971819,0.9995419178565907,0.9983190729250799,0.9765563878798575,0.9893820553345964,0.9797988896465897,0.07944667339324951,0.04236757755279541,0.0810093879699707,0.9984239220210513,0.9995513980830362,0.9983613863468319,-0.6856854557991028,0.7976307272911072,-0.022823309525847435,0.5752551020408163,0.6468894731299768,
12,client_9,False,flip_global,raw,random,0.9593993425369263,0.06429314613342285,0.07845759391784668,0.16228258609771729,0.9989673982378307,0.9984628758554741,0.9934484617051569,0.9841184547002089,0.9806704790538376,0.9606318039041433,0.08780157566070557,0.07977163791656494,0.16612249612808228,0.9980755031161057,0.9984110176392726,0.9931363672133764,-0.7100086212158203,0.7757519483566284,-0.019229847937822342,0.5901626275510204,0.4807961679392513,
12,client_0,True,flip_global,raw,pretrained,0.9656574130058289,0.05223727226257324,0.012378215789794922,0.04179227352142334,0.9993181657210084,0.9999616960438957,0.9995634944240113,0.9870675049587359,0.9969126137081543,0.9896332460387258,0.05942225456237793,0.01237952709197998,0.0426483154296875,0.999117833014763,0.9999616879281414,0.9995454353290434,-0.8163642883300781,1.0385382175445557,-0.006779024843126535,0.5428093112244898,-0.334522030850541,0.38867294788360596
12,client_1,True,flip_global,raw,pretrained,0.9545597434043884,0.050621986389160156,0.020542263984680176,0.10090696811676025,0.9993596613151112,0.9998945121940974,0.9974592977331884,0.9874636357271831,0.9948841481480417,0.9752427768111931,0.05567741394042969,0.02074563503265381,0.10337686538696289,0.9992254566267949,0.999892413338729,0.9973336500267078,-1.0043373107910156,0.7935613393783569,-0.01099025085568428,0.5358737244897959,-0.23444847811425837,0.6649463772773743
12,client_2,False,flip_global,raw,pretrained,0.92850261926651,0.07445287704467773,0.021295547485351562,0.059430837631225586,0.9986156313148271,0.9998866345540409,0.9991175783211439,0.9816434850368061,0.9946972970074011,0.9853062562491091,0.07829880714416504,0.020813822746276855,0.060776352882385254,0.9984690842527513,0.9998917049923326,0.9990771979034623,-0.7745202779769897,0.8754588961601257,-0.030468545854091644,0.5658482142857143,0.5330972208327134,0.4964029788970947
12,client_3,False,flip_global,raw,pretrained,0.9229878187179565,0.11806786060333252,0.018695592880249023,0.09316432476043701,0.9965240832517368,0.9999126244280045,0.9978336284739009,0.9711240548521292,0.995342435716738,0.9771096503253875,0.1286022663116455,0.01856231689453125,0.09526145458221436,0.9958781510202621,0.9999138656626245,0.9977351682873805,-0.8198211789131165,0.7983760237693787,-0.03859072923660278,0.5860969387755102,0.6384717036196202,0.4891622066497803
12,client_4,False,flip_global,raw,pretrained,0.9068244695663452,0.08729338645935059,0.029901862144470215,0.058393120765686035,0.9980976846402965,0.9997765071289424,0.9991481055467821,0.9785288047861656,0.9925662419499683,0.9855600361713848,0.10298037528991699,0.030112504959106445,0.060011863708496094,0.9973540232314908,0.9997733477970634,0.9991002516755292,-0.7986037135124207,0.7753517031669617,-0.05911606177687645,0.6458864795918368,0.602456127861604,0.6852693557739258
12,client_5,False,flip_global,raw,pretrained,0.9642118811607361,0.06447374820709229,0.02380239963531494,0.09189140796661377,0.9989615933740783,0.9998583764876139,0.9978923299313516,0.9840743772578788,0.9940758541001018,0.977417084106043,0.07681190967559814,0.024277210235595703,0.09387314319610596,0.9985266128137649,0.9998526705472954,0.9978005930414491,-0.6965418457984924,0.8417147397994995,-0.012340775690972805,0.5632971938775511,0.5338522001497286,0.4220879077911377
12,client_6,False,flip_global,raw,pretrained,0.9611334800720215,0.05005514621734619,0.030550122261047363,0.09646487236022949,0.9993739147268836,0.9997667133325032,0.9976776849094631,0.9876027034803483,0.9924060003208677,0.9763131807281,0.054816603660583496,0.031165361404418945,0.09947037696838379,0.9992492080254369,0.9997572242762365,0.997530992578177,-0.6608311533927917,0.7430055141448975,0.008438549935817719,0.4996811224489796,0.7285640528729194,0.5006861686706543
12,client_7,False,flip_global,raw,pretrained,0.9506458640098572,0.07344698905944824,0.043729543685913086,0.04656696319580078,0.9986527478164755,0.9995221031104877,0.9994580998273608,0.9818881082883057,0.9891566137522394,0.9884591365598392,0.06990134716033936,0.04346132278442383,0.046929121017456055,0.9987795686583063,0.9995279455486596,0.9994496416764744,-0.9717503190040588,0.812747061252594,-0.04040225222706795,0.5605867346938775,0.727414396780924,0.5723466873168945
12,client_8,False,flip_global,raw,pretrained,0.9569595456123352,0.04401552677154541,0.017380237579345703,0.0513768196105957,0.9995158342350341,0.9999244861124545,0.9993404320559107,0.9890862816703849,0.9956690600357849,0.9872784916464696,0.0444108247756958,0.017696619033813477,0.05109560489654541,0.9995071019479274,0.9999217120157533,0.9993476291567942,-0.6856854557991028,0.7976307272911072,-0.022823309525847435,0.5752551020408163,0.6468894731299768,0.4530625343322754
12,client_9,False,flip_global,raw,pretrained,0.9593993425369263,0.05318009853363037,0.03031480312347412,0.0504155158996582,0.9992933440256189,0.9997702927596364,0.9993648716425201,0.9868363975860825,0.9924641637211853,0.9875142874976424,0.05557429790496826,0.030408263206481934,0.05052220821380615,0.9992283212603847,0.9997688744542759,0.9993621818926801,-0.7100086212158203,0.7757519483566284,-0.019229847937822342,0.5901626275510204,0.4807961679392513,0.4024273157119751
12,client_0,True,flip_global,clip01,random,0.9656574130058289,0.0624537467956543,0.030530333518981934,0.03923678398132324,0.9990255950629814,0.999767015403183,0.9996152297678893,0.9845675442648296,0.9924108912710481,0.9902625079763938,0.07170546054840088,0.030852794647216797,0.03926646709442139,0.9987158199135542,0.9997620687326128,0.9996146475491183,-0.8163642883300781,1.0385382175445557,-0.006779024843126535,0.5428093112244898,-0.334522030850541,
12,client_1,True,flip_global,clip01,random,0.9545597434043884,0.03250241279602051,0.038915157318115234,0.0422896146774292,0.9997359505938384,0.9996215101080266,0.9995530470044145,0.9919236534061799,0.9903417476323981,0.9895108508539334,0.02600383758544922,0.03813052177429199,0.04217541217803955,0.9998309715387319,0.9996366148942566,0.9995554569214751,-1.0043373107910156,0.7935613393783569,-0.01099025085568428,0.5358737244897959,-0.23444847811425837,
12,client_2,False,flip_global,clip01,random,0.92850261926651,0.05043995380401611,0.037735939025878906,0.07649552822113037,0.9993642560556615,0.9996440947564267,0.9985387120412503,0.9875082921366274,0.9906323548612856,0.9811470113541199,0.07286727428436279,0.03788411617279053,0.07984054088592529,0.9986739104483742,0.9996412949666678,0.998408274757441,-0.7745202779769897,0.8754588961601257,-0.030468545854091644,0.5658482142857143,0.5330972208327134,
12,client_3,False,flip_global,clip01,random,0.9229878187179565,0.09868717193603516,0.026753783226013184,0.09309780597686768,0.9975696495875985,0.9998210827829297,0.9978367159032988,0.9757774568008493,0.9933449591653996,0.9771257122904482,0.1051628589630127,0.026758313179016113,0.09417331218719482,0.9972409160173143,0.9998210221973753,0.9977865282927159,-0.8198211789131165,0.7983760237693787,-0.03859072923660278,0.5860969387755102,0.6384717036196202,
12,client_4,False,flip_global,clip01,random,0.9068244695663452,0.11633193492889404,0.025788187980651855,0.09197723865509033,0.9966252861642086,0.9998337630691165,0.9978883970170898,0.9715394994266193,0.9935839950857417,0.9773963497860165,0.12451791763305664,0.025314927101135254,0.09404182434082031,0.9961350620478477,0.99983980786521,0.9977926947905262,-0.7986037135124207,0.7753517031669617,-0.05911606177687645,0.6458864795918368,0.602456127861604,
12,client_5,False,flip_global,clip01,random,0.9642118811607361,0.05753779411315918,0.03455960750579834,0.09520292282104492,0.999172864036237,0.9997014752368905,0.9977379458837361,0.9857692852222746,0.9914157686278289,0.9766175921762621,0.07588303089141846,0.03509867191314697,0.099418044090271,0.9985619941869315,0.9996920919315107,0.9975335850527494,-0.6965418457984924,0.8417147397994995,-0.012340775690972805,0.5632971938775511,0.5338522001497286,
12,client_6,False,flip_global,clip01,random,0.9611334800720215,0.11154699325561523,0.02794015407562256,0.13456416130065918,0.996896559564181,0.999804865510366,0.995488445610152,0.9726860220295046,0.9930513877077709,0.967189410300088,0.1228252649307251,0.02796328067779541,0.13731145858764648,0.996239130482065,0.9998045423909214,0.9953030030765122,-0.6608311533927917,0.7430055141448975,0.008438549935817719,0.4996811224489796,0.7285640528729194,
12,client_7,False,flip_global,clip01,random,0.9506458640098572,0.10336959362030029,0.05349278450012207,0.027074217796325684,0.9973340243775175,0.9992850141368288,0.9998167718659876,0.9746501212692538,0.9867597693366583,0.9932656537192157,0.09886813163757324,0.0523914098739624,0.027245402336120605,0.9975607448230177,0.9993141380522739,0.9998144478391358,-0.9717503190040588,0.812747061252594,-0.04040225222706795,0.5605867346938775,0.727414396780924,
12,client_8,False,flip_global,clip01,random,0.9569595456123352,0.1016089916229248,0.033664822578430176,0.1455366611480713,0.9974238913098263,0.9997167301259562,0.9947257268971437,0.9750737726878929,0.9916366271506425,0.9645855276956292,0.10283851623535156,0.033664822578430176,0.14850401878356934,0.9973612936367378,0.9997167301259562,0.9945093548424757,-0.6856854557991028,0.7976307272911072,-0.022823309525847435,0.5752551020408163,0.6468894731299768,
12,client_9,False,flip_global,clip01,random,0.9593993425369263,0.027523040771484375,0.03570258617401123,0.08821457624435425,0.9998106474517638,0.9996814074815028,0.9980573821087706,0.9931545889583295,0.9911337561257338,0.9783059253108841,0.04857712984085083,0.03620302677154541,0.09038138389587402,0.9994103265301333,0.9996724157190111,0.9979609251103854,-0.7100086212158203,0.7757519483566284,-0.019229847937822342,0.5901626275510204,0.4807961679392513,
12,client_0,True,flip_global,clip01,pretrained,0.9656574130058289,0.05767643451690674,0.013165593147277832,0.046154022216796875,0.9991688756649761,0.9999566681975554,0.9994676641899505,0.9857353633922858,0.9967167091943989,0.9885605973029785,0.06869757175445557,0.013180255889892578,0.04689931869506836,0.9988212041170632,0.9999565716282388,0.9994503401761534,-0.8163642883300781,1.0385382175445557,-0.006779024843126535,0.5428093112244898,-0.334522030850541,
12,client_1,True,flip_global,clip01,pretrained,0.9545597434043884,0.04531216621398926,0.021570801734924316,0.09756588935852051,0.9994868994379824,0.9998836852759612,0.9976244651909449,0.9887674920686402,0.994629033628438,0.9760477062747341,0.05030715465545654,0.02164590358734131,0.09952962398529053,0.9993675976574328,0.9998828740043637,0.9975280559555089,-1.0043373107910156,0.7935613393783569,-0.01099025085568428,0.5358737244897959,-0.23444847811425837,
12,client_2,False,flip_global,clip01,pretrained,0.92850261926651,0.08372318744659424,0.017360210418701172,0.07261359691619873,0.9982499074889404,0.9999246600309086,0.9986831184665101,0.9793933257070295,0.9956740343513166,0.9820908513569788,0.09204435348510742,0.016902804374694824,0.07390332221984863,0.9978853191547401,0.9999285776271649,0.9986359717802447,-0.7745202779769897,0.8754588961601257,-0.030468545854091644,0.5658482142857143,0.5330972208327134,
12,client_3,False,flip_global,clip01,pretrained,0.9229878187179565,0.11968421936035156,0.0180816650390625,0.08785247802734375,0.9964285174694911,0.9999182683577457,0.9980732742679268,0.9707374650005802,0.9954948640728454,0.9783935249428874,0.12962102890014648,0.01797640323638916,0.08991754055023193,0.9958127934112018,0.9999192171264091,0.9979817691331538,-0.8198211789131165,0.7983760237693787,-0.03859072923660278,0.5860969387755102,0.6384717036196202,
12,client_4,False,flip_global,clip01,pretrained,0.9068244695663452,0.08935332298278809,0.03344440460205078,0.06152069568634033,0.9980069800371951,0.9997204265850173,0.9990544720537162,0.9780305138066101,0.9916910439464701,0.9847954663906227,0.10997319221496582,0.03352558612823486,0.06295228004455566,0.9969833169649593,0.9997190679748373,0.9990099883167383,-0.7986037135124207,0.7753517031669617,-0.05911606177687645,0.6458864795918368,0.602456127861604,
12,client_5,False,flip_global,clip01,pretrained,0.9642118811607361,0.059958815574645996,0.025821685791015625,0.08889031410217285,0.9991018405857146,0.9998333309725838,0.998027550800354,0.9851771736971879,0.9935757011601065,0.97814248074102,0.06372940540313721,0.025896906852722168,0.09047424793243408,0.9989854134232385,0.9998323586345701,0.9979567392137771,-0.6965418457984924,0.8417147397994995,-0.012340775690972805,0.5632971938775511,0.5338522001497286,
12,client_6,False,flip_global,clip01,pretrained,0.9611334800720215,0.04475259780883789,0.02966177463531494,0.08641302585601807,0.9994994892100735,0.9997800810613633,0.9981358077600324,0.9889050477054355,0.9926255983700036,0.9787418769839962,0.04908168315887451,0.029854655265808105,0.0883188247680664,0.9993980190186336,0.9997772121225734,0.9980527946883979,-0.6608311533927917,0.7430055141448975,0.008438549935817719,0.4996811224489796,0.7285640528729194,
12,client_7,False,flip_global,clip01,pretrained,0.9506458640098572,0.07341289520263672,0.04200625419616699,0.04020273685455322,0.9986539970437649,0.9995590145575568,0.9995960574063241,0.9818964012222875,0.9895805828142588,0.9900245818634985,0.07402145862579346,0.041670918464660645,0.04042768478393555,0.9986316119049878,0.9995660249411258,0.9995915257573382,-0.9717503190040588,0.812747061252594,-0.04040225222706795,0.5605867346938775,0.727414396780924,
12,client_8,False,flip_global,clip01,pretrained,0.9569595456123352,0.045429348945617676,0.015385270118713379,0.04559504985809326,0.9994842431543669,0.9999408259921472,0.9994804753753352,0.9887386893153665,0.9961647501779438,0.9886979632576107,0.04502272605895996,0.015468716621398926,0.045255064964294434,0.9994934310759767,0.9999401823852676,0.9994881913198115,-0.6856854557991028,0.7976307272911072,-0.022823309525847435,0.5752551020408163,0.6468894731299768,
12,client_9,False,flip_global,clip01,pretrained,0.9593993425369263,0.05432021617889404,0.0279386043548584,0.05706310272216797,0.9992627364506985,0.999804887153148,0.9991864473191796,0.9865570382274023,0.9930517711064739,0.9858854435701239,0.05748152732849121,0.027905583381652832,0.05711865425109863,0.9991744799730458,0.9998053480257476,0.9991848635130292,-0.7100086212158203,0.7757519483566284,-0.019229847937822342,0.5901626275510204,0.4807961679392513,
13,client_0,True,orig,raw,random,0.8475597500801086,0.051444292068481445,0.058376193046569824,0.04509282112121582,0.9993386993755482,0.9991485990751694,0.9994918531139136,0.9872619446645776,0.9855641767603673,0.9888214090499605,0.04394030570983887,0.057531118392944336,0.04276466369628906,0.9995174870687564,0.9991730558400096,0.9995429526144617,-0.9123582243919373,0.958706796169281,0.006159819662570953,0.47791772959183676,-0.17719429101171244,
13,client_1,True,orig,raw,random,0.9128878116607666,0.0795823335647583,0.06433641910552979,0.05948185920715332,0.998418541313328,0.9989660088482324,0.9991160635518124,0.9803974670728535,0.9841078933005452,0.9852937811443492,0.07597553730010986,0.06469845771789551,0.05861330032348633,0.998558489796276,0.9989543481578342,0.9991416732007652,-0.7549768686294556,1.0183043479919434,0.02285669557750225,0.45400191326530615,-0.18244961990094136,
13,client_2,False,orig,raw,random,0.8972472548484802,0.07272481918334961,0.07777905464172363,0.03154563903808594,0.9986790852419443,0.9984893184702255,0.9997512645761517,0.9820637901809481,0.9808352384530343,0.9921599968371442,0.05349576473236084,0.07703065872192383,0.030029296875,0.9992849345096286,0.9985182182254388,0.9997745984439486,-0.8219006657600403,1.2680881023406982,0.0028605035040527582,0.5204081632653061,0.5230214808315212,
13,client_3,False,orig,raw,random,0.91544109582901,0.07395923137664795,0.0747828483581543,0.04028677940368652,0.9986339092930119,0.9986033461070327,0.9995943672970222,0.981763523958751,0.9815632587945575,0.9900038852028035,0.036385297775268555,0.06904876232147217,0.038398027420043945,0.9996691096657129,0.9988091318015166,0.9996314997485911,-0.7020230293273926,1.0885653495788574,0.06250495463609695,0.4219547193877551,0.6037870033591664,
13,client_4,False,orig,raw,random,0.9136120080947876,0.04403793811798096,0.03029942512512207,0.03715229034423828,0.9995153412442936,0.9997705257107634,0.9996550161169653,0.9890807703445295,0.9924679648509163,0.99077623691578,0.04295492172241211,0.03092360496520996,0.03601479530334473,0.9995388782120569,0.9997609755221655,0.999675812474563,-0.9067599773406982,1.0842589139938354,0.012105653062462807,0.46739477040816324,0.5986192373581364,
13,client_5,False,orig,raw,random,0.9133225679397583,0.04364192485809326,0.06666553020477295,0.04281187057495117,0.9995240155878682,0.9988898519595095,0.9995419433572774,0.9891781634325472,0.9835396906669414,0.9893823486230731,0.04253816604614258,0.06779801845550537,0.04256761074066162,0.9995477795434584,0.998851846824738,0.9995471534902673,-0.9195065498352051,0.9990199208259583,0.013584188185632229,0.5215242346938775,0.564150998510864,
13,client_6,False,orig,raw,random,0.8182466626167297,0.048248291015625,0.0592958927154541,0.024172186851501465,0.9994182795272881,0.9991215784247365,0.9998539423473061,0.9880461909493778,0.9853392522949533,0.9939842339969664,0.07788926362991333,0.06328672170639038,0.023944616317749023,0.9984850391875888,0.9989994491753293,0.9998566792448429,-1.0243810415267944,1.1348655223846436,-0.008853578008711338,0.5311702806122449,0.7431251258735314,
13,client_7,False,orig,raw,random,0.9070315361022949,0.04839515686035156,0.033933281898498535,0.03929424285888672,0.999414734227168,0.9997121952336889,0.9996141023436957,0.9880101319883461,0.9915703559578342,0.9902483527459032,0.029068589210510254,0.03295457363128662,0.0370478630065918,0.999788787744259,0.9997285542939438,0.9996569522485568,-0.7105004787445068,0.9581407308578491,0.055380333214998245,0.40425701530612246,0.7713166976511217,
13,client_8,False,orig,raw,random,0.9340962171554565,0.11448657512664795,0.05888223648071289,0.05249738693237305,0.9967312417989018,0.9991337837166987,0.9993113619650296,0.9719814266440987,0.9854404077511862,0.9870037370428524,0.12967312335968018,0.059168219566345215,0.05119001865386963,0.9958094376617312,0.9991253546258361,0.9993452172308115,-1.0761522054672241,1.0697696208953857,0.0353805273771286,0.4690688775510204,0.6686089786199891,
13,client_9,False,orig,raw,random,0.9378896951675415,0.042803168296813965,0.0446852445602417,0.03927445411682129,0.99954212949081,0.999500994063572,0.9996144908127549,0.9893844896329047,0.9889216067218989,0.9902532277495137,0.04154706001281738,0.04470860958099365,0.03917038440704346,0.9995686000813577,0.9995004722822671,0.9996165305686797,-1.0413752794265747,1.0960112810134888,0.012806050479412079,0.45934311224489793,0.49632079932720347,
13,client_0,True,orig,raw,pretrained,0.8475597500801086,0.11316943168640137,0.09823167324066162,0.029445290565490723,0.996805842612912,0.9975919923310563,0.999783278948337,0.9722970411039789,0.9758872267128111,0.9926791239186914,0.08382511138916016,0.09724605083465576,0.028208374977111816,0.9982456494096825,0.9976399869878227,0.9998011015707109,-0.9123582243919373,0.958706796169281,0.006159819662570953,0.47791772959183676,-0.17719429101171244,0.3911060094833374
13,client_1,True,orig,raw,pretrained,0.9128878116607666,0.0856776237487793,0.11053323745727539,0.037558555603027344,0.9981673590315026,0.9969525838858617,0.9996474319811746,0.9789199185129658,0.9729291894205268,0.990676080404493,0.08371162414550781,0.11314940452575684,0.03668701648712158,0.9982503902437869,0.996806970319742,0.9996636006028516,-0.7549768686294556,1.0183043479919434,0.02285669557750225,0.45400191326530615,-0.18244961990094136,0.4410057067871094
13,client_2,False,orig,raw,pretrained,0.8972472548484802,0.06671786308288574,0.048552870750427246,0.020678400993347168,0.9988881097827726,0.9994109150807922,0.999893109503047,0.9835269293586517,0.9879714117802441,0.9948503756151716,0.05214273929595947,0.04953873157501221,0.019986629486083984,0.9993206300410427,0.9993867607114408,0.9999001411399211,-0.8219006657600403,1.2680881023406982,0.0028605035040527582,0.5204081632653061,0.5230214808315212,0.413580060005188
13,client_3,False,orig,raw,pretrained,0.91544109582901,0.093680739402771,0.04891848564147949,0.03646063804626465,0.9978095848741328,0.9994020137667874,0.9996677382899359,0.976984967691326,0.9878816587251795,0.9909467848041917,0.0838627815246582,0.04969215393066406,0.03512239456176758,0.9982440743591556,0.9993829581637768,0.9996916756665513,-0.7020230293273926,1.0885653495788574,0.06250495463609695,0.4219547193877551,0.6037870033591664,0.2077338695526123
13,client_4,False,orig,raw,pretrained,0.9136120080947876,0.03142595291137695,0.0363386869430542,0.041962385177612305,0.9997531480823336,0.9996699566770357,0.9995599348545459,0.9921895677971038,0.9909768601219635,0.9895913791660527,0.02116215229034424,0.03530478477478027,0.04138898849487305,0.9998880502280623,0.9996884658523,0.9995718754255487,-0.9067599773406982,1.0842589139938354,0.012105653062462807,0.46739477040816324,0.5986192373581364,0.4068707227706909
13,client_5,False,orig,raw,pretrained,0.9133225679397583,0.0685352087020874,0.032236456871032715,0.03647422790527344,0.9988267646767535,0.9997402533244537,0.9996674906198346,0.9830839259641413,0.9919893416883823,0.9909434333873184,0.058150649070739746,0.03221011161804199,0.035027384757995605,0.9991551611998051,0.9997406776245064,0.9996933411272713,-0.9195065498352051,0.9990199208259583,0.013584188185632229,0.5215242346938775,0.564150998510864,0.32256412506103516
13,client_6,False,orig,raw,pretrained,0.8182466626167297,0.1333087682723999,0.03735625743865967,0.058881402015686035,0.9955719539765122,0.9996512187706834,0.9991338082521939,0.96748800028183,0.9907259510405582,0.9854406118269354,0.11635994911193848,0.037683844566345215,0.05724060535430908,0.9966236647409259,0.9996450764710338,0.9991813812248858,-1.0243810415267944,1.1348655223846436,-0.008853578008711338,0.5311702806122449,0.7431251258735314,0.3413078784942627
13,client_7,False,orig,raw,pretrained,0.9070315361022949,0.048284053802490234,0.04486560821533203,0.03529644012451172,0.9994174172144206,0.9994969591680822,0.9996886130691272,0.9880374101763254,0.9888772646620776,0.9912339526627685,0.03149974346160889,0.043993234634399414,0.03404092788696289,0.9997519876827092,0.9995163243548921,0.9997103667381102,-0.7105004787445068,0.9581407308578491,0.055380333214998245,0.40425701530612246,0.7713166976511217,0.4744873046875
13,client_8,False,orig,raw,pretrained,0.9340962171554565,0.19471454620361328,0.07162058353424072,0.057804107666015625,0.9905885257216624,0.998718855335587,0.9991651943283506,0.9530435077587649,0.9823325082530991,0.9857041265238693,0.15215027332305908,0.0716327428817749,0.05533289909362793,0.9942375993409356,0.9987184207055773,0.9992350067641904,-1.0761522054672241,1.0697696208953857,0.0353805273771286,0.4690688775510204,0.6686089786199891,0.23499655723571777
13,client_9,False,orig,raw,pretrained,0.9378896951675415,0.05129241943359375,0.020166754722595215,0.03827643394470215,0.9993425962419846,0.9998983332537508,0.9996338292429914,0.9872991905772177,0.9949773124742793,0.9904991391037867,0.03917384147644043,0.020406484603881836,0.03739619255065918,0.9996164628972706,0.9998959019745415,0.9996504728496529,-1.0413752794265747,1.0960112810134888,0.012806050479412079,0.45934311224489793,0.49632079932720347,0.3383653163909912
13,client_0,True,orig,clip01,random,0.8475597500801086,0.10167551040649414,0.10331785678863525,0.029020071029663086,0.9974205238140834,0.9973366870373768,0.999789492110446,0.975057761332699,0.9746625666958963,0.9927842717861612,0.08984994888305664,0.10211384296417236,0.02832210063934326,0.9979847976442999,0.9973982786638862,0.9997994948106981,-0.9123582243919373,0.958706796169281,0.006159819662570953,0.47791772959183676,-0.17719429101171244,
13,client_1,True,orig,clip01,random,0.9128878116607666,0.12244880199432373,0.13733601570129395,0.05346560478210449,0.9962620849172774,0.9953013288079589,0.9992857401326192,0.9700767860725328,0.9665306262330342,0.9867664297679928,0.10198211669921875,0.13905727863311768,0.05251455307006836,0.9974049736831057,0.9951832402804315,0.9993109117682664,-0.7549768686294556,1.0183043479919434,0.02285669557750225,0.45400191326530615,-0.18244961990094136,
13,client_2,False,orig,clip01,random,0.8972472548484802,0.06034398078918457,0.03191030025482178,0.040177106857299805,0.9990902721763864,0.9997454817794997,0.9995965721282793,0.9850830226882548,0.9920699078110284,0.9900308937402738,0.04958999156951904,0.0317305326461792,0.038808226585388184,0.9993854915465601,0.9997483408338459,0.9996235866863501,-0.8219006657600403,1.2680881023406982,0.0028605035040527582,0.5204081632653061,0.5230214808315212,
13,client_3,False,orig,clip01,random,0.91544109582901,0.050029635429382324,0.059656500816345215,0.030602455139160156,0.999374552438232,0.9991108688387831,0.9997659135403425,0.9876089629515223,0.9852510819375075,0.9923930659943772,0.041720032691955566,0.05891990661621094,0.029547810554504395,0.9995650016878455,0.9991326757531336,0.9997817674485274,-0.7020230293273926,1.0885653495788574,0.06250495463609695,0.4219547193877551,0.6037870033591664,
13,client_4,False,orig,clip01,random,0.9136120080947876,0.048116087913513184,0.033249735832214355,0.03281140327453613,0.9994214616736239,0.9997236710484056,0.9997309072743039,0.9880786515570026,0.9917391075035504,0.9918473442430551,0.029396653175354004,0.03289830684661865,0.0313183069229126,0.9997839941957869,0.9997294802498988,0.9997548360012449,-0.9067599773406982,1.0842589139938354,0.012105653062462807,0.46739477040816324,0.5986192373581364,
13,client_5,False,orig,clip01,random,0.9133225679397583,0.039675235748291016,0.022040486335754395,0.02553379535675049,0.9996065850371569,0.9998785653014446,0.9998370262467449,0.990154501263186,0.9945125675203561,0.9936469850853016,0.039354681968688965,0.022121906280517578,0.025301456451416016,0.9996129146648238,0.999877666540895,0.9998399782831673,-0.9195065498352051,0.9990199208259583,0.013584188185632229,0.5215242346938775,0.564150998510864,
13,client_6,False,orig,clip01,random,0.8182466626167297,0.10539102554321289,0.0667949914932251,0.051430702209472656,0.9972289554592608,0.9988855396717495,0.9993390485431592,0.9741640473795725,0.9835081221431785,0.987265277415446,0.1026538610458374,0.06835687160491943,0.050253868103027344,0.9973707424881018,0.9988328572008294,0.9993689360257325,-1.0243810415267944,1.1348655223846436,-0.008853578008711338,0.5311702806122449,0.7431251258735314,
13,client_7,False,orig,clip01,random,0.9070315361022949,0.06711399555206299,0.03826701641082764,0.056854844093322754,0.9988748782274737,0.9996340093566753,0.9991923712078543,0.9834303410001015,0.9905014600128201,0.9859364115381775,0.04334151744842529,0.03692495822906494,0.05650639533996582,0.9995305435738733,0.9996592239862352,0.9992022344655942,-0.7105004787445068,0.9581407308578491,0.055380333214998245,0.40425701530612246,0.7713166976511217,
13,client_8,False,orig,clip01,random,0.9340962171554565,0.2788827419281006,0.10276269912719727,0.07171761989593506,0.9808360813449584,0.9973651752553183,0.9987153847704955,0.9337652763186579,0.9747961263025102,0.9823088898273673,0.255008339881897,0.10346245765686035,0.07000529766082764,0.9839388201511108,0.9973292417702591,0.9987759394808058,-1.0761522054672241,1.0697696208953857,0.0353805273771286,0.4690688775510204,0.6686089786199891,
13,client_9,False,orig,clip01,random,0.9378896951675415,0.028921842575073242,0.01781320571899414,0.02251458168029785,0.9997909145488502,0.9999206771449058,0.9998732854466625,0.9928085639975233,0.9955615291863817,0.9943950284430771,0.025908946990966797,0.017713308334350586,0.022121429443359375,0.9998322027363886,0.999921564291389,0.9998776718141438,-1.0413752794265747,1.0960112810134888,0.012806050479412079,0.45934311224489793,0.49632079932720347,
13,client_0,True,orig,clip01,pretrained,0.8475597500801086,0.1015174388885498,0.09224128723144531,0.03144049644470215,0.9974285225665454,0.9978762749664098,0.999752919591929,0.9750958104674385,0.9773325670942812,0.9921859744425443,0.07801520824432373,0.09113848209381104,0.03017747402191162,0.998480141524547,0.9979266739362771,0.9997723688848292,-0.9123582243919373,0.958706796169281,0.006159819662570953,0.47791772959183676,-0.17719429101171244,
13,client_1,True,orig,clip01,pretrained,0.9128878116607666,0.08039426803588867,0.11245012283325195,0.0387725830078125,0.9983861464751045,0.9968462221279055,0.999624277610814,0.9802004542816605,0.9724694671578091,0.9903768769282435,0.08039426803588867,0.115966796875,0.0379791259765625,0.9983861464751045,0.9966463845178968,0.999639494000629,-0.7549768686294556,1.0183043479919434,0.02285669557750225,0.45400191326530615,-0.18244961990094136,
13,client_2,False,orig,clip01,pretrained,0.8972472548484802,0.0649416446685791,0.04726290702819824,0.023783445358276367,0.9989464788682798,0.999441788215325,0.999858601928574,0.9839601970046923,0.9882881765875027,0.9940805506363009,0.05273580551147461,0.048531293869018555,0.022835135459899902,0.9993050960855077,0.9994114383116881,0.9998696518915069,-0.8219006657600403,1.2680881023406982,0.0028605035040527582,0.5204081632653061,0.5230214808315212,
13,client_3,False,orig,clip01,pretrained,0.91544109582901,0.09719359874725342,0.04671061038970947,0.0311739444732666,0.9976425276630643,0.9994547527928559,0.9997570905593212,0.9761374599240729,0.9884238457094661,0.9922518360743346,0.0882108211517334,0.04764389991760254,0.02993452548980713,0.9980575472498223,0.9994327561400125,0.9997760186787672,-0.7020230293273926,1.0885653495788574,0.06250495463609695,0.4219547193877551,0.6037870033591664,
13,client_4,False,orig,clip01,pretrained,0.9136120080947876,0.030829668045043945,0.03858637809753418,0.04249262809753418,0.9997624252318802,0.9996278767457625,0.9995487469195676,0.9923369121475403,0.9904227593092154,0.9894608959728821,0.02161085605621338,0.03770148754119873,0.04200625419616699,0.9998832529485429,0.9996447441427432,0.9995590145575568,-0.9067599773406982,1.0842589139938354,0.012105653062462807,0.46739477040816324,0.5986192373581364,
13,client_5,False,orig,clip01,pretrained,0.9133225679397583,0.06811094284057617,0.028064370155334473,0.04126310348510742,0.9988412329086649,0.9998031268560559,0.9995744749252036,0.9831873198971877,0.9930206575494216,0.9897634992266844,0.056153297424316406,0.027938127517700195,0.039580345153808594,0.9992121676169057,0.9998048938122241,0.999608464082685,-0.9195065498352051,0.9990199208259583,0.013584188185632229,0.5215242346938775,0.564150998510864,
13,client_6,False,orig,clip01,pretrained,0.8182466626167297,0.14766812324523926,0.03724932670593262,0.06571352481842041,0.9945707408387436,0.9996532121377764,0.9989213066441969,0.9640809320337607,0.9907523131755331,0.9837718794012491,0.12499094009399414,0.037238240242004395,0.06390845775604248,0.9961057277752625,0.9996534184813559,0.9989797086758911,-1.0243810415267944,1.1348655223846436,-0.008853578008711338,0.5311702806122449,0.7431251258735314,
13,client_7,False,orig,clip01,pretrained,0.9070315361022949,0.04678797721862793,0.04386460781097412,0.03170371055603027,0.9994529458518657,0.9995191475301666,0.9997487660331699,0.9884048392215712,0.9891233963732589,0.9921209439901792,0.031151771545410156,0.04312479496002197,0.030301690101623535,0.9997574359194363,0.9995352250903138,0.9997704914075498,-0.7105004787445068,0.9581407308578491,0.055380333214998245,0.40425701530612246,0.7713166976511217,
13,client_8,False,orig,clip01,pretrained,0.9340962171554565,0.19588994979858398,0.07380461692810059,0.05414915084838867,0.9904753727402285,0.9986396092237659,0.9992673701746588,0.9527701846696548,0.9818011258048551,0.9865989462469587,0.16247642040252686,0.07445275783538818,0.051692962646484375,0.9934328789486642,0.9986156357433487,0.9993322939653653,-1.0761522054672241,1.0697696208953857,0.0353805273771286,0.4690688775510204,0.6686089786199891,
13,client_9,False,orig,clip01,pretrained,0.9378896951675415,0.0478358268737793,0.021433234214782715,0.043631792068481445,0.9994281787699424,0.9998851640092115,0.9995242365116284,0.9881474709960061,0.9946631496573224,0.9891806556178926,0.037798166275024414,0.021512866020202637,0.04272568225860596,0.9996429203148323,0.9998843091881529,0.9995437851780185,-1.0413752794265747,1.0960112810134888,0.012806050479412079,0.45934311224489793,0.49632079932720347,
13,client_0,True,flip,raw,random,0.8239661455154419,0.04576826095581055,0.1145164966583252,0.14627456665039062,0.9994765221849304,0.996729537163237,0.9946723221350156,0.9886553940334446,0.971974258621231,0.9644107933765651,0.05008983612060547,0.1171191930770874,0.14836513996124268,0.9993730470380293,0.9965795735628826,0.9945195773500848,-0.863099992275238,0.9588386416435242,0.01717366650700569,0.510124362244898,-0.17719429101171244,
13,client_1,True,flip,raw,random,0.8988712430000305,0.13372814655303955,0.09729206562042236,0.06978273391723633,0.9955441429569338,0.9976377570019954,0.9987837031860547,0.9673882375155276,0.9761137198414531,0.9827799975857796,0.1188504695892334,0.09740030765533447,0.06892573833465576,0.9964779727344315,0.9976325072058829,0.9988133677801339,-0.860730767250061,0.8730709552764893,-0.016986941918730736,0.5463966836734694,-0.18244961990094136,
13,client_2,False,flip,raw,random,0.8170468807220459,0.20518624782562256,0.06168258190155029,0.1318126916885376,0.989557168546515,0.9990494929146174,0.9956704638395966,0.9506126087138127,0.9847559157732366,0.9678440166593327,0.22545039653778076,0.06109178066253662,0.13710832595825195,0.9874131290414547,0.999067601123427,0.9953168410462694,-0.8317498564720154,0.7065814733505249,0.016746891662478447,0.47720025510204084,0.5230214808315212,
13,client_3,False,flip,raw,random,0.7235757112503052,0.1047811508178711,0.17844641208648682,0.05713534355163574,0.9972608677901409,0.9920865031827555,0.999184387391131,0.9743106596227118,0.9568385573168061,0.9858677647063785,0.13373494148254395,0.18310213088989258,0.05768406391143799,0.9955436916424867,0.9916708027828831,0.999168655906582,-0.9396688938140869,0.960944652557373,-0.05245153233408928,0.6128029336734694,0.6037870033591664,
13,client_4,False,flip,raw,random,0.8183508515357971,0.2146778106689453,0.04497051239013672,0.11083126068115234,0.9885771738535629,0.9994946049037887,0.9969361664859504,0.948417279952674,0.988851475543503,0.9728576937689364,0.20622193813323975,0.04387485980987549,0.11196255683898926,0.9894523185429913,0.9995189228161532,0.9968734473760641,-0.8699818253517151,0.7767284512519836,0.002905526664108038,0.46779336734693877,0.5986192373581364,
13,client_5,False,flip,raw,random,0.8724607229232788,0.06437897682189941,0.03003096580505371,0.04584038257598877,0.9989646415148072,0.9997745733933268,0.9994748717428423,0.9840975066353834,0.9925343260767827,0.9886376698749939,0.06851184368133545,0.029758691787719727,0.046773433685302734,0.998827563795615,0.9997786418222239,0.9994532857512184,-0.7766033411026001,0.7034541964530945,0.007001842372119427,0.4797512755102041,0.564150998510864,
13,client_6,False,flip,raw,random,0.8350179195404053,0.10151064395904541,0.05445981025695801,0.03761100769042969,0.9974288661274935,0.999258944397162,0.9996464468030235,0.9750974461136979,0.9865228420946823,0.9906631505068344,0.08387410640716553,0.05308079719543457,0.037351369857788086,0.9982436007095086,0.9992959791973801,0.9996513100078284,-0.6707345843315125,1.0655338764190674,0.05127812549471855,0.44435586734693877,0.7431251258735314,
13,client_7,False,flip,raw,random,0.8201364874839783,0.08146011829376221,0.14314746856689453,0.07428157329559326,0.9983431240952303,0.994896816975261,0.9986219878146843,0.9799419199920747,0.9651516093059693,0.9816851381628264,0.0910487174987793,0.146020770072937,0.07482409477233887,0.9979307497298044,0.9946907202539097,0.9986018066521747,-0.9171707630157471,0.7635563611984253,-0.027903078123927116,0.5466358418367347,0.7713166976511217,
13,client_8,False,flip,raw,random,0.6741902232170105,0.10830485820770264,0.04261362552642822,0.055097341537475586,0.997073951649462,0.9995461742574479,0.9992415025042747,0.9734640268137134,0.9894311243116107,0.9863666897112746,0.0791482925415039,0.04043734073638916,0.0544971227645874,0.9984357245927296,0.9995913306697506,0.9992579291634152,-1.031052827835083,0.9370514750480652,-0.0061576711013913155,0.5160235969387755,0.6686089786199891,
13,client_9,False,flip,raw,random,0.9165916442871094,0.1067885160446167,0.04355335235595703,0.09870642423629761,0.9971551377603913,0.999525944988255,0.9975687029796168,0.9738282193056202,0.9891999483832281,0.9757728176276794,0.1164783239364624,0.04310202598571777,0.10047906637191772,0.9966168090985617,0.9995357155724149,0.9974807593842301,-0.8419035077095032,0.8474391102790833,0.0116867795586586,0.5175382653061225,0.49632079932720347,
13,client_0,True,flip,raw,pretrained,0.8239661455154419,0.10035097599029541,0.1358954906463623,0.036898255348205566,0.9974871662263494,0.9953990424535442,0.9996597165576431,0.9753766567598534,0.9668729103557223,0.9908388718445735,0.09982836246490479,0.13860046863555908,0.03672909736633301,0.997513222320735,0.9952147213903586,0.9996628286393421,-0.863099992275238,0.9588386416435242,0.01717366650700569,0.510124362244898,-0.17719429101171244,0.38930070400238037
13,client_1,True,flip,raw,pretrained,0.8988712430000305,0.058535099029541016,0.10206890106201172,0.028691530227661133,0.9991439605456618,0.9974005638106012,0.9997942307845453,0.9855253087379792,0.9749630785917733,0.9928655244755074,0.06420111656188965,0.10412955284118652,0.028617024421691895,0.9989703499844118,0.9972947603664954,0.9997952979109546,-0.860730767250061,0.8730709552764893,-0.016986941918730736,0.5463966836734694,-0.18244961990094136,0.46096527576446533
13,client_2,False,flip,raw,pretrained,0.8170468807220459,0.13886046409606934,0.028362393379211426,0.08978664875030518,0.9951968162928186,0.9997989239892722,0.9979876318164078,0.9661685991773132,0.9929469345803512,0.9779257424071839,0.12457025051116943,0.028174877166748047,0.08878254890441895,0.9961318220565445,0.999801573608883,0.9980323233994008,-0.8317498564720154,0.7065814733505249,0.016746891662478447,0.47720025510204084,0.5230214808315212,0.464463472366333
13,client_3,False,flip,raw,pretrained,0.7235757112503052,0.05262720584869385,0.08005619049072266,0.08969950675964355,0.999307953707236,0.9983996749706241,0.9979915302254667,0.98697191384659,0.9802824802826637,0.9779468106253826,0.04384279251098633,0.07885444164276123,0.08929741382598877,0.9995196255261718,0.9984473047792235,0.9980094696333253,-0.9396688938140869,0.960944652557373,-0.05245153233408928,0.6128029336734694,0.6037870033591664,0.486272931098938
13,client_4,False,flip,raw,pretrained,0.8183508515357971,0.10580945014953613,0.02517390251159668,0.10132050514221191,0.9972069547254456,0.9998415874814968,0.9974384705534016,0.9740634783871862,0.9937361081631781,0.9751432171837475,0.10308480262756348,0.024743080139160156,0.10192835330963135,0.9973486648822978,0.9998469625639197,0.9974077037562852,-0.8699818253517151,0.7767284512519836,0.002905526664108038,0.46779336734693877,0.5986192373581364,0.4673370122909546
13,client_5,False,flip,raw,pretrained,0.8724607229232788,0.0786898136138916,0.027683019638061523,0.04035043716430664,0.9984537737645527,0.9998084401317697,0.9995930847828456,0.9806141022089443,0.9931150054390245,0.9899882090153236,0.07873821258544922,0.027526378631591797,0.040306806564331055,0.9984518733449979,0.9998106015279971,0.9995939640274663,-0.7766033411026001,0.7034541964530945,0.007001842372119427,0.4797512755102041,0.564150998510864,0.3804246187210083
13,client_6,False,flip,raw,pretrained,0.8350179195404053,0.13948726654052734,0.07316315174102783,0.03192782402038574,0.9951535143468002,0.9986631302374296,0.9997452022152431,0.966019804778774,0.9819571516191596,0.9920655788991706,0.14406466484069824,0.07406020164489746,0.03156447410583496,0.9948314662441973,0.9986301805669211,0.9997509675162726,-0.6707345843315125,1.0655338764190674,0.05127812549471855,0.44435586734693877,0.7431251258735314,0.30220961570739746
13,client_7,False,flip,raw,pretrained,0.8201364874839783,0.01712632179260254,0.1000051498413086,0.1227273941040039,0.9999266763079866,0.9975044232941095,0.9962451047555549,0.9957321300108386,0.9754599437772535,0.9700102456846968,0.020445585250854492,0.10109531879425049,0.12505590915679932,0.9998955027014242,0.9974498222123505,0.9961016901624773,-0.9171707630157471,0.7635563611984253,-0.027903078123927116,0.5466358418367347,0.7713166976511217,0.6675041317939758
13,client_8,False,flip,raw,pretrained,0.6741902232170105,0.13738226890563965,0.05921745300292969,0.03726983070373535,0.9952981745297071,0.9991238994053722,0.9996528303514114,0.9665196389936024,0.9853584327374276,0.9907472581472432,0.12058424949645996,0.05783259868621826,0.03699755668640137,0.9963747468123061,0.9991643717081073,0.9996578830082044,-1.031052827835083,0.9370514750480652,-0.0061576711013913155,0.5160235969387755,0.6686089786199891,0.41517722606658936
13,client_9,False,flip,raw,pretrained,0.9165916442871094,0.1028822660446167,0.03875911235809326,0.046582818031311035,0.9973590524796594,0.9996245385643037,0.9994577309089296,0.974767358620116,0.9903801960971841,0.9884552412943137,0.09602093696594238,0.0386732816696167,0.04604315757751465,0.9976989736896522,0.9996261991496227,0.9994702175064085,-0.8419035077095032,0.8474391102790833,0.0116867795586586,0.5175382653061225,0.49632079932720347,0.3995668888092041
13,client_0,True,flip,clip01,random,0.8239661455154419,0.0587923526763916,0.1946392059326172,0.13417434692382812,0.9991364245468131,0.9905957559645977,0.9955144586069962,0.9854623899892658,0.9530610310657217,0.9672821112036742,0.07001137733459473,0.20146822929382324,0.1358182430267334,0.9987757270575472,0.989929354323706,0.9954042536087255,-0.863099992275238,0.9588386416435242,0.01717366650700569,0.510124362244898,-0.17719429101171244,
13,client_1,True,flip,clip01,random,0.8988712430000305,0.11096453666687012,0.05945920944213867,0.0290755033493042,0.996928810451648,0.9991167361561575,0.999788687272025,0.9728257234661184,0.9852993191288866,0.9927705635896387,0.10580778121948242,0.059059739112854004,0.028496265411376953,0.99720704264937,0.999128556783399,0.9997970216198655,-0.860730767250061,0.8730709552764893,-0.016986941918730736,0.5463966836734694,-0.18244961990094136,
13,client_2,False,flip,clip01,random,0.8170468807220459,0.17703092098236084,0.04034137725830078,0.10128164291381836,0.992210818176237,0.9995932674363899,0.9974404313904088,0.9571698379944067,0.9899904400604718,0.9751525726709311,0.17453932762145996,0.04008185863494873,0.10049724578857422,0.9924272921218915,0.9995984821055679,0.9974798494264359,-0.8317498564720154,0.7065814733505249,0.016746891662478447,0.47720025510204084,0.5230214808315212,
13,client_3,False,flip,clip01,random,0.7235757112503052,0.04374575614929199,0.11051130294799805,0.087455153465271,0.9995217488171857,0.9969537904760015,0.9980906376975227,0.9891526264056345,0.9729344518121574,0.9784896601623996,0.028640031814575195,0.10950613021850586,0.08648502826690674,0.999794968678257,0.9970088291833477,0.9981327041971022,-0.9396688938140869,0.960944652557373,-0.05245153233408928,0.6128029336734694,0.6037870033591664,
13,client_4,False,flip,clip01,random,0.8183508515357971,0.20985829830169678,0.049802422523498535,0.09374380111694336,0.9890801390181181,0.9993802179259281,0.9978066397559391,0.9495310445212211,0.9876647158213248,0.9769697437705986,0.18240582942962646,0.047998666763305664,0.09248924255371094,0.9917336383187692,0.9994242807076814,0.9978648602956472,-0.8699818253517151,0.7767284512519836,0.002905526664108038,0.46779336734693877,0.5986192373581364,
13,client_5,False,flip,clip01,random,0.8724607229232788,0.07894861698150635,0.0312657356262207,0.06365334987640381,0.998443598150351,0.9997556582303542,0.9989878317830847,0.9805512772783751,0.9922291548971405,0.9842746261560185,0.07282567024230957,0.030742526054382324,0.06325054168701172,0.9986754227906303,0.9997637661361289,0.9990005919891305,-0.7766033411026001,0.7034541964530945,0.007001842372119427,0.4797512755102041,0.564150998510864,
13,client_6,False,flip,clip01,random,0.8350179195404053,0.21890723705291748,0.14126217365264893,0.028976917266845703,0.988126708198243,0.9950298544391774,0.9997901176102473,0.9474414978838581,0.9655986525538551,0.9927949437400567,0.229020357131958,0.14311468601226807,0.028589487075805664,0.9870152742128997,0.9948991451430531,0.9997956916190236,-0.6707345843315125,1.0655338764190674,0.05127812549471855,0.44435586734693877,0.7431251258735314,
13,client_7,False,flip,clip01,random,0.8201364874839783,0.061692237854003906,0.0922396183013916,0.11871635913848877,0.999049195513869,0.9978763516927684,0.996485895785227,0.9847535567911283,0.9773329702158258,0.9709689235564214,0.0400848388671875,0.09072673320770264,0.11725723743438721,0.9995984224126964,0.9979453367050157,0.9965715264921744,-0.9171707630157471,0.7635563611984253,-0.027903078123927116,0.5466358418367347,0.7713166976511217,
13,client_8,False,flip,clip01,random,0.6741902232170105,0.20344209671020508,0.09783279895782471,0.05365157127380371,0.9897325850655267,0.9976114733056123,0.9992807654345226,0.9510168485185746,0.9759833660224373,0.9867208597440358,0.13628041744232178,0.09399032592773438,0.0530627965927124,0.9953730315812264,0.9977951076230722,0.9992964563553735,-1.031052827835083,0.9370514750480652,-0.0061576711013913155,0.5160235969387755,0.6686089786199891,
13,client_9,False,flip,clip01,random,0.9165916442871094,0.08469903469085693,0.029660940170288086,0.06565463542938232,0.9982089279796129,0.9997800934329637,0.9989232375660915,0.9791569112267267,0.9926258046826377,0.9837862448922299,0.09806084632873535,0.029838085174560547,0.06628906726837158,0.9976003451322377,0.9997774593185267,0.9989023443645069,-0.8419035077095032,0.8474391102790833,0.0116867795586586,0.5175382653061225,0.49632079932720347,
13,client_0,True,flip,clip01,pretrained,0.8239661455154419,0.10709309577941895,0.141182541847229,0.03759264945983887,0.9971389214080435,0.9950354354870519,0.9996467917716034,0.9737550494444822,0.96561754178155,0.9906676759422117,0.10420608520507812,0.14351654052734375,0.03724181652069092,0.9972907904384716,0.9948705698095797,0.999653351925615,-0.863099992275238,0.9588386416435242,0.01717366650700569,0.510124362244898,-0.17719429101171244,
13,client_1,True,flip,clip01,pretrained,0.8988712430000305,0.05999755859375,0.08904731273651123,0.029192686080932617,0.9991006802836873,0.99802058749953,0.99978698080885,0.9851677026196108,0.9781045124540506,0.9927415856917103,0.06401145458221436,0.0906064510345459,0.029268264770507812,0.9989764198875766,0.9979507727171884,0.9997858765621848,-0.860730767250061,0.8730709552764893,-0.016986941918730736,0.5463966836734694,-0.18244961990094136,
13,client_2,False,flip,clip01,pretrained,0.8170468807220459,0.15279901027679443,0.03123164176940918,0.09283280372619629,0.9941885701070323,0.9997561907294978,0.9978489940732842,0.9628678865337368,0.9922375792435771,0.9771897050217877,0.13607168197631836,0.0307924747467041,0.09151911735534668,0.9953871455831238,0.9997629980106335,0.9979093467112103,-0.8317498564720154,0.7065814733505249,0.016746891662478447,0.47720025510204084,0.5230214808315212,
13,client_3,False,flip,clip01,pretrained,0.7235757112503052,0.051444053649902344,0.08737635612487793,0.09058594703674316,0.9993387055020893,0.9980940719113243,0.9979516986563719,0.9872620031337458,0.9785087273678823,0.9777325287679421,0.04682445526123047,0.08684802055358887,0.09000575542449951,0.9994520928532771,0.9981170187806829,0.9979778131739667,-0.9396688938140869,0.960944652557373,-0.05245153233408928,0.6128029336734694,0.6037870033591664,
13,client_4,False,flip,clip01,pretrained,0.8183508515357971,0.10224461555480957,0.029671907424926758,0.09972143173217773,0.9973916236337221,0.9997799308070303,0.9975185369563726,0.974920791427117,0.9926230931502968,0.9755282809821364,0.10110759735107422,0.029165267944335938,0.10046303272247314,0.9974492038955305,0.9997873806977482,0.9974815618015813,-0.8699818253517151,0.7767284512519836,0.002905526664108038,0.46779336734693877,0.5986192373581364,
13,client_5,False,flip,clip01,pretrained,0.8724607229232788,0.07963275909423828,0.03128707408905029,0.03690063953399658,0.9984165389495265,0.9997553246575328,0.9996596725925257,0.9803852297801678,0.9922238823712801,0.9908382839715417,0.07963275909423828,0.031177282333374023,0.036797523498535156,0.9984165389495265,0.9997570385483618,0.999661571491042,-0.7766033411026001,0.7034541964530945,0.007001842372119427,0.4797512755102041,0.564150998510864,
13,client_6,False,flip,clip01,pretrained,0.8350179195404053,0.14399957656860352,0.07553863525390625,0.03260815143585205,0.9948361173648161,0.9985750034423575,0.999734230102105,0.9649496584870778,0.981379540681736,0.9918975389009987,0.1429755687713623,0.07568323612213135,0.032122015953063965,0.9949090191985417,0.9985695484423986,0.9997420939203043,-0.6707345843315125,1.0655338764190674,0.05127812549471855,0.44435586734693877,0.7431251258735314,
13,client_7,False,flip,clip01,pretrained,0.8201364874839783,0.016988277435302734,0.10476422309875488,0.1269233226776123,0.9999278535115199,0.9972617509308483,0.9959847503592754,0.9957664212728543,0.9743147294733405,0.9690088966747183,0.021325349807739258,0.10580945014953613,0.12961316108703613,0.9998863170576835,0.9972069547254456,0.995813300113471,-0.9171707630157471,0.7635563611984253,-0.027903078123927116,0.5466358418367347,0.7713166976511217,
13,client_8,False,flip,clip01,pretrained,0.6741902232170105,0.13251900672912598,0.05771183967590332,0.03969001770019531,0.9956240929136191,0.9991678556037462,0.9996062919169446,0.9676759127031118,0.9857267009185717,0.9901508602355753,0.11827361583709717,0.05624079704284668,0.03919494152069092,0.996511989572183,0.9992097119162593,0.9996160497390094,-1.031052827835083,0.9370514750480652,-0.0061576711013913155,0.5160235969387755,0.6686089786199891,
13,client_9,False,flip,clip01,pretrained,0.9165916442871094,0.0932077169418335,0.041118741035461426,0.03901660442352295,0.9978316132711362,0.999577446245473,0.9996195347450643,0.9770991728413565,0.9897990379597523,0.990316752925749,0.08760190010070801,0.041192054748535156,0.0384521484375,0.9980842338553657,0.9995759385757823,0.9996304605216759,-0.8419035077095032,0.8474391102790833,0.0116867795586586,0.5175382653061225,0.49632079932720347,
13,client_0,True,flip_global,raw,random,0.91949063539505,0.0646357536315918,0.08322900533676147,0.10472989082336426,0.9989563724275707,0.9982704798791333,0.9972635416549056,0.9840348410037829,0.9795130818491136,0.9743229838966563,0.08317762613296509,0.08341449499130249,0.10670089721679688,0.9982726117996741,0.9982627723020676,0.9971597942573203,-1.06594979763031,1.2010936737060547,0.012814157642424107,0.5320471938775511,-0.17719429101171244,
13,client_1,True,flip_global,raw,random,0.9263285398483276,0.09590554237365723,0.09715092182159424,0.04923450946807861,0.9977044914317119,0.997644593844621,0.9993942660953679,0.9764480864931626,0.9761477494785302,0.9878040894022657,0.0994117259979248,0.0987539291381836,0.048919081687927246,0.9975338979478146,0.9975663664475822,0.9994019992009291,-1.1250343322753906,1.0535469055175781,-0.03170391917228699,0.5774075255102041,-0.18244961990094136,
13,client_2,False,flip_global,raw,random,0.8321325778961182,0.12057995796203613,0.06333184242248535,0.11577236652374268,0.996375004147668,0.9989980230398849,0.996657592274427,0.9705233277507925,0.9843531187552776,0.9716734731288876,0.13787972927093506,0.06329154968261719,0.11931610107421875,0.995264183588165,0.9989992966253671,0.9964503951924673,-0.8122922778129578,0.7610938549041748,0.014785541221499443,0.4764030612244898,0.5230214808315212,
13,client_3,False,flip_global,raw,random,0.7369838953018188,0.13891816139221191,0.15172141790390015,0.06986796855926514,0.9951928383713351,0.9942698981602665,0.9987807328508589,0.9661549011835242,0.9631224609264339,0.9827592374398528,0.17473459243774414,0.15485113859176636,0.07098710536956787,0.992410435441702,0.9940321281785287,0.9987413970429875,-0.8886727690696716,0.9397174715995789,-0.056205689907073975,0.6234853316326531,0.6037870033591664,
13,client_4,False,flip_global,raw,random,0.8372394442558289,0.20012915134429932,0.04858863353729248,0.11081171035766602,0.9900617840576,0.9994100473359648,0.9969372448097646,0.9517853975201016,0.9879626320044226,0.9728623836419148,0.18885064125061035,0.04730427265167236,0.1118396520614624,0.9911431354071403,0.9994408110772091,0.9968802917749928,-1.0012121200561523,0.8229785561561584,-0.0038153319619596004,0.4823022959183674,0.5986192373581364,
13,client_5,False,flip_global,raw,random,0.8805131316184998,0.0565108060836792,0.03484177589416504,0.037285447120666504,0.9992021099922297,0.9996965817278172,0.9996525394314637,0.9860206179999966,0.9913461367027605,0.990743408122589,0.0486905574798584,0.03421425819396973,0.037631988525390625,0.9994075707641314,0.9997074103564518,0.9996460523472042,-0.8827341198921204,0.7539390325546265,0.005075674504041672,0.48222257653061223,0.564150998510864,
13,client_6,False,flip_global,raw,random,0.8503854274749756,0.09418070316314697,0.06890261173248291,0.026877760887145996,0.9977861814177418,0.9988141632379599,0.9998194209527476,0.9768642796952005,0.9829944027333115,0.993314274383903,0.07294034957885742,0.06723082065582275,0.02631402015686035,0.9986712520168031,0.9988709611474629,0.9998269155577488,-0.6713026762008667,1.055662989616394,0.05525581166148186,0.45065369897959184,0.7431251258735314,
13,client_7,False,flip_global,raw,random,0.8785483241081238,0.11777222156524658,0.1598237156867981,0.09532034397125244,0.9965414235531169,0.9936445522765118,0.997732372008836,0.9711947888227346,0.9612108184694264,0.9765892614642144,0.13838768005371094,0.1644291877746582,0.09688222408294678,0.9952293508822201,0.9932748748368005,0.9976575820128657,-0.9401137232780457,0.7980701327323914,-0.03534131497144699,0.5788424744897959,0.7713166976511217,
13,client_8,False,flip_global,raw,random,0.7118781805038452,0.1290907859802246,0.0762934684753418,0.06113231182098389,0.9958468741231565,0.9985464133004192,0.9990663643853073,0.9684922442845902,0.9811961059000158,0.9848903626442747,0.11004352569580078,0.07476246356964111,0.06143999099731445,0.9969794658340569,0.9986041066237659,0.9990569494164891,-1.0943527221679688,0.9530831575393677,-0.011490335687994957,0.5259885204081632,0.6686089786199891,
13,client_9,False,flip_global,raw,random,0.9252015948295593,0.12325823307037354,0.04236102104187012,0.1081286072731018,0.9962126445647825,0.9995515368706025,0.9970834465389649,0.9698834763157609,0.9894932796804099,0.9735063479606418,0.12941288948059082,0.04184269905090332,0.11029469966888428,0.9958261877637276,0.9995624407806645,0.9969656928129937,-0.8049919605255127,0.8178480267524719,0.010750415734946728,0.5297353316326531,0.49632079932720347,
13,client_0,True,flip_global,raw,pretrained,0.91949063539505,0.059324026107788086,0.09858286380767822,0.041266679763793945,0.9991207452291477,0.9975747750816668,0.9995744011849244,0.985332373123839,0.9758025922157099,0.9897626188529767,0.06766974925994873,0.10037863254547119,0.04151153564453125,0.998856183444748,0.9974857835835838,0.999569337255515,-1.06594979763031,1.2010936737060547,0.012814157642424107,0.5320471938775511,-0.17719429101171244,0.306246280670166
13,client_1,True,flip_global,raw,pretrained,0.9263285398483276,0.062059998512268066,0.07881712913513184,0.03190755844116211,0.9990378340332964,0.9984487721369937,0.9997455255069707,0.9846637179205318,0.9805831954079307,0.9920705851263321,0.06951940059661865,0.08043169975280762,0.03206062316894531,0.9987928572456604,0.9983846451206704,0.9997430786276915,-1.1250343322753906,1.0535469055175781,-0.03170391917228699,0.5774075255102041,-0.18244961990094136,0.47012948989868164
13,client_2,False,flip_global,raw,pretrained,0.8321325778961182,0.10171473026275635,0.036186933517456055,0.06444871425628662,0.9974185372945228,0.9996727068234794,0.9989623989777432,0.9750483211308278,0.9910142871367269,0.9840804868254742,0.09347760677337646,0.035298943519592285,0.06348943710327148,0.9978190582211284,0.9996885689077295,0.9989930339767521,-0.8122922778129578,0.7610938549041748,0.014785541221499443,0.4764030612244898,0.5230214808315212,0.4461629390716553
13,client_3,False,flip_global,raw,pretrained,0.7369838953018188,0.0792396068572998,0.05743992328643799,0.07854437828063965,0.998432117312833,0.9991756737935016,0.9984594773862299,0.9804806462366353,0.9857932328140548,0.9806494095198943,0.0679025650024414,0.0561680793762207,0.078194260597229,0.9988483061839903,0.9992117530251701,0.9984731650784469,-0.8886727690696716,0.9397174715995789,-0.056205689907073975,0.6234853316326531,0.6037870033591664,0.4481700658798218
13,client_4,False,flip_global,raw,pretrained,0.8372394442558289,0.10097098350524902,0.025974035263061523,0.0893862247467041,0.997456079222643,0.9998313587059908,0.9980055142204065,0.9752273640170235,0.9935379813425926,0.978022558083103,0.10287141799926758,0.025502681732177734,0.0902104377746582,0.9973596082770799,0.9998374231322671,0.9979686194280091,-1.0012121200561523,0.8229785561561584,-0.0038153319619596004,0.4823022959183674,0.5986192373581364,0.45598649978637695
13,client_5,False,flip_global,raw,pretrained,0.8805131316184998,0.07225608825683594,0.02505362033843994,0.04085648059844971,0.9986960410649617,0.9998430974932284,0.9995828175751604,0.9821778433613655,0.9937658972517247,0.9898636053797036,0.07542729377746582,0.024960994720458984,0.04109334945678711,0.9985791966687447,0.9998442553803242,0.999577967788621,-0.8827341198921204,0.7539390325546265,0.005075674504041672,0.48222257653061223,0.564150998510864,0.3753242492675781
13,client_6,False,flip_global,raw,pretrained,0.8503854274749756,0.12607252597808838,0.07876074314117432,0.03318369388580322,0.9960382407231541,0.9984509882701877,0.9997247674429517,0.9692118119127628,0.9805968833519632,0.9917554139991047,0.12975585460662842,0.07918787002563477,0.03307747840881348,0.9958041056575171,0.9984341616324592,0.9997265262094206,-0.6713026762008667,1.055662989616394,0.05525581166148186,0.45065369897959184,0.7431251258735314,0.3028371334075928
13,client_7,False,flip_global,raw,pretrained,0.8785483241081238,0.036299943923950195,0.08356499671936035,0.10304367542266846,0.9996706598890914,0.9982565060210762,0.9973507758341551,0.9909864151283587,0.9794316579915929,0.9747285257046194,0.02752852439880371,0.08417856693267822,0.10308837890625,0.9998105720026365,0.9982308431667539,0.9973484812817741,-0.9401137232780457,0.7980701327323914,-0.03534131497144699,0.5788424744897959,0.7713166976511217,0.6451104879379272
13,client_8,False,flip_global,raw,pretrained,0.7118781805038452,0.10812926292419434,0.05310225486755371,0.05321061611175537,0.9970834112465095,0.9992954101887714,0.9992925331896194,0.9735061905214288,0.9868554756983154,0.9868289184159262,0.11194634437561035,0.05152785778045654,0.05365443229675293,0.9968743506523454,0.999336550277351,0.9992806887660814,-1.0943527221679688,0.9530831575393677,-0.011490335687994957,0.5259885204081632,0.6686089786199891,0.4080106019973755
13,client_9,False,flip_global,raw,pretrained,0.9252015948295593,0.09549975395202637,0.03888988494873047,0.04774808883666992,0.9977238424027135,0.9996220014085877,0.9994302735614524,0.9765459768198157,0.9903479744281003,0.9881690169690873,0.09190475940704346,0.03847360610961914,0.04757261276245117,0.9978917183843223,0.9996300480886213,0.9994344516270806,-0.8049919605255127,0.8178480267524719,0.010750415734946728,0.5297353316326531,0.49632079932720347,0.37916576862335205
13,client_0,True,flip_global,clip01,random,0.91949063539505,0.04748952388763428,0.10898816585540771,0.06288433074951172,0.9994364246065743,0.9970369959894869,0.9990121227737268,0.9882325172862336,0.9732999779743523,0.984462389573662,0.06999748945236206,0.11202168464660645,0.06355512142181396,0.9987762122719517,0.9968701519762857,0.9989909509215686,-1.06594979763031,1.2010936737060547,0.012814157642424107,0.5320471938775511,-0.17719429101171244,
13,client_1,True,flip_global,clip01,random,0.9263285398483276,0.1142657995223999,0.05681455135345459,0.04525148868560791,0.996743805795149,0.9991935148348248,0.9994882721768659,0.9720343182543429,0.9859462729982631,0.9887824067052287,0.10031962394714355,0.0569460391998291,0.043694376945495605,0.9974887331615028,0.9991897798344991,0.9995228711636028,-1.1250343322753906,1.0535469055175781,-0.03170391917228699,0.5774075255102041,-0.18244961990094136,
13,client_2,False,flip_global,clip01,random,0.8321325778961182,0.12516772747039795,0.04202461242675781,0.10304558277130127,0.9960947361678076,0.9995586291482441,0.9973506779534174,0.9694276766141618,0.9895760648281939,0.9747280668361944,0.14564919471740723,0.0423511266708374,0.10410916805267334,0.9947175996318371,0.9995517462730465,0.997295817289322,-0.8122922778129578,0.7610938549041748,0.014785541221499443,0.4764030612244898,0.5230214808315212,
13,client_3,False,flip_global,clip01,random,0.7369838953018188,0.05848348140716553,0.07169556617736816,0.06100726127624512,0.9991454686639802,0.998716173946316,0.9990701774549264,0.9855379340323738,0.9823142575765551,0.9849209199449995,0.04649043083190918,0.07086825370788574,0.06065809726715088,0.9994598788582445,0.9987456040375056,0.9990807830211896,-0.8886727690696716,0.9397174715995789,-0.056205689907073975,0.6234853316326531,0.6037870033591664,
13,client_4,False,flip_global,clip01,random,0.8372394442558289,0.21500205993652344,0.048043131828308105,0.09371018409729004,0.9885429391038969,0.9994232140041865,0.9978082099883563,0.9483424181082003,0.9880965655802694,0.9769778593135083,0.19159889221191406,0.04693019390106201,0.09266889095306396,0.9908852585486811,0.9994496165222251,0.9978565711266656,-1.0012121200561523,0.8229785561561584,-0.0038153319619596004,0.4823022959183674,0.5986192373581364,
13,client_5,False,flip_global,clip01,random,0.8805131316184998,0.07774615287780762,0.02554500102996826,0.06169748306274414,0.998490594837047,0.9998368831886644,0.9990490339433886,0.9808432285454054,0.9936442103293766,0.984752275372303,0.08235335350036621,0.02517414093017578,0.06213867664337158,0.9983066349855692,0.9998415844812325,0.9990353946328163,-0.8827341198921204,0.7539390325546265,0.005075674504041672,0.48222257653061223,0.564150998510864,
13,client_6,False,flip_global,clip01,random,0.8503854274749756,0.19126570224761963,0.13536405563354492,0.023538708686828613,0.9909167158602838,0.9954348341689276,0.9998614966873978,0.953846166833872,0.9669992309521978,0.9941411950654644,0.2073582410812378,0.13796424865722656,0.023207902908325195,0.989336694845264,0.9952583964310397,0.9998653619077573,-0.6713026762008667,1.055662989616394,0.05525581166148186,0.45065369897959184,0.7431251258735314,
13,client_7,False,flip_global,clip01,random,0.8785483241081238,0.09165060520172119,0.07729196548461914,0.06992924213409424,0.9979033444631897,0.9985081593149792,0.9987785953009967,0.977475258917818,0.9809535365433852,0.9827443137695733,0.04895830154418945,0.07706475257873535,0.06708967685699463,0.9994010403781113,0.9985169077183149,0.9988756927658751,-0.9401137232780457,0.7980701327323914,-0.03534131497144699,0.5788424744897959,0.7713166976511217,
13,client_8,False,flip_global,clip01,random,0.7118781805038452,0.22069215774536133,0.10531771183013916,0.08053708076477051,0.9879340578161786,0.9972328013882534,0.9983804146425017,0.9470301468272733,0.97418167004735,0.9801658074652757,0.19016730785369873,0.1024634838104248,0.0804288387298584,0.9910200408532726,0.9973804664992365,0.998384759898423,-1.0943527221679688,0.9530831575393677,-0.011490335687994957,0.5259885204081632,0.6686089786199891,
13,client_9,False,flip_global,clip01,random,0.9252015948295593,0.08741700649261475,0.03390634059906006,0.06309676170349121,0.998092300636209,0.9997126519584982,0.9990054421482293,0.9784988908125025,0.9915770063192941,0.9844105171393183,0.09920597076416016,0.03416717052459717,0.06363105773925781,0.9975440769121522,0.9997082149841949,0.9989885400670955,-0.8049919605255127,0.8178480267524719,0.010750415734946728,0.5297353316326531,0.49632079932720347,
13,client_0,True,flip_global,clip01,pretrained,0.91949063539505,0.05777132511138916,0.09550559520721436,0.03756582736968994,0.999166140357628,0.9977235644268443,0.9996472954816629,0.9857121470532824,0.9765445676007349,0.9906742878353803,0.06197202205657959,0.09711718559265137,0.03791821002960205,0.9990405580769954,0.9976462265292572,0.9996406492161758,-1.06594979763031,1.2010936737060547,0.012814157642424107,0.5320471938775511,-0.17719429101171244,
13,client_1,True,flip_global,clip01,pretrained,0.9263285398483276,0.06911802291870117,0.07358193397521973,0.030919551849365234,0.9988067436996069,0.998647797654282,0.9997610381640718,0.9829419202732124,0.9818552855391396,0.992314699402403,0.07933056354522705,0.0752725601196289,0.031183362007141113,0.9984285200451748,0.9985850138591481,0.9997569437998162,-1.1250343322753906,1.0535469055175781,-0.03170391917228699,0.5774075255102041,-0.18244961990094136,
13,client_2,False,flip_global,clip01,pretrained,0.8321325778961182,0.10823047161102295,0.03511691093444824,0.06411111354827881,0.9970779608311315,0.9996917719135716,0.9989732326544831,0.9734818880903955,0.9912782474934116,0.9841628842691676,0.10143327713012695,0.035010457038879395,0.06348955631256104,0.9974327762913446,0.9996936373862368,0.998993030198198,-0.8122922778129578,0.7610938549041748,0.014785541221499443,0.4764030612244898,0.5230214808315212,
13,client_3,False,flip_global,clip01,pretrained,0.7369838953018188,0.0733116865158081,0.06316089630126953,0.08032011985778809,0.998657702011535,0.999003420799599,0.9983891184423053,0.9819210196770269,0.984394857244201,0.9802184435874521,0.06759285926818848,0.062896728515625,0.08031964302062988,0.9988587790751808,0.9990117335003563,0.9983891375458029,-0.8886727690696716,0.9397174715995789,-0.056205689907073975,0.6234853316326531,0.6037870033591664,
13,client_4,False,flip_global,clip01,pretrained,0.8372394442558289,0.1001969575881958,0.03158116340637207,0.09149408340454102,0.9974948591997701,0.9997507041506051,0.997910488507902,0.9754137484527765,0.9921512200537186,0.9775130753328469,0.10337948799133301,0.031159162521362305,0.0922919511795044,0.9973335150085307,0.9997573208266815,0.9978739451168575,-1.0012121200561523,0.8229785561561584,-0.0038153319619596004,0.4823022959183674,0.5986192373581364,
13,client_5,False,flip_global,clip01,pretrained,0.8805131316184998,0.0808255672454834,0.028420567512512207,0.0398714542388916,0.9983688052699169,0.999798098413968,0.9996026852182325,0.9800958253462604,0.9929325448147177,0.9901061711945551,0.07837653160095215,0.02835261821746826,0.0398709774017334,0.9984660468718105,0.9997990625470878,0.9996026947186063,-0.8827341198921204,0.7539390325546265,0.005075674504041672,0.48222257653061223,0.564150998510864,
13,client_6,False,flip_global,clip01,pretrained,0.8503854274749756,0.12781870365142822,0.08070743083953857,0.03317427635192871,0.9959280731069109,0.9983735643503457,0.9997249236105821,0.9687954169633273,0.9801244824063555,0.9917577393263701,0.12940073013305664,0.08103430271148682,0.03308558464050293,0.9958269695945474,0.998360379508304,0.9997263921811534,-0.6713026762008667,1.055662989616394,0.05525581166148186,0.45065369897959184,0.7431251258735314,
13,client_7,False,flip_global,clip01,pretrained,0.8785483241081238,0.04766988754272461,0.08906865119934082,0.10802197456359863,0.9994321374223798,0.99801964013988,0.9970891835528761,0.9881882215827802,0.9780993521666961,0.9735319538104328,0.03695034980773926,0.0903017520904541,0.10853791236877441,0.9996587552734186,0.9979645111544448,0.9970613731547786,-0.9401137232780457,0.7980701327323914,-0.03534131497144699,0.5788424744897959,0.7713166976511217,
13,client_8,False,flip_global,clip01,pretrained,0.7118781805038452,0.1039196252822876,0.051801443099975586,0.05211949348449707,0.9973056349904261,0.9993294900019665,0.9993212353390062,0.9745178245018602,0.9871743636848529,0.9870963808240163,0.10970926284790039,0.050999999046325684,0.052607178688049316,0.996997746739662,0.999350067007966,0.9993084800470686,-1.0943527221679688,0.9530831575393677,-0.011490335687994957,0.5259885204081632,0.6686089786199891,
13,client_9,False,flip_global,clip01,pretrained,0.9252015948295593,0.09194052219390869,0.03862154483795166,0.04128587245941162,0.9978900798769661,0.9996271983372178,0.9995740053363855,0.9774052193865466,0.99041409369847,0.9897578942008194,0.08971238136291504,0.038599610328674316,0.04120755195617676,0.9979909545004089,0.9996276215526134,0.9995756195379515,-0.8049919605255127,0.8178480267524719,0.010750415734946728,0.5297353316326531,0.49632079932720347,
14,client_0,True,orig,raw,random,0.8670939207077026,0.04500436782836914,0.028713583946228027,0.055603742599487305,0.9994938439467191,0.9997939143832462,0.9992275038071696,0.9888431529070074,0.9928600699731593,0.9862426818635777,0.03548562526702881,0.02767360210418701,0.05419766902923584,0.99968526691229,0.9998085704250499,0.9992660574222858,-0.8180190324783325,1.014932632446289,-0.0021609324030578136,0.5165019132653061,-0.16645340076879528,
14,client_1,True,orig,raw,random,0.8679718375205994,0.03139209747314453,0.0552290678024292,0.06563615798950195,0.9997536795688426,0.9992378734256555,0.9989238430664971,0.992197932730891,0.98633443023937,0.9837907523480138,0.0312424898147583,0.055197954177856445,0.06571590900421143,0.9997560213609258,0.9992387313906701,0.9989212284328766,-0.8003879189491272,0.8308831453323364,0.0384540930390358,0.39668367346938777,-0.22019225668510028,
14,client_2,False,orig,raw,random,0.9050385355949402,0.12236380577087402,0.14788436889648438,0.0798029899597168,0.9962672578324985,0.9945548930008454,0.9984097698728058,0.9700970883769655,0.9640297608678063,0.9803439197621187,0.11131536960601807,0.15094244480133057,0.07799065113067627,0.996909404705236,0.9943283365533009,0.9984810971059148,-0.836264967918396,0.8316858410835266,-0.07939045131206512,0.627311862244898,0.5382706882204606,
14,client_3,False,orig,raw,random,0.8865668773651123,0.09446930885314941,0.069183349609375,0.06419503688812256,0.9977726153656552,0.9988044890523518,0.9989705448347874,0.9767946223493735,0.9829260050068278,0.9841424003217836,0.05777096748352051,0.06870138645172119,0.0593721866607666,0.9991661506749956,0.9988210733148482,0.9991193179963187,-0.8098660111427307,1.115708827972412,0.04178348928689957,0.4323182397959184,0.6130878225258395,
14,client_4,False,orig,raw,random,0.8665815591812134,0.05328488349914551,0.04815363883972168,0.03556060791015625,0.9992905580048659,0.9994205587040632,0.9996839357337328,0.9868107175095733,0.9880694312938316,0.9911687805428875,0.05835914611816406,0.048731446266174316,0.03574657440185547,0.9991490959348719,0.9994065757828496,0.9996806221269408,-0.9682031273841858,1.0237795114517212,-0.02858060784637928,0.5074139030612245,0.6190048219797895,
14,client_5,False,orig,raw,random,0.8698278069496155,0.08834195137023926,0.06375503540039062,0.08531439304351807,0.9980517762802357,0.9989845978101342,0.9981828439334586,0.9782751132272083,0.9842498026804174,0.9790078749390625,0.09793639183044434,0.06441783905029297,0.08647012710571289,0.9976064214064704,0.9989633921260581,0.9981333467016904,-0.8773980736732483,0.8777357339859009,0.04419226199388504,0.4317602040816326,0.46669919424251977,
14,client_6,False,orig,raw,random,0.891001284122467,0.11996126174926758,0.03795945644378662,0.07226812839508057,0.9964120085305173,0.9996398672179296,0.9986956068928354,0.9706712270575104,0.9905772612739141,0.9821749134657927,0.14322733879089355,0.03629946708679199,0.07492733001708984,0.9948911425139451,0.9996706685393406,0.9985979498602837,-0.6714698076248169,0.889268696308136,0.02375934273004532,0.4893176020408163,0.7132298540764096,
14,client_7,False,orig,raw,random,0.8744468688964844,0.12669634819030762,0.0698317289352417,0.04485023021697998,0.9959990552163469,0.9987819962040667,0.9994973038204482,0.9690630239103313,0.9827680640508356,0.988881045197231,0.11579394340515137,0.0701911449432373,0.043166279792785645,0.996656349413602,0.9987694376870642,0.9995343307720654,-0.7224228382110596,0.8250879645347595,0.06758477538824081,0.3294005102040816,0.7927080641819447,
14,client_8,False,orig,raw,random,0.8415812849998474,0.028449416160583496,0.06463289260864258,0.07020258903503418,0.9997976883827686,0.9989564647430123,0.9987690367586965,0.9929254090224,0.9840355391950975,0.9826777420839727,0.026335477828979492,0.0644235610961914,0.07021641731262207,0.9998266331972168,0.9989632081034971,0.9987685522167007,-0.9810582399368286,1.3644319772720337,0.050829142332077026,0.434390943877551,0.6389194227494894,
14,client_9,False,orig,raw,random,0.9046551585197449,0.05834007263183594,0.08306920528411865,0.0628058910369873,0.9991496516902354,0.9982771062993838,0.9990145839029878,0.9855730120480886,0.9795518112195036,0.9844815444051931,0.06858706474304199,0.08454883098602295,0.06266188621520996,0.9988249901521153,0.998215266356546,0.9990190942343478,-0.8183727860450745,1.017544150352478,0.0580516941845417,0.38400829081632654,0.5664744321449922,
14,client_0,True,orig,raw,pretrained,0.8670939207077026,0.048838019371032715,0.056864261627197266,0.099617600440979,0.9994039785313404,0.9991921037938141,0.9975236921346353,0.9879014109558328,0.9859341066620435,0.975553291898547,0.04063618183135986,0.0578150749206543,0.09866213798522949,0.9995873029652076,0.9991648777190523,0.9975708801969017,-0.8180190324783325,1.014932632446289,-0.0021609324030578136,0.5165019132653061,-0.16645340076879528,0.2724345922470093
14,client_1,True,orig,raw,pretrained,0.8679718375205994,0.03965640068054199,0.11736118793487549,0.11020731925964355,0.9996069583710259,0.996565460675094,0.9969704878111023,0.9901591406661856,0.9712931447144704,0.9730073860964674,0.045325398445129395,0.11855685710906982,0.11163568496704102,0.9994865998344884,0.9964953074102321,0.9968916339889136,-0.8003879189491272,0.8308831453323364,0.0384540930390358,0.39668367346938777,-0.22019225668510028,0.41619157791137695
14,client_2,False,orig,raw,pretrained,0.9050385355949402,0.11106514930725098,0.1442549228668213,0.06974387168884277,0.996923251435947,0.9948178587967766,0.998785056293656,0.9728015895060218,0.9648891534064117,0.9827894632693843,0.09523129463195801,0.1418895721435547,0.07035839557647705,0.9977365997249497,0.9949857743782538,0.9987635718074355,-0.836264967918396,0.8316858410835266,-0.07939045131206512,0.627311862244898,0.5382706882204606,0.5117571353912354
14,client_3,False,orig,raw,pretrained,0.8865668773651123,0.032610535621643066,0.04130220413208008,0.052608370780944824,0.9997341912442355,0.9995736683515593,0.9993084487229125,0.9918969500852657,0.9897538738712861,0.9869765308906819,0.030829310417175293,0.04118847846984863,0.05288517475128174,0.999762430742658,0.9995760121828765,0.9993011560762983,-0.8098660111427307,1.115708827972412,0.04178348928689957,0.4323182397959184,0.6130878225258395,0.2705613374710083
14,client_4,False,orig,raw,pretrained,0.8665815591812134,0.0714646577835083,0.04760086536407471,0.030274152755737305,0.9987244223117835,0.9994337799730164,0.9997709082886062,0.9823704620049794,0.9882051724617165,0.9924742117162142,0.05523502826690674,0.04661548137664795,0.02842390537261963,0.9992377090094862,0.9994569704862599,0.9997980509936102,-0.9682031273841858,1.0237795114517212,-0.02858060784637928,0.5074139030612245,0.6190048219797895,0.4279003143310547
14,client_5,False,orig,raw,pretrained,0.8698278069496155,0.06300175189971924,0.08188271522521973,0.05686044692993164,0.9990084328364668,0.9983259101453876,0.9991922121187491,0.9844337165930757,0.9798394425618075,0.9859350402817817,0.08043301105499268,0.0829167366027832,0.05678701400756836,0.9983845925128425,0.9982834168993979,0.9991942959607671,-0.8773980736732483,0.8777357339859009,0.04419226199388504,0.4317602040816326,0.46669919424251977,0.2844967842102051
14,client_6,False,orig,raw,pretrained,0.891001284122467,0.05452883243560791,0.0452190637588501,0.0535355806350708,0.9992570658315663,0.9994890049896625,0.9992838702656122,0.9865059345017948,0.9887903769441264,0.9867492822152928,0.0525590181350708,0.04424118995666504,0.053801536560058594,0.9993097449506099,0.9995108587962949,0.9992767412331474,-0.6714698076248169,0.889268696308136,0.02375934273004532,0.4893176020408163,0.7132298540764096,0.3599895238876343
14,client_7,False,orig,raw,pretrained,0.8744468688964844,0.07912230491638184,0.07756352424621582,0.04844176769256592,0.9984367504508951,0.9984976698239698,0.9994136068062078,0.9805091176427607,0.9808875811242506,0.9879986883640206,0.058966636657714844,0.07543683052062988,0.04785501956939697,0.9991313003351585,0.9985788377470548,0.9994277200225457,-0.7224228382110596,0.8250879645347595,0.06758477538824081,0.3294005102040816,0.7927080641819447,0.4561210870742798
14,client_8,False,orig,raw,pretrained,0.8415812849998474,0.06276845932006836,0.0830240249633789,0.09298408031463623,0.9990157572833376,0.9982789774920009,0.997841989336794,0.9844906853578146,0.9795627616037808,0.9771531739875425,0.07020401954650879,0.0838632583618164,0.09305274486541748,0.9987689866380718,0.9982440544172957,0.9978388061429662,-0.9810582399368286,1.3644319772720337,0.050829142332077026,0.434390943877551,0.6389194227494894,0.19257855415344238
14,client_9,False,orig,raw,pretrained,0.9046551585197449,0.05714082717895508,0.04784393310546875,0.030461549758911133,0.9991842309207932,0.9994279850356873,0.9997680638502582,0.9858664227658516,0.988145480371025,0.9924278920237932,0.06271719932556152,0.04744255542755127,0.030376076698303223,0.9990173630102228,0.9994375383686944,0.9997693633938094,-0.8183727860450745,1.017544150352478,0.0580516941845417,0.38400829081632654,0.5664744321449922,0.30975091457366943
14,client_0,True,orig,clip01,random,0.8670939207077026,0.0673372745513916,0.03051471710205078,0.10151898860931396,0.9988673858961561,0.9997672536461812,0.997428444207344,0.9833759055054363,0.9924147510223249,0.975095437425886,0.06212437152862549,0.03029942512512207,0.10114002227783203,0.9990358383893947,0.9997705257107634,0.9974475707006534,-0.8180190324783325,1.014932632446289,-0.0021609324030578136,0.5165019132653061,-0.16645340076879528,
14,client_1,True,orig,clip01,random,0.8679718375205994,0.04347813129425049,0.1381545066833496,0.15084314346313477,0.9995275804767481,0.9952453564138748,0.9943357648699991,0.9892184500304952,0.9663362251088112,0.9633300224988628,0.04417014122009277,0.14044463634490967,0.15314185619354248,0.9995124280244139,0.9950870046111793,0.994162576249009,-0.8003879189491272,0.8308831453323364,0.0384540930390358,0.39668367346938777,-0.22019225668510028,
14,client_2,False,orig,clip01,random,0.9050385355949402,0.1223527193069458,0.10507047176361084,0.0499727725982666,0.9962679322987265,0.9972457516690094,0.999375972711241,0.9700997365506678,0.9742411035159617,0.9876229153515144,0.0796349048614502,0.10251522064208984,0.0501171350479126,0.9984164537145555,0.9973778256784365,0.9993723637957264,-0.836264967918396,0.8316858410835266,-0.07939045131206512,0.627311862244898,0.5382706882204606,
14,client_3,False,orig,clip01,random,0.8865668773651123,0.05122804641723633,0.06569409370422363,0.06722044944763184,0.9993442445052156,0.9989219439609978,0.998871309162854,0.9873149783350545,0.9837766193968716,0.9834043869406963,0.05249786376953125,0.06612789630889893,0.06726300716400146,0.9993113494615473,0.9989076710456115,0.9988698807589897,-0.8098660111427307,1.115708827972412,0.04178348928689957,0.4323182397959184,0.6130878225258395,
14,client_4,False,orig,clip01,random,0.8665815591812134,0.04330456256866455,0.043927669525146484,0.03720653057098389,0.9995313435095834,0.9995177644469244,0.9996540083296346,0.9892611436101231,0.9891078876847892,0.990762864202289,0.0363999605178833,0.04299187660217285,0.03703737258911133,0.9996688429903051,0.9995380847232933,0.9996571464448765,-0.9682031273841858,1.0237795114517212,-0.02858060784637928,0.5074139030612245,0.6190048219797895,
14,client_5,False,orig,clip01,random,0.8698278069496155,0.07590270042419434,0.07725667953491211,0.04117441177368164,0.9985612494081701,0.9985095196155112,0.9995763016421879,0.9812910614477626,0.980962107183097,0.989785332870553,0.09937989711761475,0.07983088493347168,0.041821956634521484,0.9975354739303186,0.9984086592825343,0.9995628743478622,-0.8773980736732483,0.8777357339859009,0.04419226199388504,0.4317602040816326,0.46669919424251977,
14,client_6,False,orig,clip01,random,0.891001284122467,0.13463139533996582,0.05217432975769043,0.11519420146942139,0.9954839514376166,0.9993198070248781,0.9966908100596119,0.9671734228694056,0.9870829364375362,0.971811928441852,0.12706434726715088,0.051139116287231445,0.1183624267578125,0.9959758496742475,0.9993465181520773,0.9965067630929891,-0.6714698076248169,0.889268696308136,0.02375934273004532,0.4893176020408163,0.7132298540764096,
14,client_7,False,orig,clip01,random,0.8744468688964844,0.18193364143371582,0.10065603256225586,0.041901350021362305,0.9917761166005725,0.9974718945217995,0.999561213670205,0.9560231428357688,0.9753031973427893,0.989606400471265,0.13019824028015137,0.0991295576095581,0.04054057598114014,0.9957755370511081,0.9975478518339902,0.9995892420102825,-0.7224228382110596,0.8250879645347595,0.06758477538824081,0.3294005102040816,0.7927080641819447,
14,client_8,False,orig,clip01,random,0.8415812849998474,0.051755666732788086,0.09165573120117188,0.14382994174957275,0.999330673928327,0.9979031102946032,0.9948482295172858,0.9871855883659366,0.9774740204889667,0.9649898571227338,0.06387853622436523,0.09452927112579346,0.14684247970581055,0.9989806631096325,0.9977697916365584,0.9946310393341797,-0.9810582399368286,1.3644319772720337,0.050829142332077026,0.434390943877551,0.6389194227494894,
14,client_9,False,orig,clip01,random,0.9046551585197449,0.09478425979614258,0.10631108283996582,0.03131759166717529,0.9977577638948176,0.9971804649815954,0.9997548471972979,0.9767186148694202,0.973942930749053,0.9922163418486862,0.10334253311157227,0.10813868045806885,0.031201720237731934,0.9973354172239983,0.9970829042951084,0.9997566575843282,-0.8183727860450745,1.017544150352478,0.0580516941845417,0.38400829081632654,0.5664744321449922,
14,client_0,True,orig,clip01,pretrained,0.8670939207077026,0.045664072036743164,0.0578535795211792,0.08946597576141357,0.9994789018783541,0.9991637656706682,0.9980019589820597,0.9886809996927495,0.9856920230012667,0.9780032745042437,0.03954648971557617,0.05876803398132324,0.08869767189025879,0.9996091334081463,0.9991371383503476,0.9980360782975064,-0.8180190324783325,1.014932632446289,-0.0021609324030578136,0.5165019132653061,-0.16645340076879528,
14,client_1,True,orig,clip01,pretrained,0.8679718375205994,0.04217946529388428,0.1135094165802002,0.10922610759735107,0.999555371503448,0.9967866682867066,0.9970240731963582,0.9895379565539799,0.9722155590504191,0.973242862546037,0.04784107208251953,0.11502039432525635,0.11038732528686523,0.9994280534162252,0.9967007637539835,0.9969606058726381,-0.8003879189491272,0.8308831453323364,0.0384540930390358,0.39668367346938777,-0.22019225668510028,
14,client_2,False,orig,clip01,pretrained,0.9050385355949402,0.11684846878051758,0.16188907623291016,0.06345069408416748,0.9965953277526141,0.9934800407199922,0.9989942616321883,0.9714158538151425,0.9607244323494213,0.9843241013013482,0.10307908058166504,0.16141867637634277,0.06398177146911621,0.9973489586299922,0.9935176914938577,0.9989773682396426,-0.836264967918396,0.8316858410835266,-0.07939045131206512,0.627311862244898,0.5382706882204606,
14,client_3,False,orig,clip01,pretrained,0.8865668773651123,0.03353297710418701,0.0417475700378418,0.05328369140625,0.9997189441200027,0.9995644274439306,0.9992905897309847,0.9916691766263401,0.9896442486361736,0.9868110096549749,0.03293466567993164,0.0417485237121582,0.05334115028381348,0.9997288820904529,0.9995644075499159,0.9992890597263784,-0.8098660111427307,1.115708827972412,0.04178348928689957,0.4323182397959184,0.6130878225258395,
14,client_4,False,orig,clip01,pretrained,0.8665815591812134,0.08064770698547363,0.04952120780944824,0.03176522254943848,0.998375967667009,0.9993871942882311,0.9997477903765297,0.9801389704602883,0.9877337260448542,0.9921057475780863,0.058536410331726074,0.04890596866607666,0.02988719940185547,0.9991439222159024,0.9994023196088877,0.9997767262234136,-0.9682031273841858,1.0237795114517212,-0.02858060784637928,0.5074139030612245,0.6190048219797895,
14,client_5,False,orig,clip01,pretrained,0.8698278069496155,0.06551599502563477,0.07475161552429199,0.050676584243774414,0.9989277766276292,0.9986045112590247,0.9993582799732537,0.9838200661070129,0.9815708520417692,0.987450242319577,0.07248294353485107,0.07484054565429688,0.05064892768859863,0.998687848462877,0.998601192414146,0.999358979878012,-0.8773980736732483,0.8777357339859009,0.04419226199388504,0.4317602040816326,0.46669919424251977,
14,client_6,False,orig,clip01,pretrained,0.891001284122467,0.048998355865478516,0.04244697093963623,0.053484559059143066,0.9994000603631283,0.9995497157892606,0.9992852338849327,0.9878620533934093,0.9894721303579241,0.9867617849863906,0.04755449295043945,0.041962504386901855,0.05348312854766846,0.9994348821830257,0.9995599323550399,0.9992852720985521,-0.6714698076248169,0.889268696308136,0.02375934273004532,0.4893176020408163,0.7132298540764096,
14,client_7,False,orig,clip01,pretrained,0.8744468688964844,0.0824434757232666,0.06596207618713379,0.05216705799102783,0.9983029314591081,0.9989131378921172,0.9993199965179567,0.979703486059671,0.9837112511921391,0.9870847192642873,0.06051218509674072,0.06456255912780762,0.05155587196350098,0.9990851969973615,0.9989587328833127,0.9993358290444798,-0.7224228382110596,0.8250879645347595,0.06758477538824081,0.3294005102040816,0.7927080641819447,
14,client_8,False,orig,clip01,pretrained,0.8415812849998474,0.05404865741729736,0.08239758014678955,0.09604620933532715,0.9992700854856977,0.9983048180178369,0.9976977643789711,0.986623566628887,0.9797146123879796,0.9764141561519899,0.05863690376281738,0.08293497562408447,0.09615552425384521,0.9991409822147104,0.9982826626030488,0.9976925298997961,-0.9810582399368286,1.3644319772720337,0.050829142332077026,0.434390943877551,0.6389194227494894,
14,client_9,False,orig,clip01,pretrained,0.9046551585197449,0.06399381160736084,0.0488663911819458,0.028231143951416016,0.9989769836195779,0.9994032861384243,0.9998007803991442,0.9841915163133288,0.9878944463979755,0.9929794011639976,0.06523454189300537,0.048573970794677734,0.028000831604003906,0.9989369619349888,0.9994104031884852,0.9998040171690918,-0.8183727860450745,1.017544150352478,0.0580516941845417,0.38400829081632654,0.5664744321449922,
14,client_0,True,flip,raw,random,0.7328786849975586,0.07777953147888184,0.1411358118057251,0.09961175918579102,0.9984892999682036,0.9950387091496058,0.9975239819920299,0.9808351226553125,0.9656286267364247,0.9755546989706669,0.09008562564849854,0.14323866367340088,0.10136675834655762,0.997974228101371,0.99489033767386,0.997436135823577,-0.982863187789917,0.8394470810890198,-5.834412877447903e-05,0.5482302295918368,-0.16645340076879528,
14,client_1,True,flip,raw,random,0.8484471440315247,0.09696376323699951,0.07168054580688477,0.07726895809173584,0.997653644391606,0.9987167113006239,0.9985090463378421,0.976192875983829,0.982317913474178,0.9809591248193654,0.1026313304901123,0.07346129417419434,0.0758671760559082,0.9973718942289547,0.998652223493125,0.9985625943838528,-1.0216680765151978,0.9073179364204407,-0.02397332154214382,0.5709502551020408,-0.22019225668510028,
14,client_2,False,flip,raw,random,0.9185315370559692,0.08599543571472168,0.11260330677032471,0.10242652893066406,0.9981537567120287,0.9968376442825801,0.9973823519900478,0.9788429699779513,0.9724327434763449,0.9748770153502819,0.06266629695892334,0.10988903045654297,0.1004873514175415,0.9990189562400298,0.9969879220607192,0.9974803447024154,-0.6400566697120667,0.912579357624054,0.07019864767789841,0.3872767857142857,0.5382706882204606,
14,client_3,False,flip,raw,random,0.730113685131073,0.1090700626373291,0.04797077178955078,0.14158129692077637,0.997032551266622,0.9994249493963727,0.9950074573695344,0.973280318939832,0.9881143337285585,0.9655229598244663,0.13625109195709229,0.048369407653808594,0.1446666121482849,0.9953750157616332,0.9994153565833774,0.9947883538466296,-0.7729739546775818,0.8206865787506104,-0.03120441362261772,0.5778061224489796,0.6130878225258395,
14,client_4,False,flip,raw,random,0.8096701502799988,0.13341593742370605,0.06454825401306152,0.06403040885925293,0.9955648552656418,0.9989591938987106,0.9989758140839549,0.9674625051434547,0.9840561943578185,0.9841825832141577,0.10129749774932861,0.06381773948669434,0.06097984313964844,0.997439631507175,0.9989826010247873,0.9990710124542488,-0.7264646887779236,0.9289776682853699,0.05681835487484932,0.41956313775510207,0.6190048219797895,
14,client_5,False,flip,raw,random,0.722213864326477,0.0957794189453125,0.033721208572387695,0.0762472152709961,0.9977105146502072,0.9997157806231396,0.9985481733319894,0.9764785102871516,0.9916227072946184,0.9812073445801834,0.08311069011688232,0.03274273872375488,0.07543563842773438,0.998275387267596,0.9997320321324901,0.998578882614737,-0.8030542731285095,0.9513821005821228,-0.028794631361961365,0.5873724489795918,0.46669919424251977,
14,client_6,False,flip,raw,random,0.7544088363647461,0.268388032913208,0.0857158899307251,0.08289098739624023,0.9822323431425763,0.9981657238950565,0.9982844815073799,0.93613687477782,0.9789106530359908,0.9795950070742621,0.24115705490112305,0.0862417221069336,0.07911872863769531,0.9856178618696729,0.9981431812352493,0.9984368915977908,-0.84968101978302,0.6137298941612244,-0.023382876068353653,0.5446428571428571,0.7132298540764096,
14,client_7,False,flip,raw,random,0.6429373621940613,0.20358753204345703,0.05801951885223389,0.15475082397460938,0.9897180134802648,0.9991589647403232,0.9940398232152534,0.9509831312757595,0.9856514267902974,0.9624070401226008,0.17992162704467773,0.05527973175048828,0.1574617624282837,0.9919559145667098,0.9992364753239442,0.9938301482242224,-1.0316091775894165,0.991208016872406,-0.06963945925235748,0.6717952806122449,0.7927080641819447,
14,client_8,False,flip,raw,random,0.525350034236908,0.12125611305236816,0.042056918144226074,0.055176377296447754,0.9963343478143134,0.9995579505195888,0.9992393260946515,0.970361731595728,0.9895681144213795,0.9863473338381301,0.1005091667175293,0.042157888412475586,0.051659226417541504,0.997479252644109,0.9995558261344892,0.9993331647713111,-0.9962893724441528,0.9808347821235657,-0.028465310111641884,0.5806760204081632,0.6389194227494894,
14,client_9,False,flip,raw,random,0.7015685439109802,0.10396528244018555,0.05155956745147705,0.08063268661499023,0.9973032717201014,0.999335733873914,0.9983765718153317,0.9745068439924671,0.98723367543049,0.9801426142130647,0.10064148902893066,0.05231976509094238,0.07975316047668457,0.9974726236426814,0.9993160116280662,0.9984117527864103,-1.052612543106079,0.9064888954162598,-0.02352922223508358,0.5919961734693877,0.5664744321449922,
14,client_0,True,flip,raw,pretrained,0.7328786849975586,0.05794632434844971,0.09811365604400635,0.1364758014678955,0.9991610840827725,0.9975977644747067,0.9953598010292424,0.9856693331430184,0.9759156705146812,0.9667350004206785,0.06151270866394043,0.10029947757720947,0.13830971717834473,0.9990547173730491,0.9974897397949405,0.9952347053856041,-0.982863187789917,0.8394470810890198,-5.834412877447903e-05,0.5482302295918368,-0.16645340076879528,0.3868509531021118
14,client_1,True,flip,raw,pretrained,0.8484471440315247,0.0240018367767334,0.11026501655578613,0.0990133285522461,0.9998559935131286,0.9969673220955295,0.997553588183743,0.9940264391050178,0.9729935422521307,0.9756988682204617,0.02131497859954834,0.11081528663635254,0.10019636154174805,0.9998864275967712,0.9969370475694941,0.9974948889485591,-1.0216680765151978,0.9073179364204407,-0.02397332154214382,0.5709502551020408,-0.22019225668510028,0.43477368354797363
14,client_2,False,flip,raw,pretrained,0.9185315370559692,0.11301684379577637,0.07910072803497314,0.05083656311035156,0.9968144296805639,0.9984376019407479,0.9993542239035162,0.9723336142232446,0.9805143548962922,0.9874109994503064,0.10739028453826904,0.0798335075378418,0.0487591028213501,0.9971230544284839,0.9984085548481987,0.9994059023199275,-0.6400566697120667,0.912579357624054,0.07019864767789841,0.3872767857142857,0.5382706882204606,0.3034210205078125
14,client_3,False,flip,raw,pretrained,0.730113685131073,0.053186893463134766,0.05163991451263428,0.09825599193572998,0.9992931635280862,0.9993336629985197,0.9975908020636326,0.9868347322947408,0.9872139724634827,0.9758813657204104,0.03858613967895508,0.051506876945495605,0.09680056571960449,0.9996278813430355,0.9993370901785135,0.9976615220943161,-0.7729739546775818,0.8206865787506104,-0.03120441362261772,0.5778061224489796,0.6130878225258395,0.4623873233795166
14,client_4,False,flip,raw,pretrained,0.8096701502799988,0.17283153533935547,0.11608755588531494,0.03749990463256836,0.9925739360205172,0.9966394141048307,0.9996485319629789,0.958153674192723,0.9715980060468097,0.9906905386808418,0.1652747392654419,0.11688041687011719,0.0362701416015625,0.9932058849811218,0.9965934704835395,0.9996712003114963,-0.7264646887779236,0.9289776682853699,0.05681835487484932,0.41956313775510207,0.6190048219797895,0.3254690170288086
14,client_5,False,flip,raw,pretrained,0.722213864326477,0.06825554370880127,0.05623793601989746,0.048249244689941406,0.9988363118149677,0.9992097922719716,0.9994182565405558,0.9831520787155619,0.9860874131287687,0.9880459567939099,0.05903613567352295,0.05603837966918945,0.04777026176452637,0.9991292527402313,0.999215387020288,0.9994297445337166,-0.8030542731285095,0.9513821005821228,-0.028794631361961365,0.5873724489795918,0.46669919424251977,0.33893048763275146
14,client_6,False,flip,raw,pretrained,0.7544088363647461,0.22337865829467773,0.04971754550933838,0.10207200050354004,0.9876412565809922,0.9993823277057592,0.9974004062463195,0.9464115244138624,0.9876855439182934,0.9749623326613477,0.20742177963256836,0.0490337610244751,0.1026531457901001,0.9893302113689659,0.9993991934337727,0.9973707790551583,-0.84968101978302,0.6137298941612244,-0.023382876068353653,0.5446428571428571,0.7132298540764096,0.46338188648223877
14,client_7,False,flip,raw,pretrained,0.6429373621940613,0.1126701831817627,0.0774611234664917,0.11006307601928711,0.9968338957752196,0.9985016295567246,0.9969783949168518,0.9724167114559141,0.9809124511524157,0.9730419970011845,0.0929642915725708,0.07627177238464355,0.11052536964416504,0.9978429062822189,0.9985472390145669,0.996953016711789,-1.0316091775894165,0.991208016872406,-0.06963945925235748,0.6717952806122449,0.7927080641819447,0.6236269474029541
14,client_8,False,flip,raw,pretrained,0.525350034236908,0.09963464736938477,0.026050448417663574,0.06920087337493896,0.9975228461278207,0.9998303651193963,0.9988038838863265,0.9755491855626377,0.9935190632134134,0.9829217358314521,0.07341480255126953,0.025466084480285645,0.06734836101531982,0.9986539271721784,0.999837889347907,0.9988670132334345,-0.9962893724441528,0.9808347821235657,-0.028465310111641884,0.5806760204081632,0.6389194227494894,0.4199477434158325
14,client_9,False,flip,raw,pretrained,0.7015685439109802,0.09519481658935547,0.026520848274230957,0.06038975715637207,0.9977383304273584,0.9998241843385065,0.9990888923748753,0.9766195480475965,0.9934026149953887,0.9850718338654181,0.08712387084960938,0.026067614555358887,0.05951237678527832,0.9981050552106503,0.9998301415098825,0.9991151569019356,-1.052612543106079,0.9064888954162598,-0.02352922223508358,0.5919961734693877,0.5664744321449922,0.4340946674346924
14,client_0,True,flip,clip01,random,0.7328786849975586,0.06780922412872314,0.1204756498336792,0.18418383598327637,0.9988514675863216,0.9963812560406726,0.991572724801538,0.9832608589215959,0.9705482602333968,0.9554975367021192,0.10584205389022827,0.12282919883728027,0.18971657752990723,0.9972052367929298,0.996238890248399,0.9910622731117029,-0.982863187789917,0.8394470810890198,-5.834412877447903e-05,0.5482302295918368,-0.16645340076879528,
14,client_1,True,flip,clip01,random,0.8484471440315247,0.039843082427978516,0.06245756149291992,0.05916905403137207,0.9996032502929741,0.9990254761123594,0.9991253299711396,0.9901131591629693,0.984566612587799,0.9853702677580589,0.04145848751068115,0.06316673755645752,0.059041619300842285,0.9995704368968967,0.999003236597344,0.9991290910780339,-1.0216680765151978,0.9073179364204407,-0.02397332154214382,0.5709502551020408,-0.22019225668510028,
14,client_2,False,flip,clip01,random,0.9185315370559692,0.16617727279663086,0.06999015808105469,0.09204673767089844,0.9931318634351614,0.9987764683765004,0.9978852097757922,0.9597157550302888,0.9827294775395896,0.9773795612301068,0.18254733085632324,0.07122564315795898,0.09348118305206299,0.9917208878667929,0.9987329323243646,0.9978188916135173,-0.6400566697120667,0.912579357624054,0.07019864767789841,0.3872767857142857,0.5382706882204606,
14,client_3,False,flip,clip01,random,0.730113685131073,0.18098556995391846,0.0787050724029541,0.0960233211517334,0.9918610813308129,0.9984531747430418,0.9976988596172403,0.9562447258429241,0.9806103979459349,0.9764196769004911,0.1318303346633911,0.07495033740997314,0.09433364868164062,0.9956693085231252,0.9985970895996572,0.9977789972740092,-0.7729739546775818,0.8206865787506104,-0.03120441362261772,0.5778061224489796,0.6130878225258395,
14,client_4,False,flip,clip01,random,0.8096701502799988,0.062241554260253906,0.11455118656158447,0.08585119247436523,0.9990322002826371,0.996727560320368,0.9981599365151876,0.9846193708835251,0.9719659483833127,0.9788778929814288,0.058902621269226074,0.11677408218383789,0.0842658281326294,0.9991331842418827,0.9965996501930388,0.9982271782593981,-0.7264646887779236,0.9289776682853699,0.05681835487484932,0.41956313775510207,0.6190048219797895,
14,client_5,False,flip,clip01,random,0.722213864326477,0.053435444831848145,0.04463374614715576,0.057233452796936035,0.9992865453022592,0.9995021431504878,0.9991815856691808,0.9867738205887477,0.9889342680558828,0.9858437560542026,0.06226909160614014,0.04554784297943115,0.056711554527282715,0.9990313443540837,0.9994815501809402,0.9991964345127526,-0.8030542731285095,0.9513821005821228,-0.028794631361961365,0.5873724489795918,0.46669919424251977,
14,client_6,False,flip,clip01,random,0.7544088363647461,0.24349629878997803,0.06781303882598877,0.24463331699371338,0.9853405837602334,0.9988513384696311,0.9852048853191431,0.9417982639348856,0.9832599290997086,0.9415385393544904,0.23205947875976562,0.06726336479187012,0.25291597843170166,0.9866718469631544,0.9988698687517785,0.9841981848566634,-0.84968101978302,0.6137298941612244,-0.023382876068353653,0.5446428571428571,0.7132298540764096,
14,client_7,False,flip,clip01,random,0.6429373621940613,0.11722779273986816,0.06838762760162354,0.10607671737670898,0.9965732437097643,0.998831807613564,0.9971928565932044,0.9713250679530698,0.9831198897464175,0.9739992484593725,0.06701099872589111,0.06629550457000732,0.10416579246520996,0.9988783260215086,0.9989021313440436,0.9972928808858001,-1.0316091775894165,0.991208016872406,-0.06963945925235748,0.6717952806122449,0.7927080641819447,
14,client_8,False,flip,clip01,random,0.525350034236908,0.17783331871032715,0.0499492883682251,0.10618793964385986,0.9921404665562414,0.9993765588106187,0.9971869793160304,0.956982024167965,0.987628677749768,0.9739725212863708,0.09768021106719971,0.04983329772949219,0.10062980651855469,0.9976189048702107,0.9993794495729031,0.99747320925422,-0.9962893724441528,0.9808347821235657,-0.028465310111641884,0.5806760204081632,0.6389194227494894,
14,client_9,False,flip,clip01,random,0.7015685439109802,0.11210155487060547,0.022526144981384277,0.07738924026489258,0.9968656977925396,0.9998731552665518,0.9985044060952171,0.9725530391552741,0.9943921618966816,0.9809299099564546,0.11138951778411865,0.022148609161376953,0.07908058166503906,0.9969052955520317,0.9998773710576154,0.9984383967695674,-1.052612543106079,0.9064888954162598,-0.02352922223508358,0.5919961734693877,0.5664744321449922,
14,client_0,True,flip,clip01,pretrained,0.7328786849975586,0.059708476066589355,0.09150612354278564,0.13798534870147705,0.9991093199025909,0.9979099393968094,0.9952569511370544,0.9852383747234372,0.9775101662998713,0.9663763972820354,0.056279897689819336,0.09263980388641357,0.13839709758758545,0.9992086133128006,0.9978579143193036,0.99522870388308,-0.982863187789917,0.8394470810890198,-5.834412877447903e-05,0.5482302295918368,-0.16645340076879528,
14,client_1,True,flip,clip01,pretrained,0.8484471440315247,0.02226877212524414,0.10094070434570312,0.0916905403137207,0.999876036973339,0.9974576018245986,0.9979015197822747,0.9944559676510487,0.9752346541943853,0.9774656107553523,0.01949930191040039,0.10139679908752441,0.09211122989654541,0.9999049510825182,0.9974346188862733,0.9978822500072466,-1.0216680765151978,0.9073179364204407,-0.02397332154214382,0.5709502551020408,-0.22019225668510028,
14,client_2,False,flip,clip01,pretrained,0.9185315370559692,0.11994028091430664,0.08805704116821289,0.0558243989944458,0.9964132600987019,0.9980643041654371,0.9992213641237824,0.970676243118604,0.9783440351112587,0.9861886546889886,0.10961878299713135,0.08840727806091309,0.05318021774291992,0.9970026856237526,0.9980488981077107,0.9992933408591937,-0.6400566697120667,0.912579357624054,0.07019864767789841,0.3872767857142857,0.5382706882204606,
14,client_3,False,flip,clip01,pretrained,0.730113685131073,0.045444369316101074,0.04715538024902344,0.09612298011779785,0.9994839021791881,0.9994443242187938,0.9976940888743353,0.9887349974970274,0.9883145878542041,0.9763956389835784,0.03376436233520508,0.04700350761413574,0.09460902214050293,0.9997150528698311,0.9994478962885105,0.9977660332630574,-0.7729739546775818,0.8206865787506104,-0.03120441362261772,0.5778061224489796,0.6130878225258395,
14,client_4,False,flip,clip01,pretrained,0.8096701502799988,0.17685425281524658,0.11597645282745361,0.03787529468536377,0.9922262661321339,0.9966458274242529,0.9996414619544713,0.9572111973998418,0.9716246069034324,0.9905980053063577,0.1668846607208252,0.11661911010742188,0.03651595115661621,0.9930735708412619,0.9966086465267074,0.9996667296530755,-0.7264646887779236,0.9289776682853699,0.05681835487484932,0.41956313775510207,0.6190048219797895,
14,client_5,False,flip,clip01,pretrained,0.722213864326477,0.06343185901641846,0.04988372325897217,0.04918479919433594,0.9989948581917047,0.9993781936731359,0.9993954880980183,0.9843286997691252,0.9876447659307381,0.9878162903836665,0.050995707511901855,0.04945361614227295,0.04792213439941406,0.9993501763308299,0.999388865221539,0.9994261143869394,-0.8030542731285095,0.9513821005821228,-0.028794631361961365,0.5873724489795918,0.46669919424251977,
14,client_6,False,flip,clip01,pretrained,0.7544088363647461,0.24277937412261963,0.04742097854614258,0.09994959831237793,0.9854258351419958,0.999438049652023,0.9975071898587842,0.9419620835743128,0.9882493521914923,0.975473323521282,0.2098461389541626,0.0466686487197876,0.09931659698486328,0.9890813940077976,0.9994557315799129,0.997538606698894,-0.84968101978302,0.6137298941612244,-0.023382876068353653,0.5446428571428571,0.7132298540764096,
14,client_7,False,flip,clip01,pretrained,0.6429373621940613,0.10549712181091309,0.08392667770385742,0.1024634838104248,0.9972233851064451,0.9982414011448419,0.9973804664992365,0.9741385455045728,0.979344019892848,0.9748681227988505,0.08333408832550049,0.08285212516784668,0.10258126258850098,0.9982661155038262,0.9982860876539361,0.9973744527550792,-1.0316091775894165,0.991208016872406,-0.06963945925235748,0.6717952806122449,0.7927080641819447,
14,client_8,False,flip,clip01,pretrained,0.525350034236908,0.08594942092895508,0.024590253829956055,0.06371772289276123,0.9981557292409406,0.9998488469917559,0.9989857850825934,0.9788541105015272,0.9938806671453368,0.9842589113026614,0.06320762634277344,0.024143576622009277,0.0609440803527832,0.9990019467060172,0.9998542878529564,0.9990721010212771,-0.9962893724441528,0.9808347821235657,-0.028465310111641884,0.5806760204081632,0.6389194227494894,
14,client_9,False,flip,clip01,pretrained,0.7015685439109802,0.09930276870727539,0.026412367820739746,0.060532331466674805,0.9975392908064931,0.9998256195162991,0.999084588182126,0.9756291345577994,0.9934294676840758,0.9850369865663606,0.08739233016967773,0.026053905487060547,0.05956602096557617,0.9980933759654316,0.9998303200987639,0.9991135620572438,-1.052612543106079,0.9064888954162598,-0.02352922223508358,0.5919961734693877,0.5664744321449922,
14,client_0,True,flip_global,raw,random,0.8393760919570923,0.10618448257446289,0.1519363522529602,0.08091151714324951,0.9971871620886341,0.9942537217925838,0.998365338457631,0.9739733520179326,0.9630716759734019,0.9800749767518375,0.1788090467453003,0.15812885761260986,0.08072566986083984,0.9920544994007914,0.9937780044287534,0.9983728300504462,-0.9080983996391296,0.9374635219573975,-0.01660498045384884,0.5701530612244898,-0.16645340076879528,
14,client_1,True,flip_global,raw,random,0.8938010931015015,0.01925039291381836,0.03455495834350586,0.05829119682312012,0.9999073620300145,0.9997015555321349,0.9991510749862587,0.9952047179559373,0.9914169159833572,0.9855849675771537,0.019700169563293457,0.03466987609863281,0.0583343505859375,0.9999029828896124,0.9996995676347096,0.9991498183815097,-1.1262905597686768,0.9571381211280823,-0.04203532636165619,0.5793207908163265,-0.22019225668510028,
14,client_2,False,flip_global,raw,random,0.9279257655143738,0.0703134536743164,0.11100316047668457,0.10150909423828125,0.9987651493939815,0.9969266770122285,0.9974289444803035,0.982650743722081,0.9728164586642281,0.9750978191564039,0.05035400390625,0.10836267471313477,0.0999908447265625,0.9993664198017229,0.9970708336529219,0.997505135860054,-0.6143125891685486,0.9129982590675354,0.07088582217693329,0.3893494897959184,0.5382706882204606,
14,client_3,False,flip_global,raw,random,0.7554353475570679,0.08993494510650635,0.06571149826049805,0.1212078332901001,0.9979809889384081,0.9989213731215953,0.9963372582684471,0.9778898905351383,0.9837723737550197,0.9703732687687472,0.1319502592086792,0.06783604621887207,0.1239050030708313,0.9956614514492765,0.9988505595811132,0.9961729081506894,-0.8617289066314697,0.8179267644882202,-0.034711532294750214,0.5637755102040817,0.6130878225258395,
14,client_4,False,flip_global,raw,random,0.8331391215324402,0.1113274097442627,0.06539201736450195,0.06786084175109863,0.9969087376476702,0.9989318275331964,0.9988497198624247,0.9727386853045827,0.9838503118355519,0.9832482773810689,0.08242833614349365,0.06368899345397949,0.06530654430389404,0.9983035538940022,0.9989866987722811,0.9989346158668797,-0.69160395860672,0.8991636633872986,0.060904648154973984,0.41956313775510207,0.6190048219797895,
14,client_5,False,flip_global,raw,random,0.7468545436859131,0.09827852249145508,0.039356350898742676,0.08826613426208496,0.9975896990548423,0.9996128818430892,0.9980551139891827,0.975875935730492,0.9902330525166378,0.978293453234419,0.07457268238067627,0.03759026527404785,0.08548510074615479,0.9986111770811534,0.9996468365603739,0.9981755746358534,-0.824746310710907,0.9614848494529724,-0.0303048025816679,0.5956632653061225,0.46669919424251977,
14,client_6,False,flip_global,raw,random,0.7837240695953369,0.2868032455444336,0.06762301921844482,0.10587728023529053,0.9797489117921931,0.9988577612947083,0.9972033800822007,0.9319813750431163,0.9833062474569116,0.9740471767908754,0.24716365337371826,0.06780695915222168,0.10224127769470215,0.9849007331725252,0.9988515442459316,0.9973917936028509,-0.8424206376075745,0.6112234592437744,-0.023327508941292763,0.5230389030612245,0.7132298540764096,
14,client_7,False,flip_global,raw,random,0.7711368799209595,0.16971993446350098,0.07610952854156494,0.16535329818725586,0.992837496277541,0.9985534063109824,0.9931994576375962,0.9588836432931578,0.9812408010733487,0.9599094483146164,0.17759966850280762,0.07443058490753174,0.16991567611694336,0.9921609843052923,0.9986164593255531,0.992821054537524,-0.9994826316833496,0.9475870728492737,-0.08488557487726212,0.6703603316326531,0.7927080641819447,
14,client_8,False,flip_global,raw,random,0.5443960428237915,0.1259535551071167,0.043315887451171875,0.06563067436218262,0.9960456922010967,0.9995310984404058,0.9989240227307021,0.9692401915819175,0.9892583578870269,0.9837920900505333,0.1130518913269043,0.04333615303039551,0.06186556816101074,0.9968124583535998,0.9995306597358498,0.9990438490915436,-0.9836686849594116,0.9634627103805542,-0.03140667453408241,0.5915975765306123,0.6389194227494894,
14,client_9,False,flip_global,raw,random,0.7484360933303833,0.10360574722290039,0.05370771884918213,0.09032177925109863,0.9973218538307165,0.9992792600708118,0.997963609570798,0.9745933169484351,0.9867071017228892,0.9777963794632165,0.0873715877532959,0.054023146629333496,0.08850991725921631,0.9980942796318517,0.999270773980762,0.9980443717432921,-1.1036885976791382,0.9089621901512146,-0.035315755754709244,0.6188616071428571,0.5664744321449922,
14,client_0,True,flip_global,raw,pretrained,0.8393760919570923,0.04626011848449707,0.10505533218383789,0.08237004280090332,0.9994652149526475,0.9972465436899891,0.9983059494513884,0.9885345276641746,0.9742447430614594,0.9797212882760082,0.07321858406066895,0.10981178283691406,0.08405792713165283,0.9986611057373469,0.9969921457591813,0.9982359037307842,-0.9080983996391296,0.9374635219573975,-0.01660498045384884,0.5701530612244898,-0.16645340076879528,0.36091387271881104
14,client_1,True,flip_global,raw,pretrained,0.8938010931015015,0.021960973739624023,0.08729243278503418,0.07350850105285645,0.9998794398102813,0.9980977261460791,0.9986504925045199,0.9945322825522303,0.9785290355646832,0.9818731464775436,0.020299553871154785,0.08824598789215088,0.07437074184417725,0.9998969899871475,0.9980560004170154,0.9986186808925381,-1.1262905597686768,0.9571381211280823,-0.04203532636165619,0.5793207908163265,-0.22019225668510028,0.47202563285827637
14,client_2,False,flip_global,raw,pretrained,0.9279257655143738,0.09793245792388916,0.08202195167541504,0.047119736671447754,0.9976066133477013,0.9983202191150935,0.9994451635948096,0.9759593442289143,0.9798056820119752,0.9883233430422045,0.08963596820831299,0.08382642269134521,0.04458928108215332,0.9979943703323939,0.9982455945937998,0.9995031342375555,-0.6143125891685486,0.9129982590675354,0.07088582217693329,0.3893494897959184,0.5382706882204606,0.29396307468414307
14,client_3,False,flip_global,raw,pretrained,0.7554353475570679,0.055864691734313965,0.026772499084472656,0.07059049606323242,0.9992202403736457,0.9998208324026072,0.9987554084448478,0.9861787895904928,0.9933403268524377,0.9825832817147695,0.038954973220825195,0.026751041412353516,0.06894445419311523,0.9996207354311137,0.9998211194481532,0.9988127238386013,-0.8617289066314697,0.8179267644882202,-0.034711532294750214,0.5637755102040817,0.6130878225258395,0.42841053009033203
14,client_4,False,flip_global,raw,pretrained,0.8331391215324402,0.15350842475891113,0.11252176761627197,0.036258816719055176,0.9941347204763675,0.9968422116726998,0.9996714055557423,0.9627003470083786,0.9724522910756082,0.9909965582864066,0.1466275453567505,0.11440277099609375,0.03480947017669678,0.9946466818788449,0.9967360137893033,0.9996971440054174,-0.69160395860672,0.8991636633872986,0.060904648154973984,0.41956313775510207,0.6190048219797895,0.31945133209228516
14,client_5,False,flip_global,raw,pretrained,0.7468545436859131,0.07536149024963379,0.05859255790710449,0.047525644302368164,0.9985816719969012,0.9991422802018621,0.9994355673355291,0.9814225967943575,0.9855112550005991,0.9882236461962519,0.063193678855896,0.05838322639465332,0.047009825706481934,0.999002386791622,0.999148394034931,0.9994477479152588,-0.824746310710907,0.9614848494529724,-0.0303048025816679,0.5956632653061225,0.46669919424251977,0.3327023983001709
14,client_6,False,flip_global,raw,pretrained,0.7837240695953369,0.20813333988189697,0.03816545009613037,0.10175216197967529,0.9892574724215002,0.9996359490351363,0.9974166406367762,0.9499301512400156,0.9905264910946343,0.9750393114612703,0.18197500705718994,0.03713250160217285,0.10233950614929199,0.9917723996185408,0.9996553834275561,0.9973867893512636,-0.8424206376075745,0.6112234592437744,-0.023327508941292763,0.5230389030612245,0.7132298540764096,0.45060527324676514
14,client_7,False,flip_global,raw,pretrained,0.7711368799209595,0.07029271125793457,0.09328985214233398,0.08761441707611084,0.9987658771721271,0.9978277962277444,0.9980836871359089,0.9826557949438368,0.9770793409226306,0.9784511236102553,0.04471290111541748,0.09283697605133057,0.0882573127746582,0.999500376415279,0.9978488010291999,0.9980555021539379,-0.9994826316833496,0.9475870728492737,-0.08488557487726212,0.6703603316326531,0.7927080641819447,0.5780991315841675
14,client_8,False,flip_global,raw,pretrained,0.5443960428237915,0.09090304374694824,0.025196552276611328,0.06466388702392578,0.9979373556039477,0.9998413023295876,0.9989554644420902,0.9776558931482942,0.9937304988712214,0.9840279754954586,0.07457101345062256,0.024660468101501465,0.06267845630645752,0.9986112391791626,0.999847982662432,0.9990185757731131,-0.9836686849594116,0.9634627103805542,-0.03140667453408241,0.5915975765306123,0.6389194227494894,0.4166818857192993
14,client_9,False,flip_global,raw,pretrained,0.7484360933303833,0.0779116153717041,0.03231406211853027,0.05539870262145996,0.9984841705606007,0.9997390014487957,0.9992331872240983,0.9808030474764067,0.9919701733440263,0.986292889378457,0.06495237350463867,0.03177464008331299,0.05403125286102295,0.9989461310159036,0.9997476408359356,0.9992705552417851,-1.1036885976791382,0.9089621901512146,-0.035315755754709244,0.6188616071428571,0.5664744321449922,0.4381510019302368
14,client_0,True,flip_global,clip01,random,0.8393760919570923,0.05676984786987305,0.11663806438446045,0.0715177059173584,0.9991947827052681,0.9966075468406108,0.9987225297046978,0.9859572141405115,0.9714662166459007,0.982357549357668,0.10398101806640625,0.12206625938415527,0.07297837734222412,0.9973024569862556,0.9962853386831518,0.9986698675416206,-0.9080983996391296,0.9374635219573975,-0.01660498045384884,0.5701530612244898,-0.16645340076879528,
14,client_1,True,flip_global,clip01,random,0.8938010931015015,0.027197837829589844,0.04525303840637207,0.05050063133239746,0.9998150950507336,0.9994882371395923,0.9993627263110789,0.9932350611142555,0.9887820257771069,0.9874934063300895,0.024707794189453125,0.04508471488952637,0.04996836185455322,0.9998473986941927,0.9994920357246595,0.9993760828117926,-1.1262905597686768,0.9571381211280823,-0.04203532636165619,0.5793207908163265,-0.22019225668510028,
14,client_2,False,flip_global,clip01,random,0.9279257655143738,0.10995054244995117,0.0468367338180542,0.08529806137084961,0.9969845566402749,0.9994518055835406,0.9981835386325788,0.9730690005112861,0.988392861608758,0.9790118299372639,0.11972939968109131,0.046823740005493164,0.08687436580657959,0.9964258277538169,0.9994521095851188,0.9981158778219186,-0.6143125891685486,0.9129982590675354,0.07088582217693329,0.3893494897959184,0.5382706882204606,
14,client_3,False,flip_global,clip01,random,0.7554353475570679,0.13422465324401855,0.06173813343048096,0.0658196210861206,0.9955111057618662,0.9990477813077434,0.9989178235029286,0.9672701472179601,0.9847423444612571,0.9837459990480586,0.11224675178527832,0.06021523475646973,0.06434798240661621,0.9968575924305607,0.9990941472738257,0.9989656374210503,-0.8617289066314697,0.8179267644882202,-0.034711532294750214,0.5637755102040817,0.6130878225258395,
14,client_4,False,flip_global,clip01,random,0.8331391215324402,0.06949150562286377,0.1156773567199707,0.1046440601348877,0.9987938249178991,0.9966630622543282,0.9972680159182943,0.9828509354707389,0.9716962234424418,0.9743436204142903,0.06589102745056152,0.11887240409851074,0.1025092601776123,0.9989154760781522,0.9964766760332755,0.9973781299878735,-0.69160395860672,0.8991636633872986,0.060904648154973984,0.41956313775510207,0.6190048219797895,
14,client_5,False,flip_global,clip01,random,0.7468545436859131,0.06318473815917969,0.038240671157836914,0.07443428039550781,0.9990026688468494,0.9996345129838495,0.9986163220788169,0.9843890358171796,0.9905079527257381,0.9816480067509388,0.061304569244384766,0.03913390636444092,0.07366597652435303,0.9990610991232176,0.999617244255161,0.9986447101621325,-0.824746310710907,0.9614848494529724,-0.0303048025816679,0.5956632653061225,0.46669919424251977,
14,client_6,False,flip_global,clip01,random,0.7837240695953369,0.18432247638702393,0.06321895122528076,0.24951505661010742,0.9915601135936298,0.9990015893003212,0.9846154117459167,0.9554651669255827,0.9843806821596717,0.940424645487909,0.18349289894104004,0.06300592422485352,0.2584419250488281,0.9916354368974647,0.9990083015956777,0.9835087958401669,-0.8424206376075745,0.6112234592437744,-0.023327508941292763,0.5230389030612245,0.7132298540764096,
14,client_7,False,flip_global,clip01,random,0.7711368799209595,0.10278654098510742,0.08754873275756836,0.08862090110778809,0.9973639549266742,0.9980865552457898,0.9980394715066632,0.9747903898732737,0.9784670167774905,0.9782076402847606,0.06325125694274902,0.0855860710144043,0.08848285675048828,0.9990005694027491,0.9981712681867883,0.9980455656121519,-0.9994826316833496,0.9475870728492737,-0.08488557487726212,0.6703603316326531,0.7927080641819447,
14,client_8,False,flip_global,clip01,random,0.5443960428237915,0.16411006450653076,0.039469003677368164,0.11388051509857178,0.9933008224808957,0.9996106631619495,0.9967656742081654,0.9602018087908983,0.9902053015664438,0.9721266318915378,0.10565853118896484,0.03938782215118408,0.11018002033233643,0.9972148999996857,0.9996122626586625,0.9969719850671499,-0.9836686849594116,0.9634627103805542,-0.03140667453408241,0.5915975765306123,0.6389194227494894,
14,client_9,False,flip_global,clip01,random,0.7484360933303833,0.10780751705169678,0.0170896053314209,0.09128916263580322,0.9971007047269529,0.9999269903454577,0.997919823259189,0.9735834548308067,0.9957412504844472,0.9775625884909909,0.09794604778289795,0.016579389572143555,0.09300351142883301,0.9976059502455417,0.9999312845019241,0.9978410887739975,-1.1036885976791382,0.9089621901512146,-0.035315755754709244,0.6188616071428571,0.5664744321449922,
14,client_0,True,flip_global,clip01,pretrained,0.8393760919570923,0.03915131092071533,0.0961681604385376,0.0771176815032959,0.9996169038209302,0.9976919244424267,0.9985148720809085,0.9902835651776924,0.9763847417038671,0.9809958696478374,0.05349445343017578,0.09876453876495361,0.07755613327026367,0.9992849695461421,0.9975658444598627,0.9984979557997722,-0.9080983996391296,0.9374635219573975,-0.01660498045384884,0.5701530612244898,-0.16645340076879528,
14,client_1,True,flip_global,clip01,pretrained,0.8938010931015015,0.020371198654174805,0.08227276802062988,0.06810939311981201,0.9998962616382909,0.998309943191497,0.9988412855928301,0.9949265880513753,0.9797448711803622,0.9831876975953053,0.019780397415161133,0.08289468288421631,0.06849241256713867,0.9999021911450463,0.9982843287366372,0.9988282281621557,-1.1262905597686768,0.9571381211280823,-0.04203532636165619,0.5793207908163265,-0.22019225668510028,
14,client_2,False,flip_global,clip01,pretrained,0.9279257655143738,0.10188817977905273,0.09053325653076172,0.05112254619598389,0.9974097428119848,0.997954077149444,0.9993469413583014,0.9750065735550149,0.9777452638310908,0.9873408535352073,0.08929097652435303,0.09135663509368896,0.04781985282897949,0.9980097561824819,0.997916751984582,0.9994285604444684,-0.6143125891685486,0.9129982590675354,0.07088582217693329,0.3893494897959184,0.5382706882204606,
14,client_3,False,flip_global,clip01,pretrained,0.7554353475570679,0.05005776882171631,0.031036853790283203,0.06876814365386963,0.9993738491493791,0.9997592219161069,0.9988187831045325,0.9876020599866866,0.9922857120082593,0.9830271664675836,0.03895008563995361,0.030820012092590332,0.06718611717224121,0.9996208305687899,0.9997625740004603,0.9988724608320576,-0.8617289066314697,0.8179267644882202,-0.034711532294750214,0.5637755102040817,0.6130878225258395,
14,client_4,False,flip_global,clip01,pretrained,0.8331391215324402,0.1554713249206543,0.11156308650970459,0.04024326801300049,0.9939844455679347,0.9968956660986201,0.9995952427582391,0.9622370050038647,0.9726821625115887,0.9900146004141686,0.14763343334197998,0.11221778392791748,0.03887748718261719,0.9945732810091978,0.9968592103400367,0.9996222423073993,-0.69160395860672,0.8991636633872986,0.060904648154973984,0.41956313775510207,0.6190048219797895,
14,client_5,False,flip_global,clip01,pretrained,0.7468545436859131,0.0709829330444336,0.053272128105163574,0.049643874168395996,0.9987415448498032,0.999290897437582,0.9993841560352374,0.9824877321107428,0.9868138434721045,0.9877036227727545,0.054376959800720215,0.05296921730041504,0.048245787620544434,0.9992611961895792,0.9992989343428014,0.9994183398653027,-0.824746310710907,0.9614848494529724,-0.0303048025816679,0.5956632653061225,0.46669919424251977,
14,client_6,False,flip_global,clip01,pretrained,0.7837240695953369,0.22108793258666992,0.03785526752471924,0.10104942321777344,0.987891136750791,0.9996418409177112,0.9974521327367378,0.9469389733058589,0.990602941659378,0.9752084788199455,0.18542754650115967,0.03688335418701172,0.10046553611755371,0.9914592620153857,0.9996599912753306,0.9974814365254598,-0.8424206376075745,0.6112234592437744,-0.023327508941292763,0.5230389030612245,0.7132298540764096,
14,client_7,False,flip_global,clip01,pretrained,0.7711368799209595,0.07889747619628906,0.1051863431930542,0.08626961708068848,0.9984456115369487,0.9972396861539854,0.998141981535827,0.9805636913066387,0.9742132487728477,0.9787765925654608,0.055417776107788086,0.10454428195953369,0.08631241321563721,0.9992326594178427,0.997273212676332,0.9981401402213164,-0.9994826316833496,0.9475870728492737,-0.08488557487726212,0.6703603316326531,0.7927080641819447,
14,client_8,False,flip_global,clip01,pretrained,0.5443960428237915,0.0837397575378418,0.02470862865447998,0.060956358909606934,0.9982492155905951,0.9998473883874834,0.999071727351718,0.9793893106243994,0.9938513453405402,0.9849333588342677,0.06498956680297852,0.02428603172302246,0.05837249755859375,0.998944924684182,0.9998525634709647,0.9991487067983018,-0.9836686849594116,0.9634627103805542,-0.03140667453408241,0.5915975765306123,0.6389194227494894,
14,client_9,False,flip_global,clip01,pretrained,0.7484360933303833,0.07868921756744385,0.03240096569061279,0.05719602108001709,0.9984537971614842,0.9997375960089157,0.9991826551786436,0.9806142469071444,0.9919487089912837,0.9858529159953728,0.0655597448348999,0.03194379806518555,0.0558171272277832,0.9989263452997008,0.9997449472407356,0.9992215668445932,-1.1036885976791382,0.9089621901512146,-0.035315755754709244,0.6188616071428571,0.5664744321449922,
15,client_0,True,orig,raw,random,0.9654857516288757,0.09368896484375,0.05599212646484375,0.026413321495056152,0.9978092008399349,0.9992166809396656,0.9998256069249678,0.976982981942339,0.986147590002352,0.9934292316117381,0.09326505661010742,0.056220173835754395,0.02526569366455078,0.9978289488947076,0.9992102910557659,0.9998404302803574,-1.0089032649993896,1.1636337041854858,-0.001874101348221302,0.5324457908163265,-0.20358567962058233,
15,client_1,True,orig,raw,random,0.9574605822563171,0.12605690956115723,0.0777275562286377,0.05893564224243164,0.9960392192193075,0.9984913160239721,0.999132212723636,0.9692155370286506,0.9808477447277879,0.985427347035164,0.13900959491729736,0.08175480365753174,0.05884075164794922,0.995186531180972,0.9983311298136608,0.9991350030613704,-0.885761559009552,0.9836129546165466,0.0006160164484754205,0.5414540816326531,-0.2093076505068721,
15,client_2,False,orig,raw,random,0.9531355500221252,0.16469335556030273,0.029676318168640137,0.1540524959564209,0.9932533582135772,0.999779865386182,0.9940932555600652,0.9600646246416134,0.9926220026458585,0.962571885598104,0.16798019409179688,0.02854156494140625,0.15932559967041016,0.9929828144912065,0.9997963758701116,0.993683918475085,-0.8157781958580017,1.1850186586380005,0.0013580808881670237,0.5096460459183674,0.5522793808443737,
15,client_3,False,orig,raw,random,0.9222240447998047,0.12680697441101074,0.05645322799682617,0.07373344898223877,0.9959920862610978,0.999203734111684,0.9986422288693635,0.9690366420014622,0.9860347118197372,0.9818184343972722,0.12509119510650635,0.056691765785217285,0.07326102256774902,0.9960994963882446,0.9991969948641457,0.9986595547653738,-0.8250446915626526,1.2584457397460938,-0.005223345942795277,0.5169802295918368,0.6656819293003586,
15,client_4,False,orig,raw,random,0.9315938353538513,0.04443502426147461,0.03409898281097412,0.05495774745941162,0.9995065648395365,0.9997093782041353,0.9992453389059566,0.9889831278449894,0.9915294547637739,0.9864008777213553,0.04475760459899902,0.03373908996582031,0.055609703063964844,0.9994993772544885,0.999715479180733,0.9992273382782357,-0.8531529903411865,1.072776198387146,-0.0006433798116631806,0.4573501275510204,0.5764368073186129,
15,client_5,False,orig,raw,random,0.9333829879760742,0.07648181915283203,0.030918359756469727,0.08291947841644287,0.9985392351868565,0.9997610565866004,0.9982833035189842,0.9811503421359205,0.9923149939962634,0.9795881013241998,0.08759784698486328,0.031720638275146484,0.08439302444458008,0.9980844108716869,0.9997484977269768,0.9982218293409739,-1.0967068672180176,1.1856480836868286,0.038759663701057434,0.44044961734693877,0.4908754017320348,
15,client_6,False,orig,raw,random,0.9517963528633118,0.04771089553833008,0.03531479835510254,0.0371783971786499,0.9994311604122237,0.999688289146214,0.9996545312334293,0.9881781508008798,0.9912294233454659,0.9907698003451506,0.02326047420501709,0.034487009048461914,0.03513181209564209,0.9998647513056635,0.999702727846415,0.9996915103377213,-0.8827070593833923,0.8798677921295166,0.012692817486822605,0.45926339285714285,0.7487568785207306,
15,client_7,False,orig,raw,random,0.9482351541519165,0.049585819244384766,0.0880434513092041,0.07985436916351318,0.9993855948996588,0.998064900724529,0.9984077239989237,0.987717869727982,0.9783473227807444,0.9803314520556834,0.04343760013580322,0.08828544616699219,0.08046889305114746,0.9995284605521295,0.9980542640884564,0.9983831526401523,-0.9325510859489441,1.1449676752090454,0.04504547640681267,0.43215880102040816,0.7837778481514855,
15,client_8,False,orig,raw,random,0.9264383316040039,0.05344963073730469,0.04395413398742676,0.06335115432739258,0.9992861666425741,0.9995171834315457,0.9989974123367007,0.9867703442634996,0.9891013794213837,0.9843484036954697,0.039227962493896484,0.04256415367126465,0.06282377243041992,0.9996154027119912,0.9995472270169028,0.9990140231248001,-1.0520118474960327,1.2368271350860596,0.051662884652614594,0.410953443877551,0.6701879118606534,
15,client_9,False,orig,raw,random,0.941271960735321,0.11066389083862305,0.03133893013000488,0.10157275199890137,0.9969453918896409,0.9997545130718222,0.9974257250109513,0.9728978447557637,0.9922110694249815,0.9750824958862168,0.12463676929473877,0.031139612197875977,0.10537493228912354,0.996127701856627,0.9997576252062166,0.99722979991493,-0.9587368965148926,1.0117824077606201,0.05821765214204788,0.3391262755102041,0.5289959548098044,
15,client_0,True,orig,raw,pretrained,0.9654857516288757,0.07336270809173584,0.0530703067779541,0.05277299880981445,0.9986558348902201,0.9992962572958446,0.9993041160535621,0.9819086088443543,0.9868633057728733,0.986936176683981,0.08122527599334717,0.05334913730621338,0.053537607192993164,0.9983526517875583,0.9992888469191277,0.9992838160763726,-1.0089032649993896,1.1636337041854858,-0.001874101348221302,0.5324457908163265,-0.20358567962058233,0.2974768877029419
15,client_1,True,orig,raw,pretrained,0.9574605822563171,0.09152185916900635,0.03491485118865967,0.13419616222381592,0.9979092216384267,0.999695307937478,0.9955130048003491,0.9775063644149795,0.991328104789581,0.9672769230024854,0.09702134132385254,0.03465759754180908,0.136114239692688,0.9976508618969182,0.9996997803491787,0.9953842697025279,-0.885761559009552,0.9836129546165466,0.0006160164484754205,0.5414540816326531,-0.2093076505068721,0.5340530872344971
15,client_2,False,orig,raw,pretrained,0.9531355500221252,0.10925960540771484,0.02812933921813965,0.11327016353607178,0.9970222516625071,0.9998022144130425,0.9968001675185976,0.9732348221508502,0.9930045852421663,0.9722728982625484,0.07954192161560059,0.02847611904144287,0.11066544055938721,0.998420145133394,0.9997973084792489,0.9969453065325986,-0.8157781958580017,1.1850186586380005,0.0013580808881670237,0.5096460459183674,0.5522793808443737,0.35383784770965576
15,client_3,False,orig,raw,pretrained,0.9222240447998047,0.1066509485244751,0.02760028839111328,0.07357597351074219,0.9971624470814138,0.9998095832184684,0.9986480164920573,0.9738612701604459,0.9931354753092085,0.9818567352724483,0.11942732334136963,0.027898550033569336,0.0739142894744873,0.9964437921452896,0.9998054461195802,0.9986355673209939,-0.8250446915626526,1.2584457397460938,-0.005223345942795277,0.5169802295918368,0.6656819293003586,0.38371849060058594
15,client_4,False,orig,raw,pretrained,0.9315938353538513,0.05070066452026367,0.019374489784240723,0.04705369472503662,0.9993576702628604,0.9999061638908349,0.9994467171519354,0.9874443352701019,0.9951739173583434,0.9883395653369378,0.03901219367980957,0.019099116325378418,0.046254754066467285,0.9996196207372283,0.9999088121757922,0.9994653389252561,-0.8531529903411865,1.072776198387146,-0.0006433798116631806,0.4573501275510204,0.5764368073186129,0.5018244981765747
15,client_5,False,orig,raw,pretrained,0.9333829879760742,0.10943388938903809,0.02940511703491211,0.1160593032836914,0.9970127655684555,0.9997838698136292,0.9966410455360313,0.9731929908143189,0.9926890572749691,0.9716047703240527,0.12234628200531006,0.029504060745239258,0.11995983123779297,0.9962683238965491,0.9997824131144504,0.9964120938715908,-1.0967068672180176,1.1856480836868286,0.038759663701057434,0.44044961734693877,0.4908754017320348,0.2991621494293213
15,client_6,False,orig,raw,pretrained,0.9517963528633118,0.07330763339996338,0.028845667839050293,0.050916314125061035,0.9986578502787871,0.9997920143109642,0.9993521971476527,0.98192200559439,0.9928274028676249,0.9873914373739747,0.052625417709350586,0.027692794799804688,0.05102252960205078,0.9993080007099919,0.9998083048437807,0.9993494929122937,-0.8827070593833923,0.8798677921295166,0.012692817486822605,0.45926339285714285,0.7487568785207306,0.4743921756744385
15,client_7,False,orig,raw,pretrained,0.9482351541519165,0.05863749980926514,0.05845010280609131,0.11022543907165527,0.9991409647619756,0.9991464431840684,0.9969694937962803,0.985500262971645,0.9855460983242612,0.97300303841102,0.05093669891357422,0.05947685241699219,0.10809719562530518,0.9993516785891214,0.9991162122547688,0.9970851371198926,-0.9325510859489441,1.1449676752090454,0.04504547640681267,0.43215880102040816,0.7837778481514855,0.5036407709121704
15,client_8,False,orig,raw,pretrained,0.9264383316040039,0.08100128173828125,0.0579068660736084,0.14279377460479736,0.9983617138642331,0.9991622254876671,0.9949219080606411,0.9800532035490443,0.985678986444491,0.9652354539252039,0.10231518745422363,0.05889022350311279,0.14700806140899658,0.9973880287119983,0.9991335488594122,0.9946189732154969,-1.0520118474960327,1.2368271350860596,0.051662884652614594,0.410953443877551,0.6701879118606534,0.21938621997833252
15,client_9,False,orig,raw,pretrained,0.941271960735321,0.04935884475708008,0.01854526996612549,0.08026957511901855,0.9993912042282633,0.9999140237848057,0.9983911427849723,0.9877735733094652,0.9953797552283921,0.9802307066780203,0.0469130277633667,0.01840043067932129,0.07995617389678955,0.9994500189213205,0.999915361410856,0.9984036663548119,-0.9587368965148926,1.0117824077606201,0.05821765214204788,0.3391262755102041,0.5289959548098044,0.3029848337173462
15,client_0,True,orig,clip01,random,0.9654857516288757,0.10706114768981934,0.0593341588973999,0.03133440017700195,0.9971406245292493,0.9991204450409636,0.999754584022502,0.9737627240169793,0.9853298954739316,0.9922121887069459,0.10334420204162598,0.059256792068481445,0.030620098114013672,0.9973353313320397,0.999122735770757,0.9997656435982181,-1.0089032649993896,1.1636337041854858,-0.001874101348221302,0.5324457908163265,-0.20358567962058233,
15,client_1,True,orig,clip01,random,0.9574605822563171,0.0997004508972168,0.0606304407119751,0.14899802207946777,0.9975195790753957,0.9990816204714588,0.9944729163126755,0.9755333347751238,0.9850130082703976,0.9637662967724039,0.1256617307662964,0.06303811073303223,0.1514679193496704,0.9960639405355785,0.9990072888754724,0.9942889480180335,-0.885761559009552,0.9836129546165466,0.0006160164484754205,0.5414540816326531,-0.2093076505068721,
15,client_2,False,orig,clip01,random,0.9531355500221252,0.13734221458435059,0.028463363647460938,0.10954558849334717,0.9953009061304021,0.9997974899954554,0.9970066780245395,0.9665291537055245,0.9929219591008132,0.9731661824100295,0.0767906904220581,0.02739739418029785,0.10438954830169678,0.9985274258471626,0.9998123721053864,0.9972812619620912,-0.8157781958580017,1.1850186586380005,0.0013580808881670237,0.5096460459183674,0.5522793808443737,
15,client_3,False,orig,clip01,random,0.9222240447998047,0.08061027526855469,0.03375959396362305,0.059975385665893555,0.9983774730347938,0.9997151333302619,0.9991013444249435,0.9801480509613583,0.9916132313658546,0.9851731229734391,0.08124208450317383,0.03368949890136719,0.059999704360961914,0.9983519707656898,0.999716314788381,0.9991006159989599,-0.8250446915626526,1.2584457397460938,-0.005223345942795277,0.5169802295918368,0.6656819293003586,
15,client_4,False,orig,clip01,random,0.9315938353538513,0.05267834663391113,0.0256270170211792,0.049323081970214844,0.9993066087538145,0.9998358342152551,0.999392085708442,0.9869593778587022,0.9936239018314201,0.9877823505641845,0.04650402069091797,0.02564084529876709,0.04840409755706787,0.999459563168889,0.9998356570223634,0.9994145180539282,-0.8531529903411865,1.072776198387146,-0.0006433798116631806,0.4573501275510204,0.5764368073186129,
15,client_5,False,orig,clip01,random,0.9333829879760742,0.06462395191192627,0.05882155895233154,0.08550643920898438,0.9989567532025121,0.9991355668934658,0.9981746649575478,0.9840377210477467,0.9854552471388878,0.9789613694235848,0.07983362674713135,0.059474945068359375,0.08868443965911865,0.9984085501011022,0.9991162689002302,0.9980366633602158,-1.0967068672180176,1.1856480836868286,0.038759663701057434,0.44044961734693877,0.4908754017320348,
15,client_6,False,orig,clip01,random,0.9517963528633118,0.09658324718475342,0.04975008964538574,0.05484795570373535,0.9976719918148351,0.9993815191838764,0.9992483494418383,0.9762846332873492,0.9876775577863486,0.9864277680887994,0.06563305854797363,0.04852116107940674,0.052525877952575684,0.998923944617669,0.9994116839477405,0.9993106146830428,-0.8827070593833923,0.8798677921295166,0.012692817486822605,0.45926339285714285,0.7487568785207306,
15,client_7,False,orig,clip01,random,0.9482351541519165,0.05240941047668457,0.08160912990570068,0.11702251434326172,0.9993136669180784,0.9983370644118881,0.996585203705916,0.9870253040512031,0.9799057836600678,0.9713741968724217,0.032744646072387695,0.08148789405822754,0.11421334743499756,0.9997320009182231,0.9983419954058332,0.9967467872314173,-0.9325510859489441,1.1449676752090454,0.04504547640681267,0.43215880102040816,0.7837778481514855,
15,client_8,False,orig,clip01,random,0.9264383316040039,0.06916987895965576,0.07894134521484375,0.1087195873260498,0.9988049541441859,0.9984438845152848,0.9970515491314251,0.9829292867728043,0.9805530424288462,0.973364453489656,0.09177720546722412,0.07907819747924805,0.11333703994750977,0.9978975572352535,0.9984384908188144,0.9967963970312279,-1.0520118474960327,1.2368271350860596,0.051662884652614594,0.410953443877551,0.6701879118606534,
15,client_9,False,orig,clip01,random,0.941271960735321,0.1677800416946411,0.020074963569641113,0.1295696496963501,0.9929994389523327,0.9998992565719957,0.9958161017821603,0.9593391572204624,0.9950000879670011,0.9683781546216954,0.17677593231201172,0.019281864166259766,0.13398170471191406,0.9922331096982415,0.999907058907612,0.9955272864726419,-0.9587368965148926,1.0117824077606201,0.05821765214204788,0.3391262755102041,0.5289959548098044,
15,client_0,True,orig,clip01,pretrained,0.9654857516288757,0.07441902160644531,0.05481743812561035,0.0504755973815918,0.9986168887311815,0.9992491851797469,0.9993633576658576,0.9816517168987042,0.9864352426968548,0.9874995477811768,0.08745598793029785,0.05554795265197754,0.051631927490234375,0.9980906013126767,0.999229052299718,0.9993338690011058,-1.0089032649993896,1.1636337041854858,-0.001874101348221302,0.5324457908163265,-0.20358567962058233,
15,client_1,True,orig,clip01,pretrained,0.9574605822563171,0.0918741226196289,0.037062644958496094,0.1321570873260498,0.997893121535206,0.9996566785150387,0.9956478841637808,0.9774212598475933,0.9907983392249735,0.9677620445434907,0.09708237648010254,0.037056922912597656,0.13506484031677246,0.9976479105465306,0.9996567844893409,0.9954549252137848,-0.885761559009552,0.9836129546165466,0.0006160164484754205,0.5414540816326531,-0.2093076505068721,
15,client_2,False,orig,clip01,pretrained,0.9531355500221252,0.10188686847686768,0.02885127067565918,0.12216758728027344,0.9974098093552575,0.9997919335195511,0.9962791862297922,0.9750068891623591,0.9928260172047585,0.9701439598081463,0.0836489200592041,0.029251813888549805,0.12033390998840332,0.9982530069139683,0.9997861171616567,0.9963897428929305,-0.8157781958580017,1.1850186586380005,0.0013580808881670237,0.5096460459183674,0.5522793808443737,
15,client_3,False,orig,clip01,pretrained,0.9222240447998047,0.12341582775115967,0.03421056270599365,0.07575631141662598,0.9962029811681654,0.999707473544488,0.9985667877600368,0.969845846003599,0.9915019140909673,0.9813266371201796,0.1392446756362915,0.03456771373748779,0.0767822265625,0.9951702962658073,0.9997013352091111,0.9985277500846084,-0.8250446915626526,1.2584457397460938,-0.005223345942795277,0.5169802295918368,0.6656819293003586,
15,client_4,False,orig,clip01,pretrained,0.9315938353538513,0.05173683166503906,0.020742058753967285,0.046799540519714355,0.99933116076137,0.9998924504256328,0.9994526755287352,0.9871902069101235,0.9948345841453061,0.988401998545529,0.036707162857055664,0.020432472229003906,0.04631686210632324,0.9996632311328957,0.9998956366891483,0.9994639027190044,-0.8531529903411865,1.072776198387146,-0.0006433798116631806,0.4573501275510204,0.5764368073186129,
15,client_5,False,orig,clip01,pretrained,0.9333829879760742,0.10483765602111816,0.02725672721862793,0.10783112049102783,0.9972579188170054,0.9998142935745464,0.9970994378048674,0.974297074531463,0.9932204880850115,0.9735777863692074,0.11275386810302734,0.02725672721862793,0.10996437072753906,0.9968292020244738,0.9998142935745464,0.9969837998159554,-1.0967068672180176,1.1856480836868286,0.038759663701057434,0.44044961734693877,0.4908754017320348,
15,client_6,False,orig,clip01,pretrained,0.9517963528633118,0.07132971286773682,0.026712894439697266,0.05014145374298096,0.998729230458125,0.9998216291833693,0.9993717548302621,0.9824033106066574,0.9933550795542403,0.9875815270192834,0.05428922176361084,0.025783658027648926,0.05018472671508789,0.9992635770922049,0.9998338214590659,0.9993706705007941,-0.8827070593833923,0.8798677921295166,0.012692817486822605,0.45926339285714285,0.7487568785207306,
15,client_7,False,orig,clip01,pretrained,0.9482351541519165,0.06550812721252441,0.05598163604736328,0.09659242630004883,0.9989280339316118,0.9992169742576247,0.9976715500666891,0.9838219855060073,0.9861501582941619,0.976282419691225,0.05279815196990967,0.05698847770690918,0.09549617767333984,0.9993034528847218,0.9991885725017093,0.9977240125836875,-0.9325510859489441,1.1449676752090454,0.04504547640681267,0.43215880102040816,0.7837778481514855,
15,client_8,False,orig,clip01,pretrained,0.9264383316040039,0.07345092296600342,0.06578481197357178,0.1415773630142212,0.9986526036376921,0.9989189669037029,0.995007733766466,0.9818871514180727,0.9837544900175981,0.9655238928520518,0.08598709106445312,0.06650614738464355,0.14456140995025635,0.9981541145024602,0.9988951494660545,0.9947959013515073,-1.0520118474960327,1.2368271350860596,0.051662884652614594,0.410953443877551,0.6701879118606534,
15,client_9,False,orig,clip01,pretrained,0.941271960735321,0.04748499393463135,0.02264094352722168,0.08541309833526611,0.9994365320731953,0.9998718592354237,0.9981786424984587,0.9882336298406051,0.9943637039693829,0.9789839722487499,0.045989155769348145,0.02254664897918701,0.08541309833526611,0.9994714589981553,0.9998729242674336,0.9981786424984587,-0.9587368965148926,1.0117824077606201,0.05821765214204788,0.3391262755102041,0.5289959548098044,
15,client_0,True,flip,raw,random,0.8956713080406189,0.16804659366607666,0.0910646915435791,0.12229478359222412,0.9929772951219575,0.9979300247145322,0.9962714559457102,0.9592765478315091,0.977616829738456,0.9701135755704695,0.15273714065551758,0.0906907320022583,0.12308454513549805,0.9941932548350567,0.9979469644889616,0.9962232806275342,-0.9119570255279541,0.8279146552085876,-0.017936967313289642,0.5409757653061225,-0.20358567962058233,
15,client_1,True,flip,raw,random,0.9669263362884521,0.07797157764434814,0.05917513370513916,0.04599308967590332,0.9984818390984087,0.9991251503335972,0.9994713686074825,0.9807884867911474,0.98536878108119,0.9886001431064555,0.0866842269897461,0.058020949363708496,0.04663741588592529,0.998124104623231,0.9991589232933624,0.9994564595387967,-0.9708154797554016,0.8956187963485718,-0.013313371688127518,0.5838647959183674,-0.2093076505068721,
15,client_2,False,flip,raw,random,0.9202853441238403,0.15774786472320557,0.055541396141052246,0.12230825424194336,0.9938078114047859,0.9992292341788407,0.9962706368087733,0.9617000478464839,0.9862579480451212,0.9701103578295389,0.14080548286437988,0.056029438972473145,0.11944866180419922,0.9950618198221746,0.9992156372166756,0.9964425246268482,-0.7382022738456726,0.8914335370063782,0.00030330856679938734,0.5229591836734694,0.5522793808443737,
15,client_3,False,flip,raw,random,0.9305394887924194,0.07932138442993164,0.03220105171203613,0.06355762481689453,0.9984288832585235,0.9997408234575484,0.9989908714885991,0.9804607980026634,0.9919980868780205,0.9842979954213242,0.06825053691864014,0.03158462047576904,0.06321513652801514,0.9988364823811466,0.9997506495788959,0.9990017096967385,-0.7706542611122131,0.8575406670570374,0.004087205044925213,0.5047831632653061,0.6656819293003586,
15,client_4,False,flip,raw,random,0.918893575668335,0.0967332124710083,0.07110917568206787,0.08119738101959229,0.9976647694597671,0.9987370688070667,0.9983537816846202,0.9762484692453386,0.9824569978242867,0.9800056404456672,0.08326518535614014,0.0710136890411377,0.0799713134765625,0.9982689778453222,0.9987404550991739,0.9984030624952198,-0.7801542282104492,0.8841542601585388,0.009152217768132687,0.4845344387755102,0.5764368073186129,
15,client_5,False,flip,raw,random,0.8986314535140991,0.08887732028961182,0.04208409786224365,0.04666471481323242,0.9980281265626751,0.9995573791666235,0.9994558232961728,0.9781456232420362,0.9895614255924696,0.988435121003834,0.09333169460296631,0.04288673400878906,0.04557967185974121,0.9978258504119715,0.9995403405381651,0.999480825623484,-0.820464015007019,1.0218650102615356,-0.03313998132944107,0.5952646683673469,0.4908754017320348,
15,client_6,False,flip,raw,random,0.942276120185852,0.09189796447753906,0.039536476135253906,0.09492158889770508,0.9978920296291105,0.9996093312680208,0.9977512727872249,0.9774155002110811,0.9901886809211891,0.9766854758562227,0.10001587867736816,0.03961372375488281,0.09551107883453369,0.9975038888032572,0.9996078036242864,0.9977233034545392,-0.7891921401023865,0.9321826696395874,-0.011850300244987011,0.5361128826530612,0.7487568785207306,
15,client_7,False,flip,raw,random,0.8407343626022339,0.15446102619171143,0.0775214433670044,0.08697795867919922,0.9940620258113435,0.9984992976785563,0.998111388090837,0.9624754438776064,0.9808978011726086,0.9786051392364943,0.11663246154785156,0.07629156112670898,0.08360207080841064,0.9966078719234712,0.9985464859000484,0.9982549606815674,-1.0361721515655518,1.028592586517334,-0.045664552599191666,0.6290656887755102,0.7837778481514855,
15,client_8,False,flip,raw,random,0.845842182636261,0.08553683757781982,0.04294395446777344,0.05892670154571533,0.9981733686571583,0.9995391135679237,0.9991324758237063,0.9789540085193542,0.9893498530534157,0.9854295335208574,0.07524967193603516,0.04253983497619629,0.05843853950500488,0.9985858733273463,0.9995477440702276,0.9991467806562502,-0.9011954665184021,0.9433124661445618,-0.06393983215093613,0.671875,0.6701879118606534,
15,client_9,False,flip,raw,random,0.896990180015564,0.12055408954620361,0.07501137256622314,0.05134141445159912,0.9963765551161685,0.998594806183178,0.9993413403460127,0.9705295109167977,0.9815077032521806,0.9872871745932112,0.1472787857055664,0.07614278793334961,0.05164754390716553,0.994599216424062,0.9985521431033759,0.9993334661902333,-0.7605646848678589,0.8855425715446472,-0.03446308895945549,0.5978954081632653,0.5289959548098044,
15,client_0,True,flip,raw,pretrained,0.8956713080406189,0.1276099681854248,0.059035420417785645,0.09576165676116943,0.9959413211585781,0.9991292738255009,0.9977113622783005,0.9688451780542915,0.9854029463488361,0.9764827950378636,0.1721785068511963,0.05923926830291748,0.09821116924285889,0.9926296373868779,0.9991232542122803,0.9975929956625877,-0.9119570255279541,0.8279146552085876,-0.017936967313289642,0.5409757653061225,-0.20358567962058233,0.39958882331848145
15,client_1,True,flip,raw,pretrained,0.9669263362884521,0.08966577053070068,0.060982704162597656,0.09395766258239746,0.9979930384487772,0.9990709253413759,0.9977966373040108,0.9779549671773484,0.9849269208785381,0.9769181174737207,0.1252477765083313,0.0631418228149414,0.09619176387786865,0.9960897541358302,0.9990040221580792,0.9976907932821271,-0.9708154797554016,0.8956187963485718,-0.013313371688127518,0.5838647959183674,-0.2093076505068721,0.5348743200302124
15,client_2,False,flip,raw,pretrained,0.9202853441238403,0.14957213401794434,0.04039406776428223,0.1693105697631836,0.994430419323268,0.9995922045881525,0.992871821797924,0.9636305176626316,0.9899774648772324,0.9589797407931699,0.1823272705078125,0.03983891010284424,0.18082189559936523,0.9917407129667906,0.9996033333583154,0.9918757057463161,-0.7382022738456726,0.8914335370063782,0.00030330856679938734,0.5229591836734694,0.5522793808443737,0.4311408996582031
15,client_3,False,flip,raw,pretrained,0.9305394887924194,0.06037640571594238,0.01602637767791748,0.05312299728393555,0.9990892949247694,0.9999357918968093,0.999294859928977,0.985075097252377,0.99600541363485,0.9868503920431073,0.0674123764038086,0.016261696815490723,0.05386960506439209,0.9988648602109587,0.9999338925819963,0.9992749109697234,-0.7706542611122131,0.8575406670570374,0.004087205044925213,0.5047831632653061,0.6656819293003586,0.4277280569076538
15,client_4,False,flip,raw,pretrained,0.918893575668335,0.17505383491516113,0.03913545608520508,0.24343633651733398,0.9923828364379041,0.9996172139486561,0.9853477232388055,0.9576328425129355,0.990287471259617,0.9418119638696889,0.20281004905700684,0.03872215747833252,0.2594589591026306,0.989795794505806,0.9996252539893271,0.9833803725112453,-0.7801542282104492,0.8841542601585388,0.009152217768132687,0.4845344387755102,0.5764368073186129,0.520372748374939
15,client_5,False,flip,raw,pretrained,0.8986314535140991,0.11074590682983398,0.02207636833190918,0.15715491771697998,0.9969408729050688,0.9998781696234442,0.9938540602332524,0.972878169317448,0.9945036708239114,0.9618398602232561,0.14468491077423096,0.022731900215148926,0.16352331638336182,0.994787040499373,0.9998708276936308,0.993348401574625,-0.820464015007019,1.0218650102615356,-0.03313998132944107,0.5952646683673469,0.4908754017320348,0.42671728134155273
15,client_6,False,flip,raw,pretrained,0.942276120185852,0.0927126407623291,0.022097349166870117,0.07265746593475342,0.9978545500438409,0.9998779379654565,0.9986815283898363,0.9772187240419816,0.994498468824168,0.9820801775761785,0.09859204292297363,0.022710561752319336,0.072357177734375,0.9975743242541097,0.9998710700647773,0.9986923935013092,-0.7891921401023865,0.9321826696395874,-0.011850300244987011,0.5361128826530612,0.7487568785207306,0.4879218339920044
15,client_7,False,flip,raw,pretrained,0.8407343626022339,0.06519830226898193,0.037830352783203125,0.05958545207977295,0.9989381417615066,0.9996423120865496,0.9991129840154862,0.9838975735802886,0.990609082769121,0.9852684527473234,0.06465327739715576,0.037453651428222656,0.05862009525299072,0.9989558069066053,0.9996493982171839,0.9991414743089804,-1.0361721515655518,1.028592586517334,-0.045664552599191666,0.6290656887755102,0.7837778481514855,0.7000768184661865
15,client_8,False,flip,raw,pretrained,0.845842182636261,0.12478351593017578,0.03044414520263672,0.07819569110870361,0.9961186046235768,0.999768328767267,0.9984731092770909,0.9695193627382117,0.9924321938433263,0.9807340680169674,0.11033272743225098,0.029786348342895508,0.07893288135528564,0.9969636048642663,0.9997782302563725,0.9984442177922266,-0.9011954665184021,0.9433124661445618,-0.06393983215093613,0.671875,0.6701879118606534,0.45465588569641113
15,client_9,False,flip,raw,pretrained,0.896990180015564,0.07223546504974365,0.019582033157348633,0.07382035255432129,0.998696784578512,0.9999041428863538,0.9986390296658627,0.982182861925845,0.9951224086997605,0.9817972988412234,0.07606542110443115,0.019315123558044434,0.07525646686553955,0.9985550806849719,0.9999067380243452,0.9985856181998891,-0.7605646848678589,0.8855425715446472,-0.03446308895945549,0.5978954081632653,0.5289959548098044,0.4542984962463379
15,client_0,True,flip,clip01,random,0.8956713080406189,0.12021267414093018,0.11747169494628906,0.1262456178665161,0.9963969942009918,0.9965590064328689,0.996027387080888,0.9706111228529046,0.9712667001147126,0.9691705242817519,0.16557198762893677,0.11828494071960449,0.12890982627868652,0.9931815496780463,0.9965113233243386,0.9958584735109726,-0.9119570255279541,0.8279146552085876,-0.017936967313289642,0.5409757653061225,-0.20358567962058233,
15,client_1,True,flip,clip01,random,0.9669263362884521,0.08804774284362793,0.07104015350341797,0.05884349346160889,0.9980647123473367,0.9987395170303381,0.9991349224989516,0.9783462845675361,0.982473801377171,0.98544988276357,0.10062980651855469,0.0714181661605835,0.05991828441619873,0.99747320925422,0.9987260798508322,0.9991030536401186,-0.9708154797554016,0.8956187963485718,-0.013313371688127518,0.5838647959183674,-0.2093076505068721,
15,client_2,False,flip,clip01,random,0.9202853441238403,0.051754117012023926,0.04238700866699219,0.0730675458908081,0.9993307139908869,0.9995509866411703,0.9986666183675026,0.9871859683715125,0.9894868849454819,0.9819804093502187,0.058951497077941895,0.04180598258972168,0.07522475719451904,0.9991317460616125,0.9995632080981003,0.998586808598434,-0.7382022738456726,0.8914335370063782,0.00030330856679938734,0.5229591836734694,0.5522793808443737,
15,client_3,False,flip,clip01,random,0.9305394887924194,0.16379642486572266,0.026792287826538086,0.09957993030548096,0.9933262761278261,0.9998205674789367,0.9975255611226403,0.9602755858320497,0.9933354290281231,0.9755623661314661,0.1428014039993286,0.027004480361938477,0.09622728824615479,0.9949213674756481,0.9998177144349525,0.9976890903090736,-0.7706542611122131,0.8575406670570374,0.004087205044925213,0.5047831632653061,0.6656819293003586,
15,client_4,False,flip,clip01,random,0.918893575668335,0.1024925708770752,0.07145929336547852,0.15207195281982422,0.9973789819609074,0.998724613621129,0.9942435046585769,0.9748611235859528,0.9823717677924861,0.9630396381734287,0.11792111396789551,0.07246410846710205,0.15663623809814453,0.9965326958513137,0.9986885296421648,0.9938943761570374,-0.7801542282104492,0.8841542601585388,0.009152217768132687,0.4845344387755102,0.5764368073186129,
15,client_5,False,flip,clip01,random,0.8986314535140991,0.06245255470275879,0.019393563270568848,0.07958817481994629,0.9990256322335651,0.9999059790563973,0.9984183094256642,0.9845678354141729,0.9951691834835863,0.9803960495023849,0.07252001762390137,0.019560575485229492,0.08188080787658691,0.9986865071454694,0.9999043528335112,0.998325988037911,-0.820464015007019,1.0218650102615356,-0.03313998132944107,0.5952646683673469,0.4908754017320348,
15,client_6,False,flip,clip01,random,0.942276120185852,0.16316771507263184,0.05172371864318848,0.09495997428894043,0.9933771558159874,0.999331499591348,0.9977494567632985,0.9604235020564713,0.9871934223714247,0.976676213343606,0.16787433624267578,0.052312612533569336,0.09496927261352539,0.9929916093572138,0.9993161985334356,0.997749016747157,-0.7891921401023865,0.9321826696395874,-0.011850300244987011,0.5361128826530612,0.7487568785207306,
15,client_7,False,flip,clip01,random,0.8407343626022339,0.12314975261688232,0.06253409385681152,0.09478521347045898,0.99621928927996,0.9990230881349598,0.9977577188498683,0.969909380452151,0.9845479210969259,0.9767183847315639,0.09106922149658203,0.06120145320892334,0.09216809272766113,0.9979298190901815,0.999064252767806,0.9978796386689393,-1.0361721515655518,1.028592586517334,-0.045664552599191666,0.6290656887755102,0.7837778481514855,
15,client_8,False,flip,clip01,random,0.845842182636261,0.12447166442871094,0.05015087127685547,0.05798196792602539,0.9961379245190292,0.9993715189261974,0.9991600523584787,0.9695937908354302,0.987579216369322,0.9856606132132024,0.09988951683044434,0.0490107536315918,0.057498931884765625,0.9975101803057425,0.9993997568630235,0.9991739802966519,-0.9011954665184021,0.9433124661445618,-0.06393983215093613,0.671875,0.6701879118606534,
15,client_9,False,flip,clip01,random,0.896990180015564,0.09725284576416016,0.04295158386230469,0.04268336296081543,0.9976396577553153,0.9995389498484566,0.9995446881730385,0.9761231755332069,0.9893479761019275,0.9894139658859238,0.10719859600067139,0.04441392421722412,0.04221451282501221,0.9971332937164754,0.999507033172033,0.9995546325468339,-0.7605646848678589,0.8855425715446472,-0.03446308895945549,0.5978954081632653,0.5289959548098044,
15,client_0,True,flip,clip01,pretrained,0.8956713080406189,0.12115216255187988,0.05144453048706055,0.09049510955810547,0.9963406128506009,0.999338693248979,0.9979557982770468,0.9703865723819634,0.987261886195415,0.9777544839417083,0.1602034568786621,0.05144453048706055,0.09218001365661621,0.9936144602908836,0.999338693248979,0.9978790910155204,-0.9119570255279541,0.8279146552085876,-0.017936967313289642,0.5409757653061225,-0.20358567962058233,
15,client_1,True,flip,clip01,pretrained,0.9669263362884521,0.08829593658447266,0.051439642906188965,0.08782315254211426,0.9980538023365113,0.9993388188379864,0.9980745584918473,0.9782862440505224,0.9872630848142907,0.9784006199470119,0.12070053815841675,0.05284702777862549,0.08973503112792969,0.9963677702903255,0.9993021633610826,0.997989941451431,-0.9708154797554016,0.8956187963485718,-0.013313371688127518,0.5838647959183674,-0.2093076505068721,
15,client_2,False,flip,clip01,pretrained,0.9202853441238403,0.16556954383850098,0.03940272331237793,0.1863093376159668,0.9931817499223365,0.9996119693117687,0.9913783661541913,0.9598586093536337,0.9902216289683108,0.9550014552856407,0.1954660415649414,0.03899824619293213,0.1945422887802124,0.990516257534465,0.9996198925944924,0.9906050528956594,-0.7382022738456726,0.8914335370063782,0.00030330856679938734,0.5229591836734694,0.5522793808443737,
15,client_3,False,flip,clip01,pretrained,0.9305394887924194,0.060762882232666016,0.01656174659729004,0.04893362522125244,0.9990776066402669,0.9999314306639313,0.9994016437390894,0.9849806404170225,0.9958723859523806,0.9878779424458017,0.07319808006286621,0.016768813133239746,0.04924273490905762,0.9986618547626553,0.9999297054327403,0.9993940637746783,-0.7706542611122131,0.8575406670570374,0.004087205044925213,0.5047831632653061,0.6656819293003586,
15,client_4,False,flip,clip01,pretrained,0.918893575668335,0.16470539569854736,0.040930986404418945,0.24527192115783691,0.9932523767308268,0.99958129511983,0.9851284056624847,0.9600617932331594,0.98984526171999,0.9413927127424646,0.19185864925384521,0.04028606414794922,0.256888210773468,0.9908606972866023,0.9995943816958042,0.9837040614353811,-0.7801542282104492,0.8841542601585388,0.009152217768132687,0.4845344387755102,0.5764368073186129,
15,client_5,False,flip,clip01,pretrained,0.8986314535140991,0.11101162433624268,0.021453261375427246,0.14559578895568848,0.9969262094010074,0.9998849493225477,0.9947214574098793,0.9728144284321272,0.9946581829165486,0.9645715246150328,0.13921356201171875,0.02167367935180664,0.15015184879302979,0.9951724465568281,0.9998825732486458,0.9943873445478439,-0.820464015007019,1.0218650102615356,-0.03313998132944107,0.5952646683673469,0.4908754017320348,
15,client_6,False,flip,clip01,pretrained,0.942276120185852,0.08664989471435547,0.020377039909362793,0.06755220890045166,0.9981255881791549,0.9998962021423379,0.9988601501503278,0.9786845411642142,0.9949251388391562,0.9833235087111292,0.09042024612426758,0.020529747009277344,0.06715798377990723,0.9979591738942968,0.9998946406981115,0.9988734041238725,-0.7891921401023865,0.9321826696395874,-0.011850300244987011,0.5361128826530612,0.7487568785207306,
15,client_7,False,flip,clip01,pretrained,0.8407343626022339,0.07823371887207031,0.03386950492858887,0.075278639793396,0.9984716255184922,0.9997132758319671,0.9985847855191592,0.9807248346428032,0.9915860991784455,0.9814427350476322,0.08131933212280273,0.03386950492858887,0.0748288631439209,0.998348839160115,0.9997132758319671,0.9986016286260055,-1.0361721515655518,1.028592586517334,-0.045664552599191666,0.6290656887755102,0.7837778481514855,
15,client_8,False,flip,clip01,pretrained,0.845842182636261,0.10453295707702637,0.02918243408203125,0.07288837432861328,0.997273802200769,0.9997871303764796,0.9986731431150553,0.9743703342144079,0.9927441208386341,0.9820239980729237,0.09466671943664551,0.028373360633850098,0.07378125190734863,0.997763312237903,0.9997987684773415,0.9986404695524402,-0.9011954665184021,0.9433124661445618,-0.06393983215093613,0.671875,0.6701879118606534,
15,client_9,False,flip,clip01,pretrained,0.896990180015564,0.07047784328460693,0.019554734230041504,0.0745859146118164,0.9987593739768901,0.9999044099459451,0.9986106846836649,0.9826107127164487,0.9951291835906773,0.981611138301308,0.07708477973937988,0.019375324249267578,0.07635331153869629,0.9985161376407676,0.9999061558081317,0.9985441345692601,-0.7605646848678589,0.8855425715446472,-0.03446308895945549,0.5978954081632653,0.5289959548098044,
15,client_0,True,flip_global,raw,random,0.9377162456512451,0.10920977592468262,0.07855761051177979,0.12415331602096558,0.9970249610744077,0.998458958884463,0.9961575976251726,0.9732467826325246,0.9806461970544995,0.969669778368075,0.12549591064453125,0.07885241508483887,0.12670916318893433,0.9960742909485276,0.998447384493724,0.9959982482367034,-1.3148220777511597,1.210607647895813,-0.01807430014014244,0.5200892857142857,-0.20358567962058233,
15,client_1,True,flip_global,raw,random,0.9659871459007263,0.07180821895599365,0.042400479316711426,0.02765786647796631,0.9987121402140917,0.9995507012978873,0.9998087880314128,0.9822868389953143,0.9894835702678351,0.9931212289204796,0.058660030364990234,0.04181373119354248,0.027398347854614258,0.9991403049188368,0.9995630462202305,0.9998123590447403,-1.1147810220718384,0.9252554774284363,-0.017457440495491028,0.5688775510204082,-0.2093076505068721,
15,client_2,False,flip_global,raw,random,0.9467771649360657,0.15485942363739014,0.06881213188171387,0.10729575157165527,0.9940314924218046,0.9988172728081126,0.9971281062941026,0.9623814081816995,0.9830164483634896,0.9737063695697405,0.1364525556564331,0.06955039501190186,0.10444283485412598,0.9953613761135554,0.9987917816004497,0.997278491316482,-0.8308269381523132,0.9359101057052612,-0.00046728216693736613,0.5350765306122449,0.5522793808443737,
15,client_3,False,flip_global,raw,random,0.9361363649368286,0.10331225395202637,0.029165983200073242,0.09277021884918213,0.9973369753105867,0.9997873702706341,0.9978518887001364,0.9746639144868321,0.9927481888853917,0.9772048189333802,0.10617351531982422,0.02883446216583252,0.09479832649230957,0.9971877418799138,0.9997921758467467,0.9977570994361646,-0.8937873244285583,0.9139081835746765,0.0017855842597782612,0.5042251275510204,0.6656819293003586,
15,client_4,False,flip_global,raw,random,0.9432501792907715,0.09579241275787354,0.06607508659362793,0.0807880163192749,0.9977098944743976,0.9989094135892644,0.9983703187457527,0.9764753758229636,0.9836836868393195,0.9801049341644306,0.0757673978805542,0.0652151107788086,0.07894623279571533,0.998566368697182,0.9989375946206009,0.9984436920433861,-0.8099380135536194,0.9047333002090454,0.009576570242643356,0.5035076530612245,0.5764368073186129,
15,client_5,False,flip_global,raw,random,0.9109808802604675,0.09256279468536377,0.033429861068725586,0.051723480224609375,0.9978614684539096,0.99972066963013,0.9993315057510996,0.9772549132636119,0.9916946346119289,0.9871934808345031,0.09158217906951904,0.03369474411010742,0.05023467540740967,0.9979064690951525,0.9997162264648793,0.999369417731069,-0.8820518255233765,1.0220997333526611,-0.03782876580953598,0.6068239795918368,0.4908754017320348,
15,client_6,False,flip_global,raw,random,0.9472602009773254,0.09807348251342773,0.04341256618499756,0.0980980396270752,0.997599727764104,0.9995290037186326,0.997598527747324,0.975925353183706,0.9892345770879643,0.9759194343837252,0.09774422645568848,0.04314768314361572,0.09832191467285156,0.9976157884989474,0.9995347317795373,0.9975875740342248,-0.7597062587738037,0.9587064981460571,-0.006827235221862793,0.5243144132653061,0.7487568785207306,
15,client_7,False,flip_global,raw,random,0.8978472352027893,0.14038562774658203,0.09193825721740723,0.09103894233703613,0.9950911169783112,0.9978901836678868,0.9979311933335258,0.9658066060146031,0.9774057665411855,0.977623052071628,0.1069190502166748,0.0921027660369873,0.0881795883178711,0.9971481935020992,0.9978826385601018,0.9980589205331571,-1.1473592519760132,0.9853119850158691,-0.056851182132959366,0.6286670918367347,0.7837778481514855,
15,client_8,False,flip_global,raw,random,0.8724153637886047,0.1020277738571167,0.049169301986694336,0.06012308597564697,0.997402654117991,0.9993958688061308,0.999096915770876,0.9749729765958457,0.987820094093173,0.9851370172668363,0.09739720821380615,0.04842507839202881,0.05988764762878418,0.9976326576110464,0.9994140106108604,0.999103970023645,-0.9137334227561951,0.9295976758003235,-0.07102646678686142,0.6781728316326531,0.6701879118606534,
15,client_9,False,flip_global,raw,random,0.9210302829742432,0.11187589168548584,0.07722711563110352,0.054026007652282715,0.9968782744140816,0.9985106588506745,0.9992706967825096,0.9726071494855508,0.9809692880758771,0.9866291158339875,0.13399982452392578,0.07837939262390137,0.05424702167510986,0.9955260806659327,0.9984659350091349,0.9992647208883016,-0.8403423428535461,0.9189078211784363,-0.04033952206373215,0.6175063775510204,0.5289959548098044,
15,client_0,True,flip_global,raw,pretrained,0.9377162456512451,0.09798264503479004,0.043985843658447266,0.09512639045715332,0.9976041640688189,0.9995164867997965,0.9977415751320236,0.9759472474655886,0.9890935813165234,0.976636058137003,0.1506037712097168,0.044519662857055664,0.09856140613555908,0.9943536515509024,0.9995046839852362,0.9975758288017089,-1.3148220777511597,1.210607647895813,-0.01807430014014244,0.5200892857142857,-0.20358567962058233,0.3303731679916382
15,client_1,True,flip_global,raw,pretrained,0.9659871459007263,0.05684494972229004,0.03809714317321777,0.05611264705657959,0.9991926521142496,0.9996372506410738,0.999213307182838,0.9859388331256111,0.9905433259123548,0.9861180845517648,0.07943296432495117,0.03953278064727783,0.05672752857208252,0.9984244652573817,0.9996094042750931,0.9991959820386023,-1.1147810220718384,0.9252554774284363,-0.017457440495491028,0.5688775510204082,-0.2093076505068721,0.5345463752746582
15,client_2,False,flip_global,raw,pretrained,0.9467771649360657,0.13539421558380127,0.05262649059295654,0.16623127460479736,0.995432806622901,0.9993079725085297,0.9931274219430926,0.9669920613541432,0.9869720891767861,0.9597030627721939,0.15744590759277344,0.05255138874053955,0.17965567111968994,0.9938313848925151,0.9993099452252885,0.9919795349828759,-0.8308269381523132,0.9359101057052612,-0.00046728216693736613,0.5350765306122449,0.5522793808443737,0.40622377395629883
15,client_3,False,flip_global,raw,pretrained,0.9361363649368286,0.06861650943756104,0.018474936485290527,0.050415992736816406,0.9988239819531619,0.9999146746411722,0.9993648596339175,0.9830641147724823,0.9953972171006338,0.9875141705144659,0.07454001903533936,0.01853477954864502,0.05071711540222168,0.9986123921763912,0.9999141210185716,0.9993572535618254,-0.8937873244285583,0.9139081835746765,0.0017855842597782612,0.5042251275510204,0.6656819293003586,0.3958672285079956
15,client_4,False,flip_global,raw,pretrained,0.9432501792907715,0.1534578800201416,0.033614516258239746,0.22414112091064453,0.9941385652910899,0.9997175759109764,0.9875575344427614,0.9627122825044547,0.9916490463817116,0.9462360622433483,0.1746048927307129,0.03355765342712402,0.2376718521118164,0.9924216341183552,0.9997185304070917,0.9860262225844549,-0.8099380135536194,0.9047333002090454,0.009576570242643356,0.5035076530612245,0.5764368073186129,0.5005160570144653
15,client_5,False,flip_global,raw,pretrained,0.9109808802604675,0.10907423496246338,0.02201676368713379,0.15814411640167236,0.9970323247365551,0.9998788265425682,0.9937768091879424,0.9732793174038152,0.9945184494550008,0.9616066317418728,0.13949871063232422,0.022416234016418457,0.16282570362091064,0.9951527219580139,0.9998743899477995,0.9934047532885679,-0.8820518255233765,1.0220997333526611,-0.03782876580953598,0.6068239795918368,0.4908754017320348,0.41187262535095215
15,client_6,False,flip_global,raw,pretrained,0.9472602009773254,0.07818317413330078,0.019999384880065918,0.059616804122924805,0.9984735975045014,0.9999000136496905,0.9991120509504323,0.9807371072439028,0.9950188413624259,0.9852607873836472,0.07562792301177979,0.019973278045654297,0.05903947353363037,0.9985716363303259,0.9999002745005374,0.9991291543389382,-0.7597062587738037,0.9587064981460571,-0.006827235221862793,0.5243144132653061,0.7487568785207306,0.48530030250549316
15,client_7,False,flip_global,raw,pretrained,0.8978472352027893,0.0593719482421875,0.0374988317489624,0.07476258277893066,0.9991193250646728,0.9996485520686034,0.9986041021768997,0.9853206553796738,0.9906908031644557,0.9815681857006433,0.05064058303833008,0.0370563268661499,0.07312524318695068,0.9993591909812842,0.9996567955273907,0.9986645138549723,-1.1473592519760132,0.9853119850158691,-0.056851182132959366,0.6286670918367347,0.7837778481514855,0.6809209585189819
15,client_8,False,flip_global,raw,pretrained,0.8724153637886047,0.1426302194595337,0.04268324375152588,0.07490134239196777,0.9949334900110136,0.9995446907154242,0.9985989212373236,0.9652742290489258,0.9894139952161851,0.981534451627873,0.12284255027770996,0.04214143753051758,0.07504606246948242,0.9962380748531725,0.9995561726031761,0.9985935075570833,-0.9137334227561951,0.9295976758003235,-0.07102646678686142,0.6781728316326531,0.6701879118606534,0.473563551902771
15,client_9,False,flip_global,raw,pretrained,0.9210302829742432,0.07475686073303223,0.0203934907913208,0.08376443386077881,0.998604315618508,0.9998960344906682,0.9982481849571558,0.9815695768337875,0.9949210574013541,0.9793833313744791,0.07345902919769287,0.020207881927490234,0.08482158184051514,0.9986523065177653,0.9998979181931964,0.9982037483799269,-0.8403423428535461,0.9189078211784363,-0.04033952206373215,0.6175063775510204,0.5289959548098044,0.43217504024505615
15,client_0,True,flip_global,clip01,random,0.9377162456512451,0.09950447082519531,0.06549835205078125,0.10979247093200684,0.9975293029026997,0.9989283535694096,0.9969932012239051,0.975580543694385,0.9838243702216778,0.9731069331895124,0.16011619567871094,0.06592094898223877,0.11550819873809814,0.9936213813642072,0.9989144916784343,0.9966727901477075,-1.3148220777511597,1.210607647895813,-0.01807430014014244,0.5200892857142857,-0.20358567962058233,
15,client_1,True,flip_global,clip01,random,0.9659871459007263,0.057630062103271484,0.038100242614746094,0.03367269039154053,0.9991702107602556,0.9996371916308644,0.9997165977325024,0.9857467093639989,0.9905425620195301,0.9916346848275506,0.05983388423919678,0.03859150409698486,0.033599853515625,0.999105577022094,0.999627777897526,0.9997178221934016,-1.1147810220718384,0.9252554774284363,-0.017457440495491028,0.5688775510204082,-0.2093076505068721,
15,client_2,False,flip_global,clip01,random,0.9467771649360657,0.04461526870727539,0.048758864402770996,0.05050969123840332,0.9995025551160979,0.9994059081272724,0.9993624977437774,0.9889388109549182,0.9879208418765293,0.9874911837238212,0.0466843843460083,0.0479966402053833,0.05083823204040527,0.9994553646376845,0.999424329300701,0.9993541815225737,-0.8308269381523132,0.9359101057052612,-0.00046728216693736613,0.5350765306122449,0.5522793808443737,
15,client_3,False,flip_global,clip01,random,0.9361363649368286,0.1582636833190918,0.02916121482849121,0.10340142250061035,0.9937674394377634,0.9997874397799007,0.997332385632546,0.9615784465869257,0.9927493680340549,0.9746424648695582,0.1642746925354004,0.030583739280700684,0.10209143161773682,0.9932874428821996,0.9997661997279237,0.9973994183313062,-0.8937873244285583,0.9139081835746765,0.0017855842597782612,0.5042251275510204,0.6656819293003586,
15,client_4,False,flip_global,clip01,random,0.9432501792907715,0.08551764488220215,0.07356846332550049,0.1204913854598999,0.9981741871589651,0.9986482922025159,0.996380313240733,0.9789586559825532,0.9818585619409921,0.9705444989287069,0.08975028991699219,0.07388520240783691,0.12433934211730957,0.9979892588330264,0.9986366398863127,0.9961461077422946,-0.8099380135536194,0.9047333002090454,0.009576570242643356,0.5035076530612245,0.5764368073186129,
15,client_5,False,flip_global,clip01,random,0.9109808802604675,0.06437373161315918,0.029496073722839355,0.07883322238922119,0.9989648100863948,0.9997825308848611,0.9984481393358309,0.9840987867757018,0.9926665674265414,0.9805792887534683,0.07277679443359375,0.029861927032470703,0.08059132099151611,0.9986771983687917,0.9997771035975964,0.9983782350417756,-0.8820518255233765,1.0220997333526611,-0.03782876580953598,0.6068239795918368,0.4908754017320348,
15,client_6,False,flip_global,clip01,random,0.9472602009773254,0.13011038303375244,0.04271423816680908,0.0857778787612915,0.9957812183808232,0.9995440294563747,0.9981630735350251,0.9682493487326631,0.9894063693921931,0.9788956438199321,0.13138580322265625,0.043218016624450684,0.08599388599395752,0.9956983712919969,0.9995332142409126,0.998153823161434,-0.7597062587738037,0.9587064981460571,-0.006827235221862793,0.5243144132653061,0.7487568785207306,
15,client_7,False,flip_global,clip01,random,0.8978472352027893,0.060181379318237305,0.055466294288635254,0.10854840278625488,0.9990951649103057,0.9992313159936539,0.9970608063313593,0.9851227678613856,0.9862763379889916,0.9734055517493363,0.045839667320251465,0.0545421838760376,0.10641443729400635,0.9994748881236013,0.9992567021735141,0.9971749917028288,-1.1473592519760132,0.9853119850158691,-0.056851182132959366,0.6286670918367347,0.7837778481514855,
15,client_8,False,flip_global,clip01,random,0.8724153637886047,0.16943156719207764,0.04919874668121338,0.06520617008209229,0.9928616845220366,0.9993951453583263,0.9989378856704996,0.9589513353958581,0.9878128670639026,0.9838956539599633,0.10417520999908447,0.047342777252197266,0.06453502178192139,0.9972923923619312,0.9994399007552237,0.9989596202472848,-0.9137334227561951,0.9295976758003235,-0.07102646678686142,0.6781728316326531,0.6701879118606534,
15,client_9,False,flip_global,clip01,random,0.9210302829742432,0.08651947975158691,0.05767643451690674,0.040004611015319824,0.9981312183049926,0.9991688756649761,0.9996000277982393,0.9787161084250755,0.9857353633922858,0.9900733757096238,0.0937262773513794,0.058978915214538574,0.039325833320617676,0.9978074583511574,0.9991309387566403,0.9996134817922375,-0.8403423428535461,0.9189078211784363,-0.04033952206373215,0.6175063775510204,0.5289959548098044,
15,client_0,True,flip_global,clip01,pretrained,0.9377162456512451,0.09455466270446777,0.04259943962097168,0.09513020515441895,0.9977685953659767,0.9995464762579362,0.9977413943035578,0.9767740229273691,0.989434614712684,0.9766351377028719,0.14655637741088867,0.04297912120819092,0.09778392314910889,0.9946518563888218,0.9995383586819071,0.9976138549823272,-1.3148220777511597,1.210607647895813,-0.01807430014014244,0.5200892857142857,-0.20358567962058233,
15,client_1,True,flip_global,clip01,pretrained,0.9659871459007263,0.0623246431350708,0.03448951244354248,0.05612838268280029,0.9990296165268016,0.9997026846967934,0.9992128661582069,0.984599076489505,0.9914330674302931,0.9861142323058476,0.08302056789398193,0.03544747829437256,0.05668187141418457,0.9982791206286175,0.9996859430640854,0.9991972749666835,-1.1147810220718384,0.9252554774284363,-0.017457440495491028,0.5688775510204082,-0.2093076505068721,
15,client_2,False,flip_global,clip01,pretrained,0.9467771649360657,0.14302372932434082,0.04819369316101074,0.18219733238220215,0.9949056020009661,0.9994195947614508,0.9917524080618196,0.9651809409621122,0.9880595964887575,0.9559615267707984,0.16374695301055908,0.04819369316101074,0.1922418475151062,0.9933302866944944,0.9994195947614508,0.9908244049897883,-0.8308269381523132,0.9359101057052612,-0.00046728216693736613,0.5350765306122449,0.5522793808443737,
15,client_3,False,flip_global,clip01,pretrained,0.9361363649368286,0.08643341064453125,0.022561192512512207,0.05595588684082031,0.9981349293631643,0.9998727602918656,0.9992176939874233,0.9787369425002592,0.9943834736771524,0.9861564623257073,0.09470891952514648,0.02266538143157959,0.056469082832336426,0.9977613210232785,0.9998715824907742,0.999203287055171,-0.8937873244285583,0.9139081835746765,0.0017855842597782612,0.5042251275510204,0.6656819293003586,
15,client_4,False,flip_global,clip01,pretrained,0.9432501792907715,0.14908933639526367,0.03360939025878906,0.2228565216064453,0.9944661677803805,0.9997176620219161,0.9876984312982391,0.9637446987548144,0.9916503118614857,0.9465317096463135,0.164117693901062,0.03305256366729736,0.2320345640182495,0.9933002027175535,0.9997269379438176,0.9866746800536723,-0.8099380135536194,0.9047333002090454,0.009576570242643356,0.5035076530612245,0.5764368073186129,
15,client_5,False,flip_global,clip01,pretrained,0.9109808802604675,0.1070021390914917,0.02237677574157715,0.14810419082641602,0.9971437688949485,0.9998748317284172,0.994538759690871,0.9737768993056983,0.9944291915379142,0.9639777476121218,0.13276386260986328,0.02253878116607666,0.15117990970611572,0.9956079605737866,0.9998730129314706,0.9943105533150176,-0.8820518255233765,1.0220997333526611,-0.03782876580953598,0.6068239795918368,0.4908754017320348,
15,client_6,False,flip_global,clip01,pretrained,0.9472602009773254,0.07114100456237793,0.01712179183959961,0.05307304859161377,0.9987359390357011,0.9999267150893083,0.9992961846163131,0.9824492491809718,0.9957332552572986,0.9868626337852053,0.06794261932373047,0.017043352127075195,0.052271485328674316,0.9988469482380467,0.9999273849920152,0.9993172727444322,-0.7597062587738037,0.9587064981460571,-0.006827235221862793,0.5243144132653061,0.7487568785207306,
15,client_7,False,flip_global,clip01,pretrained,0.8978472352027893,0.06132841110229492,0.03307771682739258,0.08887982368469238,0.9990603692033027,0.9997265222678813,0.9980280156424965,0.9848424467678489,0.99178158176141,0.9781450178048818,0.056148409843444824,0.032811880111694336,0.08778595924377441,0.999212304675708,0.9997308994545564,0.9980761866504853,-1.1473592519760132,0.9853119850158691,-0.056851182132959366,0.6286670918367347,0.7837778481514855,
15,client_8,False,flip_global,clip01,pretrained,0.8724153637886047,0.12346804141998291,0.04507279396057129,0.07083988189697266,0.996199776836334,0.9994923042103245,0.9987466072766771,0.9698333789555413,0.988826332124572,0.9825225602417536,0.11092936992645264,0.043862104415893555,0.0710986852645874,0.9969307522952684,0.9995192023942272,0.9987374410558121,-0.9137334227561951,0.9295976758003235,-0.07102646678686142,0.6781728316326531,0.6701879118606534,
15,client_9,False,flip_global,clip01,pretrained,0.9210302829742432,0.06541836261749268,0.02302730083465576,0.08215010166168213,0.9989309673557083,0.9998674490328618,0.9983149727216007,0.9838438845014705,0.9942679370960525,0.979774611131143,0.07016968727111816,0.0228118896484375,0.08343231678009033,0.9987701892522309,0.9998699171152288,0.9982620308616585,-0.8403423428535461,0.9189078211784363,-0.04033952206373215,0.6175063775510204,0.5289959548098044,
