rodada_menos_1,EB_fixed_100,EB_fixed_101,EB_fixed_102,EB_fixed_103,EB_fixed_104,EB_random_100,EB_random_101,EB_random_102,EB_random_103,EB_random_104,EB_td3_100,EB_td3_101,EB_td3_102,EB_td3_103,EB_td3_104,LMP_fixed_100,LMP_fixed_101,LMP_fixed_102,LMP_fixed_103,LMP_fixed_104,LMP_random_100,LMP_random_101,LMP_random_102,LMP_random_103,LMP_random_104,LMP_td3_100,LMP_td3_101,LMP_td3_102,LMP_td3_103,LMP_td3_104
0,0.10767227564102565,0.10496794871794872,0.13481570512820512,0.09745592948717949,0.14583333333333334,0.10096153846153846,0.11698717948717949,0.15955528846153846,0.09745592948717949,0.14883814102564102,0.1031650641025641,0.15104166666666666,0.12479967948717949,0.10096153846153846,0.2462940705128205,0.14032451923076922,0.12700320512820512,0.13952323717948717,0.09745592948717949,0.14723557692307693,0.14833733974358973,0.11408253205128205,0.13381410256410256,0.09745592948717949,0.1450320512820513,0.1031650641025641,0.1557491987179487,0.13040865384615385,0.10096153846153846,0.23237179487179488
1,0.19671474358974358,0.12670272435897437,0.1617588141025641,0.14362980769230768,0.25560897435897434,0.18189102564102563,0.15504807692307693,0.15925480769230768,0.16696714743589744,0.2546073717948718,0.23607772435897437,0.20212339743589744,0.09955929487179487,0.3228165064102564,0.2529046474358974,0.1817908653846154,0.14953926282051283,0.1505408653846154,0.14983974358974358,0.25400641025641024,0.21314102564102563,0.15374599358974358,0.17157451923076922,0.1674679487179487,0.25771233974358976,0.24569310897435898,0.21844951923076922,0.10106169871794872,0.32141426282051283,0.26742788461538464
2,0.1484375,0.38591746794871795,0.28235176282051283,0.3110977564102564,0.3297275641025641,0.14092548076923078,0.3809094551282051,0.2984775641025641,0.3132011217948718,0.323818108974359,0.15264423076923078,0.30909455128205127,0.2848557692307692,0.25701121794871795,0.33413461538461536,0.13030849358974358,0.2676282051282051,0.31590544871794873,0.3034855769230769,0.27353766025641024,0.19391025641025642,0.34385016025641024,0.26782852564102566,0.30639022435897434,0.2874599358974359,0.1702724358974359,0.30458733974358976,0.26181891025641024,0.2702323717948718,0.31079727564102566
3,0.472255608974359,0.4404046474358974,0.44861778846153844,0.39503205128205127,0.33423477564102566,0.5033052884615384,0.40775240384615385,0.43118990384615385,0.41486378205128205,0.27393830128205127,0.46304086538461536,0.4378004807692308,0.4931891025641026,0.2991786858974359,0.3658854166666667,0.39002403846153844,0.3043870192307692,0.41806891025641024,0.4358974358974359,0.3023838141025641,0.2483974358974359,0.30138221153846156,0.42407852564102566,0.429286858974359,0.3720953525641026,0.3770032051282051,0.3887219551282051,0.4284855769230769,0.31921073717948717,0.4225761217948718
4,0.4424078525641026,0.3837139423076923,0.3372395833333333,0.4944911858974359,0.4462139423076923,0.3957331730769231,0.316806891025641,0.3642828525641026,0.4735576923076923,0.42908653846153844,0.4482171474358974,0.37510016025641024,0.36828926282051283,0.4940905448717949,0.4944911858974359,0.5142227564102564,0.5123197115384616,0.22956730769230768,0.5219350961538461,0.4323918269230769,0.4784655448717949,0.23447516025641027,0.4967948717948718,0.49989983974358976,0.4426081730769231,0.3138020833333333,0.4765625,0.4326923076923077,0.4987980769230769,0.4680488782051282
5,0.534354967948718,0.5917467948717948,0.5221354166666666,0.4508213141025641,0.5376602564102564,0.5325520833333334,0.45753205128205127,0.557792467948718,0.4794671474358974,0.5099158653846154,0.6039663461538461,0.39212740384615385,0.5630008012820513,0.47766426282051283,0.46985176282051283,0.47596153846153844,0.543770032051282,0.53125,0.4664463141025641,0.36147836538461536,0.5364583333333334,0.5294471153846154,0.5481770833333334,0.46474358974358976,0.5018028846153846,0.6120793269230769,0.5088141025641025,0.4098557692307692,0.48127003205128205,0.5347556089743589
6,0.5191306089743589,0.5685096153846154,0.5399639423076923,0.5307491987179487,0.4735576923076923,0.5547876602564102,0.5541866987179487,0.54296875,0.5083133012820513,0.4738581730769231,0.5514823717948718,0.5441706730769231,0.625,0.585136217948718,0.46073717948717946,0.5278445512820513,0.6191907051282052,0.5135216346153846,0.5463741987179487,0.5527844551282052,0.5480769230769231,0.4930889423076923,0.48127003205128205,0.4850761217948718,0.5788261217948718,0.5670072115384616,0.582832532051282,0.5422676282051282,0.5462740384615384,0.45622996794871795
7,0.5916466346153846,0.5150240384615384,0.6633613782051282,0.5700120192307693,0.5313501602564102,0.5856370192307693,0.516426282051282,0.5977564102564102,0.5995592948717948,0.551582532051282,0.5765224358974359,0.484375,0.6372195512820513,0.5771233974358975,0.5766225961538461,0.5964543269230769,0.5402644230769231,0.5197315705128205,0.5702123397435898,0.5922475961538461,0.5628004807692307,0.5221354166666666,0.5337540064102564,0.5922475961538461,0.5924479166666666,0.608573717948718,0.47445913461538464,0.6658653846153846,0.5953525641025641,0.6061698717948718
8,0.5136217948717948,0.5022035256410257,0.5155248397435898,0.6117788461538461,0.5159254807692307,0.5246394230769231,0.5475761217948718,0.5089142628205128,0.5981570512820513,0.4996995192307692,0.5622996794871795,0.5611979166666666,0.5977564102564102,0.5913461538461539,0.5081129807692307,0.6127804487179487,0.6513421474358975,0.5481770833333334,0.6457331730769231,0.44160657051282054,0.549979967948718,0.573417467948718,0.6284054487179487,0.6412259615384616,0.5979567307692307,0.5634014423076923,0.6764823717948718,0.6070713141025641,0.5550881410256411,0.6480368589743589
9,0.625,0.6463341346153846,0.6051682692307693,0.6508413461538461,0.5909455128205128,0.6261017628205128,0.645332532051282,0.5671073717948718,0.6633613782051282,0.6417267628205128,0.5991586538461539,0.6271033653846154,0.58984375,0.6385216346153846,0.6206931089743589,0.6493389423076923,0.6527443910256411,0.4658453525641026,0.5824318910256411,0.5941506410256411,0.5914463141025641,0.6332131410256411,0.6473357371794872,0.5701121794871795,0.6419270833333334,0.28856169871794873,0.600761217948718,0.6568509615384616,0.6614583333333334,0.6756810897435898
10,0.6511418269230769,0.7105368589743589,0.6251001602564102,0.7045272435897436,0.645332532051282,0.6596554487179487,0.6879006410256411,0.6305088141025641,0.7015224358974359,0.6152844551282052,0.6545472756410257,0.6798878205128205,0.6841947115384616,0.4817708333333333,0.637520032051282,0.6409254807692307,0.6695713141025641,0.6177884615384616,0.6662660256410257,0.6564503205128205,0.6579527243589743,0.6548477564102564,0.6555488782051282,0.6215945512820513,0.6099759615384616,0.17548076923076922,0.6405248397435898,0.6339142628205128,0.5943509615384616,0.5463741987179487
11,0.6953125,0.7152443910256411,0.6748798076923077,0.7045272435897436,0.6405248397435898,0.6900040064102564,0.7142427884615384,0.6807892628205128,0.7104366987179487,0.6272035256410257,0.7216546474358975,0.7001201923076923,0.6976161858974359,0.671875,0.6329126602564102,0.6851963141025641,0.6497395833333334,0.7258613782051282,0.6828926282051282,0.686698717948718,0.6136818910256411,0.6629607371794872,0.6156850961538461,0.7007211538461539,0.36608573717948717,0.35366586538461536,0.7046274038461539,0.6815905448717948,0.6524439102564102,0.5563902243589743
12,0.6458333333333334,0.4479166666666667,0.6789863782051282,0.6664663461538461,0.7157451923076923,0.6634615384615384,0.4560296474358974,0.1031650641025641,0.5720152243589743,0.6677684294871795,0.6688701923076923,0.549979967948718,0.1031650641025641,0.5408653846153846,0.6257011217948718,0.5917467948717948,0.6104767628205128,0.53515625,0.6151842948717948,0.6423277243589743,0.6590544871794872,0.6881009615384616,0.7042267628205128,0.7357772435897436,0.3818108974358974,0.3798076923076923,0.6519431089743589,0.6919070512820513,0.6327123397435898,0.5254407051282052
13,0.6986177884615384,0.7249599358974359,0.7043269230769231,0.6162860576923077,0.585136217948718,0.69140625,0.7137419871794872,0.10096153846153846,0.6036658653846154,0.5466746794871795,0.6631610576923077,0.7423878205128205,0.10667067307692307,0.5561899038461539,0.6526442307692307,0.5996594551282052,0.6882011217948718,0.7230568910256411,0.5659054487179487,0.5842347756410257,0.6049679487179487,0.7178485576923077,0.6610576923076923,0.7281650641025641,0.5246394230769231,0.43279246794871795,0.6836939102564102,0.6673677884615384,0.6423277243589743,0.6520432692307693
14,0.7090344551282052,0.7122395833333334,0.64453125,0.7123397435897436,0.7266626602564102,0.7142427884615384,0.7110376602564102,0.13411458333333334,0.714042467948718,0.7118389423076923,0.7119391025641025,0.7385817307692307,0.1180889423076923,0.7233573717948718,0.7201522435897436,0.676582532051282,0.71484375,0.5896434294871795,0.7173477564102564,0.4733573717948718,0.750801282051282,0.5862379807692307,0.6305088141025641,0.7451923076923077,0.6948116987179487,0.42688301282051283,0.6344150641025641,0.48056891025641024,0.682792467948718,0.7168469551282052
15,0.7125400641025641,0.5481770833333334,0.7501001602564102,0.727363782051282,0.7166466346153846,0.5736177884615384,0.6794871794871795,0.23868189102564102,0.7585136217948718,0.6731770833333334,0.6817908653846154,0.6247996794871795,0.16436298076923078,0.6909054487179487,0.7048277243589743,0.5289463141025641,0.6854967948717948,0.7025240384615384,0.637520032051282,0.6625600961538461,0.7425881410256411,0.7027243589743589,0.7283653846153846,0.7233573717948718,0.6143830128205128,0.5375600961538461,0.6612580128205128,0.6566506410256411,0.7199519230769231,0.6690705128205128
16,0.7569110576923077,0.6177884615384616,0.7446915064102564,0.7303685897435898,0.7065304487179487,0.7793469551282052,0.707832532051282,0.32702323717948717,0.7824519230769231,0.6146834935897436,0.6956129807692307,0.620292467948718,0.36338141025641024,0.7490985576923077,0.7372796474358975,0.7466947115384616,0.7636217948717948,0.7540064102564102,0.6271033653846154,0.7275641025641025,0.5572916666666666,0.6291065705128205,0.7607171474358975,0.7103365384615384,0.7610176282051282,0.4829727564102564,0.6871995192307693,0.7780448717948718,0.7725360576923077,0.5842347756410257
17,0.760917467948718,0.10286458333333333,0.753104967948718,0.7275641025641025,0.7534054487179487,0.668770032051282,0.7784455128205128,0.44901842948717946,0.6533453525641025,0.7527043269230769,0.5426682692307693,0.7331730769230769,0.3223157051282051,0.7096354166666666,0.7644230769230769,0.7597155448717948,0.774238782051282,0.7147435897435898,0.7030248397435898,0.7174479166666666,0.6334134615384616,0.7120392628205128,0.6967147435897436,0.5641025641025641,0.7761418269230769,0.44701522435897434,0.7355769230769231,0.7940705128205128,0.6772836538461539,0.7522035256410257
18,0.6903044871794872,0.1567508012820513,0.7713341346153846,0.7144431089743589,0.7660256410256411,0.7342748397435898,0.7925681089743589,0.4609375,0.6247996794871795,0.77734375,0.7131410256410257,0.7202524038461539,0.433193108974359,0.5726161858974359,0.7749399038461539,0.6302083333333334,0.7603165064102564,0.7561097756410257,0.6913060897435898,0.7559094551282052,0.7457932692307693,0.6947115384615384,0.7035256410256411,0.5793269230769231,0.7896634615384616,0.6040665064102564,0.7628205128205128,0.7385817307692307,0.7645232371794872,0.7415865384615384
19,0.788261217948718,0.11588541666666667,0.6079727564102564,0.7562099358974359,0.7603165064102564,0.7633213141025641,0.7753405448717948,0.5822315705128205,0.7474959935897436,0.7711338141025641,0.7639222756410257,0.7465945512820513,0.5681089743589743,0.7880608974358975,0.8056891025641025,0.6465344551282052,0.616386217948718,0.7627203525641025,0.7290665064102564,0.8055889423076923,0.8074919871794872,0.7600160256410257,0.7662259615384616,0.7935697115384616,0.7672275641025641,0.6374198717948718,0.7643229166666666,0.6792868589743589,0.5514823717948718,0.7416866987179487
20,0.7473958333333334,0.2764423076923077,0.7650240384615384,0.7895633012820513,0.4855769230769231,0.7448918269230769,0.8198116987179487,0.6418269230769231,0.797676282051282,0.49829727564102566,0.7819511217948718,0.680488782051282,0.5417668269230769,0.8055889423076923,0.5774238782051282,0.7704326923076923,0.754707532051282,0.7559094551282052,0.7516025641025641,0.637520032051282,0.8100961538461539,0.6422275641025641,0.7896634615384616,0.7946714743589743,0.7702323717948718,0.6885016025641025,0.7650240384615384,0.7672275641025641,0.7046274038461539,0.6989182692307693
21,0.7386818910256411,0.1891025641025641,0.797676282051282,0.7694310897435898,0.12720352564102563,0.5921474358974359,0.8108974358974359,0.5586939102564102,0.7717347756410257,0.1326121794871795,0.7651241987179487,0.7624198717948718,0.5461738782051282,0.7485977564102564,0.7551081730769231,0.7563100961538461,0.7069310897435898,0.8020833333333334,0.7462940705128205,0.8051883012820513,0.6551482371794872,0.7590144230769231,0.6463341346153846,0.8125,0.7573116987179487,0.4671474358974359,0.7893629807692307,0.8096955128205128,0.7251602564102564,0.7646233974358975
22,0.8169070512820513,0.4967948717948718,0.7692307692307693,0.7975761217948718,0.15224358974358973,0.8213141025641025,0.7566105769230769,0.5551883012820513,0.7633213141025641,0.24048477564102563,0.8091947115384616,0.6793870192307693,0.5374599358974359,0.7074318910256411,0.811698717948718,0.7914663461538461,0.7980769230769231,0.7735376602564102,0.7900641025641025,0.7505008012820513,0.8182091346153846,0.7826522435897436,0.6964142628205128,0.8050881410256411,0.7352764423076923,0.6122796474358975,0.792167467948718,0.7879607371794872,0.7634214743589743,0.6018629807692307
23,0.8200120192307693,0.4518229166666667,0.8102964743589743,0.8041866987179487,0.16897035256410256,0.6918068910256411,0.8091947115384616,0.6516426282051282,0.803886217948718,0.16135817307692307,0.5356570512820513,0.7830528846153846,0.5956530448717948,0.8145032051282052,0.09745592948717949,0.7760416666666666,0.7211538461538461,0.7315705128205128,0.7910657051282052,0.7808493589743589,0.8379407051282052,0.7032251602564102,0.6435296474358975,0.809395032051282,0.8276241987179487,0.6052684294871795,0.8284254807692307,0.8200120192307693,0.7946714743589743,0.8409455128205128
24,0.803886217948718,0.5035056089743589,0.8047876602564102,0.8062900641025641,0.3759014423076923,0.8230168269230769,0.8315304487179487,0.6490384615384616,0.7240584935897436,0.40675080128205127,0.08914262820512821,0.8231169871794872,0.6736778846153846,0.6707732371794872,0.18159054487179488,0.8119991987179487,0.7540064102564102,0.8247195512820513,0.7408854166666666,0.7887620192307693,0.8160056089743589,0.8129006410256411,0.8148036858974359,0.8348357371794872,0.8151041666666666,0.5807291666666666,0.7909655448717948,0.8274238782051282,0.8249198717948718,0.8276241987179487
25,0.7829527243589743,0.5323517628205128,0.8012820512820513,0.7525040064102564,0.35006009615384615,0.8159054487179487,0.7759415064102564,0.5755208333333334,0.8055889423076923,0.5155248397435898,0.25180288461538464,0.7965745192307693,0.5877403846153846,0.7407852564102564,0.2715344551282051,0.8020833333333334,0.7519030448717948,0.8143028846153846,0.832832532051282,0.7527043269230769,0.8222155448717948,0.8272235576923077,0.8192107371794872,0.6415264423076923,0.8240184294871795,0.4606370192307692,0.788261217948718,0.7369791666666666,0.7670272435897436,0.8287259615384616
26,0.8283253205128205,0.5634014423076923,0.7982772435897436,0.8384415064102564,0.5347556089743589,0.805488782051282,0.835136217948718,0.7057291666666666,0.7689302884615384,0.5895432692307693,0.25390625,0.8044871794871795,0.6224959935897436,0.7940705128205128,0.21584535256410256,0.8235176282051282,0.5192307692307693,0.66015625,0.807792467948718,0.8101963141025641,0.8454527243589743,0.8440504807692307,0.8105969551282052,0.8067908653846154,0.6783854166666666,0.7535056089743589,0.7866586538461539,0.8372395833333334,0.8183092948717948,0.8123998397435898
27,0.8228165064102564,0.5563902243589743,0.8059895833333334,0.8719951923076923,0.5038060897435898,0.8408453525641025,0.8458533653846154,0.7393830128205128,0.8381410256410257,0.5426682692307693,0.2874599358974359,0.8420472756410257,0.6723758012820513,0.8344350961538461,0.44080528846153844,0.7475961538461539,0.13391426282051283,0.8318309294871795,0.8096955128205128,0.8498597756410257,0.8460536858974359,0.8329326923076923,0.8415464743589743,0.8371394230769231,0.8327323717948718,0.7643229166666666,0.8298277243589743,0.8396434294871795,0.8380408653846154,0.8300280448717948
28,0.8016826923076923,0.5574919871794872,0.8337339743589743,0.8648838141025641,0.5300480769230769,0.8084935897435898,0.8459535256410257,0.7493990384615384,0.8440504807692307,0.5153245192307693,0.4325921474358974,0.8375400641025641,0.7067307692307693,0.8299278846153846,0.48647836538461536,0.8292267628205128,0.18078926282051283,0.8193108974358975,0.7930689102564102,0.8430488782051282,0.83984375,0.8218149038461539,0.8161057692307693,0.8587740384615384,0.8352363782051282,0.7636217948717948,0.8416466346153846,0.8524639423076923,0.8511618589743589,0.8457532051282052
29,0.8396434294871795,0.6372195512820513,0.8505608974358975,0.8596754807692307,0.5835336538461539,0.8532652243589743,0.7684294871794872,0.772636217948718,0.8232171474358975,0.5100160256410257,0.42888621794871795,0.7181490384615384,0.7410857371794872,0.796073717948718,0.26221955128205127,0.8431490384615384,0.3073918269230769,0.7870592948717948,0.839042467948718,0.8392427884615384,0.7979767628205128,0.7789463141025641,0.854667467948718,0.8532652243589743,0.8296274038461539,0.5829326923076923,0.7943709935897436,0.6707732371794872,0.8465544871794872,0.8446514423076923
30,0.8161057692307693,0.6969150641025641,0.8508613782051282,0.8570713141025641,0.5386618589743589,0.7645232371794872,0.8210136217948718,0.5081129807692307,0.8504607371794872,0.6051682692307693,0.49328926282051283,0.8197115384615384,0.6403245192307693,0.8119991987179487,0.5146233974358975,0.8531650641025641,0.42988782051282054,0.8503605769230769,0.8482572115384616,0.856270032051282,0.8337339743589743,0.8501602564102564,0.8325320512820513,0.8457532051282052,0.8297275641025641,0.7904647435897436,0.7892628205128205,0.8537660256410257,0.8534655448717948,0.6688701923076923
31,0.854667467948718,0.7176482371794872,0.8481570512820513,0.8547676282051282,0.672676282051282,0.8664863782051282,0.8209134615384616,0.11588541666666667,0.8547676282051282,0.6435296474358975,0.38271233974358976,0.8061899038461539,0.43800080128205127,0.8216145833333334,0.6396233974358975,0.8444511217948718,0.38651842948717946,0.8316306089743589,0.8142027243589743,0.8611778846153846,0.8488581730769231,0.8494591346153846,0.825020032051282,0.8422475961538461,0.8595753205128205,0.7783453525641025,0.8317307692307693,0.8576722756410257,0.8611778846153846,0.8475560897435898
32,0.8504607371794872,0.6431290064102564,0.8419471153846154,0.8589743589743589,0.6735777243589743,0.85546875,0.8565705128205128,0.18469551282051283,0.8480568910256411,0.7053285256410257,0.5739182692307693,0.8549679487179487,0.5006009615384616,0.8493589743589743,0.5737179487179487,0.8615785256410257,0.4345953525641026,0.8544671474358975,0.8665865384615384,0.8344350961538461,0.8658854166666666,0.8310296474358975,0.8687900641025641,0.8492588141025641,0.858573717948718,0.694511217948718,0.8633814102564102,0.8122996794871795,0.8412459935897436,0.8473557692307693
33,0.8556690705128205,0.6823918269230769,0.862479967948718,0.878104967948718,0.6905048076923077,0.8551682692307693,0.8690905448717948,0.375,0.8486578525641025,0.6620592948717948,0.6025641025641025,0.8332331730769231,0.7647235576923077,0.8336338141025641,0.62890625,0.8635817307692307,0.5698116987179487,0.7683293269230769,0.7733373397435898,0.8539663461538461,0.8549679487179487,0.8477564102564102,0.8675881410256411,0.8650841346153846,0.8609775641025641,0.764823717948718,0.8575721153846154,0.8670873397435898,0.8714943910256411,0.8595753205128205
34,0.8651842948717948,0.6078725961538461,0.854667467948718,0.8802083333333334,0.6778846153846154,0.8742988782051282,0.8686899038461539,0.15174278846153846,0.8667868589743589,0.7093349358974359,0.6306089743589743,0.8455528846153846,0.7838541666666666,0.8555689102564102,0.672676282051282,0.8485576923076923,0.5330528846153846,0.859375,0.8382411858974359,0.8609775641025641,0.8579727564102564,0.859375,0.8460536858974359,0.8041866987179487,0.8323317307692307,0.7819511217948718,0.8704927884615384,0.8473557692307693,0.8684895833333334,0.8517628205128205
35,0.8685897435897436,0.612479967948718,0.8497596153846154,0.8591746794871795,0.70703125,0.8782051282051282,0.8629807692307693,0.44541266025641024,0.8493589743589743,0.5719150641025641,0.6233974358974359,0.8641826923076923,0.7681290064102564,0.8087940705128205,0.7325721153846154,0.8293269230769231,0.4264823717948718,0.8674879807692307,0.8622796474358975,0.8759014423076923,0.8696915064102564,0.8609775641025641,0.8559695512820513,0.8753004807692307,0.8743990384615384,0.8177083333333334,0.875,0.8743990384615384,0.8733974358974359,0.8691907051282052
36,0.8595753205128205,0.7105368589743589,0.8614783653846154,0.8614783653846154,0.6620592948717948,0.09745592948717949,0.8813100961538461,0.5449719551282052,0.8728966346153846,0.6536458333333334,0.7003205128205128,0.8631810897435898,0.7965745192307693,0.8684895833333334,0.44741586538461536,0.8527644230769231,0.44751602564102566,0.7027243589743589,0.8670873397435898,0.8521634615384616,0.8709935897435898,0.8574719551282052,0.8792067307692307,0.8720953525641025,0.8597756410256411,0.8279246794871795,0.8787059294871795,0.8606770833333334,0.8729967948717948,0.8706931089743589
37,0.8722956730769231,0.7562099358974359,0.8399439102564102,0.8788060897435898,0.6459334935897436,0.15354567307692307,0.8664863782051282,0.5338541666666666,0.8198116987179487,0.7001201923076923,0.48938301282051283,0.8612780448717948,0.6955128205128205,0.8571714743589743,0.6376201923076923,0.8568709935897436,0.596854967948718,0.8728966346153846,0.8740985576923077,0.8725961538461539,0.8545673076923077,0.8611778846153846,0.7611177884615384,0.8846153846153846,0.8251201923076923,0.7933693910256411,0.8633814102564102,0.8638822115384616,0.860176282051282,0.8735977564102564
38,0.8763020833333334,0.7822516025641025,0.8673878205128205,0.8832131410256411,0.6131810897435898,0.18529647435897437,0.8809094551282052,0.5663060897435898,0.8688902243589743,0.7603165064102564,0.10096153846153846,0.8625801282051282,0.8060897435897436,0.8685897435897436,0.7350761217948718,0.8661858974358975,0.5725160256410257,0.8767027243589743,0.8763020833333334,0.8773036858974359,0.8612780448717948,0.8583733974358975,0.8763020833333334,0.8863181089743589,0.8842147435897436,0.8444511217948718,0.8774038461538461,0.8751001602564102,0.8729967948717948,0.8843149038461539
39,0.8704927884615384,0.7693309294871795,0.8738982371794872,0.8845152243589743,0.7494991987179487,0.3313301282051282,0.8751001602564102,0.5368589743589743,0.8705929487179487,0.7653245192307693,0.10096153846153846,0.8686899038461539,0.6828926282051282,0.8762019230769231,0.7150440705128205,0.8661858974358975,0.6387219551282052,0.8765024038461539,0.8693910256410257,0.8744991987179487,0.8689903846153846,0.8733974358974359,0.8714943910256411,0.889823717948718,0.889823717948718,0.7980769230769231,0.8826121794871795,0.8773036858974359,0.8737980769230769,0.8814102564102564
40,0.8831129807692307,0.7952724358974359,0.8733974358974359,0.8837139423076923,0.7450921474358975,0.17798477564102563,0.8818108974358975,0.561698717948718,0.8818108974358975,0.7790464743589743,0.1567508012820513,0.8664863782051282,0.7958733974358975,0.8787059294871795,0.7480969551282052,0.8785056089743589,0.6457331730769231,0.8879206730769231,0.8567708333333334,0.8817107371794872,0.8633814102564102,0.8760016025641025,0.8809094551282052,0.8563701923076923,0.8760016025641025,0.4489182692307692,0.8805088141025641,0.8795072115384616,0.875801282051282,0.8866185897435898
41,0.8697916666666666,0.8210136217948718,0.8792067307692307,0.8843149038461539,0.7541065705128205,0.410556891025641,0.8759014423076923,0.645332532051282,0.8763020833333334,0.7926682692307693,0.3764022435897436,0.8608774038461539,0.8340344551282052,0.8840144230769231,0.7503004807692307,0.8827123397435898,0.6438301282051282,0.8904246794871795,0.8568709935897436,0.8868189102564102,0.8806089743589743,0.8629807692307693,0.8930288461538461,0.8840144230769231,0.8817107371794872,0.1024639423076923,0.8764022435897436,0.885917467948718,0.8783052884615384,0.8792067307692307
42,0.890625,0.7788461538461539,0.85546875,0.8926282051282052,0.7746394230769231,0.5629006410256411,0.889823717948718,0.7047275641025641,0.8849158653846154,0.6331129807692307,0.3819110576923077,0.8769030448717948,0.8288261217948718,0.8793068910256411,0.7455929487179487,0.8748998397435898,0.5469751602564102,0.8873197115384616,0.8847155448717948,0.8918269230769231,0.8803084935897436,0.8818108974358975,0.8804086538461539,0.8933293269230769,0.8725961538461539,0.1268028846153846,0.8823116987179487,0.8894230769230769,0.8876201923076923,0.8844150641025641
43,0.8848157051282052,0.7426883012820513,0.8561698717948718,0.8766025641025641,0.7838541666666666,0.5308493589743589,0.8860176282051282,0.6699719551282052,0.8526642628205128,0.692207532051282,0.42357772435897434,0.8542668269230769,0.8318309294871795,0.6814903846153846,0.7019230769230769,0.8799078525641025,0.6636618589743589,0.8824118589743589,0.8849158653846154,0.8924278846153846,0.879707532051282,0.8887219551282052,0.899238782051282,0.8855168269230769,0.864082532051282,0.29467147435897434,0.8851161858974359,0.8766025641025641,0.8840144230769231,0.8701923076923077
44,0.8905248397435898,0.8206129807692307,0.8931290064102564,0.8870192307692307,0.7879607371794872,0.5914463141025641,0.8856169871794872,0.6506410256410257,0.8754006410256411,0.8239182692307693,0.5230368589743589,0.883613782051282,0.8396434294871795,0.1502403846153846,0.37880608974358976,0.8552684294871795,0.62109375,0.8646834935897436,0.8911258012820513,0.8915264423076923,0.8913261217948718,0.8891225961538461,0.88671875,0.8949318910256411,0.8677884615384616,0.4534254807692308,0.8850160256410257,0.8838141025641025,0.8848157051282052,0.8832131410256411
45,0.8852163461538461,0.8044871794871795,0.8870192307692307,0.8944310897435898,0.7564102564102564,0.6603565705128205,0.8870192307692307,0.6319110576923077,0.8832131410256411,0.8283253205128205,0.5050080128205128,0.8806089743589743,0.8506610576923077,0.2302684294871795,0.1349158653846154,0.879707532051282,0.6352163461538461,0.8837139423076923,0.8864182692307693,0.8896233974358975,0.87109375,0.8882211538461539,0.8855168269230769,0.8770032051282052,0.8938301282051282,0.39072516025641024,0.8830128205128205,0.8879206730769231,0.8611778846153846,0.8897235576923077
46,0.8866185897435898,0.8144030448717948,0.8763020833333334,0.890625,0.8131009615384616,0.6577524038461539,0.8841145833333334,0.7560096153846154,0.8810096153846154,0.8401442307692307,0.5065104166666666,0.8849158653846154,0.8383413461538461,0.33092948717948717,0.10887419871794872,0.8835136217948718,0.69921875,0.8971354166666666,0.8892227564102564,0.8998397435897436,0.8874198717948718,0.8857171474358975,0.8938301282051282,0.8823116987179487,0.8877203525641025,0.4443108974358974,0.8915264423076923,0.8848157051282052,0.8627804487179487,0.8933293269230769
47,0.8930288461538461,0.7980769230769231,0.8912259615384616,0.8968349358974359,0.8058894230769231,0.5979567307692307,0.8848157051282052,0.660957532051282,0.8913261217948718,0.8344350961538461,0.6200921474358975,0.8888221153846154,0.8299278846153846,0.27493990384615385,0.25020032051282054,0.8753004807692307,0.7889623397435898,0.8998397435897436,0.8822115384615384,0.8973357371794872,0.8974358974358975,0.8811097756410257,0.8902243589743589,0.8902243589743589,0.8927283653846154,0.553886217948718,0.8931290064102564,0.8947315705128205,0.8940304487179487,0.8919270833333334
48,0.8956330128205128,0.8196113782051282,0.8773036858974359,0.8929286858974359,0.7995793269230769,0.5546875,0.8844150641025641,0.09815705128205128,0.8896233974358975,0.8155048076923077,0.4816706730769231,0.8840144230769231,0.09815705128205128,0.5244391025641025,0.3251201923076923,0.8883213141025641,0.6200921474358975,0.8240184294871795,0.8909254807692307,0.8924278846153846,0.901542467948718,0.8928285256410257,0.8951322115384616,0.8944310897435898,0.8897235576923077,0.5970552884615384,0.89453125,0.8916266025641025,0.8908253205128205,0.8872195512820513
49,0.8981370192307693,0.8322315705128205,0.8923277243589743,0.9016426282051282,0.8206129807692307,0.6389222756410257,0.883613782051282,0.1187900641025641,0.8893229166666666,0.8461538461538461,0.5769230769230769,0.8856169871794872,0.11778846153846154,0.5133213141025641,0.34164663461538464,0.8951322115384616,0.8081931089743589,0.8982371794871795,0.8913261217948718,0.8962339743589743,0.9007411858974359,0.8893229166666666,0.9049479166666666,0.8951322115384616,0.8977363782051282,0.5844350961538461,0.8823116987179487,0.8884214743589743,0.8951322115384616,0.8919270833333334
50,0.8920272435897436,0.7766426282051282,0.8965344551282052,0.9010416666666666,0.8399439102564102,0.6077724358974359,0.09575320512820513,0.09575320512820513,0.8709935897435898,0.8465544871794872,0.5865384615384616,0.8964342948717948,0.10136217948717949,0.5166266025641025,0.515625,0.8873197115384616,0.7883613782051282,0.9002403846153846,0.8896233974358975,0.8985376602564102,0.8900240384615384,0.889823717948718,0.9025440705128205,0.889823717948718,0.8941306089743589,0.5285456730769231,0.9010416666666666,0.8882211538461539,0.8947315705128205,0.8925280448717948
51,0.8930288461538461,0.8092948717948718,0.8963341346153846,0.9048477564102564,0.8410456730769231,0.5772235576923077,0.10096153846153846,0.2130408653846154,0.8910256410256411,0.10286458333333333,0.6506410256410257,0.8888221153846154,0.28565705128205127,0.5710136217948718,0.5365584935897436,0.8787059294871795,0.8029847756410257,0.9072516025641025,0.8981370192307693,0.8823116987179487,0.90625,0.8903245192307693,0.8982371794871795,0.8999399038461539,0.897636217948718,0.49659455128205127,0.8181089743589743,0.8951322115384616,0.8879206730769231,0.8900240384615384
52,0.8916266025641025,0.8360376602564102,0.8960336538461539,0.8923277243589743,0.84375,0.7143429487179487,0.09815705128205128,0.30288461538461536,0.8746995192307693,0.10106169871794872,0.667167467948718,0.10096153846153846,0.3613782051282051,0.4269831730769231,0.5892427884615384,0.89453125,0.8055889423076923,0.9084535256410257,0.8889222756410257,0.8967347756410257,0.9068509615384616,0.8967347756410257,0.9021434294871795,0.8952323717948718,0.8988381410256411,0.6512419871794872,0.8938301282051282,0.8969350961538461,0.8983373397435898,0.9006410256410257
53,0.8874198717948718,0.8472556089743589,0.9026442307692307,0.8896233974358975,0.7169471153846154,0.6746794871794872,0.09815705128205128,0.47606169871794873,0.8891225961538461,0.2679286858974359,0.5771233974358975,0.2130408653846154,0.4758613782051282,0.639823717948718,0.6363181089743589,0.8982371794871795,0.8276241987179487,0.9003405448717948,0.8958333333333334,0.8991386217948718,0.9021434294871795,0.8912259615384616,0.9020432692307693,0.9010416666666666,0.8972355769230769,0.2659254807692308,0.9017427884615384,0.9048477564102564,0.8910256410256411,0.9071514423076923
54,0.8995392628205128,0.8549679487179487,0.8874198717948718,0.9065504807692307,0.82421875,0.6897035256410257,0.12650240384615385,0.4577323717948718,0.8942307692307693,0.3121995192307692,0.7136418269230769,0.09975961538461539,0.5869391025641025,0.598457532051282,0.5338541666666666,0.903145032051282,0.8329326923076923,0.9001402243589743,0.895332532051282,0.8970352564102564,0.87890625,0.9001402243589743,0.9017427884615384,0.8996394230769231,0.8991386217948718,0.09825721153846154,0.9043469551282052,0.8958333333333334,0.8982371794871795,0.9011418269230769
55,0.9069511217948718,0.8610777243589743,0.8856169871794872,0.9076522435897436,0.8650841346153846,0.7827524038461539,0.1958133012820513,0.44320913461538464,0.8923277243589743,0.3506610576923077,0.5084134615384616,0.1953125,0.4270833333333333,0.6128806089743589,0.15224358974358973,0.8970352564102564,0.6458333333333334,0.9069511217948718,0.8956330128205128,0.8927283653846154,0.9090544871794872,0.8947315705128205,0.9042467948717948,0.9012419871794872,0.9033453525641025,0.09815705128205128,0.9017427884615384,0.889823717948718,0.8975360576923077,0.8905248397435898
56,0.9073517628205128,0.8621794871794872,0.9005408653846154,0.9074519230769231,0.8703926282051282,0.6864983974358975,0.17578125,0.47826522435897434,0.8963341346153846,0.18659855769230768,0.7571113782051282,0.44120592948717946,0.4426081730769231,0.6386217948717948,0.11007612179487179,0.9047475961538461,0.8350360576923077,0.9067508012820513,0.8997395833333334,0.901542467948718,0.9073517628205128,0.8995392628205128,0.9089543269230769,0.9041466346153846,0.8993389423076923,0.15625,0.9005408653846154,0.8980368589743589,0.9032451923076923,0.9107572115384616
57,0.9126602564102564,0.8668870192307693,0.9122596153846154,0.9080528846153846,0.8643830128205128,0.8037860576923077,0.44080528846153844,0.59765625,0.8904246794871795,0.5960536858974359,0.7611177884615384,0.48227163461538464,0.546073717948718,0.6421274038461539,0.22235576923076922,0.9066506410256411,0.8540665064102564,0.9123597756410257,0.9056490384615384,0.8979366987179487,0.9040464743589743,0.8999399038461539,0.9043469551282052,0.9047475961538461,0.9038461538461539,0.3590745192307692,0.9077524038461539,0.8954326923076923,0.9056490384615384,0.9045472756410257
58,0.9152644230769231,0.8711939102564102,0.9082532051282052,0.9098557692307693,0.86328125,0.7862580128205128,0.36117788461538464,0.5749198717948718,0.8974358974358975,0.5228365384615384,0.46794871794871795,0.45683092948717946,0.6275040064102564,0.5949519230769231,0.11969150641025642,0.897636217948718,0.8247195512820513,0.9112580128205128,0.903145032051282,0.8933293269230769,0.9127604166666666,0.9064503205128205,0.9124599358974359,0.9069511217948718,0.905448717948718,0.49328926282051283,0.9096554487179487,0.9075520833333334,0.9072516025641025,0.9076522435897436
59,0.8968349358974359,0.8658854166666666,0.9097556089743589,0.9124599358974359,0.8498597756410257,0.8145032051282052,0.44451121794871795,0.6422275641025641,0.8955328525641025,0.5868389423076923,0.7667267628205128,0.5064102564102564,0.6501402243589743,0.6397235576923077,0.29306891025641024,0.9011418269230769,0.8267227564102564,0.9135616987179487,0.8974358974358975,0.9118589743589743,0.9089543269230769,0.9002403846153846,0.9047475961538461,0.9098557692307693,0.9096554487179487,0.4404046474358974,0.9105568910256411,0.9037459935897436,0.9074519230769231,0.9058493589743589
60,0.9081530448717948,0.8515625,0.9076522435897436,0.910957532051282,0.8340344551282052,0.7860576923076923,0.49719551282051283,0.6396233974358975,0.8942307692307693,0.5412660256410257,0.567207532051282,0.5037059294871795,0.6700721153846154,0.7700320512820513,0.413661858974359,0.9066506410256411,0.8538661858974359,0.9082532051282052,0.9030448717948718,0.9052483974358975,0.9055488782051282,0.9057491987179487,0.9130608974358975,0.9120592948717948,0.9145633012820513,0.409755608974359,0.9166666666666666,0.9041466346153846,0.9096554487179487,0.9115584935897436
61,0.9082532051282052,0.8796073717948718,0.9039463141025641,0.9128605769230769,0.8791065705128205,0.6822916666666666,0.4967948717948718,0.5504807692307693,0.8959334935897436,0.4781650641025641,0.7876602564102564,0.461338141025641,0.6245993589743589,0.6781850961538461,0.5969551282051282,0.9051482371794872,0.8461538461538461,0.905448717948718,0.9087540064102564,0.9065504807692307,0.9161658653846154,0.9038461538461539,0.9178685897435898,0.9097556089743589,0.9064503205128205,0.48747996794871795,0.9125600961538461,0.8844150641025641,0.8646834935897436,0.9123597756410257
62,0.9024439102564102,0.8739983974358975,0.9055488782051282,0.9124599358974359,0.866386217948718,0.8179086538461539,0.5766225961538461,0.5562900641025641,0.8986378205128205,0.5799278846153846,0.3740985576923077,0.5827323717948718,0.5576923076923077,0.7077323717948718,0.5394631410256411,0.9107572115384616,0.8527644230769231,0.9151642628205128,0.9063501602564102,0.9017427884615384,0.9158653846153846,0.9085536858974359,0.9185697115384616,0.9095552884615384,0.9025440705128205,0.38671875,0.9107572115384616,0.9086538461538461,0.9102564102564102,0.9075520833333334
63,0.9005408653846154,0.8763020833333334,0.9056490384615384,0.9134615384615384,0.8766025641025641,0.8410456730769231,0.6325120192307693,0.4862780448717949,0.9021434294871795,0.6226963141025641,0.10727163461538461,0.6192908653846154,0.6612580128205128,0.7774439102564102,0.6051682692307693,0.9073517628205128,0.8765024038461539,0.9183693910256411,0.9099559294871795,0.9103565705128205,0.9174679487179487,0.891426282051282,0.9076522435897436,0.9096554487179487,0.8767027243589743,0.589042467948718,0.910957532051282,0.9114583333333334,0.9042467948717948,0.9140625
64,0.9142628205128205,0.8839142628205128,0.9090544871794872,0.9158653846153846,0.8839142628205128,0.8278245192307693,0.6092748397435898,0.46464342948717946,0.09575320512820513,0.696113782051282,0.18088942307692307,0.6098758012820513,0.5910456730769231,0.8126001602564102,0.6038661858974359,0.9024439102564102,0.8725961538461539,0.9198717948717948,0.9090544871794872,0.9126602564102564,0.9143629807692307,0.9121594551282052,0.9146634615384616,0.9092548076923077,0.9183693910256411,0.6350160256410257,0.9126602564102564,0.9139623397435898,0.9061498397435898,0.9142628205128205
65,0.9000400641025641,0.8883213141025641,0.9162660256410257,0.9097556089743589,0.8738982371794872,0.8364383012820513,0.47506009615384615,0.71484375,0.1930088141025641,0.6919070512820513,0.36247996794871795,0.5985576923076923,0.733573717948718,0.8159054487179487,0.6343149038461539,0.9110576923076923,0.8629807692307693,0.9227764423076923,0.9057491987179487,0.9117588141025641,0.9216746794871795,0.907051282051282,0.9191706730769231,0.9104567307692307,0.9162660256410257,0.5058092948717948,0.8889222756410257,0.9128605769230769,0.9117588141025641,0.9177684294871795
66,0.91796875,0.8838141025641025,0.9156650641025641,0.9086538461538461,0.8770032051282052,0.815604967948718,0.4092548076923077,0.6664663461538461,0.18349358974358973,0.5067107371794872,0.37610176282051283,0.4740584935897436,0.7363782051282052,0.7967748397435898,0.6559495192307693,0.9172676282051282,0.8777043269230769,0.922676282051282,0.8960336538461539,0.9120592948717948,0.9127604166666666,0.9107572115384616,0.9163661858974359,0.9122596153846154,0.9055488782051282,0.5395633012820513,0.9075520833333334,0.9135616987179487,0.909354967948718,0.90625
67,0.9129607371794872,0.8794070512820513,0.9194711538461539,0.9150641025641025,0.8834134615384616,0.5967548076923077,0.09805689102564102,0.7183493589743589,0.3483573717948718,0.7928685897435898,0.43189102564102566,0.51953125,0.729667467948718,0.805488782051282,0.6393229166666666,0.9049479166666666,0.8818108974358975,0.9195713141025641,0.9038461538461539,0.9158653846153846,0.9230769230769231,0.9078525641025641,0.9236778846153846,0.9151642628205128,0.9144631410256411,0.448818108974359,0.9142628205128205,0.9144631410256411,0.91796875,0.9122596153846154
68,0.9104567307692307,0.8951322115384616,0.917167467948718,0.9113581730769231,0.8889222756410257,0.10687099358974358,0.10096153846153846,0.7404847756410257,0.40124198717948717,0.7495993589743589,0.5668068910256411,0.6947115384615384,0.7777443910256411,0.8193108974358975,0.5829326923076923,0.9087540064102564,0.88671875,0.9245793269230769,0.9089543269230769,0.91796875,0.9219751602564102,0.8965344551282052,0.9252804487179487,0.9134615384615384,0.9161658653846154,0.6288060897435898,0.9119591346153846,0.9166666666666666,0.9150641025641025,0.9156650641025641
69,0.9133613782051282,0.8873197115384616,0.9214743589743589,0.9191706730769231,0.8857171474358975,0.15935496794871795,0.17888621794871795,0.7655248397435898,0.5463741987179487,0.7860576923076923,0.5636017628205128,0.5598958333333334,0.7787459935897436,0.8322315705128205,0.6802884615384616,0.9130608974358975,0.8766025641025641,0.9251802884615384,0.9060496794871795,0.9082532051282052,0.9139623397435898,0.9049479166666666,0.9180689102564102,0.9169671474358975,0.9227764423076923,0.6967147435897436,0.9165665064102564,0.9190705128205128,0.9197716346153846,0.9198717948717948
70,0.9128605769230769,0.890625,0.9215745192307693,0.9152644230769231,0.8918269230769231,0.25831330128205127,0.3683894230769231,0.7760416666666666,0.4931891025641026,0.7575120192307693,0.5598958333333334,0.727363782051282,0.7979767628205128,0.8360376602564102,0.7100360576923077,0.918770032051282,0.8913261217948718,0.9199719551282052,0.9092548076923077,0.9153645833333334,0.9188701923076923,0.9104567307692307,0.9216746794871795,0.9164663461538461,0.921875,0.5977564102564102,0.9160657051282052,0.9077524038461539,0.917167467948718,0.9189703525641025
71,0.9130608974358975,0.8908253205128205,0.9222756410256411,0.9178685897435898,0.8930288461538461,0.39453125,0.3841145833333333,0.7836538461538461,0.6078725961538461,0.8084935897435898,0.6646634615384616,0.7522035256410257,0.8029847756410257,0.8372395833333334,0.7242588141025641,0.9151642628205128,0.8876201923076923,0.9244791666666666,0.9153645833333334,0.9089543269230769,0.9212740384615384,0.913261217948718,0.9254807692307693,0.9160657051282052,0.9209735576923077,0.6894030448717948,0.9202724358974359,0.9209735576923077,0.9133613782051282,0.9183693910256411
72,0.9209735576923077,0.8954326923076923,0.9139623397435898,0.9206730769230769,0.8913261217948718,0.5082131410256411,0.45252403846153844,0.7846554487179487,0.421474358974359,0.8092948717948718,0.5771233974358975,0.6660657051282052,0.7914663461538461,0.7850560897435898,0.7518028846153846,0.9090544871794872,0.8812099358974359,0.9133613782051282,0.9129607371794872,0.9162660256410257,0.9110576923076923,0.9145633012820513,0.9238782051282052,0.9105568910256411,0.9083533653846154,0.7032251602564102,0.9204727564102564,0.9150641025641025,0.9120592948717948,0.9214743589743589
73,0.9205729166666666,0.9009415064102564,0.9233774038461539,0.9216746794871795,0.8974358974358975,0.47435897435897434,0.4528245192307692,0.5404647435897436,0.6396233974358975,0.815604967948718,0.6964142628205128,0.7629206730769231,0.8197115384615384,0.8236177884615384,0.7597155448717948,0.9194711538461539,0.8889222756410257,0.9227764423076923,0.9174679487179487,0.9189703525641025,0.9246794871794872,0.9185697115384616,0.9273838141025641,0.9129607371794872,0.921073717948718,0.6634615384615384,0.9237780448717948,0.9000400641025641,0.9221754807692307,0.9184695512820513
74,0.9161658653846154,0.9036458333333334,0.9213741987179487,0.9164663461538461,0.8985376602564102,0.5040064102564102,0.5717147435897436,0.8102964743589743,0.6288060897435898,0.8374399038461539,0.6916065705128205,0.7578125,0.71484375,0.8577724358974359,0.8002804487179487,0.9215745192307693,0.8971354166666666,0.9251802884615384,0.9176682692307693,0.9186698717948718,0.9183693910256411,0.9129607371794872,0.9248798076923077,0.9201722756410257,0.9201722756410257,0.7176482371794872,0.9196714743589743,0.913261217948718,0.9227764423076923,0.9231770833333334
75,0.9215745192307693,0.9042467948717948,0.9258814102564102,0.9195713141025641,0.9005408653846154,0.5198317307692307,0.5592948717948718,0.7241586538461539,0.6824919871794872,0.8033854166666666,0.7353766025641025,0.7300681089743589,0.7794471153846154,0.7596153846153846,0.7104366987179487,0.9217748397435898,0.8919270833333334,0.9256810897435898,0.9133613782051282,0.9140625,0.9152644230769231,0.9152644230769231,0.9248798076923077,0.9140625,0.9236778846153846,0.7615184294871795,0.9191706730769231,0.9198717948717948,0.8931290064102564,0.922676282051282
76,0.9250801282051282,0.9033453525641025,0.9228766025641025,0.9244791666666666,0.8985376602564102,0.6623597756410257,0.6330128205128205,0.8576722756410257,0.6330128205128205,0.835136217948718,0.7126402243589743,0.7941706730769231,0.09575320512820513,0.8283253205128205,0.8233173076923077,0.9212740384615384,0.8971354166666666,0.9183693910256411,0.9184695512820513,0.9239783653846154,0.9036458333333334,0.9172676282051282,0.926582532051282,0.9167668269230769,0.924979967948718,0.7453926282051282,0.9005408653846154,0.9211738782051282,0.9176682692307693,0.9195713141025641
77,0.9244791666666666,0.9080528846153846,0.9090544871794872,0.9282852564102564,0.8993389423076923,0.6385216346153846,0.5768229166666666,0.8578725961538461,0.6433293269230769,0.6482371794871795,0.6150841346153846,0.6964142628205128,0.16416266025641027,0.719551282051282,0.8254206730769231,0.9134615384615384,0.8932291666666666,0.9254807692307693,0.9176682692307693,0.9194711538461539,0.926582532051282,0.9094551282051282,0.9273838141025641,0.9212740384615384,0.913261217948718,0.7786458333333334,0.9057491987179487,0.9208733974358975,0.9220753205128205,0.9299879807692307
78,0.9261818910256411,0.8986378205128205,0.9242788461538461,0.9231770833333334,0.9040464743589743,0.6044671474358975,0.32872596153846156,0.8485576923076923,0.7416866987179487,0.8517628205128205,0.7245592948717948,0.7589142628205128,0.29477163461538464,0.8691907051282052,0.7797475961538461,0.9202724358974359,0.9034455128205128,0.9311899038461539,0.9182692307692307,0.9225761217948718,0.9292868589743589,0.9165665064102564,0.9142628205128205,0.9102564102564102,0.9275841346153846,0.8029847756410257,0.9193709935897436,0.9201722756410257,0.9230769230769231,0.9190705128205128
79,0.9271834935897436,0.905448717948718,0.9227764423076923,0.9243790064102564,0.9032451923076923,0.6092748397435898,0.6024639423076923,0.8467548076923077,0.7238581730769231,0.8583733974358975,0.7411858974358975,0.7722355769230769,0.21264022435897437,0.8693910256410257,0.821113782051282,0.9165665064102564,0.9056490384615384,0.9153645833333334,0.9141626602564102,0.9212740384615384,0.9230769230769231,0.9146634615384616,0.9278846153846154,0.9197716346153846,0.9279847756410257,0.7910657051282052,0.9278846153846154,0.9203725961538461,0.926582532051282,0.9297876602564102
80,0.9248798076923077,0.9067508012820513,0.9271834935897436,0.9247796474358975,0.9041466346153846,0.6013621794871795,0.6865985576923077,0.8190104166666666,0.6881009615384616,0.8384415064102564,0.71484375,0.8239182692307693,0.49599358974358976,0.8755008012820513,0.8314302884615384,0.9228766025641025,0.8926282051282052,0.9275841346153846,0.9175681089743589,0.9231770833333334,0.9234775641025641,0.9250801282051282,0.9298878205128205,0.9227764423076923,0.9255809294871795,0.788261217948718,0.9240785256410257,0.9260817307692307,0.9284855769230769,0.9308894230769231
81,0.9299879807692307,0.9029447115384616,0.9240785256410257,0.9204727564102564,0.8957331730769231,0.7330729166666666,0.6092748397435898,0.8563701923076923,0.6886017628205128,0.850761217948718,0.7837540064102564,0.8167067307692307,0.5232371794871795,0.8683894230769231,0.839042467948718,0.9261818910256411,0.907051282051282,0.9310897435897436,0.9154647435897436,0.9234775641025641,0.9278846153846154,0.9189703525641025,0.9328926282051282,0.9219751602564102,0.9237780448717948,0.80859375,0.9301883012820513,0.9192708333333334,0.9219751602564102,0.9309895833333334
82,0.9276842948717948,0.9092548076923077,0.9264823717948718,0.9282852564102564,0.9026442307692307,0.7086338141025641,0.6916065705128205,0.8565705128205128,0.5846354166666666,0.8607772435897436,0.7900641025641025,0.8385416666666666,0.5201322115384616,0.8664863782051282,0.8334334935897436,0.921875,0.9090544871794872,0.9295873397435898,0.9203725961538461,0.922676282051282,0.9287860576923077,0.9264823717948718,0.9329927884615384,0.9279847756410257,0.9281850961538461,0.7322716346153846,0.9279847756410257,0.924979967948718,0.9264823717948718,0.9229767628205128
83,0.9301883012820513,0.9150641025641025,0.9232772435897436,0.9278846153846154,0.9061498397435898,0.7659254807692307,0.7375801282051282,0.8525641025641025,0.7758413461538461,0.09815705128205128,0.7825520833333334,0.7111378205128205,0.6147836538461539,0.8760016025641025,0.8571714743589743,0.9277844551282052,0.9079527243589743,0.9318910256410257,0.9097556089743589,0.9208733974358975,0.9242788461538461,0.9255809294871795,0.9340945512820513,0.9273838141025641,0.9291866987179487,0.819511217948718,0.9272836538461539,0.9227764423076923,0.9286858974358975,0.9266826923076923
84,0.9290865384615384,0.9136618589743589,0.9251802884615384,0.9282852564102564,0.9059495192307693,0.5974559294871795,0.48587740384615385,0.8655849358974359,0.7815504807692307,0.1031650641025641,0.8078926282051282,0.8436498397435898,0.5496794871794872,0.8811097756410257,0.8520633012820513,0.9260817307692307,0.9065504807692307,0.9315905448717948,0.9147636217948718,0.9232772435897436,0.9319911858974359,0.9225761217948718,0.9285857371794872,0.9278846153846154,0.9296875,0.828125,0.9237780448717948,0.9178685897435898,0.9309895833333334,0.91796875
85,0.9273838141025641,0.9145633012820513,0.9275841346153846,0.9280849358974359,0.9030448717948718,0.7381810897435898,0.6619591346153846,0.8670873397435898,0.7440905448717948,0.22786458333333334,0.8213141025641025,0.8472556089743589,0.5798277243589743,0.8828125,0.854667467948718,0.9281850961538461,0.9149639423076923,0.9324919871794872,0.9180689102564102,0.9254807692307693,0.9275841346153846,0.9225761217948718,0.9275841346153846,0.9202724358974359,0.9298878205128205,0.8286258012820513,0.9300881410256411,0.9227764423076923,0.9319911858974359,0.9320913461538461
86,0.9321915064102564,0.9204727564102564,0.9292868589743589,0.9298878205128205,0.9078525641025641,0.710136217948718,0.6888020833333334,0.8558693910256411,0.7831530448717948,0.43299278846153844,0.3733974358974359,0.8490584935897436,0.6794871794871795,0.8839142628205128,0.8140024038461539,0.9242788461538461,0.9080528846153846,0.924979967948718,0.9255809294871795,0.9296875,0.9312900641025641,0.9214743589743589,0.9310897435897436,0.930488782051282,0.9188701923076923,0.8276241987179487,0.9338942307692307,0.9244791666666666,0.9286858974358975,0.9330929487179487
87,0.9347956730769231,0.9046474358974359,0.9277844551282052,0.9305889423076923,0.9082532051282052,0.6226963141025641,0.7798477564102564,0.8625801282051282,0.7712339743589743,0.510917467948718,0.10196314102564102,0.8336338141025641,0.6709735576923077,0.8870192307692307,0.8548677884615384,0.92578125,0.9122596153846154,0.9341947115384616,0.9227764423076923,0.9295873397435898,0.9293870192307693,0.9243790064102564,0.9370993589743589,0.9295873397435898,0.9332932692307693,0.8475560897435898,0.9270833333333334,0.9301883012820513,0.9329927884615384,0.9236778846153846
88,0.9336939102564102,0.9134615384615384,0.9329927884615384,0.9293870192307693,0.9074519230769231,0.7448918269230769,0.8016826923076923,0.8782051282051282,0.8096955128205128,0.4328926282051282,0.22626201923076922,0.8430488782051282,0.7036258012820513,0.8893229166666666,0.8475560897435898,0.9219751602564102,0.9065504807692307,0.9352964743589743,0.9118589743589743,0.9289863782051282,0.9318910256410257,0.9133613782051282,0.9332932692307693,0.9285857371794872,0.9313902243589743,0.8522636217948718,0.9255809294871795,0.9309895833333334,0.926582532051282,0.9298878205128205
89,0.9295873397435898,0.9208733974358975,0.930488782051282,0.9292868589743589,0.9116586538461539,0.7183493589743589,0.6304086538461539,0.8690905448717948,0.6288060897435898,0.6052684294871795,0.15845352564102563,0.7449919871794872,0.7239583333333334,0.891426282051282,0.862479967948718,0.9268830128205128,0.91015625,0.9323918269230769,0.9239783653846154,0.9286858974358975,0.9362980769230769,0.9230769230769231,0.9320913461538461,0.9312900641025641,0.9348958333333334,0.8567708333333334,0.9311899038461539,0.9333934294871795,0.9296875,0.9292868589743589
90,0.9340945512820513,0.9233774038461539,0.9293870192307693,0.9299879807692307,0.9119591346153846,0.8037860576923077,0.7862580128205128,0.870292467948718,0.7996794871794872,0.6006610576923077,0.2221554487179487,0.8001802884615384,0.725761217948718,0.8788060897435898,0.8709935897435898,0.9256810897435898,0.9095552884615384,0.9357972756410257,0.9201722756410257,0.9314903846153846,0.9360977564102564,0.9189703525641025,0.9356971153846154,0.9291866987179487,0.9307892628205128,0.8607772435897436,0.9340945512820513,0.9269831730769231,0.9268830128205128,0.9381009615384616
91,0.9349959935897436,0.9156650641025641,0.9295873397435898,0.9260817307692307,0.9124599358974359,0.8024839743589743,0.589042467948718,0.8667868589743589,0.8119991987179487,0.5682091346153846,0.4953926282051282,0.8418469551282052,0.6999198717948718,0.8918269230769231,0.8802083333333334,0.9291866987179487,0.9111578525641025,0.9353966346153846,0.9251802884615384,0.9348958333333334,0.9361979166666666,0.9295873397435898,0.9320913461538461,0.9273838141025641,0.9356971153846154,0.8699919871794872,0.9344951923076923,0.9281850961538461,0.9260817307692307,0.932792467948718
92,0.9307892628205128,0.9201722756410257,0.9252804487179487,0.9302884615384616,0.9078525641025641,0.8095953525641025,0.7359775641025641,0.8719951923076923,0.8294270833333334,0.4974959935897436,0.48607772435897434,0.8587740384615384,0.714042467948718,0.8926282051282052,0.8751001602564102,0.9202724358974359,0.9095552884615384,0.932792467948718,0.9262820512820513,0.9312900641025641,0.9298878205128205,0.9245793269230769,0.9390024038461539,0.9306891025641025,0.9362980769230769,0.8091947115384616,0.9372996794871795,0.9297876602564102,0.9315905448717948,0.9359975961538461
93,0.9372996794871795,0.9244791666666666,0.9328926282051282,0.9320913461538461,0.91796875,0.8111979166666666,0.8132011217948718,0.8798076923076923,0.7990785256410257,0.6177884615384616,0.47606169871794873,0.8539663461538461,0.7550080128205128,0.8987379807692307,0.8754006410256411,0.922676282051282,0.9185697115384616,0.9344951923076923,0.9242788461538461,0.9336939102564102,0.9347956730769231,0.9330929487179487,0.9359975961538461,0.9238782051282052,0.9344951923076923,0.8712940705128205,0.9228766025641025,0.9307892628205128,0.9309895833333334,0.9367988782051282
94,0.9351963141025641,0.9172676282051282,0.9351963141025641,0.9315905448717948,0.9215745192307693,0.8343349358974359,0.8112980769230769,0.8924278846153846,0.8303285256410257,0.5830328525641025,0.5071113782051282,0.8520633012820513,0.7350761217948718,0.8912259615384616,0.8833133012820513,0.9299879807692307,0.9155649038461539,0.9376001602564102,0.9225761217948718,0.9252804487179487,0.9347956730769231,0.9308894230769231,0.9379006410256411,0.9296875,0.9342948717948718,0.8535657051282052,0.9378004807692307,0.9307892628205128,0.932792467948718,0.936698717948718
95,0.9339943910256411,0.9196714743589743,0.9324919871794872,0.9306891025641025,0.9133613782051282,0.8204126602564102,0.8215144230769231,0.8814102564102564,0.832832532051282,0.7073317307692307,0.6017628205128205,0.8553685897435898,0.7651241987179487,0.8979366987179487,0.7876602564102564,0.9350961538461539,0.9127604166666666,0.9403044871794872,0.9235777243589743,0.9356971153846154,0.9291866987179487,0.9325921474358975,0.9381009615384616,0.9294871794871795,0.9315905448717948,0.8716947115384616,0.9349959935897436,0.9340945512820513,0.9377003205128205,0.9353966346153846
96,0.9365985576923077,0.9221754807692307,0.9308894230769231,0.9339943910256411,0.9183693910256411,0.8363381410256411,0.8082932692307693,0.8830128205128205,0.8510616987179487,0.6444310897435898,0.6510416666666666,0.8693910256410257,0.7702323717948718,0.9016426282051282,0.8767027243589743,0.9280849358974359,0.9194711538461539,0.9393028846153846,0.9234775641025641,0.9316907051282052,0.930488782051282,0.9349959935897436,0.9271834935897436,0.9319911858974359,0.9402043269230769,0.8727964743589743,0.9395032051282052,0.9275841346153846,0.9362980769230769,0.9368990384615384
97,0.9376001602564102,0.922676282051282,0.9363982371794872,0.9358974358974359,0.9170673076923077,0.8190104166666666,0.8295272435897436,0.8783052884615384,0.7557091346153846,0.5808293269230769,0.6610576923076923,0.8727964743589743,0.6421274038461539,0.8932291666666666,0.8727964743589743,0.9322916666666666,0.9228766025641025,0.9388020833333334,0.9289863782051282,0.9248798076923077,0.9356971153846154,0.9298878205128205,0.9360977564102564,0.9372996794871795,0.9365985576923077,0.8424479166666666,0.9404046474358975,0.9289863782051282,0.9359975961538461,0.9322916666666666
98,0.9375,0.9173677884615384,0.9313902243589743,0.9319911858974359,0.9211738782051282,0.8368389423076923,0.8358373397435898,0.8975360576923077,0.8315304487179487,0.6441306089743589,0.4909855769230769,0.8657852564102564,0.7517027243589743,0.8792067307692307,0.8883213141025641,0.9330929487179487,0.9197716346153846,0.9416065705128205,0.9256810897435898,0.9328926282051282,0.9353966346153846,0.9334935897435898,0.9393028846153846,0.9329927884615384,0.9400040064102564,0.8824118589743589,0.9368990384615384,0.9372996794871795,0.936698717948718,0.9378004807692307
99,0.9381009615384616,0.9204727564102564,0.9254807692307693,0.9295873397435898,0.9145633012820513,0.8438501602564102,0.6597556089743589,0.8857171474358975,0.8409455128205128,0.6840945512820513,0.7152443910256411,0.8603766025641025,0.7873597756410257,0.9044471153846154,0.8756009615384616,0.9329927884615384,0.9104567307692307,0.9409054487179487,0.9278846153846154,0.9305889423076923,0.9388020833333334,0.9317908653846154,0.9357972756410257,0.9315905448717948,0.9370993589743589,0.8767027243589743,0.9392027243589743,0.9348958333333334,0.9396033653846154,0.9358974358974359
100,0.9407051282051282,0.9266826923076923,0.9354967948717948,0.9325921474358975,0.9168669871794872,0.7861578525641025,0.8279246794871795,0.8990384615384616,0.8619791666666666,0.7373798076923077,0.5228365384615384,0.8805088141025641,0.80859375,0.9041466346153846,0.8860176282051282,0.9314903846153846,0.9183693910256411,0.9390024038461539,0.9272836538461539,0.9381009615384616,0.936698717948718,0.9325921474358975,0.9348958333333334,0.9349959935897436,0.9407051282051282,0.8893229166666666,0.9375,0.934395032051282,0.936698717948718,0.9272836538461539
101,0.9400040064102564,0.9283854166666666,0.9365985576923077,0.934395032051282,0.9181690705128205,0.8521634615384616,0.8098958333333334,0.9007411858974359,0.8676883012820513,0.7095352564102564,0.7430889423076923,0.8821113782051282,0.7516025641025641,0.9116586538461539,0.87109375,0.9273838141025641,0.9238782051282052,0.9372996794871795,0.9274839743589743,0.9353966346153846,0.9415064102564102,0.9267828525641025,0.9402043269230769,0.9352964743589743,0.9357972756410257,0.8607772435897436,0.938301282051282,0.9404046474358975,0.9355969551282052,0.9377003205128205
102,0.9404046474358975,0.9278846153846154,0.93359375,0.9319911858974359,0.9221754807692307,0.8479567307692307,0.8371394230769231,0.9045472756410257,0.8500600961538461,0.7367788461538461,0.6701722756410257,0.8856169871794872,0.8230168269230769,0.8968349358974359,0.9007411858974359,0.9314903846153846,0.9166666666666666,0.9391025641025641,0.9162660256410257,0.9370993589743589,0.9398036858974359,0.9363982371794872,0.9411057692307693,0.9345953525641025,0.9378004807692307,0.8830128205128205,0.9381009615384616,0.9400040064102564,0.9387019230769231,0.9409054487179487
103,0.936698717948718,0.9251802884615384,0.9393028846153846,0.9344951923076923,0.9232772435897436,0.8612780448717948,0.8502604166666666,0.8955328525641025,0.8616786858974359,0.7930689102564102,0.7438902243589743,0.8776041666666666,0.7895633012820513,0.9059495192307693,0.8970352564102564,0.9350961538461539,0.9174679487179487,0.921073717948718,0.9331931089743589,0.9372996794871795,0.9413060897435898,0.9336939102564102,0.9376001602564102,0.9376001602564102,0.9400040064102564,0.88671875,0.9354967948717948,0.9346955128205128,0.9384014423076923,0.9396033653846154
104,0.9325921474358975,0.9188701923076923,0.9362980769230769,0.9415064102564102,0.9283854166666666,0.8503605769230769,0.8574719551282052,0.9035456730769231,0.8668870192307693,0.7992788461538461,0.4990985576923077,0.8790064102564102,0.8174078525641025,0.9090544871794872,0.9001402243589743,0.9358974358974359,0.9239783653846154,0.9387019230769231,0.9298878205128205,0.9387019230769231,0.9395032051282052,0.9373998397435898,0.9439102564102564,0.9352964743589743,0.9418068910256411,0.8884214743589743,0.9380008012820513,0.9345953525641025,0.9391025641025641,0.9360977564102564
105,0.9412059294871795,0.9291866987179487,0.9386017628205128,0.9387019230769231,0.9211738782051282,0.8681891025641025,0.8686899038461539,0.8979366987179487,0.8677884615384616,0.6383213141025641,0.6127804487179487,0.8863181089743589,0.6355168269230769,0.9080528846153846,0.8930288461538461,0.9328926282051282,0.9244791666666666,0.9404046474358975,0.9360977564102564,0.938301282051282,0.9365985576923077,0.9388020833333334,0.9442107371794872,0.936698717948718,0.9435096153846154,0.8920272435897436,0.9415064102564102,0.9362980769230769,0.9408052884615384,0.9399038461538461
106,0.9401041666666666,0.9280849358974359,0.9431089743589743,0.9358974358974359,0.9266826923076923,0.8734975961538461,0.8557692307692307,0.9047475961538461,0.8684895833333334,0.807792467948718,0.4480168269230769,0.8811097756410257,0.7599158653846154,0.91015625,0.9032451923076923,0.9384014423076923,0.9013421474358975,0.9410056089743589,0.9311899038461539,0.9385016025641025,0.9392027243589743,0.9347956730769231,0.9436097756410257,0.9375,0.9384014423076923,0.8963341346153846,0.9392027243589743,0.9377003205128205,0.9416065705128205,0.944511217948718
107,0.9376001602564102,0.9299879807692307,0.9400040064102564,0.9376001602564102,0.9285857371794872,0.8724959935897436,0.8715945512820513,0.9012419871794872,0.8786057692307693,0.8076923076923077,0.7632211538461539,0.8864182692307693,0.8384415064102564,0.9122596153846154,0.907051282051282,0.9318910256410257,0.9242788461538461,0.9442107371794872,0.934395032051282,0.9416065705128205,0.9355969551282052,0.9357972756410257,0.9418068910256411,0.9311899038461539,0.9394030448717948,0.8963341346153846,0.9317908653846154,0.9388020833333334,0.9415064102564102,0.9421073717948718
108,0.9429086538461539,0.9315905448717948,0.9357972756410257,0.9393028846153846,0.9283854166666666,0.8767027243589743,0.8658854166666666,0.9033453525641025,0.8716947115384616,0.7524038461538461,0.7298677884615384,0.8862179487179487,0.8536658653846154,0.9141626602564102,0.8972355769230769,0.9384014423076923,0.9267828525641025,0.9417067307692307,0.9348958333333334,0.9391025641025641,0.9370993589743589,0.9413060897435898,0.9425080128205128,0.9397035256410257,0.9405048076923077,0.9009415064102564,0.9369991987179487,0.9369991987179487,0.9443108974358975,0.9451121794871795
109,0.9404046474358975,0.9324919871794872,0.9377003205128205,0.936698717948718,0.9300881410256411,0.8772035256410257,0.09805689102564102,0.9071514423076923,0.8831129807692307,0.8062900641025641,0.7861578525641025,0.8872195512820513,0.846854967948718,0.9071514423076923,0.8981370192307693,0.9369991987179487,0.9293870192307693,0.938301282051282,0.9303886217948718,0.9404046474358975,0.9389022435897436,0.9415064102564102,0.9453125,0.9402043269230769,0.9420072115384616,0.8947315705128205,0.9427083333333334,0.9396033653846154,0.9433092948717948,0.9439102564102564
110,0.9408052884615384,0.9337940705128205,0.9399038461538461,0.9418068910256411,0.9290865384615384,0.8712940705128205,0.11288060897435898,0.9055488782051282,0.8807091346153846,0.7934695512820513,0.811698717948718,0.8928285256410257,0.8544671474358975,0.9130608974358975,0.9053485576923077,0.9431089743589743,0.9277844551282052,0.94140625,0.9346955128205128,0.9389022435897436,0.9410056089743589,0.940604967948718,0.9458133012820513,0.9403044871794872,0.9419070512820513,0.90625,0.9456129807692307,0.9405048076923077,0.9394030448717948,0.9402043269230769
111,0.9432091346153846,0.9330929487179487,0.9382011217948718,0.9393028846153846,0.9273838141025641,0.8776041666666666,0.11087740384615384,0.9102564102564102,0.8779046474358975,0.8448517628205128,0.8249198717948718,0.8928285256410257,0.8613782051282052,0.9154647435897436,0.9060496794871795,0.9400040064102564,0.9271834935897436,0.9411057692307693,0.9371995192307693,0.9412059294871795,0.9401041666666666,0.9382011217948718,0.9434094551282052,0.9355969551282052,0.9415064102564102,0.9095552884615384,0.9420072115384616,0.9300881410256411,0.9421073717948718,0.9473157051282052
112,0.9393028846153846,0.9365985576923077,0.9386017628205128,0.9413060897435898,0.9282852564102564,0.8743990384615384,0.4367988782051282,0.9130608974358975,0.8738982371794872,0.8202123397435898,0.7632211538461539,0.899238782051282,0.8662860576923077,0.9136618589743589,0.9002403846153846,0.9416065705128205,0.9280849358974359,0.9449118589743589,0.9319911858974359,0.9411057692307693,0.9372996794871795,0.9377003205128205,0.9459134615384616,0.9418068910256411,0.9412059294871795,0.8954326923076923,0.9427083333333334,0.9401041666666666,0.9410056089743589,0.9453125
113,0.9391025641025641,0.9279847756410257,0.9376001602564102,0.9382011217948718,0.9333934294871795,0.8849158653846154,0.4677483974358974,0.8983373397435898,0.8791065705128205,0.8301282051282052,0.8370392628205128,0.8959334935897436,0.8497596153846154,0.9163661858974359,0.9127604166666666,0.9447115384615384,0.9274839743589743,0.9423076923076923,0.9348958333333334,0.9433092948717948,0.9451121794871795,0.9408052884615384,0.9459134615384616,0.9390024038461539,0.9443108974358975,0.9053485576923077,0.9456129807692307,0.9418068910256411,0.9430088141025641,0.9452123397435898
114,0.9452123397435898,0.9363982371794872,0.9369991987179487,0.9387019230769231,0.9280849358974359,0.8884214743589743,0.4152644230769231,0.9124599358974359,0.8899238782051282,0.8405448717948718,0.8432491987179487,0.8973357371794872,0.8701923076923077,0.9186698717948718,0.910957532051282,0.9409054487179487,0.9276842948717948,0.9444110576923077,0.9350961538461539,0.9432091346153846,0.9396033653846154,0.9442107371794872,0.9442107371794872,0.9387019230769231,0.9465144230769231,0.9037459935897436,0.9467147435897436,0.9334935897435898,0.9460136217948718,0.9465144230769231
115,0.94140625,0.9404046474358975,0.9402043269230769,0.9424078525641025,0.9323918269230769,0.8831129807692307,0.5452724358974359,0.9112580128205128,0.8672876602564102,0.8635817307692307,0.8415464743589743,0.9048477564102564,0.862479967948718,0.9203725961538461,0.9152644230769231,0.9418068910256411,0.9359975961538461,0.9451121794871795,0.93359375,0.938301282051282,0.9469150641025641,0.9435096153846154,0.9435096153846154,0.9443108974358975,0.9431089743589743,0.9116586538461539,0.9446113782051282,0.9434094551282052,0.9456129807692307,0.9460136217948718
116,0.9404046474358975,0.9429086538461539,0.9345953525641025,0.9388020833333334,0.9346955128205128,0.8849158653846154,0.3720953525641026,0.9100560897435898,0.8921274038461539,0.8495592948717948,0.8478565705128205,0.8999399038461539,0.8722956730769231,0.9213741987179487,0.9119591346153846,0.9470152243589743,0.9305889423076923,0.9450120192307693,0.9295873397435898,0.9428084935897436,0.9396033653846154,0.9427083333333334,0.9450120192307693,0.9433092948717948,0.9425080128205128,0.9076522435897436,0.9368990384615384,0.940604967948718,0.9471153846153846,0.9474158653846154
117,0.9436097756410257,0.9407051282051282,0.9407051282051282,0.9397035256410257,0.9356971153846154,0.8774038461538461,0.6328125,0.9117588141025641,0.8935296474358975,0.87109375,0.8564703525641025,0.899238782051282,0.8706931089743589,0.9258814102564102,0.9121594551282052,0.9436097756410257,0.9349959935897436,0.9435096153846154,0.9351963141025641,0.9412059294871795,0.9426081730769231,0.9396033653846154,0.9460136217948718,0.942207532051282,0.9451121794871795,0.9090544871794872,0.9444110576923077,0.9429086538461539,0.9446113782051282,0.9463141025641025
118,0.9397035256410257,0.9401041666666666,0.9416065705128205,0.9415064102564102,0.9340945512820513,0.8919270833333334,0.561698717948718,0.9137620192307693,0.8843149038461539,0.8235176282051282,0.8563701923076923,0.9018429487179487,0.8743990384615384,0.9246794871794872,0.9143629807692307,0.9373998397435898,0.928886217948718,0.9459134615384616,0.9278846153846154,0.9427083333333334,0.9444110576923077,0.9448116987179487,0.9462139423076923,0.9395032051282052,0.9266826923076923,0.9128605769230769,0.946113782051282,0.9430088141025641,0.9448116987179487,0.9424078525641025
119,0.9432091346153846,0.9417067307692307,0.9429086538461539,0.9371995192307693,0.9337940705128205,0.8978365384615384,0.6712740384615384,0.9178685897435898,0.8942307692307693,0.8694911858974359,0.8491586538461539,0.9073517628205128,0.8772035256410257,0.9235777243589743,0.9151642628205128,0.9427083333333334,0.9300881410256411,0.9421073717948718,0.9329927884615384,0.94140625,0.9452123397435898,0.9381009615384616,0.9446113782051282,0.9451121794871795,0.9472155448717948,0.9163661858974359,0.9457131410256411,0.9382011217948718,0.9442107371794872,0.9444110576923077
120,0.9429086538461539,0.9418068910256411,0.9447115384615384,0.9437099358974359,0.93359375,0.8984375,0.5878405448717948,0.8967347756410257,0.8897235576923077,0.8837139423076923,0.8359375,0.9080528846153846,0.8665865384615384,0.9229767628205128,0.9135616987179487,0.9425080128205128,0.9293870192307693,0.9470152243589743,0.9365985576923077,0.9409054487179487,0.9453125,0.9410056089743589,0.9441105769230769,0.9440104166666666,0.9464142628205128,0.9047475961538461,0.9443108974358975,0.9430088141025641,0.9468149038461539,0.9437099358974359
121,0.942207532051282,0.9431089743589743,0.9427083333333334,0.9448116987179487,0.9313902243589743,0.9014423076923077,0.6767828525641025,0.9203725961538461,0.8936298076923077,0.8708934294871795,0.5154246794871795,0.9110576923076923,0.8879206730769231,0.9264823717948718,0.9139623397435898,0.9388020833333334,0.9330929487179487,0.9466145833333334,0.9355969551282052,0.9413060897435898,0.9353966346153846,0.9460136217948718,0.9436097756410257,0.9442107371794872,0.9425080128205128,0.9087540064102564,0.9467147435897436,0.942207532051282,0.9404046474358975,0.9458133012820513
122,0.9415064102564102,0.9384014423076923,0.9455128205128205,0.9410056089743589,0.9333934294871795,0.8968349358974359,0.546073717948718,0.9203725961538461,0.8928285256410257,0.8772035256410257,0.1305088141025641,0.9030448717948718,0.8863181089743589,0.926582532051282,0.9105568910256411,0.9413060897435898,0.9258814102564102,0.9448116987179487,0.9284855769230769,0.9452123397435898,0.9463141025641025,0.9456129807692307,0.9462139423076923,0.9405048076923077,0.9437099358974359,0.9175681089743589,0.9447115384615384,0.9456129807692307,0.94921875,0.940604967948718
123,0.9485176282051282,0.9419070512820513,0.9346955128205128,0.9440104166666666,0.9364983974358975,0.8891225961538461,0.2793469551282051,0.9198717948717948,0.899238782051282,0.8744991987179487,0.14783653846153846,0.9119591346153846,0.8926282051282052,0.9301883012820513,0.9180689102564102,0.9433092948717948,0.9339943910256411,0.9469150641025641,0.9390024038461539,0.9362980769230769,0.946113782051282,0.9441105769230769,0.9454126602564102,0.9447115384615384,0.9464142628205128,0.9172676282051282,0.9479166666666666,0.9490184294871795,0.9440104166666666,0.9493189102564102
124,0.9446113782051282,0.9381009615384616,0.9444110576923077,0.9430088141025641,0.9313902243589743,0.9057491987179487,0.10296474358974358,0.9170673076923077,0.897636217948718,0.8911258012820513,0.1362179487179487,0.9111578525641025,0.8806089743589743,0.932792467948718,0.9221754807692307,0.9450120192307693,0.9369991987179487,0.9436097756410257,0.9389022435897436,0.9361979166666666,0.9502203525641025,0.9437099358974359,0.9488181089743589,0.9453125,0.9468149038461539,0.9169671474358975,0.9456129807692307,0.940604967948718,0.9460136217948718,0.9473157051282052
125,0.946113782051282,0.9373998397435898,0.9454126602564102,0.9443108974358975,0.9317908653846154,0.08914262820512821,0.10096153846153846,0.9121594551282052,0.903145032051282,0.8864182692307693,0.35496794871794873,0.9126602564102564,0.8891225961538461,0.9290865384615384,0.9247796474358975,0.9418068910256411,0.9356971153846154,0.9466145833333334,0.9407051282051282,0.9427083333333334,0.9367988782051282,0.9428084935897436,0.9489182692307693,0.9451121794871795,0.9481169871794872,0.9113581730769231,0.9483173076923077,0.9454126602564102,0.9437099358974359,0.9475160256410257
126,0.9474158653846154,0.9425080128205128,0.9440104166666666,0.9455128205128205,0.9385016025641025,0.1031650641025641,0.22395833333333334,0.91796875,0.9026442307692307,0.8827123397435898,0.4266826923076923,0.8979366987179487,0.8866185897435898,0.9318910256410257,0.9197716346153846,0.9418068910256411,0.9371995192307693,0.9473157051282052,0.9429086538461539,0.9441105769230769,0.9438100961538461,0.9483173076923077,0.94921875,0.9473157051282052,0.9475160256410257,0.9127604166666666,0.950020032051282,0.9472155448717948,0.9496193910256411,0.950020032051282
127,0.9451121794871795,0.942207532051282,0.9397035256410257,0.9424078525641025,0.9382011217948718,0.1946113782051282,0.3222155448717949,0.9197716346153846,0.9040464743589743,0.8905248397435898,0.5145232371794872,0.9174679487179487,0.8951322115384616,0.9261818910256411,0.9198717948717948,0.94140625,0.9355969551282052,0.9462139423076923,0.9434094551282052,0.9403044871794872,0.9469150641025641,0.9450120192307693,0.9471153846153846,0.9440104166666666,0.9497195512820513,0.9196714743589743,0.9519230769230769,0.9472155448717948,0.9467147435897436,0.944511217948718
128,0.9444110576923077,0.9411057692307693,0.9420072115384616,0.9446113782051282,0.9407051282051282,0.18439503205128205,0.5003004807692307,0.9260817307692307,0.9050480769230769,0.8873197115384616,0.44771634615384615,0.9144631410256411,0.8996394230769231,0.9336939102564102,0.9260817307692307,0.9440104166666666,0.9385016025641025,0.9491185897435898,0.9456129807692307,0.9455128205128205,0.9487179487179487,0.9470152243589743,0.9482171474358975,0.9415064102564102,0.9490184294871795,0.9181690705128205,0.9508213141025641,0.9486177884615384,0.9474158653846154,0.948417467948718
129,0.9429086538461539,0.9394030448717948,0.9438100961538461,0.9462139423076923,0.9410056089743589,0.3655849358974359,0.476161858974359,0.9152644230769231,0.9006410256410257,0.8925280448717948,0.5152243589743589,0.901542467948718,0.8897235576923077,0.92578125,0.9173677884615384,0.9439102564102564,0.9391025641025641,0.9466145833333334,0.9429086538461539,0.9459134615384616,0.9485176282051282,0.9419070512820513,0.9489182692307693,0.9429086538461539,0.9455128205128205,0.9219751602564102,0.9481169871794872,0.9476161858974359,0.9501201923076923,0.9475160256410257
130,0.9446113782051282,0.9449118589743589,0.9446113782051282,0.9451121794871795,0.9419070512820513,0.4465144230769231,0.6278044871794872,0.9284855769230769,0.9027443910256411,0.89453125,0.5357572115384616,0.9107572115384616,0.9004407051282052,0.9333934294871795,0.9192708333333334,0.9435096153846154,0.9397035256410257,0.9502203525641025,0.9386017628205128,0.9402043269230769,0.9489182692307693,0.9407051282051282,0.9486177884615384,0.9478165064102564,0.948417467948718,0.922676282051282,0.9489182692307693,0.9467147435897436,0.9483173076923077,0.9476161858974359
131,0.9429086538461539,0.9413060897435898,0.9446113782051282,0.9444110576923077,0.9360977564102564,0.3984375,0.5404647435897436,0.9253806089743589,0.9060496794871795,0.893729967948718,0.6113782051282052,0.9191706730769231,0.8921274038461539,0.9307892628205128,0.9207732371794872,0.9421073717948718,0.9385016025641025,0.948417467948718,0.9392027243589743,0.9409054487179487,0.94921875,0.9447115384615384,0.9491185897435898,0.9491185897435898,0.9514222756410257,0.9247796474358975,0.9497195512820513,0.9447115384615384,0.9432091346153846,0.9508213141025641
132,0.9494190705128205,0.9439102564102564,0.9434094551282052,0.9458133012820513,0.9340945512820513,0.5251402243589743,0.6319110576923077,0.9273838141025641,0.9073517628205128,0.903145032051282,0.6939102564102564,0.9202724358974359,0.9046474358974359,0.9308894230769231,0.9279847756410257,0.9455128205128205,0.9353966346153846,0.9487179487179487,0.9396033653846154,0.9454126602564102,0.9525240384615384,0.9448116987179487,0.9481169871794872,0.9449118589743589,0.9510216346153846,0.9244791666666666,0.9481169871794872,0.9481169871794872,0.9496193910256411,0.9503205128205128
133,0.9477163461538461,0.9442107371794872,0.9444110576923077,0.9410056089743589,0.9390024038461539,0.515625,0.18259214743589744,0.9197716346153846,0.9118589743589743,0.9041466346153846,0.6271033653846154,0.9199719551282052,0.9061498397435898,0.9356971153846154,0.9307892628205128,0.9463141025641025,0.9353966346153846,0.9473157051282052,0.9384014423076923,0.9475160256410257,0.9496193910256411,0.9466145833333334,0.9463141025641025,0.9463141025641025,0.9512219551282052,0.9248798076923077,0.9498197115384616,0.9442107371794872,0.9476161858974359,0.9480168269230769
134,0.9495192307692307,0.9483173076923077,0.944511217948718,0.9471153846153846,0.9420072115384616,0.6150841346153846,0.10096153846153846,0.9227764423076923,0.9077524038461539,0.9033453525641025,0.6643629807692307,0.9245793269230769,0.9084535256410257,0.9311899038461539,0.9281850961538461,0.9493189102564102,0.9393028846153846,0.9478165064102564,0.9263822115384616,0.9448116987179487,0.9496193910256411,0.9495192307692307,0.9534254807692307,0.9437099358974359,0.9509214743589743,0.9228766025641025,0.9496193910256411,0.9499198717948718,0.9488181089743589,0.9496193910256411
135,0.9472155448717948,0.9400040064102564,0.9478165064102564,0.9473157051282052,0.9397035256410257,0.6595552884615384,0.22205528846153846,0.9159655448717948,0.9096554487179487,0.8896233974358975,0.7133413461538461,0.9209735576923077,0.9026442307692307,0.9358974358974359,0.9274839743589743,0.9491185897435898,0.9399038461538461,0.9455128205128205,0.9410056089743589,0.9447115384615384,0.9508213141025641,0.9503205128205128,0.9515224358974359,0.9447115384615384,0.9489182692307693,0.9280849358974359,0.9515224358974359,0.9497195512820513,0.9485176282051282,0.9493189102564102
136,0.9512219551282052,0.9474158653846154,0.9499198717948718,0.9478165064102564,0.9423076923076923,0.5522836538461539,0.2169471153846154,0.9244791666666666,0.9126602564102564,0.9002403846153846,0.7169471153846154,0.9206730769230769,0.9084535256410257,0.9325921474358975,0.924979967948718,0.946113782051282,0.9386017628205128,0.9367988782051282,0.936698717948718,0.946113782051282,0.9489182692307693,0.9491185897435898,0.9528245192307693,0.9436097756410257,0.9486177884615384,0.9299879807692307,0.9466145833333334,0.9485176282051282,0.9479166666666666,0.9503205128205128
137,0.9363982371794872,0.9454126602564102,0.9468149038461539,0.9471153846153846,0.9375,0.6390224358974359,0.363681891025641,0.9264823717948718,0.9126602564102564,0.9078525641025641,0.7024238782051282,0.9229767628205128,0.9085536858974359,0.9368990384615384,0.926582532051282,0.9463141025641025,0.9443108974358975,0.948417467948718,0.9410056089743589,0.9457131410256411,0.9542267628205128,0.9487179487179487,0.9521233974358975,0.9476161858974359,0.9472155448717948,0.924979967948718,0.9524238782051282,0.9495192307692307,0.9514222756410257,0.9509214743589743
138,0.9508213141025641,0.9475160256410257,0.9401041666666666,0.9487179487179487,0.928886217948718,0.6748798076923077,0.3892227564102564,0.9256810897435898,0.9145633012820513,0.9026442307692307,0.7046274038461539,0.9237780448717948,0.9145633012820513,0.9263822115384616,0.9297876602564102,0.9452123397435898,0.9350961538461539,0.9498197115384616,0.9432091346153846,0.9487179487179487,0.9487179487179487,0.9487179487179487,0.9430088141025641,0.9417067307692307,0.9505208333333334,0.9298878205128205,0.9519230769230769,0.9448116987179487,0.9514222756410257,0.9513221153846154
139,0.9472155448717948,0.9410056089743589,0.9482171474358975,0.9487179487179487,0.9395032051282052,0.49629407051282054,0.4914863782051282,0.10096153846153846,0.9086538461538461,0.9082532051282052,0.6976161858974359,0.9184695512820513,0.9149639423076923,0.9256810897435898,0.9301883012820513,0.9456129807692307,0.9284855769230769,0.9472155448717948,0.9415064102564102,0.9495192307692307,0.9478165064102564,0.9504206730769231,0.94921875,0.9494190705128205,0.9491185897435898,0.9176682692307693,0.9526241987179487,0.9507211538461539,0.9496193910256411,0.9520232371794872
140,0.9487179487179487,0.9475160256410257,0.9476161858974359,0.9446113782051282,0.9417067307692307,0.7038261217948718,0.3620793269230769,0.1695713141025641,0.9107572115384616,0.9053485576923077,0.7455929487179487,0.9256810897435898,0.9139623397435898,0.9375,0.9333934294871795,0.9459134615384616,0.9409054487179487,0.9513221153846154,0.9427083333333334,0.9486177884615384,0.952323717948718,0.946113782051282,0.9498197115384616,0.9474158653846154,0.9513221153846154,0.9301883012820513,0.9510216346153846,0.9486177884615384,0.9487179487179487,0.9509214743589743
141,0.9481169871794872,0.9479166666666666,0.9307892628205128,0.9441105769230769,0.9396033653846154,0.753104967948718,0.6341145833333334,0.265625,0.9100560897435898,0.9129607371794872,0.7482972756410257,0.9211738782051282,0.9197716346153846,0.9362980769230769,0.9233774038461539,0.9496193910256411,0.9440104166666666,0.9525240384615384,0.9417067307692307,0.9449118589743589,0.9546274038461539,0.9472155448717948,0.9513221153846154,0.9441105769230769,0.9496193910256411,0.9328926282051282,0.9527243589743589,0.9497195512820513,0.9469150641025641,0.9494190705128205
142,0.9498197115384616,0.9474158653846154,0.9482171474358975,0.9496193910256411,0.9428084935897436,0.7823517628205128,0.6865985576923077,0.37650240384615385,0.9069511217948718,0.9051482371794872,0.739082532051282,0.9286858974358975,0.9190705128205128,0.9362980769230769,0.9299879807692307,0.9473157051282052,0.9433092948717948,0.9510216346153846,0.9369991987179487,0.9485176282051282,0.9512219551282052,0.9456129807692307,0.9511217948717948,0.9510216346153846,0.9534254807692307,0.9296875,0.9506209935897436,0.9508213141025641,0.9470152243589743,0.9535256410256411
143,0.9464142628205128,0.9458133012820513,0.9476161858974359,0.9440104166666666,0.9389022435897436,0.6574519230769231,0.6662660256410257,0.31981169871794873,0.9103565705128205,0.9121594551282052,0.7270633012820513,0.9241786858974359,0.9117588141025641,0.9392027243589743,0.9342948717948718,0.9483173076923077,0.9400040064102564,0.9490184294871795,0.9438100961538461,0.9496193910256411,0.9542267628205128,0.9488181089743589,0.9524238782051282,0.9518229166666666,0.9514222756410257,0.9298878205128205,0.9529246794871795,0.9468149038461539,0.9501201923076923,0.9513221153846154
144,0.9513221153846154,0.9465144230769231,0.94921875,0.9456129807692307,0.9412059294871795,0.09805689102564102,0.6226963141025641,0.44921875,0.91796875,0.9035456730769231,0.7449919871794872,0.9274839743589743,0.9127604166666666,0.9412059294871795,0.9306891025641025,0.9434094551282052,0.936698717948718,0.9521233974358975,0.9440104166666666,0.9503205128205128,0.9530248397435898,0.9486177884615384,0.9528245192307693,0.9538261217948718,0.9532251602564102,0.9331931089743589,0.9552283653846154,0.9486177884615384,0.9490184294871795,0.9521233974358975
145,0.9511217948717948,0.9494190705128205,0.9483173076923077,0.9538261217948718,0.9392027243589743,0.12449919871794872,0.7076322115384616,0.09815705128205128,0.9141626602564102,0.9119591346153846,0.7128405448717948,0.9301883012820513,0.9191706730769231,0.9417067307692307,0.9351963141025641,0.9464142628205128,0.9408052884615384,0.9520232371794872,0.9446113782051282,0.9478165064102564,0.9486177884615384,0.9498197115384616,0.9537259615384616,0.9503205128205128,0.9518229166666666,0.9330929487179487,0.9502203525641025,0.9512219551282052,0.9491185897435898,0.9534254807692307
146,0.9485176282051282,0.9473157051282052,0.9508213141025641,0.9506209935897436,0.9433092948717948,0.13561698717948717,0.657051282051282,0.10747195512820513,0.9168669871794872,0.914863782051282,0.6439302884615384,0.9294871794871795,0.9194711538461539,0.934395032051282,0.9268830128205128,0.9489182692307693,0.9385016025641025,0.9514222756410257,0.9460136217948718,0.9503205128205128,0.9505208333333334,0.9512219551282052,0.9514222756410257,0.9498197115384616,0.9529246794871795,0.9282852564102564,0.9540264423076923,0.9499198717948718,0.9508213141025641,0.9525240384615384
147,0.9437099358974359,0.9480168269230769,0.9472155448717948,0.9457131410256411,0.9438100961538461,0.1828926282051282,0.7227564102564102,0.14413060897435898,0.9176682692307693,0.91796875,0.8186097756410257,0.9286858974358975,0.9157652243589743,0.938301282051282,0.9375,0.9449118589743589,0.9421073717948718,0.9506209935897436,0.9462139423076923,0.9496193910256411,0.9503205128205128,0.9494190705128205,0.9522235576923077,0.9506209935897436,0.9502203525641025,0.930488782051282,0.9555288461538461,0.948417467948718,0.9551282051282052,0.9525240384615384
148,0.9493189102564102,0.9467147435897436,0.9491185897435898,0.9489182692307693,0.9427083333333334,0.456630608974359,0.7114383012820513,0.28365384615384615,0.9181690705128205,0.9205729166666666,0.8057892628205128,0.9118589743589743,0.9221754807692307,0.9419070512820513,0.9364983974358975,0.9496193910256411,0.9403044871794872,0.9495192307692307,0.9455128205128205,0.9504206730769231,0.9541266025641025,0.9493189102564102,0.9495192307692307,0.9493189102564102,0.9518229166666666,0.9295873397435898,0.953926282051282,0.9516225961538461,0.9521233974358975,0.9495192307692307
149,0.9534254807692307,0.9465144230769231,0.94921875,0.9503205128205128,0.9454126602564102,0.42017227564102566,0.620292467948718,0.41005608974358976,0.9184695512820513,0.9240785256410257,0.760917467948718,0.9244791666666666,0.9159655448717948,0.9400040064102564,0.9393028846153846,0.9517227564102564,0.9415064102564102,0.9522235576923077,0.9417067307692307,0.9545272435897436,0.9517227564102564,0.9522235576923077,0.9514222756410257,0.9446113782051282,0.9503205128205128,0.9326923076923077,0.9547275641025641,0.952323717948718,0.9533253205128205,0.9545272435897436
150,0.950020032051282,0.9469150641025641,0.9472155448717948,0.948417467948718,0.9439102564102564,0.48547676282051283,0.7517027243589743,0.39733573717948717,0.9184695512820513,0.9247796474358975,0.8324318910256411,0.9337940705128205,0.9195713141025641,0.9446113782051282,0.940604967948718,0.9522235576923077,0.942207532051282,0.9512219551282052,0.9420072115384616,0.9505208333333334,0.9511217948717948,0.9490184294871795,0.953125,0.9470152243589743,0.9514222756410257,0.9303886217948718,0.9541266025641025,0.9507211538461539,0.9530248397435898,0.9554286858974359
151,0.9518229166666666,0.9499198717948718,0.9501201923076923,0.9515224358974359,0.9469150641025641,0.5825320512820513,0.717948717948718,0.5217347756410257,0.922676282051282,0.9234775641025641,0.7749399038461539,0.9326923076923077,0.9240785256410257,0.9448116987179487,0.9365985576923077,0.9535256410256411,0.9425080128205128,0.9545272435897436,0.9451121794871795,0.9490184294871795,0.9526241987179487,0.9514222756410257,0.9538261217948718,0.9487179487179487,0.9512219551282052,0.9352964743589743,0.9586338141025641,0.9532251602564102,0.9509214743589743,0.9524238782051282
152,0.9520232371794872,0.9482171474358975,0.9104567307692307,0.952323717948718,0.9460136217948718,0.5911458333333334,0.7456931089743589,0.5565905448717948,0.9207732371794872,0.9236778846153846,0.7980769230769231,0.9278846153846154,0.926582532051282,0.9426081730769231,0.9370993589743589,0.9534254807692307,0.9434094551282052,0.9550280448717948,0.9420072115384616,0.9510216346153846,0.9522235576923077,0.948417467948718,0.9511217948717948,0.9446113782051282,0.9533253205128205,0.9328926282051282,0.9565304487179487,0.9522235576923077,0.9506209935897436,0.9528245192307693
153,0.9516225961538461,0.9496193910256411,0.9454126602564102,0.9504206730769231,0.9463141025641025,0.6366185897435898,0.778145032051282,0.5776241987179487,0.09745592948717949,0.9166666666666666,0.831229967948718,0.9344951923076923,0.9279847756410257,0.9427083333333334,0.9388020833333334,0.9522235576923077,0.9433092948717948,0.952323717948718,0.9443108974358975,0.9517227564102564,0.9545272435897436,0.9503205128205128,0.9511217948717948,0.9479166666666666,0.9519230769230769,0.9375,0.9547275641025641,0.952323717948718,0.9536258012820513,0.953926282051282
154,0.9530248397435898,0.9462139423076923,0.9491185897435898,0.9504206730769231,0.9446113782051282,0.6307091346153846,0.6826923076923077,0.6727764423076923,0.10526842948717949,0.9182692307692307,0.83203125,0.9358974358974359,0.9277844551282052,0.9405048076923077,0.9410056089743589,0.9507211538461539,0.9463141025641025,0.9502203525641025,0.9455128205128205,0.9506209935897436,0.9551282051282052,0.9546274038461539,0.9530248397435898,0.952323717948718,0.9512219551282052,0.9378004807692307,0.9540264423076923,0.9509214743589743,0.953125,0.9548277243589743
155,0.9546274038461539,0.9416065705128205,0.952323717948718,0.9507211538461539,0.9440104166666666,0.6844951923076923,0.8106971153846154,0.5604967948717948,0.24368990384615385,0.9246794871794872,0.8264222756410257,0.9352964743589743,0.9279847756410257,0.9468149038461539,0.942207532051282,0.94921875,0.9469150641025641,0.9524238782051282,0.9468149038461539,0.9491185897435898,0.9555288461538461,0.9538261217948718,0.9546274038461539,0.9522235576923077,0.9547275641025641,0.9376001602564102,0.9571314102564102,0.9525240384615384,0.9541266025641025,0.953125
156,0.9544270833333334,0.9508213141025641,0.9514222756410257,0.9502203525641025,0.9454126602564102,0.6244991987179487,0.7503004807692307,0.6579527243589743,0.36899038461538464,0.924979967948718,0.8480568910256411,0.9369991987179487,0.9344951923076923,0.9395032051282052,0.9412059294871795,0.9498197115384616,0.9468149038461539,0.9538261217948718,0.9433092948717948,0.9506209935897436,0.9542267628205128,0.9535256410256411,0.9556290064102564,0.9482171474358975,0.9541266025641025,0.9386017628205128,0.9559294871794872,0.9498197115384616,0.9497195512820513,0.9514222756410257
157,0.9560296474358975,0.9516225961538461,0.9506209935897436,0.9462139423076923,0.9489182692307693,0.6220953525641025,0.7940705128205128,0.7173477564102564,0.4499198717948718,0.9254807692307693,0.8461538461538461,0.9319911858974359,0.9321915064102564,0.9456129807692307,0.938301282051282,0.9465144230769231,0.936698717948718,0.9527243589743589,0.9417067307692307,0.9522235576923077,0.9566306089743589,0.9469150641025641,0.9138621794871795,0.9509214743589743,0.9551282051282052,0.9394030448717948,0.9566306089743589,0.9529246794871795,0.9522235576923077,0.9525240384615384
158,0.9534254807692307,0.9503205128205128,0.9495192307692307,0.9502203525641025,0.9449118589743589,0.5456730769230769,0.7876602564102564,0.45713141025641024,0.5222355769230769,0.8944310897435898,0.8277243589743589,0.9381009615384616,0.9289863782051282,0.944511217948718,0.9338942307692307,0.9487179487179487,0.9451121794871795,0.9517227564102564,0.944511217948718,0.952323717948718,0.9510216346153846,0.952323717948718,0.9513221153846154,0.9520232371794872,0.9532251602564102,0.9381009615384616,0.9548277243589743,0.9514222756410257,0.9540264423076923,0.9527243589743589
159,0.9557291666666666,0.9505208333333334,0.9507211538461539,0.9481169871794872,0.9476161858974359,0.7085336538461539,0.8174078525641025,0.10096153846153846,0.47265625,0.9204727564102564,0.8482572115384616,0.9356971153846154,0.8961338141025641,0.9469150641025641,0.9446113782051282,0.9524238782051282,0.9419070512820513,0.9553285256410257,0.9450120192307693,0.9514222756410257,0.9569310897435898,0.9507211538461539,0.9512219551282052,0.9510216346153846,0.9536258012820513,0.9402043269230769,0.9537259615384616,0.9513221153846154,0.9534254807692307,0.9534254807692307
160,0.9533253205128205,0.9487179487179487,0.9524238782051282,0.9524238782051282,0.9489182692307693,0.7597155448717948,0.10096153846153846,0.2665264423076923,0.49939903846153844,0.9232772435897436,0.8647836538461539,0.9359975961538461,0.9289863782051282,0.9478165064102564,0.9419070512820513,0.9503205128205128,0.9489182692307693,0.9544270833333334,0.9442107371794872,0.9525240384615384,0.9564302884615384,0.9485176282051282,0.953926282051282,0.9532251602564102,0.9540264423076923,0.942207532051282,0.9553285256410257,0.9522235576923077,0.9548277243589743,0.9559294871794872
161,0.9551282051282052,0.9517227564102564,0.9529246794871795,0.9507211538461539,0.9473157051282052,0.7684294871794872,0.20402644230769232,0.27654246794871795,0.5990584935897436,0.9238782051282052,0.8559695512820513,0.9397035256410257,0.9316907051282052,0.9421073717948718,0.9425080128205128,0.9512219551282052,0.9456129807692307,0.9563301282051282,0.9460136217948718,0.9549278846153846,0.956229967948718,0.9493189102564102,0.9530248397435898,0.9511217948717948,0.953926282051282,0.9418068910256411,0.9564302884615384,0.9479166666666666,0.9529246794871795,0.952323717948718
162,0.9563301282051282,0.9529246794871795,0.9470152243589743,0.9475160256410257,0.9477163461538461,0.7248597756410257,0.22405849358974358,0.3775040064102564,0.5690104166666666,0.9267828525641025,0.8589743589743589,0.9376001602564102,0.9287860576923077,0.9472155448717948,0.9429086538461539,0.9504206730769231,0.9468149038461539,0.9546274038461539,0.9444110576923077,0.9541266025641025,0.9553285256410257,0.9521233974358975,0.9529246794871795,0.9518229166666666,0.9566306089743589,0.9371995192307693,0.9534254807692307,0.94921875,0.9559294871794872,0.9550280448717948
163,0.9528245192307693,0.9515224358974359,0.9503205128205128,0.9495192307692307,0.9482171474358975,0.7200520833333334,0.29967948717948717,0.47185496794871795,0.5178285256410257,0.9285857371794872,0.8804086538461539,0.9361979166666666,0.9309895833333334,0.9475160256410257,0.9375,0.9529246794871795,0.9476161858974359,0.9555288461538461,0.9420072115384616,0.9530248397435898,0.9573317307692307,0.9521233974358975,0.9558293269230769,0.9507211538461539,0.95703125,0.9434094551282052,0.9537259615384616,0.9540264423076923,0.9549278846153846,0.9554286858974359
164,0.9540264423076923,0.9528245192307693,0.9525240384615384,0.9545272435897436,0.9497195512820513,0.7876602564102564,0.3125,0.4625400641025641,0.6322115384615384,0.9243790064102564,0.866386217948718,0.9393028846153846,0.926582532051282,0.9471153846153846,0.9435096153846154,0.953125,0.9467147435897436,0.9541266025641025,0.9442107371794872,0.9505208333333334,0.9584334935897436,0.9538261217948718,0.9551282051282052,0.950020032051282,0.9573317307692307,0.9403044871794872,0.9553285256410257,0.9489182692307693,0.9533253205128205,0.956229967948718
165,0.9525240384615384,0.9495192307692307,0.9545272435897436,0.9533253205128205,0.9503205128205128,0.7364783653846154,0.4375,0.5548878205128205,0.6126802884615384,0.9276842948717948,0.8766025641025641,0.9322916666666666,0.9271834935897436,0.9472155448717948,0.9417067307692307,0.9471153846153846,0.9468149038461539,0.9533253205128205,0.9423076923076923,0.9535256410256411,0.9576322115384616,0.9546274038461539,0.9561298076923077,0.9527243589743589,0.9556290064102564,0.9413060897435898,0.9579326923076923,0.953125,0.9550280448717948,0.9564302884615384
166,0.9545272435897436,0.9517227564102564,0.9513221153846154,0.9550280448717948,0.9509214743589743,0.6099759615384616,0.5443709935897436,0.5705128205128205,0.6415264423076923,0.9269831730769231,0.8849158653846154,0.9377003205128205,0.9317908653846154,0.9477163461538461,0.9465144230769231,0.9516225961538461,0.9491185897435898,0.9568309294871795,0.9450120192307693,0.9538261217948718,0.9532251602564102,0.9538261217948718,0.9546274038461539,0.9528245192307693,0.956229967948718,0.936698717948718,0.9584334935897436,0.9524238782051282,0.9574318910256411,0.9552283653846154
167,0.9526241987179487,0.9516225961538461,0.9512219551282052,0.9449118589743589,0.9491185897435898,0.8013822115384616,0.5914463141025641,0.6348157051282052,0.6033653846153846,0.9329927884615384,0.875,0.9408052884615384,0.9328926282051282,0.9468149038461539,0.9465144230769231,0.9502203525641025,0.9505208333333334,0.9534254807692307,0.9434094551282052,0.9541266025641025,0.9550280448717948,0.9551282051282052,0.9556290064102564,0.9464142628205128,0.9463141025641025,0.9412059294871795,0.9548277243589743,0.9538261217948718,0.9537259615384616,0.9561298076923077
168,0.9554286858974359,0.9532251602564102,0.9509214743589743,0.9519230769230769,0.9515224358974359,0.3959334935897436,0.5824318910256411,0.5576923076923077,0.5272435897435898,0.9300881410256411,0.8856169871794872,0.9433092948717948,0.9330929487179487,0.9472155448717948,0.9468149038461539,0.9535256410256411,0.94921875,0.9542267628205128,0.9438100961538461,0.9532251602564102,0.9550280448717948,0.9430088141025641,0.9545272435897436,0.9532251602564102,0.9549278846153846,0.9430088141025641,0.9547275641025641,0.9557291666666666,0.9553285256410257,0.9553285256410257
169,0.9569310897435898,0.9503205128205128,0.9533253205128205,0.9465144230769231,0.9502203525641025,0.0928485576923077,0.5965544871794872,0.6158854166666666,0.6200921474358975,0.928886217948718,0.8896233974358975,0.9397035256410257,0.9364983974358975,0.9506209935897436,0.9447115384615384,0.9518229166666666,0.9487179487179487,0.9551282051282052,0.9401041666666666,0.9558293269230769,0.953125,0.9533253205128205,0.9546274038461539,0.9581330128205128,0.9568309294871795,0.9412059294871795,0.9549278846153846,0.9557291666666666,0.9554286858974359,0.9547275641025641
170,0.956229967948718,0.9545272435897436,0.9496193910256411,0.9557291666666666,0.9489182692307693,0.19340945512820512,0.6461338141025641,0.6346153846153846,0.6839943910256411,0.9316907051282052,0.8965344551282052,0.9394030448717948,0.9334935897435898,0.9498197115384616,0.946113782051282,0.9520232371794872,0.9452123397435898,0.9545272435897436,0.9470152243589743,0.9510216346153846,0.9558293269230769,0.9543269230769231,0.9432091346153846,0.9550280448717948,0.9565304487179487,0.9397035256410257,0.9568309294871795,0.9551282051282052,0.9555288461538461,0.9525240384615384
171,0.957832532051282,0.9549278846153846,0.953125,0.9537259615384616,0.9452123397435898,0.2761418269230769,0.6845953525641025,0.6503405448717948,0.6955128205128205,0.9299879807692307,0.8886217948717948,0.9401041666666666,0.9355969551282052,0.9471153846153846,0.9486177884615384,0.9489182692307693,0.9483173076923077,0.953926282051282,0.9485176282051282,0.9551282051282052,0.9535256410256411,0.9565304487179487,0.9557291666666666,0.9554286858974359,0.9547275641025641,0.9416065705128205,0.9580328525641025,0.9550280448717948,0.9547275641025641,0.9572315705128205
172,0.9589342948717948,0.9563301282051282,0.9507211538461539,0.9517227564102564,0.9457131410256411,0.28896233974358976,0.6428285256410257,0.6315104166666666,0.1031650641025641,0.9273838141025641,0.8978365384615384,0.9409054487179487,0.9384014423076923,0.9468149038461539,0.9487179487179487,0.953926282051282,0.9509214743589743,0.9577323717948718,0.9469150641025641,0.9532251602564102,0.9537259615384616,0.9542267628205128,0.9537259615384616,0.9565304487179487,0.9543269230769231,0.9387019230769231,0.9572315705128205,0.9547275641025641,0.9574318910256411,0.9557291666666666
173,0.9582331730769231,0.9541266025641025,0.9522235576923077,0.9510216346153846,0.9495192307692307,0.46564503205128205,0.6164863782051282,0.6930088141025641,0.18108974358974358,0.9330929487179487,0.8883213141025641,0.9390024038461539,0.9377003205128205,0.9515224358974359,0.9447115384615384,0.9536258012820513,0.9465144230769231,0.9566306089743589,0.9469150641025641,0.9532251602564102,0.9546274038461539,0.9551282051282052,0.9521233974358975,0.9537259615384616,0.9543269230769231,0.9413060897435898,0.9576322115384616,0.9565304487179487,0.9521233974358975,0.9568309294871795
174,0.9561298076923077,0.9529246794871795,0.9542267628205128,0.9519230769230769,0.9473157051282052,0.47315705128205127,0.6558493589743589,0.7394831730769231,0.14443108974358973,0.9337940705128205,0.8948317307692307,0.9413060897435898,0.9353966346153846,0.9482171474358975,0.9450120192307693,0.9526241987179487,0.9512219551282052,0.9563301282051282,0.9497195512820513,0.9545272435897436,0.9574318910256411,0.9585336538461539,0.9554286858974359,0.9524238782051282,0.9580328525641025,0.9405048076923077,0.9594350961538461,0.9561298076923077,0.9541266025641025,0.9573317307692307
175,0.9571314102564102,0.9530248397435898,0.9542267628205128,0.9557291666666666,0.9474158653846154,0.5729166666666666,0.6958133012820513,0.6635616987179487,0.2987780448717949,0.9391025641025641,0.88671875,0.9401041666666666,0.938301282051282,0.9494190705128205,0.9486177884615384,0.9529246794871795,0.9538261217948718,0.9543269230769231,0.9348958333333334,0.9537259615384616,0.9558293269230769,0.9561298076923077,0.957832532051282,0.9537259615384616,0.9548277243589743,0.9399038461538461,0.9586338141025641,0.9543269230769231,0.9534254807692307,0.9580328525641025
176,0.9541266025641025,0.9555288461538461,0.9543269230769231,0.953926282051282,0.9454126602564102,0.3508613782051282,0.6944110576923077,0.7467948717948718,0.35727163461538464,0.9352964743589743,0.9022435897435898,0.9401041666666666,0.9375,0.9512219551282052,0.9465144230769231,0.9499198717948718,0.9533253205128205,0.9566306089743589,0.9456129807692307,0.9543269230769231,0.9572315705128205,0.9564302884615384,0.953926282051282,0.9535256410256411,0.9541266025641025,0.9410056089743589,0.9590344551282052,0.9589342948717948,0.9579326923076923,0.9586338141025641
177,0.9547275641025641,0.9557291666666666,0.9540264423076923,0.9556290064102564,0.9507211538461539,0.6021634615384616,0.7611177884615384,0.7700320512820513,0.5194310897435898,0.9408052884615384,0.9024439102564102,0.9423076923076923,0.9409054487179487,0.9522235576923077,0.9490184294871795,0.9525240384615384,0.9548277243589743,0.9533253205128205,0.9450120192307693,0.9541266025641025,0.9600360576923077,0.9556290064102564,0.9571314102564102,0.9561298076923077,0.9585336538461539,0.9440104166666666,0.9591346153846154,0.9574318910256411,0.9559294871794872,0.9580328525641025
178,0.9552283653846154,0.9556290064102564,0.9528245192307693,0.9538261217948718,0.94921875,0.6597556089743589,0.7786458333333334,0.7666266025641025,0.5413661858974359,0.9390024038461539,0.9012419871794872,0.9429086538461539,0.9301883012820513,0.9526241987179487,0.9491185897435898,0.9542267628205128,0.9525240384615384,0.9577323717948718,0.9494190705128205,0.9529246794871795,0.9560296474358975,0.9537259615384616,0.9566306089743589,0.9560296474358975,0.9579326923076923,0.9395032051282052,0.9592347756410257,0.9528245192307693,0.9563301282051282,0.9575320512820513
179,0.9574318910256411,0.9573317307692307,0.9520232371794872,0.9548277243589743,0.9529246794871795,0.5670072115384616,0.7832532051282052,0.7515024038461539,0.6031650641025641,0.9388020833333334,0.8981370192307693,0.9446113782051282,0.9410056089743589,0.9532251602564102,0.9477163461538461,0.9512219551282052,0.9489182692307693,0.95703125,0.9468149038461539,0.9517227564102564,0.9583333333333334,0.9507211538461539,0.9556290064102564,0.9545272435897436,0.9579326923076923,0.9452123397435898,0.9586338141025641,0.9564302884615384,0.9568309294871795,0.9576322115384616
180,0.9594350961538461,0.9557291666666666,0.9534254807692307,0.9549278846153846,0.9505208333333334,0.6157852564102564,0.7787459935897436,0.789863782051282,0.5777243589743589,0.9402043269230769,0.9018429487179487,0.9362980769230769,0.9372996794871795,0.9516225961538461,0.9481169871794872,0.9527243589743589,0.9528245192307693,0.9563301282051282,0.9463141025641025,0.9547275641025641,0.9558293269230769,0.9554286858974359,0.9585336538461539,0.9564302884615384,0.9537259615384616,0.9430088141025641,0.9590344551282052,0.9561298076923077,0.9541266025641025,0.9586338141025641
181,0.9587339743589743,0.9551282051282052,0.9540264423076923,0.9542267628205128,0.9502203525641025,0.6263020833333334,0.7517027243589743,0.7755408653846154,0.5978565705128205,0.9377003205128205,0.90625,0.9468149038461539,0.9395032051282052,0.9542267628205128,0.9444110576923077,0.9518229166666666,0.9534254807692307,0.9575320512820513,0.9473157051282052,0.9534254807692307,0.9590344551282052,0.9560296474358975,0.957832532051282,0.9575320512820513,0.9576322115384616,0.9430088141025641,0.9603365384615384,0.9543269230769231,0.9561298076923077,0.957832532051282
182,0.9593349358974359,0.9550280448717948,0.9555288461538461,0.9567307692307693,0.950020032051282,0.6955128205128205,0.582832532051282,0.7715344551282052,0.6011618589743589,0.9372996794871795,0.9045472756410257,0.9460136217948718,0.9371995192307693,0.9553285256410257,0.9467147435897436,0.9548277243589743,0.9507211538461539,0.9564302884615384,0.944511217948718,0.9538261217948718,0.9597355769230769,0.9450120192307693,0.9560296474358975,0.9569310897435898,0.9582331730769231,0.9432091346153846,0.9575320512820513,0.9558293269230769,0.9563301282051282,0.9585336538461539
183,0.9591346153846154,0.9530248397435898,0.9551282051282052,0.9532251602564102,0.9530248397435898,0.7481971153846154,0.7865584935897436,0.7995793269230769,0.6130809294871795,0.942207532051282,0.9042467948717948,0.9479166666666666,0.942207532051282,0.9522235576923077,0.9507211538461539,0.9537259615384616,0.9516225961538461,0.9551282051282052,0.94140625,0.9543269230769231,0.9579326923076923,0.95703125,0.9573317307692307,0.9565304487179487,0.9553285256410257,0.9424078525641025,0.9596354166666666,0.9532251602564102,0.9545272435897436,0.95703125
184,0.9581330128205128,0.9555288461538461,0.9549278846153846,0.9549278846153846,0.9537259615384616,0.7047275641025641,0.831229967948718,0.10096153846153846,0.5659054487179487,0.9388020833333334,0.9082532051282052,0.9468149038461539,0.9346955128205128,0.9513221153846154,0.9482171474358975,0.9546274038461539,0.9541266025641025,0.9557291666666666,0.9494190705128205,0.9566306089743589,0.9588341346153846,0.9540264423076923,0.9567307692307693,0.9565304487179487,0.957832532051282,0.9397035256410257,0.9586338141025641,0.9554286858974359,0.9594350961538461,0.9588341346153846
185,0.95703125,0.9540264423076923,0.9510216346153846,0.9511217948717948,0.9472155448717948,0.7298677884615384,0.8221153846153846,0.10096153846153846,0.6733774038461539,0.8972355769230769,0.9099559294871795,0.9474158653846154,0.9436097756410257,0.9528245192307693,0.9439102564102564,0.9512219551282052,0.9502203525641025,0.9594350961538461,0.9489182692307693,0.9543269230769231,0.9594350961538461,0.9563301282051282,0.9576322115384616,0.9555288461538461,0.9589342948717948,0.9430088141025641,0.9604366987179487,0.9548277243589743,0.9514222756410257,0.9589342948717948
186,0.9528245192307693,0.9566306089743589,0.9566306089743589,0.9517227564102564,0.9521233974358975,0.7619190705128205,0.8278245192307693,0.16125801282051283,0.6930088141025641,0.9391025641025641,0.9091546474358975,0.9419070512820513,0.9408052884615384,0.9533253205128205,0.9502203525641025,0.9521233974358975,0.9548277243589743,0.9575320512820513,0.9506209935897436,0.9554286858974359,0.960136217948718,0.9567307692307693,0.9558293269230769,0.9546274038461539,0.9577323717948718,0.9395032051282052,0.9593349358974359,0.9538261217948718,0.9512219551282052,0.9541266025641025
187,0.9585336538461539,0.9568309294871795,0.9543269230769231,0.953926282051282,0.9486177884615384,0.7350761217948718,0.8402443910256411,0.21684695512820512,0.6209935897435898,0.9371995192307693,0.905448717948718,0.9447115384615384,0.9417067307692307,0.952323717948718,0.9496193910256411,0.9545272435897436,0.9522235576923077,0.9543269230769231,0.9514222756410257,0.9587339743589743,0.9581330128205128,0.9551282051282052,0.9589342948717948,0.9571314102564102,0.9553285256410257,0.9435096153846154,0.9568309294871795,0.9528245192307693,0.956229967948718,0.9569310897435898
188,0.9559294871794872,0.9567307692307693,0.9547275641025641,0.9550280448717948,0.9502203525641025,0.7323717948717948,0.7181490384615384,0.3288261217948718,0.7074318910256411,0.9351963141025641,0.9091546474358975,0.9453125,0.9444110576923077,0.9520232371794872,0.9483173076923077,0.9552283653846154,0.9482171474358975,0.9575320512820513,0.9472155448717948,0.9560296474358975,0.9590344551282052,0.956229967948718,0.9581330128205128,0.9551282051282052,0.9532251602564102,0.9481169871794872,0.9607371794871795,0.9535256410256411,0.9555288461538461,0.9581330128205128
189,0.9568309294871795,0.9577323717948718,0.9573317307692307,0.9559294871794872,0.9506209935897436,0.7585136217948718,0.7793469551282052,0.3920272435897436,0.6387219551282052,0.9380008012820513,0.9095552884615384,0.9476161858974359,0.9412059294871795,0.9479166666666666,0.9512219551282052,0.9550280448717948,0.9502203525641025,0.9574318910256411,0.9494190705128205,0.9571314102564102,0.9576322115384616,0.9592347756410257,0.9585336538461539,0.9568309294871795,0.956229967948718,0.9456129807692307,0.9604366987179487,0.9542267628205128,0.9587339743589743,0.9584334935897436
190,0.9565304487179487,0.9546274038461539,0.9566306089743589,0.9547275641025641,0.9524238782051282,0.7599158653846154,0.8233173076923077,0.39403044871794873,0.6501402243589743,0.9398036858974359,0.9118589743589743,0.9488181089743589,0.9421073717948718,0.9524238782051282,0.9526241987179487,0.9573317307692307,0.9509214743589743,0.9566306089743589,0.9502203525641025,0.95703125,0.9593349358974359,0.9542267628205128,0.9591346153846154,0.9548277243589743,0.9592347756410257,0.9353966346153846,0.9603365384615384,0.9560296474358975,0.9563301282051282,0.9610376602564102
191,0.9597355769230769,0.9535256410256411,0.9574318910256411,0.9543269230769231,0.9521233974358975,0.8042868589743589,0.7923677884615384,0.5525841346153846,0.7334735576923077,0.9421073717948718,0.9164663461538461,0.9481169871794872,0.942207532051282,0.9529246794871795,0.9497195512820513,0.9569310897435898,0.953926282051282,0.9568309294871795,0.9527243589743589,0.95703125,0.9589342948717948,0.9559294871794872,0.9594350961538461,0.9577323717948718,0.9574318910256411,0.9441105769230769,0.9609375,0.9574318910256411,0.9561298076923077,0.9593349358974359
192,0.9585336538461539,0.9548277243589743,0.9537259615384616,0.9550280448717948,0.9525240384615384,0.6880008012820513,0.8495592948717948,0.6267027243589743,0.7294671474358975,0.9426081730769231,0.9153645833333334,0.9503205128205128,0.9456129807692307,0.9526241987179487,0.9520232371794872,0.9566306089743589,0.9549278846153846,0.9574318910256411,0.9541266025641025,0.9558293269230769,0.9583333333333334,0.957832532051282,0.9574318910256411,0.9567307692307693,0.9563301282051282,0.948417467948718,0.9611378205128205,0.9577323717948718,0.9571314102564102,0.9573317307692307
193,0.9576322115384616,0.9575320512820513,0.9545272435897436,0.9580328525641025,0.9529246794871795,0.6973157051282052,0.8486578525641025,0.6014623397435898,0.8111979166666666,0.9442107371794872,0.9164663461538461,0.9479166666666666,0.9412059294871795,0.9537259615384616,0.9519230769230769,0.9576322115384616,0.9532251602564102,0.9535256410256411,0.9546274038461539,0.9466145833333334,0.9598357371794872,0.9557291666666666,0.9602363782051282,0.9564302884615384,0.9590344551282052,0.9488181089743589,0.9581330128205128,0.9551282051282052,0.9594350961538461,0.9573317307692307
194,0.9550280448717948,0.9572315705128205,0.9524238782051282,0.9550280448717948,0.952323717948718,0.8102964743589743,0.8559695512820513,0.6141826923076923,0.828125,0.9435096153846154,0.9108573717948718,0.9479166666666666,0.9453125,0.9530248397435898,0.9522235576923077,0.9551282051282052,0.9563301282051282,0.9576322115384616,0.9519230769230769,0.9568309294871795,0.9610376602564102,0.9515224358974359,0.9565304487179487,0.9568309294871795,0.9597355769230769,0.9462139423076923,0.9629407051282052,0.9567307692307693,0.9598357371794872,0.9574318910256411
195,0.9506209935897436,0.9487179487179487,0.9559294871794872,0.9569310897435898,0.9524238782051282,0.7964743589743589,0.8597756410256411,0.641426282051282,0.8311298076923077,0.9352964743589743,0.9047475961538461,0.9437099358974359,0.9463141025641025,0.9515224358974359,0.9494190705128205,0.9573317307692307,0.9553285256410257,0.9573317307692307,0.9498197115384616,0.9545272435897436,0.9598357371794872,0.9572315705128205,0.9595352564102564,0.9582331730769231,0.9582331730769231,0.9450120192307693,0.9561298076923077,0.9556290064102564,0.9558293269230769,0.9552283653846154
196,0.9529246794871795,0.9536258012820513,0.9556290064102564,0.9538261217948718,0.9540264423076923,0.797676282051282,0.8662860576923077,0.7055288461538461,0.8345352564102564,0.9434094551282052,0.9219751602564102,0.9449118589743589,0.9480168269230769,0.9538261217948718,0.9537259615384616,0.9546274038461539,0.9572315705128205,0.9568309294871795,0.9504206730769231,0.9551282051282052,0.9590344551282052,0.9551282051282052,0.9581330128205128,0.9572315705128205,0.9602363782051282,0.9514222756410257,0.9529246794871795,0.9563301282051282,0.9593349358974359,0.9577323717948718
197,0.9582331730769231,0.9557291666666666,0.9575320512820513,0.9566306089743589,0.9522235576923077,0.7789463141025641,0.8303285256410257,0.6524439102564102,0.8424479166666666,0.9311899038461539,0.9190705128205128,0.9447115384615384,0.9446113782051282,0.9501201923076923,0.9510216346153846,0.9558293269230769,0.9543269230769231,0.9551282051282052,0.9538261217948718,0.9556290064102564,0.9600360576923077,0.9575320512820513,0.9599358974358975,0.9565304487179487,0.9580328525641025,0.9472155448717948,0.9577323717948718,0.9521233974358975,0.9569310897435898,0.9591346153846154
198,0.9592347756410257,0.9564302884615384,0.9568309294871795,0.9528245192307693,0.9504206730769231,0.8205128205128205,0.8629807692307693,0.5703125,0.8122996794871795,0.9426081730769231,0.9201722756410257,0.9480168269230769,0.9465144230769231,0.9554286858974359,0.9516225961538461,0.9588341346153846,0.9551282051282052,0.9582331730769231,0.9533253205128205,0.9574318910256411,0.9597355769230769,0.9555288461538461,0.9599358974358975,0.957832532051282,0.9565304487179487,0.9473157051282052,0.9582331730769231,0.9554286858974359,0.9563301282051282,0.9569310897435898
199,0.9563301282051282,0.9541266025641025,0.9568309294871795,0.9544270833333334,0.9515224358974359,0.8309294871794872,0.8515625,0.6728766025641025,0.8202123397435898,0.9368990384615384,0.9191706730769231,0.9481169871794872,0.9439102564102564,0.9546274038461539,0.9520232371794872,0.9590344551282052,0.9547275641025641,0.9598357371794872,0.953125,0.9555288461538461,0.9587339743589743,0.9590344551282052,0.9614383012820513,0.9567307692307693,0.9594350961538461,0.9508213141025641,0.9608373397435898,0.9572315705128205,0.9591346153846154,0.9590344551282052
200,0.9552283653846154,0.9580328525641025,0.9560296474358975,0.9546274038461539,0.950020032051282,0.8072916666666666,0.8669871794871795,0.6756810897435898,0.8412459935897436,0.944511217948718,0.9230769230769231,0.9491185897435898,0.9399038461538461,0.9540264423076923,0.9507211538461539,0.9560296474358975,0.9555288461538461,0.9576322115384616,0.9529246794871795,0.9571314102564102,0.9584334935897436,0.9603365384615384,0.9604366987179487,0.9520232371794872,0.9603365384615384,0.9464142628205128,0.9609375,0.9560296474358975,0.957832532051282,0.9574318910256411
201,0.9573317307692307,0.9579326923076923,0.9575320512820513,0.9509214743589743,0.9530248397435898,0.7530048076923077,0.8788060897435898,0.7412860576923077,0.8127003205128205,0.9426081730769231,0.9245793269230769,0.9471153846153846,0.9464142628205128,0.953926282051282,0.9507211538461539,0.9569310897435898,0.9519230769230769,0.9552283653846154,0.9521233974358975,0.9541266025641025,0.9592347756410257,0.9583333333333334,0.9593349358974359,0.9573317307692307,0.9602363782051282,0.9507211538461539,0.9629407051282052,0.9602363782051282,0.9602363782051282,0.9604366987179487
202,0.9599358974358975,0.9585336538461539,0.9561298076923077,0.9548277243589743,0.9529246794871795,0.8536658653846154,0.8723958333333334,0.7344751602564102,0.8584735576923077,0.9467147435897436,0.9233774038461539,0.950020032051282,0.9458133012820513,0.9534254807692307,0.9554286858974359,0.9564302884615384,0.9560296474358975,0.9575320512820513,0.9517227564102564,0.9554286858974359,0.9583333333333334,0.9564302884615384,0.9579326923076923,0.9564302884615384,0.9576322115384616,0.9508213141025641,0.9633413461538461,0.9607371794871795,0.9581330128205128,0.9605368589743589
203,0.9587339743589743,0.9524238782051282,0.9535256410256411,0.9535256410256411,0.9532251602564102,0.09745592948717949,0.8846153846153846,0.7515024038461539,0.8571714743589743,0.9472155448717948,0.924979967948718,0.9453125,0.9463141025641025,0.9567307692307693,0.9557291666666666,0.9587339743589743,0.9536258012820513,0.9602363782051282,0.9507211538461539,0.9588341346153846,0.9607371794871795,0.9553285256410257,0.9602363782051282,0.9560296474358975,0.9599358974358975,0.9520232371794872,0.9591346153846154,0.9583333333333334,0.9591346153846154,0.9605368589743589
204,0.9575320512820513,0.9579326923076923,0.9555288461538461,0.9538261217948718,0.9532251602564102,0.09865785256410256,0.8790064102564102,0.6040665064102564,0.856270032051282,0.9464142628205128,0.9208733974358975,0.9507211538461539,0.9480168269230769,0.95703125,0.9525240384615384,0.95703125,0.957832532051282,0.9583333333333334,0.9507211538461539,0.9585336538461539,0.9624399038461539,0.95703125,0.9593349358974359,0.95703125,0.9595352564102564,0.9509214743589743,0.9613381410256411,0.9588341346153846,0.9585336538461539,0.9602363782051282
205,0.9597355769230769,0.9555288461538461,0.95703125,0.9574318910256411,0.9510216346153846,0.20993589743589744,0.8829126602564102,0.7701322115384616,0.8633814102564102,0.9482171474358975,0.9246794871794872,0.9495192307692307,0.9482171474358975,0.9583333333333334,0.9552283653846154,0.9592347756410257,0.9528245192307693,0.9569310897435898,0.9508213141025641,0.9559294871794872,0.9606370192307693,0.9592347756410257,0.9618389423076923,0.9566306089743589,0.9626402243589743,0.9507211538461539,0.9610376602564102,0.9596354166666666,0.9576322115384616,0.9611378205128205
206,0.9572315705128205,0.9556290064102564,0.9566306089743589,0.9575320512820513,0.9547275641025641,0.367588141025641,0.8813100961538461,0.7712339743589743,0.8642828525641025,0.9442107371794872,0.9254807692307693,0.9506209935897436,0.9495192307692307,0.9574318910256411,0.9560296474358975,0.9556290064102564,0.9544270833333334,0.9588341346153846,0.9510216346153846,0.9543269230769231,0.9573317307692307,0.9581330128205128,0.9609375,0.9560296474358975,0.9611378205128205,0.9396033653846154,0.9628405448717948,0.9584334935897436,0.9580328525641025,0.960136217948718
207,0.9606370192307693,0.9590344551282052,0.9559294871794872,0.9572315705128205,0.9545272435897436,0.36388221153846156,0.8888221153846154,0.8140024038461539,0.8676883012820513,0.9443108974358975,0.9325921474358975,0.9503205128205128,0.9482171474358975,0.9581330128205128,0.9551282051282052,0.9536258012820513,0.9564302884615384,0.9577323717948718,0.9533253205128205,0.9594350961538461,0.9604366987179487,0.9599358974358975,0.9607371794871795,0.9549278846153846,0.9621394230769231,0.9493189102564102,0.9610376602564102,0.9590344551282052,0.956229967948718,0.9594350961538461
208,0.95703125,0.9572315705128205,0.9573317307692307,0.9569310897435898,0.953926282051282,0.4440104166666667,0.8894230769230769,0.7529046474358975,0.8714943910256411,0.9441105769230769,0.9222756410256411,0.950020032051282,0.9496193910256411,0.9587339743589743,0.9560296474358975,0.9559294871794872,0.95703125,0.9602363782051282,0.9536258012820513,0.9594350961538461,0.9616386217948718,0.9618389423076923,0.9611378205128205,0.9526241987179487,0.9619391025641025,0.9508213141025641,0.9623397435897436,0.9555288461538461,0.9581330128205128,0.9580328525641025
209,0.9594350961538461,0.957832532051282,0.9548277243589743,0.9591346153846154,0.9530248397435898,0.5280448717948718,0.8877203525641025,0.733573717948718,0.8765024038461539,0.9447115384615384,0.9299879807692307,0.953125,0.9513221153846154,0.9569310897435898,0.9499198717948718,0.9545272435897436,0.957832532051282,0.960136217948718,0.9533253205128205,0.9596354166666666,0.9605368589743589,0.9588341346153846,0.9621394230769231,0.9554286858974359,0.9593349358974359,0.9515224358974359,0.9600360576923077,0.9584334935897436,0.9592347756410257,0.9614383012820513
210,0.9592347756410257,0.9555288461538461,0.9590344551282052,0.9572315705128205,0.9554286858974359,0.624198717948718,0.8880208333333334,0.8098958333333334,0.8684895833333334,0.9451121794871795,0.9315905448717948,0.9521233974358975,0.9479166666666666,0.9585336538461539,0.9535256410256411,0.9604366987179487,0.9593349358974359,0.9594350961538461,0.9538261217948718,0.95703125,0.9623397435897436,0.9566306089743589,0.9615384615384616,0.9571314102564102,0.9606370192307693,0.9490184294871795,0.9609375,0.9595352564102564,0.9582331730769231,0.9606370192307693
211,0.9591346153846154,0.9573317307692307,0.9529246794871795,0.9573317307692307,0.952323717948718,0.5697115384615384,0.8854166666666666,0.825020032051282,0.8259214743589743,0.9413060897435898,0.9285857371794872,0.9495192307692307,0.9493189102564102,0.957832532051282,0.9529246794871795,0.9592347756410257,0.9581330128205128,0.9604366987179487,0.9483173076923077,0.9590344551282052,0.9594350961538461,0.9585336538461539,0.9610376602564102,0.9559294871794872,0.9606370192307693,0.9503205128205128,0.9634415064102564,0.9574318910256411,0.9599358974358975,0.9607371794871795
212,0.9614383012820513,0.9581330128205128,0.9585336538461539,0.9534254807692307,0.9551282051282052,0.6298076923076923,0.8916266025641025,0.7747395833333334,0.8828125,0.9440104166666666,0.9260817307692307,0.9510216346153846,0.9512219551282052,0.9534254807692307,0.9593349358974359,0.9583333333333334,0.9546274038461539,0.9594350961538461,0.9487179487179487,0.9557291666666666,0.9605368589743589,0.9580328525641025,0.9602363782051282,0.9577323717948718,0.9610376602564102,0.9530248397435898,0.9602363782051282,0.9566306089743589,0.9550280448717948,0.9607371794871795
213,0.9589342948717948,0.9583333333333334,0.9573317307692307,0.9590344551282052,0.9514222756410257,0.6227964743589743,0.8950320512820513,0.38752003205128205,0.8837139423076923,0.9451121794871795,0.932792467948718,0.9524238782051282,0.9491185897435898,0.9572315705128205,0.953926282051282,0.9581330128205128,0.9537259615384616,0.9597355769230769,0.9514222756410257,0.957832532051282,0.9612379807692307,0.9589342948717948,0.9609375,0.9547275641025641,0.9612379807692307,0.9494190705128205,0.9646434294871795,0.95703125,0.9588341346153846,0.9596354166666666
214,0.9621394230769231,0.9574318910256411,0.9596354166666666,0.9580328525641025,0.94921875,0.6447315705128205,0.8941306089743589,0.09865785256410256,0.8860176282051282,0.9433092948717948,0.9342948717948718,0.9518229166666666,0.9509214743589743,0.9563301282051282,0.9582331730769231,0.9564302884615384,0.9604366987179487,0.9584334935897436,0.9514222756410257,0.9597355769230769,0.9613381410256411,0.9590344551282052,0.9621394230769231,0.9532251602564102,0.9594350961538461,0.9513221153846154,0.9642427884615384,0.9594350961538461,0.9560296474358975,0.9610376602564102
215,0.9630408653846154,0.9574318910256411,0.9591346153846154,0.9559294871794872,0.953125,0.7057291666666666,0.8864182692307693,0.19280849358974358,0.8896233974358975,0.9469150641025641,0.9314903846153846,0.9514222756410257,0.9517227564102564,0.9569310897435898,0.9556290064102564,0.9594350961538461,0.957832532051282,0.9608373397435898,0.9517227564102564,0.9583333333333334,0.961738782051282,0.9577323717948718,0.9621394230769231,0.9554286858974359,0.9616386217948718,0.9552283653846154,0.9624399038461539,0.9581330128205128,0.9614383012820513,0.9608373397435898
216,0.9604366987179487,0.9593349358974359,0.95703125,0.9602363782051282,0.9537259615384616,0.6791866987179487,0.8920272435897436,0.3206129807692308,0.8901241987179487,0.9427083333333334,0.9264823717948718,0.9497195512820513,0.9520232371794872,0.9560296474358975,0.9536258012820513,0.9564302884615384,0.9568309294871795,0.9605368589743589,0.9517227564102564,0.9557291666666666,0.9614383012820513,0.9593349358974359,0.9611378205128205,0.9548277243589743,0.9620392628205128,0.9541266025641025,0.9629407051282052,0.9581330128205128,0.9615384615384616,0.9612379807692307
217,0.9625400641025641,0.9589342948717948,0.9576322115384616,0.9607371794871795,0.9553285256410257,0.7329727564102564,0.8999399038461539,0.3488581730769231,0.889823717948718,0.9475160256410257,0.9356971153846154,0.9520232371794872,0.9462139423076923,0.9537259615384616,0.9581330128205128,0.9577323717948718,0.9547275641025641,0.9596354166666666,0.953926282051282,0.9577323717948718,0.9595352564102564,0.9575320512820513,0.9613381410256411,0.9559294871794872,0.9619391025641025,0.9509214743589743,0.9624399038461539,0.9559294871794872,0.9612379807692307,0.9616386217948718
218,0.9605368589743589,0.9598357371794872,0.9592347756410257,0.9560296474358975,0.9535256410256411,0.5434695512820513,0.8993389423076923,0.42137419871794873,0.8967347756410257,0.9469150641025641,0.9314903846153846,0.9457131410256411,0.9498197115384616,0.9573317307692307,0.9569310897435898,0.9594350961538461,0.9561298076923077,0.9585336538461539,0.9536258012820513,0.9576322115384616,0.9590344551282052,0.9599358974358975,0.9615384615384616,0.9585336538461539,0.9623397435897436,0.9502203525641025,0.9634415064102564,0.9551282051282052,0.9619391025641025,0.9610376602564102
219,0.9639423076923077,0.9580328525641025,0.9588341346153846,0.9556290064102564,0.9545272435897436,0.7329727564102564,0.9043469551282052,0.39863782051282054,0.8941306089743589,0.9456129807692307,0.9332932692307693,0.952323717948718,0.9521233974358975,0.9569310897435898,0.9575320512820513,0.9574318910256411,0.9579326923076923,0.9609375,0.9502203525641025,0.9569310897435898,0.9569310897435898,0.9589342948717948,0.9596354166666666,0.9574318910256411,0.9602363782051282,0.9547275641025641,0.9636418269230769,0.9546274038461539,0.9616386217948718,0.9615384615384616
220,0.9603365384615384,0.9591346153846154,0.9495192307692307,0.9591346153846154,0.9532251602564102,0.7480969551282052,0.9039463141025641,0.5130208333333334,0.8849158653846154,0.9472155448717948,0.9318910256410257,0.9536258012820513,0.9520232371794872,0.9596354166666666,0.956229967948718,0.9586338141025641,0.956229967948718,0.9598357371794872,0.9551282051282052,0.9596354166666666,0.9611378205128205,0.9514222756410257,0.95703125,0.9553285256410257,0.9631410256410257,0.9536258012820513,0.9608373397435898,0.9581330128205128,0.9586338141025641,0.9599358974358975
221,0.9588341346153846,0.9599358974358975,0.9587339743589743,0.9609375,0.9551282051282052,0.7858573717948718,0.9053485576923077,0.5784254807692307,0.8986378205128205,0.9488181089743589,0.9263822115384616,0.9545272435897436,0.9514222756410257,0.9564302884615384,0.9557291666666666,0.9554286858974359,0.9565304487179487,0.960136217948718,0.9533253205128205,0.95703125,0.9577323717948718,0.9599358974358975,0.9603365384615384,0.9607371794871795,0.9628405448717948,0.9549278846153846,0.9639423076923077,0.9602363782051282,0.9608373397435898,0.9612379807692307
222,0.9629407051282052,0.9615384615384616,0.9597355769230769,0.9574318910256411,0.9556290064102564,0.7146434294871795,0.8948317307692307,0.5723157051282052,0.8912259615384616,0.9491185897435898,0.934395032051282,0.9501201923076923,0.9527243589743589,0.9603365384615384,0.9587339743589743,0.9587339743589743,0.9589342948717948,0.9609375,0.9554286858974359,0.9587339743589743,0.9600360576923077,0.960136217948718,0.9599358974358975,0.9597355769230769,0.9576322115384616,0.9512219551282052,0.9633413461538461,0.9607371794871795,0.9599358974358975,0.9612379807692307
223,0.9606370192307693,0.9610376602564102,0.9590344551282052,0.9587339743589743,0.9547275641025641,0.7700320512820513,0.8960336538461539,0.6397235576923077,0.9060496794871795,0.9481169871794872,0.9356971153846154,0.9557291666666666,0.9514222756410257,0.9590344551282052,0.9557291666666666,0.9538261217948718,0.9564302884615384,0.9599358974358975,0.956229967948718,0.9530248397435898,0.9613381410256411,0.9625400641025641,0.960136217948718,0.9597355769230769,0.9598357371794872,0.9553285256410257,0.9614383012820513,0.9595352564102564,0.9593349358974359,0.9592347756410257
224,0.9596354166666666,0.9612379807692307,0.9510216346153846,0.9558293269230769,0.9555288461538461,0.7839543269230769,0.9018429487179487,0.5957532051282052,0.09575320512820513,0.9465144230769231,0.9081530448717948,0.9556290064102564,0.9515224358974359,0.9611378205128205,0.953125,0.9569310897435898,0.9572315705128205,0.9567307692307693,0.9563301282051282,0.9586338141025641,0.9603365384615384,0.9638421474358975,0.9619391025641025,0.9599358974358975,0.9627403846153846,0.9551282051282052,0.9662459935897436,0.9616386217948718,0.9599358974358975,0.9605368589743589
225,0.9590344551282052,0.9608373397435898,0.9540264423076923,0.9574318910256411,0.9560296474358975,0.8130008012820513,0.9026442307692307,0.6907051282051282,0.11548477564102565,0.9474158653846154,0.9341947115384616,0.9535256410256411,0.9529246794871795,0.9576322115384616,0.9557291666666666,0.9576322115384616,0.9586338141025641,0.9608373397435898,0.9546274038461539,0.9582331730769231,0.9614383012820513,0.9635416666666666,0.9598357371794872,0.9608373397435898,0.9606370192307693,0.9561298076923077,0.9646434294871795,0.9614383012820513,0.9597355769230769,0.9607371794871795
226,0.9613381410256411,0.957832532051282,0.9563301282051282,0.957832532051282,0.9568309294871795,0.7718349358974359,0.9057491987179487,0.6855969551282052,0.23737980769230768,0.948417467948718,0.9311899038461539,0.9512219551282052,0.9515224358974359,0.9552283653846154,0.9569310897435898,0.9581330128205128,0.953926282051282,0.9604366987179487,0.9546274038461539,0.9565304487179487,0.9566306089743589,0.9611378205128205,0.9589342948717948,0.9550280448717948,0.9609375,0.9540264423076923,0.9638421474358975,0.9611378205128205,0.9588341346153846,0.9599358974358975
227,0.9597355769230769,0.9587339743589743,0.9574318910256411,0.9580328525641025,0.9535256410256411,0.760917467948718,0.9088541666666666,0.7352764423076923,0.32592147435897434,0.9429086538461539,0.9380008012820513,0.953125,0.9541266025641025,0.9557291666666666,0.9567307692307693,0.95703125,0.9534254807692307,0.9594350961538461,0.9508213141025641,0.9575320512820513,0.9623397435897436,0.9621394230769231,0.9623397435897436,0.9590344551282052,0.9612379807692307,0.9555288461538461,0.9657451923076923,0.9593349358974359,0.9608373397435898,0.9595352564102564
228,0.961738782051282,0.9595352564102564,0.9582331730769231,0.9584334935897436,0.9549278846153846,0.8286258012820513,0.9163661858974359,0.5344551282051282,0.1985176282051282,0.9501201923076923,0.9345953525641025,0.9450120192307693,0.9520232371794872,0.9574318910256411,0.9574318910256411,0.9586338141025641,0.9573317307692307,0.9612379807692307,0.9575320512820513,0.9588341346153846,0.9609375,0.9608373397435898,0.961738782051282,0.9467147435897436,0.9613381410256411,0.9563301282051282,0.9653445512820513,0.9603365384615384,0.9593349358974359,0.9597355769230769
229,0.9571314102564102,0.9576322115384616,0.9556290064102564,0.9589342948717948,0.9568309294871795,0.7118389423076923,0.9128605769230769,0.7041266025641025,0.28896233974358976,0.10096153846153846,0.9369991987179487,0.9475160256410257,0.9503205128205128,0.9581330128205128,0.9572315705128205,0.9585336538461539,0.9591346153846154,0.9614383012820513,0.9565304487179487,0.9572315705128205,0.9612379807692307,0.9629407051282052,0.9619391025641025,0.9579326923076923,0.9621394230769231,0.9545272435897436,0.9642427884615384,0.9591346153846154,0.9592347756410257,0.9622395833333334
230,0.9613381410256411,0.9585336538461539,0.9587339743589743,0.9575320512820513,0.9581330128205128,0.8119991987179487,0.08914262820512821,0.7021233974358975,0.4696514423076923,0.10436698717948718,0.9361979166666666,0.9512219551282052,0.9480168269230769,0.9595352564102564,0.9590344551282052,0.9595352564102564,0.9595352564102564,0.9603365384615384,0.953125,0.9591346153846154,0.9599358974358975,0.9626402243589743,0.9609375,0.9574318910256411,0.9628405448717948,0.9575320512820513,0.9620392628205128,0.9602363782051282,0.9619391025641025,0.9596354166666666
231,0.9610376602564102,0.9599358974358975,0.9571314102564102,0.9571314102564102,0.9566306089743589,0.8025841346153846,0.10096153846153846,0.7712339743589743,0.4976963141025641,0.3114983974358974,0.9375,0.9547275641025641,0.9533253205128205,0.9600360576923077,0.9581330128205128,0.9595352564102564,0.9546274038461539,0.9609375,0.9552283653846154,0.9582331730769231,0.9586338141025641,0.9603365384615384,0.9600360576923077,0.9572315705128205,0.9612379807692307,0.9561298076923077,0.960136217948718,0.9615384615384616,0.95703125,0.9623397435897436
232,0.9610376602564102,0.9599358974358975,0.9610376602564102,0.9553285256410257,0.9566306089743589,0.7923677884615384,0.23828125,0.6154847756410257,0.4597355769230769,0.27734375,0.940604967948718,0.9524238782051282,0.9534254807692307,0.9591346153846154,0.9571314102564102,0.9600360576923077,0.9579326923076923,0.960136217948718,0.9579326923076923,0.9597355769230769,0.9623397435897436,0.9625400641025641,0.9618389423076923,0.9573317307692307,0.9614383012820513,0.9568309294871795,0.9606370192307693,0.9622395833333334,0.9619391025641025,0.9621394230769231
233,0.9608373397435898,0.9586338141025641,0.9564302884615384,0.9557291666666666,0.9558293269230769,0.8419471153846154,0.28565705128205127,0.7779447115384616,0.6354166666666666,0.3600761217948718,0.9408052884615384,0.95703125,0.9527243589743589,0.9599358974358975,0.9555288461538461,0.9587339743589743,0.9599358974358975,0.9615384615384616,0.953926282051282,0.9623397435897436,0.9599358974358975,0.9629407051282052,0.9604366987179487,0.9594350961538461,0.9641426282051282,0.9558293269230769,0.9619391025641025,0.960136217948718,0.9603365384615384,0.9589342948717948
234,0.9627403846153846,0.9597355769230769,0.9590344551282052,0.9565304487179487,0.9537259615384616,0.8455528846153846,0.2189503205128205,0.7554086538461539,0.5492788461538461,0.4609375,0.9410056089743589,0.9568309294871795,0.9552283653846154,0.9594350961538461,0.956229967948718,0.9575320512820513,0.9615384615384616,0.9626402243589743,0.9555288461538461,0.9551282051282052,0.9612379807692307,0.9614383012820513,0.9616386217948718,0.9602363782051282,0.961738782051282,0.9538261217948718,0.9631410256410257,0.9585336538461539,0.9590344551282052,0.9609375
235,0.9605368589743589,0.960136217948718,0.9621394230769231,0.9561298076923077,0.9572315705128205,0.7787459935897436,0.46564503205128205,0.7610176282051282,0.6558493589743589,0.390625,0.9372996794871795,0.9534254807692307,0.9517227564102564,0.9585336538461539,0.9556290064102564,0.9605368589743589,0.9609375,0.9594350961538461,0.9556290064102564,0.961738782051282,0.9572315705128205,0.961738782051282,0.96484375,0.9607371794871795,0.9496193910256411,0.9559294871794872,0.9629407051282052,0.9595352564102564,0.9613381410256411,0.9619391025641025
236,0.960136217948718,0.95703125,0.9574318910256411,0.9583333333333334,0.9543269230769231,0.8628806089743589,0.47095352564102566,0.7614182692307693,0.6968149038461539,0.4499198717948718,0.9353966346153846,0.9534254807692307,0.9534254807692307,0.9592347756410257,0.9561298076923077,0.9608373397435898,0.9602363782051282,0.9615384615384616,0.9527243589743589,0.9611378205128205,0.9612379807692307,0.9637419871794872,0.9628405448717948,0.9580328525641025,0.9608373397435898,0.9566306089743589,0.9652443910256411,0.9619391025641025,0.9610376602564102,0.9614383012820513
237,0.9605368589743589,0.9611378205128205,0.9608373397435898,0.9586338141025641,0.9575320512820513,0.8575721153846154,0.5400641025641025,0.7934695512820513,0.7313701923076923,0.6322115384615384,0.9405048076923077,0.9564302884615384,0.9550280448717948,0.9604366987179487,0.9585336538461539,0.9600360576923077,0.9593349358974359,0.9625400641025641,0.9530248397435898,0.9563301282051282,0.9623397435897436,0.9627403846153846,0.9630408653846154,0.9590344551282052,0.9620392628205128,0.9545272435897436,0.9653445512820513,0.9607371794871795,0.9627403846153846,0.9597355769230769
238,0.9599358974358975,0.9537259615384616,0.9621394230769231,0.9584334935897436,0.9580328525641025,0.8310296474358975,0.641426282051282,0.7964743589743589,0.7221554487179487,0.499599358974359,0.9351963141025641,0.9541266025641025,0.9560296474358975,0.9591346153846154,0.9571314102564102,0.9591346153846154,0.9574318910256411,0.9625400641025641,0.952323717948718,0.9571314102564102,0.9607371794871795,0.9591346153846154,0.9616386217948718,0.9588341346153846,0.9625400641025641,0.9565304487179487,0.9616386217948718,0.9592347756410257,0.9626402243589743,0.9627403846153846
239,0.9626402243589743,0.9577323717948718,0.9605368589743589,0.9597355769230769,0.957832532051282,0.8641826923076923,0.5826322115384616,0.8368389423076923,0.674979967948718,0.5927483974358975,0.9407051282051282,0.9548277243589743,0.9547275641025641,0.9611378205128205,0.9557291666666666,0.9598357371794872,0.9581330128205128,0.9616386217948718,0.9568309294871795,0.9599358974358975,0.9602363782051282,0.9603365384615384,0.9623397435897436,0.960136217948718,0.9624399038461539,0.9574318910256411,0.96484375,0.9583333333333334,0.9622395833333334,0.9624399038461539
240,0.9592347756410257,0.9561298076923077,0.9608373397435898,0.9602363782051282,0.9576322115384616,0.8774038461538461,0.5834334935897436,0.8490584935897436,0.7463942307692307,0.6564503205128205,0.9346955128205128,0.9552283653846154,0.9537259615384616,0.9595352564102564,0.9540264423076923,0.9592347756410257,0.960136217948718,0.9620392628205128,0.9582331730769231,0.9577323717948718,0.9609375,0.9619391025641025,0.9612379807692307,0.9587339743589743,0.9598357371794872,0.9545272435897436,0.9629407051282052,0.9588341346153846,0.9611378205128205,0.9626402243589743
241,0.9624399038461539,0.9622395833333334,0.9616386217948718,0.9614383012820513,0.9508213141025641,0.875,0.6501402243589743,0.7551081730769231,0.7638221153846154,0.6257011217948718,0.9349959935897436,0.9564302884615384,0.9526241987179487,0.9565304487179487,0.9559294871794872,0.9628405448717948,0.9618389423076923,0.9631410256410257,0.9574318910256411,0.960136217948718,0.9584334935897436,0.961738782051282,0.961738782051282,0.9602363782051282,0.9615384615384616,0.9579326923076923,0.9654447115384616,0.960136217948718,0.9616386217948718,0.9622395833333334
242,0.9636418269230769,0.9602363782051282,0.960136217948718,0.9608373397435898,0.9553285256410257,0.8676883012820513,0.7059294871794872,0.8233173076923077,0.7124399038461539,0.6758814102564102,0.9420072115384616,0.9559294871794872,0.9553285256410257,0.9595352564102564,0.9559294871794872,0.9621394230769231,0.9591346153846154,0.9599358974358975,0.9576322115384616,0.9595352564102564,0.9586338141025641,0.9620392628205128,0.9620392628205128,0.9602363782051282,0.9638421474358975,0.9574318910256411,0.9620392628205128,0.9606370192307693,0.9607371794871795,0.9629407051282052
243,0.9597355769230769,0.9586338141025641,0.9591346153846154,0.9594350961538461,0.9582331730769231,0.8675881410256411,0.6605568910256411,0.8498597756410257,0.7801482371794872,0.6558493589743589,0.9391025641025641,0.9554286858974359,0.9541266025641025,0.9597355769230769,0.9591346153846154,0.9605368589743589,0.9568309294871795,0.9632411858974359,0.9565304487179487,0.9589342948717948,0.9608373397435898,0.960136217948718,0.9615384615384616,0.9613381410256411,0.9622395833333334,0.9533253205128205,0.964042467948718,0.9614383012820513,0.9588341346153846,0.9622395833333334
244,0.9613381410256411,0.9576322115384616,0.9585336538461539,0.9565304487179487,0.9565304487179487,0.8814102564102564,0.6419270833333334,0.8040865384615384,0.7342748397435898,0.6382211538461539,0.9446113782051282,0.9574318910256411,0.9552283653846154,0.9608373397435898,0.9555288461538461,0.9608373397435898,0.9593349358974359,0.9641426282051282,0.9559294871794872,0.9589342948717948,0.961738782051282,0.9622395833333334,0.9602363782051282,0.9613381410256411,0.9614383012820513,0.9542267628205128,0.9566306089743589,0.9597355769230769,0.9631410256410257,0.9635416666666666
245,0.9522235576923077,0.9609375,0.9585336538461539,0.9588341346153846,0.9573317307692307,0.8743990384615384,0.6948116987179487,0.8518629807692307,0.7682291666666666,0.6502403846153846,0.9463141025641025,0.9579326923076923,0.9532251602564102,0.9620392628205128,0.9582331730769231,0.9607371794871795,0.9623397435897436,0.9616386217948718,0.9573317307692307,0.9600360576923077,0.9623397435897436,0.9634415064102564,0.9593349358974359,0.9590344551282052,0.9622395833333334,0.9548277243589743,0.9638421474358975,0.961738782051282,0.9582331730769231,0.9639423076923077
246,0.961738782051282,0.9606370192307693,0.9575320512820513,0.9582331730769231,0.9552283653846154,0.8832131410256411,0.6964142628205128,0.8604767628205128,0.7191506410256411,0.5028044871794872,0.9402043269230769,0.9582331730769231,0.956229967948718,0.9603365384615384,0.9551282051282052,0.9613381410256411,0.9628405448717948,0.9596354166666666,0.9556290064102564,0.9607371794871795,0.9616386217948718,0.9635416666666666,0.9632411858974359,0.9604366987179487,0.9622395833333334,0.9558293269230769,0.9620392628205128,0.9572315705128205,0.9613381410256411,0.964042467948718
247,0.9625400641025641,0.9607371794871795,0.9619391025641025,0.9584334935897436,0.9572315705128205,0.8849158653846154,0.6685697115384616,0.7534054487179487,0.7832532051282052,0.76171875,0.9441105769230769,0.9563301282051282,0.9553285256410257,0.9582331730769231,0.9584334935897436,0.9610376602564102,0.9582331730769231,0.9586338141025641,0.9549278846153846,0.9622395833333334,0.9632411858974359,0.9607371794871795,0.9630408653846154,0.9599358974358975,0.9623397435897436,0.9554286858974359,0.9612379807692307,0.9600360576923077,0.9620392628205128,0.9611378205128205
248,0.9579326923076923,0.9609375,0.9588341346153846,0.9593349358974359,0.9579326923076923,0.885917467948718,0.5864383012820513,0.8596754807692307,0.8147035256410257,0.7115384615384616,0.9443108974358975,0.9577323717948718,0.9548277243589743,0.9593349358974359,0.9579326923076923,0.9585336538461539,0.9589342948717948,0.9613381410256411,0.9557291666666666,0.9569310897435898,0.9611378205128205,0.9611378205128205,0.9644431089743589,0.9589342948717948,0.9592347756410257,0.9574318910256411,0.965645032051282,0.9536258012820513,0.9638421474358975,0.9619391025641025
249,0.9595352564102564,0.9610376602564102,0.9614383012820513,0.9588341346153846,0.9582331730769231,0.859375,0.6374198717948718,0.8634815705128205,0.8270232371794872,0.7439903846153846,0.9464142628205128,0.9563301282051282,0.9588341346153846,0.9600360576923077,0.9575320512820513,0.9602363782051282,0.9589342948717948,0.9623397435897436,0.9573317307692307,0.9598357371794872,0.9599358974358975,0.9596354166666666,0.9633413461538461,0.9624399038461539,0.9645432692307693,0.9565304487179487,0.9637419871794872,0.9590344551282052,0.9603365384615384,0.9638421474358975
250,0.9623397435897436,0.9621394230769231,0.9599358974358975,0.9596354166666666,0.9583333333333334,0.8760016025641025,0.653145032051282,0.8308293269230769,0.7713341346153846,0.7766426282051282,0.9415064102564102,0.9550280448717948,0.9593349358974359,0.9620392628205128,0.9583333333333334,0.9634415064102564,0.9618389423076923,0.9629407051282052,0.9538261217948718,0.9599358974358975,0.9609375,0.9613381410256411,0.9613381410256411,0.9616386217948718,0.9610376602564102,0.9581330128205128,0.9624399038461539,0.9610376602564102,0.9620392628205128,0.9630408653846154
251,0.9624399038461539,0.9618389423076923,0.9588341346153846,0.9598357371794872,0.9594350961538461,0.8812099358974359,0.6480368589743589,0.8783052884615384,0.8280248397435898,0.7946714743589743,0.9434094551282052,0.9561298076923077,0.9592347756410257,0.9619391025641025,0.9626402243589743,0.9610376602564102,0.9547275641025641,0.9620392628205128,0.9561298076923077,0.9624399038461539,0.9611378205128205,0.9582331730769231,0.9629407051282052,0.9603365384615384,0.9639423076923077,0.9582331730769231,0.9629407051282052,0.9588341346153846,0.9629407051282052,0.9624399038461539
252,0.9603365384615384,0.9609375,0.9625400641025641,0.9594350961538461,0.9583333333333334,0.8933293269230769,0.7849559294871795,0.8620793269230769,0.8290264423076923,0.6633613782051282,0.9438100961538461,0.9572315705128205,0.9551282051282052,0.9615384615384616,0.9620392628205128,0.9618389423076923,0.9615384615384616,0.9611378205128205,0.956229967948718,0.9571314102564102,0.9633413461538461,0.9633413461538461,0.9642427884615384,0.9607371794871795,0.9624399038461539,0.9595352564102564,0.9663461538461539,0.9606370192307693,0.9622395833333334,0.9630408653846154
253,0.9654447115384616,0.9625400641025641,0.9613381410256411,0.9603365384615384,0.9587339743589743,0.8900240384615384,0.8029847756410257,0.8693910256410257,0.7779447115384616,0.7552083333333334,0.9450120192307693,0.9569310897435898,0.9553285256410257,0.9627403846153846,0.9614383012820513,0.9595352564102564,0.9600360576923077,0.9620392628205128,0.9527243589743589,0.9580328525641025,0.9621394230769231,0.9622395833333334,0.9627403846153846,0.960136217948718,0.9635416666666666,0.9589342948717948,0.9599358974358975,0.9581330128205128,0.9649439102564102,0.9636418269230769
254,0.9605368589743589,0.9625400641025641,0.9621394230769231,0.9598357371794872,0.9599358974358975,0.8943309294871795,0.7451923076923077,0.8725961538461539,0.8327323717948718,0.6035657051282052,0.9359975961538461,0.9551282051282052,0.9585336538461539,0.9621394230769231,0.9600360576923077,0.9619391025641025,0.9614383012820513,0.9629407051282052,0.9547275641025641,0.9598357371794872,0.9641426282051282,0.9625400641025641,0.9644431089743589,0.9591346153846154,0.9635416666666666,0.9577323717948718,0.9649439102564102,0.9604366987179487,0.9639423076923077,0.9639423076923077
255,0.9637419871794872,0.9613381410256411,0.9605368589743589,0.9607371794871795,0.9569310897435898,0.8858173076923077,0.8097956730769231,0.8840144230769231,0.8284254807692307,0.7629206730769231,0.9448116987179487,0.9574318910256411,0.9557291666666666,0.9619391025641025,0.9607371794871795,0.9628405448717948,0.9613381410256411,0.9635416666666666,0.9559294871794872,0.9623397435897436,0.9638421474358975,0.9633413461538461,0.9639423076923077,0.9558293269230769,0.9636418269230769,0.9559294871794872,0.9647435897435898,0.9615384615384616,0.9609375,0.964042467948718
256,0.9628405448717948,0.9614383012820513,0.9624399038461539,0.9618389423076923,0.9550280448717948,0.8920272435897436,0.8073918269230769,0.8757011217948718,0.8405448717948718,0.7942708333333334,0.9418068910256411,0.9565304487179487,0.9567307692307693,0.9627403846153846,0.9599358974358975,0.9633413461538461,0.9622395833333334,0.9615384615384616,0.95703125,0.9602363782051282,0.9634415064102564,0.9624399038461539,0.9633413461538461,0.9612379807692307,0.964042467948718,0.9571314102564102,0.9664463141025641,0.9623397435897436,0.9610376602564102,0.9642427884615384
257,0.9590344551282052,0.9606370192307693,0.964042467948718,0.9598357371794872,0.957832532051282,0.8972355769230769,0.7797475961538461,0.8866185897435898,0.8549679487179487,0.7995793269230769,0.9432091346153846,0.9556290064102564,0.9567307692307693,0.9615384615384616,0.9618389423076923,0.9625400641025641,0.9598357371794872,0.9642427884615384,0.9577323717948718,0.9605368589743589,0.9644431089743589,0.9620392628205128,0.9610376602564102,0.9608373397435898,0.9624399038461539,0.957832532051282,0.9633413461538461,0.9610376602564102,0.9622395833333334,0.9625400641025641
258,0.961738782051282,0.9623397435897436,0.9622395833333334,0.960136217948718,0.9582331730769231,0.8897235576923077,0.8342347756410257,0.8860176282051282,0.8565705128205128,0.8037860576923077,0.9458133012820513,0.9566306089743589,0.9576322115384616,0.9620392628205128,0.9563301282051282,0.9633413461538461,0.9593349358974359,0.9649439102564102,0.9560296474358975,0.9602363782051282,0.9632411858974359,0.9631410256410257,0.9626402243589743,0.9615384615384616,0.9618389423076923,0.9555288461538461,0.9667467948717948,0.9615384615384616,0.9619391025641025,0.9631410256410257
259,0.9602363782051282,0.9619391025641025,0.9609375,0.9624399038461539,0.9587339743589743,0.8987379807692307,0.7109375,0.8822115384615384,0.846854967948718,0.7861578525641025,0.9425080128205128,0.9583333333333334,0.9586338141025641,0.9606370192307693,0.9597355769230769,0.9599358974358975,0.9612379807692307,0.961738782051282,0.9564302884615384,0.960136217948718,0.9641426282051282,0.9635416666666666,0.9647435897435898,0.9602363782051282,0.9649439102564102,0.9572315705128205,0.9639423076923077,0.9613381410256411,0.9639423076923077,0.9629407051282052
260,0.9610376602564102,0.9634415064102564,0.9611378205128205,0.9607371794871795,0.9561298076923077,0.8989383012820513,0.8309294871794872,0.8851161858974359,0.8639823717948718,0.7449919871794872,0.9443108974358975,0.9589342948717948,0.9599358974358975,0.9567307692307693,0.9610376602564102,0.9646434294871795,0.9603365384615384,0.9590344551282052,0.9561298076923077,0.9588341346153846,0.9627403846153846,0.9548277243589743,0.9628405448717948,0.9616386217948718,0.9614383012820513,0.9568309294871795,0.9647435897435898,0.9644431089743589,0.953125,0.9626402243589743
261,0.9603365384615384,0.9628405448717948,0.9618389423076923,0.9619391025641025,0.9579326923076923,0.8963341346153846,0.09575320512820513,0.8929286858974359,0.8522636217948718,0.83203125,0.9457131410256411,0.9550280448717948,0.957832532051282,0.9581330128205128,0.9616386217948718,0.9634415064102564,0.9590344551282052,0.9629407051282052,0.9567307692307693,0.9607371794871795,0.9625400641025641,0.9631410256410257,0.9641426282051282,0.9628405448717948,0.9637419871794872,0.9555288461538461,0.9642427884615384,0.9624399038461539,0.9606370192307693,0.9627403846153846
262,0.9610376602564102,0.9619391025641025,0.9602363782051282,0.9603365384615384,0.9585336538461539,0.9006410256410257,0.12419871794871795,0.8947315705128205,0.8511618589743589,0.8356370192307693,0.9473157051282052,0.960136217948718,0.9604366987179487,0.9626402243589743,0.9605368589743589,0.9635416666666666,0.9603365384615384,0.9632411858974359,0.9535256410256411,0.9598357371794872,0.9633413461538461,0.9643429487179487,0.964042467948718,0.9591346153846154,0.9618389423076923,0.9548277243589743,0.9676482371794872,0.9605368589743589,0.9627403846153846,0.9622395833333334
263,0.9647435897435898,0.9623397435897436,0.9610376602564102,0.9618389423076923,0.9586338141025641,0.8994391025641025,0.18629807692307693,0.9018429487179487,0.8403445512820513,0.8487580128205128,0.9429086538461539,0.9577323717948718,0.9591346153846154,0.9626402243589743,0.9588341346153846,0.96484375,0.9598357371794872,0.9588341346153846,0.9556290064102564,0.95703125,0.9626402243589743,0.9626402243589743,0.9639423076923077,0.9615384615384616,0.9614383012820513,0.9567307692307693,0.9668469551282052,0.9609375,0.9596354166666666,0.9610376602564102
264,0.9596354166666666,0.9633413461538461,0.9631410256410257,0.9606370192307693,0.9577323717948718,0.9084535256410257,0.2116386217948718,0.90234375,0.87109375,0.8544671474358975,0.9437099358974359,0.9565304487179487,0.9609375,0.9634415064102564,0.9616386217948718,0.9638421474358975,0.9595352564102564,0.9625400641025641,0.9556290064102564,0.9602363782051282,0.9614383012820513,0.9623397435897436,0.9632411858974359,0.9621394230769231,0.9641426282051282,0.9555288461538461,0.9675480769230769,0.9604366987179487,0.9628405448717948,0.9626402243589743
265,0.9638421474358975,0.9632411858974359,0.9623397435897436,0.9600360576923077,0.9584334935897436,0.9041466346153846,0.33313301282051283,0.8817107371794872,0.7779447115384616,0.8584735576923077,0.9494190705128205,0.9572315705128205,0.9588341346153846,0.9593349358974359,0.9587339743589743,0.9610376602564102,0.9613381410256411,0.9639423076923077,0.9568309294871795,0.9596354166666666,0.9633413461538461,0.9594350961538461,0.9641426282051282,0.9585336538461539,0.9669471153846154,0.9575320512820513,0.9669471153846154,0.9587339743589743,0.9639423076923077,0.9621394230769231
266,0.9641426282051282,0.9645432692307693,0.9611378205128205,0.9583333333333334,0.9580328525641025,0.9091546474358975,0.49849759615384615,0.8962339743589743,0.8638822115384616,0.8627804487179487,0.9483173076923077,0.9587339743589743,0.9604366987179487,0.9635416666666666,0.9607371794871795,0.9608373397435898,0.9606370192307693,0.9627403846153846,0.9584334935897436,0.9612379807692307,0.9622395833333334,0.9619391025641025,0.9590344551282052,0.952323717948718,0.9663461538461539,0.9591346153846154,0.9664463141025641,0.9607371794871795,0.9654447115384616,0.9618389423076923
267,0.9641426282051282,0.96484375,0.9627403846153846,0.9589342948717948,0.9582331730769231,0.9156650641025641,0.45853365384615385,0.8912259615384616,0.8807091346153846,0.8713942307692307,0.9487179487179487,0.9585336538461539,0.9606370192307693,0.9632411858974359,0.961738782051282,0.9624399038461539,0.9613381410256411,0.9627403846153846,0.9574318910256411,0.9620392628205128,0.9599358974358975,0.9607371794871795,0.9632411858974359,0.9602363782051282,0.965645032051282,0.9564302884615384,0.9662459935897436,0.9635416666666666,0.9638421474358975,0.9624399038461539
268,0.9655448717948718,0.9654447115384616,0.9629407051282052,0.9582331730769231,0.9583333333333334,0.9129607371794872,0.36328125,0.8904246794871795,0.8814102564102564,0.8448517628205128,0.9485176282051282,0.9586338141025641,0.9604366987179487,0.9605368589743589,0.9597355769230769,0.9620392628205128,0.9611378205128205,0.9620392628205128,0.956229967948718,0.961738782051282,0.9650440705128205,0.9630408653846154,0.9646434294871795,0.9590344551282052,0.9662459935897436,0.9595352564102564,0.9645432692307693,0.9615384615384616,0.9643429487179487,0.9626402243589743
269,0.9655448717948718,0.9635416666666666,0.9628405448717948,0.9567307692307693,0.9597355769230769,0.9107572115384616,0.5145232371794872,0.9046474358974359,0.8852163461538461,0.870292467948718,0.9476161858974359,0.9590344551282052,0.9598357371794872,0.9616386217948718,0.9597355769230769,0.9605368589743589,0.9608373397435898,0.9599358974358975,0.9541266025641025,0.9547275641025641,0.9612379807692307,0.9619391025641025,0.9626402243589743,0.9603365384615384,0.9654447115384616,0.9608373397435898,0.9633413461538461,0.9629407051282052,0.9645432692307693,0.961738782051282
270,0.9655448717948718,0.9651442307692307,0.9596354166666666,0.9614383012820513,0.9572315705128205,0.9185697115384616,0.600761217948718,0.9060496794871795,0.8755008012820513,0.8724959935897436,0.9460136217948718,0.9593349358974359,0.9591346153846154,0.9632411858974359,0.9607371794871795,0.9614383012820513,0.9612379807692307,0.9626402243589743,0.9576322115384616,0.9614383012820513,0.9655448717948718,0.9599358974358975,0.9628405448717948,0.9627403846153846,0.9638421474358975,0.9574318910256411,0.9667467948717948,0.9625400641025641,0.9632411858974359,0.961738782051282
271,0.9651442307692307,0.9634415064102564,0.9612379807692307,0.9615384615384616,0.95703125,0.9152644230769231,0.5869391025641025,0.08914262820512821,0.1031650641025641,0.08914262820512821,0.9501201923076923,0.957832532051282,0.9622395833333334,0.9598357371794872,0.9624399038461539,0.9626402243589743,0.9614383012820513,0.9611378205128205,0.957832532051282,0.9618389423076923,0.9637419871794872,0.9625400641025641,0.9632411858974359,0.9621394230769231,0.9651442307692307,0.9581330128205128,0.965645032051282,0.9638421474358975,0.9632411858974359,0.9607371794871795
272,0.9630408653846154,0.9623397435897436,0.9616386217948718,0.9595352564102564,0.9556290064102564,0.9205729166666666,0.6368189102564102,0.12890625,0.20532852564102563,0.11538461538461539,0.9464142628205128,0.9574318910256411,0.9612379807692307,0.9639423076923077,0.9597355769230769,0.9626402243589743,0.9603365384615384,0.9620392628205128,0.9573317307692307,0.9623397435897436,0.964042467948718,0.9629407051282052,0.9638421474358975,0.9626402243589743,0.9635416666666666,0.956229967948718,0.9669471153846154,0.9631410256410257,0.9632411858974359,0.9627403846153846
273,0.9644431089743589,0.9603365384615384,0.9616386217948718,0.9609375,0.9597355769230769,0.9193709935897436,0.5728165064102564,0.25560897435897434,0.29907852564102566,0.10476762820512821,0.9488181089743589,0.9577323717948718,0.9602363782051282,0.9623397435897436,0.9573317307692307,0.9620392628205128,0.9600360576923077,0.9621394230769231,0.9561298076923077,0.9567307692307693,0.9645432692307693,0.964042467948718,0.9615384615384616,0.964042467948718,0.964042467948718,0.9544270833333334,0.9665464743589743,0.9630408653846154,0.9631410256410257,0.9633413461538461
274,0.9635416666666666,0.9619391025641025,0.95703125,0.9579326923076923,0.9574318910256411,0.9227764423076923,0.5533854166666666,0.1856971153846154,0.34314903846153844,0.23547676282051283,0.9470152243589743,0.9580328525641025,0.960136217948718,0.9631410256410257,0.9595352564102564,0.9619391025641025,0.9600360576923077,0.9644431089743589,0.9558293269230769,0.9596354166666666,0.9647435897435898,0.9613381410256411,0.9625400641025641,0.9624399038461539,0.9626402243589743,0.9596354166666666,0.9658453525641025,0.9637419871794872,0.9625400641025641,0.9616386217948718
275,0.965645032051282,0.9626402243589743,0.9624399038461539,0.9584334935897436,0.9546274038461539,0.9190705128205128,0.6501402243589743,0.41326121794871795,0.20002003205128205,0.38491586538461536,0.9473157051282052,0.9585336538461539,0.9582331730769231,0.9591346153846154,0.9592347756410257,0.9644431089743589,0.960136217948718,0.9644431089743589,0.9554286858974359,0.9626402243589743,0.9633413461538461,0.9635416666666666,0.9631410256410257,0.9630408653846154,0.9618389423076923,0.9583333333333334,0.96875,0.9621394230769231,0.9660456730769231,0.9642427884615384
276,0.9646434294871795,0.9630408653846154,0.9608373397435898,0.9602363782051282,0.9596354166666666,0.924979967948718,0.5279447115384616,0.355869391025641,0.5516826923076923,0.3821113782051282,0.9474158653846154,0.9607371794871795,0.960136217948718,0.9607371794871795,0.9596354166666666,0.9618389423076923,0.9605368589743589,0.9632411858974359,0.9566306089743589,0.9608373397435898,0.9632411858974359,0.9630408653846154,0.9625400641025641,0.9624399038461539,0.9611378205128205,0.9585336538461539,0.9647435897435898,0.9603365384615384,0.9651442307692307,0.9658453525641025
277,0.9629407051282052,0.9637419871794872,0.9626402243589743,0.9618389423076923,0.9553285256410257,0.921875,0.6698717948717948,0.4053485576923077,0.4885817307692308,0.5442708333333334,0.9474158653846154,0.9599358974358975,0.9629407051282052,0.9631410256410257,0.9580328525641025,0.9634415064102564,0.9611378205128205,0.9643429487179487,0.9567307692307693,0.9625400641025641,0.9652443910256411,0.961738782051282,0.9642427884615384,0.9624399038461539,0.9631410256410257,0.9603365384615384,0.9658453525641025,0.9620392628205128,0.9634415064102564,0.9626402243589743
278,0.9665464743589743,0.9639423076923077,0.9622395833333334,0.9604366987179487,0.9588341346153846,0.9162660256410257,0.7193509615384616,0.5401642628205128,0.45102163461538464,0.5848357371794872,0.9509214743589743,0.960136217948718,0.9626402243589743,0.9533253205128205,0.9613381410256411,0.9624399038461539,0.9609375,0.9636418269230769,0.9553285256410257,0.9621394230769231,0.9598357371794872,0.9635416666666666,0.9641426282051282,0.9606370192307693,0.9632411858974359,0.9609375,0.9670472756410257,0.9612379807692307,0.9646434294871795,0.9657451923076923
279,0.9653445512820513,0.964042467948718,0.9622395833333334,0.9581330128205128,0.9567307692307693,0.9256810897435898,0.7433894230769231,0.5682091346153846,0.6243990384615384,0.4911858974358974,0.9514222756410257,0.9633413461538461,0.9607371794871795,0.9577323717948718,0.9591346153846154,0.9655448717948718,0.9599358974358975,0.965645032051282,0.9583333333333334,0.9506209935897436,0.9636418269230769,0.9625400641025641,0.9651442307692307,0.9603365384615384,0.9636418269230769,0.9580328525641025,0.9661458333333334,0.9627403846153846,0.9636418269230769,0.9637419871794872
280,0.9631410256410257,0.96484375,0.9623397435897436,0.9522235576923077,0.9593349358974359,0.9298878205128205,0.7642227564102564,0.5811298076923077,0.5894431089743589,0.6280048076923077,0.9504206730769231,0.9611378205128205,0.9616386217948718,0.9621394230769231,0.9609375,0.9634415064102564,0.9625400641025641,0.9639423076923077,0.9522235576923077,0.9643429487179487,0.9642427884615384,0.9625400641025641,0.9652443910256411,0.9607371794871795,0.9652443910256411,0.9515224358974359,0.9683493589743589,0.9634415064102564,0.9645432692307693,0.9632411858974359
281,0.9638421474358975,0.9646434294871795,0.961738782051282,0.9589342948717948,0.9567307692307693,0.9204727564102564,0.6361177884615384,0.6555488782051282,0.6352163461538461,0.6401241987179487,0.9514222756410257,0.9597355769230769,0.9605368589743589,0.9626402243589743,0.9610376602564102,0.9636418269230769,0.9623397435897436,0.9625400641025641,0.9581330128205128,0.9632411858974359,0.9642427884615384,0.9645432692307693,0.9643429487179487,0.9607371794871795,0.9652443910256411,0.9574318910256411,0.9683493589743589,0.9624399038461539,0.9631410256410257,0.9625400641025641
282,0.964042467948718,0.9652443910256411,0.9595352564102564,0.9599358974358975,0.9505208333333334,0.9235777243589743,0.7702323717948718,0.5266426282051282,0.6190905448717948,0.49849759615384615,0.9450120192307693,0.9606370192307693,0.9604366987179487,0.9646434294871795,0.9625400641025641,0.9661458333333334,0.9630408653846154,0.9651442307692307,0.9568309294871795,0.9638421474358975,0.9645432692307693,0.9615384615384616,0.9641426282051282,0.961738782051282,0.9599358974358975,0.9581330128205128,0.9642427884615384,0.9645432692307693,0.9625400641025641,0.9619391025641025
283,0.9623397435897436,0.9626402243589743,0.9611378205128205,0.9606370192307693,0.9581330128205128,0.9260817307692307,0.7816506410256411,0.6507411858974359,0.6815905448717948,0.6610576923076923,0.9521233974358975,0.9629407051282052,0.9612379807692307,0.9608373397435898,0.9624399038461539,0.9621394230769231,0.9624399038461539,0.9637419871794872,0.9558293269230769,0.964042467948718,0.9675480769230769,0.9611378205128205,0.9638421474358975,0.9621394230769231,0.9621394230769231,0.9599358974358975,0.9649439102564102,0.9612379807692307,0.9627403846153846,0.9643429487179487
284,0.9635416666666666,0.9626402243589743,0.9613381410256411,0.9590344551282052,0.9590344551282052,0.9295873397435898,0.6419270833333334,0.6960136217948718,0.5043068910256411,0.6625600961538461,0.9499198717948718,0.9603365384615384,0.9614383012820513,0.9605368589743589,0.9609375,0.964042467948718,0.9625400641025641,0.96484375,0.9569310897435898,0.9644431089743589,0.9663461538461539,0.9630408653846154,0.9658453525641025,0.9643429487179487,0.9632411858974359,0.9603365384615384,0.9610376602564102,0.9614383012820513,0.9627403846153846,0.9621394230769231
285,0.9646434294871795,0.9615384615384616,0.9596354166666666,0.9618389423076923,0.9602363782051282,0.9267828525641025,0.768729967948718,0.672676282051282,0.5596955128205128,0.6672676282051282,0.9521233974358975,0.960136217948718,0.9633413461538461,0.9614383012820513,0.9596354166666666,0.9624399038461539,0.9608373397435898,0.9634415064102564,0.9561298076923077,0.9645432692307693,0.9652443910256411,0.9599358974358975,0.9646434294871795,0.9596354166666666,0.9654447115384616,0.9610376602564102,0.9665464743589743,0.9633413461538461,0.9634415064102564,0.9652443910256411
286,0.9645432692307693,0.9645432692307693,0.9607371794871795,0.9599358974358975,0.9560296474358975,0.9246794871794872,0.7907652243589743,0.7519030448717948,0.5583934294871795,0.7339743589743589,0.9508213141025641,0.9615384615384616,0.9622395833333334,0.9607371794871795,0.9626402243589743,0.9634415064102564,0.961738782051282,0.9655448717948718,0.95703125,0.9631410256410257,0.9659455128205128,0.9615384615384616,0.9637419871794872,0.9626402243589743,0.9666466346153846,0.9575320512820513,0.9683493589743589,0.9618389423076923,0.9644431089743589,0.9652443910256411
287,0.9660456730769231,0.9646434294871795,0.9593349358974359,0.9586338141025641,0.9585336538461539,0.9314903846153846,0.7987780448717948,0.6444310897435898,0.7056290064102564,0.6377203525641025,0.9522235576923077,0.9610376602564102,0.9581330128205128,0.9605368589743589,0.9633413461538461,0.96484375,0.9607371794871795,0.9650440705128205,0.9583333333333334,0.9651442307692307,0.9645432692307693,0.9619391025641025,0.9638421474358975,0.9621394230769231,0.9659455128205128,0.9595352564102564,0.9619391025641025,0.9613381410256411,0.9628405448717948,0.9652443910256411
288,0.9619391025641025,0.9620392628205128,0.9599358974358975,0.9583333333333334,0.9583333333333334,0.9300881410256411,0.8315304487179487,0.676582532051282,0.6933092948717948,0.7392828525641025,0.9542267628205128,0.9596354166666666,0.9607371794871795,0.961738782051282,0.9638421474358975,0.9631410256410257,0.9581330128205128,0.9659455128205128,0.9575320512820513,0.9652443910256411,0.9651442307692307,0.9624399038461539,0.9650440705128205,0.9625400641025641,0.9659455128205128,0.9589342948717948,0.9653445512820513,0.9628405448717948,0.9653445512820513,0.961738782051282
289,0.9623397435897436,0.9622395833333334,0.9595352564102564,0.9585336538461539,0.9599358974358975,0.9301883012820513,0.8454527243589743,0.5704126602564102,0.6545472756410257,0.7596153846153846,0.9522235576923077,0.957832532051282,0.9622395833333334,0.9580328525641025,0.9614383012820513,0.9596354166666666,0.9627403846153846,0.9657451923076923,0.9532251602564102,0.9612379807692307,0.9637419871794872,0.9627403846153846,0.9615384615384616,0.9597355769230769,0.9666466346153846,0.9585336538461539,0.9677483974358975,0.9633413461538461,0.9635416666666666,0.9643429487179487
290,0.9647435897435898,0.9631410256410257,0.9588341346153846,0.9572315705128205,0.9599358974358975,0.9320913461538461,0.8412459935897436,0.7555088141025641,0.7622195512820513,0.7472956730769231,0.9517227564102564,0.9607371794871795,0.9618389423076923,0.9559294871794872,0.9622395833333334,0.9634415064102564,0.9614383012820513,0.9642427884615384,0.9574318910256411,0.965645032051282,0.9639423076923077,0.9621394230769231,0.9609375,0.9604366987179487,0.965645032051282,0.9572315705128205,0.9638421474358975,0.9632411858974359,0.9632411858974359,0.9637419871794872
291,0.9657451923076923,0.964042467948718,0.9626402243589743,0.9515224358974359,0.9595352564102564,0.9310897435897436,0.8166065705128205,0.6592548076923077,0.7557091346153846,0.7412860576923077,0.9549278846153846,0.960136217948718,0.9619391025641025,0.9631410256410257,0.9627403846153846,0.9643429487179487,0.9627403846153846,0.9652443910256411,0.9596354166666666,0.9641426282051282,0.9657451923076923,0.9628405448717948,0.964042467948718,0.9623397435897436,0.9630408653846154,0.9598357371794872,0.9634415064102564,0.9641426282051282,0.9634415064102564,0.9641426282051282
292,0.9631410256410257,0.9638421474358975,0.9628405448717948,0.9618389423076923,0.9624399038461539,0.9326923076923077,0.8386418269230769,0.8101963141025641,0.6913060897435898,0.801582532051282,0.9521233974358975,0.9620392628205128,0.9607371794871795,0.9625400641025641,0.9633413461538461,0.9605368589743589,0.9607371794871795,0.9657451923076923,0.9573317307692307,0.9646434294871795,0.9631410256410257,0.9646434294871795,0.9647435897435898,0.9632411858974359,0.9597355769230769,0.9571314102564102,0.9665464743589743,0.9602363782051282,0.9664463141025641,0.9650440705128205
293,0.9632411858974359,0.9647435897435898,0.9597355769230769,0.9622395833333334,0.9600360576923077,0.9332932692307693,0.8332331730769231,0.694511217948718,0.7797475961538461,0.8018830128205128,0.9560296474358975,0.9548277243589743,0.9605368589743589,0.9621394230769231,0.9621394230769231,0.9620392628205128,0.9629407051282052,0.9647435897435898,0.9569310897435898,0.9651442307692307,0.9647435897435898,0.9632411858974359,0.9664463141025641,0.9628405448717948,0.9649439102564102,0.9587339743589743,0.9663461538461539,0.9618389423076923,0.9621394230769231,0.9659455128205128
294,0.9627403846153846,0.9638421474358975,0.9625400641025641,0.9621394230769231,0.9594350961538461,0.9305889423076923,0.8511618589743589,0.7632211538461539,0.546875,0.6259014423076923,0.9547275641025641,0.9605368589743589,0.9609375,0.9622395833333334,0.96484375,0.9628405448717948,0.9629407051282052,0.9646434294871795,0.9556290064102564,0.9634415064102564,0.9647435897435898,0.9630408653846154,0.9647435897435898,0.9628405448717948,0.96484375,0.9574318910256411,0.96484375,0.9608373397435898,0.9636418269230769,0.9630408653846154
295,0.9631410256410257,0.9644431089743589,0.9638421474358975,0.9595352564102564,0.9597355769230769,0.9309895833333334,0.8604767628205128,0.7761418269230769,0.7947716346153846,0.8310296474358975,0.9532251602564102,0.9614383012820513,0.9620392628205128,0.961738782051282,0.9631410256410257,0.9613381410256411,0.9626402243589743,0.96484375,0.9581330128205128,0.9642427884615384,0.9662459935897436,0.9627403846153846,0.9628405448717948,0.9632411858974359,0.9641426282051282,0.9573317307692307,0.9632411858974359,0.9598357371794872,0.9628405448717948,0.9653445512820513
296,0.965645032051282,0.9659455128205128,0.9621394230769231,0.9604366987179487,0.9611378205128205,0.9365985576923077,0.8533653846153846,0.8065905448717948,0.7848557692307693,0.7523036858974359,0.9545272435897436,0.9590344551282052,0.9595352564102564,0.961738782051282,0.9599358974358975,0.9636418269230769,0.9614383012820513,0.9660456730769231,0.9564302884615384,0.9641426282051282,0.9663461538461539,0.9635416666666666,0.9631410256410257,0.9613381410256411,0.9646434294871795,0.9599358974358975,0.9657451923076923,0.9627403846153846,0.9639423076923077,0.9655448717948718
297,0.9670472756410257,0.9642427884615384,0.9614383012820513,0.9624399038461539,0.960136217948718,0.9319911858974359,0.8652844551282052,0.8082932692307693,0.8135016025641025,0.746895032051282,0.9542267628205128,0.9616386217948718,0.95703125,0.9634415064102564,0.9626402243589743,0.9624399038461539,0.9610376602564102,0.9653445512820513,0.9576322115384616,0.9622395833333334,0.9651442307692307,0.9645432692307693,0.9637419871794872,0.9615384615384616,0.9649439102564102,0.9567307692307693,0.9660456730769231,0.9658453525641025,0.9660456730769231,0.9659455128205128
298,0.9659455128205128,0.9646434294871795,0.9633413461538461,0.9612379807692307,0.9607371794871795,0.9293870192307693,0.8628806089743589,0.8091947115384616,0.8262219551282052,0.5353565705128205,0.9502203525641025,0.9561298076923077,0.9606370192307693,0.9597355769230769,0.9642427884615384,0.9631410256410257,0.9614383012820513,0.9649439102564102,0.956229967948718,0.9641426282051282,0.9647435897435898,0.9652443910256411,0.9638421474358975,0.9614383012820513,0.9665464743589743,0.9586338141025641,0.9658453525641025,0.961738782051282,0.9657451923076923,0.9677483974358975
299,0.9651442307692307,0.9643429487179487,0.9641426282051282,0.9593349358974359,0.9612379807692307,0.9364983974358975,0.8691907051282052,0.7799479166666666,0.8055889423076923,0.10096153846153846,0.9521233974358975,0.9618389423076923,0.9621394230769231,0.9616386217948718,0.9628405448717948,0.9635416666666666,0.9614383012820513,0.9637419871794872,0.9585336538461539,0.9654447115384616,0.9664463141025641,0.9647435897435898,0.9653445512820513,0.9613381410256411,0.9669471153846154,0.9595352564102564,0.9666466346153846,0.9637419871794872,0.9642427884615384,0.9657451923076923
300,0.9661458333333334,0.9652443910256411,0.9627403846153846,0.9612379807692307,0.9614383012820513,0.9356971153846154,0.8722956730769231,0.11348157051282051,0.7836538461538461,0.18810096153846154,0.9532251602564102,0.9590344551282052,0.9621394230769231,0.9610376602564102,0.9624399038461539,0.9639423076923077,0.9594350961538461,0.9618389423076923,0.957832532051282,0.965645032051282,0.9672475961538461,0.9645432692307693,0.9607371794871795,0.9610376602564102,0.9657451923076923,0.9552283653846154,0.9676482371794872,0.9629407051282052,0.9619391025641025,0.9661458333333334
301,0.9631410256410257,0.9672475961538461,0.9643429487179487,0.9602363782051282,0.961738782051282,0.9405048076923077,0.8559695512820513,0.1794871794871795,0.8371394230769231,0.2926682692307692,0.953926282051282,0.9600360576923077,0.9638421474358975,0.9634415064102564,0.9641426282051282,0.9625400641025641,0.9611378205128205,0.9628405448717948,0.9587339743589743,0.9628405448717948,0.96484375,0.9645432692307693,0.9630408653846154,0.9576322115384616,0.9661458333333334,0.9561298076923077,0.9661458333333334,0.9584334935897436,0.9623397435897436,0.965645032051282
302,0.965645032051282,0.9650440705128205,0.9638421474358975,0.9586338141025641,0.9616386217948718,0.9353966346153846,0.864082532051282,0.1720753205128205,0.09805689102564102,0.34685496794871795,0.9540264423076923,0.9596354166666666,0.9634415064102564,0.9598357371794872,0.9633413461538461,0.9609375,0.9627403846153846,0.9642427884615384,0.9595352564102564,0.9631410256410257,0.9659455128205128,0.9646434294871795,0.9657451923076923,0.9608373397435898,0.9643429487179487,0.9593349358974359,0.9684495192307693,0.9624399038461539,0.9664463141025641,0.9662459935897436
303,0.9630408653846154,0.9650440705128205,0.9634415064102564,0.9599358974358975,0.9606370192307693,0.9393028846153846,0.7954727564102564,0.2555088141025641,0.11278044871794872,0.2722355769230769,0.9514222756410257,0.961738782051282,0.9631410256410257,0.9645432692307693,0.9605368589743589,0.9626402243589743,0.9623397435897436,0.9642427884615384,0.9580328525641025,0.9637419871794872,0.9658453525641025,0.9653445512820513,0.964042467948718,0.9621394230769231,0.9674479166666666,0.9574318910256411,0.9651442307692307,0.9611378205128205,0.9643429487179487,0.9659455128205128
304,0.9638421474358975,0.9650440705128205,0.9647435897435898,0.9637419871794872,0.9603365384615384,0.9423076923076923,0.8833133012820513,0.39733573717948717,0.1716746794871795,0.5488782051282052,0.9542267628205128,0.9605368589743589,0.9599358974358975,0.9614383012820513,0.9632411858974359,0.9637419871794872,0.9623397435897436,0.9652443910256411,0.9599358974358975,0.9618389423076923,0.9671474358974359,0.9631410256410257,0.9638421474358975,0.9634415064102564,0.9671474358974359,0.9564302884615384,0.9661458333333334,0.9591346153846154,0.9650440705128205,0.9628405448717948
305,0.9655448717948718,0.9634415064102564,0.96484375,0.961738782051282,0.9607371794871795,0.9402043269230769,0.8759014423076923,0.4502203525641026,0.2603165064102564,0.3974358974358974,0.9561298076923077,0.9600360576923077,0.9636418269230769,0.9621394230769231,0.9639423076923077,0.9627403846153846,0.9603365384615384,0.9662459935897436,0.9597355769230769,0.9643429487179487,0.9674479166666666,0.9639423076923077,0.9630408653846154,0.9586338141025641,0.9643429487179487,0.9572315705128205,0.9654447115384616,0.9614383012820513,0.9651442307692307,0.965645032051282
306,0.9642427884615384,0.9639423076923077,0.9635416666666666,0.9618389423076923,0.9616386217948718,0.9413060897435898,0.8814102564102564,0.38301282051282054,0.37610176282051283,0.6009615384615384,0.9541266025641025,0.9622395833333334,0.961738782051282,0.9604366987179487,0.9644431089743589,0.9634415064102564,0.9630408653846154,0.9661458333333334,0.9581330128205128,0.9607371794871795,0.9647435897435898,0.9627403846153846,0.9639423076923077,0.9588341346153846,0.9659455128205128,0.9556290064102564,0.9664463141025641,0.9616386217948718,0.9641426282051282,0.9665464743589743
307,0.965645032051282,0.9625400641025641,0.9630408653846154,0.9603365384615384,0.960136217948718,0.9418068910256411,0.8887219551282052,0.5375600961538461,0.2948717948717949,0.5914463141025641,0.9534254807692307,0.9614383012820513,0.9630408653846154,0.9613381410256411,0.9644431089743589,0.9645432692307693,0.9642427884615384,0.9661458333333334,0.9565304487179487,0.9609375,0.9653445512820513,0.9629407051282052,0.9647435897435898,0.9623397435897436,0.9657451923076923,0.9586338141025641,0.9668469551282052,0.9577323717948718,0.9666466346153846,0.9654447115384616
308,0.9646434294871795,0.965645032051282,0.9529246794871795,0.9571314102564102,0.9602363782051282,0.9425080128205128,0.8813100961538461,0.5847355769230769,0.4506209935897436,0.6159855769230769,0.9503205128205128,0.9605368589743589,0.9584334935897436,0.9638421474358975,0.9642427884615384,0.9669471153846154,0.9629407051282052,0.9663461538461539,0.9603365384615384,0.9624399038461539,0.9650440705128205,0.9645432692307693,0.9636418269230769,0.9643429487179487,0.9671474358974359,0.9575320512820513,0.9666466346153846,0.9603365384615384,0.9671474358974359,0.9647435897435898
309,0.9660456730769231,0.9616386217948718,0.9592347756410257,0.9595352564102564,0.9619391025641025,0.9429086538461539,0.8764022435897436,0.5461738782051282,0.3694911858974359,0.6496394230769231,0.952323717948718,0.9630408653846154,0.961738782051282,0.9638421474358975,0.9645432692307693,0.9657451923076923,0.9641426282051282,0.96484375,0.9587339743589743,0.9647435897435898,0.9662459935897436,0.9638421474358975,0.9632411858974359,0.9614383012820513,0.9674479166666666,0.9589342948717948,0.9659455128205128,0.9624399038461539,0.969551282051282,0.9625400641025641
310,0.9652443910256411,0.96484375,0.9619391025641025,0.9619391025641025,0.9613381410256411,0.9427083333333334,0.8889222756410257,0.5643028846153846,0.5207331730769231,0.6053685897435898,0.9515224358974359,0.9602363782051282,0.9624399038461539,0.9655448717948718,0.9615384615384616,0.9653445512820513,0.9631410256410257,0.9655448717948718,0.9625400641025641,0.9616386217948718,0.9654447115384616,0.9608373397435898,0.9645432692307693,0.9646434294871795,0.9668469551282052,0.9586338141025641,0.9653445512820513,0.9614383012820513,0.9677483974358975,0.9620392628205128
311,0.9629407051282052,0.96484375,0.9644431089743589,0.9644431089743589,0.9621394230769231,0.9432091346153846,0.8911258012820513,0.6114783653846154,0.5439703525641025,0.6771834935897436,0.9545272435897436,0.9608373397435898,0.9633413461538461,0.964042467948718,0.9642427884615384,0.9645432692307693,0.9622395833333334,0.9646434294871795,0.960136217948718,0.9630408653846154,0.9660456730769231,0.9605368589743589,0.9646434294871795,0.9633413461538461,0.9654447115384616,0.9594350961538461,0.9637419871794872,0.9630408653846154,0.9647435897435898,0.9641426282051282
312,0.9661458333333334,0.9621394230769231,0.9618389423076923,0.9630408653846154,0.9619391025641025,0.9469150641025641,0.8954326923076923,0.6282051282051282,0.4398036858974359,0.6863982371794872,0.9569310897435898,0.9622395833333334,0.961738782051282,0.9623397435897436,0.9628405448717948,0.9641426282051282,0.9600360576923077,0.9649439102564102,0.9616386217948718,0.9632411858974359,0.9658453525641025,0.9608373397435898,0.9638421474358975,0.9651442307692307,0.9675480769230769,0.9599358974358975,0.9657451923076923,0.9636418269230769,0.9658453525641025,0.9645432692307693
313,0.9647435897435898,0.9630408653846154,0.9627403846153846,0.9633413461538461,0.9605368589743589,0.9448116987179487,0.889823717948718,0.6803886217948718,0.667167467948718,0.6384214743589743,0.9591346153846154,0.9624399038461539,0.9623397435897436,0.9644431089743589,0.9627403846153846,0.9609375,0.9639423076923077,0.9618389423076923,0.9555288461538461,0.9642427884615384,0.9663461538461539,0.9631410256410257,0.9639423076923077,0.9611378205128205,0.9653445512820513,0.9595352564102564,0.9658453525641025,0.9614383012820513,0.964042467948718,0.964042467948718
314,0.9667467948717948,0.9639423076923077,0.961738782051282,0.9632411858974359,0.9604366987179487,0.9359975961538461,0.8857171474358975,0.6665665064102564,0.5524839743589743,0.7261618589743589,0.9591346153846154,0.9607371794871795,0.961738782051282,0.9614383012820513,0.9655448717948718,0.9651442307692307,0.9597355769230769,0.9624399038461539,0.9599358974358975,0.9616386217948718,0.9672475961538461,0.9630408653846154,0.9623397435897436,0.9629407051282052,0.9665464743589743,0.9558293269230769,0.9673477564102564,0.9637419871794872,0.9665464743589743,0.9642427884615384
315,0.9674479166666666,0.9632411858974359,0.9636418269230769,0.9627403846153846,0.9571314102564102,0.9463141025641025,0.8974358974358975,0.7022235576923077,0.6166866987179487,0.7388822115384616,0.9563301282051282,0.9623397435897436,0.96484375,0.964042467948718,0.96484375,0.9661458333333334,0.9611378205128205,0.9641426282051282,0.9593349358974359,0.9657451923076923,0.9660456730769231,0.9580328525641025,0.9632411858974359,0.9632411858974359,0.965645032051282,0.9605368589743589,0.9681490384615384,0.9634415064102564,0.9677483974358975,0.9631410256410257
316,0.9624399038461539,0.9547275641025641,0.9630408653846154,0.9632411858974359,0.9619391025641025,0.9449118589743589,0.8882211538461539,0.7537059294871795,0.6087740384615384,0.7615184294871795,0.9549278846153846,0.960136217948718,0.956229967948718,0.9620392628205128,0.9638421474358975,0.9631410256410257,0.9651442307692307,0.9641426282051282,0.9619391025641025,0.9660456730769231,0.9665464743589743,0.961738782051282,0.9651442307692307,0.9645432692307693,0.9646434294871795,0.9599358974358975,0.9667467948717948,0.9643429487179487,0.9673477564102564,0.9619391025641025
317,0.9671474358974359,0.9643429487179487,0.9630408653846154,0.9606370192307693,0.961738782051282,0.9444110576923077,0.8978365384615384,0.7322716346153846,0.7348758012820513,0.7632211538461539,0.956229967948718,0.9634415064102564,0.961738782051282,0.9646434294871795,0.9669471153846154,0.9638421474358975,0.9611378205128205,0.9659455128205128,0.9604366987179487,0.9661458333333334,0.9671474358974359,0.964042467948718,0.9655448717948718,0.9647435897435898,0.9658453525641025,0.9614383012820513,0.9639423076923077,0.9647435897435898,0.9650440705128205,0.96484375
318,0.9666466346153846,0.9647435897435898,0.96484375,0.9628405448717948,0.9603365384615384,0.9399038461538461,0.8662860576923077,0.6979166666666666,0.6615584935897436,0.7934695512820513,0.9587339743589743,0.9644431089743589,0.9645432692307693,0.9642427884615384,0.9662459935897436,0.9645432692307693,0.9615384615384616,0.9602363782051282,0.9619391025641025,0.9658453525641025,0.9672475961538461,0.9650440705128205,0.9653445512820513,0.9654447115384616,0.9663461538461539,0.9600360576923077,0.96875,0.9639423076923077,0.9669471153846154,0.9652443910256411
319,0.9658453525641025,0.9642427884615384,0.9593349358974359,0.9633413461538461,0.9603365384615384,0.9455128205128205,0.879707532051282,0.6165865384615384,0.6862980769230769,0.792167467948718,0.9572315705128205,0.9604366987179487,0.9653445512820513,0.9634415064102564,0.9665464743589743,0.9633413461538461,0.9614383012820513,0.9672475961538461,0.9625400641025641,0.9631410256410257,0.9660456730769231,0.9670472756410257,0.9600360576923077,0.9628405448717948,0.9671474358974359,0.9618389423076923,0.9683493589743589,0.9634415064102564,0.9642427884615384,0.9634415064102564
320,0.9649439102564102,0.9655448717948718,0.9588341346153846,0.9598357371794872,0.9600360576923077,0.9441105769230769,0.8972355769230769,0.7119391025641025,0.7635216346153846,0.6973157051282052,0.9585336538461539,0.9629407051282052,0.9634415064102564,0.9641426282051282,0.9635416666666666,0.96484375,0.9643429487179487,0.9671474358974359,0.9591346153846154,0.965645032051282,0.9637419871794872,0.9635416666666666,0.9638421474358975,0.9633413461538461,0.9655448717948718,0.9607371794871795,0.9684495192307693,0.9634415064102564,0.9653445512820513,0.9666466346153846
321,0.964042467948718,0.9663461538461539,0.9637419871794872,0.9604366987179487,0.960136217948718,0.9490184294871795,0.8932291666666666,0.7318709935897436,0.6815905448717948,0.6767828525641025,0.952323717948718,0.9623397435897436,0.9635416666666666,0.9641426282051282,0.96484375,0.9658453525641025,0.9625400641025641,0.9670472756410257,0.9615384615384616,0.9646434294871795,0.9594350961538461,0.9654447115384616,0.9634415064102564,0.9635416666666666,0.9661458333333334,0.9586338141025641,0.9676482371794872,0.9645432692307693,0.96484375,0.9647435897435898
322,0.964042467948718,0.9664463141025641,0.96484375,0.9618389423076923,0.9608373397435898,0.948417467948718,0.8865184294871795,0.7712339743589743,0.7722355769230769,0.7784455128205128,0.9535256410256411,0.9618389423076923,0.9624399038461539,0.9633413461538461,0.9652443910256411,0.9654447115384616,0.96484375,0.9664463141025641,0.9614383012820513,0.9620392628205128,0.9669471153846154,0.9644431089743589,0.9632411858974359,0.9624399038461539,0.9659455128205128,0.9621394230769231,0.9657451923076923,0.9626402243589743,0.9658453525641025,0.9650440705128205
323,0.9657451923076923,0.9642427884615384,0.9642427884615384,0.9614383012820513,0.9611378205128205,0.9505208333333334,0.8977363782051282,0.7880608974358975,0.7805488782051282,0.8311298076923077,0.9532251602564102,0.9600360576923077,0.9643429487179487,0.9620392628205128,0.9670472756410257,0.9654447115384616,0.9646434294871795,0.9666466346153846,0.9587339743589743,0.9652443910256411,0.9662459935897436,0.9641426282051282,0.9637419871794872,0.9635416666666666,0.9647435897435898,0.9588341346153846,0.965645032051282,0.9641426282051282,0.9663461538461539,0.9667467948717948
324,0.9677483974358975,0.964042467948718,0.964042467948718,0.9621394230769231,0.9602363782051282,0.9441105769230769,0.8950320512820513,0.7717347756410257,0.7753405448717948,0.5840344551282052,0.9560296474358975,0.9621394230769231,0.964042467948718,0.9613381410256411,0.9641426282051282,0.965645032051282,0.9616386217948718,0.9651442307692307,0.961738782051282,0.9630408653846154,0.965645032051282,0.9658453525641025,0.9644431089743589,0.9605368589743589,0.9667467948717948,0.9581330128205128,0.969551282051282,0.9631410256410257,0.9659455128205128,0.9651442307692307
325,0.9660456730769231,0.9624399038461539,0.9639423076923077,0.9614383012820513,0.9606370192307693,0.950020032051282,0.8746995192307693,0.1031650641025641,0.805488782051282,0.15905448717948717,0.9538261217948718,0.9618389423076923,0.9661458333333334,0.9625400641025641,0.9631410256410257,0.9653445512820513,0.9602363782051282,0.9676482371794872,0.9606370192307693,0.9653445512820513,0.9658453525641025,0.9625400641025641,0.9643429487179487,0.9596354166666666,0.9671474358974359,0.9583333333333334,0.9670472756410257,0.9644431089743589,0.9663461538461539,0.9661458333333334
326,0.9655448717948718,0.961738782051282,0.9641426282051282,0.9609375,0.9608373397435898,0.9498197115384616,0.9051482371794872,0.21774839743589744,0.7210536858974359,0.26221955128205127,0.9569310897435898,0.9609375,0.96484375,0.9612379807692307,0.9647435897435898,0.9657451923076923,0.9632411858974359,0.9650440705128205,0.9621394230769231,0.9642427884615384,0.9641426282051282,0.964042467948718,0.9618389423076923,0.9630408653846154,0.9668469551282052,0.9592347756410257,0.9661458333333334,0.9633413461538461,0.9671474358974359,0.9651442307692307
327,0.9663461538461539,0.9626402243589743,0.961738782051282,0.9595352564102564,0.9604366987179487,0.9479166666666666,0.9063501602564102,0.3284254807692308,0.8221153846153846,0.31260016025641024,0.9574318910256411,0.9582331730769231,0.9652443910256411,0.9635416666666666,0.9626402243589743,0.9618389423076923,0.9608373397435898,0.9673477564102564,0.9574318910256411,0.9643429487179487,0.9655448717948718,0.9635416666666666,0.9630408653846154,0.9625400641025641,0.9662459935897436,0.9622395833333334,0.9682491987179487,0.9654447115384616,0.9621394230769231,0.9639423076923077
328,0.9655448717948718,0.9651442307692307,0.9590344551282052,0.9624399038461539,0.9600360576923077,0.9488181089743589,0.9125600961538461,0.38271233974358976,0.8198116987179487,0.422275641025641,0.9472155448717948,0.9644431089743589,0.9631410256410257,0.9633413461538461,0.9654447115384616,0.9657451923076923,0.9649439102564102,0.9666466346153846,0.9588341346153846,0.9609375,0.9627403846153846,0.9655448717948718,0.9645432692307693,0.9561298076923077,0.9651442307692307,0.9605368589743589,0.9694511217948718,0.9639423076923077,0.9662459935897436,0.9652443910256411
329,0.961738782051282,0.9651442307692307,0.9615384615384616,0.9600360576923077,0.9599358974358975,0.9475160256410257,0.9082532051282052,0.5459735576923077,0.8255208333333334,0.3323317307692308,0.9565304487179487,0.9594350961538461,0.9631410256410257,0.9638421474358975,0.9646434294871795,0.9649439102564102,0.9626402243589743,0.9666466346153846,0.9602363782051282,0.9622395833333334,0.9641426282051282,0.9665464743589743,0.9650440705128205,0.9627403846153846,0.9666466346153846,0.9589342948717948,0.9690504807692307,0.9641426282051282,0.9667467948717948,0.9661458333333334
330,0.9637419871794872,0.9641426282051282,0.9616386217948718,0.9614383012820513,0.9613381410256411,0.952323717948718,0.9025440705128205,0.5116185897435898,0.6950120192307693,0.5374599358974359,0.9557291666666666,0.9629407051282052,0.9636418269230769,0.9630408653846154,0.9655448717948718,0.9652443910256411,0.9626402243589743,0.9659455128205128,0.9600360576923077,0.9618389423076923,0.9671474358974359,0.9616386217948718,0.9641426282051282,0.9598357371794872,0.9669471153846154,0.960136217948718,0.9645432692307693,0.9616386217948718,0.9673477564102564,0.9625400641025641
331,0.9658453525641025,0.9671474358974359,0.9627403846153846,0.9621394230769231,0.9595352564102564,0.9520232371794872,0.9059495192307693,0.6180889423076923,0.8230168269230769,0.5916466346153846,0.9567307692307693,0.9651442307692307,0.964042467948718,0.9649439102564102,0.9646434294871795,0.9614383012820513,0.9630408653846154,0.9655448717948718,0.9598357371794872,0.9637419871794872,0.9635416666666666,0.9635416666666666,0.9655448717948718,0.9642427884615384,0.9668469551282052,0.9611378205128205,0.9672475961538461,0.9641426282051282,0.9641426282051282,0.9658453525641025
332,0.9666466346153846,0.9624399038461539,0.9627403846153846,0.9646434294871795,0.9597355769230769,0.9510216346153846,0.9079527243589743,0.5683092948717948,0.8415464743589743,0.5350560897435898,0.9593349358974359,0.9606370192307693,0.964042467948718,0.965645032051282,0.9653445512820513,0.964042467948718,0.9632411858974359,0.9646434294871795,0.9613381410256411,0.9650440705128205,0.9666466346153846,0.9657451923076923,0.9664463141025641,0.9620392628205128,0.9662459935897436,0.961738782051282,0.9677483974358975,0.9623397435897436,0.9654447115384616,0.9633413461538461
333,0.9657451923076923,0.9637419871794872,0.9634415064102564,0.9625400641025641,0.9613381410256411,0.9511217948717948,0.9081530448717948,0.6322115384615384,0.8274238782051282,0.6048677884615384,0.9577323717948718,0.9626402243589743,0.9637419871794872,0.9628405448717948,0.9639423076923077,0.960136217948718,0.9629407051282052,0.9658453525641025,0.9618389423076923,0.9624399038461539,0.9647435897435898,0.9666466346153846,0.9665464743589743,0.9639423076923077,0.9674479166666666,0.9610376602564102,0.9697516025641025,0.9629407051282052,0.9642427884615384,0.9670472756410257
334,0.9647435897435898,0.9660456730769231,0.9615384615384616,0.9616386217948718,0.9608373397435898,0.9499198717948718,0.9158653846153846,0.6308092948717948,0.8055889423076923,0.09815705128205128,0.9574318910256411,0.9627403846153846,0.9647435897435898,0.9636418269230769,0.9647435897435898,0.9638421474358975,0.9639423076923077,0.9663461538461539,0.9607371794871795,0.9625400641025641,0.9615384615384616,0.9654447115384616,0.9663461538461539,0.964042467948718,0.9670472756410257,0.9613381410256411,0.967948717948718,0.964042467948718,0.9646434294871795,0.9672475961538461
335,0.9668469551282052,0.9657451923076923,0.9651442307692307,0.9619391025641025,0.9584334935897436,0.9462139423076923,0.9060496794871795,0.5827323717948718,0.835136217948718,0.09304887820512821,0.9584334935897436,0.9618389423076923,0.9629407051282052,0.9658453525641025,0.9647435897435898,0.9655448717948718,0.9633413461538461,0.9663461538461539,0.9620392628205128,0.9642427884615384,0.965645032051282,0.965645032051282,0.9646434294871795,0.9643429487179487,0.9680488782051282,0.9623397435897436,0.9710536858974359,0.964042467948718,0.9661458333333334,0.9669471153846154
336,0.9654447115384616,0.9641426282051282,0.9653445512820513,0.9626402243589743,0.9608373397435898,0.9480168269230769,0.9138621794871795,0.6682692307692307,0.8505608974358975,0.1077724358974359,0.953926282051282,0.9603365384615384,0.9630408653846154,0.9647435897435898,0.9635416666666666,0.9636418269230769,0.9626402243589743,0.9654447115384616,0.9581330128205128,0.9632411858974359,0.96484375,0.9662459935897436,0.9663461538461539,0.9645432692307693,0.9675480769230769,0.9629407051282052,0.9698517628205128,0.9625400641025641,0.9673477564102564,0.9662459935897436
337,0.9668469551282052,0.9650440705128205,0.9642427884615384,0.961738782051282,0.9613381410256411,0.9501201923076923,0.9160657051282052,0.6650641025641025,0.8596754807692307,0.2164463141025641,0.9574318910256411,0.9634415064102564,0.9647435897435898,0.9651442307692307,0.9645432692307693,0.9620392628205128,0.9641426282051282,0.9661458333333334,0.9577323717948718,0.960136217948718,0.9665464743589743,0.9659455128205128,0.9643429487179487,0.9611378205128205,0.9675480769230769,0.9624399038461539,0.9698517628205128,0.9619391025641025,0.9663461538461539,0.9654447115384616
338,0.9684495192307693,0.9645432692307693,0.9620392628205128,0.9621394230769231,0.9620392628205128,0.9527243589743589,0.9092548076923077,0.5718149038461539,0.8618790064102564,0.33533653846153844,0.9554286858974359,0.9610376602564102,0.9637419871794872,0.96484375,0.9630408653846154,0.9645432692307693,0.9649439102564102,0.9649439102564102,0.9575320512820513,0.9615384615384616,0.9649439102564102,0.9673477564102564,0.9667467948717948,0.9624399038461539,0.9653445512820513,0.9634415064102564,0.9689503205128205,0.9652443910256411,0.96875,0.9666466346153846
339,0.9657451923076923,0.9654447115384616,0.9645432692307693,0.9634415064102564,0.9620392628205128,0.9505208333333334,0.09745592948717949,0.6809895833333334,0.8646834935897436,0.47185496794871795,0.9579326923076923,0.9639423076923077,0.9638421474358975,0.9632411858974359,0.9557291666666666,0.9647435897435898,0.9642427884615384,0.9651442307692307,0.9609375,0.9647435897435898,0.9653445512820513,0.9639423076923077,0.9655448717948718,0.9613381410256411,0.9664463141025641,0.9612379807692307,0.9667467948717948,0.9644431089743589,0.9671474358974359,0.9657451923076923
340,0.9663461538461539,0.9644431089743589,0.9666466346153846,0.9615384615384616,0.9620392628205128,0.9508213141025641,0.19150641025641027,0.6761818910256411,0.8666866987179487,0.5944511217948718,0.9597355769230769,0.9607371794871795,0.9627403846153846,0.9634415064102564,0.9652443910256411,0.9651442307692307,0.9645432692307693,0.9655448717948718,0.9606370192307693,0.9631410256410257,0.9639423076923077,0.9642427884615384,0.9644431089743589,0.9597355769230769,0.9645432692307693,0.9624399038461539,0.9714543269230769,0.9661458333333334,0.9616386217948718,0.9658453525641025
341,0.9670472756410257,0.9627403846153846,0.9642427884615384,0.9607371794871795,0.9628405448717948,0.9522235576923077,0.1599559294871795,0.6872996794871795,0.8779046474358975,0.5574919871794872,0.9614383012820513,0.9615384615384616,0.9625400641025641,0.9653445512820513,0.9654447115384616,0.964042467948718,0.9629407051282052,0.9680488782051282,0.9588341346153846,0.9629407051282052,0.9676482371794872,0.9639423076923077,0.9645432692307693,0.9612379807692307,0.9658453525641025,0.9628405448717948,0.9689503205128205,0.9644431089743589,0.965645032051282,0.9660456730769231
342,0.9661458333333334,0.9645432692307693,0.9631410256410257,0.9624399038461539,0.9598357371794872,0.9513221153846154,0.3737980769230769,0.7137419871794872,0.8700921474358975,0.48026842948717946,0.9584334935897436,0.9600360576923077,0.9636418269230769,0.9662459935897436,0.9665464743589743,0.9654447115384616,0.9636418269230769,0.9660456730769231,0.9605368589743589,0.9620392628205128,0.9665464743589743,0.9658453525641025,0.964042467948718,0.9614383012820513,0.9659455128205128,0.9609375,0.9699519230769231,0.9608373397435898,0.9643429487179487,0.9661458333333334
343,0.9665464743589743,0.9637419871794872,0.9635416666666666,0.9626402243589743,0.9626402243589743,0.9504206730769231,0.594551282051282,0.6283052884615384,0.8766025641025641,0.5303485576923077,0.9587339743589743,0.9599358974358975,0.9626402243589743,0.9657451923076923,0.9664463141025641,0.9663461538461539,0.9649439102564102,0.9666466346153846,0.9625400641025641,0.965645032051282,0.9685496794871795,0.9666466346153846,0.9659455128205128,0.9616386217948718,0.9658453525641025,0.9603365384615384,0.9681490384615384,0.9602363782051282,0.9647435897435898,0.9665464743589743
344,0.9636418269230769,0.9668469551282052,0.9624399038461539,0.9637419871794872,0.9602363782051282,0.9494190705128205,0.5811298076923077,0.09805689102564102,0.8778044871794872,0.5438701923076923,0.9589342948717948,0.9621394230769231,0.9644431089743589,0.9638421474358975,0.9668469551282052,0.9645432692307693,0.960136217948718,0.9661458333333334,0.9642427884615384,0.9654447115384616,0.9667467948717948,0.9654447115384616,0.9653445512820513,0.9621394230769231,0.9660456730769231,0.9621394230769231,0.9666466346153846,0.9618389423076923,0.9662459935897436,0.9643429487179487
345,0.9667467948717948,0.9654447115384616,0.9627403846153846,0.9611378205128205,0.9620392628205128,0.9534254807692307,0.5352564102564102,0.11929086538461539,0.8463541666666666,0.5641025641025641,0.9577323717948718,0.9641426282051282,0.9631410256410257,0.9650440705128205,0.965645032051282,0.9641426282051282,0.9623397435897436,0.9639423076923077,0.9600360576923077,0.9653445512820513,0.967948717948718,0.9655448717948718,0.9653445512820513,0.9619391025641025,0.9681490384615384,0.9635416666666666,0.9673477564102564,0.9618389423076923,0.9642427884615384,0.965645032051282
346,0.9669471153846154,0.9623397435897436,0.9606370192307693,0.9623397435897436,0.9633413461538461,0.9552283653846154,0.6047676282051282,0.16596554487179488,0.8772035256410257,0.6349158653846154,0.9604366987179487,0.9567307692307693,0.9657451923076923,0.9650440705128205,0.9625400641025641,0.9637419871794872,0.9655448717948718,0.9624399038461539,0.9626402243589743,0.9636418269230769,0.9666466346153846,0.9668469551282052,0.96484375,0.9614383012820513,0.96484375,0.9607371794871795,0.9690504807692307,0.9645432692307693,0.9635416666666666,0.9632411858974359
347,0.9661458333333334,0.964042467948718,0.9631410256410257,0.9636418269230769,0.9631410256410257,0.9525240384615384,0.5540865384615384,0.17377804487179488,0.8837139423076923,0.43970352564102566,0.9605368589743589,0.9615384615384616,0.965645032051282,0.9603365384615384,0.9647435897435898,0.9645432692307693,0.9629407051282052,0.9651442307692307,0.9613381410256411,0.9629407051282052,0.9650440705128205,0.9668469551282052,0.9659455128205128,0.9625400641025641,0.9645432692307693,0.9613381410256411,0.9658453525641025,0.9638421474358975,0.9670472756410257,0.9662459935897436
348,0.9664463141025641,0.9629407051282052,0.9653445512820513,0.9622395833333334,0.9611378205128205,0.9538261217948718,0.6561498397435898,0.32702323717948717,0.8805088141025641,0.6387219551282052,0.9613381410256411,0.960136217948718,0.9643429487179487,0.9646434294871795,0.9680488782051282,0.9628405448717948,0.9629407051282052,0.9661458333333334,0.9604366987179487,0.9621394230769231,0.9667467948717948,0.9657451923076923,0.9651442307692307,0.9615384615384616,0.9663461538461539,0.961738782051282,0.9686498397435898,0.9623397435897436,0.9661458333333334,0.9632411858974359
349,0.9658453525641025,0.9643429487179487,0.9621394230769231,0.9263822115384616,0.9605368589743589,0.9556290064102564,0.6611578525641025,0.5361578525641025,0.883613782051282,0.5560897435897436,0.9604366987179487,0.9619391025641025,0.9634415064102564,0.9650440705128205,0.9669471153846154,0.9657451923076923,0.9646434294871795,0.9642427884615384,0.9607371794871795,0.9616386217948718,0.9665464743589743,0.9682491987179487,0.9638421474358975,0.9621394230769231,0.9650440705128205,0.9630408653846154,0.9682491987179487,0.9634415064102564,0.9645432692307693,0.9651442307692307
350,0.9674479166666666,0.964042467948718,0.9653445512820513,0.9628405448717948,0.9616386217948718,0.9576322115384616,0.7092347756410257,0.45142227564102566,0.8736979166666666,0.7074318910256411,0.9567307692307693,0.9647435897435898,0.9644431089743589,0.9639423076923077,0.9654447115384616,0.9649439102564102,0.9642427884615384,0.9668469551282052,0.9611378205128205,0.964042467948718,0.9659455128205128,0.9642427884615384,0.9666466346153846,0.9613381410256411,0.9668469551282052,0.9652443910256411,0.9708533653846154,0.9639423076923077,0.9649439102564102,0.96484375
351,0.9678485576923077,0.9625400641025641,0.9614383012820513,0.9636418269230769,0.9611378205128205,0.9515224358974359,0.62109375,0.6035657051282052,0.8909254807692307,0.7339743589743589,0.9573317307692307,0.9626402243589743,0.961738782051282,0.9653445512820513,0.9633413461538461,0.9651442307692307,0.9655448717948718,0.9649439102564102,0.9612379807692307,0.9639423076923077,0.9663461538461539,0.9638421474358975,0.9665464743589743,0.9620392628205128,0.9626402243589743,0.9632411858974359,0.9673477564102564,0.9630408653846154,0.9646434294871795,0.9672475961538461
352,0.96875,0.9639423076923077,0.9645432692307693,0.964042467948718,0.9624399038461539,0.09745592948717949,0.6836939102564102,0.49298878205128205,0.89453125,0.6904046474358975,0.956229967948718,0.9653445512820513,0.9634415064102564,0.9649439102564102,0.9621394230769231,0.9632411858974359,0.9659455128205128,0.9653445512820513,0.9629407051282052,0.9649439102564102,0.9666466346153846,0.9636418269230769,0.9650440705128205,0.9618389423076923,0.9671474358974359,0.9611378205128205,0.9693509615384616,0.9644431089743589,0.9621394230769231,0.96484375
353,0.969551282051282,0.9633413461538461,0.9636418269230769,0.9625400641025641,0.961738782051282,0.12319711538461539,0.44931891025641024,0.6423277243589743,0.8924278846153846,0.7302684294871795,0.9590344551282052,0.9627403846153846,0.9657451923076923,0.9652443910256411,0.9649439102564102,0.9645432692307693,0.9664463141025641,0.9657451923076923,0.9619391025641025,0.9646434294871795,0.9672475961538461,0.9672475961538461,0.9664463141025641,0.9629407051282052,0.9674479166666666,0.9612379807692307,0.967948717948718,0.9619391025641025,0.9671474358974359,0.9652443910256411
354,0.9643429487179487,0.9654447115384616,0.9622395833333334,0.9650440705128205,0.9551282051282052,0.10096153846153846,0.5973557692307693,0.48717948717948717,0.8923277243589743,0.7591145833333334,0.9582331730769231,0.9655448717948718,0.9642427884615384,0.9663461538461539,0.96484375,0.9633413461538461,0.9635416666666666,0.9651442307692307,0.961738782051282,0.9625400641025641,0.9651442307692307,0.9666466346153846,0.9660456730769231,0.9609375,0.9670472756410257,0.9627403846153846,0.9683493589743589,0.9629407051282052,0.9661458333333334,0.9647435897435898
355,0.9668469551282052,0.9641426282051282,0.9633413461538461,0.9636418269230769,0.9616386217948718,0.17067307692307693,0.7192508012820513,0.5649038461538461,0.8959334935897436,0.7707331730769231,0.9574318910256411,0.9625400641025641,0.9647435897435898,0.9652443910256411,0.9633413461538461,0.9650440705128205,0.9650440705128205,0.9659455128205128,0.9644431089743589,0.9650440705128205,0.9665464743589743,0.9639423076923077,0.9644431089743589,0.9620392628205128,0.9672475961538461,0.9647435897435898,0.9674479166666666,0.9646434294871795,0.9652443910256411,0.96484375
356,0.96484375,0.9654447115384616,0.9645432692307693,0.9623397435897436,0.960136217948718,0.2945713141025641,0.6282051282051282,0.6556490384615384,0.895332532051282,0.5722155448717948,0.9600360576923077,0.9641426282051282,0.9634415064102564,0.9634415064102564,0.96484375,0.9661458333333334,0.964042467948718,0.9635416666666666,0.9569310897435898,0.9633413461538461,0.9651442307692307,0.96484375,0.9641426282051282,0.9620392628205128,0.9665464743589743,0.9633413461538461,0.9669471153846154,0.9622395833333334,0.9669471153846154,0.9660456730769231
357,0.9662459935897436,0.9631410256410257,0.9639423076923077,0.9647435897435898,0.9593349358974359,0.52734375,0.734375,0.5917467948717948,0.8963341346153846,0.7597155448717948,0.9603365384615384,0.9606370192307693,0.9660456730769231,0.96484375,0.9638421474358975,0.9629407051282052,0.9622395833333334,0.9647435897435898,0.9619391025641025,0.9652443910256411,0.96875,0.9629407051282052,0.9661458333333334,0.9641426282051282,0.9662459935897436,0.9620392628205128,0.9685496794871795,0.9644431089743589,0.9684495192307693,0.9651442307692307
358,0.9654447115384616,0.9646434294871795,0.9606370192307693,0.9647435897435898,0.9627403846153846,0.5209334935897436,0.6768830128205128,0.6990184294871795,0.8922275641025641,0.785957532051282,0.9592347756410257,0.9630408653846154,0.9632411858974359,0.9636418269230769,0.9660456730769231,0.9654447115384616,0.96484375,0.9647435897435898,0.9600360576923077,0.9642427884615384,0.9685496794871795,0.9664463141025641,0.9662459935897436,0.9632411858974359,0.9681490384615384,0.9631410256410257,0.9702524038461539,0.9621394230769231,0.965645032051282,0.9671474358974359
359,0.96484375,0.9638421474358975,0.9628405448717948,0.9647435897435898,0.9604366987179487,0.5504807692307693,0.7349759615384616,0.2659254807692308,0.8962339743589743,0.8073918269230769,0.9587339743589743,0.9636418269230769,0.9614383012820513,0.9647435897435898,0.9645432692307693,0.9633413461538461,0.9632411858974359,0.9663461538461539,0.9611378205128205,0.9645432692307693,0.9688501602564102,0.965645032051282,0.9658453525641025,0.9628405448717948,0.9612379807692307,0.9622395833333334,0.9668469551282052,0.9639423076923077,0.9663461538461539,0.9671474358974359
360,0.9664463141025641,0.9645432692307693,0.9644431089743589,0.9631410256410257,0.9602363782051282,0.35526842948717946,0.7785456730769231,0.12359775641025642,0.8878205128205128,0.8122996794871795,0.9575320512820513,0.9664463141025641,0.9638421474358975,0.9649439102564102,0.9637419871794872,0.9644431089743589,0.9646434294871795,0.9665464743589743,0.9621394230769231,0.9645432692307693,0.9683493589743589,0.9674479166666666,0.9652443910256411,0.9615384615384616,0.9670472756410257,0.9628405448717948,0.9697516025641025,0.9646434294871795,0.9685496794871795,0.9670472756410257
361,0.9653445512820513,0.9645432692307693,0.9654447115384616,0.9623397435897436,0.9586338141025641,0.5023036858974359,0.6800881410256411,0.14393028846153846,0.8987379807692307,0.8181089743589743,0.9594350961538461,0.9630408653846154,0.9629407051282052,0.9643429487179487,0.9652443910256411,0.9623397435897436,0.9646434294871795,0.9666466346153846,0.9630408653846154,0.9628405448717948,0.9677483974358975,0.9599358974358975,0.9619391025641025,0.9646434294871795,0.9667467948717948,0.9620392628205128,0.9673477564102564,0.9635416666666666,0.9685496794871795,0.9696514423076923
362,0.967948717948718,0.9641426282051282,0.964042467948718,0.9618389423076923,0.9620392628205128,0.6152844551282052,0.7987780448717948,0.10286458333333333,0.8997395833333334,0.7632211538461539,0.952323717948718,0.9619391025641025,0.9638421474358975,0.9666466346153846,0.9641426282051282,0.9647435897435898,0.96484375,0.9664463141025641,0.9631410256410257,0.961738782051282,0.9659455128205128,0.9654447115384616,0.964042467948718,0.9615384615384616,0.96875,0.9634415064102564,0.9659455128205128,0.961738782051282,0.9667467948717948,0.9674479166666666
363,0.9647435897435898,0.9642427884615384,0.9642427884615384,0.9635416666666666,0.9611378205128205,0.6243990384615384,0.7814503205128205,0.31630608974358976,0.8811097756410257,0.80859375,0.9602363782051282,0.9631410256410257,0.9634415064102564,0.9651442307692307,0.9643429487179487,0.9650440705128205,0.9667467948717948,0.9659455128205128,0.9605368589743589,0.9629407051282052,0.9673477564102564,0.9662459935897436,0.9646434294871795,0.9649439102564102,0.9682491987179487,0.9636418269230769,0.9707532051282052,0.9606370192307693,0.9659455128205128,0.9668469551282052
364,0.9658453525641025,0.9639423076923077,0.9655448717948718,0.9620392628205128,0.9637419871794872,0.6734775641025641,0.8074919871794872,0.37059294871794873,0.9012419871794872,0.8483573717948718,0.9569310897435898,0.9639423076923077,0.9643429487179487,0.9669471153846154,0.9639423076923077,0.9645432692307693,0.964042467948718,0.9644431089743589,0.9610376602564102,0.9622395833333334,0.9681490384615384,0.9651442307692307,0.9652443910256411,0.9613381410256411,0.9657451923076923,0.9633413461538461,0.9688501602564102,0.9614383012820513,0.9663461538461539,0.9654447115384616
365,0.9667467948717948,0.9655448717948718,0.9670472756410257,0.9625400641025641,0.9620392628205128,0.6456330128205128,0.8149038461538461,0.3451522435897436,0.9043469551282052,0.8033854166666666,0.9594350961538461,0.9632411858974359,0.9622395833333334,0.9652443910256411,0.9630408653846154,0.9641426282051282,0.9641426282051282,0.9653445512820513,0.9625400641025641,0.964042467948718,0.9685496794871795,0.9673477564102564,0.9642427884615384,0.9625400641025641,0.9673477564102564,0.9630408653846154,0.96875,0.9651442307692307,0.9660456730769231,0.9662459935897436
366,0.9681490384615384,0.9611378205128205,0.9670472756410257,0.9631410256410257,0.9604366987179487,0.6119791666666666,0.09745592948717949,0.36889022435897434,0.09745592948717949,0.10096153846153846,0.9577323717948718,0.961738782051282,0.9643429487179487,0.9663461538461539,0.9650440705128205,0.9632411858974359,0.9642427884615384,0.9650440705128205,0.9627403846153846,0.9647435897435898,0.9683493589743589,0.9669471153846154,0.9658453525641025,0.964042467948718,0.9681490384615384,0.9619391025641025,0.9709535256410257,0.9666466346153846,0.9674479166666666,0.96484375
367,0.9652443910256411,0.9634415064102564,0.9645432692307693,0.9620392628205128,0.9608373397435898,0.7160456730769231,0.19791666666666666,0.4791666666666667,0.14192708333333334,0.15294471153846154,0.9612379807692307,0.9621394230769231,0.9662459935897436,0.9652443910256411,0.9663461538461539,0.9665464743589743,0.9634415064102564,0.9655448717948718,0.9628405448717948,0.9632411858974359,0.9677483974358975,0.9571314102564102,0.964042467948718,0.9634415064102564,0.9681490384615384,0.9654447115384616,0.9664463141025641,0.9625400641025641,0.9663461538461539,0.9652443910256411
368,0.9653445512820513,0.9651442307692307,0.9659455128205128,0.9629407051282052,0.9616386217948718,0.7749399038461539,0.22145432692307693,0.54296875,0.10276442307692307,0.27814503205128205,0.9596354166666666,0.9632411858974359,0.9649439102564102,0.9652443910256411,0.9652443910256411,0.9627403846153846,0.9647435897435898,0.9668469551282052,0.9616386217948718,0.9642427884615384,0.9662459935897436,0.9639423076923077,0.9661458333333334,0.9625400641025641,0.9672475961538461,0.9631410256410257,0.9668469551282052,0.9624399038461539,0.9612379807692307,0.9667467948717948
369,0.9664463141025641,0.9644431089743589,0.9660456730769231,0.9614383012820513,0.9596354166666666,0.7841546474358975,0.1775841346153846,0.5924479166666666,0.2653245192307692,0.21935096153846154,0.9591346153846154,0.9616386217948718,0.9649439102564102,0.9651442307692307,0.9663461538461539,0.9637419871794872,0.9663461538461539,0.9650440705128205,0.9610376602564102,0.9666466346153846,0.9650440705128205,0.9643429487179487,0.9657451923076923,0.9631410256410257,0.9681490384615384,0.9633413461538461,0.9694511217948718,0.9635416666666666,0.9649439102564102,0.9671474358974359
370,0.9662459935897436,0.9664463141025641,0.9658453525641025,0.9630408653846154,0.9622395833333334,0.39042467948717946,0.15354567307692307,0.6937099358974359,0.46073717948717946,0.3505608974358974,0.9634415064102564,0.964042467948718,0.9650440705128205,0.9659455128205128,0.9660456730769231,0.9613381410256411,0.9673477564102564,0.9662459935897436,0.9611378205128205,0.9654447115384616,0.9664463141025641,0.9661458333333334,0.9668469551282052,0.9621394230769231,0.9662459935897436,0.9633413461538461,0.9698517628205128,0.9628405448717948,0.9672475961538461,0.9673477564102564
371,0.9666466346153846,0.9636418269230769,0.9647435897435898,0.9626402243589743,0.9615384615384616,0.1463341346153846,0.5295472756410257,0.5927483974358975,0.45252403846153844,0.45362580128205127,0.9618389423076923,0.9628405448717948,0.9668469551282052,0.964042467948718,0.9649439102564102,0.9625400641025641,0.9664463141025641,0.9663461538461539,0.9612379807692307,0.96484375,0.9676482371794872,0.9646434294871795,0.9658453525641025,0.9638421474358975,0.9665464743589743,0.9609375,0.9671474358974359,0.9650440705128205,0.9613381410256411,0.9670472756410257
372,0.9675480769230769,0.9646434294871795,0.9651442307692307,0.9612379807692307,0.9614383012820513,0.10556891025641026,0.5234375,0.5910456730769231,0.4049479166666667,0.448818108974359,0.9587339743589743,0.9611378205128205,0.9621394230769231,0.9664463141025641,0.9668469551282052,0.9625400641025641,0.9651442307692307,0.9663461538461539,0.9632411858974359,0.9663461538461539,0.9663461538461539,0.9647435897435898,0.9624399038461539,0.9641426282051282,0.9645432692307693,0.9638421474358975,0.9693509615384616,0.9642427884615384,0.9672475961538461,0.9641426282051282
373,0.967948717948718,0.9657451923076923,0.9647435897435898,0.9599358974358975,0.9595352564102564,0.2904647435897436,0.582832532051282,0.6287059294871795,0.6198918269230769,0.6060697115384616,0.9621394230769231,0.9636418269230769,0.9651442307692307,0.9660456730769231,0.9675480769230769,0.9657451923076923,0.9642427884615384,0.9675480769230769,0.9614383012820513,0.965645032051282,0.965645032051282,0.9669471153846154,0.9643429487179487,0.9646434294871795,0.9653445512820513,0.96484375,0.967948717948718,0.9628405448717948,0.9665464743589743,0.965645032051282
374,0.9663461538461539,0.9641426282051282,0.9661458333333334,0.961738782051282,0.9608373397435898,0.2803485576923077,0.5485777243589743,0.5961538461538461,0.6347155448717948,0.4818709935897436,0.9586338141025641,0.9607371794871795,0.9661458333333334,0.9636418269230769,0.9675480769230769,0.9644431089743589,0.9639423076923077,0.9670472756410257,0.9623397435897436,0.9650440705128205,0.9669471153846154,0.9657451923076923,0.9655448717948718,0.9646434294871795,0.9506209935897436,0.9642427884615384,0.9644431089743589,0.9646434294871795,0.9663461538461539,0.9664463141025641
375,0.9443108974358975,0.9674479166666666,0.9647435897435898,0.9598357371794872,0.9600360576923077,0.34585336538461536,0.5967548076923077,0.6228966346153846,0.6611578525641025,0.6639623397435898,0.9579326923076923,0.9623397435897436,0.965645032051282,0.9652443910256411,0.9661458333333334,0.9657451923076923,0.9637419871794872,0.9676482371794872,0.9616386217948718,0.9641426282051282,0.9671474358974359,0.96484375,0.9671474358974359,0.9646434294871795,0.9575320512820513,0.9645432692307693,0.9701522435897436,0.9641426282051282,0.9658453525641025,0.9657451923076923
376,0.9668469551282052,0.9674479166666666,0.9659455128205128,0.961738782051282,0.9615384615384616,0.4891826923076923,0.6490384615384616,0.6777844551282052,0.6131810897435898,0.5466746794871795,0.9580328525641025,0.9632411858974359,0.9652443910256411,0.9641426282051282,0.9676482371794872,0.9669471153846154,0.9644431089743589,0.964042467948718,0.9606370192307693,0.9636418269230769,0.9672475961538461,0.9667467948717948,0.9668469551282052,0.964042467948718,0.9668469551282052,0.9639423076923077,0.9693509615384616,0.9642427884615384,0.96484375,0.9665464743589743
377,0.9670472756410257,0.9669471153846154,0.9650440705128205,0.9611378205128205,0.9628405448717948,0.5513822115384616,0.6499399038461539,0.7510016025641025,0.6900040064102564,0.6690705128205128,0.9595352564102564,0.9627403846153846,0.9631410256410257,0.9653445512820513,0.9641426282051282,0.9641426282051282,0.9647435897435898,0.9655448717948718,0.9588341346153846,0.9654447115384616,0.9664463141025641,0.9671474358974359,0.9666466346153846,0.9639423076923077,0.9673477564102564,0.9633413461538461,0.9676482371794872,0.9653445512820513,0.9683493589743589,0.9655448717948718
378,0.9649439102564102,0.9657451923076923,0.9680488782051282,0.9623397435897436,0.9588341346153846,0.5809294871794872,0.616386217948718,0.7411858974358975,0.629707532051282,0.6188902243589743,0.9592347756410257,0.9626402243589743,0.9631410256410257,0.9659455128205128,0.9649439102564102,0.9645432692307693,0.9663461538461539,0.9672475961538461,0.9631410256410257,0.9631410256410257,0.9685496794871795,0.9669471153846154,0.9667467948717948,0.9641426282051282,0.9668469551282052,0.9637419871794872,0.9684495192307693,0.9647435897435898,0.9664463141025641,0.96484375
379,0.965645032051282,0.9645432692307693,0.9649439102564102,0.961738782051282,0.9586338141025641,0.602363782051282,0.6060697115384616,0.6885016025641025,0.6187900641025641,0.6277043269230769,0.9625400641025641,0.9626402243589743,0.9638421474358975,0.9664463141025641,0.9664463141025641,0.9653445512820513,0.9662459935897436,0.9576322115384616,0.9610376602564102,0.9642427884615384,0.964042467948718,0.9639423076923077,0.9663461538461539,0.9630408653846154,0.9691506410256411,0.9634415064102564,0.9684495192307693,0.9654447115384616,0.9657451923076923,0.9631410256410257
380,0.9657451923076923,0.9660456730769231,0.9607371794871795,0.9641426282051282,0.9604366987179487,0.6439302884615384,0.7071314102564102,0.6551482371794872,0.7265625,0.7231570512820513,0.9633413461538461,0.9649439102564102,0.9625400641025641,0.9670472756410257,0.9673477564102564,0.9657451923076923,0.9639423076923077,0.9667467948717948,0.9623397435897436,0.9647435897435898,0.96875,0.9668469551282052,0.9669471153846154,0.9621394230769231,0.9672475961538461,0.9634415064102564,0.967948717948718,0.9610376602564102,0.9664463141025641,0.9649439102564102
381,0.9658453525641025,0.9651442307692307,0.9616386217948718,0.9626402243589743,0.9584334935897436,0.5029046474358975,0.6972155448717948,0.7728365384615384,0.6310096153846154,0.5838341346153846,0.9607371794871795,0.9647435897435898,0.9652443910256411,0.9657451923076923,0.9649439102564102,0.9650440705128205,0.9655448717948718,0.9667467948717948,0.9599358974358975,0.9643429487179487,0.9639423076923077,0.9655448717948718,0.9657451923076923,0.9647435897435898,0.9674479166666666,0.9628405448717948,0.9678485576923077,0.9627403846153846,0.9658453525641025,0.9657451923076923
382,0.9673477564102564,0.9646434294871795,0.9637419871794872,0.9621394230769231,0.9596354166666666,0.7026241987179487,0.6624599358974359,0.5847355769230769,0.7275641025641025,0.68359375,0.9588341346153846,0.9630408653846154,0.9644431089743589,0.9646434294871795,0.9657451923076923,0.965645032051282,0.9643429487179487,0.9662459935897436,0.9622395833333334,0.9655448717948718,0.9661458333333334,0.9666466346153846,0.9647435897435898,0.9657451923076923,0.9659455128205128,0.9618389423076923,0.9692508012820513,0.9636418269230769,0.9688501602564102,0.9663461538461539
383,0.9626402243589743,0.9650440705128205,0.9664463141025641,0.9628405448717948,0.9592347756410257,0.7278645833333334,0.70703125,0.8206129807692307,0.7175480769230769,0.7497996794871795,0.9616386217948718,0.9642427884615384,0.9630408653846154,0.9647435897435898,0.9671474358974359,0.9637419871794872,0.9654447115384616,0.9668469551282052,0.9621394230769231,0.9645432692307693,0.9652443910256411,0.9662459935897436,0.9649439102564102,0.9631410256410257,0.9666466346153846,0.9635416666666666,0.9692508012820513,0.9645432692307693,0.9694511217948718,0.9654447115384616
384,0.9664463141025641,0.964042467948718,0.9667467948717948,0.9645432692307693,0.9606370192307693,0.6604567307692307,0.7416866987179487,0.8196113782051282,0.7797475961538461,0.6802884615384616,0.9583333333333334,0.9649439102564102,0.9629407051282052,0.9654447115384616,0.9669471153846154,0.9643429487179487,0.965645032051282,0.9675480769230769,0.9634415064102564,0.9627403846153846,0.9655448717948718,0.9670472756410257,0.9655448717948718,0.9632411858974359,0.9696514423076923,0.9631410256410257,0.9691506410256411,0.9658453525641025,0.9693509615384616,0.9667467948717948
385,0.9666466346153846,0.9641426282051282,0.9668469551282052,0.9626402243589743,0.9609375,0.6825921474358975,0.7806490384615384,0.8255208333333334,0.7510016025641025,0.7129407051282052,0.9576322115384616,0.9636418269230769,0.9651442307692307,0.9657451923076923,0.965645032051282,0.9644431089743589,0.9652443910256411,0.9663461538461539,0.964042467948718,0.9661458333333334,0.9661458333333334,0.9666466346153846,0.9636418269230769,0.9637419871794872,0.9686498397435898,0.9633413461538461,0.9710536858974359,0.9621394230769231,0.965645032051282,0.9645432692307693
386,0.9643429487179487,0.9634415064102564,0.9657451923076923,0.9637419871794872,0.9599358974358975,0.526542467948718,0.7258613782051282,0.8279246794871795,0.7324719551282052,0.7684294871794872,0.9603365384615384,0.9671474358974359,0.9652443910256411,0.9657451923076923,0.9647435897435898,0.9633413461538461,0.9638421474358975,0.9653445512820513,0.961738782051282,0.9649439102564102,0.9663461538461539,0.9632411858974359,0.9665464743589743,0.9636418269230769,0.9685496794871795,0.9613381410256411,0.9680488782051282,0.9653445512820513,0.9645432692307693,0.9674479166666666
387,0.9663461538461539,0.9637419871794872,0.9651442307692307,0.9635416666666666,0.9618389423076923,0.5951522435897436,0.7205528846153846,0.8318309294871795,0.7913661858974359,0.757011217948718,0.9581330128205128,0.9618389423076923,0.9652443910256411,0.9670472756410257,0.9653445512820513,0.9642427884615384,0.964042467948718,0.9670472756410257,0.9591346153846154,0.9653445512820513,0.9665464743589743,0.9670472756410257,0.9668469551282052,0.9600360576923077,0.9668469551282052,0.9615384615384616,0.9674479166666666,0.9657451923076923,0.9667467948717948,0.965645032051282
388,0.9672475961538461,0.9614383012820513,0.9660456730769231,0.964042467948718,0.9611378205128205,0.7650240384615384,0.7322716346153846,0.8151041666666666,0.7964743589743589,0.7481971153846154,0.9618389423076923,0.9622395833333334,0.9580328525641025,0.9666466346153846,0.9655448717948718,0.9621394230769231,0.96484375,0.9661458333333334,0.9616386217948718,0.9625400641025641,0.9675480769230769,0.9657451923076923,0.9665464743589743,0.9624399038461539,0.9681490384615384,0.9646434294871795,0.9680488782051282,0.9636418269230769,0.9632411858974359,0.9658453525641025
389,0.9653445512820513,0.9636418269230769,0.9650440705128205,0.9651442307692307,0.961738782051282,0.7908653846153846,0.7651241987179487,0.7728365384615384,0.8109975961538461,0.7372796474358975,0.9607371794871795,0.9626402243589743,0.9649439102564102,0.9652443910256411,0.9646434294871795,0.9660456730769231,0.9660456730769231,0.9669471153846154,0.9638421474358975,0.9654447115384616,0.9677483974358975,0.9611378205128205,0.9669471153846154,0.9638421474358975,0.9696514423076923,0.9607371794871795,0.9683493589743589,0.9582331730769231,0.9671474358974359,0.9650440705128205
390,0.9677483974358975,0.96484375,0.9628405448717948,0.9655448717948718,0.9614383012820513,0.797676282051282,0.7852564102564102,0.8462540064102564,0.8218149038461539,0.7383814102564102,0.9589342948717948,0.9652443910256411,0.9653445512820513,0.9650440705128205,0.9645432692307693,0.965645032051282,0.9662459935897436,0.9655448717948718,0.9631410256410257,0.9658453525641025,0.9678485576923077,0.9653445512820513,0.9683493589743589,0.9618389423076923,0.9671474358974359,0.9607371794871795,0.9691506410256411,0.9652443910256411,0.9678485576923077,0.9659455128205128
391,0.9662459935897436,0.9672475961538461,0.9638421474358975,0.9652443910256411,0.9620392628205128,0.8074919871794872,0.8047876602564102,0.09745592948717949,0.8258213141025641,0.796875,0.9619391025641025,0.9647435897435898,0.965645032051282,0.9652443910256411,0.96484375,0.9663461538461539,0.9652443910256411,0.9654447115384616,0.9615384615384616,0.9662459935897436,0.9662459935897436,0.96484375,0.9647435897435898,0.9632411858974359,0.9689503205128205,0.9642427884615384,0.969551282051282,0.9646434294871795,0.9683493589743589,0.9645432692307693
392,0.9661458333333334,0.9661458333333334,0.9662459935897436,0.9657451923076923,0.9619391025641025,0.8050881410256411,0.8089943910256411,0.10326522435897435,0.8431490384615384,0.8216145833333334,0.9588341346153846,0.9642427884615384,0.9665464743589743,0.9659455128205128,0.9669471153846154,0.9666466346153846,0.9603365384615384,0.9662459935897436,0.9624399038461539,0.9661458333333334,0.965645032051282,0.9675480769230769,0.9637419871794872,0.9622395833333334,0.9689503205128205,0.9621394230769231,0.9686498397435898,0.9653445512820513,0.9668469551282052,0.9650440705128205
393,0.9665464743589743,0.9677483974358975,0.9673477564102564,0.9646434294871795,0.9613381410256411,0.7964743589743589,0.8111979166666666,0.27353766025641024,0.8268229166666666,0.8363381410256411,0.9614383012820513,0.96484375,0.9629407051282052,0.9634415064102564,0.9644431089743589,0.9651442307692307,0.9664463141025641,0.9674479166666666,0.961738782051282,0.9667467948717948,0.9666466346153846,0.9657451923076923,0.9651442307692307,0.9632411858974359,0.9673477564102564,0.9612379807692307,0.9681490384615384,0.9645432692307693,0.9668469551282052,0.9635416666666666
394,0.9645432692307693,0.9651442307692307,0.9674479166666666,0.9632411858974359,0.9634415064102564,0.8275240384615384,0.8283253205128205,0.25,0.8212139423076923,0.8314302884615384,0.9630408653846154,0.9639423076923077,0.9674479166666666,0.9655448717948718,0.9662459935897436,0.9659455128205128,0.9626402243589743,0.9669471153846154,0.9630408653846154,0.9631410256410257,0.9674479166666666,0.96484375,0.9674479166666666,0.9653445512820513,0.9697516025641025,0.9602363782051282,0.9676482371794872,0.9634415064102564,0.9670472756410257,0.9657451923076923
395,0.9638421474358975,0.9668469551282052,0.9646434294871795,0.9620392628205128,0.9619391025641025,0.8290264423076923,0.8252203525641025,0.45202323717948717,0.09805689102564102,0.8326322115384616,0.9610376602564102,0.9662459935897436,0.9669471153846154,0.9660456730769231,0.96484375,0.964042467948718,0.9672475961538461,0.9671474358974359,0.9622395833333334,0.96484375,0.9665464743589743,0.9658453525641025,0.9663461538461539,0.9639423076923077,0.9686498397435898,0.9623397435897436,0.9686498397435898,0.964042467948718,0.9670472756410257,0.9667467948717948
396,0.9668469551282052,0.9661458333333334,0.9653445512820513,0.9658453525641025,0.9611378205128205,0.8382411858974359,0.8177083333333334,0.4639423076923077,0.140625,0.8369391025641025,0.9575320512820513,0.9657451923076923,0.9651442307692307,0.9662459935897436,0.9641426282051282,0.9645432692307693,0.9663461538461539,0.9668469551282052,0.9616386217948718,0.96484375,0.9662459935897436,0.9653445512820513,0.9685496794871795,0.9622395833333334,0.9678485576923077,0.9624399038461539,0.9676482371794872,0.9637419871794872,0.9667467948717948,0.9659455128205128
397,0.9653445512820513,0.9663461538461539,0.9662459935897436,0.9660456730769231,0.9594350961538461,0.8428485576923077,0.8412459935897436,0.40625,0.19080528846153846,0.8520633012820513,0.9609375,0.9652443910256411,0.9660456730769231,0.9663461538461539,0.9655448717948718,0.9630408653846154,0.964042467948718,0.9682491987179487,0.9595352564102564,0.9660456730769231,0.9678485576923077,0.9652443910256411,0.9666466346153846,0.9651442307692307,0.9681490384615384,0.9605368589743589,0.9663461538461539,0.96484375,0.9685496794871795,0.9653445512820513
398,0.9654447115384616,0.9646434294871795,0.9653445512820513,0.9650440705128205,0.9608373397435898,0.8384415064102564,0.8136017628205128,0.48427483974358976,0.11919070512820513,0.7633213141025641,0.9619391025641025,0.9644431089743589,0.9655448717948718,0.9657451923076923,0.9659455128205128,0.9650440705128205,0.965645032051282,0.9647435897435898,0.9629407051282052,0.9636418269230769,0.9670472756410257,0.9659455128205128,0.9653445512820513,0.9651442307692307,0.9698517628205128,0.9634415064102564,0.9691506410256411,0.9643429487179487,0.9674479166666666,0.9665464743589743
399,0.9651442307692307,0.9670472756410257,0.9668469551282052,0.9668469551282052,0.961738782051282,0.8340344551282052,0.8467548076923077,0.6206931089743589,0.21233974358974358,0.8616786858974359,0.9619391025641025,0.9625400641025641,0.9635416666666666,0.967948717948718,0.9676482371794872,0.9608373397435898,0.9658453525641025,0.9655448717948718,0.9626402243589743,0.9645432692307693,0.9675480769230769,0.9659455128205128,0.9666466346153846,0.9624399038461539,0.9708533653846154,0.9628405448717948,0.9694511217948718,0.9642427884615384,0.9672475961538461,0.9655448717948718
400,0.9659455128205128,0.9666466346153846,0.9652443910256411,0.9658453525641025,0.9592347756410257,0.8395432692307693,0.7910657051282052,0.5947516025641025,0.3414463141025641,0.8524639423076923,0.9624399038461539,0.9610376602564102,0.9664463141025641,0.9645432692307693,0.9653445512820513,0.9641426282051282,0.9651442307692307,0.9664463141025641,0.9634415064102564,0.9645432692307693,0.9669471153846154,0.965645032051282,0.9661458333333334,0.9616386217948718,0.9678485576923077,0.9629407051282052,0.9659455128205128,0.9631410256410257,0.9689503205128205,0.9666466346153846
401,0.9665464743589743,0.965645032051282,0.9664463141025641,0.9651442307692307,0.9633413461538461,0.8142027243589743,0.8162059294871795,0.5893429487179487,0.4296875,0.8522636217948718,0.9608373397435898,0.9627403846153846,0.9651442307692307,0.9654447115384616,0.9664463141025641,0.9643429487179487,0.96484375,0.9658453525641025,0.9623397435897436,0.9654447115384616,0.9682491987179487,0.9652443910256411,0.9673477564102564,0.9643429487179487,0.9682491987179487,0.9638421474358975,0.9683493589743589,0.9623397435897436,0.9667467948717948,0.9676482371794872
402,0.9662459935897436,0.9657451923076923,0.9623397435897436,0.9644431089743589,0.9623397435897436,0.8622796474358975,0.858573717948718,0.6144831730769231,0.5693108974358975,0.8599759615384616,0.9603365384615384,0.9628405448717948,0.9646434294871795,0.9666466346153846,0.9678485576923077,0.9637419871794872,0.9604366987179487,0.9666466346153846,0.9619391025641025,0.9647435897435898,0.96875,0.9655448717948718,0.9650440705128205,0.9665464743589743,0.9686498397435898,0.9616386217948718,0.9685496794871795,0.9610376602564102,0.967948717948718,0.9676482371794872
403,0.9643429487179487,0.9662459935897436,0.9650440705128205,0.9660456730769231,0.9623397435897436,0.850761217948718,0.8618790064102564,0.7114383012820513,0.5478766025641025,0.8620793269230769,0.9629407051282052,0.9631410256410257,0.9653445512820513,0.9677483974358975,0.9677483974358975,0.9659455128205128,0.9659455128205128,0.9676482371794872,0.9622395833333334,0.9646434294871795,0.96875,0.9654447115384616,0.9671474358974359,0.9619391025641025,0.9693509615384616,0.9636418269230769,0.9668469551282052,0.9661458333333334,0.9676482371794872,0.9665464743589743
404,0.96484375,0.9678485576923077,0.9676482371794872,0.9644431089743589,0.9637419871794872,0.8604767628205128,0.8678886217948718,0.6950120192307693,0.49108573717948717,0.8570713141025641,0.9615384615384616,0.9644431089743589,0.9663461538461539,0.9676482371794872,0.9683493589743589,0.9644431089743589,0.9663461538461539,0.9677483974358975,0.9614383012820513,0.9631410256410257,0.96875,0.9644431089743589,0.9678485576923077,0.9614383012820513,0.9684495192307693,0.9630408653846154,0.9697516025641025,0.9657451923076923,0.9684495192307693,0.9667467948717948
405,0.9677483974358975,0.9657451923076923,0.9666466346153846,0.9653445512820513,0.9633413461538461,0.09745592948717949,0.87890625,0.6008613782051282,0.34705528846153844,0.8428485576923077,0.9594350961538461,0.9629407051282052,0.9670472756410257,0.9650440705128205,0.9678485576923077,0.9658453525641025,0.9652443910256411,0.9669471153846154,0.9615384615384616,0.9654447115384616,0.9678485576923077,0.9662459935897436,0.9667467948717948,0.9626402243589743,0.965645032051282,0.9649439102564102,0.9680488782051282,0.9630408653846154,0.9664463141025641,0.9680488782051282
406,0.9667467948717948,0.9667467948717948,0.9663461538461539,0.9662459935897436,0.9607371794871795,0.15494791666666666,0.8717948717948718,0.7192508012820513,0.5787259615384616,0.8532652243589743,0.9634415064102564,0.965645032051282,0.9677483974358975,0.9657451923076923,0.96484375,0.9673477564102564,0.9636418269230769,0.9666466346153846,0.9636418269230769,0.9672475961538461,0.9545272435897436,0.9631410256410257,0.9669471153846154,0.9632411858974359,0.9611378205128205,0.9611378205128205,0.9649439102564102,0.9647435897435898,0.9670472756410257,0.9675480769230769
407,0.9632411858974359,0.9677483974358975,0.9666466346153846,0.9641426282051282,0.9554286858974359,0.10286458333333333,0.8707932692307693,0.7608173076923077,0.6696714743589743,0.8652844551282052,0.9632411858974359,0.9657451923076923,0.9685496794871795,0.9655448717948718,0.9655448717948718,0.9664463141025641,0.96484375,0.9651442307692307,0.9642427884615384,0.9660456730769231,0.9676482371794872,0.9651442307692307,0.9678485576923077,0.9636418269230769,0.9680488782051282,0.9629407051282052,0.9673477564102564,0.9644431089743589,0.9680488782051282,0.9658453525641025
408,0.9657451923076923,0.96875,0.9649439102564102,0.9651442307692307,0.9628405448717948,0.3301282051282051,0.8772035256410257,0.6113782051282052,0.6393229166666666,0.8765024038461539,0.9634415064102564,0.9635416666666666,0.9664463141025641,0.9651442307692307,0.9680488782051282,0.9675480769230769,0.9658453525641025,0.967948717948718,0.9610376602564102,0.9666466346153846,0.9669471153846154,0.9654447115384616,0.9682491987179487,0.9632411858974359,0.9669471153846154,0.9625400641025641,0.9670472756410257,0.9643429487179487,0.967948717948718,0.9663461538461539
409,0.9664463141025641,0.9675480769230769,0.9673477564102564,0.9653445512820513,0.9618389423076923,0.3339342948717949,0.8784054487179487,0.7498998397435898,0.6942107371794872,0.8712940705128205,0.9636418269230769,0.9628405448717948,0.9609375,0.9647435897435898,0.9665464743589743,0.9652443910256411,0.9645432692307693,0.9675480769230769,0.9602363782051282,0.9652443910256411,0.9678485576923077,0.9662459935897436,0.9671474358974359,0.9637419871794872,0.9672475961538461,0.9620392628205128,0.96875,0.9641426282051282,0.9675480769230769,0.9652443910256411
410,0.9665464743589743,0.9685496794871795,0.9664463141025641,0.9660456730769231,0.9639423076923077,0.35987580128205127,0.8511618589743589,0.5454727564102564,0.7358774038461539,0.8662860576923077,0.9632411858974359,0.9631410256410257,0.9670472756410257,0.9670472756410257,0.9649439102564102,0.9662459935897436,0.9596354166666666,0.965645032051282,0.9627403846153846,0.9659455128205128,0.9668469551282052,0.9649439102564102,0.9680488782051282,0.9654447115384616,0.9681490384615384,0.9631410256410257,0.9682491987179487,0.9655448717948718,0.9691506410256411,0.9659455128205128
411,0.9672475961538461,0.9671474358974359,0.9671474358974359,0.965645032051282,0.9628405448717948,0.47966746794871795,0.8893229166666666,0.7501001602564102,0.7561097756410257,0.8181089743589743,0.9606370192307693,0.9660456730769231,0.9634415064102564,0.9678485576923077,0.9664463141025641,0.9658453525641025,0.9643429487179487,0.9649439102564102,0.9628405448717948,0.9654447115384616,0.9662459935897436,0.9658453525641025,0.9534254807692307,0.9638421474358975,0.9682491987179487,0.9621394230769231,0.9664463141025641,0.9666466346153846,0.9694511217948718,0.9668469551282052
412,0.9669471153846154,0.9682491987179487,0.9659455128205128,0.9650440705128205,0.9573317307692307,0.5018028846153846,0.8849158653846154,0.7300681089743589,0.7065304487179487,0.8838141025641025,0.9612379807692307,0.9668469551282052,0.9665464743589743,0.9669471153846154,0.9659455128205128,0.9665464743589743,0.9627403846153846,0.9668469551282052,0.9590344551282052,0.965645032051282,0.9681490384615384,0.96484375,0.967948717948718,0.9639423076923077,0.9672475961538461,0.96484375,0.9677483974358975,0.9649439102564102,0.9690504807692307,0.9675480769230769
413,0.9674479166666666,0.9683493589743589,0.9671474358974359,0.9645432692307693,0.9607371794871795,0.5390625,0.8878205128205128,0.7330729166666666,0.6555488782051282,0.8733974358974359,0.96484375,0.9658453525641025,0.9663461538461539,0.9692508012820513,0.9674479166666666,0.965645032051282,0.9620392628205128,0.9659455128205128,0.9627403846153846,0.9657451923076923,0.9682491987179487,0.964042467948718,0.9666466346153846,0.9613381410256411,0.9693509615384616,0.9641426282051282,0.9664463141025641,0.9643429487179487,0.9688501602564102,0.9683493589743589
414,0.9670472756410257,0.9666466346153846,0.9599358974358975,0.9633413461538461,0.9606370192307693,0.5708133012820513,0.8843149038461539,0.10286458333333333,0.7634214743589743,0.8712940705128205,0.9623397435897436,0.9663461538461539,0.9671474358974359,0.96875,0.9675480769230769,0.9649439102564102,0.9622395833333334,0.9653445512820513,0.9661458333333334,0.965645032051282,0.9675480769230769,0.9643429487179487,0.9669471153846154,0.9630408653846154,0.9692508012820513,0.964042467948718,0.9694511217948718,0.9649439102564102,0.9684495192307693,0.9685496794871795
415,0.9678485576923077,0.9684495192307693,0.9651442307692307,0.9632411858974359,0.9612379807692307,0.5392628205128205,0.8817107371794872,0.22075320512820512,0.7787459935897436,0.8742988782051282,0.9630408653846154,0.9646434294871795,0.9634415064102564,0.9636418269230769,0.9673477564102564,0.9644431089743589,0.9654447115384616,0.9668469551282052,0.9634415064102564,0.9662459935897436,0.9667467948717948,0.9661458333333334,0.9677483974358975,0.9655448717948718,0.9665464743589743,0.9644431089743589,0.9686498397435898,0.96484375,0.9658453525641025,0.9693509615384616
416,0.9612379807692307,0.9683493589743589,0.9672475961538461,0.96484375,0.9615384615384616,0.6366185897435898,0.8894230769230769,0.1031650641025641,0.8059895833333334,0.8835136217948718,0.9616386217948718,0.9641426282051282,0.9649439102564102,0.9666466346153846,0.9669471153846154,0.9662459935897436,0.9664463141025641,0.9659455128205128,0.9642427884615384,0.9664463141025641,0.9678485576923077,0.9660456730769231,0.9667467948717948,0.964042467948718,0.9668469551282052,0.9638421474358975,0.9660456730769231,0.9664463141025641,0.9669471153846154,0.9677483974358975
417,0.9676482371794872,0.9674479166666666,0.9677483974358975,0.9643429487179487,0.9610376602564102,0.6397235576923077,0.8921274038461539,0.33974358974358976,0.8068910256410257,0.8912259615384616,0.96484375,0.9644431089743589,0.9658453525641025,0.96484375,0.965645032051282,0.9674479166666666,0.9675480769230769,0.9658453525641025,0.96484375,0.9652443910256411,0.9673477564102564,0.9677483974358975,0.9677483974358975,0.9645432692307693,0.9685496794871795,0.9638421474358975,0.9675480769230769,0.9638421474358975,0.9672475961538461,0.9683493589743589
418,0.9660456730769231,0.9665464743589743,0.9671474358974359,0.9618389423076923,0.9612379807692307,0.6491386217948718,0.8956330128205128,0.5137219551282052,0.8146033653846154,0.8941306089743589,0.9632411858974359,0.9659455128205128,0.9660456730769231,0.9682491987179487,0.9649439102564102,0.9673477564102564,0.9631410256410257,0.9660456730769231,0.9634415064102564,0.9655448717948718,0.967948717948718,0.9643429487179487,0.9673477564102564,0.9641426282051282,0.9661458333333334,0.9631410256410257,0.9690504807692307,0.9651442307692307,0.96875,0.9681490384615384
419,0.9550280448717948,0.9669471153846154,0.9678485576923077,0.9641426282051282,0.9620392628205128,0.5911458333333334,0.8986378205128205,0.5080128205128205,0.8043870192307693,0.8873197115384616,0.9646434294871795,0.9629407051282052,0.9651442307692307,0.9674479166666666,0.9685496794871795,0.9665464743589743,0.9643429487179487,0.9676482371794872,0.9614383012820513,0.9658453525641025,0.9666466346153846,0.9653445512820513,0.9651442307692307,0.9641426282051282,0.9638421474358975,0.964042467948718,0.9675480769230769,0.9635416666666666,0.9697516025641025,0.9677483974358975
420,0.1031650641025641,0.9680488782051282,0.9669471153846154,0.961738782051282,0.9620392628205128,0.6551482371794872,0.8977363782051282,0.36147836538461536,0.8016826923076923,0.8885216346153846,0.9632411858974359,0.9634415064102564,0.9629407051282052,0.9646434294871795,0.967948717948718,0.9663461538461539,0.9641426282051282,0.9667467948717948,0.9618389423076923,0.9678485576923077,0.9646434294871795,0.9654447115384616,0.96484375,0.9639423076923077,0.9683493589743589,0.9639423076923077,0.9717548076923077,0.9650440705128205,0.9684495192307693,0.9680488782051282
421,0.14723557692307693,0.9662459935897436,0.9673477564102564,0.9630408653846154,0.9618389423076923,0.6185897435897436,0.8924278846153846,0.4868790064102564,0.7740384615384616,0.8970352564102564,0.9632411858974359,0.9637419871794872,0.9653445512820513,0.9666466346153846,0.9672475961538461,0.9682491987179487,0.9645432692307693,0.9672475961538461,0.9624399038461539,0.9660456730769231,0.9680488782051282,0.9632411858974359,0.9613381410256411,0.9633413461538461,0.9653445512820513,0.9628405448717948,0.9673477564102564,0.9663461538461539,0.9684495192307693,0.967948717948718
422,0.34715544871794873,0.964042467948718,0.9668469551282052,0.96484375,0.9626402243589743,0.7063301282051282,0.8995392628205128,0.6282051282051282,0.8236177884615384,0.8963341346153846,0.9642427884615384,0.9654447115384616,0.9658453525641025,0.96484375,0.9678485576923077,0.965645032051282,0.9645432692307693,0.9671474358974359,0.9616386217948718,0.9669471153846154,0.9686498397435898,0.9634415064102564,0.9669471153846154,0.9646434294871795,0.9676482371794872,0.9612379807692307,0.9701522435897436,0.9662459935897436,0.9674479166666666,0.9681490384615384
423,0.28465544871794873,0.9672475961538461,0.9647435897435898,0.9643429487179487,0.9615384615384616,0.5855368589743589,0.8987379807692307,0.09815705128205128,0.7342748397435898,0.8928285256410257,0.9611378205128205,0.9667467948717948,0.965645032051282,0.9669471153846154,0.9657451923076923,0.9672475961538461,0.9665464743589743,0.9667467948717948,0.9642427884615384,0.9672475961538461,0.9693509615384616,0.9636418269230769,0.9676482371794872,0.964042467948718,0.9675480769230769,0.9637419871794872,0.9690504807692307,0.9661458333333334,0.9660456730769231,0.96875
424,0.422275641025641,0.9682491987179487,0.9659455128205128,0.9654447115384616,0.9621394230769231,0.7591145833333334,0.9008413461538461,0.16686698717948717,0.8348357371794872,0.8991386217948718,0.9657451923076923,0.9663461538461539,0.9653445512820513,0.9666466346153846,0.9680488782051282,0.9666466346153846,0.965645032051282,0.9653445512820513,0.9619391025641025,0.9659455128205128,0.9681490384615384,0.9653445512820513,0.9676482371794872,0.9633413461538461,0.9684495192307693,0.9660456730769231,0.9697516025641025,0.9651442307692307,0.9669471153846154,0.9688501602564102
425,0.44701522435897434,0.9657451923076923,0.9680488782051282,0.9649439102564102,0.961738782051282,0.7019230769230769,0.885917467948718,0.23137019230769232,0.8392427884615384,0.8941306089743589,0.9652443910256411,0.9657451923076923,0.96484375,0.9668469551282052,0.9665464743589743,0.9674479166666666,0.965645032051282,0.9680488782051282,0.9637419871794872,0.9661458333333334,0.9682491987179487,0.9663461538461539,0.9668469551282052,0.9646434294871795,0.9664463141025641,0.9634415064102564,0.969551282051282,0.9631410256410257,0.9674479166666666,0.967948717948718
426,0.45252403846153844,0.9662459935897436,0.9671474358974359,0.9663461538461539,0.9608373397435898,0.785957532051282,0.8919270833333334,0.31881009615384615,0.8443509615384616,0.9004407051282052,0.9624399038461539,0.9646434294871795,0.9643429487179487,0.9627403846153846,0.9676482371794872,0.965645032051282,0.9638421474358975,0.9677483974358975,0.9615384615384616,0.9661458333333334,0.9676482371794872,0.9661458333333334,0.9681490384615384,0.9642427884615384,0.9661458333333334,0.9646434294871795,0.9685496794871795,0.9641426282051282,0.9686498397435898,0.9692508012820513
427,0.5277443910256411,0.9672475961538461,0.9685496794871795,0.9666466346153846,0.9605368589743589,0.8011818910256411,0.9020432692307693,0.46654647435897434,0.8574719551282052,0.8922275641025641,0.9655448717948718,0.9662459935897436,0.9654447115384616,0.9664463141025641,0.96875,0.9671474358974359,0.9644431089743589,0.967948717948718,0.9629407051282052,0.9652443910256411,0.9680488782051282,0.9653445512820513,0.9686498397435898,0.9639423076923077,0.9678485576923077,0.9634415064102564,0.9690504807692307,0.9661458333333334,0.9677483974358975,0.9681490384615384
428,0.3150040064102564,0.9657451923076923,0.9672475961538461,0.9655448717948718,0.9602363782051282,0.7978766025641025,0.9017427884615384,0.42728365384615385,0.8520633012820513,0.9012419871794872,0.9638421474358975,0.9653445512820513,0.9636418269230769,0.9664463141025641,0.9665464743589743,0.9634415064102564,0.9646434294871795,0.9667467948717948,0.9616386217948718,0.9631410256410257,0.9669471153846154,0.9646434294871795,0.9681490384615384,0.9643429487179487,0.9693509615384616,0.9635416666666666,0.9696514423076923,0.964042467948718,0.9661458333333334,0.9682491987179487
429,0.5541866987179487,0.9670472756410257,0.9672475961538461,0.9655448717948718,0.9609375,0.7828525641025641,0.9005408653846154,0.5472756410256411,0.8713942307692307,0.8998397435897436,0.9659455128205128,0.965645032051282,0.9652443910256411,0.9669471153846154,0.9669471153846154,0.9662459935897436,0.9647435897435898,0.9671474358974359,0.9626402243589743,0.9645432692307693,0.9673477564102564,0.9659455128205128,0.9680488782051282,0.9634415064102564,0.9677483974358975,0.9649439102564102,0.9693509615384616,0.9635416666666666,0.9642427884615384,0.9672475961538461
430,0.5621995192307693,0.9630408653846154,0.9673477564102564,0.9643429487179487,0.9630408653846154,0.8256209935897436,0.1031650641025641,0.6303084935897436,0.8695913461538461,0.8982371794871795,0.9657451923076923,0.9660456730769231,0.9655448717948718,0.9671474358974359,0.9666466346153846,0.9681490384615384,0.9650440705128205,0.9634415064102564,0.9639423076923077,0.9668469551282052,0.96875,0.9642427884615384,0.967948717948718,0.9626402243589743,0.9671474358974359,0.9647435897435898,0.9680488782051282,0.9634415064102564,0.9683493589743589,0.9669471153846154
431,0.6459334935897436,0.9675480769230769,0.9642427884615384,0.9650440705128205,0.9628405448717948,0.7408854166666666,0.09505208333333333,0.6650641025641025,0.8734975961538461,0.8940304487179487,0.9646434294871795,0.9654447115384616,0.9647435897435898,0.9659455128205128,0.9665464743589743,0.9653445512820513,0.9657451923076923,0.9675480769230769,0.961738782051282,0.965645032051282,0.9689503205128205,0.9661458333333334,0.9674479166666666,0.9637419871794872,0.9696514423076923,0.9646434294871795,0.9692508012820513,0.9627403846153846,0.9652443910256411,0.9672475961538461
432,0.6887019230769231,0.969551282051282,0.9663461538461539,0.9647435897435898,0.9621394230769231,0.7213541666666666,0.13341346153846154,0.6350160256410257,0.8745993589743589,0.8863181089743589,0.96484375,0.9651442307692307,0.9650440705128205,0.9661458333333334,0.9666466346153846,0.9665464743589743,0.9652443910256411,0.9665464743589743,0.9598357371794872,0.96484375,0.9680488782051282,0.9651442307692307,0.9681490384615384,0.9632411858974359,0.9668469551282052,0.9665464743589743,0.9685496794871795,0.9636418269230769,0.9652443910256411,0.9661458333333334
433,0.674979967948718,0.9674479166666666,0.9680488782051282,0.9647435897435898,0.9616386217948718,0.8132011217948718,0.3802083333333333,0.5461738782051282,0.8721955128205128,0.9036458333333334,0.9647435897435898,0.9647435897435898,0.9653445512820513,0.9634415064102564,0.964042467948718,0.9638421474358975,0.96484375,0.9673477564102564,0.9600360576923077,0.9661458333333334,0.9696514423076923,0.9630408653846154,0.9671474358974359,0.9622395833333334,0.9705528846153846,0.9636418269230769,0.9692508012820513,0.9667467948717948,0.9674479166666666,0.9630408653846154
434,0.6925080128205128,0.9665464743589743,0.9657451923076923,0.9636418269230769,0.9602363782051282,0.8316306089743589,0.32361778846153844,0.6659655448717948,0.7334735576923077,0.9090544871794872,0.9588341346153846,0.9649439102564102,0.9651442307692307,0.9671474358974359,0.9670472756410257,0.9660456730769231,0.9659455128205128,0.9680488782051282,0.9585336538461539,0.9675480769230769,0.9684495192307693,0.9650440705128205,0.9681490384615384,0.9629407051282052,0.9678485576923077,0.9659455128205128,0.9707532051282052,0.9659455128205128,0.9685496794871795,0.9663461538461539
435,0.7455929487179487,0.9667467948717948,0.9666466346153846,0.9654447115384616,0.9611378205128205,0.827323717948718,0.5309495192307693,0.7006209935897436,0.8368389423076923,0.1031650641025641,0.9622395833333334,0.9661458333333334,0.9661458333333334,0.9669471153846154,0.9672475961538461,0.9672475961538461,0.9654447115384616,0.9670472756410257,0.9615384615384616,0.9675480769230769,0.9677483974358975,0.9669471153846154,0.9670472756410257,0.9631410256410257,0.9681490384615384,0.9655448717948718,0.9717548076923077,0.9651442307692307,0.9675480769230769,0.9660456730769231
436,0.7007211538461539,0.9675480769230769,0.9670472756410257,0.9638421474358975,0.9625400641025641,0.8350360576923077,0.4645432692307692,0.7211538461538461,0.8815104166666666,0.10236378205128205,0.9632411858974359,0.96484375,0.9670472756410257,0.9664463141025641,0.9669471153846154,0.9675480769230769,0.9652443910256411,0.9675480769230769,0.9606370192307693,0.9659455128205128,0.9701522435897436,0.9673477564102564,0.965645032051282,0.9626402243589743,0.9671474358974359,0.9637419871794872,0.9706530448717948,0.9657451923076923,0.9678485576923077,0.9668469551282052
437,0.7025240384615384,0.9654447115384616,0.9647435897435898,0.9633413461538461,0.9635416666666666,0.8498597756410257,0.5367588141025641,0.7229567307692307,0.8816105769230769,0.17668269230769232,0.96484375,0.9653445512820513,0.9666466346153846,0.9673477564102564,0.9661458333333334,0.9683493589743589,0.9654447115384616,0.9666466346153846,0.9624399038461539,0.9662459935897436,0.9692508012820513,0.9677483974358975,0.9669471153846154,0.9621394230769231,0.9697516025641025,0.9635416666666666,0.971854967948718,0.965645032051282,0.96875,0.9654447115384616
438,0.7373798076923077,0.9678485576923077,0.9669471153846154,0.9650440705128205,0.9622395833333334,0.8550681089743589,0.5596955128205128,0.40124198717948717,0.8830128205128205,0.20142227564102563,0.9649439102564102,0.9663461538461539,0.9663461538461539,0.9660456730769231,0.9675480769230769,0.9658453525641025,0.9666466346153846,0.9666466346153846,0.9620392628205128,0.9651442307692307,0.9657451923076923,0.9647435897435898,0.967948717948718,0.9634415064102564,0.9691506410256411,0.9647435897435898,0.9721554487179487,0.9630408653846154,0.9673477564102564,0.9645432692307693
439,0.5465745192307693,0.9651442307692307,0.9663461538461539,0.9637419871794872,0.9605368589743589,0.8600761217948718,0.5920472756410257,0.1390224358974359,0.8727964743589743,0.3249198717948718,0.9632411858974359,0.9651442307692307,0.9675480769230769,0.9654447115384616,0.9678485576923077,0.9677483974358975,0.9661458333333334,0.9670472756410257,0.9611378205128205,0.9668469551282052,0.9686498397435898,0.9652443910256411,0.9668469551282052,0.9644431089743589,0.9682491987179487,0.9633413461538461,0.96875,0.9652443910256411,0.9669471153846154,0.9673477564102564
440,0.7253605769230769,0.9668469551282052,0.9659455128205128,0.961738782051282,0.9620392628205128,0.866386217948718,0.6077724358974359,0.15725160256410256,0.8888221153846154,0.4199719551282051,0.10096153846153846,0.9635416666666666,0.9669471153846154,0.9671474358974359,0.9685496794871795,0.9671474358974359,0.9678485576923077,0.9654447115384616,0.9642427884615384,0.9661458333333334,0.9680488782051282,0.9664463141025641,0.967948717948718,0.9638421474358975,0.9689503205128205,0.9639423076923077,0.9714543269230769,0.9629407051282052,0.9671474358974359,0.9677483974358975
441,0.7848557692307693,0.9654447115384616,0.9678485576923077,0.9646434294871795,0.9628405448717948,0.8664863782051282,0.6002604166666666,0.30318509615384615,0.8856169871794872,0.578926282051282,0.1948116987179487,0.9664463141025641,0.9681490384615384,0.9646434294871795,0.9665464743589743,0.9681490384615384,0.9663461538461539,0.9662459935897436,0.9650440705128205,0.9651442307692307,0.9691506410256411,0.9653445512820513,0.9669471153846154,0.9643429487179487,0.9694511217948718,0.9644431089743589,0.9680488782051282,0.9645432692307693,0.9676482371794872,0.967948717948718
442,0.788261217948718,0.965645032051282,0.9666466346153846,0.9620392628205128,0.9635416666666666,0.8721955128205128,0.6287059294871795,0.44350961538461536,0.8864182692307693,0.47546073717948717,0.20392628205128205,0.9654447115384616,0.9659455128205128,0.9666466346153846,0.9688501602564102,0.9641426282051282,0.9650440705128205,0.9666466346153846,0.9634415064102564,0.9654447115384616,0.9682491987179487,0.9660456730769231,0.9662459935897436,0.9642427884615384,0.9694511217948718,0.9646434294871795,0.9663461538461539,0.9668469551282052,0.9643429487179487,0.9688501602564102
443,0.7864583333333334,0.9674479166666666,0.9667467948717948,0.9667467948717948,0.9636418269230769,0.8360376602564102,0.2663261217948718,0.3372395833333333,0.8947315705128205,0.5483774038461539,0.3855168269230769,0.9643429487179487,0.9662459935897436,0.9657451923076923,0.9683493589743589,0.9645432692307693,0.9663461538461539,0.9670472756410257,0.9631410256410257,0.9659455128205128,0.96875,0.9644431089743589,0.9668469551282052,0.9636418269230769,0.9706530448717948,0.9642427884615384,0.9708533653846154,0.9651442307692307,0.9657451923076923,0.9682491987179487
444,0.6517427884615384,0.9658453525641025,0.9664463141025641,0.9666466346153846,0.9632411858974359,0.8672876602564102,0.09835737179487179,0.567207532051282,0.8892227564102564,0.5732171474358975,0.3295272435897436,0.9664463141025641,0.9682491987179487,0.9653445512820513,0.9674479166666666,0.9654447115384616,0.9672475961538461,0.9663461538461539,0.9624399038461539,0.9663461538461539,0.96875,0.9659455128205128,0.9664463141025641,0.9629407051282052,0.9688501602564102,0.9652443910256411,0.9722556089743589,0.9646434294871795,0.9659455128205128,0.9677483974358975
445,0.7551081730769231,0.9625400641025641,0.9669471153846154,0.9650440705128205,0.9629407051282052,0.8768028846153846,0.1932091346153846,0.5862379807692307,0.8984375,0.6034655448717948,0.4697516025641026,0.9665464743589743,0.9667467948717948,0.9669471153846154,0.9688501602564102,0.9643429487179487,0.9669471153846154,0.9677483974358975,0.9610376602564102,0.9660456730769231,0.967948717948718,0.9650440705128205,0.9670472756410257,0.9631410256410257,0.969551282051282,0.9636418269230769,0.9700520833333334,0.965645032051282,0.9680488782051282,0.9670472756410257
446,0.8011818910256411,0.9663461538461539,0.9675480769230769,0.9653445512820513,0.9644431089743589,0.7964743589743589,0.28695913461538464,0.6347155448717948,0.8917267628205128,0.4349959935897436,0.5504807692307693,0.9660456730769231,0.9657451923076923,0.9665464743589743,0.9662459935897436,0.9657451923076923,0.9658453525641025,0.9674479166666666,0.9629407051282052,0.965645032051282,0.9686498397435898,0.9660456730769231,0.9682491987179487,0.9643429487179487,0.9706530448717948,0.9634415064102564,0.9696514423076923,0.9654447115384616,0.9674479166666666,0.9678485576923077
447,0.827323717948718,0.9645432692307693,0.9655448717948718,0.965645032051282,0.9620392628205128,0.8846153846153846,0.44981971153846156,0.6146834935897436,0.8692908653846154,0.6254006410256411,0.5707131410256411,0.9644431089743589,0.9673477564102564,0.9658453525641025,0.9690504807692307,0.9674479166666666,0.9652443910256411,0.9678485576923077,0.9634415064102564,0.9650440705128205,0.9685496794871795,0.9674479166666666,0.9682491987179487,0.9608373397435898,0.9691506410256411,0.9658453525641025,0.9709535256410257,0.9649439102564102,0.9665464743589743,0.9680488782051282
448,0.83984375,0.9663461538461539,0.9671474358974359,0.9668469551282052,0.9626402243589743,0.8870192307692307,0.41326121794871795,0.6266025641025641,0.9002403846153846,0.6443309294871795,0.5091145833333334,0.9661458333333334,0.9662459935897436,0.96484375,0.9703525641025641,0.9665464743589743,0.9652443910256411,0.9668469551282052,0.9638421474358975,0.9658453525641025,0.9681490384615384,0.96484375,0.9686498397435898,0.9646434294871795,0.9698517628205128,0.9652443910256411,0.9692508012820513,0.9615384615384616,0.9665464743589743,0.9667467948717948
449,0.8362379807692307,0.96484375,0.9657451923076923,0.965645032051282,0.9612379807692307,0.8809094551282052,0.5587940705128205,0.5910456730769231,0.903145032051282,0.6657652243589743,0.6160857371794872,0.965645032051282,0.9678485576923077,0.9664463141025641,0.9701522435897436,0.965645032051282,0.964042467948718,0.9666466346153846,0.9639423076923077,0.9646434294871795,0.9692508012820513,0.9670472756410257,0.9665464743589743,0.9587339743589743,0.96875,0.9652443910256411,0.9706530448717948,0.9657451923076923,0.9658453525641025,0.9669471153846154
450,0.8291266025641025,0.9671474358974359,0.9661458333333334,0.9659455128205128,0.9608373397435898,0.8903245192307693,0.6497395833333334,0.6401241987179487,0.8959334935897436,0.6558493589743589,0.5626001602564102,0.9651442307692307,0.9671474358974359,0.9666466346153846,0.9693509615384616,0.9599358974358975,0.9638421474358975,0.9661458333333334,0.9632411858974359,0.9653445512820513,0.9684495192307693,0.96484375,0.9683493589743589,0.9623397435897436,0.9686498397435898,0.96484375,0.9688501602564102,0.965645032051282,0.9655448717948718,0.9658453525641025
451,0.7214543269230769,0.9650440705128205,0.9682491987179487,0.9643429487179487,0.9632411858974359,0.8977363782051282,0.6145833333333334,0.6092748397435898,0.9053485576923077,0.7350761217948718,0.6622596153846154,0.9650440705128205,0.9652443910256411,0.9662459935897436,0.9694511217948718,0.9650440705128205,0.9657451923076923,0.9691506410256411,0.9628405448717948,0.9659455128205128,0.9686498397435898,0.9638421474358975,0.967948717948718,0.9630408653846154,0.9659455128205128,0.9650440705128205,0.971854967948718,0.9641426282051282,0.9665464743589743,0.9697516025641025
452,0.8359375,0.9658453525641025,0.9660456730769231,0.9588341346153846,0.9620392628205128,0.8984375,0.5735176282051282,0.6669671474358975,0.9025440705128205,0.7100360576923077,0.6471354166666666,0.9646434294871795,0.965645032051282,0.9674479166666666,0.9681490384615384,0.9652443910256411,0.96484375,0.9683493589743589,0.9635416666666666,0.9667467948717948,0.9684495192307693,0.9646434294871795,0.9661458333333334,0.9625400641025641,0.9676482371794872,0.9654447115384616,0.9698517628205128,0.9680488782051282,0.9668469551282052,0.9693509615384616
453,0.8400440705128205,0.9661458333333334,0.9678485576923077,0.9636418269230769,0.9623397435897436,0.8972355769230769,0.5983573717948718,0.625,0.8978365384615384,0.6126802884615384,0.6778846153846154,0.9651442307692307,0.9542267628205128,0.96484375,0.9678485576923077,0.9647435897435898,0.9649439102564102,0.9677483974358975,0.9636418269230769,0.9665464743589743,0.9685496794871795,0.9644431089743589,0.9675480769230769,0.9615384615384616,0.9693509615384616,0.9661458333333334,0.969551282051282,0.9677483974358975,0.9676482371794872,0.9680488782051282
454,0.7392828525641025,0.9655448717948718,0.9651442307692307,0.9652443910256411,0.9621394230769231,0.9014423076923077,0.4951923076923077,0.7004206730769231,0.9000400641025641,0.7373798076923077,0.6854967948717948,0.9658453525641025,0.9662459935897436,0.9672475961538461,0.9691506410256411,0.9655448717948718,0.9658453525641025,0.9691506410256411,0.9638421474358975,0.9660456730769231,0.9689503205128205,0.9631410256410257,0.9691506410256411,0.9634415064102564,0.9683493589743589,0.9657451923076923,0.9697516025641025,0.9674479166666666,0.9655448717948718,0.9671474358974359
455,0.8492588141025641,0.9664463141025641,0.9653445512820513,0.9628405448717948,0.9599358974358975,0.8952323717948718,0.7011217948717948,0.6302083333333334,0.9117588141025641,0.7622195512820513,0.7622195512820513,0.9652443910256411,0.9665464743589743,0.9646434294871795,0.9693509615384616,0.9658453525641025,0.9649439102564102,0.9683493589743589,0.9628405448717948,0.9662459935897436,0.969551282051282,0.9666466346153846,0.9678485576923077,0.9630408653846154,0.9654447115384616,0.9641426282051282,0.9694511217948718,0.9659455128205128,0.9645432692307693,0.9658453525641025
456,0.8492588141025641,0.9658453525641025,0.9658453525641025,0.9653445512820513,0.9618389423076923,0.8986378205128205,0.6891025641025641,0.6996193910256411,0.9084535256410257,0.6217948717948718,0.7255608974358975,0.9643429487179487,0.9657451923076923,0.9659455128205128,0.9701522435897436,0.9663461538461539,0.9651442307692307,0.9662459935897436,0.9634415064102564,0.9663461538461539,0.9688501602564102,0.9669471153846154,0.9661458333333334,0.9636418269230769,0.9677483974358975,0.9629407051282052,0.9698517628205128,0.9628405448717948,0.9654447115384616,0.9682491987179487
457,0.8269230769230769,0.9669471153846154,0.9649439102564102,0.9643429487179487,0.9611378205128205,0.9068509615384616,0.7028245192307693,0.6717748397435898,0.9080528846153846,0.7383814102564102,0.7663261217948718,0.9632411858974359,0.9662459935897436,0.9660456730769231,0.96875,0.9665464743589743,0.9669471153846154,0.9691506410256411,0.9624399038461539,0.9638421474358975,0.9701522435897436,0.9669471153846154,0.9671474358974359,0.9647435897435898,0.9689503205128205,0.9649439102564102,0.9701522435897436,0.9620392628205128,0.9663461538461539,0.9681490384615384
458,0.8599759615384616,0.9659455128205128,0.9666466346153846,0.9630408653846154,0.9619391025641025,0.9000400641025641,0.6797876602564102,0.6993189102564102,0.9079527243589743,0.08914262820512821,0.7185496794871795,0.9642427884615384,0.9655448717948718,0.9653445512820513,0.9681490384615384,0.9677483974358975,0.9657451923076923,0.967948717948718,0.9638421474358975,0.9671474358974359,0.9668469551282052,0.9661458333333334,0.9663461538461539,0.9645432692307693,0.9689503205128205,0.9630408653846154,0.9712540064102564,0.9637419871794872,0.9669471153846154,0.9682491987179487
459,0.8578725961538461,0.9642427884615384,0.9661458333333334,0.9624399038461539,0.9603365384615384,0.905448717948718,0.7149439102564102,0.7444911858974359,0.9123597756410257,0.10757211538461539,0.6821915064102564,0.9636418269230769,0.9670472756410257,0.9667467948717948,0.9668469551282052,0.9659455128205128,0.9633413461538461,0.969551282051282,0.9580328525641025,0.9658453525641025,0.9698517628205128,0.9654447115384616,0.9688501602564102,0.9634415064102564,0.9678485576923077,0.9655448717948718,0.9684495192307693,0.9636418269230769,0.9644431089743589,0.9668469551282052
460,0.8691907051282052,0.9667467948717948,0.9661458333333334,0.9628405448717948,0.9577323717948718,0.9036458333333334,0.7561097756410257,0.7650240384615384,0.9106570512820513,0.11588541666666667,0.770332532051282,0.9657451923076923,0.9645432692307693,0.9650440705128205,0.9665464743589743,0.967948717948718,0.9657451923076923,0.9688501602564102,0.9641426282051282,0.9657451923076923,0.9684495192307693,0.9660456730769231,0.9672475961538461,0.964042467948718,0.96875,0.9654447115384616,0.9681490384615384,0.9670472756410257,0.96484375,0.9678485576923077
461,0.8628806089743589,0.9668469551282052,0.9638421474358975,0.9620392628205128,0.9614383012820513,0.9022435897435898,0.7153445512820513,0.7908653846153846,0.9046474358974359,0.30869391025641024,0.7585136217948718,0.9670472756410257,0.9658453525641025,0.9661458333333334,0.9665464743589743,0.9682491987179487,0.9660456730769231,0.9686498397435898,0.9641426282051282,0.9645432692307693,0.967948717948718,0.9650440705128205,0.9670472756410257,0.9642427884615384,0.9689503205128205,0.9646434294871795,0.9689503205128205,0.9667467948717948,0.9662459935897436,0.9661458333333334
462,0.8664863782051282,0.9683493589743589,0.9647435897435898,0.964042467948718,0.9616386217948718,0.9013421474358975,0.7581129807692307,0.7679286858974359,0.9103565705128205,0.35146233974358976,0.8157051282051282,0.9642427884615384,0.9664463141025641,0.9653445512820513,0.9674479166666666,0.9676482371794872,0.9651442307692307,0.9681490384615384,0.9651442307692307,0.9658453525641025,0.9678485576923077,0.9655448717948718,0.9678485576923077,0.9632411858974359,0.9690504807692307,0.9659455128205128,0.9700520833333334,0.9651442307692307,0.9655448717948718,0.9683493589743589
463,0.8641826923076923,0.9672475961538461,0.96484375,0.96484375,0.9616386217948718,0.9110576923076923,0.7029246794871795,0.5903445512820513,0.9064503205128205,0.5625,0.8030849358974359,0.9654447115384616,0.9674479166666666,0.9672475961538461,0.9675480769230769,0.9681490384615384,0.9654447115384616,0.9680488782051282,0.9632411858974359,0.96484375,0.9692508012820513,0.9649439102564102,0.9675480769230769,0.9632411858974359,0.9691506410256411,0.9651442307692307,0.96875,0.9654447115384616,0.9655448717948718,0.9691506410256411
464,0.8730969551282052,0.9654447115384616,0.965645032051282,0.9654447115384616,0.9608373397435898,0.9165665064102564,0.7439903846153846,0.7256610576923077,0.9108573717948718,0.5005008012820513,0.8127003205128205,0.9653445512820513,0.9680488782051282,0.9667467948717948,0.9689503205128205,0.9671474358974359,0.9641426282051282,0.9666466346153846,0.9651442307692307,0.9649439102564102,0.9690504807692307,0.9664463141025641,0.9677483974358975,0.9626402243589743,0.9666466346153846,0.9653445512820513,0.9663461538461539,0.9647435897435898,0.9657451923076923,0.9678485576923077
465,0.8783052884615384,0.9671474358974359,0.9672475961538461,0.9649439102564102,0.9642427884615384,0.9092548076923077,0.8008814102564102,0.8208133012820513,0.9170673076923077,0.5317508012820513,0.8154046474358975,0.9669471153846154,0.9681490384615384,0.9672475961538461,0.9672475961538461,0.9658453525641025,0.9652443910256411,0.9663461538461539,0.9623397435897436,0.9662459935897436,0.9683493589743589,0.9669471153846154,0.9673477564102564,0.9646434294871795,0.9694511217948718,0.9647435897435898,0.9686498397435898,0.9662459935897436,0.9683493589743589,0.9688501602564102
466,0.8744991987179487,0.965645032051282,0.9664463141025641,0.9637419871794872,0.9625400641025641,0.913261217948718,0.8154046474358975,0.8231169871794872,0.9131610576923077,0.3958333333333333,0.8258213141025641,0.9659455128205128,0.9673477564102564,0.9655448717948718,0.9692508012820513,0.9653445512820513,0.9629407051282052,0.9682491987179487,0.961738782051282,0.9634415064102564,0.9676482371794872,0.9671474358974359,0.9685496794871795,0.9655448717948718,0.9689503205128205,0.9642427884615384,0.9690504807692307,0.9676482371794872,0.9664463141025641,0.9684495192307693
467,0.8827123397435898,0.9667467948717948,0.967948717948718,0.9653445512820513,0.9647435897435898,0.9144631410256411,0.8275240384615384,0.8153044871794872,0.9108573717948718,0.484775641025641,0.8330328525641025,0.9660456730769231,0.9667467948717948,0.9622395833333334,0.969551282051282,0.9659455128205128,0.9664463141025641,0.9675480769230769,0.9629407051282052,0.96484375,0.9689503205128205,0.9678485576923077,0.9692508012820513,0.9632411858974359,0.9689503205128205,0.9645432692307693,0.9690504807692307,0.9670472756410257,0.9662459935897436,0.967948717948718
468,0.878104967948718,0.9692508012820513,0.9686498397435898,0.9629407051282052,0.9621394230769231,0.9141626602564102,0.8252203525641025,0.8210136217948718,0.9152644230769231,0.5863381410256411,0.8291266025641025,0.9665464743589743,0.9670472756410257,0.9660456730769231,0.9691506410256411,0.9672475961538461,0.9644431089743589,0.9676482371794872,0.9644431089743589,0.9657451923076923,0.9660456730769231,0.9673477564102564,0.9689503205128205,0.9655448717948718,0.9703525641025641,0.9644431089743589,0.9701522435897436,0.9652443910256411,0.9655448717948718,0.9660456730769231
469,0.8676883012820513,0.9686498397435898,0.9684495192307693,0.9607371794871795,0.9632411858974359,0.9053485576923077,0.7956730769230769,0.8342347756410257,0.918770032051282,0.6497395833333334,0.8364383012820513,0.9671474358974359,0.9657451923076923,0.9643429487179487,0.9681490384615384,0.9685496794871795,0.9674479166666666,0.9663461538461539,0.9643429487179487,0.9645432692307693,0.96875,0.9668469551282052,0.9680488782051282,0.9660456730769231,0.9668469551282052,0.9635416666666666,0.9700520833333334,0.9661458333333334,0.9659455128205128,0.9665464743589743
470,0.8858173076923077,0.9686498397435898,0.9669471153846154,0.9630408653846154,0.9626402243589743,0.9145633012820513,0.7956730769230769,0.8391426282051282,0.9231770833333334,0.6522435897435898,0.8564703525641025,0.9667467948717948,0.9674479166666666,0.9646434294871795,0.9665464743589743,0.9680488782051282,0.9661458333333334,0.9677483974358975,0.9639423076923077,0.9657451923076923,0.9678485576923077,0.9660456730769231,0.9668469551282052,0.9660456730769231,0.9692508012820513,0.9655448717948718,0.9678485576923077,0.9654447115384616,0.9685496794871795,0.9663461538461539
471,0.8923277243589743,0.9674479166666666,0.9681490384615384,0.9631410256410257,0.9622395833333334,0.9141626602564102,0.8471554487179487,0.8521634615384616,0.9231770833333334,0.5764222756410257,0.8449519230769231,0.9641426282051282,0.9672475961538461,0.9669471153846154,0.9675480769230769,0.9669471153846154,0.9652443910256411,0.9664463141025641,0.9652443910256411,0.9651442307692307,0.9683493589743589,0.9668469551282052,0.9700520833333334,0.9646434294871795,0.9674479166666666,0.9645432692307693,0.9700520833333334,0.9650440705128205,0.9660456730769231,0.9659455128205128
472,0.8834134615384616,0.9666466346153846,0.967948717948718,0.9623397435897436,0.9632411858974359,0.9117588141025641,0.852363782051282,0.8527644230769231,0.9213741987179487,0.6262019230769231,0.8375400641025641,0.9653445512820513,0.9671474358974359,0.9667467948717948,0.9677483974358975,0.9668469551282052,0.9645432692307693,0.9669471153846154,0.964042467948718,0.9663461538461539,0.9677483974358975,0.9667467948717948,0.9694511217948718,0.9622395833333334,0.9678485576923077,0.9646434294871795,0.9707532051282052,0.9655448717948718,0.9669471153846154,0.9657451923076923
473,0.8873197115384616,0.9672475961538461,0.9673477564102564,0.9643429487179487,0.9637419871794872,0.9188701923076923,0.8165064102564102,0.8589743589743589,0.9243790064102564,0.5602964743589743,0.8428485576923077,0.96484375,0.9662459935897436,0.9664463141025641,0.9674479166666666,0.9670472756410257,0.964042467948718,0.9671474358974359,0.9639423076923077,0.9659455128205128,0.9672475961538461,0.9670472756410257,0.9689503205128205,0.9616386217948718,0.9672475961538461,0.9673477564102564,0.9703525641025641,0.9644431089743589,0.9676482371794872,0.9671474358974359
474,0.88671875,0.9672475961538461,0.9686498397435898,0.9641426282051282,0.9635416666666666,0.9155649038461539,0.8293269230769231,0.8048878205128205,0.9143629807692307,0.6464342948717948,0.8474559294871795,0.9649439102564102,0.9682491987179487,0.9662459935897436,0.9664463141025641,0.9655448717948718,0.9623397435897436,0.9657451923076923,0.9655448717948718,0.9649439102564102,0.9670472756410257,0.9666466346153846,0.9682491987179487,0.9646434294871795,0.96875,0.9651442307692307,0.9704527243589743,0.9662459935897436,0.9683493589743589,0.9647435897435898
475,0.8908253205128205,0.9663461538461539,0.96875,0.9625400641025641,0.9610376602564102,0.9234775641025641,0.8496594551282052,0.8571714743589743,0.9237780448717948,0.7020232371794872,0.8575721153846154,0.9639423076923077,0.9678485576923077,0.9674479166666666,0.9697516025641025,0.9663461538461539,0.9651442307692307,0.9675480769230769,0.9651442307692307,0.9660456730769231,0.9677483974358975,0.9661458333333334,0.9693509615384616,0.9651442307692307,0.9706530448717948,0.9653445512820513,0.9698517628205128,0.9664463141025641,0.9685496794871795,0.9670472756410257
476,0.8932291666666666,0.9684495192307693,0.967948717948718,0.9627403846153846,0.9622395833333334,0.9215745192307693,0.8592748397435898,0.8652844551282052,0.9220753205128205,0.5413661858974359,0.8559695512820513,0.9655448717948718,0.9677483974358975,0.9665464743589743,0.9675480769230769,0.9661458333333334,0.96484375,0.9686498397435898,0.9649439102564102,0.9662459935897436,0.9686498397435898,0.9664463141025641,0.9666466346153846,0.9659455128205128,0.9692508012820513,0.9653445512820513,0.9704527243589743,0.9662459935897436,0.9676482371794872,0.9676482371794872
477,0.8874198717948718,0.967948717948718,0.9664463141025641,0.9643429487179487,0.9629407051282052,0.9205729166666666,0.8575721153846154,0.8628806089743589,0.9241786858974359,0.6899038461538461,0.8660857371794872,0.9649439102564102,0.9646434294871795,0.9670472756410257,0.9693509615384616,0.9675480769230769,0.9636418269230769,0.9681490384615384,0.9627403846153846,0.9644431089743589,0.9690504807692307,0.9680488782051282,0.9694511217948718,0.9658453525641025,0.9686498397435898,0.9674479166666666,0.9673477564102564,0.9659455128205128,0.9682491987179487,0.9675480769230769
478,0.8952323717948718,0.9645432692307693,0.967948717948718,0.9654447115384616,0.9633413461538461,0.9227764423076923,0.8378405448717948,0.8688902243589743,0.9157652243589743,0.7083333333333334,0.8655849358974359,0.9644431089743589,0.9664463141025641,0.9676482371794872,0.9671474358974359,0.9659455128205128,0.9660456730769231,0.969551282051282,0.9613381410256411,0.9652443910256411,0.9701522435897436,0.9649439102564102,0.9689503205128205,0.9654447115384616,0.9675480769230769,0.9649439102564102,0.9707532051282052,0.9654447115384616,0.9684495192307693,0.9681490384615384
479,0.8940304487179487,0.9698517628205128,0.9655448717948718,0.9646434294871795,0.9637419871794872,0.9271834935897436,0.8591746794871795,0.8715945512820513,0.9200721153846154,0.7561097756410257,0.8667868589743589,0.9669471153846154,0.9532251602564102,0.9671474358974359,0.9691506410256411,0.9658453525641025,0.9627403846153846,0.9677483974358975,0.9623397435897436,0.9650440705128205,0.9688501602564102,0.9658453525641025,0.9682491987179487,0.9647435897435898,0.9677483974358975,0.9665464743589743,0.9688501602564102,0.9650440705128205,0.965645032051282,0.967948717948718
480,0.8973357371794872,0.9700520833333334,0.9654447115384616,0.9633413461538461,0.9621394230769231,0.9214743589743589,0.859375,0.8763020833333334,0.9227764423076923,0.7420873397435898,0.8670873397435898,0.9657451923076923,0.9621394230769231,0.9670472756410257,0.9671474358974359,0.965645032051282,0.9613381410256411,0.9685496794871795,0.9618389423076923,0.9631410256410257,0.9684495192307693,0.9674479166666666,0.9684495192307693,0.9651442307692307,0.9690504807692307,0.9650440705128205,0.9698517628205128,0.9676482371794872,0.9664463141025641,0.9674479166666666
481,0.9033453525641025,0.9689503205128205,0.9688501602564102,0.9645432692307693,0.9613381410256411,0.9222756410256411,0.8691907051282052,0.862479967948718,0.9214743589743589,0.78125,0.8549679487179487,0.9651442307692307,0.9650440705128205,0.9670472756410257,0.9661458333333334,0.9642427884615384,0.9654447115384616,0.9657451923076923,0.9611378205128205,0.9642427884615384,0.9673477564102564,0.9671474358974359,0.9684495192307693,0.9651442307692307,0.9686498397435898,0.9664463141025641,0.9708533653846154,0.9663461538461539,0.9680488782051282,0.9666466346153846
482,0.9030448717948718,0.969551282051282,0.96875,0.9644431089743589,0.9623397435897436,0.9241786858974359,0.8714943910256411,0.8783052884615384,0.9297876602564102,0.6627604166666666,0.8727964743589743,0.9655448717948718,0.9669471153846154,0.9667467948717948,0.9689503205128205,0.9634415064102564,0.9667467948717948,0.9663461538461539,0.9622395833333334,0.9663461538461539,0.9692508012820513,0.9657451923076923,0.9686498397435898,0.9642427884615384,0.9682491987179487,0.9665464743589743,0.9699519230769231,0.9664463141025641,0.9658453525641025,0.9653445512820513
483,0.9021434294871795,0.9692508012820513,0.9683493589743589,0.9635416666666666,0.9615384615384616,0.921875,0.8452524038461539,0.8730969551282052,0.9295873397435898,0.7521033653846154,0.8778044871794872,0.9669471153846154,0.9664463141025641,0.9665464743589743,0.9681490384615384,0.9641426282051282,0.9658453525641025,0.9680488782051282,0.9623397435897436,0.9663461538461539,0.9685496794871795,0.9647435897435898,0.9700520833333334,0.964042467948718,0.9683493589743589,0.9652443910256411,0.9706530448717948,0.9658453525641025,0.9663461538461539,0.9674479166666666
484,0.9083533653846154,0.9677483974358975,0.9690504807692307,0.9646434294871795,0.9610376602564102,0.9214743589743589,0.8745993589743589,0.866386217948718,0.9279847756410257,0.8192107371794872,0.8815104166666666,0.9673477564102564,0.9662459935897436,0.9663461538461539,0.9688501602564102,0.9662459935897436,0.9667467948717948,0.9683493589743589,0.9629407051282052,0.9660456730769231,0.96875,0.9653445512820513,0.9685496794871795,0.964042467948718,0.9677483974358975,0.9637419871794872,0.9680488782051282,0.9666466346153846,0.9661458333333334,0.9672475961538461
485,0.9013421474358975,0.9664463141025641,0.9673477564102564,0.9646434294871795,0.9631410256410257,0.9252804487179487,0.8808092948717948,0.8753004807692307,0.9279847756410257,0.807792467948718,0.8837139423076923,0.9647435897435898,0.9664463141025641,0.9691506410256411,0.9704527243589743,0.9661458333333334,0.965645032051282,0.9688501602564102,0.9627403846153846,0.9653445512820513,0.9693509615384616,0.9645432692307693,0.9676482371794872,0.9631410256410257,0.9697516025641025,0.9642427884615384,0.9682491987179487,0.9657451923076923,0.9677483974358975,0.9673477564102564
486,0.9035456730769231,0.9671474358974359,0.9683493589743589,0.9645432692307693,0.9627403846153846,0.9161658653846154,0.879707532051282,0.8851161858974359,0.9322916666666666,0.813301282051282,0.8840144230769231,0.9673477564102564,0.9670472756410257,0.9654447115384616,0.9482171474358975,0.9655448717948718,0.9663461538461539,0.9669471153846154,0.9618389423076923,0.9665464743589743,0.969551282051282,0.9654447115384616,0.9586338141025641,0.9649439102564102,0.9699519230769231,0.9632411858974359,0.9702524038461539,0.9657451923076923,0.9673477564102564,0.9693509615384616
487,0.9027443910256411,0.9689503205128205,0.9664463141025641,0.9604366987179487,0.9621394230769231,0.9272836538461539,0.8572716346153846,0.8884214743589743,0.9307892628205128,0.7794471153846154,0.8855168269230769,0.9680488782051282,0.9663461538461539,0.9666466346153846,0.9665464743589743,0.9660456730769231,0.9655448717948718,0.9682491987179487,0.9636418269230769,0.9646434294871795,0.9689503205128205,0.9678485576923077,0.9681490384615384,0.9634415064102564,0.969551282051282,0.96484375,0.9685496794871795,0.9665464743589743,0.9688501602564102,0.9681490384615384
488,0.9076522435897436,0.9676482371794872,0.9665464743589743,0.965645032051282,0.9623397435897436,0.926582532051282,0.8828125,0.8882211538461539,0.9282852564102564,0.8401442307692307,0.889823717948718,0.9655448717948718,0.9654447115384616,0.9664463141025641,0.9694511217948718,0.9649439102564102,0.9667467948717948,0.9689503205128205,0.9624399038461539,0.9655448717948718,0.9673477564102564,0.967948717948718,0.9680488782051282,0.9650440705128205,0.96875,0.9641426282051282,0.9699519230769231,0.9642427884615384,0.9660456730769231,0.9680488782051282
489,0.9065504807692307,0.9667467948717948,0.9667467948717948,0.9641426282051282,0.9612379807692307,0.928886217948718,0.8839142628205128,0.8860176282051282,0.10096153846153846,0.8518629807692307,0.8730969551282052,0.9651442307692307,0.9661458333333334,0.9670472756410257,0.9694511217948718,0.961738782051282,0.9680488782051282,0.9688501602564102,0.9629407051282052,0.9650440705128205,0.9697516025641025,0.9666466346153846,0.9658453525641025,0.9646434294871795,0.9683493589743589,0.9641426282051282,0.9703525641025641,0.9665464743589743,0.9683493589743589,0.9685496794871795
490,0.9159655448717948,0.9688501602564102,0.9684495192307693,0.9646434294871795,0.9625400641025641,0.9281850961538461,0.8861177884615384,0.8816105769230769,0.10336538461538461,0.840645032051282,0.8912259615384616,0.9643429487179487,0.9672475961538461,0.9665464743589743,0.967948717948718,0.9659455128205128,0.9688501602564102,0.9684495192307693,0.9612379807692307,0.9660456730769231,0.9692508012820513,0.9685496794871795,0.9673477564102564,0.9633413461538461,0.9693509615384616,0.9633413461538461,0.9706530448717948,0.9655448717948718,0.9684495192307693,0.9665464743589743
491,0.9107572115384616,0.9682491987179487,0.9678485576923077,0.9647435897435898,0.9613381410256411,0.9275841346153846,0.09815705128205128,0.8963341346153846,0.3046875,0.8517628205128205,0.8943309294871795,0.9655448717948718,0.9666466346153846,0.9666466346153846,0.9668469551282052,0.9655448717948718,0.9664463141025641,0.9698517628205128,0.9635416666666666,0.9663461538461539,0.969551282051282,0.967948717948718,0.9681490384615384,0.9635416666666666,0.9655448717948718,0.9619391025641025,0.9696514423076923,0.9661458333333334,0.9686498397435898,0.9680488782051282
492,0.9135616987179487,0.9689503205128205,0.9672475961538461,0.9641426282051282,0.9639423076923077,0.9297876602564102,0.140625,0.8833133012820513,0.25370592948717946,0.8485576923076923,0.8894230769230769,0.9672475961538461,0.9662459935897436,0.9657451923076923,0.9692508012820513,0.9657451923076923,0.9671474358974359,0.9689503205128205,0.9631410256410257,0.96484375,0.9690504807692307,0.9668469551282052,0.9682491987179487,0.9644431089743589,0.9702524038461539,0.9639423076923077,0.9698517628205128,0.9628405448717948,0.9689503205128205,0.9671474358974359
493,0.9205729166666666,0.9675480769230769,0.9682491987179487,0.9633413461538461,0.9629407051282052,0.9283854166666666,0.22305689102564102,0.899238782051282,0.2532051282051282,0.859375,0.8943309294871795,0.9672475961538461,0.9663461538461539,0.9664463141025641,0.9688501602564102,0.9639423076923077,0.9665464743589743,0.9702524038461539,0.9638421474358975,0.9635416666666666,0.9686498397435898,0.9625400641025641,0.9688501602564102,0.9636418269230769,0.9706530448717948,0.9602363782051282,0.9706530448717948,0.9649439102564102,0.9684495192307693,0.9683493589743589
494,0.9166666666666666,0.9674479166666666,0.9667467948717948,0.9661458333333334,0.9600360576923077,0.9329927884615384,0.23056891025641027,0.889823717948718,0.5309495192307693,0.8726963141025641,0.8892227564102564,0.965645032051282,0.9676482371794872,0.9664463141025641,0.9676482371794872,0.9660456730769231,0.9680488782051282,0.9692508012820513,0.9628405448717948,0.9654447115384616,0.9690504807692307,0.967948717948718,0.9678485576923077,0.9653445512820513,0.9697516025641025,0.9636418269230769,0.9701522435897436,0.9650440705128205,0.9661458333333334,0.9667467948717948
495,0.9178685897435898,0.9663461538461539,0.9667467948717948,0.9639423076923077,0.964042467948718,0.9295873397435898,0.3803084935897436,0.8982371794871795,0.4830729166666667,0.8596754807692307,0.895332532051282,0.9663461538461539,0.9668469551282052,0.9675480769230769,0.969551282051282,0.9663461538461539,0.9654447115384616,0.96875,0.964042467948718,0.9651442307692307,0.969551282051282,0.9677483974358975,0.9692508012820513,0.9638421474358975,0.9699519230769231,0.9647435897435898,0.9690504807692307,0.9649439102564102,0.9671474358974359,0.9672475961538461
496,0.9225761217948718,0.9686498397435898,0.9688501602564102,0.9644431089743589,0.9616386217948718,0.9341947115384616,0.25280448717948717,0.9063501602564102,0.476161858974359,0.8631810897435898,0.8952323717948718,0.9669471153846154,0.9680488782051282,0.9671474358974359,0.9700520833333334,0.9629407051282052,0.9634415064102564,0.9678485576923077,0.9629407051282052,0.9662459935897436,0.96875,0.9661458333333334,0.9688501602564102,0.9642427884615384,0.9698517628205128,0.964042467948718,0.9699519230769231,0.9649439102564102,0.9664463141025641,0.9681490384615384
497,0.9209735576923077,0.9681490384615384,0.9689503205128205,0.9636418269230769,0.9639423076923077,0.9359975961538461,0.46854967948717946,0.8997395833333334,0.48106971153846156,0.8481570512820513,0.8978365384615384,0.9647435897435898,0.9652443910256411,0.9668469551282052,0.969551282051282,0.9669471153846154,0.9662459935897436,0.9683493589743589,0.9634415064102564,0.9672475961538461,0.9680488782051282,0.9674479166666666,0.9670472756410257,0.9630408653846154,0.9699519230769231,0.9643429487179487,0.9704527243589743,0.9657451923076923,0.9683493589743589,0.9666466346153846
498,0.9266826923076923,0.9690504807692307,0.9682491987179487,0.9632411858974359,0.9638421474358975,0.9293870192307693,0.5469751602564102,0.8988381410256411,0.5479767628205128,0.8709935897435898,0.8966346153846154,0.9666466346153846,0.9666466346153846,0.9655448717948718,0.9681490384615384,0.9664463141025641,0.9652443910256411,0.9690504807692307,0.9606370192307693,0.9672475961538461,0.9677483974358975,0.9681490384615384,0.9681490384615384,0.9642427884615384,0.9706530448717948,0.9654447115384616,0.9692508012820513,0.9659455128205128,0.9635416666666666,0.9680488782051282
499,0.9303886217948718,0.9697516025641025,0.9671474358974359,0.965645032051282,0.9594350961538461,0.9309895833333334,0.476963141025641,0.9033453525641025,0.5776241987179487,0.8693910256410257,0.9035456730769231,0.9651442307692307,0.9667467948717948,0.9675480769230769,0.9664463141025641,0.9661458333333334,0.9673477564102564,0.9684495192307693,0.9624399038461539,0.9655448717948718,0.9688501602564102,0.9666466346153846,0.9691506410256411,0.9642427884615384,0.9706530448717948,0.9666466346153846,0.9701522435897436,0.9684495192307693,0.9665464743589743,0.9694511217948718
