alpha,attack_type,seed,system,H,accuracy,sec,pretrain_sec
0.05,gaussian_noise,42,td3_ref,15,0.8037000000000001,1694.7119147777555,421.9842121601105
0.05,gaussian_noise,42,td3_ref,50,0.8568999999999999,1694.7119147777555,421.9842121601105
0.05,gaussian_noise,42,td3_ref,150,0.8780999999999999,1694.7119147777555,421.9842121601105
0.05,gaussian_noise,42,fixed,15,0.8032,1812.851610898972,421.9842121601105
0.05,gaussian_noise,42,fixed,50,0.8567,1812.851610898972,421.9842121601105
0.05,gaussian_noise,42,fixed,150,0.8779999999999999,1812.851610898972,421.9842121601105
0.05,gaussian_noise,42,linucb,15,0.5391000000000001,607.5486764907837,421.9842121601105
0.05,gaussian_noise,42,linucb,50,0.6990000000000001,607.5486764907837,421.9842121601105
0.05,gaussian_noise,42,linucb,150,0.6942,607.5486764907837,421.9842121601105
0.05,gaussian_noise,42,dqn,15,0.717,563.8944861888885,421.9842121601105
0.05,gaussian_noise,42,dqn,50,0.8191,563.8944861888885,421.9842121601105
0.05,gaussian_noise,42,dqn,150,0.8339000000000001,563.8944861888885,421.9842121601105
0.05,gaussian_noise,42,rand_rule,15,0.6241,537.0553770065308,421.9842121601105
0.05,gaussian_noise,42,rand_rule,50,0.6303,537.0553770065308,421.9842121601105
0.05,gaussian_noise,42,rand_rule,150,0.7287,537.0553770065308,421.9842121601105
0.05,gaussian_noise,42,rand_gradf,15,0.7399,334.71579599380493,421.9842121601105
0.05,gaussian_noise,42,rand_gradf,50,0.8238,334.71579599380493,421.9842121601105
0.05,gaussian_noise,42,rand_gradf,150,0.8558,334.71579599380493,421.9842121601105
0.05,gaussian_noise,42,arm_rule_fedavg,15,0.5778999999999999,391.9659993648529,421.9842121601105
0.05,gaussian_noise,42,arm_rule_fedavg,50,0.7091999999999999,391.9659993648529,421.9842121601105
0.05,gaussian_noise,42,arm_rule_fedavg,150,0.7573000000000001,391.9659993648529,421.9842121601105
0.05,gaussian_noise,42,arm_rule_fedprox,15,0.573,303.2610387802124,421.9842121601105
0.05,gaussian_noise,42,arm_rule_fedprox,50,0.7061,303.2610387802124,421.9842121601105
0.05,gaussian_noise,42,arm_rule_fedprox,150,0.7553,303.2610387802124,421.9842121601105
0.05,gaussian_noise,42,arm_rule_median,15,0.5678000000000001,349.2974817752838,421.9842121601105
0.05,gaussian_noise,42,arm_rule_median,50,0.6898,349.2974817752838,421.9842121601105
0.05,gaussian_noise,42,arm_rule_median,150,0.7380000000000001,349.2974817752838,421.9842121601105
0.05,gaussian_noise,42,arm_rule_trimmed_mean,15,0.7397,379.5494978427887,421.9842121601105
0.05,gaussian_noise,42,arm_rule_trimmed_mean,50,0.8203000000000001,379.5494978427887,421.9842121601105
0.05,gaussian_noise,42,arm_rule_trimmed_mean,150,0.8506,379.5494978427887,421.9842121601105
0.05,gaussian_noise,42,arm_rule_fltrust,15,0.6157,338.1359272003174,421.9842121601105
0.05,gaussian_noise,42,arm_rule_fltrust,50,0.8076000000000001,338.1359272003174,421.9842121601105
0.05,gaussian_noise,42,arm_rule_fltrust,150,0.8494999999999999,338.1359272003174,421.9842121601105
0.05,gaussian_noise,42,arm_rule_clustering,15,0.58,279.2841069698334,421.9842121601105
0.05,gaussian_noise,42,arm_rule_clustering,50,0.7195,279.2841069698334,421.9842121601105
0.05,gaussian_noise,42,arm_rule_clustering,150,0.7392,279.2841069698334,421.9842121601105
0.05,gaussian_noise,42,arm_rule_krum,15,0.309,373.96626138687134,421.9842121601105
0.05,gaussian_noise,42,arm_rule_krum,50,0.3586,373.96626138687134,421.9842121601105
0.05,gaussian_noise,42,arm_rule_krum,150,0.4174,373.96626138687134,421.9842121601105
0.05,gaussian_noise,42,arm_gradf_fedavg,15,0.7659,250.6657111644745,421.9842121601105
0.05,gaussian_noise,42,arm_gradf_fedavg,50,0.8417,250.6657111644745,421.9842121601105
0.05,gaussian_noise,42,arm_gradf_fedavg,150,0.8562999999999998,250.6657111644745,421.9842121601105
0.05,gaussian_noise,42,arm_gradf_fedprox,15,0.757,274.28770208358765,421.9842121601105
0.05,gaussian_noise,42,arm_gradf_fedprox,50,0.8379999999999999,274.28770208358765,421.9842121601105
0.05,gaussian_noise,42,arm_gradf_fedprox,150,0.8558999999999999,274.28770208358765,421.9842121601105
0.05,gaussian_noise,42,arm_gradf_median,15,0.717,302.91106843948364,421.9842121601105
0.05,gaussian_noise,42,arm_gradf_median,50,0.8191,302.91106843948364,421.9842121601105
0.05,gaussian_noise,42,arm_gradf_median,150,0.8339000000000001,302.91106843948364,421.9842121601105
0.05,gaussian_noise,42,arm_gradf_trimmed_mean,15,0.7607999999999999,278.53448963165283,421.9842121601105
0.05,gaussian_noise,42,arm_gradf_trimmed_mean,50,0.8363999999999999,278.53448963165283,421.9842121601105
0.05,gaussian_noise,42,arm_gradf_trimmed_mean,150,0.8523,278.53448963165283,421.9842121601105
0.05,gaussian_noise,42,arm_gradf_fltrust,15,0.5626,489.604131937027,421.9842121601105
0.05,gaussian_noise,42,arm_gradf_fltrust,50,0.7060000000000001,489.604131937027,421.9842121601105
0.05,gaussian_noise,42,arm_gradf_fltrust,150,0.8213000000000001,489.604131937027,421.9842121601105
0.05,gaussian_noise,42,arm_gradf_clustering,15,0.7313,611.5181412696838,421.9842121601105
0.05,gaussian_noise,42,arm_gradf_clustering,50,0.8027999999999998,611.5181412696838,421.9842121601105
0.05,gaussian_noise,42,arm_gradf_clustering,150,0.8334999999999999,611.5181412696838,421.9842121601105
0.05,gaussian_noise,42,arm_gradf_krum,15,0.2965,472.1894521713257,421.9842121601105
0.05,gaussian_noise,42,arm_gradf_krum,50,0.351,472.1894521713257,421.9842121601105
0.05,gaussian_noise,42,arm_gradf_krum,150,0.5174,472.1894521713257,421.9842121601105
0.05,gaussian_noise,43,td3_ref,15,0.8048,1594.2387516498566,490.477787733078
0.05,gaussian_noise,43,td3_ref,50,0.8574999999999999,1594.2387516498566,490.477787733078
0.05,gaussian_noise,43,td3_ref,150,0.8788,1594.2387516498566,490.477787733078
0.05,gaussian_noise,43,fixed,15,0.8044,1651.7259628772736,490.477787733078
0.05,gaussian_noise,43,fixed,50,0.8575000000000002,1651.7259628772736,490.477787733078
0.05,gaussian_noise,43,fixed,150,0.8792,1651.7259628772736,490.477787733078
0.05,gaussian_noise,43,linucb,15,0.5761,503.2318451404572,490.477787733078
0.05,gaussian_noise,43,linucb,50,0.6912,503.2318451404572,490.477787733078
0.05,gaussian_noise,43,linucb,150,0.7429000000000001,503.2318451404572,490.477787733078
0.05,gaussian_noise,43,dqn,15,0.7696000000000001,765.4641921520233,490.477787733078
0.05,gaussian_noise,43,dqn,50,0.8215999999999999,765.4641921520233,490.477787733078
0.05,gaussian_noise,43,dqn,150,0.8600999999999999,765.4641921520233,490.477787733078
0.05,gaussian_noise,43,rand_rule,15,0.6091000000000001,514.3866803646088,490.477787733078
0.05,gaussian_noise,43,rand_rule,50,0.6957000000000001,514.3866803646088,490.477787733078
0.05,gaussian_noise,43,rand_rule,150,0.7197,514.3866803646088,490.477787733078
0.05,gaussian_noise,43,rand_gradf,15,0.7482,564.6731925010681,490.477787733078
0.05,gaussian_noise,43,rand_gradf,50,0.8028000000000001,564.6731925010681,490.477787733078
0.05,gaussian_noise,43,rand_gradf,150,0.8562,564.6731925010681,490.477787733078
0.05,gaussian_noise,43,arm_rule_fedavg,15,0.5442000000000001,232.60749769210813,490.477787733078
0.05,gaussian_noise,43,arm_rule_fedavg,50,0.7386,232.60749769210813,490.477787733078
0.05,gaussian_noise,43,arm_rule_fedavg,150,0.7679000000000001,232.60749769210813,490.477787733078
0.05,gaussian_noise,43,arm_rule_fedprox,15,0.5420999999999999,373.02926301956177,490.477787733078
0.05,gaussian_noise,43,arm_rule_fedprox,50,0.7375,373.02926301956177,490.477787733078
0.05,gaussian_noise,43,arm_rule_fedprox,150,0.7651,373.02926301956177,490.477787733078
0.05,gaussian_noise,43,arm_rule_median,15,0.5647,694.8682196140289,490.477787733078
0.05,gaussian_noise,43,arm_rule_median,50,0.6891,694.8682196140289,490.477787733078
0.05,gaussian_noise,43,arm_rule_median,150,0.7344999999999999,694.8682196140289,490.477787733078
0.05,gaussian_noise,43,arm_rule_trimmed_mean,15,0.7373999999999999,484.5268270969391,490.477787733078
0.05,gaussian_noise,43,arm_rule_trimmed_mean,50,0.8226000000000001,484.5268270969391,490.477787733078
0.05,gaussian_noise,43,arm_rule_trimmed_mean,150,0.8481,484.5268270969391,490.477787733078
0.05,gaussian_noise,43,arm_rule_fltrust,15,0.6436,696.7489809989929,490.477787733078
0.05,gaussian_noise,43,arm_rule_fltrust,50,0.774,696.7489809989929,490.477787733078
0.05,gaussian_noise,43,arm_rule_fltrust,150,0.8298,696.7489809989929,490.477787733078
0.05,gaussian_noise,43,arm_rule_clustering,15,0.5594,492.00552320480347,490.477787733078
0.05,gaussian_noise,43,arm_rule_clustering,50,0.696,492.00552320480347,490.477787733078
0.05,gaussian_noise,43,arm_rule_clustering,150,0.7484,492.00552320480347,490.477787733078
0.05,gaussian_noise,43,arm_rule_krum,15,0.3103999999999999,707.9139974117279,490.477787733078
0.05,gaussian_noise,43,arm_rule_krum,50,0.3585,707.9139974117279,490.477787733078
0.05,gaussian_noise,43,arm_rule_krum,150,0.4189,707.9139974117279,490.477787733078
0.05,gaussian_noise,43,arm_gradf_fedavg,15,0.7696000000000001,364.07501745224,490.477787733078
0.05,gaussian_noise,43,arm_gradf_fedavg,50,0.8215999999999999,364.07501745224,490.477787733078
0.05,gaussian_noise,43,arm_gradf_fedavg,150,0.8600999999999999,364.07501745224,490.477787733078
0.05,gaussian_noise,43,arm_gradf_fedprox,15,0.7619999999999999,549.9489619731903,490.477787733078
0.05,gaussian_noise,43,arm_gradf_fedprox,50,0.8196,549.9489619731903,490.477787733078
0.05,gaussian_noise,43,arm_gradf_fedprox,150,0.8596999999999999,549.9489619731903,490.477787733078
0.05,gaussian_noise,43,arm_gradf_median,15,0.7266999999999999,493.6461021900177,490.477787733078
0.05,gaussian_noise,43,arm_gradf_median,50,0.8195,493.6461021900177,490.477787733078
0.05,gaussian_noise,43,arm_gradf_median,150,0.8449,493.6461021900177,490.477787733078
0.05,gaussian_noise,43,arm_gradf_trimmed_mean,15,0.7636999999999999,322.27647709846497,490.477787733078
0.05,gaussian_noise,43,arm_gradf_trimmed_mean,50,0.834,322.27647709846497,490.477787733078
0.05,gaussian_noise,43,arm_gradf_trimmed_mean,150,0.8598000000000001,322.27647709846497,490.477787733078
0.05,gaussian_noise,43,arm_gradf_fltrust,15,0.6134000000000001,383.2256815433502,490.477787733078
0.05,gaussian_noise,43,arm_gradf_fltrust,50,0.6977,383.2256815433502,490.477787733078
0.05,gaussian_noise,43,arm_gradf_fltrust,150,0.7853,383.2256815433502,490.477787733078
0.05,gaussian_noise,43,arm_gradf_clustering,15,0.7395,308.5490896701813,490.477787733078
0.05,gaussian_noise,43,arm_gradf_clustering,50,0.7978,308.5490896701813,490.477787733078
0.05,gaussian_noise,43,arm_gradf_clustering,150,0.8248999999999999,308.5490896701813,490.477787733078
0.05,gaussian_noise,43,arm_gradf_krum,15,0.2601,728.0241992473602,490.477787733078
0.05,gaussian_noise,43,arm_gradf_krum,50,0.3174,728.0241992473602,490.477787733078
0.05,gaussian_noise,43,arm_gradf_krum,150,0.5412,728.0241992473602,490.477787733078
0.05,gaussian_noise,44,td3_ref,15,0.8045,1579.4236929416656,449.143522977829
0.05,gaussian_noise,44,td3_ref,50,0.8579000000000001,1579.4236929416656,449.143522977829
0.05,gaussian_noise,44,td3_ref,150,0.8784000000000001,1579.4236929416656,449.143522977829
0.05,gaussian_noise,44,fixed,15,0.8047000000000001,1594.5583012104034,449.143522977829
0.05,gaussian_noise,44,fixed,50,0.8576,1594.5583012104034,449.143522977829
0.05,gaussian_noise,44,fixed,150,0.8787,1594.5583012104034,449.143522977829
0.05,gaussian_noise,44,linucb,15,0.5773999999999999,542.7258377075195,449.143522977829
0.05,gaussian_noise,44,linucb,50,0.6799999999999999,542.7258377075195,449.143522977829
0.05,gaussian_noise,44,linucb,150,0.6834000000000001,542.7258377075195,449.143522977829
0.05,gaussian_noise,44,dqn,15,0.7431,682.5738422870636,449.143522977829
0.05,gaussian_noise,44,dqn,50,0.8066000000000001,682.5738422870636,449.143522977829
0.05,gaussian_noise,44,dqn,150,0.8379999999999999,682.5738422870636,449.143522977829
0.05,gaussian_noise,44,rand_rule,15,0.619,493.3101961612701,449.143522977829
0.05,gaussian_noise,44,rand_rule,50,0.7134,493.3101961612701,449.143522977829
0.05,gaussian_noise,44,rand_rule,150,0.7427,493.3101961612701,449.143522977829
0.05,gaussian_noise,44,rand_gradf,15,0.7633,505.3697476387024,449.143522977829
0.05,gaussian_noise,44,rand_gradf,50,0.827,505.3697476387024,449.143522977829
0.05,gaussian_noise,44,rand_gradf,150,0.8575999999999999,505.3697476387024,449.143522977829
0.05,gaussian_noise,44,arm_rule_fedavg,15,0.6123000000000001,272.63581466674805,449.143522977829
0.05,gaussian_noise,44,arm_rule_fedavg,50,0.7243999999999999,272.63581466674805,449.143522977829
0.05,gaussian_noise,44,arm_rule_fedavg,150,0.7695000000000001,272.63581466674805,449.143522977829
0.05,gaussian_noise,44,arm_rule_fedprox,15,0.61,440.8688225746155,449.143522977829
0.05,gaussian_noise,44,arm_rule_fedprox,50,0.7228,440.8688225746155,449.143522977829
0.05,gaussian_noise,44,arm_rule_fedprox,150,0.7674000000000001,440.8688225746155,449.143522977829
0.05,gaussian_noise,44,arm_rule_median,15,0.5671,470.8743839263916,449.143522977829
0.05,gaussian_noise,44,arm_rule_median,50,0.6876,470.8743839263916,449.143522977829
0.05,gaussian_noise,44,arm_rule_median,150,0.7400999999999999,470.8743839263916,449.143522977829
0.05,gaussian_noise,44,arm_rule_trimmed_mean,15,0.7329,441.5668299198151,449.143522977829
0.05,gaussian_noise,44,arm_rule_trimmed_mean,50,0.8165000000000001,441.5668299198151,449.143522977829
0.05,gaussian_noise,44,arm_rule_trimmed_mean,150,0.8436999999999999,441.5668299198151,449.143522977829
0.05,gaussian_noise,44,arm_rule_fltrust,15,0.6611,611.014283657074,449.143522977829
0.05,gaussian_noise,44,arm_rule_fltrust,50,0.7914999999999999,611.014283657074,449.143522977829
0.05,gaussian_noise,44,arm_rule_fltrust,150,0.8523999999999999,611.014283657074,449.143522977829
0.05,gaussian_noise,44,arm_rule_clustering,15,0.5342,399.7743883132935,449.143522977829
0.05,gaussian_noise,44,arm_rule_clustering,50,0.6569,399.7743883132935,449.143522977829
0.05,gaussian_noise,44,arm_rule_clustering,150,0.7495,399.7743883132935,449.143522977829
0.05,gaussian_noise,44,arm_rule_krum,15,0.3096,331.55347633361816,449.143522977829
0.05,gaussian_noise,44,arm_rule_krum,50,0.3594,331.55347633361816,449.143522977829
0.05,gaussian_noise,44,arm_rule_krum,150,0.4212000000000001,331.55347633361816,449.143522977829
0.05,gaussian_noise,44,arm_gradf_fedavg,15,0.7616,317.0526602268219,449.143522977829
0.05,gaussian_noise,44,arm_gradf_fedavg,50,0.8299,317.0526602268219,449.143522977829
0.05,gaussian_noise,44,arm_gradf_fedavg,150,0.8640000000000001,317.0526602268219,449.143522977829
0.05,gaussian_noise,44,arm_gradf_fedprox,15,0.7603000000000001,372.8888230323792,449.143522977829
0.05,gaussian_noise,44,arm_gradf_fedprox,50,0.8262,372.8888230323792,449.143522977829
0.05,gaussian_noise,44,arm_gradf_fedprox,150,0.8634999999999999,372.8888230323792,449.143522977829
0.05,gaussian_noise,44,arm_gradf_median,15,0.7141,487.96050786972046,449.143522977829
0.05,gaussian_noise,44,arm_gradf_median,50,0.8243,487.96050786972046,449.143522977829
0.05,gaussian_noise,44,arm_gradf_median,150,0.8462,487.96050786972046,449.143522977829
0.05,gaussian_noise,44,arm_gradf_trimmed_mean,15,0.7635,228.34414744377136,449.143522977829
0.05,gaussian_noise,44,arm_gradf_trimmed_mean,50,0.8384,228.34414744377136,449.143522977829
0.05,gaussian_noise,44,arm_gradf_trimmed_mean,150,0.8628,228.34414744377136,449.143522977829
0.05,gaussian_noise,44,arm_gradf_fltrust,15,0.6164,238.4023106098175,449.143522977829
0.05,gaussian_noise,44,arm_gradf_fltrust,50,0.7289000000000001,238.4023106098175,449.143522977829
0.05,gaussian_noise,44,arm_gradf_fltrust,150,0.8196,238.4023106098175,449.143522977829
0.05,gaussian_noise,44,arm_gradf_clustering,15,0.7431,546.9786705970764,449.143522977829
0.05,gaussian_noise,44,arm_gradf_clustering,50,0.8066000000000001,546.9786705970764,449.143522977829
0.05,gaussian_noise,44,arm_gradf_clustering,150,0.8379999999999999,546.9786705970764,449.143522977829
0.05,gaussian_noise,44,arm_gradf_krum,15,0.2977999999999999,335.5569689273834,449.143522977829
0.05,gaussian_noise,44,arm_gradf_krum,50,0.3526,335.5569689273834,449.143522977829
0.05,gaussian_noise,44,arm_gradf_krum,150,0.4574,335.5569689273834,449.143522977829
0.05,gaussian_noise,45,td3_ref,15,0.8048,1570.0474817752838,820.3198072910309
0.05,gaussian_noise,45,td3_ref,50,0.8566,1570.0474817752838,820.3198072910309
0.05,gaussian_noise,45,td3_ref,150,0.8788,1570.0474817752838,820.3198072910309
0.05,gaussian_noise,45,fixed,15,0.8039999999999999,1594.372331380844,820.3198072910309
0.05,gaussian_noise,45,fixed,50,0.8567,1594.372331380844,820.3198072910309
0.05,gaussian_noise,45,fixed,150,0.8785999999999999,1594.372331380844,820.3198072910309
0.05,gaussian_noise,45,linucb,15,0.4303,375.2846813201904,820.3198072910309
0.05,gaussian_noise,45,linucb,50,0.6965,375.2846813201904,820.3198072910309
0.05,gaussian_noise,45,linucb,150,0.7442,375.2846813201904,820.3198072910309
0.05,gaussian_noise,45,dqn,15,0.7356,507.7880120277405,820.3198072910309
0.05,gaussian_noise,45,dqn,50,0.8026,507.7880120277405,820.3198072910309
0.05,gaussian_noise,45,dqn,150,0.8323,507.7880120277405,820.3198072910309
0.05,gaussian_noise,45,rand_rule,15,0.5489,212.30415654182437,820.3198072910309
0.05,gaussian_noise,45,rand_rule,50,0.6998999999999999,212.30415654182437,820.3198072910309
0.05,gaussian_noise,45,rand_rule,150,0.7341,212.30415654182437,820.3198072910309
0.05,gaussian_noise,45,rand_gradf,15,0.7354,445.27934169769287,820.3198072910309
0.05,gaussian_noise,45,rand_gradf,50,0.8202,445.27934169769287,820.3198072910309
0.05,gaussian_noise,45,rand_gradf,150,0.8592000000000001,445.27934169769287,820.3198072910309
0.05,gaussian_noise,45,arm_rule_fedavg,15,0.5875999999999999,529.5222022533417,820.3198072910309
0.05,gaussian_noise,45,arm_rule_fedavg,50,0.7487000000000001,529.5222022533417,820.3198072910309
0.05,gaussian_noise,45,arm_rule_fedavg,150,0.7817999999999999,529.5222022533417,820.3198072910309
0.05,gaussian_noise,45,arm_rule_fedprox,15,0.5881000000000001,378.1132528781891,820.3198072910309
0.05,gaussian_noise,45,arm_rule_fedprox,50,0.7449000000000001,378.1132528781891,820.3198072910309
0.05,gaussian_noise,45,arm_rule_fedprox,150,0.7793,378.1132528781891,820.3198072910309
0.05,gaussian_noise,45,arm_rule_median,15,0.5664999999999999,394.13405179977417,820.3198072910309
0.05,gaussian_noise,45,arm_rule_median,50,0.6847,394.13405179977417,820.3198072910309
0.05,gaussian_noise,45,arm_rule_median,150,0.7402,394.13405179977417,820.3198072910309
0.05,gaussian_noise,45,arm_rule_trimmed_mean,15,0.735,275.4172923564911,820.3198072910309
0.05,gaussian_noise,45,arm_rule_trimmed_mean,50,0.8116000000000001,275.4172923564911,820.3198072910309
0.05,gaussian_noise,45,arm_rule_trimmed_mean,150,0.8503999999999999,275.4172923564911,820.3198072910309
0.05,gaussian_noise,45,arm_rule_fltrust,15,0.6391,458.3792741298676,820.3198072910309
0.05,gaussian_noise,45,arm_rule_fltrust,50,0.8093999999999999,458.3792741298676,820.3198072910309
0.05,gaussian_noise,45,arm_rule_fltrust,150,0.8536999999999999,458.3792741298676,820.3198072910309
0.05,gaussian_noise,45,arm_rule_clustering,15,0.5801999999999999,729.399747133255,820.3198072910309
0.05,gaussian_noise,45,arm_rule_clustering,50,0.7196,729.399747133255,820.3198072910309
0.05,gaussian_noise,45,arm_rule_clustering,150,0.7655000000000001,729.399747133255,820.3198072910309
0.05,gaussian_noise,45,arm_rule_krum,15,0.3109,503.9614291191101,820.3198072910309
0.05,gaussian_noise,45,arm_rule_krum,50,0.3599,503.9614291191101,820.3198072910309
0.05,gaussian_noise,45,arm_rule_krum,150,0.4110999999999999,503.9614291191101,820.3198072910309
0.05,gaussian_noise,45,arm_gradf_fedavg,15,0.7632,662.7953612804413,820.3198072910309
0.05,gaussian_noise,45,arm_gradf_fedavg,50,0.8244999999999999,662.7953612804413,820.3198072910309
0.05,gaussian_noise,45,arm_gradf_fedavg,150,0.8564,662.7953612804413,820.3198072910309
0.05,gaussian_noise,45,arm_gradf_fedprox,15,0.7562,537.6849875450134,820.3198072910309
0.05,gaussian_noise,45,arm_gradf_fedprox,50,0.8234000000000001,537.6849875450134,820.3198072910309
0.05,gaussian_noise,45,arm_gradf_fedprox,150,0.8573000000000001,537.6849875450134,820.3198072910309
0.05,gaussian_noise,45,arm_gradf_median,15,0.7265,434.31312108039856,820.3198072910309
0.05,gaussian_noise,45,arm_gradf_median,50,0.8215999999999999,434.31312108039856,820.3198072910309
0.05,gaussian_noise,45,arm_gradf_median,150,0.8491,434.31312108039856,820.3198072910309
0.05,gaussian_noise,45,arm_gradf_trimmed_mean,15,0.7590000000000001,425.2625050544739,820.3198072910309
0.05,gaussian_noise,45,arm_gradf_trimmed_mean,50,0.8332999999999998,425.2625050544739,820.3198072910309
0.05,gaussian_noise,45,arm_gradf_trimmed_mean,150,0.8554999999999999,425.2625050544739,820.3198072910309
0.05,gaussian_noise,45,arm_gradf_fltrust,15,0.5794999999999999,613.0279533863068,820.3198072910309
0.05,gaussian_noise,45,arm_gradf_fltrust,50,0.7236,613.0279533863068,820.3198072910309
0.05,gaussian_noise,45,arm_gradf_fltrust,150,0.8215,613.0279533863068,820.3198072910309
0.05,gaussian_noise,45,arm_gradf_clustering,15,0.7356,411.0098023414612,820.3198072910309
0.05,gaussian_noise,45,arm_gradf_clustering,50,0.8026,411.0098023414612,820.3198072910309
0.05,gaussian_noise,45,arm_gradf_clustering,150,0.8323,411.0098023414612,820.3198072910309
0.05,gaussian_noise,45,arm_gradf_krum,15,0.2893,805.075522184372,820.3198072910309
0.05,gaussian_noise,45,arm_gradf_krum,50,0.4152,805.075522184372,820.3198072910309
0.05,gaussian_noise,45,arm_gradf_krum,150,0.4177,805.075522184372,820.3198072910309
0.05,gaussian_noise,46,td3_ref,15,0.795,1530.235510110855,923.4732866287231
0.05,gaussian_noise,46,td3_ref,50,0.8568999999999999,1530.235510110855,923.4732866287231
0.05,gaussian_noise,46,td3_ref,150,0.8778,1530.235510110855,923.4732866287231
0.05,gaussian_noise,46,fixed,15,0.804,1591.3914823532104,923.4732866287231
0.05,gaussian_noise,46,fixed,50,0.8566,1591.3914823532104,923.4732866287231
0.05,gaussian_noise,46,fixed,150,0.8783000000000001,1591.3914823532104,923.4732866287231
0.05,gaussian_noise,46,linucb,15,0.4761999999999999,223.083655834198,923.4732866287231
0.05,gaussian_noise,46,linucb,50,0.6845,223.083655834198,923.4732866287231
0.05,gaussian_noise,46,linucb,150,0.7196,223.083655834198,923.4732866287231
0.05,gaussian_noise,46,dqn,15,0.5859,822.8681674003601,923.4732866287231
0.05,gaussian_noise,46,dqn,50,0.8280999999999998,822.8681674003601,923.4732866287231
0.05,gaussian_noise,46,dqn,150,0.8711,822.8681674003601,923.4732866287231
0.05,gaussian_noise,46,rand_rule,15,0.5586,288.3700387477875,923.4732866287231
0.05,gaussian_noise,46,rand_rule,50,0.6494,288.3700387477875,923.4732866287231
0.05,gaussian_noise,46,rand_rule,150,0.6894,288.3700387477875,923.4732866287231
0.05,gaussian_noise,46,rand_gradf,15,0.7308,363.8731060028076,923.4732866287231
0.05,gaussian_noise,46,rand_gradf,50,0.8141,363.8731060028076,923.4732866287231
0.05,gaussian_noise,46,rand_gradf,150,0.8418999999999999,363.8731060028076,923.4732866287231
0.05,gaussian_noise,46,arm_rule_fedavg,15,0.6263,459.9468166828156,923.4732866287231
0.05,gaussian_noise,46,arm_rule_fedavg,50,0.7142999999999999,459.9468166828156,923.4732866287231
0.05,gaussian_noise,46,arm_rule_fedavg,150,0.7855000000000001,459.9468166828156,923.4732866287231
0.05,gaussian_noise,46,arm_rule_fedprox,15,0.6275999999999999,632.3026390075684,923.4732866287231
0.05,gaussian_noise,46,arm_rule_fedprox,50,0.7125999999999999,632.3026390075684,923.4732866287231
0.05,gaussian_noise,46,arm_rule_fedprox,150,0.7848999999999999,632.3026390075684,923.4732866287231
0.05,gaussian_noise,46,arm_rule_median,15,0.5643,428.4269371032715,923.4732866287231
0.05,gaussian_noise,46,arm_rule_median,50,0.6862,428.4269371032715,923.4732866287231
0.05,gaussian_noise,46,arm_rule_median,150,0.7413,428.4269371032715,923.4732866287231
0.05,gaussian_noise,46,arm_rule_trimmed_mean,15,0.7407,581.1823797225952,923.4732866287231
0.05,gaussian_noise,46,arm_rule_trimmed_mean,50,0.8211,581.1823797225952,923.4732866287231
0.05,gaussian_noise,46,arm_rule_trimmed_mean,150,0.8498999999999999,581.1823797225952,923.4732866287231
0.05,gaussian_noise,46,arm_rule_fltrust,15,0.6592,438.589643239975,923.4732866287231
0.05,gaussian_noise,46,arm_rule_fltrust,50,0.7983999999999999,438.589643239975,923.4732866287231
0.05,gaussian_noise,46,arm_rule_fltrust,150,0.851,438.589643239975,923.4732866287231
0.05,gaussian_noise,46,arm_rule_clustering,15,0.6255000000000001,489.8179030418396,923.4732866287231
0.05,gaussian_noise,46,arm_rule_clustering,50,0.6773,489.8179030418396,923.4732866287231
0.05,gaussian_noise,46,arm_rule_clustering,150,0.7312000000000001,489.8179030418396,923.4732866287231
0.05,gaussian_noise,46,arm_rule_krum,15,0.3089,244.469500541687,923.4732866287231
0.05,gaussian_noise,46,arm_rule_krum,50,0.3577,244.469500541687,923.4732866287231
0.05,gaussian_noise,46,arm_rule_krum,150,0.4213,244.469500541687,923.4732866287231
0.05,gaussian_noise,46,arm_gradf_fedavg,15,0.7708,344.0347917079925,923.4732866287231
0.05,gaussian_noise,46,arm_gradf_fedavg,50,0.8333,344.0347917079925,923.4732866287231
0.05,gaussian_noise,46,arm_gradf_fedavg,150,0.858,344.0347917079925,923.4732866287231
0.05,gaussian_noise,46,arm_gradf_fedprox,15,0.7624,327.4393210411072,923.4732866287231
0.05,gaussian_noise,46,arm_gradf_fedprox,50,0.8310000000000001,327.4393210411072,923.4732866287231
0.05,gaussian_noise,46,arm_gradf_fedprox,150,0.8573000000000001,327.4393210411072,923.4732866287231
0.05,gaussian_noise,46,arm_gradf_median,15,0.7231999999999998,602.8903858661652,923.4732866287231
0.05,gaussian_noise,46,arm_gradf_median,50,0.8238999999999999,602.8903858661652,923.4732866287231
0.05,gaussian_noise,46,arm_gradf_median,150,0.8471,602.8903858661652,923.4732866287231
0.05,gaussian_noise,46,arm_gradf_trimmed_mean,15,0.7605999999999999,311.8563885688782,923.4732866287231
0.05,gaussian_noise,46,arm_gradf_trimmed_mean,50,0.8382999999999999,311.8563885688782,923.4732866287231
0.05,gaussian_noise,46,arm_gradf_trimmed_mean,150,0.8644999999999999,311.8563885688782,923.4732866287231
0.05,gaussian_noise,46,arm_gradf_fltrust,15,0.5715,550.0253856182098,923.4732866287231
0.05,gaussian_noise,46,arm_gradf_fltrust,50,0.7267999999999999,550.0253856182098,923.4732866287231
0.05,gaussian_noise,46,arm_gradf_fltrust,150,0.8099999999999999,550.0253856182098,923.4732866287231
0.05,gaussian_noise,46,arm_gradf_clustering,15,0.7373999999999999,562.2316091060638,923.4732866287231
0.05,gaussian_noise,46,arm_gradf_clustering,50,0.7988999999999999,562.2316091060638,923.4732866287231
0.05,gaussian_noise,46,arm_gradf_clustering,150,0.8395999999999999,562.2316091060638,923.4732866287231
0.05,gaussian_noise,46,arm_gradf_krum,15,0.2787,343.37455677986145,923.4732866287231
0.05,gaussian_noise,46,arm_gradf_krum,50,0.3177999999999999,343.37455677986145,923.4732866287231
0.05,gaussian_noise,46,arm_gradf_krum,150,0.3282,343.37455677986145,923.4732866287231
0.05,gaussian_noise,47,td3_ref,15,0.8033000000000001,1551.095354795456,870.9273612499237
0.05,gaussian_noise,47,td3_ref,50,0.8577,1551.095354795456,870.9273612499237
0.05,gaussian_noise,47,td3_ref,150,0.8783999999999998,1551.095354795456,870.9273612499237
0.05,gaussian_noise,47,fixed,15,0.8043000000000001,1554.7597587108612,870.9273612499237
0.05,gaussian_noise,47,fixed,50,0.8573999999999999,1554.7597587108612,870.9273612499237
0.05,gaussian_noise,47,fixed,150,0.8786999999999999,1554.7597587108612,870.9273612499237
0.05,gaussian_noise,47,linucb,15,0.4866999999999999,491.48045206069946,870.9273612499237
0.05,gaussian_noise,47,linucb,50,0.6831999999999999,491.48045206069946,870.9273612499237
0.05,gaussian_noise,47,linucb,150,0.7352000000000001,491.48045206069946,870.9273612499237
0.05,gaussian_noise,47,dqn,15,0.7667,542.7752797603607,870.9273612499237
0.05,gaussian_noise,47,dqn,50,0.8404,542.7752797603607,870.9273612499237
0.05,gaussian_noise,47,dqn,150,0.8587,542.7752797603607,870.9273612499237
0.05,gaussian_noise,47,rand_rule,15,0.6406000000000002,416.9741463661194,870.9273612499237
0.05,gaussian_noise,47,rand_rule,50,0.6832999999999999,416.9741463661194,870.9273612499237
0.05,gaussian_noise,47,rand_rule,150,0.7263,416.9741463661194,870.9273612499237
0.05,gaussian_noise,47,rand_gradf,15,0.7575999999999999,571.1980350017548,870.9273612499237
0.05,gaussian_noise,47,rand_gradf,50,0.8205,571.1980350017548,870.9273612499237
0.05,gaussian_noise,47,rand_gradf,150,0.8516999999999999,571.1980350017548,870.9273612499237
0.05,gaussian_noise,47,arm_rule_fedavg,15,0.6196,505.0348429679871,870.9273612499237
0.05,gaussian_noise,47,arm_rule_fedavg,50,0.7181999999999998,505.0348429679871,870.9273612499237
0.05,gaussian_noise,47,arm_rule_fedavg,150,0.7688000000000001,505.0348429679871,870.9273612499237
0.05,gaussian_noise,47,arm_rule_fedprox,15,0.6201,624.9859390258789,870.9273612499237
0.05,gaussian_noise,47,arm_rule_fedprox,50,0.7166,624.9859390258789,870.9273612499237
0.05,gaussian_noise,47,arm_rule_fedprox,150,0.7670000000000001,624.9859390258789,870.9273612499237
0.05,gaussian_noise,47,arm_rule_median,15,0.569,512.9932403564453,870.9273612499237
0.05,gaussian_noise,47,arm_rule_median,50,0.6925999999999999,512.9932403564453,870.9273612499237
0.05,gaussian_noise,47,arm_rule_median,150,0.7376,512.9932403564453,870.9273612499237
0.05,gaussian_noise,47,arm_rule_trimmed_mean,15,0.7388,414.3788688182831,870.9273612499237
0.05,gaussian_noise,47,arm_rule_trimmed_mean,50,0.8215,414.3788688182831,870.9273612499237
0.05,gaussian_noise,47,arm_rule_trimmed_mean,150,0.8493999999999999,414.3788688182831,870.9273612499237
0.05,gaussian_noise,47,arm_rule_fltrust,15,0.6420999999999999,260.81074929237366,870.9273612499237
0.05,gaussian_noise,47,arm_rule_fltrust,50,0.7744000000000002,260.81074929237366,870.9273612499237
0.05,gaussian_noise,47,arm_rule_fltrust,150,0.8608,260.81074929237366,870.9273612499237
0.05,gaussian_noise,47,arm_rule_clustering,15,0.5921,292.4467923641205,870.9273612499237
0.05,gaussian_noise,47,arm_rule_clustering,50,0.6857,292.4467923641205,870.9273612499237
0.05,gaussian_noise,47,arm_rule_clustering,150,0.7563000000000001,292.4467923641205,870.9273612499237
0.05,gaussian_noise,47,arm_rule_krum,15,0.3105,669.6671335697174,870.9273612499237
0.05,gaussian_noise,47,arm_rule_krum,50,0.3592,669.6671335697174,870.9273612499237
0.05,gaussian_noise,47,arm_rule_krum,150,0.4175,669.6671335697174,870.9273612499237
0.05,gaussian_noise,47,arm_gradf_fedavg,15,0.7667,453.82103633880615,870.9273612499237
0.05,gaussian_noise,47,arm_gradf_fedavg,50,0.8404,453.82103633880615,870.9273612499237
0.05,gaussian_noise,47,arm_gradf_fedavg,150,0.8587,453.82103633880615,870.9273612499237
0.05,gaussian_noise,47,arm_gradf_fedprox,15,0.7598,492.2669630050659,870.9273612499237
0.05,gaussian_noise,47,arm_gradf_fedprox,50,0.8368,492.2669630050659,870.9273612499237
0.05,gaussian_noise,47,arm_gradf_fedprox,150,0.8586,492.2669630050659,870.9273612499237
0.05,gaussian_noise,47,arm_gradf_median,15,0.7375999999999999,235.35500049591064,870.9273612499237
0.05,gaussian_noise,47,arm_gradf_median,50,0.8311999999999999,235.35500049591064,870.9273612499237
0.05,gaussian_noise,47,arm_gradf_median,150,0.8464,235.35500049591064,870.9273612499237
0.05,gaussian_noise,47,arm_gradf_trimmed_mean,15,0.7758,447.8213300704956,870.9273612499237
0.05,gaussian_noise,47,arm_gradf_trimmed_mean,50,0.8390000000000001,447.8213300704956,870.9273612499237
0.05,gaussian_noise,47,arm_gradf_trimmed_mean,150,0.8586,447.8213300704956,870.9273612499237
0.05,gaussian_noise,47,arm_gradf_fltrust,15,0.5928999999999999,642.7280285358429,870.9273612499237
0.05,gaussian_noise,47,arm_gradf_fltrust,50,0.6977,642.7280285358429,870.9273612499237
0.05,gaussian_noise,47,arm_gradf_fltrust,150,0.7872,642.7280285358429,870.9273612499237
0.05,gaussian_noise,47,arm_gradf_clustering,15,0.7457,429.9004654884338,870.9273612499237
0.05,gaussian_noise,47,arm_gradf_clustering,50,0.8096,429.9004654884338,870.9273612499237
0.05,gaussian_noise,47,arm_gradf_clustering,150,0.8333,429.9004654884338,870.9273612499237
0.05,gaussian_noise,47,arm_gradf_krum,15,0.3115,619.2999739646912,870.9273612499237
0.05,gaussian_noise,47,arm_gradf_krum,50,0.433,619.2999739646912,870.9273612499237
0.05,gaussian_noise,47,arm_gradf_krum,150,0.4614999999999999,619.2999739646912,870.9273612499237
0.05,gaussian_noise,48,td3_ref,15,0.8039,1571.6327323913574,556.4236469268799
0.05,gaussian_noise,48,td3_ref,50,0.8571,1571.6327323913574,556.4236469268799
0.05,gaussian_noise,48,td3_ref,150,0.8792,1571.6327323913574,556.4236469268799
0.05,gaussian_noise,48,fixed,15,0.8037000000000001,1573.9593963623047,556.4236469268799
0.05,gaussian_noise,48,fixed,50,0.8573000000000001,1573.9593963623047,556.4236469268799
0.05,gaussian_noise,48,fixed,150,0.8793,1573.9593963623047,556.4236469268799
0.05,gaussian_noise,48,linucb,15,0.5866,432.50358390808105,556.4236469268799
0.05,gaussian_noise,48,linucb,50,0.6860999999999999,432.50358390808105,556.4236469268799
0.05,gaussian_noise,48,linucb,150,0.7405999999999999,432.50358390808105,556.4236469268799
0.05,gaussian_noise,48,dqn,15,0.7558999999999999,542.6631731987,556.4236469268799
0.05,gaussian_noise,48,dqn,50,0.8286,542.6631731987,556.4236469268799
0.05,gaussian_noise,48,dqn,150,0.8598999999999999,542.6631731987,556.4236469268799
0.05,gaussian_noise,48,rand_rule,15,0.4179,525.7195308208466,556.4236469268799
0.05,gaussian_noise,48,rand_rule,50,0.5799,525.7195308208466,556.4236469268799
0.05,gaussian_noise,48,rand_rule,150,0.7361,525.7195308208466,556.4236469268799
0.05,gaussian_noise,48,rand_gradf,15,0.7234999999999999,409.0134530067444,556.4236469268799
0.05,gaussian_noise,48,rand_gradf,50,0.8091999999999999,409.0134530067444,556.4236469268799
0.05,gaussian_noise,48,rand_gradf,150,0.8558,409.0134530067444,556.4236469268799
0.05,gaussian_noise,48,arm_rule_fedavg,15,0.5961000000000001,506.96789717674255,556.4236469268799
0.05,gaussian_noise,48,arm_rule_fedavg,50,0.7211999999999998,506.96789717674255,556.4236469268799
0.05,gaussian_noise,48,arm_rule_fedavg,150,0.7664,506.96789717674255,556.4236469268799
0.05,gaussian_noise,48,arm_rule_fedprox,15,0.5913999999999999,443.521014213562,556.4236469268799
0.05,gaussian_noise,48,arm_rule_fedprox,50,0.7207,443.521014213562,556.4236469268799
0.05,gaussian_noise,48,arm_rule_fedprox,150,0.7647999999999999,443.521014213562,556.4236469268799
0.05,gaussian_noise,48,arm_rule_median,15,0.5658,325.33533453941345,556.4236469268799
0.05,gaussian_noise,48,arm_rule_median,50,0.6872999999999999,325.33533453941345,556.4236469268799
0.05,gaussian_noise,48,arm_rule_median,150,0.7363000000000001,325.33533453941345,556.4236469268799
0.05,gaussian_noise,48,arm_rule_trimmed_mean,15,0.7408,667.2731597423553,556.4236469268799
0.05,gaussian_noise,48,arm_rule_trimmed_mean,50,0.8244999999999999,667.2731597423553,556.4236469268799
0.05,gaussian_noise,48,arm_rule_trimmed_mean,150,0.8455,667.2731597423553,556.4236469268799
0.05,gaussian_noise,48,arm_rule_fltrust,15,0.5955,366.4057266712189,556.4236469268799
0.05,gaussian_noise,48,arm_rule_fltrust,50,0.8022,366.4057266712189,556.4236469268799
0.05,gaussian_noise,48,arm_rule_fltrust,150,0.8491,366.4057266712189,556.4236469268799
0.05,gaussian_noise,48,arm_rule_clustering,15,0.5514000000000001,481.2792921066284,556.4236469268799
0.05,gaussian_noise,48,arm_rule_clustering,50,0.7208999999999999,481.2792921066284,556.4236469268799
0.05,gaussian_noise,48,arm_rule_clustering,150,0.7531,481.2792921066284,556.4236469268799
0.05,gaussian_noise,48,arm_rule_krum,15,0.3102,473.3487501144409,556.4236469268799
0.05,gaussian_noise,48,arm_rule_krum,50,0.3586,473.3487501144409,556.4236469268799
0.05,gaussian_noise,48,arm_rule_krum,150,0.4168999999999999,473.3487501144409,556.4236469268799
0.05,gaussian_noise,48,arm_gradf_fedavg,15,0.7631,285.4693400859833,556.4236469268799
0.05,gaussian_noise,48,arm_gradf_fedavg,50,0.8316000000000001,285.4693400859833,556.4236469268799
0.05,gaussian_noise,48,arm_gradf_fedavg,150,0.8605,285.4693400859833,556.4236469268799
0.05,gaussian_noise,48,arm_gradf_fedprox,15,0.7558999999999999,383.3293008804321,556.4236469268799
0.05,gaussian_noise,48,arm_gradf_fedprox,50,0.8286,383.3293008804321,556.4236469268799
0.05,gaussian_noise,48,arm_gradf_fedprox,150,0.8598999999999999,383.3293008804321,556.4236469268799
0.05,gaussian_noise,48,arm_gradf_median,15,0.7316999999999999,371.9975309371948,556.4236469268799
0.05,gaussian_noise,48,arm_gradf_median,50,0.8280999999999998,371.9975309371948,556.4236469268799
0.05,gaussian_noise,48,arm_gradf_median,150,0.8493,371.9975309371948,556.4236469268799
0.05,gaussian_noise,48,arm_gradf_trimmed_mean,15,0.7682,465.8950133323669,556.4236469268799
0.05,gaussian_noise,48,arm_gradf_trimmed_mean,50,0.8411,465.8950133323669,556.4236469268799
0.05,gaussian_noise,48,arm_gradf_trimmed_mean,150,0.8583999999999999,465.8950133323669,556.4236469268799
0.05,gaussian_noise,48,arm_gradf_fltrust,15,0.5535,376.2325508594513,556.4236469268799
0.05,gaussian_noise,48,arm_gradf_fltrust,50,0.7112,376.2325508594513,556.4236469268799
0.05,gaussian_noise,48,arm_gradf_fltrust,150,0.8109,376.2325508594513,556.4236469268799
0.05,gaussian_noise,48,arm_gradf_clustering,15,0.7433,501.660962343216,556.4236469268799
0.05,gaussian_noise,48,arm_gradf_clustering,50,0.8037000000000001,501.660962343216,556.4236469268799
0.05,gaussian_noise,48,arm_gradf_clustering,150,0.8335999999999999,501.660962343216,556.4236469268799
0.05,gaussian_noise,48,arm_gradf_krum,15,0.2747,570.2216713428497,556.4236469268799
0.05,gaussian_noise,48,arm_gradf_krum,50,0.3554,570.2216713428497,556.4236469268799
0.05,gaussian_noise,48,arm_gradf_krum,150,0.4596999999999999,570.2216713428497,556.4236469268799
0.05,gaussian_noise,49,td3_ref,15,0.8037000000000001,1646.959335565567,507.1344449520111
0.05,gaussian_noise,49,td3_ref,50,0.8564999999999999,1646.959335565567,507.1344449520111
0.05,gaussian_noise,49,td3_ref,150,0.8782,1646.959335565567,507.1344449520111
0.05,gaussian_noise,49,fixed,15,0.8036,1562.80273771286,507.1344449520111
0.05,gaussian_noise,49,fixed,50,0.8566,1562.80273771286,507.1344449520111
0.05,gaussian_noise,49,fixed,150,0.8783,1562.80273771286,507.1344449520111
0.05,gaussian_noise,49,linucb,15,0.4919,739.7237956523895,507.1344449520111
0.05,gaussian_noise,49,linucb,50,0.6826,739.7237956523895,507.1344449520111
0.05,gaussian_noise,49,linucb,150,0.7495,739.7237956523895,507.1344449520111
0.05,gaussian_noise,49,dqn,15,0.7301,912.690711259842,507.1344449520111
0.05,gaussian_noise,49,dqn,50,0.8257,912.690711259842,507.1344449520111
0.05,gaussian_noise,49,dqn,150,0.8555999999999999,912.690711259842,507.1344449520111
0.05,gaussian_noise,49,rand_rule,15,0.5827,598.2564265727997,507.1344449520111
0.05,gaussian_noise,49,rand_rule,50,0.5457,598.2564265727997,507.1344449520111
0.05,gaussian_noise,49,rand_rule,150,0.7344,598.2564265727997,507.1344449520111
0.05,gaussian_noise,49,rand_gradf,15,0.7465999999999999,640.4962329864502,507.1344449520111
0.05,gaussian_noise,49,rand_gradf,50,0.8261,640.4962329864502,507.1344449520111
0.05,gaussian_noise,49,rand_gradf,150,0.8527000000000001,640.4962329864502,507.1344449520111
0.05,gaussian_noise,49,arm_rule_fedavg,15,0.6289999999999999,447.7643778324127,507.1344449520111
0.05,gaussian_noise,49,arm_rule_fedavg,50,0.7242999999999999,447.7643778324127,507.1344449520111
0.05,gaussian_noise,49,arm_rule_fedavg,150,0.7646,447.7643778324127,507.1344449520111
0.05,gaussian_noise,49,arm_rule_fedprox,15,0.6266,469.58814334869385,507.1344449520111
0.05,gaussian_noise,49,arm_rule_fedprox,50,0.7214999999999999,469.58814334869385,507.1344449520111
0.05,gaussian_noise,49,arm_rule_fedprox,150,0.7632000000000001,469.58814334869385,507.1344449520111
0.05,gaussian_noise,49,arm_rule_median,15,0.5675,513.8451497554779,507.1344449520111
0.05,gaussian_noise,49,arm_rule_median,50,0.6893,513.8451497554779,507.1344449520111
0.05,gaussian_noise,49,arm_rule_median,150,0.7394999999999999,513.8451497554779,507.1344449520111
0.05,gaussian_noise,49,arm_rule_trimmed_mean,15,0.7348999999999999,685.8860039710999,507.1344449520111
0.05,gaussian_noise,49,arm_rule_trimmed_mean,50,0.8244,685.8860039710999,507.1344449520111
0.05,gaussian_noise,49,arm_rule_trimmed_mean,150,0.8509,685.8860039710999,507.1344449520111
0.05,gaussian_noise,49,arm_rule_fltrust,15,0.684,615.5185389518738,507.1344449520111
0.05,gaussian_noise,49,arm_rule_fltrust,50,0.8154999999999999,615.5185389518738,507.1344449520111
0.05,gaussian_noise,49,arm_rule_fltrust,150,0.8516999999999999,615.5185389518738,507.1344449520111
0.05,gaussian_noise,49,arm_rule_clustering,15,0.5315000000000001,272.6957483291626,507.1344449520111
0.05,gaussian_noise,49,arm_rule_clustering,50,0.7118,272.6957483291626,507.1344449520111
0.05,gaussian_noise,49,arm_rule_clustering,150,0.7716000000000001,272.6957483291626,507.1344449520111
0.05,gaussian_noise,49,arm_rule_krum,15,0.3096,535.3529739379883,507.1344449520111
0.05,gaussian_noise,49,arm_rule_krum,50,0.3577,535.3529739379883,507.1344449520111
0.05,gaussian_noise,49,arm_rule_krum,150,0.4181,535.3529739379883,507.1344449520111
0.05,gaussian_noise,49,arm_gradf_fedavg,15,0.7754000000000001,632.0359013080597,507.1344449520111
0.05,gaussian_noise,49,arm_gradf_fedavg,50,0.8341,632.0359013080597,507.1344449520111
0.05,gaussian_noise,49,arm_gradf_fedavg,150,0.8560000000000001,632.0359013080597,507.1344449520111
0.05,gaussian_noise,49,arm_gradf_fedprox,15,0.7664,270.3239209651947,507.1344449520111
0.05,gaussian_noise,49,arm_gradf_fedprox,50,0.8309999999999998,270.3239209651947,507.1344449520111
0.05,gaussian_noise,49,arm_gradf_fedprox,150,0.8555999999999999,270.3239209651947,507.1344449520111
0.05,gaussian_noise,49,arm_gradf_median,15,0.7321000000000001,851.3314638137817,507.1344449520111
0.05,gaussian_noise,49,arm_gradf_median,50,0.8253,851.3314638137817,507.1344449520111
0.05,gaussian_noise,49,arm_gradf_median,150,0.842,851.3314638137817,507.1344449520111
0.05,gaussian_noise,49,arm_gradf_trimmed_mean,15,0.7733000000000001,319.55334210395813,507.1344449520111
0.05,gaussian_noise,49,arm_gradf_trimmed_mean,50,0.8395999999999999,319.55334210395813,507.1344449520111
0.05,gaussian_noise,49,arm_gradf_trimmed_mean,150,0.8526,319.55334210395813,507.1344449520111
0.05,gaussian_noise,49,arm_gradf_fltrust,15,0.6255,572.5937762260437,507.1344449520111
0.05,gaussian_noise,49,arm_gradf_fltrust,50,0.7412,572.5937762260437,507.1344449520111
0.05,gaussian_noise,49,arm_gradf_fltrust,150,0.8237,572.5937762260437,507.1344449520111
0.05,gaussian_noise,49,arm_gradf_clustering,15,0.7419,451.3345170021057,507.1344449520111
0.05,gaussian_noise,49,arm_gradf_clustering,50,0.7964000000000001,451.3345170021057,507.1344449520111
0.05,gaussian_noise,49,arm_gradf_clustering,150,0.8305999999999999,451.3345170021057,507.1344449520111
0.05,gaussian_noise,49,arm_gradf_krum,15,0.2568,503.2855479717255,507.1344449520111
0.05,gaussian_noise,49,arm_gradf_krum,50,0.363,503.2855479717255,507.1344449520111
0.05,gaussian_noise,49,arm_gradf_krum,150,0.3996,503.2855479717255,507.1344449520111
0.05,gaussian_noise,50,td3_ref,15,0.8032,1591.3380959033966,648.3651163578033
0.05,gaussian_noise,50,td3_ref,50,0.8574999999999999,1591.3380959033966,648.3651163578033
0.05,gaussian_noise,50,td3_ref,150,0.8782,1591.3380959033966,648.3651163578033
0.05,gaussian_noise,50,fixed,15,0.8046000000000001,1570.4107615947723,648.3651163578033
0.05,gaussian_noise,50,fixed,50,0.8576,1570.4107615947723,648.3651163578033
0.05,gaussian_noise,50,fixed,150,0.8778,1570.4107615947723,648.3651163578033
0.05,gaussian_noise,50,linucb,15,0.5456000000000001,399.88510823249817,648.3651163578033
0.05,gaussian_noise,50,linucb,50,0.6963999999999999,399.88510823249817,648.3651163578033
0.05,gaussian_noise,50,linucb,150,0.7377,399.88510823249817,648.3651163578033
0.05,gaussian_noise,50,dqn,15,0.2952,447.3302435874939,648.3651163578033
0.05,gaussian_noise,50,dqn,50,0.4437,447.3302435874939,648.3651163578033
0.05,gaussian_noise,50,dqn,150,0.4463,447.3302435874939,648.3651163578033
0.05,gaussian_noise,50,rand_rule,15,0.5543,565.4690108299255,648.3651163578033
0.05,gaussian_noise,50,rand_rule,50,0.5857999999999999,565.4690108299255,648.3651163578033
0.05,gaussian_noise,50,rand_rule,150,0.7416,565.4690108299255,648.3651163578033
0.05,gaussian_noise,50,rand_gradf,15,0.7171999999999998,360.9960141181946,648.3651163578033
0.05,gaussian_noise,50,rand_gradf,50,0.8051999999999999,360.9960141181946,648.3651163578033
0.05,gaussian_noise,50,rand_gradf,150,0.8393,360.9960141181946,648.3651163578033
0.05,gaussian_noise,50,arm_rule_fedavg,15,0.6319,621.8539206981659,648.3651163578033
0.05,gaussian_noise,50,arm_rule_fedavg,50,0.7177,621.8539206981659,648.3651163578033
0.05,gaussian_noise,50,arm_rule_fedavg,150,0.7578,621.8539206981659,648.3651163578033
0.05,gaussian_noise,50,arm_rule_fedprox,15,0.633,259.84491515159607,648.3651163578033
0.05,gaussian_noise,50,arm_rule_fedprox,50,0.7168,259.84491515159607,648.3651163578033
0.05,gaussian_noise,50,arm_rule_fedprox,150,0.7567,259.84491515159607,648.3651163578033
0.05,gaussian_noise,50,arm_rule_median,15,0.5626,582.1022753715515,648.3651163578033
0.05,gaussian_noise,50,arm_rule_median,50,0.6885,582.1022753715515,648.3651163578033
0.05,gaussian_noise,50,arm_rule_median,150,0.7352000000000001,582.1022753715515,648.3651163578033
0.05,gaussian_noise,50,arm_rule_trimmed_mean,15,0.737,657.0750825405121,648.3651163578033
0.05,gaussian_noise,50,arm_rule_trimmed_mean,50,0.8193999999999999,657.0750825405121,648.3651163578033
0.05,gaussian_noise,50,arm_rule_trimmed_mean,150,0.8421,657.0750825405121,648.3651163578033
0.05,gaussian_noise,50,arm_rule_fltrust,15,0.6648,469.6712400913239,648.3651163578033
0.05,gaussian_noise,50,arm_rule_fltrust,50,0.7641,469.6712400913239,648.3651163578033
0.05,gaussian_noise,50,arm_rule_fltrust,150,0.8440000000000001,469.6712400913239,648.3651163578033
0.05,gaussian_noise,50,arm_rule_clustering,15,0.6332,311.4383633136749,648.3651163578033
0.05,gaussian_noise,50,arm_rule_clustering,50,0.7204999999999999,311.4383633136749,648.3651163578033
0.05,gaussian_noise,50,arm_rule_clustering,150,0.7418,311.4383633136749,648.3651163578033
0.05,gaussian_noise,50,arm_rule_krum,15,0.3101,245.31069350242612,648.3651163578033
0.05,gaussian_noise,50,arm_rule_krum,50,0.3588999999999999,245.31069350242612,648.3651163578033
0.05,gaussian_noise,50,arm_rule_krum,150,0.4150999999999999,245.31069350242612,648.3651163578033
0.05,gaussian_noise,50,arm_gradf_fedavg,15,0.7589,352.7915213108063,648.3651163578033
0.05,gaussian_noise,50,arm_gradf_fedavg,50,0.8352,352.7915213108063,648.3651163578033
0.05,gaussian_noise,50,arm_gradf_fedavg,150,0.8548,352.7915213108063,648.3651163578033
0.05,gaussian_noise,50,arm_gradf_fedprox,15,0.7514000000000001,505.3768253326416,648.3651163578033
0.05,gaussian_noise,50,arm_gradf_fedprox,50,0.8326,505.3768253326416,648.3651163578033
0.05,gaussian_noise,50,arm_gradf_fedprox,150,0.8542,505.3768253326416,648.3651163578033
0.05,gaussian_noise,50,arm_gradf_median,15,0.7217,471.8058063983917,648.3651163578033
0.05,gaussian_noise,50,arm_gradf_median,50,0.8255000000000001,471.8058063983917,648.3651163578033
0.05,gaussian_noise,50,arm_gradf_median,150,0.8428999999999999,471.8058063983917,648.3651163578033
0.05,gaussian_noise,50,arm_gradf_trimmed_mean,15,0.7577,400.963410615921,648.3651163578033
0.05,gaussian_noise,50,arm_gradf_trimmed_mean,50,0.8422000000000001,400.963410615921,648.3651163578033
0.05,gaussian_noise,50,arm_gradf_trimmed_mean,150,0.8564999999999999,400.963410615921,648.3651163578033
0.05,gaussian_noise,50,arm_gradf_fltrust,15,0.6127999999999999,683.8354072570801,648.3651163578033
0.05,gaussian_noise,50,arm_gradf_fltrust,50,0.6711,683.8354072570801,648.3651163578033
0.05,gaussian_noise,50,arm_gradf_fltrust,150,0.7741000000000001,683.8354072570801,648.3651163578033
0.05,gaussian_noise,50,arm_gradf_clustering,15,0.7316,368.2901802062988,648.3651163578033
0.05,gaussian_noise,50,arm_gradf_clustering,50,0.8126999999999999,368.2901802062988,648.3651163578033
0.05,gaussian_noise,50,arm_gradf_clustering,150,0.8276999999999999,368.2901802062988,648.3651163578033
0.05,gaussian_noise,50,arm_gradf_krum,15,0.2952,590.2403826713562,648.3651163578033
0.05,gaussian_noise,50,arm_gradf_krum,50,0.4437,590.2403826713562,648.3651163578033
0.05,gaussian_noise,50,arm_gradf_krum,150,0.4463,590.2403826713562,648.3651163578033
0.05,gaussian_noise,51,td3_ref,15,0.8051,1584.1774756908417,882.3175368309021
0.05,gaussian_noise,51,td3_ref,50,0.8572,1584.1774756908417,882.3175368309021
0.05,gaussian_noise,51,td3_ref,150,0.8780999999999999,1584.1774756908417,882.3175368309021
0.05,gaussian_noise,51,fixed,15,0.8048,1575.6859335899353,882.3175368309021
0.05,gaussian_noise,51,fixed,50,0.8573999999999999,1575.6859335899353,882.3175368309021
0.05,gaussian_noise,51,fixed,150,0.8782,1575.6859335899353,882.3175368309021
0.05,gaussian_noise,51,linucb,15,0.5653,386.2817015647888,882.3175368309021
0.05,gaussian_noise,51,linucb,50,0.6895,386.2817015647888,882.3175368309021
0.05,gaussian_noise,51,linucb,150,0.7299,386.2817015647888,882.3175368309021
0.05,gaussian_noise,51,dqn,15,0.7647999999999999,440.25379633903503,882.3175368309021
0.05,gaussian_noise,51,dqn,50,0.8375999999999999,440.25379633903503,882.3175368309021
0.05,gaussian_noise,51,dqn,150,0.8560000000000001,440.25379633903503,882.3175368309021
0.05,gaussian_noise,51,rand_rule,15,0.5957000000000001,494.05080914497375,882.3175368309021
0.05,gaussian_noise,51,rand_rule,50,0.6797,494.05080914497375,882.3175368309021
0.05,gaussian_noise,51,rand_rule,150,0.7243999999999999,494.05080914497375,882.3175368309021
0.05,gaussian_noise,51,rand_gradf,15,0.7091999999999999,376.99433946609497,882.3175368309021
0.05,gaussian_noise,51,rand_gradf,50,0.8193999999999999,376.99433946609497,882.3175368309021
0.05,gaussian_noise,51,rand_gradf,150,0.8577999999999999,376.99433946609497,882.3175368309021
0.05,gaussian_noise,51,arm_rule_fedavg,15,0.5783999999999999,399.228440284729,882.3175368309021
0.05,gaussian_noise,51,arm_rule_fedavg,50,0.6755000000000001,399.228440284729,882.3175368309021
0.05,gaussian_noise,51,arm_rule_fedavg,150,0.7604,399.228440284729,882.3175368309021
0.05,gaussian_noise,51,arm_rule_fedprox,15,0.5766000000000001,387.3186933994293,882.3175368309021
0.05,gaussian_noise,51,arm_rule_fedprox,50,0.6735,387.3186933994293,882.3175368309021
0.05,gaussian_noise,51,arm_rule_fedprox,150,0.7583,387.3186933994293,882.3175368309021
0.05,gaussian_noise,51,arm_rule_median,15,0.5655,491.530455827713,882.3175368309021
0.05,gaussian_noise,51,arm_rule_median,50,0.6845000000000001,491.530455827713,882.3175368309021
0.05,gaussian_noise,51,arm_rule_median,150,0.737,491.530455827713,882.3175368309021
0.05,gaussian_noise,51,arm_rule_trimmed_mean,15,0.7434999999999999,272.87871837615967,882.3175368309021
0.05,gaussian_noise,51,arm_rule_trimmed_mean,50,0.8177,272.87871837615967,882.3175368309021
0.05,gaussian_noise,51,arm_rule_trimmed_mean,150,0.8472,272.87871837615967,882.3175368309021
0.05,gaussian_noise,51,arm_rule_fltrust,15,0.5973999999999999,361.6847825050354,882.3175368309021
0.05,gaussian_noise,51,arm_rule_fltrust,50,0.7286999999999999,361.6847825050354,882.3175368309021
0.05,gaussian_noise,51,arm_rule_fltrust,150,0.8308,361.6847825050354,882.3175368309021
0.05,gaussian_noise,51,arm_rule_clustering,15,0.5824,460.540286064148,882.3175368309021
0.05,gaussian_noise,51,arm_rule_clustering,50,0.688,460.540286064148,882.3175368309021
0.05,gaussian_noise,51,arm_rule_clustering,150,0.7436,460.540286064148,882.3175368309021
0.05,gaussian_noise,51,arm_rule_krum,15,0.3111,656.9277849197388,882.3175368309021
0.05,gaussian_noise,51,arm_rule_krum,50,0.3588,656.9277849197388,882.3175368309021
0.05,gaussian_noise,51,arm_rule_krum,150,0.4201,656.9277849197388,882.3175368309021
0.05,gaussian_noise,51,arm_gradf_fedavg,15,0.7647999999999999,360.74200892448425,882.3175368309021
0.05,gaussian_noise,51,arm_gradf_fedavg,50,0.8375999999999999,360.74200892448425,882.3175368309021
0.05,gaussian_noise,51,arm_gradf_fedavg,150,0.8560000000000001,360.74200892448425,882.3175368309021
0.05,gaussian_noise,51,arm_gradf_fedprox,15,0.7585000000000001,268.08916759490967,882.3175368309021
0.05,gaussian_noise,51,arm_gradf_fedprox,50,0.8341999999999998,268.08916759490967,882.3175368309021
0.05,gaussian_noise,51,arm_gradf_fedprox,150,0.8544,268.08916759490967,882.3175368309021
0.05,gaussian_noise,51,arm_gradf_median,15,0.7182999999999999,755.3784484863281,882.3175368309021
0.05,gaussian_noise,51,arm_gradf_median,50,0.835,755.3784484863281,882.3175368309021
0.05,gaussian_noise,51,arm_gradf_median,150,0.8454,755.3784484863281,882.3175368309021
0.05,gaussian_noise,51,arm_gradf_trimmed_mean,15,0.7617,391.697634935379,882.3175368309021
0.05,gaussian_noise,51,arm_gradf_trimmed_mean,50,0.8461000000000001,391.697634935379,882.3175368309021
0.05,gaussian_noise,51,arm_gradf_trimmed_mean,150,0.8589,391.697634935379,882.3175368309021
0.05,gaussian_noise,51,arm_gradf_fltrust,15,0.5072,399.3572154045105,882.3175368309021
0.05,gaussian_noise,51,arm_gradf_fltrust,50,0.6674,399.3572154045105,882.3175368309021
0.05,gaussian_noise,51,arm_gradf_fltrust,150,0.7604000000000001,399.3572154045105,882.3175368309021
0.05,gaussian_noise,51,arm_gradf_clustering,15,0.7375,505.8293795585632,882.3175368309021
0.05,gaussian_noise,51,arm_gradf_clustering,50,0.818,505.8293795585632,882.3175368309021
0.05,gaussian_noise,51,arm_gradf_clustering,150,0.8357000000000001,505.8293795585632,882.3175368309021
0.05,gaussian_noise,51,arm_gradf_krum,15,0.2945,271.4100522994995,882.3175368309021
0.05,gaussian_noise,51,arm_gradf_krum,50,0.4444,271.4100522994995,882.3175368309021
0.05,gaussian_noise,51,arm_gradf_krum,150,0.4394,271.4100522994995,882.3175368309021
0.1,krum_collusion,42,td3_ref,15,0.8436999999999999,1726.4177041053772,650.3034467697144
0.1,krum_collusion,42,td3_ref,50,0.8767999999999999,1726.4177041053772,650.3034467697144
0.1,krum_collusion,42,td3_ref,150,0.8936,1726.4177041053772,650.3034467697144
0.1,krum_collusion,42,fixed,15,0.8446,1734.9394085407257,650.3034467697144
0.1,krum_collusion,42,fixed,50,0.8751999999999999,1734.9394085407257,650.3034467697144
0.1,krum_collusion,42,fixed,150,0.8943,1734.9394085407257,650.3034467697144
0.1,krum_collusion,42,linucb,15,0.6376,227.4240686893463,650.3034467697144
0.1,krum_collusion,42,linucb,50,0.7128,227.4240686893463,650.3034467697144
0.1,krum_collusion,42,linucb,150,0.7596,227.4240686893463,650.3034467697144
0.1,krum_collusion,42,dqn,15,0.669,243.4203634262085,650.3034467697144
0.1,krum_collusion,42,dqn,50,0.7787,243.4203634262085,650.3034467697144
0.1,krum_collusion,42,dqn,150,0.8153,243.4203634262085,650.3034467697144
0.1,krum_collusion,42,rand_rule,15,0.5179,154.82365489006042,650.3034467697144
0.1,krum_collusion,42,rand_rule,50,0.6855,154.82365489006042,650.3034467697144
0.1,krum_collusion,42,rand_rule,150,0.7496,154.82365489006042,650.3034467697144
0.1,krum_collusion,42,rand_gradf,15,0.6278,156.59600591659546,650.3034467697144
0.1,krum_collusion,42,rand_gradf,50,0.7681000000000001,156.59600591659546,650.3034467697144
0.1,krum_collusion,42,rand_gradf,150,0.7942,156.59600591659546,650.3034467697144
0.1,krum_collusion,42,arm_rule_fedavg,15,0.7379,320.5162808895111,650.3034467697144
0.1,krum_collusion,42,arm_rule_fedavg,50,0.7851,320.5162808895111,650.3034467697144
0.1,krum_collusion,42,arm_rule_fedavg,150,0.7906000000000001,320.5162808895111,650.3034467697144
0.1,krum_collusion,42,arm_rule_fedprox,15,0.7303,154.89175844192505,650.3034467697144
0.1,krum_collusion,42,arm_rule_fedprox,50,0.7841000000000001,154.89175844192505,650.3034467697144
0.1,krum_collusion,42,arm_rule_fedprox,150,0.7917,154.89175844192505,650.3034467697144
0.1,krum_collusion,42,arm_rule_median,15,0.4183999999999999,167.31672263145447,650.3034467697144
0.1,krum_collusion,42,arm_rule_median,50,0.5354000000000001,167.31672263145447,650.3034467697144
0.1,krum_collusion,42,arm_rule_median,150,0.5592,167.31672263145447,650.3034467697144
0.1,krum_collusion,42,arm_rule_trimmed_mean,15,0.426,244.85189700126648,650.3034467697144
0.1,krum_collusion,42,arm_rule_trimmed_mean,50,0.5302,244.85189700126648,650.3034467697144
0.1,krum_collusion,42,arm_rule_trimmed_mean,150,0.571,244.85189700126648,650.3034467697144
0.1,krum_collusion,42,arm_rule_fltrust,15,0.5941,214.6811571121216,650.3034467697144
0.1,krum_collusion,42,arm_rule_fltrust,50,0.8263,214.6811571121216,650.3034467697144
0.1,krum_collusion,42,arm_rule_fltrust,150,0.875,214.6811571121216,650.3034467697144
0.1,krum_collusion,42,arm_rule_clustering,15,0.6308,270.3702476024628,650.3034467697144
0.1,krum_collusion,42,arm_rule_clustering,50,0.6685000000000001,270.3702476024628,650.3034467697144
0.1,krum_collusion,42,arm_rule_clustering,150,0.4688,270.3702476024628,650.3034467697144
0.1,krum_collusion,42,arm_rule_krum,15,0.1943,645.3329813480377,650.3034467697144
0.1,krum_collusion,42,arm_rule_krum,50,0.4469,645.3329813480377,650.3034467697144
0.1,krum_collusion,42,arm_rule_krum,150,0.3701,645.3329813480377,650.3034467697144
0.1,krum_collusion,42,arm_gradf_fedavg,15,0.7335,358.10654067993164,650.3034467697144
0.1,krum_collusion,42,arm_gradf_fedavg,50,0.7862,358.10654067993164,650.3034467697144
0.1,krum_collusion,42,arm_gradf_fedavg,150,0.8076000000000001,358.10654067993164,650.3034467697144
0.1,krum_collusion,42,arm_gradf_fedprox,15,0.7256,493.0303547382355,650.3034467697144
0.1,krum_collusion,42,arm_gradf_fedprox,50,0.7837,493.0303547382355,650.3034467697144
0.1,krum_collusion,42,arm_gradf_fedprox,150,0.8071999999999999,493.0303547382355,650.3034467697144
0.1,krum_collusion,42,arm_gradf_median,15,0.4781000000000001,476.567405462265,650.3034467697144
0.1,krum_collusion,42,arm_gradf_median,50,0.6509,476.567405462265,650.3034467697144
0.1,krum_collusion,42,arm_gradf_median,150,0.6949,476.567405462265,650.3034467697144
0.1,krum_collusion,42,arm_gradf_trimmed_mean,15,0.5059000000000001,677.818142414093,650.3034467697144
0.1,krum_collusion,42,arm_gradf_trimmed_mean,50,0.7497,677.818142414093,650.3034467697144
0.1,krum_collusion,42,arm_gradf_trimmed_mean,150,0.805,677.818142414093,650.3034467697144
0.1,krum_collusion,42,arm_gradf_fltrust,15,0.5653,549.3407790660858,650.3034467697144
0.1,krum_collusion,42,arm_gradf_fltrust,50,0.6847000000000001,549.3407790660858,650.3034467697144
0.1,krum_collusion,42,arm_gradf_fltrust,150,0.8314999999999999,549.3407790660858,650.3034467697144
0.1,krum_collusion,42,arm_gradf_clustering,15,0.6224999999999999,376.3107798099518,650.3034467697144
0.1,krum_collusion,42,arm_gradf_clustering,50,0.6648000000000001,376.3107798099518,650.3034467697144
0.1,krum_collusion,42,arm_gradf_clustering,150,0.7633,376.3107798099518,650.3034467697144
0.1,krum_collusion,42,arm_gradf_krum,15,0.1848999999999999,399.0246343612671,650.3034467697144
0.1,krum_collusion,42,arm_gradf_krum,50,0.358,399.0246343612671,650.3034467697144
0.1,krum_collusion,42,arm_gradf_krum,150,0.4944,399.0246343612671,650.3034467697144
0.1,krum_collusion,43,td3_ref,15,0.8007,1552.461833000183,642.3526501655579
0.1,krum_collusion,43,td3_ref,50,0.8751999999999999,1552.461833000183,642.3526501655579
0.1,krum_collusion,43,td3_ref,150,0.8940000000000001,1552.461833000183,642.3526501655579
0.1,krum_collusion,43,fixed,15,0.8418000000000001,1599.5240678787231,642.3526501655579
0.1,krum_collusion,43,fixed,50,0.8757999999999999,1599.5240678787231,642.3526501655579
0.1,krum_collusion,43,fixed,150,0.8943000000000001,1599.5240678787231,642.3526501655579
0.1,krum_collusion,43,linucb,15,0.6489,665.767915725708,642.3526501655579
0.1,krum_collusion,43,linucb,50,0.6625,665.767915725708,642.3526501655579
0.1,krum_collusion,43,linucb,150,0.7428000000000001,665.767915725708,642.3526501655579
0.1,krum_collusion,43,dqn,15,0.5241,544.6140735149384,642.3526501655579
0.1,krum_collusion,43,dqn,50,0.7586,544.6140735149384,642.3526501655579
0.1,krum_collusion,43,dqn,150,0.8161000000000002,544.6140735149384,642.3526501655579
0.1,krum_collusion,43,rand_rule,15,0.6357,603.5656218528748,642.3526501655579
0.1,krum_collusion,43,rand_rule,50,0.7285999999999999,603.5656218528748,642.3526501655579
0.1,krum_collusion,43,rand_rule,150,0.7829,603.5656218528748,642.3526501655579
0.1,krum_collusion,43,rand_gradf,15,0.6296999999999999,557.554309129715,642.3526501655579
0.1,krum_collusion,43,rand_gradf,50,0.7589,557.554309129715,642.3526501655579
0.1,krum_collusion,43,rand_gradf,150,0.7865,557.554309129715,642.3526501655579
0.1,krum_collusion,43,arm_rule_fedavg,15,0.7395,526.4820127487183,642.3526501655579
0.1,krum_collusion,43,arm_rule_fedavg,50,0.7834,526.4820127487183,642.3526501655579
0.1,krum_collusion,43,arm_rule_fedavg,150,0.7917,526.4820127487183,642.3526501655579
0.1,krum_collusion,43,arm_rule_fedprox,15,0.7313,664.2016654014587,642.3526501655579
0.1,krum_collusion,43,arm_rule_fedprox,50,0.7827,664.2016654014587,642.3526501655579
0.1,krum_collusion,43,arm_rule_fedprox,150,0.7917,664.2016654014587,642.3526501655579
0.1,krum_collusion,43,arm_rule_median,15,0.4165,377.3180725574493,642.3526501655579
0.1,krum_collusion,43,arm_rule_median,50,0.5375,377.3180725574493,642.3526501655579
0.1,krum_collusion,43,arm_rule_median,150,0.5576,377.3180725574493,642.3526501655579
0.1,krum_collusion,43,arm_rule_trimmed_mean,15,0.4269,482.7132916450501,642.3526501655579
0.1,krum_collusion,43,arm_rule_trimmed_mean,50,0.5286,482.7132916450501,642.3526501655579
0.1,krum_collusion,43,arm_rule_trimmed_mean,150,0.5699,482.7132916450501,642.3526501655579
0.1,krum_collusion,43,arm_rule_fltrust,15,0.6196999999999999,414.9554350376129,642.3526501655579
0.1,krum_collusion,43,arm_rule_fltrust,50,0.8466999999999999,414.9554350376129,642.3526501655579
0.1,krum_collusion,43,arm_rule_fltrust,150,0.8808,414.9554350376129,642.3526501655579
0.1,krum_collusion,43,arm_rule_clustering,15,0.6330000000000001,270.5062093734741,642.3526501655579
0.1,krum_collusion,43,arm_rule_clustering,50,0.6692000000000001,270.5062093734741,642.3526501655579
0.1,krum_collusion,43,arm_rule_clustering,150,0.4795,270.5062093734741,642.3526501655579
0.1,krum_collusion,43,arm_rule_krum,15,0.1941,209.4249141216278,642.3526501655579
0.1,krum_collusion,43,arm_rule_krum,50,0.4246,209.4249141216278,642.3526501655579
0.1,krum_collusion,43,arm_rule_krum,150,0.3674,209.4249141216278,642.3526501655579
0.1,krum_collusion,43,arm_gradf_fedavg,15,0.7445999999999999,320.7920038700104,642.3526501655579
0.1,krum_collusion,43,arm_gradf_fedavg,50,0.7864,320.7920038700104,642.3526501655579
0.1,krum_collusion,43,arm_gradf_fedavg,150,0.8019000000000001,320.7920038700104,642.3526501655579
0.1,krum_collusion,43,arm_gradf_fedprox,15,0.7358,686.09241938591,642.3526501655579
0.1,krum_collusion,43,arm_gradf_fedprox,50,0.7853000000000001,686.09241938591,642.3526501655579
0.1,krum_collusion,43,arm_gradf_fedprox,150,0.7987,686.09241938591,642.3526501655579
0.1,krum_collusion,43,arm_gradf_median,15,0.4851,549.3997406959534,642.3526501655579
0.1,krum_collusion,43,arm_gradf_median,50,0.6524,549.3997406959534,642.3526501655579
0.1,krum_collusion,43,arm_gradf_median,150,0.7006,549.3997406959534,642.3526501655579
0.1,krum_collusion,43,arm_gradf_trimmed_mean,15,0.5241,497.9090669155121,642.3526501655579
0.1,krum_collusion,43,arm_gradf_trimmed_mean,50,0.7586,497.9090669155121,642.3526501655579
0.1,krum_collusion,43,arm_gradf_trimmed_mean,150,0.8161000000000002,497.9090669155121,642.3526501655579
0.1,krum_collusion,43,arm_gradf_fltrust,15,0.5768000000000001,429.16616344451904,642.3526501655579
0.1,krum_collusion,43,arm_gradf_fltrust,50,0.7258,429.16616344451904,642.3526501655579
0.1,krum_collusion,43,arm_gradf_fltrust,150,0.85,429.16616344451904,642.3526501655579
0.1,krum_collusion,43,arm_gradf_clustering,15,0.6377,385.6078727245331,642.3526501655579
0.1,krum_collusion,43,arm_gradf_clustering,50,0.6667000000000002,385.6078727245331,642.3526501655579
0.1,krum_collusion,43,arm_gradf_clustering,150,0.7649000000000001,385.6078727245331,642.3526501655579
0.1,krum_collusion,43,arm_gradf_krum,15,0.2265,412.69309067726135,642.3526501655579
0.1,krum_collusion,43,arm_gradf_krum,50,0.3599,412.69309067726135,642.3526501655579
0.1,krum_collusion,43,arm_gradf_krum,150,0.393,412.69309067726135,642.3526501655579
0.1,krum_collusion,44,td3_ref,15,0.8423999999999999,1597.4995193481443,574.7800588607788
0.1,krum_collusion,44,td3_ref,50,0.8754,1597.4995193481443,574.7800588607788
0.1,krum_collusion,44,td3_ref,150,0.8941000000000001,1597.4995193481443,574.7800588607788
0.1,krum_collusion,44,fixed,15,0.841,1635.4999408721924,574.7800588607788
0.1,krum_collusion,44,fixed,50,0.8756,1635.4999408721924,574.7800588607788
0.1,krum_collusion,44,fixed,150,0.8944000000000001,1635.4999408721924,574.7800588607788
0.1,krum_collusion,44,linucb,15,0.6435000000000001,476.3172779083252,574.7800588607788
0.1,krum_collusion,44,linucb,50,0.7252,476.3172779083252,574.7800588607788
0.1,krum_collusion,44,linucb,150,0.7573,476.3172779083252,574.7800588607788
0.1,krum_collusion,44,dqn,15,0.7289999999999999,926.6081278324128,574.7800588607788
0.1,krum_collusion,44,dqn,50,0.7816000000000001,926.6081278324128,574.7800588607788
0.1,krum_collusion,44,dqn,150,0.8029999999999999,926.6081278324128,574.7800588607788
0.1,krum_collusion,44,rand_rule,15,0.6383000000000001,425.2578749656677,574.7800588607788
0.1,krum_collusion,44,rand_rule,50,0.7381,425.2578749656677,574.7800588607788
0.1,krum_collusion,44,rand_rule,150,0.7868,425.2578749656677,574.7800588607788
0.1,krum_collusion,44,rand_gradf,15,0.6507,324.6396732330322,574.7800588607788
0.1,krum_collusion,44,rand_gradf,50,0.7762000000000001,324.6396732330322,574.7800588607788
0.1,krum_collusion,44,rand_gradf,150,0.7985000000000001,324.6396732330322,574.7800588607788
0.1,krum_collusion,44,arm_rule_fedavg,15,0.7415999999999999,324.8047678470612,574.7800588607788
0.1,krum_collusion,44,arm_rule_fedavg,50,0.7856000000000002,324.8047678470612,574.7800588607788
0.1,krum_collusion,44,arm_rule_fedavg,150,0.7969999999999999,324.8047678470612,574.7800588607788
0.1,krum_collusion,44,arm_rule_fedprox,15,0.7333,412.2252812385559,574.7800588607788
0.1,krum_collusion,44,arm_rule_fedprox,50,0.7837000000000001,412.2252812385559,574.7800588607788
0.1,krum_collusion,44,arm_rule_fedprox,150,0.7978,412.2252812385559,574.7800588607788
0.1,krum_collusion,44,arm_rule_median,15,0.4235,493.7327408790589,574.7800588607788
0.1,krum_collusion,44,arm_rule_median,50,0.5368999999999999,493.7327408790589,574.7800588607788
0.1,krum_collusion,44,arm_rule_median,150,0.5648,493.7327408790589,574.7800588607788
0.1,krum_collusion,44,arm_rule_trimmed_mean,15,0.4296,426.25280499458313,574.7800588607788
0.1,krum_collusion,44,arm_rule_trimmed_mean,50,0.5287,426.25280499458313,574.7800588607788
0.1,krum_collusion,44,arm_rule_trimmed_mean,150,0.5733999999999999,426.25280499458313,574.7800588607788
0.1,krum_collusion,44,arm_rule_fltrust,15,0.5932999999999999,693.7890384197235,574.7800588607788
0.1,krum_collusion,44,arm_rule_fltrust,50,0.8324999999999999,693.7890384197235,574.7800588607788
0.1,krum_collusion,44,arm_rule_fltrust,150,0.8752000000000001,693.7890384197235,574.7800588607788
0.1,krum_collusion,44,arm_rule_clustering,15,0.6376000000000001,348.48318099975586,574.7800588607788
0.1,krum_collusion,44,arm_rule_clustering,50,0.6700000000000002,348.48318099975586,574.7800588607788
0.1,krum_collusion,44,arm_rule_clustering,150,0.4608,348.48318099975586,574.7800588607788
0.1,krum_collusion,44,arm_rule_krum,15,0.1946,329.0489037036896,574.7800588607788
0.1,krum_collusion,44,arm_rule_krum,50,0.4422,329.0489037036896,574.7800588607788
0.1,krum_collusion,44,arm_rule_krum,150,0.3708,329.0489037036896,574.7800588607788
0.1,krum_collusion,44,arm_gradf_fedavg,15,0.738,450.21521043777466,574.7800588607788
0.1,krum_collusion,44,arm_gradf_fedavg,50,0.7842,450.21521043777466,574.7800588607788
0.1,krum_collusion,44,arm_gradf_fedavg,150,0.8049000000000002,450.21521043777466,574.7800588607788
0.1,krum_collusion,44,arm_gradf_fedprox,15,0.7289999999999999,725.3926818370819,574.7800588607788
0.1,krum_collusion,44,arm_gradf_fedprox,50,0.7816000000000001,725.3926818370819,574.7800588607788
0.1,krum_collusion,44,arm_gradf_fedprox,150,0.8033000000000001,725.3926818370819,574.7800588607788
0.1,krum_collusion,44,arm_gradf_median,15,0.4859999999999999,246.7697367668152,574.7800588607788
0.1,krum_collusion,44,arm_gradf_median,50,0.6361,246.7697367668152,574.7800588607788
0.1,krum_collusion,44,arm_gradf_median,150,0.716,246.7697367668152,574.7800588607788
0.1,krum_collusion,44,arm_gradf_trimmed_mean,15,0.5276,351.3122951984405,574.7800588607788
0.1,krum_collusion,44,arm_gradf_trimmed_mean,50,0.728,351.3122951984405,574.7800588607788
0.1,krum_collusion,44,arm_gradf_trimmed_mean,150,0.8112,351.3122951984405,574.7800588607788
0.1,krum_collusion,44,arm_gradf_fltrust,15,0.5528000000000001,244.8910548686981,574.7800588607788
0.1,krum_collusion,44,arm_gradf_fltrust,50,0.7097,244.8910548686981,574.7800588607788
0.1,krum_collusion,44,arm_gradf_fltrust,150,0.8411,244.8910548686981,574.7800588607788
0.1,krum_collusion,44,arm_gradf_clustering,15,0.6307,328.6737382411957,574.7800588607788
0.1,krum_collusion,44,arm_gradf_clustering,50,0.6626000000000001,328.6737382411957,574.7800588607788
0.1,krum_collusion,44,arm_gradf_clustering,150,0.7417,328.6737382411957,574.7800588607788
0.1,krum_collusion,44,arm_gradf_krum,15,0.3127,405.2984366416931,574.7800588607788
0.1,krum_collusion,44,arm_gradf_krum,50,0.346,405.2984366416931,574.7800588607788
0.1,krum_collusion,44,arm_gradf_krum,150,0.4627,405.2984366416931,574.7800588607788
0.1,krum_collusion,45,td3_ref,15,0.8398,1561.5712504386902,850.8883023262024
0.1,krum_collusion,45,td3_ref,50,0.8744,1561.5712504386902,850.8883023262024
0.1,krum_collusion,45,td3_ref,150,0.8936000000000002,1561.5712504386902,850.8883023262024
0.1,krum_collusion,45,fixed,15,0.844,1601.6848340034485,850.8883023262024
0.1,krum_collusion,45,fixed,50,0.8751,1601.6848340034485,850.8883023262024
0.1,krum_collusion,45,fixed,150,0.8941000000000001,1601.6848340034485,850.8883023262024
0.1,krum_collusion,45,linucb,15,0.6428,341.15771102905273,850.8883023262024
0.1,krum_collusion,45,linucb,50,0.7484,341.15771102905273,850.8883023262024
0.1,krum_collusion,45,linucb,150,0.8025,341.15771102905273,850.8883023262024
0.1,krum_collusion,45,dqn,15,0.5803999999999999,485.4390504360199,850.8883023262024
0.1,krum_collusion,45,dqn,50,0.7061999999999999,485.4390504360199,850.8883023262024
0.1,krum_collusion,45,dqn,150,0.8324999999999999,485.4390504360199,850.8883023262024
0.1,krum_collusion,45,rand_rule,15,0.6492000000000001,425.4043219089508,850.8883023262024
0.1,krum_collusion,45,rand_rule,50,0.7253999999999999,425.4043219089508,850.8883023262024
0.1,krum_collusion,45,rand_rule,150,0.7656,425.4043219089508,850.8883023262024
0.1,krum_collusion,45,rand_gradf,15,0.6672,397.5689830780029,850.8883023262024
0.1,krum_collusion,45,rand_gradf,50,0.7477,397.5689830780029,850.8883023262024
0.1,krum_collusion,45,rand_gradf,150,0.8189,397.5689830780029,850.8883023262024
0.1,krum_collusion,45,arm_rule_fedavg,15,0.738,240.68281054496765,850.8883023262024
0.1,krum_collusion,45,arm_rule_fedavg,50,0.7837000000000001,240.68281054496765,850.8883023262024
0.1,krum_collusion,45,arm_rule_fedavg,150,0.7928999999999999,240.68281054496765,850.8883023262024
0.1,krum_collusion,45,arm_rule_fedprox,15,0.7306,462.0974915027618,850.8883023262024
0.1,krum_collusion,45,arm_rule_fedprox,50,0.7833,462.0974915027618,850.8883023262024
0.1,krum_collusion,45,arm_rule_fedprox,150,0.7944000000000001,462.0974915027618,850.8883023262024
0.1,krum_collusion,45,arm_rule_median,15,0.4191,350.97671461105347,850.8883023262024
0.1,krum_collusion,45,arm_rule_median,50,0.5364000000000001,350.97671461105347,850.8883023262024
0.1,krum_collusion,45,arm_rule_median,150,0.5606,350.97671461105347,850.8883023262024
0.1,krum_collusion,45,arm_rule_trimmed_mean,15,0.4271,470.59168815612793,850.8883023262024
0.1,krum_collusion,45,arm_rule_trimmed_mean,50,0.5309000000000001,470.59168815612793,850.8883023262024
0.1,krum_collusion,45,arm_rule_trimmed_mean,150,0.5766,470.59168815612793,850.8883023262024
0.1,krum_collusion,45,arm_rule_fltrust,15,0.6713,290.81927728652954,850.8883023262024
0.1,krum_collusion,45,arm_rule_fltrust,50,0.8221,290.81927728652954,850.8883023262024
0.1,krum_collusion,45,arm_rule_fltrust,150,0.8648,290.81927728652954,850.8883023262024
0.1,krum_collusion,45,arm_rule_clustering,15,0.6333,324.98360085487366,850.8883023262024
0.1,krum_collusion,45,arm_rule_clustering,50,0.6697000000000001,324.98360085487366,850.8883023262024
0.1,krum_collusion,45,arm_rule_clustering,150,0.4885,324.98360085487366,850.8883023262024
0.1,krum_collusion,45,arm_rule_krum,15,0.1943,498.4123549461365,850.8883023262024
0.1,krum_collusion,45,arm_rule_krum,50,0.4617000000000001,498.4123549461365,850.8883023262024
0.1,krum_collusion,45,arm_rule_krum,150,0.3822,498.4123549461365,850.8883023262024
0.1,krum_collusion,45,arm_gradf_fedavg,15,0.7383000000000001,570.7533047199249,850.8883023262024
0.1,krum_collusion,45,arm_gradf_fedavg,50,0.7769,570.7533047199249,850.8883023262024
0.1,krum_collusion,45,arm_gradf_fedavg,150,0.8074999999999999,570.7533047199249,850.8883023262024
0.1,krum_collusion,45,arm_gradf_fedprox,15,0.7311,436.7929677963257,850.8883023262024
0.1,krum_collusion,45,arm_gradf_fedprox,50,0.7757000000000001,436.7929677963257,850.8883023262024
0.1,krum_collusion,45,arm_gradf_fedprox,150,0.8032999999999999,436.7929677963257,850.8883023262024
0.1,krum_collusion,45,arm_gradf_median,15,0.4984,458.4868528842926,850.8883023262024
0.1,krum_collusion,45,arm_gradf_median,50,0.6431000000000001,458.4868528842926,850.8883023262024
0.1,krum_collusion,45,arm_gradf_median,150,0.7061,458.4868528842926,850.8883023262024
0.1,krum_collusion,45,arm_gradf_trimmed_mean,15,0.5359,506.8959844112396,850.8883023262024
0.1,krum_collusion,45,arm_gradf_trimmed_mean,50,0.7449999999999999,506.8959844112396,850.8883023262024
0.1,krum_collusion,45,arm_gradf_trimmed_mean,150,0.8097,506.8959844112396,850.8883023262024
0.1,krum_collusion,45,arm_gradf_fltrust,15,0.5803999999999999,688.9216363430023,850.8883023262024
0.1,krum_collusion,45,arm_gradf_fltrust,50,0.7061999999999999,688.9216363430023,850.8883023262024
0.1,krum_collusion,45,arm_gradf_fltrust,150,0.8324999999999999,688.9216363430023,850.8883023262024
0.1,krum_collusion,45,arm_gradf_clustering,15,0.6297,383.74556946754456,850.8883023262024
0.1,krum_collusion,45,arm_gradf_clustering,50,0.6661,383.74556946754456,850.8883023262024
0.1,krum_collusion,45,arm_gradf_clustering,150,0.7689,383.74556946754456,850.8883023262024
0.1,krum_collusion,45,arm_gradf_krum,15,0.1826,531.7706656455994,850.8883023262024
0.1,krum_collusion,45,arm_gradf_krum,50,0.288,531.7706656455994,850.8883023262024
0.1,krum_collusion,45,arm_gradf_krum,150,0.3812,531.7706656455994,850.8883023262024
0.1,krum_collusion,46,td3_ref,15,0.8272,1541.2385411262512,823.8268024921417
0.1,krum_collusion,46,td3_ref,50,0.8734,1541.2385411262512,823.8268024921417
0.1,krum_collusion,46,td3_ref,150,0.8936,1541.2385411262512,823.8268024921417
0.1,krum_collusion,46,fixed,15,0.8440999999999999,1581.5828621387482,823.8268024921417
0.1,krum_collusion,46,fixed,50,0.8763,1581.5828621387482,823.8268024921417
0.1,krum_collusion,46,fixed,150,0.8944000000000001,1581.5828621387482,823.8268024921417
0.1,krum_collusion,46,linucb,15,0.649,451.4906916618347,823.8268024921417
0.1,krum_collusion,46,linucb,50,0.755,451.4906916618347,823.8268024921417
0.1,krum_collusion,46,linucb,150,0.7697,451.4906916618347,823.8268024921417
0.1,krum_collusion,46,dqn,15,0.6204999999999999,619.5766649246216,823.8268024921417
0.1,krum_collusion,46,dqn,50,0.6673,619.5766649246216,823.8268024921417
0.1,krum_collusion,46,dqn,150,0.7758999999999999,619.5766649246216,823.8268024921417
0.1,krum_collusion,46,rand_rule,15,0.6578,290.54215025901794,823.8268024921417
0.1,krum_collusion,46,rand_rule,50,0.7299999999999999,290.54215025901794,823.8268024921417
0.1,krum_collusion,46,rand_rule,150,0.788,290.54215025901794,823.8268024921417
0.1,krum_collusion,46,rand_gradf,15,0.631,630.966372013092,823.8268024921417
0.1,krum_collusion,46,rand_gradf,50,0.7502,630.966372013092,823.8268024921417
0.1,krum_collusion,46,rand_gradf,150,0.8017,630.966372013092,823.8268024921417
0.1,krum_collusion,46,arm_rule_fedavg,15,0.7383,377.3734493255615,823.8268024921417
0.1,krum_collusion,46,arm_rule_fedavg,50,0.787,377.3734493255615,823.8268024921417
0.1,krum_collusion,46,arm_rule_fedavg,150,0.7955,377.3734493255615,823.8268024921417
0.1,krum_collusion,46,arm_rule_fedprox,15,0.7313999999999999,524.6653304100037,823.8268024921417
0.1,krum_collusion,46,arm_rule_fedprox,50,0.7850000000000001,524.6653304100037,823.8268024921417
0.1,krum_collusion,46,arm_rule_fedprox,150,0.7955,524.6653304100037,823.8268024921417
0.1,krum_collusion,46,arm_rule_median,15,0.4243,588.6405172348022,823.8268024921417
0.1,krum_collusion,46,arm_rule_median,50,0.5378000000000001,588.6405172348022,823.8268024921417
0.1,krum_collusion,46,arm_rule_median,150,0.5652999999999999,588.6405172348022,823.8268024921417
0.1,krum_collusion,46,arm_rule_trimmed_mean,15,0.4300999999999999,810.3432004451752,823.8268024921417
0.1,krum_collusion,46,arm_rule_trimmed_mean,50,0.5296,810.3432004451752,823.8268024921417
0.1,krum_collusion,46,arm_rule_trimmed_mean,150,0.5753,810.3432004451752,823.8268024921417
0.1,krum_collusion,46,arm_rule_fltrust,15,0.5731,372.1771848201752,823.8268024921417
0.1,krum_collusion,46,arm_rule_fltrust,50,0.8209,372.1771848201752,823.8268024921417
0.1,krum_collusion,46,arm_rule_fltrust,150,0.8700000000000001,372.1771848201752,823.8268024921417
0.1,krum_collusion,46,arm_rule_clustering,15,0.6364000000000001,384.66393852233887,823.8268024921417
0.1,krum_collusion,46,arm_rule_clustering,50,0.6697,384.66393852233887,823.8268024921417
0.1,krum_collusion,46,arm_rule_clustering,150,0.4742,384.66393852233887,823.8268024921417
0.1,krum_collusion,46,arm_rule_krum,15,0.1939,448.292407989502,823.8268024921417
0.1,krum_collusion,46,arm_rule_krum,50,0.4372,448.292407989502,823.8268024921417
0.1,krum_collusion,46,arm_rule_krum,150,0.3726,448.292407989502,823.8268024921417
0.1,krum_collusion,46,arm_gradf_fedavg,15,0.7318,536.7705504894257,823.8268024921417
0.1,krum_collusion,46,arm_gradf_fedavg,50,0.7841999999999999,536.7705504894257,823.8268024921417
0.1,krum_collusion,46,arm_gradf_fedavg,150,0.8064,536.7705504894257,823.8268024921417
0.1,krum_collusion,46,arm_gradf_fedprox,15,0.7274999999999999,283.2371335029602,823.8268024921417
0.1,krum_collusion,46,arm_gradf_fedprox,50,0.7844,283.2371335029602,823.8268024921417
0.1,krum_collusion,46,arm_gradf_fedprox,150,0.8083,283.2371335029602,823.8268024921417
0.1,krum_collusion,46,arm_gradf_median,15,0.4705,621.9017131328583,823.8268024921417
0.1,krum_collusion,46,arm_gradf_median,50,0.6581,621.9017131328583,823.8268024921417
0.1,krum_collusion,46,arm_gradf_median,150,0.6892999999999999,621.9017131328583,823.8268024921417
0.1,krum_collusion,46,arm_gradf_trimmed_mean,15,0.5112,625.4986298084259,823.8268024921417
0.1,krum_collusion,46,arm_gradf_trimmed_mean,50,0.7501,625.4986298084259,823.8268024921417
0.1,krum_collusion,46,arm_gradf_trimmed_mean,150,0.8029,625.4986298084259,823.8268024921417
0.1,krum_collusion,46,arm_gradf_fltrust,15,0.543,443.7458946704865,823.8268024921417
0.1,krum_collusion,46,arm_gradf_fltrust,50,0.6868000000000001,443.7458946704865,823.8268024921417
0.1,krum_collusion,46,arm_gradf_fltrust,150,0.8286999999999999,443.7458946704865,823.8268024921417
0.1,krum_collusion,46,arm_gradf_clustering,15,0.6204999999999999,477.4925916194916,823.8268024921417
0.1,krum_collusion,46,arm_gradf_clustering,50,0.6673,477.4925916194916,823.8268024921417
0.1,krum_collusion,46,arm_gradf_clustering,150,0.7758999999999999,477.4925916194916,823.8268024921417
0.1,krum_collusion,46,arm_gradf_krum,15,0.3053,552.3443579673767,823.8268024921417
0.1,krum_collusion,46,arm_gradf_krum,50,0.3557,552.3443579673767,823.8268024921417
0.1,krum_collusion,46,arm_gradf_krum,150,0.4048999999999999,552.3443579673767,823.8268024921417
0.1,krum_collusion,47,td3_ref,15,0.8337999999999999,1543.1281650066376,695.8171360492706
0.1,krum_collusion,47,td3_ref,50,0.876,1543.1281650066376,695.8171360492706
0.1,krum_collusion,47,td3_ref,150,0.8946000000000002,1543.1281650066376,695.8171360492706
0.1,krum_collusion,47,fixed,15,0.8431999999999998,1520.2093975543976,695.8171360492706
0.1,krum_collusion,47,fixed,50,0.8617000000000001,1520.2093975543976,695.8171360492706
0.1,krum_collusion,47,fixed,150,0.8941000000000001,1520.2093975543976,695.8171360492706
0.1,krum_collusion,47,linucb,15,0.6386000000000001,583.3337812423706,695.8171360492706
0.1,krum_collusion,47,linucb,50,0.6888,583.3337812423706,695.8171360492706
0.1,krum_collusion,47,linucb,150,0.7565000000000001,583.3337812423706,695.8171360492706
0.1,krum_collusion,47,dqn,15,0.6349,556.8910672664642,695.8171360492706
0.1,krum_collusion,47,dqn,50,0.6666,556.8910672664642,695.8171360492706
0.1,krum_collusion,47,dqn,150,0.7693,556.8910672664642,695.8171360492706
0.1,krum_collusion,47,rand_rule,15,0.6529,349.85023760795593,695.8171360492706
0.1,krum_collusion,47,rand_rule,50,0.7505999999999999,349.85023760795593,695.8171360492706
0.1,krum_collusion,47,rand_rule,150,0.7900000000000001,349.85023760795593,695.8171360492706
0.1,krum_collusion,47,rand_gradf,15,0.6906999999999999,338.8873462677002,695.8171360492706
0.1,krum_collusion,47,rand_gradf,50,0.7694,338.8873462677002,695.8171360492706
0.1,krum_collusion,47,rand_gradf,150,0.8020999999999999,338.8873462677002,695.8171360492706
0.1,krum_collusion,47,arm_rule_fedavg,15,0.7394999999999999,303.1423273086548,695.8171360492706
0.1,krum_collusion,47,arm_rule_fedavg,50,0.7837,303.1423273086548,695.8171360492706
0.1,krum_collusion,47,arm_rule_fedavg,150,0.7939,303.1423273086548,695.8171360492706
0.1,krum_collusion,47,arm_rule_fedprox,15,0.7322,276.44322681427,695.8171360492706
0.1,krum_collusion,47,arm_rule_fedprox,50,0.7822,276.44322681427,695.8171360492706
0.1,krum_collusion,47,arm_rule_fedprox,150,0.7935000000000001,276.44322681427,695.8171360492706
0.1,krum_collusion,47,arm_rule_median,15,0.4208999999999999,619.7548925876617,695.8171360492706
0.1,krum_collusion,47,arm_rule_median,50,0.536,619.7548925876617,695.8171360492706
0.1,krum_collusion,47,arm_rule_median,150,0.5599000000000001,619.7548925876617,695.8171360492706
0.1,krum_collusion,47,arm_rule_trimmed_mean,15,0.4279,344.42302894592285,695.8171360492706
0.1,krum_collusion,47,arm_rule_trimmed_mean,50,0.5297000000000001,344.42302894592285,695.8171360492706
0.1,krum_collusion,47,arm_rule_trimmed_mean,150,0.5725,344.42302894592285,695.8171360492706
0.1,krum_collusion,47,arm_rule_fltrust,15,0.6440000000000001,460.5464696884155,695.8171360492706
0.1,krum_collusion,47,arm_rule_fltrust,50,0.8290999999999998,460.5464696884155,695.8171360492706
0.1,krum_collusion,47,arm_rule_fltrust,150,0.8687000000000001,460.5464696884155,695.8171360492706
0.1,krum_collusion,47,arm_rule_clustering,15,0.6357,390.9144670963288,695.8171360492706
0.1,krum_collusion,47,arm_rule_clustering,50,0.6666,390.9144670963288,695.8171360492706
0.1,krum_collusion,47,arm_rule_clustering,150,0.4779999999999999,390.9144670963288,695.8171360492706
0.1,krum_collusion,47,arm_rule_krum,15,0.1933,444.8488564491272,695.8171360492706
0.1,krum_collusion,47,arm_rule_krum,50,0.4453,444.8488564491272,695.8171360492706
0.1,krum_collusion,47,arm_rule_krum,150,0.3743,444.8488564491272,695.8171360492706
0.1,krum_collusion,47,arm_gradf_fedavg,15,0.7329999999999999,348.89715480804443,695.8171360492706
0.1,krum_collusion,47,arm_gradf_fedavg,50,0.784,348.89715480804443,695.8171360492706
0.1,krum_collusion,47,arm_gradf_fedavg,150,0.8091999999999999,348.89715480804443,695.8171360492706
0.1,krum_collusion,47,arm_gradf_fedprox,15,0.7261,721.8766067028046,695.8171360492706
0.1,krum_collusion,47,arm_gradf_fedprox,50,0.7825,721.8766067028046,695.8171360492706
0.1,krum_collusion,47,arm_gradf_fedprox,150,0.8063,721.8766067028046,695.8171360492706
0.1,krum_collusion,47,arm_gradf_median,15,0.4825,557.8684501647949,695.8171360492706
0.1,krum_collusion,47,arm_gradf_median,50,0.6474,557.8684501647949,695.8171360492706
0.1,krum_collusion,47,arm_gradf_median,150,0.7048,557.8684501647949,695.8171360492706
0.1,krum_collusion,47,arm_gradf_trimmed_mean,15,0.5296000000000001,418.9993679523468,695.8171360492706
0.1,krum_collusion,47,arm_gradf_trimmed_mean,50,0.743,418.9993679523468,695.8171360492706
0.1,krum_collusion,47,arm_gradf_trimmed_mean,150,0.8129000000000002,418.9993679523468,695.8171360492706
0.1,krum_collusion,47,arm_gradf_fltrust,15,0.6044,480.3537647724152,695.8171360492706
0.1,krum_collusion,47,arm_gradf_fltrust,50,0.7088,480.3537647724152,695.8171360492706
0.1,krum_collusion,47,arm_gradf_fltrust,150,0.8431999999999998,480.3537647724152,695.8171360492706
0.1,krum_collusion,47,arm_gradf_clustering,15,0.6349,433.3143327236176,695.8171360492706
0.1,krum_collusion,47,arm_gradf_clustering,50,0.6666,433.3143327236176,695.8171360492706
0.1,krum_collusion,47,arm_gradf_clustering,150,0.7693,433.3143327236176,695.8171360492706
0.1,krum_collusion,47,arm_gradf_krum,15,0.2879,411.9455425739288,695.8171360492706
0.1,krum_collusion,47,arm_gradf_krum,50,0.2906,411.9455425739288,695.8171360492706
0.1,krum_collusion,47,arm_gradf_krum,150,0.3062999999999999,411.9455425739288,695.8171360492706
0.1,krum_collusion,48,td3_ref,15,0.841,1549.036390542984,496.7381157875061
0.1,krum_collusion,48,td3_ref,50,0.8538,1549.036390542984,496.7381157875061
0.1,krum_collusion,48,td3_ref,150,0.8936,1549.036390542984,496.7381157875061
0.1,krum_collusion,48,fixed,15,0.8407,1621.288388967514,496.7381157875061
0.1,krum_collusion,48,fixed,50,0.8754,1621.288388967514,496.7381157875061
0.1,krum_collusion,48,fixed,150,0.8935000000000001,1621.288388967514,496.7381157875061
0.1,krum_collusion,48,linucb,15,0.6426999999999999,503.26017713546753,496.7381157875061
0.1,krum_collusion,48,linucb,50,0.7463,503.26017713546753,496.7381157875061
0.1,krum_collusion,48,linucb,150,0.7203,503.26017713546753,496.7381157875061
0.1,krum_collusion,48,dqn,15,0.5878,640.5377051830292,496.7381157875061
0.1,krum_collusion,48,dqn,50,0.7127,640.5377051830292,496.7381157875061
0.1,krum_collusion,48,dqn,150,0.8305,640.5377051830292,496.7381157875061
0.1,krum_collusion,48,rand_rule,15,0.6349,426.7424540519714,496.7381157875061
0.1,krum_collusion,48,rand_rule,50,0.6844,426.7424540519714,496.7381157875061
0.1,krum_collusion,48,rand_rule,150,0.7668999999999999,426.7424540519714,496.7381157875061
0.1,krum_collusion,48,rand_gradf,15,0.6096999999999999,384.1362068653106,496.7381157875061
0.1,krum_collusion,48,rand_gradf,50,0.7518,384.1362068653106,496.7381157875061
0.1,krum_collusion,48,rand_gradf,150,0.7912999999999999,384.1362068653106,496.7381157875061
0.1,krum_collusion,48,arm_rule_fedavg,15,0.7409,501.4821739196777,496.7381157875061
0.1,krum_collusion,48,arm_rule_fedavg,50,0.7861,501.4821739196777,496.7381157875061
0.1,krum_collusion,48,arm_rule_fedavg,150,0.7905,501.4821739196777,496.7381157875061
0.1,krum_collusion,48,arm_rule_fedprox,15,0.7326,341.08071088790894,496.7381157875061
0.1,krum_collusion,48,arm_rule_fedprox,50,0.7848,341.08071088790894,496.7381157875061
0.1,krum_collusion,48,arm_rule_fedprox,150,0.7915000000000001,341.08071088790894,496.7381157875061
0.1,krum_collusion,48,arm_rule_median,15,0.4224,230.95405197143555,496.7381157875061
0.1,krum_collusion,48,arm_rule_median,50,0.5404,230.95405197143555,496.7381157875061
0.1,krum_collusion,48,arm_rule_median,150,0.5645,230.95405197143555,496.7381157875061
0.1,krum_collusion,48,arm_rule_trimmed_mean,15,0.4284,569.2783389091492,496.7381157875061
0.1,krum_collusion,48,arm_rule_trimmed_mean,50,0.5312,569.2783389091492,496.7381157875061
0.1,krum_collusion,48,arm_rule_trimmed_mean,150,0.5775,569.2783389091492,496.7381157875061
0.1,krum_collusion,48,arm_rule_fltrust,15,0.641,266.5443952083588,496.7381157875061
0.1,krum_collusion,48,arm_rule_fltrust,50,0.8209,266.5443952083588,496.7381157875061
0.1,krum_collusion,48,arm_rule_fltrust,150,0.8728,266.5443952083588,496.7381157875061
0.1,krum_collusion,48,arm_rule_clustering,15,0.6343000000000001,498.4964673519135,496.7381157875061
0.1,krum_collusion,48,arm_rule_clustering,50,0.6684,498.4964673519135,496.7381157875061
0.1,krum_collusion,48,arm_rule_clustering,150,0.4603,498.4964673519135,496.7381157875061
0.1,krum_collusion,48,arm_rule_krum,15,0.1938,215.56314754486084,496.7381157875061
0.1,krum_collusion,48,arm_rule_krum,50,0.4758999999999999,215.56314754486084,496.7381157875061
0.1,krum_collusion,48,arm_rule_krum,150,0.3834,215.56314754486084,496.7381157875061
0.1,krum_collusion,48,arm_gradf_fedavg,15,0.7384999999999999,324.88581466674805,496.7381157875061
0.1,krum_collusion,48,arm_gradf_fedavg,50,0.7863,324.88581466674805,496.7381157875061
0.1,krum_collusion,48,arm_gradf_fedavg,150,0.8032000000000001,324.88581466674805,496.7381157875061
0.1,krum_collusion,48,arm_gradf_fedprox,15,0.7301,405.6286315917969,496.7381157875061
0.1,krum_collusion,48,arm_gradf_fedprox,50,0.7833,405.6286315917969,496.7381157875061
0.1,krum_collusion,48,arm_gradf_fedprox,150,0.7979,405.6286315917969,496.7381157875061
0.1,krum_collusion,48,arm_gradf_median,15,0.504,578.2653975486755,496.7381157875061
0.1,krum_collusion,48,arm_gradf_median,50,0.6433,578.2653975486755,496.7381157875061
0.1,krum_collusion,48,arm_gradf_median,150,0.6975,578.2653975486755,496.7381157875061
0.1,krum_collusion,48,arm_gradf_trimmed_mean,15,0.5429999999999999,494.3286366462708,496.7381157875061
0.1,krum_collusion,48,arm_gradf_trimmed_mean,50,0.7506,494.3286366462708,496.7381157875061
0.1,krum_collusion,48,arm_gradf_trimmed_mean,150,0.8012,494.3286366462708,496.7381157875061
0.1,krum_collusion,48,arm_gradf_fltrust,15,0.5878,438.5803682804108,496.7381157875061
0.1,krum_collusion,48,arm_gradf_fltrust,50,0.7127,438.5803682804108,496.7381157875061
0.1,krum_collusion,48,arm_gradf_fltrust,150,0.8305,438.5803682804108,496.7381157875061
0.1,krum_collusion,48,arm_gradf_clustering,15,0.6226999999999999,567.3480212688446,496.7381157875061
0.1,krum_collusion,48,arm_gradf_clustering,50,0.6639,567.3480212688446,496.7381157875061
0.1,krum_collusion,48,arm_gradf_clustering,150,0.7807999999999999,567.3480212688446,496.7381157875061
0.1,krum_collusion,48,arm_gradf_krum,15,0.1853999999999999,422.1897723674774,496.7381157875061
0.1,krum_collusion,48,arm_gradf_krum,50,0.2289,422.1897723674774,496.7381157875061
0.1,krum_collusion,48,arm_gradf_krum,150,0.4761,422.1897723674774,496.7381157875061
0.1,krum_collusion,49,td3_ref,15,0.8437000000000001,1610.6604661941528,777.0859131813049
0.1,krum_collusion,49,td3_ref,50,0.8780000000000001,1610.6604661941528,777.0859131813049
0.1,krum_collusion,49,td3_ref,150,0.8933,1610.6604661941528,777.0859131813049
0.1,krum_collusion,49,fixed,15,0.8427999999999999,1555.962063074112,777.0859131813049
0.1,krum_collusion,49,fixed,50,0.876,1555.962063074112,777.0859131813049
0.1,krum_collusion,49,fixed,150,0.8936,1555.962063074112,777.0859131813049
0.1,krum_collusion,49,linucb,15,0.6289,433.3015069961548,777.0859131813049
0.1,krum_collusion,49,linucb,50,0.7502,433.3015069961548,777.0859131813049
0.1,krum_collusion,49,linucb,150,0.7856000000000001,433.3015069961548,777.0859131813049
0.1,krum_collusion,49,dqn,15,0.5246000000000001,467.20969247817993,777.0859131813049
0.1,krum_collusion,49,dqn,50,0.7439,467.20969247817993,777.0859131813049
0.1,krum_collusion,49,dqn,150,0.8063,467.20969247817993,777.0859131813049
0.1,krum_collusion,49,rand_rule,15,0.7091999999999999,480.0975344181061,777.0859131813049
0.1,krum_collusion,49,rand_rule,50,0.6537000000000001,480.0975344181061,777.0859131813049
0.1,krum_collusion,49,rand_rule,150,0.7730000000000001,480.0975344181061,777.0859131813049
0.1,krum_collusion,49,rand_gradf,15,0.6786,680.9707686901093,777.0859131813049
0.1,krum_collusion,49,rand_gradf,50,0.7701999999999999,680.9707686901093,777.0859131813049
0.1,krum_collusion,49,rand_gradf,150,0.7992,680.9707686901093,777.0859131813049
0.1,krum_collusion,49,arm_rule_fedavg,15,0.7389,508.3626942634583,777.0859131813049
0.1,krum_collusion,49,arm_rule_fedavg,50,0.7868,508.3626942634583,777.0859131813049
0.1,krum_collusion,49,arm_rule_fedavg,150,0.7896000000000001,508.3626942634583,777.0859131813049
0.1,krum_collusion,49,arm_rule_fedprox,15,0.7307,303.0871810913086,777.0859131813049
0.1,krum_collusion,49,arm_rule_fedprox,50,0.7844,303.0871810913086,777.0859131813049
0.1,krum_collusion,49,arm_rule_fedprox,150,0.7901,303.0871810913086,777.0859131813049
0.1,krum_collusion,49,arm_rule_median,15,0.4191,453.7547767162323,777.0859131813049
0.1,krum_collusion,49,arm_rule_median,50,0.5389,453.7547767162323,777.0859131813049
0.1,krum_collusion,49,arm_rule_median,150,0.5609,453.7547767162323,777.0859131813049
0.1,krum_collusion,49,arm_rule_trimmed_mean,15,0.4307999999999999,967.2948920726776,777.0859131813049
0.1,krum_collusion,49,arm_rule_trimmed_mean,50,0.5323000000000001,967.2948920726776,777.0859131813049
0.1,krum_collusion,49,arm_rule_trimmed_mean,150,0.5738,967.2948920726776,777.0859131813049
0.1,krum_collusion,49,arm_rule_fltrust,15,0.6303000000000001,268.9951937198639,777.0859131813049
0.1,krum_collusion,49,arm_rule_fltrust,50,0.7807000000000001,268.9951937198639,777.0859131813049
0.1,krum_collusion,49,arm_rule_fltrust,150,0.8484999999999999,268.9951937198639,777.0859131813049
0.1,krum_collusion,49,arm_rule_clustering,15,0.6368,336.9506461620331,777.0859131813049
0.1,krum_collusion,49,arm_rule_clustering,50,0.6697000000000001,336.9506461620331,777.0859131813049
0.1,krum_collusion,49,arm_rule_clustering,150,0.4772,336.9506461620331,777.0859131813049
0.1,krum_collusion,49,arm_rule_krum,15,0.1943,325.9591217041016,777.0859131813049
0.1,krum_collusion,49,arm_rule_krum,50,0.4535,325.9591217041016,777.0859131813049
0.1,krum_collusion,49,arm_rule_krum,150,0.3753,325.9591217041016,777.0859131813049
0.1,krum_collusion,49,arm_gradf_fedavg,15,0.7387,244.1997075080872,777.0859131813049
0.1,krum_collusion,49,arm_gradf_fedavg,50,0.7882,244.1997075080872,777.0859131813049
0.1,krum_collusion,49,arm_gradf_fedavg,150,0.8102,244.1997075080872,777.0859131813049
0.1,krum_collusion,49,arm_gradf_fedprox,15,0.7302,229.14039158821103,777.0859131813049
0.1,krum_collusion,49,arm_gradf_fedprox,50,0.7855,229.14039158821103,777.0859131813049
0.1,krum_collusion,49,arm_gradf_fedprox,150,0.8073,229.14039158821103,777.0859131813049
0.1,krum_collusion,49,arm_gradf_median,15,0.4835999999999999,583.3705825805664,777.0859131813049
0.1,krum_collusion,49,arm_gradf_median,50,0.6465,583.3705825805664,777.0859131813049
0.1,krum_collusion,49,arm_gradf_median,150,0.6929000000000001,583.3705825805664,777.0859131813049
0.1,krum_collusion,49,arm_gradf_trimmed_mean,15,0.5246000000000001,551.6336414813995,777.0859131813049
0.1,krum_collusion,49,arm_gradf_trimmed_mean,50,0.7439,551.6336414813995,777.0859131813049
0.1,krum_collusion,49,arm_gradf_trimmed_mean,150,0.8046,551.6336414813995,777.0859131813049
0.1,krum_collusion,49,arm_gradf_fltrust,15,0.6141,403.94030356407166,777.0859131813049
0.1,krum_collusion,49,arm_gradf_fltrust,50,0.6921999999999999,403.94030356407166,777.0859131813049
0.1,krum_collusion,49,arm_gradf_fltrust,150,0.8070999999999999,403.94030356407166,777.0859131813049
0.1,krum_collusion,49,arm_gradf_clustering,15,0.6329,316.86531114578247,777.0859131813049
0.1,krum_collusion,49,arm_gradf_clustering,50,0.6667000000000001,316.86531114578247,777.0859131813049
0.1,krum_collusion,49,arm_gradf_clustering,150,0.7721,316.86531114578247,777.0859131813049
0.1,krum_collusion,49,arm_gradf_krum,15,0.4394,403.8178415298462,777.0859131813049
0.1,krum_collusion,49,arm_gradf_krum,50,0.4152999999999999,403.8178415298462,777.0859131813049
0.1,krum_collusion,49,arm_gradf_krum,150,0.4881999999999999,403.8178415298462,777.0859131813049
0.1,krum_collusion,50,td3_ref,15,0.8386000000000001,1602.0594153404236,755.0851430892944
0.1,krum_collusion,50,td3_ref,50,0.8777000000000001,1602.0594153404236,755.0851430892944
0.1,krum_collusion,50,td3_ref,150,0.8932,1602.0594153404236,755.0851430892944
0.1,krum_collusion,50,fixed,15,0.8438000000000001,1634.980267047882,755.0851430892944
0.1,krum_collusion,50,fixed,50,0.8756999999999999,1634.980267047882,755.0851430892944
0.1,krum_collusion,50,fixed,150,0.8931000000000001,1634.980267047882,755.0851430892944
0.1,krum_collusion,50,linucb,15,0.6463,436.9782073497772,755.0851430892944
0.1,krum_collusion,50,linucb,50,0.7407,436.9782073497772,755.0851430892944
0.1,krum_collusion,50,linucb,150,0.7873000000000001,436.9782073497772,755.0851430892944
0.1,krum_collusion,50,dqn,15,0.6298,523.7707853317261,755.0851430892944
0.1,krum_collusion,50,dqn,50,0.6768000000000001,523.7707853317261,755.0851430892944
0.1,krum_collusion,50,dqn,150,0.7662,523.7707853317261,755.0851430892944
0.1,krum_collusion,50,rand_rule,15,0.6302,370.09679532051086,755.0851430892944
0.1,krum_collusion,50,rand_rule,50,0.6904,370.09679532051086,755.0851430892944
0.1,krum_collusion,50,rand_rule,150,0.7624,370.09679532051086,755.0851430892944
0.1,krum_collusion,50,rand_gradf,15,0.4606,706.8308508396149,755.0851430892944
0.1,krum_collusion,50,rand_gradf,50,0.7548000000000001,706.8308508396149,755.0851430892944
0.1,krum_collusion,50,rand_gradf,150,0.7935,706.8308508396149,755.0851430892944
0.1,krum_collusion,50,arm_rule_fedavg,15,0.7407,491.95888328552246,755.0851430892944
0.1,krum_collusion,50,arm_rule_fedavg,50,0.7842,491.95888328552246,755.0851430892944
0.1,krum_collusion,50,arm_rule_fedavg,150,0.7918000000000001,491.95888328552246,755.0851430892944
0.1,krum_collusion,50,arm_rule_fedprox,15,0.7323000000000001,455.376809835434,755.0851430892944
0.1,krum_collusion,50,arm_rule_fedprox,50,0.7823,455.376809835434,755.0851430892944
0.1,krum_collusion,50,arm_rule_fedprox,150,0.7935,455.376809835434,755.0851430892944
0.1,krum_collusion,50,arm_rule_median,15,0.4219,411.0444288253784,755.0851430892944
0.1,krum_collusion,50,arm_rule_median,50,0.5424,411.0444288253784,755.0851430892944
0.1,krum_collusion,50,arm_rule_median,150,0.5624,411.0444288253784,755.0851430892944
0.1,krum_collusion,50,arm_rule_trimmed_mean,15,0.4269999999999999,496.2633306980133,755.0851430892944
0.1,krum_collusion,50,arm_rule_trimmed_mean,50,0.5357999999999999,496.2633306980133,755.0851430892944
0.1,krum_collusion,50,arm_rule_trimmed_mean,150,0.5764999999999999,496.2633306980133,755.0851430892944
0.1,krum_collusion,50,arm_rule_fltrust,15,0.6450000000000001,550.90593791008,755.0851430892944
0.1,krum_collusion,50,arm_rule_fltrust,50,0.8353999999999999,550.90593791008,755.0851430892944
0.1,krum_collusion,50,arm_rule_fltrust,150,0.875,550.90593791008,755.0851430892944
0.1,krum_collusion,50,arm_rule_clustering,15,0.634,356.46897315979004,755.0851430892944
0.1,krum_collusion,50,arm_rule_clustering,50,0.6716,356.46897315979004,755.0851430892944
0.1,krum_collusion,50,arm_rule_clustering,150,0.4790999999999999,356.46897315979004,755.0851430892944
0.1,krum_collusion,50,arm_rule_krum,15,0.194,490.8113121986389,755.0851430892944
0.1,krum_collusion,50,arm_rule_krum,50,0.4256,490.8113121986389,755.0851430892944
0.1,krum_collusion,50,arm_rule_krum,150,0.3687999999999999,490.8113121986389,755.0851430892944
0.1,krum_collusion,50,arm_gradf_fedavg,15,0.7343,545.4303905963898,755.0851430892944
0.1,krum_collusion,50,arm_gradf_fedavg,50,0.7827000000000001,545.4303905963898,755.0851430892944
0.1,krum_collusion,50,arm_gradf_fedavg,150,0.7988,545.4303905963898,755.0851430892944
0.1,krum_collusion,50,arm_gradf_fedprox,15,0.7243999999999999,318.8483476638794,755.0851430892944
0.1,krum_collusion,50,arm_gradf_fedprox,50,0.7807,318.8483476638794,755.0851430892944
0.1,krum_collusion,50,arm_gradf_fedprox,150,0.8015000000000001,318.8483476638794,755.0851430892944
0.1,krum_collusion,50,arm_gradf_median,15,0.4496,340.0929560661316,755.0851430892944
0.1,krum_collusion,50,arm_gradf_median,50,0.6448,340.0929560661316,755.0851430892944
0.1,krum_collusion,50,arm_gradf_median,150,0.6923,340.0929560661316,755.0851430892944
0.1,krum_collusion,50,arm_gradf_trimmed_mean,15,0.5206,424.8032455444336,755.0851430892944
0.1,krum_collusion,50,arm_gradf_trimmed_mean,50,0.7408,424.8032455444336,755.0851430892944
0.1,krum_collusion,50,arm_gradf_trimmed_mean,150,0.8062000000000001,424.8032455444336,755.0851430892944
0.1,krum_collusion,50,arm_gradf_fltrust,15,0.6184,380.1389508247376,755.0851430892944
0.1,krum_collusion,50,arm_gradf_fltrust,50,0.7265999999999999,380.1389508247376,755.0851430892944
0.1,krum_collusion,50,arm_gradf_fltrust,150,0.8306000000000001,380.1389508247376,755.0851430892944
0.1,krum_collusion,50,arm_gradf_clustering,15,0.6298,326.5190269947052,755.0851430892944
0.1,krum_collusion,50,arm_gradf_clustering,50,0.6768000000000001,326.5190269947052,755.0851430892944
0.1,krum_collusion,50,arm_gradf_clustering,150,0.7662,326.5190269947052,755.0851430892944
0.1,krum_collusion,50,arm_gradf_krum,15,0.2098,398.9187664985657,755.0851430892944
0.1,krum_collusion,50,arm_gradf_krum,50,0.367,398.9187664985657,755.0851430892944
0.1,krum_collusion,50,arm_gradf_krum,150,0.5395000000000001,398.9187664985657,755.0851430892944
0.1,krum_collusion,51,td3_ref,15,0.837,1583.1023843288422,498.198481798172
0.1,krum_collusion,51,td3_ref,50,0.8754000000000002,1583.1023843288422,498.198481798172
0.1,krum_collusion,51,td3_ref,150,0.8921999999999999,1583.1023843288422,498.198481798172
0.1,krum_collusion,51,fixed,15,0.8473,1717.975502490997,498.198481798172
0.1,krum_collusion,51,fixed,50,0.8671,1717.975502490997,498.198481798172
0.1,krum_collusion,51,fixed,150,0.8936999999999999,1717.975502490997,498.198481798172
0.1,krum_collusion,51,linucb,15,0.6424000000000001,273.3581883907318,498.198481798172
0.1,krum_collusion,51,linucb,50,0.7554000000000001,273.3581883907318,498.198481798172
0.1,krum_collusion,51,linucb,150,0.7796000000000001,273.3581883907318,498.198481798172
0.1,krum_collusion,51,dqn,15,0.4834999999999999,626.0357348918915,498.198481798172
0.1,krum_collusion,51,dqn,50,0.6577000000000001,626.0357348918915,498.198481798172
0.1,krum_collusion,51,dqn,150,0.7806,626.0357348918915,498.198481798172
0.1,krum_collusion,51,rand_rule,15,0.5639000000000001,317.900087594986,498.198481798172
0.1,krum_collusion,51,rand_rule,50,0.6691,317.900087594986,498.198481798172
0.1,krum_collusion,51,rand_rule,150,0.7883,317.900087594986,498.198481798172
0.1,krum_collusion,51,rand_gradf,15,0.6798,399.0347692966461,498.198481798172
0.1,krum_collusion,51,rand_gradf,50,0.761,399.0347692966461,498.198481798172
0.1,krum_collusion,51,rand_gradf,150,0.7908000000000001,399.0347692966461,498.198481798172
0.1,krum_collusion,51,arm_rule_fedavg,15,0.7395,319.23593497276306,498.198481798172
0.1,krum_collusion,51,arm_rule_fedavg,50,0.7847000000000002,319.23593497276306,498.198481798172
0.1,krum_collusion,51,arm_rule_fedavg,150,0.7952000000000001,319.23593497276306,498.198481798172
0.1,krum_collusion,51,arm_rule_fedprox,15,0.7316,623.7394623756409,498.198481798172
0.1,krum_collusion,51,arm_rule_fedprox,50,0.7827,623.7394623756409,498.198481798172
0.1,krum_collusion,51,arm_rule_fedprox,150,0.7958999999999999,623.7394623756409,498.198481798172
0.1,krum_collusion,51,arm_rule_median,15,0.4193,882.5868623256683,498.198481798172
0.1,krum_collusion,51,arm_rule_median,50,0.5386,882.5868623256683,498.198481798172
0.1,krum_collusion,51,arm_rule_median,150,0.5605,882.5868623256683,498.198481798172
0.1,krum_collusion,51,arm_rule_trimmed_mean,15,0.4259,362.3238971233368,498.198481798172
0.1,krum_collusion,51,arm_rule_trimmed_mean,50,0.5311,362.3238971233368,498.198481798172
0.1,krum_collusion,51,arm_rule_trimmed_mean,150,0.5705,362.3238971233368,498.198481798172
0.1,krum_collusion,51,arm_rule_fltrust,15,0.6089,504.7176034450531,498.198481798172
0.1,krum_collusion,51,arm_rule_fltrust,50,0.8203000000000001,504.7176034450531,498.198481798172
0.1,krum_collusion,51,arm_rule_fltrust,150,0.8732999999999999,504.7176034450531,498.198481798172
0.1,krum_collusion,51,arm_rule_clustering,15,0.6336,412.49820947647095,498.198481798172
0.1,krum_collusion,51,arm_rule_clustering,50,0.6696000000000002,412.49820947647095,498.198481798172
0.1,krum_collusion,51,arm_rule_clustering,150,0.4775,412.49820947647095,498.198481798172
0.1,krum_collusion,51,arm_rule_krum,15,0.1938,482.9849979877472,498.198481798172
0.1,krum_collusion,51,arm_rule_krum,50,0.422,482.9849979877472,498.198481798172
0.1,krum_collusion,51,arm_rule_krum,150,0.3635,482.9849979877472,498.198481798172
0.1,krum_collusion,51,arm_gradf_fedavg,15,0.7293999999999999,400.2294764518738,498.198481798172
0.1,krum_collusion,51,arm_gradf_fedavg,50,0.7803000000000001,400.2294764518738,498.198481798172
0.1,krum_collusion,51,arm_gradf_fedavg,150,0.8049,400.2294764518738,498.198481798172
0.1,krum_collusion,51,arm_gradf_fedprox,15,0.7234999999999999,434.0800967216492,498.198481798172
0.1,krum_collusion,51,arm_gradf_fedprox,50,0.7786,434.0800967216492,498.198481798172
0.1,krum_collusion,51,arm_gradf_fedprox,150,0.8053999999999999,434.0800967216492,498.198481798172
0.1,krum_collusion,51,arm_gradf_median,15,0.4834999999999999,290.0820195674896,498.198481798172
0.1,krum_collusion,51,arm_gradf_median,50,0.6577000000000001,290.0820195674896,498.198481798172
0.1,krum_collusion,51,arm_gradf_median,150,0.6987,290.0820195674896,498.198481798172
0.1,krum_collusion,51,arm_gradf_trimmed_mean,15,0.5199999999999999,298.56002497673035,498.198481798172
0.1,krum_collusion,51,arm_gradf_trimmed_mean,50,0.7549000000000001,298.56002497673035,498.198481798172
0.1,krum_collusion,51,arm_gradf_trimmed_mean,150,0.8093,298.56002497673035,498.198481798172
0.1,krum_collusion,51,arm_gradf_fltrust,15,0.6077000000000001,490.3048164844513,498.198481798172
0.1,krum_collusion,51,arm_gradf_fltrust,50,0.7096,490.3048164844513,498.198481798172
0.1,krum_collusion,51,arm_gradf_fltrust,150,0.8251,490.3048164844513,498.198481798172
0.1,krum_collusion,51,arm_gradf_clustering,15,0.6344000000000001,282.8248324394226,498.198481798172
0.1,krum_collusion,51,arm_gradf_clustering,50,0.6609,282.8248324394226,498.198481798172
0.1,krum_collusion,51,arm_gradf_clustering,150,0.7656000000000001,282.8248324394226,498.198481798172
0.1,krum_collusion,51,arm_gradf_krum,15,0.354,409.61763167381287,498.198481798172
0.1,krum_collusion,51,arm_gradf_krum,50,0.3601,409.61763167381287,498.198481798172
0.1,krum_collusion,51,arm_gradf_krum,150,0.3716,409.61763167381287,498.198481798172
0.05,label_flipping,42,td3_ref,15,0.7194,1668.074863910675,447.93355083465576
0.05,label_flipping,42,td3_ref,50,0.7005,1668.074863910675,447.93355083465576
0.05,label_flipping,42,td3_ref,150,0.7068999999999999,1668.074863910675,447.93355083465576
0.05,label_flipping,42,fixed,15,0.7124999999999999,1797.9972689151764,447.93355083465576
0.05,label_flipping,42,fixed,50,0.6807,1797.9972689151764,447.93355083465576
0.05,label_flipping,42,fixed,150,0.6251,1797.9972689151764,447.93355083465576
0.05,label_flipping,42,linucb,15,0.4339,270.4205083847046,447.93355083465576
0.05,label_flipping,42,linucb,50,0.7716000000000001,270.4205083847046,447.93355083465576
0.05,label_flipping,42,linucb,150,0.8266,270.4205083847046,447.93355083465576
0.05,label_flipping,42,dqn,15,0.6182000000000001,486.2886791229248,447.93355083465576
0.05,label_flipping,42,dqn,50,0.6527000000000001,486.2886791229248,447.93355083465576
0.05,label_flipping,42,dqn,150,0.8582000000000001,486.2886791229248,447.93355083465576
0.05,label_flipping,42,rand_rule,15,0.5239,526.0070436000824,447.93355083465576
0.05,label_flipping,42,rand_rule,50,0.7706000000000001,526.0070436000824,447.93355083465576
0.05,label_flipping,42,rand_rule,150,0.8114000000000001,526.0070436000824,447.93355083465576
0.05,label_flipping,42,rand_gradf,15,0.687,521.9283168315887,447.93355083465576
0.05,label_flipping,42,rand_gradf,50,0.7857000000000001,521.9283168315887,447.93355083465576
0.05,label_flipping,42,rand_gradf,150,0.7752000000000001,521.9283168315887,447.93355083465576
0.05,label_flipping,42,arm_rule_fedavg,15,0.6637000000000001,350.94666051864624,447.93355083465576
0.05,label_flipping,42,arm_rule_fedavg,50,0.6973,350.94666051864624,447.93355083465576
0.05,label_flipping,42,arm_rule_fedavg,150,0.7171999999999998,350.94666051864624,447.93355083465576
0.05,label_flipping,42,arm_rule_fedprox,15,0.6606000000000001,584.1417298316956,447.93355083465576
0.05,label_flipping,42,arm_rule_fedprox,50,0.696,584.1417298316956,447.93355083465576
0.05,label_flipping,42,arm_rule_fedprox,150,0.7164999999999999,584.1417298316956,447.93355083465576
0.05,label_flipping,42,arm_rule_median,15,0.5626,285.60558128356934,447.93355083465576
0.05,label_flipping,42,arm_rule_median,50,0.679,285.60558128356934,447.93355083465576
0.05,label_flipping,42,arm_rule_median,150,0.7177999999999999,285.60558128356934,447.93355083465576
0.05,label_flipping,42,arm_rule_trimmed_mean,15,0.597,643.7539873123169,447.93355083465576
0.05,label_flipping,42,arm_rule_trimmed_mean,50,0.6673,643.7539873123169,447.93355083465576
0.05,label_flipping,42,arm_rule_trimmed_mean,150,0.6859,643.7539873123169,447.93355083465576
0.05,label_flipping,42,arm_rule_fltrust,15,0.6164000000000001,416.31721901893616,447.93355083465576
0.05,label_flipping,42,arm_rule_fltrust,50,0.8076000000000001,416.31721901893616,447.93355083465576
0.05,label_flipping,42,arm_rule_fltrust,150,0.8428999999999999,416.31721901893616,447.93355083465576
0.05,label_flipping,42,arm_rule_clustering,15,0.6273000000000001,354.5039415359497,447.93355083465576
0.05,label_flipping,42,arm_rule_clustering,50,0.6639,354.5039415359497,447.93355083465576
0.05,label_flipping,42,arm_rule_clustering,150,0.6842999999999999,354.5039415359497,447.93355083465576
0.05,label_flipping,42,arm_rule_krum,15,0.0178,634.4678866863251,447.93355083465576
0.05,label_flipping,42,arm_rule_krum,50,0.0187,634.4678866863251,447.93355083465576
0.05,label_flipping,42,arm_rule_krum,150,0.0204999999999999,634.4678866863251,447.93355083465576
0.05,label_flipping,42,arm_gradf_fedavg,15,0.6597000000000001,542.7165064811707,447.93355083465576
0.05,label_flipping,42,arm_gradf_fedavg,50,0.6900999999999999,542.7165064811707,447.93355083465576
0.05,label_flipping,42,arm_gradf_fedavg,150,0.7173,542.7165064811707,447.93355083465576
0.05,label_flipping,42,arm_gradf_fedprox,15,0.6555,699.9563200473785,447.93355083465576
0.05,label_flipping,42,arm_gradf_fedprox,50,0.6880999999999999,699.9563200473785,447.93355083465576
0.05,label_flipping,42,arm_gradf_fedprox,150,0.7149,699.9563200473785,447.93355083465576
0.05,label_flipping,42,arm_gradf_median,15,0.6558999999999999,553.1624772548676,447.93355083465576
0.05,label_flipping,42,arm_gradf_median,50,0.7372,553.1624772548676,447.93355083465576
0.05,label_flipping,42,arm_gradf_median,150,0.7491999999999999,553.1624772548676,447.93355083465576
0.05,label_flipping,42,arm_gradf_trimmed_mean,15,0.6683,520.2229111194611,447.93355083465576
0.05,label_flipping,42,arm_gradf_trimmed_mean,50,0.7470999999999999,520.2229111194611,447.93355083465576
0.05,label_flipping,42,arm_gradf_trimmed_mean,150,0.7633,520.2229111194611,447.93355083465576
0.05,label_flipping,42,arm_gradf_fltrust,15,0.5669000000000001,718.9203932285309,447.93355083465576
0.05,label_flipping,42,arm_gradf_fltrust,50,0.6864,718.9203932285309,447.93355083465576
0.05,label_flipping,42,arm_gradf_fltrust,150,0.8139999999999998,718.9203932285309,447.93355083465576
0.05,label_flipping,42,arm_gradf_clustering,15,0.6182000000000001,864.7344751358032,447.93355083465576
0.05,label_flipping,42,arm_gradf_clustering,50,0.6527000000000001,864.7344751358032,447.93355083465576
0.05,label_flipping,42,arm_gradf_clustering,150,0.8582000000000001,864.7344751358032,447.93355083465576
0.05,label_flipping,42,arm_gradf_krum,15,0.2583,706.9541237354279,447.93355083465576
0.05,label_flipping,42,arm_gradf_krum,50,0.3704,706.9541237354279,447.93355083465576
0.05,label_flipping,42,arm_gradf_krum,150,0.4128999999999999,706.9541237354279,447.93355083465576
0.05,label_flipping,43,td3_ref,15,0.6178,1745.7303240299225,885.7219026088715
0.05,label_flipping,43,td3_ref,50,0.6797000000000001,1745.7303240299225,885.7219026088715
0.05,label_flipping,43,td3_ref,150,0.7268,1745.7303240299225,885.7219026088715
0.05,label_flipping,43,fixed,15,0.7293999999999999,1747.8486969470978,885.7219026088715
0.05,label_flipping,43,fixed,50,0.6527000000000001,1747.8486969470978,885.7219026088715
0.05,label_flipping,43,fixed,150,0.6239,1747.8486969470978,885.7219026088715
0.05,label_flipping,43,linucb,15,0.4318000000000001,175.32447481155396,885.7219026088715
0.05,label_flipping,43,linucb,50,0.7463,175.32447481155396,885.7219026088715
0.05,label_flipping,43,linucb,150,0.8221,175.32447481155396,885.7219026088715
0.05,label_flipping,43,dqn,15,0.6378,205.1320412158966,885.7219026088715
0.05,label_flipping,43,dqn,50,0.7387,205.1320412158966,885.7219026088715
0.05,label_flipping,43,dqn,150,0.8237,205.1320412158966,885.7219026088715
0.05,label_flipping,43,rand_rule,15,0.6738000000000002,153.81369924545288,885.7219026088715
0.05,label_flipping,43,rand_rule,50,0.7375,153.81369924545288,885.7219026088715
0.05,label_flipping,43,rand_rule,150,0.8228,153.81369924545288,885.7219026088715
0.05,label_flipping,43,rand_gradf,15,0.6987,154.2852485179901,885.7219026088715
0.05,label_flipping,43,rand_gradf,50,0.7774000000000001,154.2852485179901,885.7219026088715
0.05,label_flipping,43,rand_gradf,150,0.7997,154.2852485179901,885.7219026088715
0.05,label_flipping,43,arm_rule_fedavg,15,0.6636,152.23587465286255,885.7219026088715
0.05,label_flipping,43,arm_rule_fedavg,50,0.6980000000000001,152.23587465286255,885.7219026088715
0.05,label_flipping,43,arm_rule_fedavg,150,0.7174999999999999,152.23587465286255,885.7219026088715
0.05,label_flipping,43,arm_rule_fedprox,15,0.6603999999999999,152.38428020477295,885.7219026088715
0.05,label_flipping,43,arm_rule_fedprox,50,0.6959,152.38428020477295,885.7219026088715
0.05,label_flipping,43,arm_rule_fedprox,150,0.7162,152.38428020477295,885.7219026088715
0.05,label_flipping,43,arm_rule_median,15,0.5627000000000001,163.97683787345886,885.7219026088715
0.05,label_flipping,43,arm_rule_median,50,0.6789000000000001,163.97683787345886,885.7219026088715
0.05,label_flipping,43,arm_rule_median,150,0.7163999999999999,163.97683787345886,885.7219026088715
0.05,label_flipping,43,arm_rule_trimmed_mean,15,0.5949,211.7364585399628,885.7219026088715
0.05,label_flipping,43,arm_rule_trimmed_mean,50,0.6662000000000001,211.7364585399628,885.7219026088715
0.05,label_flipping,43,arm_rule_trimmed_mean,150,0.6863,211.7364585399628,885.7219026088715
0.05,label_flipping,43,arm_rule_fltrust,15,0.6441,298.4178395271301,885.7219026088715
0.05,label_flipping,43,arm_rule_fltrust,50,0.7743,298.4178395271301,885.7219026088715
0.05,label_flipping,43,arm_rule_fltrust,150,0.828,298.4178395271301,885.7219026088715
0.05,label_flipping,43,arm_rule_clustering,15,0.6269,299.798844575882,885.7219026088715
0.05,label_flipping,43,arm_rule_clustering,50,0.6628000000000001,299.798844575882,885.7219026088715
0.05,label_flipping,43,arm_rule_clustering,150,0.6842,299.798844575882,885.7219026088715
0.05,label_flipping,43,arm_rule_krum,15,0.0176,219.8812301158905,885.7219026088715
0.05,label_flipping,43,arm_rule_krum,50,0.0187,219.8812301158905,885.7219026088715
0.05,label_flipping,43,arm_rule_krum,150,0.0203999999999999,219.8812301158905,885.7219026088715
0.05,label_flipping,43,arm_gradf_fedavg,15,0.6678,702.1405372619629,885.7219026088715
0.05,label_flipping,43,arm_gradf_fedavg,50,0.6930000000000001,702.1405372619629,885.7219026088715
0.05,label_flipping,43,arm_gradf_fedavg,150,0.7152,702.1405372619629,885.7219026088715
0.05,label_flipping,43,arm_gradf_fedprox,15,0.6638999999999999,291.7854058742523,885.7219026088715
0.05,label_flipping,43,arm_gradf_fedprox,50,0.6912,291.7854058742523,885.7219026088715
0.05,label_flipping,43,arm_gradf_fedprox,150,0.7135,291.7854058742523,885.7219026088715
0.05,label_flipping,43,arm_gradf_median,15,0.6557000000000002,248.45062708854675,885.7219026088715
0.05,label_flipping,43,arm_gradf_median,50,0.7341,248.45062708854675,885.7219026088715
0.05,label_flipping,43,arm_gradf_median,150,0.7516999999999999,248.45062708854675,885.7219026088715
0.05,label_flipping,43,arm_gradf_trimmed_mean,15,0.6714,690.7971343994141,885.7219026088715
0.05,label_flipping,43,arm_gradf_trimmed_mean,50,0.7503,690.7971343994141,885.7219026088715
0.05,label_flipping,43,arm_gradf_trimmed_mean,150,0.765,690.7971343994141,885.7219026088715
0.05,label_flipping,43,arm_gradf_fltrust,15,0.6144999999999999,531.9817209243774,885.7219026088715
0.05,label_flipping,43,arm_gradf_fltrust,50,0.7024999999999999,531.9817209243774,885.7219026088715
0.05,label_flipping,43,arm_gradf_fltrust,150,0.7879999999999999,531.9817209243774,885.7219026088715
0.05,label_flipping,43,arm_gradf_clustering,15,0.6253,475.4591376781464,885.7219026088715
0.05,label_flipping,43,arm_gradf_clustering,50,0.6561,475.4591376781464,885.7219026088715
0.05,label_flipping,43,arm_gradf_clustering,150,0.8584000000000002,475.4591376781464,885.7219026088715
0.05,label_flipping,43,arm_gradf_krum,15,0.0842999999999999,438.12461137771606,885.7219026088715
0.05,label_flipping,43,arm_gradf_krum,50,0.0842999999999999,438.12461137771606,885.7219026088715
0.05,label_flipping,43,arm_gradf_krum,150,0.1656,438.12461137771606,885.7219026088715
0.05,label_flipping,44,td3_ref,15,0.7421,1645.632402420044,754.5201830863953
0.05,label_flipping,44,td3_ref,50,0.4362,1645.632402420044,754.5201830863953
0.05,label_flipping,44,td3_ref,150,0.7327,1645.632402420044,754.5201830863953
0.05,label_flipping,44,fixed,15,0.7113,1619.1346776485443,754.5201830863953
0.05,label_flipping,44,fixed,50,0.6960999999999999,1619.1346776485443,754.5201830863953
0.05,label_flipping,44,fixed,150,0.6201,1619.1346776485443,754.5201830863953
0.05,label_flipping,44,linucb,15,0.6971,571.1404507160187,754.5201830863953
0.05,label_flipping,44,linucb,50,0.7396,571.1404507160187,754.5201830863953
0.05,label_flipping,44,linucb,150,0.8145,571.1404507160187,754.5201830863953
0.05,label_flipping,44,dqn,15,0.626,532.6129841804504,754.5201830863953
0.05,label_flipping,44,dqn,50,0.6563000000000001,532.6129841804504,754.5201830863953
0.05,label_flipping,44,dqn,150,0.8522000000000001,532.6129841804504,754.5201830863953
0.05,label_flipping,44,rand_rule,15,0.6691999999999999,264.5586369037628,754.5201830863953
0.05,label_flipping,44,rand_rule,50,0.7948999999999999,264.5586369037628,754.5201830863953
0.05,label_flipping,44,rand_rule,150,0.7429,264.5586369037628,754.5201830863953
0.05,label_flipping,44,rand_gradf,15,0.6712,273.10089588165283,754.5201830863953
0.05,label_flipping,44,rand_gradf,50,0.7451000000000001,273.10089588165283,754.5201830863953
0.05,label_flipping,44,rand_gradf,150,0.7375,273.10089588165283,754.5201830863953
0.05,label_flipping,44,arm_rule_fedavg,15,0.6646000000000001,205.04388117790225,754.5201830863953
0.05,label_flipping,44,arm_rule_fedavg,50,0.6973,205.04388117790225,754.5201830863953
0.05,label_flipping,44,arm_rule_fedavg,150,0.7179,205.04388117790225,754.5201830863953
0.05,label_flipping,44,arm_rule_fedprox,15,0.6612000000000001,378.8407599925995,754.5201830863953
0.05,label_flipping,44,arm_rule_fedprox,50,0.6955,378.8407599925995,754.5201830863953
0.05,label_flipping,44,arm_rule_fedprox,150,0.7162999999999999,378.8407599925995,754.5201830863953
0.05,label_flipping,44,arm_rule_median,15,0.5621,578.183602809906,754.5201830863953
0.05,label_flipping,44,arm_rule_median,50,0.6794,578.183602809906,754.5201830863953
0.05,label_flipping,44,arm_rule_median,150,0.717,578.183602809906,754.5201830863953
0.05,label_flipping,44,arm_rule_trimmed_mean,15,0.5956,549.2829434871674,754.5201830863953
0.05,label_flipping,44,arm_rule_trimmed_mean,50,0.6656,549.2829434871674,754.5201830863953
0.05,label_flipping,44,arm_rule_trimmed_mean,150,0.6856,549.2829434871674,754.5201830863953
0.05,label_flipping,44,arm_rule_fltrust,15,0.6617000000000001,975.895876646042,754.5201830863953
0.05,label_flipping,44,arm_rule_fltrust,50,0.7916000000000001,975.895876646042,754.5201830863953
0.05,label_flipping,44,arm_rule_fltrust,150,0.8476999999999999,975.895876646042,754.5201830863953
0.05,label_flipping,44,arm_rule_clustering,15,0.627,294.5439832210541,754.5201830863953
0.05,label_flipping,44,arm_rule_clustering,50,0.6631,294.5439832210541,754.5201830863953
0.05,label_flipping,44,arm_rule_clustering,150,0.685,294.5439832210541,754.5201830863953
0.05,label_flipping,44,arm_rule_krum,15,0.0177,333.6424214839936,754.5201830863953
0.05,label_flipping,44,arm_rule_krum,50,0.0186,333.6424214839936,754.5201830863953
0.05,label_flipping,44,arm_rule_krum,150,0.0206,333.6424214839936,754.5201830863953
0.05,label_flipping,44,arm_gradf_fedavg,15,0.6605000000000001,261.9671401977539,754.5201830863953
0.05,label_flipping,44,arm_gradf_fedavg,50,0.6934,261.9671401977539,754.5201830863953
0.05,label_flipping,44,arm_gradf_fedavg,150,0.7127,261.9671401977539,754.5201830863953
0.05,label_flipping,44,arm_gradf_fedprox,15,0.6564,247.96402287483212,754.5201830863953
0.05,label_flipping,44,arm_gradf_fedprox,50,0.6912,247.96402287483212,754.5201830863953
0.05,label_flipping,44,arm_gradf_fedprox,150,0.7112,247.96402287483212,754.5201830863953
0.05,label_flipping,44,arm_gradf_median,15,0.6442,336.401983499527,754.5201830863953
0.05,label_flipping,44,arm_gradf_median,50,0.7368,336.401983499527,754.5201830863953
0.05,label_flipping,44,arm_gradf_median,150,0.7585000000000001,336.401983499527,754.5201830863953
0.05,label_flipping,44,arm_gradf_trimmed_mean,15,0.6668999999999999,634.6445331573486,754.5201830863953
0.05,label_flipping,44,arm_gradf_trimmed_mean,50,0.7449,634.6445331573486,754.5201830863953
0.05,label_flipping,44,arm_gradf_trimmed_mean,150,0.7685000000000001,634.6445331573486,754.5201830863953
0.05,label_flipping,44,arm_gradf_fltrust,15,0.6159000000000001,378.61370635032654,754.5201830863953
0.05,label_flipping,44,arm_gradf_fltrust,50,0.7464000000000001,378.61370635032654,754.5201830863953
0.05,label_flipping,44,arm_gradf_fltrust,150,0.8186,378.61370635032654,754.5201830863953
0.05,label_flipping,44,arm_gradf_clustering,15,0.626,283.68719387054443,754.5201830863953
0.05,label_flipping,44,arm_gradf_clustering,50,0.6563000000000001,283.68719387054443,754.5201830863953
0.05,label_flipping,44,arm_gradf_clustering,150,0.8522000000000001,283.68719387054443,754.5201830863953
0.05,label_flipping,44,arm_gradf_krum,15,0.0793999999999999,375.9091408252716,754.5201830863953
0.05,label_flipping,44,arm_gradf_krum,50,0.0263,375.9091408252716,754.5201830863953
0.05,label_flipping,44,arm_gradf_krum,150,0.0455999999999999,375.9091408252716,754.5201830863953
0.05,label_flipping,45,td3_ref,15,0.7628999999999999,1571.9129939079285,778.7454299926758
0.05,label_flipping,45,td3_ref,50,0.7283999999999999,1571.9129939079285,778.7454299926758
0.05,label_flipping,45,td3_ref,150,0.6195,1571.9129939079285,778.7454299926758
0.05,label_flipping,45,fixed,15,0.7206,1585.3795819282532,778.7454299926758
0.05,label_flipping,45,fixed,50,0.6859,1585.3795819282532,778.7454299926758
0.05,label_flipping,45,fixed,150,0.6188,1585.3795819282532,778.7454299926758
0.05,label_flipping,45,linucb,15,0.4354,285.22288393974304,778.7454299926758
0.05,label_flipping,45,linucb,50,0.7384999999999999,285.22288393974304,778.7454299926758
0.05,label_flipping,45,linucb,150,0.8227,285.22288393974304,778.7454299926758
0.05,label_flipping,45,dqn,15,0.6504,476.4346852302551,778.7454299926758
0.05,label_flipping,45,dqn,50,0.8203000000000001,476.4346852302551,778.7454299926758
0.05,label_flipping,45,dqn,150,0.8638,476.4346852302551,778.7454299926758
0.05,label_flipping,45,rand_rule,15,0.6771,533.1629819869995,778.7454299926758
0.05,label_flipping,45,rand_rule,50,0.7529999999999999,533.1629819869995,778.7454299926758
0.05,label_flipping,45,rand_rule,150,0.7772,533.1629819869995,778.7454299926758
0.05,label_flipping,45,rand_gradf,15,0.6712,407.4942977428436,778.7454299926758
0.05,label_flipping,45,rand_gradf,50,0.7414,407.4942977428436,778.7454299926758
0.05,label_flipping,45,rand_gradf,150,0.8144,407.4942977428436,778.7454299926758
0.05,label_flipping,45,arm_rule_fedavg,15,0.6643,248.01758670806885,778.7454299926758
0.05,label_flipping,45,arm_rule_fedavg,50,0.6979,248.01758670806885,778.7454299926758
0.05,label_flipping,45,arm_rule_fedavg,150,0.7184,248.01758670806885,778.7454299926758
0.05,label_flipping,45,arm_rule_fedprox,15,0.6602000000000001,426.7026891708374,778.7454299926758
0.05,label_flipping,45,arm_rule_fedprox,50,0.6963,426.7026891708374,778.7454299926758
0.05,label_flipping,45,arm_rule_fedprox,150,0.7163999999999999,426.7026891708374,778.7454299926758
0.05,label_flipping,45,arm_rule_median,15,0.5633999999999999,585.8067789077759,778.7454299926758
0.05,label_flipping,45,arm_rule_median,50,0.6788000000000001,585.8067789077759,778.7454299926758
0.05,label_flipping,45,arm_rule_median,150,0.7171,585.8067789077759,778.7454299926758
0.05,label_flipping,45,arm_rule_trimmed_mean,15,0.5962,551.5968525409698,778.7454299926758
0.05,label_flipping,45,arm_rule_trimmed_mean,50,0.6659,551.5968525409698,778.7454299926758
0.05,label_flipping,45,arm_rule_trimmed_mean,150,0.6858,551.5968525409698,778.7454299926758
0.05,label_flipping,45,arm_rule_fltrust,15,0.6405000000000001,462.9378957748413,778.7454299926758
0.05,label_flipping,45,arm_rule_fltrust,50,0.807,462.9378957748413,778.7454299926758
0.05,label_flipping,45,arm_rule_fltrust,150,0.8493,462.9378957748413,778.7454299926758
0.05,label_flipping,45,arm_rule_clustering,15,0.6275000000000001,321.121169090271,778.7454299926758
0.05,label_flipping,45,arm_rule_clustering,50,0.6638,321.121169090271,778.7454299926758
0.05,label_flipping,45,arm_rule_clustering,150,0.6847000000000001,321.121169090271,778.7454299926758
0.05,label_flipping,45,arm_rule_krum,15,0.0177,656.6003489494324,778.7454299926758
0.05,label_flipping,45,arm_rule_krum,50,0.0186,656.6003489494324,778.7454299926758
0.05,label_flipping,45,arm_rule_krum,150,0.0206,656.6003489494324,778.7454299926758
0.05,label_flipping,45,arm_gradf_fedavg,15,0.6546000000000001,387.0901894569397,778.7454299926758
0.05,label_flipping,45,arm_gradf_fedavg,50,0.6961999999999999,387.0901894569397,778.7454299926758
0.05,label_flipping,45,arm_gradf_fedavg,150,0.7157999999999999,387.0901894569397,778.7454299926758
0.05,label_flipping,45,arm_gradf_fedprox,15,0.6504999999999999,496.779292345047,778.7454299926758
0.05,label_flipping,45,arm_gradf_fedprox,50,0.6938,496.779292345047,778.7454299926758
0.05,label_flipping,45,arm_gradf_fedprox,150,0.7144,496.779292345047,778.7454299926758
0.05,label_flipping,45,arm_gradf_median,15,0.6564,269.890310049057,778.7454299926758
0.05,label_flipping,45,arm_gradf_median,50,0.7516,269.890310049057,778.7454299926758
0.05,label_flipping,45,arm_gradf_median,150,0.7508999999999999,269.890310049057,778.7454299926758
0.05,label_flipping,45,arm_gradf_trimmed_mean,15,0.6733,473.6174144744873,778.7454299926758
0.05,label_flipping,45,arm_gradf_trimmed_mean,50,0.7578,473.6174144744873,778.7454299926758
0.05,label_flipping,45,arm_gradf_trimmed_mean,150,0.7670999999999999,473.6174144744873,778.7454299926758
0.05,label_flipping,45,arm_gradf_fltrust,15,0.5826999999999999,529.4329054355621,778.7454299926758
0.05,label_flipping,45,arm_gradf_fltrust,50,0.7302000000000001,529.4329054355621,778.7454299926758
0.05,label_flipping,45,arm_gradf_fltrust,150,0.8152000000000001,529.4329054355621,778.7454299926758
0.05,label_flipping,45,arm_gradf_clustering,15,0.6204,381.38895750045776,778.7454299926758
0.05,label_flipping,45,arm_gradf_clustering,50,0.6677000000000001,381.38895750045776,778.7454299926758
0.05,label_flipping,45,arm_gradf_clustering,150,0.8504999999999999,381.38895750045776,778.7454299926758
0.05,label_flipping,45,arm_gradf_krum,15,0.2858,471.1121220588684,778.7454299926758
0.05,label_flipping,45,arm_gradf_krum,50,0.3137999999999999,471.1121220588684,778.7454299926758
0.05,label_flipping,45,arm_gradf_krum,150,0.3375,471.1121220588684,778.7454299926758
0.05,label_flipping,46,td3_ref,15,0.5486,1579.0134937763214,479.4391222000122
0.05,label_flipping,46,td3_ref,50,0.6609,1579.0134937763214,479.4391222000122
0.05,label_flipping,46,td3_ref,150,0.6819,1579.0134937763214,479.4391222000122
0.05,label_flipping,46,fixed,15,0.6124999999999999,1587.423195362091,479.4391222000122
0.05,label_flipping,46,fixed,50,0.6711,1587.423195362091,479.4391222000122
0.05,label_flipping,46,fixed,150,0.6165,1587.423195362091,479.4391222000122
0.05,label_flipping,46,linucb,15,0.7142999999999999,472.22593665122986,479.4391222000122
0.05,label_flipping,46,linucb,50,0.7723,472.22593665122986,479.4391222000122
0.05,label_flipping,46,linucb,150,0.7872,472.22593665122986,479.4391222000122
0.05,label_flipping,46,dqn,15,0.6553,612.2618448734283,479.4391222000122
0.05,label_flipping,46,dqn,50,0.7466,612.2618448734283,479.4391222000122
0.05,label_flipping,46,dqn,150,0.752,612.2618448734283,479.4391222000122
0.05,label_flipping,46,rand_rule,15,0.6632,556.8105478286743,479.4391222000122
0.05,label_flipping,46,rand_rule,50,0.7186999999999999,556.8105478286743,479.4391222000122
0.05,label_flipping,46,rand_rule,150,0.6312,556.8105478286743,479.4391222000122
0.05,label_flipping,46,rand_gradf,15,0.6266,609.104168176651,479.4391222000122
0.05,label_flipping,46,rand_gradf,50,0.7655000000000001,609.104168176651,479.4391222000122
0.05,label_flipping,46,rand_gradf,150,0.8209,609.104168176651,479.4391222000122
0.05,label_flipping,46,arm_rule_fedavg,15,0.6644,347.1376886367798,479.4391222000122
0.05,label_flipping,46,arm_rule_fedavg,50,0.698,347.1376886367798,479.4391222000122
0.05,label_flipping,46,arm_rule_fedavg,150,0.7175,347.1376886367798,479.4391222000122
0.05,label_flipping,46,arm_rule_fedprox,15,0.6605000000000001,640.6173570156097,479.4391222000122
0.05,label_flipping,46,arm_rule_fedprox,50,0.6966,640.6173570156097,479.4391222000122
0.05,label_flipping,46,arm_rule_fedprox,150,0.7161,640.6173570156097,479.4391222000122
0.05,label_flipping,46,arm_rule_median,15,0.5618000000000001,284.8778784275055,479.4391222000122
0.05,label_flipping,46,arm_rule_median,50,0.6788000000000001,284.8778784275055,479.4391222000122
0.05,label_flipping,46,arm_rule_median,150,0.7162000000000001,284.8778784275055,479.4391222000122
0.05,label_flipping,46,arm_rule_trimmed_mean,15,0.5952,357.4692661762237,479.4391222000122
0.05,label_flipping,46,arm_rule_trimmed_mean,50,0.6662,357.4692661762237,479.4391222000122
0.05,label_flipping,46,arm_rule_trimmed_mean,150,0.6860999999999999,357.4692661762237,479.4391222000122
0.05,label_flipping,46,arm_rule_fltrust,15,0.6613,320.5412483215332,479.4391222000122
0.05,label_flipping,46,arm_rule_fltrust,50,0.7986000000000001,320.5412483215332,479.4391222000122
0.05,label_flipping,46,arm_rule_fltrust,150,0.851,320.5412483215332,479.4391222000122
0.05,label_flipping,46,arm_rule_clustering,15,0.6270999999999999,379.61490654945374,479.4391222000122
0.05,label_flipping,46,arm_rule_clustering,50,0.663,379.61490654945374,479.4391222000122
0.05,label_flipping,46,arm_rule_clustering,150,0.6845,379.61490654945374,479.4391222000122
0.05,label_flipping,46,arm_rule_krum,15,0.0176,236.0016119480133,479.4391222000122
0.05,label_flipping,46,arm_rule_krum,50,0.0188,236.0016119480133,479.4391222000122
0.05,label_flipping,46,arm_rule_krum,150,0.0206,236.0016119480133,479.4391222000122
0.05,label_flipping,46,arm_gradf_fedavg,15,0.6609,404.9028391838074,479.4391222000122
0.05,label_flipping,46,arm_gradf_fedavg,50,0.6943,404.9028391838074,479.4391222000122
0.05,label_flipping,46,arm_gradf_fedavg,150,0.7236999999999999,404.9028391838074,479.4391222000122
0.05,label_flipping,46,arm_gradf_fedprox,15,0.6574,288.34306955337524,479.4391222000122
0.05,label_flipping,46,arm_gradf_fedprox,50,0.6928,288.34306955337524,479.4391222000122
0.05,label_flipping,46,arm_gradf_fedprox,150,0.7202999999999999,288.34306955337524,479.4391222000122
0.05,label_flipping,46,arm_gradf_median,15,0.6553,380.2147083282471,479.4391222000122
0.05,label_flipping,46,arm_gradf_median,50,0.7466,380.2147083282471,479.4391222000122
0.05,label_flipping,46,arm_gradf_median,150,0.752,380.2147083282471,479.4391222000122
0.05,label_flipping,46,arm_gradf_trimmed_mean,15,0.6729,311.8483543395996,479.4391222000122
0.05,label_flipping,46,arm_gradf_trimmed_mean,50,0.7491,311.8483543395996,479.4391222000122
0.05,label_flipping,46,arm_gradf_trimmed_mean,150,0.7697,311.8483543395996,479.4391222000122
0.05,label_flipping,46,arm_gradf_fltrust,15,0.5797,675.3161239624023,479.4391222000122
0.05,label_flipping,46,arm_gradf_fltrust,50,0.7301,675.3161239624023,479.4391222000122
0.05,label_flipping,46,arm_gradf_fltrust,150,0.8074,675.3161239624023,479.4391222000122
0.05,label_flipping,46,arm_gradf_clustering,15,0.6157999999999999,504.67305755615234,479.4391222000122
0.05,label_flipping,46,arm_gradf_clustering,50,0.6518999999999999,504.67305755615234,479.4391222000122
0.05,label_flipping,46,arm_gradf_clustering,150,0.8564,504.67305755615234,479.4391222000122
0.05,label_flipping,46,arm_gradf_krum,15,0.0764999999999999,494.82824754714966,479.4391222000122
0.05,label_flipping,46,arm_gradf_krum,50,0.0764999999999999,494.82824754714966,479.4391222000122
0.05,label_flipping,46,arm_gradf_krum,150,0.1650999999999999,494.82824754714966,479.4391222000122
0.05,label_flipping,47,td3_ref,15,0.6849000000000001,1588.232848405838,689.8444530963898
0.05,label_flipping,47,td3_ref,50,0.6298999999999999,1588.232848405838,689.8444530963898
0.05,label_flipping,47,td3_ref,150,0.7387,1588.232848405838,689.8444530963898
0.05,label_flipping,47,fixed,15,0.6984,1562.5775129795074,689.8444530963898
0.05,label_flipping,47,fixed,50,0.6898000000000001,1562.5775129795074,689.8444530963898
0.05,label_flipping,47,fixed,150,0.5871999999999999,1562.5775129795074,689.8444530963898
0.05,label_flipping,47,linucb,15,0.4393999999999999,358.100700378418,689.8444530963898
0.05,label_flipping,47,linucb,50,0.7701,358.100700378418,689.8444530963898
0.05,label_flipping,47,linucb,150,0.8253999999999999,358.100700378418,689.8444530963898
0.05,label_flipping,47,dqn,15,0.6198999999999999,734.7218716144562,689.8444530963898
0.05,label_flipping,47,dqn,50,0.7258,734.7218716144562,689.8444530963898
0.05,label_flipping,47,dqn,150,0.8566,734.7218716144562,689.8444530963898
0.05,label_flipping,47,rand_rule,15,0.6716,655.9998676776886,689.8444530963898
0.05,label_flipping,47,rand_rule,50,0.7215999999999999,655.9998676776886,689.8444530963898
0.05,label_flipping,47,rand_rule,150,0.7976,655.9998676776886,689.8444530963898
0.05,label_flipping,47,rand_gradf,15,0.6704999999999999,542.029764175415,689.8444530963898
0.05,label_flipping,47,rand_gradf,50,0.7319,542.029764175415,689.8444530963898
0.05,label_flipping,47,rand_gradf,150,0.756,542.029764175415,689.8444530963898
0.05,label_flipping,47,arm_rule_fedavg,15,0.6645000000000001,274.3481140136719,689.8444530963898
0.05,label_flipping,47,arm_rule_fedavg,50,0.6975,274.3481140136719,689.8444530963898
0.05,label_flipping,47,arm_rule_fedavg,150,0.7175,274.3481140136719,689.8444530963898
0.05,label_flipping,47,arm_rule_fedprox,15,0.6609,455.3887124061585,689.8444530963898
0.05,label_flipping,47,arm_rule_fedprox,50,0.6963,455.3887124061585,689.8444530963898
0.05,label_flipping,47,arm_rule_fedprox,150,0.716,455.3887124061585,689.8444530963898
0.05,label_flipping,47,arm_rule_median,15,0.5611000000000002,858.4843394756317,689.8444530963898
0.05,label_flipping,47,arm_rule_median,50,0.6791,858.4843394756317,689.8444530963898
0.05,label_flipping,47,arm_rule_median,150,0.7168,858.4843394756317,689.8444530963898
0.05,label_flipping,47,arm_rule_trimmed_mean,15,0.595,649.1267070770264,689.8444530963898
0.05,label_flipping,47,arm_rule_trimmed_mean,50,0.6667,649.1267070770264,689.8444530963898
0.05,label_flipping,47,arm_rule_trimmed_mean,150,0.6862999999999999,649.1267070770264,689.8444530963898
0.05,label_flipping,47,arm_rule_fltrust,15,0.6424,627.5957789421082,689.8444530963898
0.05,label_flipping,47,arm_rule_fltrust,50,0.7751,627.5957789421082,689.8444530963898
0.05,label_flipping,47,arm_rule_fltrust,150,0.8606999999999999,627.5957789421082,689.8444530963898
0.05,label_flipping,47,arm_rule_clustering,15,0.6274,345.1415777206421,689.8444530963898
0.05,label_flipping,47,arm_rule_clustering,50,0.6631,345.1415777206421,689.8444530963898
0.05,label_flipping,47,arm_rule_clustering,150,0.6852000000000001,345.1415777206421,689.8444530963898
0.05,label_flipping,47,arm_rule_krum,15,0.0177,465.8851404190064,689.8444530963898
0.05,label_flipping,47,arm_rule_krum,50,0.0187,465.8851404190064,689.8444530963898
0.05,label_flipping,47,arm_rule_krum,150,0.0206,465.8851404190064,689.8444530963898
0.05,label_flipping,47,arm_gradf_fedavg,15,0.6612000000000001,335.9171974658966,689.8444530963898
0.05,label_flipping,47,arm_gradf_fedavg,50,0.6921999999999999,335.9171974658966,689.8444530963898
0.05,label_flipping,47,arm_gradf_fedavg,150,0.7084999999999999,335.9171974658966,689.8444530963898
0.05,label_flipping,47,arm_gradf_fedprox,15,0.6547,519.4042949676514,689.8444530963898
0.05,label_flipping,47,arm_gradf_fedprox,50,0.6915,519.4042949676514,689.8444530963898
0.05,label_flipping,47,arm_gradf_fedprox,150,0.7072999999999999,519.4042949676514,689.8444530963898
0.05,label_flipping,47,arm_gradf_median,15,0.6458,509.1851942539215,689.8444530963898
0.05,label_flipping,47,arm_gradf_median,50,0.7405999999999999,509.1851942539215,689.8444530963898
0.05,label_flipping,47,arm_gradf_median,150,0.7529,509.1851942539215,689.8444530963898
0.05,label_flipping,47,arm_gradf_trimmed_mean,15,0.6628000000000001,333.8870756626129,689.8444530963898
0.05,label_flipping,47,arm_gradf_trimmed_mean,50,0.7497,333.8870756626129,689.8444530963898
0.05,label_flipping,47,arm_gradf_trimmed_mean,150,0.771,333.8870756626129,689.8444530963898
0.05,label_flipping,47,arm_gradf_fltrust,15,0.6034999999999999,272.04563450813293,689.8444530963898
0.05,label_flipping,47,arm_gradf_fltrust,50,0.6808,272.04563450813293,689.8444530963898
0.05,label_flipping,47,arm_gradf_fltrust,150,0.7874000000000001,272.04563450813293,689.8444530963898
0.05,label_flipping,47,arm_gradf_clustering,15,0.6224999999999999,232.67010045051572,689.8444530963898
0.05,label_flipping,47,arm_gradf_clustering,50,0.6647000000000001,232.67010045051572,689.8444530963898
0.05,label_flipping,47,arm_gradf_clustering,150,0.6792,232.67010045051572,689.8444530963898
0.05,label_flipping,47,arm_gradf_krum,15,0.2444,395.7351381778717,689.8444530963898
0.05,label_flipping,47,arm_gradf_krum,50,0.2546,395.7351381778717,689.8444530963898
0.05,label_flipping,47,arm_gradf_krum,150,0.2954,395.7351381778717,689.8444530963898
0.05,label_flipping,48,td3_ref,15,0.7157,1606.6007919311523,479.922670841217
0.05,label_flipping,48,td3_ref,50,0.4162,1606.6007919311523,479.922670841217
0.05,label_flipping,48,td3_ref,150,0.5900999999999998,1606.6007919311523,479.922670841217
0.05,label_flipping,48,fixed,15,0.694,1594.0182387828827,479.922670841217
0.05,label_flipping,48,fixed,50,0.6057,1594.0182387828827,479.922670841217
0.05,label_flipping,48,fixed,150,0.5871999999999999,1594.0182387828827,479.922670841217
0.05,label_flipping,48,linucb,15,0.7044,413.8298330307007,479.922670841217
0.05,label_flipping,48,linucb,50,0.7419,413.8298330307007,479.922670841217
0.05,label_flipping,48,linucb,150,0.8192999999999999,413.8298330307007,479.922670841217
0.05,label_flipping,48,dqn,15,0.6599999999999999,798.0991921424866,479.922670841217
0.05,label_flipping,48,dqn,50,0.6880000000000001,798.0991921424866,479.922670841217
0.05,label_flipping,48,dqn,150,0.7110000000000001,798.0991921424866,479.922670841217
0.05,label_flipping,48,rand_rule,15,0.4309999999999999,393.6097757816314,479.922670841217
0.05,label_flipping,48,rand_rule,50,0.6058999999999999,393.6097757816314,479.922670841217
0.05,label_flipping,48,rand_rule,150,0.8149000000000001,393.6097757816314,479.922670841217
0.05,label_flipping,48,rand_gradf,15,0.6929000000000001,627.1731407642365,479.922670841217
0.05,label_flipping,48,rand_gradf,50,0.7720999999999999,627.1731407642365,479.922670841217
0.05,label_flipping,48,rand_gradf,150,0.7734000000000001,627.1731407642365,479.922670841217
0.05,label_flipping,48,arm_rule_fedavg,15,0.6638,319.69509530067444,479.922670841217
0.05,label_flipping,48,arm_rule_fedavg,50,0.6977,319.69509530067444,479.922670841217
0.05,label_flipping,48,arm_rule_fedavg,150,0.717,319.69509530067444,479.922670841217
0.05,label_flipping,48,arm_rule_fedprox,15,0.6603000000000001,245.3232533931732,479.922670841217
0.05,label_flipping,48,arm_rule_fedprox,50,0.6960999999999999,245.3232533931732,479.922670841217
0.05,label_flipping,48,arm_rule_fedprox,150,0.7167,245.3232533931732,479.922670841217
0.05,label_flipping,48,arm_rule_median,15,0.562,308.36539816856384,479.922670841217
0.05,label_flipping,48,arm_rule_median,50,0.6786,308.36539816856384,479.922670841217
0.05,label_flipping,48,arm_rule_median,150,0.7166,308.36539816856384,479.922670841217
0.05,label_flipping,48,arm_rule_trimmed_mean,15,0.5957999999999999,829.3377981185913,479.922670841217
0.05,label_flipping,48,arm_rule_trimmed_mean,50,0.6662000000000001,829.3377981185913,479.922670841217
0.05,label_flipping,48,arm_rule_trimmed_mean,150,0.6860999999999999,829.3377981185913,479.922670841217
0.05,label_flipping,48,arm_rule_fltrust,15,0.5974,582.0496788024902,479.922670841217
0.05,label_flipping,48,arm_rule_fltrust,50,0.8025,582.0496788024902,479.922670841217
0.05,label_flipping,48,arm_rule_fltrust,150,0.8477999999999998,582.0496788024902,479.922670841217
0.05,label_flipping,48,arm_rule_clustering,15,0.6269,334.7317521572113,479.922670841217
0.05,label_flipping,48,arm_rule_clustering,50,0.6633000000000001,334.7317521572113,479.922670841217
0.05,label_flipping,48,arm_rule_clustering,150,0.6840999999999999,334.7317521572113,479.922670841217
0.05,label_flipping,48,arm_rule_krum,15,0.0178,439.3538753986359,479.922670841217
0.05,label_flipping,48,arm_rule_krum,50,0.0187,439.3538753986359,479.922670841217
0.05,label_flipping,48,arm_rule_krum,150,0.0207,439.3538753986359,479.922670841217
0.05,label_flipping,48,arm_gradf_fedavg,15,0.6628000000000001,547.9457740783691,479.922670841217
0.05,label_flipping,48,arm_gradf_fedavg,50,0.6923999999999999,547.9457740783691,479.922670841217
0.05,label_flipping,48,arm_gradf_fedavg,150,0.719,547.9457740783691,479.922670841217
0.05,label_flipping,48,arm_gradf_fedprox,15,0.6596,494.3537793159485,479.922670841217
0.05,label_flipping,48,arm_gradf_fedprox,50,0.6896,494.3537793159485,479.922670841217
0.05,label_flipping,48,arm_gradf_fedprox,150,0.7171000000000001,494.3537793159485,479.922670841217
0.05,label_flipping,48,arm_gradf_median,15,0.6419,311.1127190589905,479.922670841217
0.05,label_flipping,48,arm_gradf_median,50,0.7350999999999999,311.1127190589905,479.922670841217
0.05,label_flipping,48,arm_gradf_median,150,0.7585,311.1127190589905,479.922670841217
0.05,label_flipping,48,arm_gradf_trimmed_mean,15,0.6628000000000001,530.098607301712,479.922670841217
0.05,label_flipping,48,arm_gradf_trimmed_mean,50,0.7474999999999999,530.098607301712,479.922670841217
0.05,label_flipping,48,arm_gradf_trimmed_mean,150,0.7666000000000001,530.098607301712,479.922670841217
0.05,label_flipping,48,arm_gradf_fltrust,15,0.5472,436.737576007843,479.922670841217
0.05,label_flipping,48,arm_gradf_fltrust,50,0.7032,436.737576007843,479.922670841217
0.05,label_flipping,48,arm_gradf_fltrust,150,0.8009999999999999,436.737576007843,479.922670841217
0.05,label_flipping,48,arm_gradf_clustering,15,0.6092,494.45786023139954,479.922670841217
0.05,label_flipping,48,arm_gradf_clustering,50,0.6508,494.45786023139954,479.922670841217
0.05,label_flipping,48,arm_gradf_clustering,150,0.8513,494.45786023139954,479.922670841217
0.05,label_flipping,48,arm_gradf_krum,15,0.0264,572.3022184371948,479.922670841217
0.05,label_flipping,48,arm_gradf_krum,50,0.0172,572.3022184371948,479.922670841217
0.05,label_flipping,48,arm_gradf_krum,150,0.0341,572.3022184371948,479.922670841217
0.05,label_flipping,49,td3_ref,15,0.4787999999999999,1527.9905879497528,756.0492396354675
0.05,label_flipping,49,td3_ref,50,0.4941000000000001,1527.9905879497528,756.0492396354675
0.05,label_flipping,49,td3_ref,150,0.6789,1527.9905879497528,756.0492396354675
0.05,label_flipping,49,fixed,15,0.6618999999999999,1561.6444385051727,756.0492396354675
0.05,label_flipping,49,fixed,50,0.6264000000000001,1561.6444385051727,756.0492396354675
0.05,label_flipping,49,fixed,150,0.6837000000000001,1561.6444385051727,756.0492396354675
0.05,label_flipping,49,linucb,15,0.4347999999999999,316.52517795562744,756.0492396354675
0.05,label_flipping,49,linucb,50,0.7656000000000002,316.52517795562744,756.0492396354675
0.05,label_flipping,49,linucb,150,0.7701,316.52517795562744,756.0492396354675
0.05,label_flipping,49,dqn,15,0.6709,558.6928100585938,756.0492396354675
0.05,label_flipping,49,dqn,50,0.7565999999999999,558.6928100585938,756.0492396354675
0.05,label_flipping,49,dqn,150,0.7653,558.6928100585938,756.0492396354675
0.05,label_flipping,49,rand_rule,15,0.7205,717.5997598171234,756.0492396354675
0.05,label_flipping,49,rand_rule,50,0.5885,717.5997598171234,756.0492396354675
0.05,label_flipping,49,rand_rule,150,0.7287000000000001,717.5997598171234,756.0492396354675
0.05,label_flipping,49,rand_gradf,15,0.6535,530.3685464859009,756.0492396354675
0.05,label_flipping,49,rand_gradf,50,0.7818,530.3685464859009,756.0492396354675
0.05,label_flipping,49,rand_gradf,150,0.7948999999999999,530.3685464859009,756.0492396354675
0.05,label_flipping,49,arm_rule_fedavg,15,0.6643,545.8166108131409,756.0492396354675
0.05,label_flipping,49,arm_rule_fedavg,50,0.6975,545.8166108131409,756.0492396354675
0.05,label_flipping,49,arm_rule_fedavg,150,0.7167,545.8166108131409,756.0492396354675
0.05,label_flipping,49,arm_rule_fedprox,15,0.6605000000000001,314.31476521492004,756.0492396354675
0.05,label_flipping,49,arm_rule_fedprox,50,0.6957,314.31476521492004,756.0492396354675
0.05,label_flipping,49,arm_rule_fedprox,150,0.7156,314.31476521492004,756.0492396354675
0.05,label_flipping,49,arm_rule_median,15,0.5618,450.6208467483521,756.0492396354675
0.05,label_flipping,49,arm_rule_median,50,0.679,450.6208467483521,756.0492396354675
0.05,label_flipping,49,arm_rule_median,150,0.716,450.6208467483521,756.0492396354675
0.05,label_flipping,49,arm_rule_trimmed_mean,15,0.5956,383.1449801921845,756.0492396354675
0.05,label_flipping,49,arm_rule_trimmed_mean,50,0.6662000000000001,383.1449801921845,756.0492396354675
0.05,label_flipping,49,arm_rule_trimmed_mean,150,0.6858000000000001,383.1449801921845,756.0492396354675
0.05,label_flipping,49,arm_rule_fltrust,15,0.6845,368.0792076587677,756.0492396354675
0.05,label_flipping,49,arm_rule_fltrust,50,0.8160000000000001,368.0792076587677,756.0492396354675
0.05,label_flipping,49,arm_rule_fltrust,150,0.8512000000000001,368.0792076587677,756.0492396354675
0.05,label_flipping,49,arm_rule_clustering,15,0.6265,397.0581767559052,756.0492396354675
0.05,label_flipping,49,arm_rule_clustering,50,0.6626,397.0581767559052,756.0492396354675
0.05,label_flipping,49,arm_rule_clustering,150,0.6845,397.0581767559052,756.0492396354675
0.05,label_flipping,49,arm_rule_krum,15,0.0179,514.7424869537354,756.0492396354675
0.05,label_flipping,49,arm_rule_krum,50,0.0187,514.7424869537354,756.0492396354675
0.05,label_flipping,49,arm_rule_krum,150,0.0204999999999999,514.7424869537354,756.0492396354675
0.05,label_flipping,49,arm_gradf_fedavg,15,0.665,377.10156059265137,756.0492396354675
0.05,label_flipping,49,arm_gradf_fedavg,50,0.7014999999999999,377.10156059265137,756.0492396354675
0.05,label_flipping,49,arm_gradf_fedavg,150,0.7144,377.10156059265137,756.0492396354675
0.05,label_flipping,49,arm_gradf_fedprox,15,0.6607000000000001,452.342084646225,756.0492396354675
0.05,label_flipping,49,arm_gradf_fedprox,50,0.6983,452.342084646225,756.0492396354675
0.05,label_flipping,49,arm_gradf_fedprox,150,0.7143999999999999,452.342084646225,756.0492396354675
0.05,label_flipping,49,arm_gradf_median,15,0.6545000000000001,469.279230594635,756.0492396354675
0.05,label_flipping,49,arm_gradf_median,50,0.7467,469.279230594635,756.0492396354675
0.05,label_flipping,49,arm_gradf_median,150,0.7517,469.279230594635,756.0492396354675
0.05,label_flipping,49,arm_gradf_trimmed_mean,15,0.6709,561.5406270027161,756.0492396354675
0.05,label_flipping,49,arm_gradf_trimmed_mean,50,0.7565999999999999,561.5406270027161,756.0492396354675
0.05,label_flipping,49,arm_gradf_trimmed_mean,150,0.7653,561.5406270027161,756.0492396354675
0.05,label_flipping,49,arm_gradf_fltrust,15,0.5965,445.5527124404907,756.0492396354675
0.05,label_flipping,49,arm_gradf_fltrust,50,0.7257,445.5527124404907,756.0492396354675
0.05,label_flipping,49,arm_gradf_fltrust,150,0.8189,445.5527124404907,756.0492396354675
0.05,label_flipping,49,arm_gradf_clustering,15,0.6305000000000001,334.8473236560821,756.0492396354675
0.05,label_flipping,49,arm_gradf_clustering,50,0.6537000000000001,334.8473236560821,756.0492396354675
0.05,label_flipping,49,arm_gradf_clustering,150,0.8494999999999999,334.8473236560821,756.0492396354675
0.05,label_flipping,49,arm_gradf_krum,15,0.0586,379.7784879207611,756.0492396354675
0.05,label_flipping,49,arm_gradf_krum,50,0.0418,379.7784879207611,756.0492396354675
0.05,label_flipping,49,arm_gradf_krum,150,0.0306,379.7784879207611,756.0492396354675
0.05,label_flipping,50,td3_ref,15,0.4295,1553.562938928604,422.54288268089294
0.05,label_flipping,50,td3_ref,50,0.6446000000000001,1553.562938928604,422.54288268089294
0.05,label_flipping,50,td3_ref,150,0.7182,1553.562938928604,422.54288268089294
0.05,label_flipping,50,fixed,15,0.5465000000000001,1488.7492363452911,422.54288268089294
0.05,label_flipping,50,fixed,50,0.6211,1488.7492363452911,422.54288268089294
0.05,label_flipping,50,fixed,150,0.6639,1488.7492363452911,422.54288268089294
0.05,label_flipping,50,linucb,15,0.7099,407.546293258667,422.54288268089294
0.05,label_flipping,50,linucb,50,0.7444,407.546293258667,422.54288268089294
0.05,label_flipping,50,linucb,150,0.8301999999999999,407.546293258667,422.54288268089294
0.05,label_flipping,50,dqn,15,0.6752,372.6916041374207,422.54288268089294
0.05,label_flipping,50,dqn,50,0.747,372.6916041374207,422.54288268089294
0.05,label_flipping,50,dqn,150,0.8069,372.6916041374207,422.54288268089294
0.05,label_flipping,50,rand_rule,15,0.7525999999999999,262.0217881202698,422.54288268089294
0.05,label_flipping,50,rand_rule,50,0.5102,262.0217881202698,422.54288268089294
0.05,label_flipping,50,rand_rule,150,0.7933,262.0217881202698,422.54288268089294
0.05,label_flipping,50,rand_gradf,15,0.6745,298.23634934425354,422.54288268089294
0.05,label_flipping,50,rand_gradf,50,0.738,298.23634934425354,422.54288268089294
0.05,label_flipping,50,rand_gradf,150,0.774,298.23634934425354,422.54288268089294
0.05,label_flipping,50,arm_rule_fedavg,15,0.6636,285.19846510887146,422.54288268089294
0.05,label_flipping,50,arm_rule_fedavg,50,0.6988,285.19846510887146,422.54288268089294
0.05,label_flipping,50,arm_rule_fedavg,150,0.7171,285.19846510887146,422.54288268089294
0.05,label_flipping,50,arm_rule_fedprox,15,0.6607,439.9370350837708,422.54288268089294
0.05,label_flipping,50,arm_rule_fedprox,50,0.6961,439.9370350837708,422.54288268089294
0.05,label_flipping,50,arm_rule_fedprox,150,0.7163,439.9370350837708,422.54288268089294
0.05,label_flipping,50,arm_rule_median,15,0.5630000000000001,265.5680239200592,422.54288268089294
0.05,label_flipping,50,arm_rule_median,50,0.6793,265.5680239200592,422.54288268089294
0.05,label_flipping,50,arm_rule_median,150,0.7165999999999999,265.5680239200592,422.54288268089294
0.05,label_flipping,50,arm_rule_trimmed_mean,15,0.5951000000000001,278.2167837619781,422.54288268089294
0.05,label_flipping,50,arm_rule_trimmed_mean,50,0.6662,278.2167837619781,422.54288268089294
0.05,label_flipping,50,arm_rule_trimmed_mean,150,0.6862999999999999,278.2167837619781,422.54288268089294
0.05,label_flipping,50,arm_rule_fltrust,15,0.6652,462.4766957759857,422.54288268089294
0.05,label_flipping,50,arm_rule_fltrust,50,0.7652,462.4766957759857,422.54288268089294
0.05,label_flipping,50,arm_rule_fltrust,150,0.8442000000000001,462.4766957759857,422.54288268089294
0.05,label_flipping,50,arm_rule_clustering,15,0.6270999999999999,372.5342481136322,422.54288268089294
0.05,label_flipping,50,arm_rule_clustering,50,0.6639,372.5342481136322,422.54288268089294
0.05,label_flipping,50,arm_rule_clustering,150,0.6846999999999999,372.5342481136322,422.54288268089294
0.05,label_flipping,50,arm_rule_krum,15,0.0176,304.88613653182983,422.54288268089294
0.05,label_flipping,50,arm_rule_krum,50,0.0187,304.88613653182983,422.54288268089294
0.05,label_flipping,50,arm_rule_krum,150,0.0206,304.88613653182983,422.54288268089294
0.05,label_flipping,50,arm_gradf_fedavg,15,0.6532,312.34757113456726,422.54288268089294
0.05,label_flipping,50,arm_gradf_fedavg,50,0.6864999999999999,312.34757113456726,422.54288268089294
0.05,label_flipping,50,arm_gradf_fedavg,150,0.7157,312.34757113456726,422.54288268089294
0.05,label_flipping,50,arm_gradf_fedprox,15,0.6499,305.3433349132538,422.54288268089294
0.05,label_flipping,50,arm_gradf_fedprox,50,0.6862999999999999,305.3433349132538,422.54288268089294
0.05,label_flipping,50,arm_gradf_fedprox,150,0.7149000000000001,305.3433349132538,422.54288268089294
0.05,label_flipping,50,arm_gradf_median,15,0.6538,474.3072850704193,422.54288268089294
0.05,label_flipping,50,arm_gradf_median,50,0.7365,474.3072850704193,422.54288268089294
0.05,label_flipping,50,arm_gradf_median,150,0.7491,474.3072850704193,422.54288268089294
0.05,label_flipping,50,arm_gradf_trimmed_mean,15,0.6752,393.9454536437988,422.54288268089294
0.05,label_flipping,50,arm_gradf_trimmed_mean,50,0.747,393.9454536437988,422.54288268089294
0.05,label_flipping,50,arm_gradf_trimmed_mean,150,0.7641000000000001,393.9454536437988,422.54288268089294
0.05,label_flipping,50,arm_gradf_fltrust,15,0.6305999999999999,465.1700558662415,422.54288268089294
0.05,label_flipping,50,arm_gradf_fltrust,50,0.6913,465.1700558662415,422.54288268089294
0.05,label_flipping,50,arm_gradf_fltrust,150,0.7814,465.1700558662415,422.54288268089294
0.05,label_flipping,50,arm_gradf_clustering,15,0.6147,317.52298736572266,422.54288268089294
0.05,label_flipping,50,arm_gradf_clustering,50,0.6561,317.52298736572266,422.54288268089294
0.05,label_flipping,50,arm_gradf_clustering,150,0.6779999999999999,317.52298736572266,422.54288268089294
0.05,label_flipping,50,arm_gradf_krum,15,0.2503,303.4808921813965,422.54288268089294
0.05,label_flipping,50,arm_gradf_krum,50,0.3558999999999999,303.4808921813965,422.54288268089294
0.05,label_flipping,50,arm_gradf_krum,150,0.4168,303.4808921813965,422.54288268089294
0.05,label_flipping,51,td3_ref,15,0.5108,1586.7708203792572,741.7070491313934
0.05,label_flipping,51,td3_ref,50,0.6538999999999999,1586.7708203792572,741.7070491313934
0.05,label_flipping,51,td3_ref,150,0.6543,1586.7708203792572,741.7070491313934
0.05,label_flipping,51,fixed,15,0.7001,1558.243130683899,741.7070491313934
0.05,label_flipping,51,fixed,50,0.6437999999999999,1558.243130683899,741.7070491313934
0.05,label_flipping,51,fixed,150,0.5567,1558.243130683899,741.7070491313934
0.05,label_flipping,51,linucb,15,0.6950000000000001,624.174729347229,741.7070491313934
0.05,label_flipping,51,linucb,50,0.7508,624.174729347229,741.7070491313934
0.05,label_flipping,51,linucb,150,0.8061999999999999,624.174729347229,741.7070491313934
0.05,label_flipping,51,dqn,15,0.6802,342.44665145874023,741.7070491313934
0.05,label_flipping,51,dqn,50,0.7430999999999999,342.44665145874023,741.7070491313934
0.05,label_flipping,51,dqn,150,0.7762,342.44665145874023,741.7070491313934
0.05,label_flipping,51,rand_rule,15,0.7204,468.0153198242188,741.7070491313934
0.05,label_flipping,51,rand_rule,50,0.7916000000000001,468.0153198242188,741.7070491313934
0.05,label_flipping,51,rand_rule,150,0.7811000000000001,468.0153198242188,741.7070491313934
0.05,label_flipping,51,rand_gradf,15,0.6309,476.5930454730988,741.7070491313934
0.05,label_flipping,51,rand_gradf,50,0.7571,476.5930454730988,741.7070491313934
0.05,label_flipping,51,rand_gradf,150,0.8301999999999999,476.5930454730988,741.7070491313934
0.05,label_flipping,51,arm_rule_fedavg,15,0.6649,306.78432297706604,741.7070491313934
0.05,label_flipping,51,arm_rule_fedavg,50,0.6967000000000001,306.78432297706604,741.7070491313934
0.05,label_flipping,51,arm_rule_fedavg,150,0.7173,306.78432297706604,741.7070491313934
0.05,label_flipping,51,arm_rule_fedprox,15,0.6615,354.9822561740875,741.7070491313934
0.05,label_flipping,51,arm_rule_fedprox,50,0.6953,354.9822561740875,741.7070491313934
0.05,label_flipping,51,arm_rule_fedprox,150,0.7161,354.9822561740875,741.7070491313934
0.05,label_flipping,51,arm_rule_median,15,0.5612999999999999,557.9178743362427,741.7070491313934
0.05,label_flipping,51,arm_rule_median,50,0.6777,557.9178743362427,741.7070491313934
0.05,label_flipping,51,arm_rule_median,150,0.7162,557.9178743362427,741.7070491313934
0.05,label_flipping,51,arm_rule_trimmed_mean,15,0.5953,296.0939061641693,741.7070491313934
0.05,label_flipping,51,arm_rule_trimmed_mean,50,0.6657,296.0939061641693,741.7070491313934
0.05,label_flipping,51,arm_rule_trimmed_mean,150,0.6861999999999999,296.0939061641693,741.7070491313934
0.05,label_flipping,51,arm_rule_fltrust,15,0.5982,576.2650785446167,741.7070491313934
0.05,label_flipping,51,arm_rule_fltrust,50,0.7308,576.2650785446167,741.7070491313934
0.05,label_flipping,51,arm_rule_fltrust,150,0.8333,576.2650785446167,741.7070491313934
0.05,label_flipping,51,arm_rule_clustering,15,0.6271000000000001,333.3918170928955,741.7070491313934
0.05,label_flipping,51,arm_rule_clustering,50,0.6626000000000001,333.3918170928955,741.7070491313934
0.05,label_flipping,51,arm_rule_clustering,150,0.6847999999999999,333.3918170928955,741.7070491313934
0.05,label_flipping,51,arm_rule_krum,15,0.0177,486.9971137046814,741.7070491313934
0.05,label_flipping,51,arm_rule_krum,50,0.0187,486.9971137046814,741.7070491313934
0.05,label_flipping,51,arm_rule_krum,150,0.0204999999999999,486.9971137046814,741.7070491313934
0.05,label_flipping,51,arm_gradf_fedavg,15,0.6656000000000001,444.22282099723816,741.7070491313934
0.05,label_flipping,51,arm_gradf_fedavg,50,0.6916,444.22282099723816,741.7070491313934
0.05,label_flipping,51,arm_gradf_fedavg,150,0.722,444.22282099723816,741.7070491313934
0.05,label_flipping,51,arm_gradf_fedprox,15,0.6636,424.8633553981781,741.7070491313934
0.05,label_flipping,51,arm_gradf_fedprox,50,0.692,424.8633553981781,741.7070491313934
0.05,label_flipping,51,arm_gradf_fedprox,150,0.7201,424.8633553981781,741.7070491313934
0.05,label_flipping,51,arm_gradf_median,15,0.6599,517.1396005153656,741.7070491313934
0.05,label_flipping,51,arm_gradf_median,50,0.731,517.1396005153656,741.7070491313934
0.05,label_flipping,51,arm_gradf_median,150,0.7595,517.1396005153656,741.7070491313934
0.05,label_flipping,51,arm_gradf_trimmed_mean,15,0.6802,482.5114285945892,741.7070491313934
0.05,label_flipping,51,arm_gradf_trimmed_mean,50,0.7430999999999999,482.5114285945892,741.7070491313934
0.05,label_flipping,51,arm_gradf_trimmed_mean,150,0.7762,482.5114285945892,741.7070491313934
0.05,label_flipping,51,arm_gradf_fltrust,15,0.5245000000000001,490.6780745983124,741.7070491313934
0.05,label_flipping,51,arm_gradf_fltrust,50,0.6679999999999999,490.6780745983124,741.7070491313934
0.05,label_flipping,51,arm_gradf_fltrust,150,0.7623,490.6780745983124,741.7070491313934
0.05,label_flipping,51,arm_gradf_clustering,15,0.618,400.0391054153442,741.7070491313934
0.05,label_flipping,51,arm_gradf_clustering,50,0.6535,400.0391054153442,741.7070491313934
0.05,label_flipping,51,arm_gradf_clustering,150,0.8511,400.0391054153442,741.7070491313934
0.05,label_flipping,51,arm_gradf_krum,15,0.0843999999999999,433.8726327419281,741.7070491313934
0.05,label_flipping,51,arm_gradf_krum,50,0.0843999999999999,433.8726327419281,741.7070491313934
0.05,label_flipping,51,arm_gradf_krum,150,0.0659,433.8726327419281,741.7070491313934
0.1,label_flipping,42,td3_ref,15,0.6306999999999999,1714.144830942154,516.2714486122131
0.1,label_flipping,42,td3_ref,50,0.6392999999999999,1714.144830942154,516.2714486122131
0.1,label_flipping,42,td3_ref,150,0.7183999999999999,1714.144830942154,516.2714486122131
0.1,label_flipping,42,fixed,15,0.7586,1721.755652666092,516.2714486122131
0.1,label_flipping,42,fixed,50,0.6315999999999999,1721.755652666092,516.2714486122131
0.1,label_flipping,42,fixed,150,0.6838,1721.755652666092,516.2714486122131
0.1,label_flipping,42,linucb,15,0.7285,633.8841552734375,516.2714486122131
0.1,label_flipping,42,linucb,50,0.7849999999999999,633.8841552734375,516.2714486122131
0.1,label_flipping,42,linucb,150,0.8332,633.8841552734375,516.2714486122131
0.1,label_flipping,42,dqn,15,0.8288,423.6924350261688,516.2714486122131
0.1,label_flipping,42,dqn,50,0.8734999999999999,423.6924350261688,516.2714486122131
0.1,label_flipping,42,dqn,150,0.8899000000000001,423.6924350261688,516.2714486122131
0.1,label_flipping,42,rand_rule,15,0.6136,213.4973967075348,516.2714486122131
0.1,label_flipping,42,rand_rule,50,0.7997,213.4973967075348,516.2714486122131
0.1,label_flipping,42,rand_rule,150,0.8211999999999999,213.4973967075348,516.2714486122131
0.1,label_flipping,42,rand_gradf,15,0.7067,446.7333126068115,516.2714486122131
0.1,label_flipping,42,rand_gradf,50,0.8108000000000001,446.7333126068115,516.2714486122131
0.1,label_flipping,42,rand_gradf,150,0.8061,446.7333126068115,516.2714486122131
0.1,label_flipping,42,arm_rule_fedavg,15,0.7588999999999999,198.8277406692505,516.2714486122131
0.1,label_flipping,42,arm_rule_fedavg,50,0.7746000000000001,198.8277406692505,516.2714486122131
0.1,label_flipping,42,arm_rule_fedavg,150,0.7791000000000001,198.8277406692505,516.2714486122131
0.1,label_flipping,42,arm_rule_fedprox,15,0.7571,420.0859377384186,516.2714486122131
0.1,label_flipping,42,arm_rule_fedprox,50,0.7737,420.0859377384186,516.2714486122131
0.1,label_flipping,42,arm_rule_fedprox,150,0.7782,420.0859377384186,516.2714486122131
0.1,label_flipping,42,arm_rule_median,15,0.5289,385.0042989253998,516.2714486122131
0.1,label_flipping,42,arm_rule_median,50,0.6814000000000001,385.0042989253998,516.2714486122131
0.1,label_flipping,42,arm_rule_median,150,0.7102999999999999,385.0042989253998,516.2714486122131
0.1,label_flipping,42,arm_rule_trimmed_mean,15,0.5934999999999999,316.11401534080505,516.2714486122131
0.1,label_flipping,42,arm_rule_trimmed_mean,50,0.7228,316.11401534080505,516.2714486122131
0.1,label_flipping,42,arm_rule_trimmed_mean,150,0.7459,316.11401534080505,516.2714486122131
0.1,label_flipping,42,arm_rule_fltrust,15,0.5909,649.2463145256042,516.2714486122131
0.1,label_flipping,42,arm_rule_fltrust,50,0.8213999999999999,649.2463145256042,516.2714486122131
0.1,label_flipping,42,arm_rule_fltrust,150,0.8770999999999999,649.2463145256042,516.2714486122131
0.1,label_flipping,42,arm_rule_clustering,15,0.5715,332.428911447525,516.2714486122131
0.1,label_flipping,42,arm_rule_clustering,50,0.6222000000000001,332.428911447525,516.2714486122131
0.1,label_flipping,42,arm_rule_clustering,150,0.8919,332.428911447525,516.2714486122131
0.1,label_flipping,42,arm_rule_krum,15,0.1938,327.86805057525635,516.2714486122131
0.1,label_flipping,42,arm_rule_krum,50,0.2133,327.86805057525635,516.2714486122131
0.1,label_flipping,42,arm_rule_krum,150,0.3633999999999999,327.86805057525635,516.2714486122131
0.1,label_flipping,42,arm_gradf_fedavg,15,0.751,724.1383559703827,516.2714486122131
0.1,label_flipping,42,arm_gradf_fedavg,50,0.7675000000000001,724.1383559703827,516.2714486122131
0.1,label_flipping,42,arm_gradf_fedavg,150,0.7657000000000002,724.1383559703827,516.2714486122131
0.1,label_flipping,42,arm_gradf_fedprox,15,0.7491,478.9928274154663,516.2714486122131
0.1,label_flipping,42,arm_gradf_fedprox,50,0.7674000000000001,478.9928274154663,516.2714486122131
0.1,label_flipping,42,arm_gradf_fedprox,150,0.7672,478.9928274154663,516.2714486122131
0.1,label_flipping,42,arm_gradf_median,15,0.6728,407.61340594291687,516.2714486122131
0.1,label_flipping,42,arm_gradf_median,50,0.7484,407.61340594291687,516.2714486122131
0.1,label_flipping,42,arm_gradf_median,150,0.7596,407.61340594291687,516.2714486122131
0.1,label_flipping,42,arm_gradf_trimmed_mean,15,0.6920999999999999,374.0883529186249,516.2714486122131
0.1,label_flipping,42,arm_gradf_trimmed_mean,50,0.7575999999999999,374.0883529186249,516.2714486122131
0.1,label_flipping,42,arm_gradf_trimmed_mean,150,0.7624,374.0883529186249,516.2714486122131
0.1,label_flipping,42,arm_gradf_fltrust,15,0.5700000000000001,325.744754076004,516.2714486122131
0.1,label_flipping,42,arm_gradf_fltrust,50,0.6898,325.744754076004,516.2714486122131
0.1,label_flipping,42,arm_gradf_fltrust,150,0.8296999999999999,325.744754076004,516.2714486122131
0.1,label_flipping,42,arm_gradf_clustering,15,0.5718000000000001,490.53535175323486,516.2714486122131
0.1,label_flipping,42,arm_gradf_clustering,50,0.8646,490.53535175323486,516.2714486122131
0.1,label_flipping,42,arm_gradf_clustering,150,0.8878999999999999,490.53535175323486,516.2714486122131
0.1,label_flipping,42,arm_gradf_krum,15,0.2923,361.6813294887543,516.2714486122131
0.1,label_flipping,42,arm_gradf_krum,50,0.2561,361.6813294887543,516.2714486122131
0.1,label_flipping,42,arm_gradf_krum,150,0.5037,361.6813294887543,516.2714486122131
0.1,label_flipping,43,td3_ref,15,0.7191,1758.5400240421295,605.9151859283447
0.1,label_flipping,43,td3_ref,50,0.6425,1758.5400240421295,605.9151859283447
0.1,label_flipping,43,td3_ref,150,0.7573000000000001,1758.5400240421295,605.9151859283447
0.1,label_flipping,43,fixed,15,0.7304999999999999,1778.7371339797974,605.9151859283447
0.1,label_flipping,43,fixed,50,0.6592,1778.7371339797974,605.9151859283447
0.1,label_flipping,43,fixed,150,0.6653,1778.7371339797974,605.9151859283447
0.1,label_flipping,43,linucb,15,0.7378,271.3066167831421,605.9151859283447
0.1,label_flipping,43,linucb,50,0.7947,271.3066167831421,605.9151859283447
0.1,label_flipping,43,linucb,150,0.8634999999999999,271.3066167831421,605.9151859283447
0.1,label_flipping,43,dqn,15,0.7013999999999999,229.6283547878265,605.9151859283447
0.1,label_flipping,43,dqn,50,0.7445999999999999,229.6283547878265,605.9151859283447
0.1,label_flipping,43,dqn,150,0.7716000000000001,229.6283547878265,605.9151859283447
0.1,label_flipping,43,rand_rule,15,0.7358,156.00065970420837,605.9151859283447
0.1,label_flipping,43,rand_rule,50,0.8023,156.00065970420837,605.9151859283447
0.1,label_flipping,43,rand_rule,150,0.8417,156.00065970420837,605.9151859283447
0.1,label_flipping,43,rand_gradf,15,0.7469,155.0769636631012,605.9151859283447
0.1,label_flipping,43,rand_gradf,50,0.8177,155.0769636631012,605.9151859283447
0.1,label_flipping,43,rand_gradf,150,0.8404999999999999,155.0769636631012,605.9151859283447
0.1,label_flipping,43,arm_rule_fedavg,15,0.7591,152.67248010635376,605.9151859283447
0.1,label_flipping,43,arm_rule_fedavg,50,0.7809000000000001,152.67248010635376,605.9151859283447
0.1,label_flipping,43,arm_rule_fedavg,150,0.7783000000000001,152.67248010635376,605.9151859283447
0.1,label_flipping,43,arm_rule_fedprox,15,0.7571,152.49968552589417,605.9151859283447
0.1,label_flipping,43,arm_rule_fedprox,50,0.7798999999999999,152.49968552589417,605.9151859283447
0.1,label_flipping,43,arm_rule_fedprox,150,0.7774,152.49968552589417,605.9151859283447
0.1,label_flipping,43,arm_rule_median,15,0.5268,155.67443299293518,605.9151859283447
0.1,label_flipping,43,arm_rule_median,50,0.6862,155.67443299293518,605.9151859283447
0.1,label_flipping,43,arm_rule_median,150,0.7102999999999999,155.67443299293518,605.9151859283447
0.1,label_flipping,43,arm_rule_trimmed_mean,15,0.5922000000000001,162.5537612438202,605.9151859283447
0.1,label_flipping,43,arm_rule_trimmed_mean,50,0.7257,162.5537612438202,605.9151859283447
0.1,label_flipping,43,arm_rule_trimmed_mean,150,0.7457,162.5537612438202,605.9151859283447
0.1,label_flipping,43,arm_rule_fltrust,15,0.6338999999999999,323.3290832042694,605.9151859283447
0.1,label_flipping,43,arm_rule_fltrust,50,0.8474999999999999,323.3290832042694,605.9151859283447
0.1,label_flipping,43,arm_rule_fltrust,150,0.8785000000000001,323.3290832042694,605.9151859283447
0.1,label_flipping,43,arm_rule_clustering,15,0.571,312.6750602722168,605.9151859283447
0.1,label_flipping,43,arm_rule_clustering,50,0.6226,312.6750602722168,605.9151859283447
0.1,label_flipping,43,arm_rule_clustering,150,0.8924,312.6750602722168,605.9151859283447
0.1,label_flipping,43,arm_rule_krum,15,0.194,199.5705399513245,605.9151859283447
0.1,label_flipping,43,arm_rule_krum,50,0.2132,199.5705399513245,605.9151859283447
0.1,label_flipping,43,arm_rule_krum,150,0.3407,199.5705399513245,605.9151859283447
0.1,label_flipping,43,arm_gradf_fedavg,15,0.7581999999999999,273.9369583129883,605.9151859283447
0.1,label_flipping,43,arm_gradf_fedavg,50,0.7623,273.9369583129883,605.9151859283447
0.1,label_flipping,43,arm_gradf_fedavg,150,0.7692,273.9369583129883,605.9151859283447
0.1,label_flipping,43,arm_gradf_fedprox,15,0.7554,299.3110752105713,605.9151859283447
0.1,label_flipping,43,arm_gradf_fedprox,50,0.7643,299.3110752105713,605.9151859283447
0.1,label_flipping,43,arm_gradf_fedprox,150,0.7706000000000001,299.3110752105713,605.9151859283447
0.1,label_flipping,43,arm_gradf_median,15,0.6635000000000001,293.26667881011963,605.9151859283447
0.1,label_flipping,43,arm_gradf_median,50,0.7378,293.26667881011963,605.9151859283447
0.1,label_flipping,43,arm_gradf_median,150,0.7634000000000001,293.26667881011963,605.9151859283447
0.1,label_flipping,43,arm_gradf_trimmed_mean,15,0.7013999999999999,679.7345192432404,605.9151859283447
0.1,label_flipping,43,arm_gradf_trimmed_mean,50,0.7445999999999999,679.7345192432404,605.9151859283447
0.1,label_flipping,43,arm_gradf_trimmed_mean,150,0.7716000000000001,679.7345192432404,605.9151859283447
0.1,label_flipping,43,arm_gradf_fltrust,15,0.5699,355.5009398460388,605.9151859283447
0.1,label_flipping,43,arm_gradf_fltrust,50,0.7338000000000001,355.5009398460388,605.9151859283447
0.1,label_flipping,43,arm_gradf_fltrust,150,0.8492000000000001,355.5009398460388,605.9151859283447
0.1,label_flipping,43,arm_gradf_clustering,15,0.5677000000000001,443.2292466163635,605.9151859283447
0.1,label_flipping,43,arm_gradf_clustering,50,0.8651,443.2292466163635,605.9151859283447
0.1,label_flipping,43,arm_gradf_clustering,150,0.8869999999999999,443.2292466163635,605.9151859283447
0.1,label_flipping,43,arm_gradf_krum,15,0.2471,395.79993438720703,605.9151859283447
0.1,label_flipping,43,arm_gradf_krum,50,0.2486,395.79993438720703,605.9151859283447
0.1,label_flipping,43,arm_gradf_krum,150,0.5720999999999999,395.79993438720703,605.9151859283447
0.1,label_flipping,44,td3_ref,15,0.6811,1636.4147670269012,842.6994905471802
0.1,label_flipping,44,td3_ref,50,0.696,1636.4147670269012,842.6994905471802
0.1,label_flipping,44,td3_ref,150,0.8141999999999999,1636.4147670269012,842.6994905471802
0.1,label_flipping,44,fixed,15,0.791,1603.4180674552915,842.6994905471802
0.1,label_flipping,44,fixed,50,0.6687000000000001,1603.4180674552915,842.6994905471802
0.1,label_flipping,44,fixed,150,0.7706000000000001,1603.4180674552915,842.6994905471802
0.1,label_flipping,44,linucb,15,0.7426,462.8822543621063,842.6994905471802
0.1,label_flipping,44,linucb,50,0.7786000000000001,462.8822543621063,842.6994905471802
0.1,label_flipping,44,linucb,150,0.8458,462.8822543621063,842.6994905471802
0.1,label_flipping,44,dqn,15,0.7468999999999999,674.9328505992889,842.6994905471802
0.1,label_flipping,44,dqn,50,0.7792000000000001,674.9328505992889,842.6994905471802
0.1,label_flipping,44,dqn,150,0.7764,674.9328505992889,842.6994905471802
0.1,label_flipping,44,rand_rule,15,0.7358,258.9466633796692,842.6994905471802
0.1,label_flipping,44,rand_rule,50,0.8225,258.9466633796692,842.6994905471802
0.1,label_flipping,44,rand_rule,150,0.7843,258.9466633796692,842.6994905471802
0.1,label_flipping,44,rand_gradf,15,0.7258,424.6850850582123,842.6994905471802
0.1,label_flipping,44,rand_gradf,50,0.8322999999999998,424.6850850582123,842.6994905471802
0.1,label_flipping,44,rand_gradf,150,0.773,424.6850850582123,842.6994905471802
0.1,label_flipping,44,arm_rule_fedavg,15,0.7581,360.97725319862366,842.6994905471802
0.1,label_flipping,44,arm_rule_fedavg,50,0.7761000000000001,360.97725319862366,842.6994905471802
0.1,label_flipping,44,arm_rule_fedavg,150,0.7793000000000001,360.97725319862366,842.6994905471802
0.1,label_flipping,44,arm_rule_fedprox,15,0.7561,659.1758828163147,842.6994905471802
0.1,label_flipping,44,arm_rule_fedprox,50,0.7753,659.1758828163147,842.6994905471802
0.1,label_flipping,44,arm_rule_fedprox,150,0.7786000000000001,659.1758828163147,842.6994905471802
0.1,label_flipping,44,arm_rule_median,15,0.5258,348.74574160575867,842.6994905471802
0.1,label_flipping,44,arm_rule_median,50,0.6833000000000001,348.74574160575867,842.6994905471802
0.1,label_flipping,44,arm_rule_median,150,0.7104999999999999,348.74574160575867,842.6994905471802
0.1,label_flipping,44,arm_rule_trimmed_mean,15,0.5917,544.0432484149933,842.6994905471802
0.1,label_flipping,44,arm_rule_trimmed_mean,50,0.7239,544.0432484149933,842.6994905471802
0.1,label_flipping,44,arm_rule_trimmed_mean,150,0.7458000000000001,544.0432484149933,842.6994905471802
0.1,label_flipping,44,arm_rule_fltrust,15,0.6073999999999999,569.8398523330688,842.6994905471802
0.1,label_flipping,44,arm_rule_fltrust,50,0.8309,569.8398523330688,842.6994905471802
0.1,label_flipping,44,arm_rule_fltrust,150,0.8760999999999999,569.8398523330688,842.6994905471802
0.1,label_flipping,44,arm_rule_clustering,15,0.5710999999999999,547.522289276123,842.6994905471802
0.1,label_flipping,44,arm_rule_clustering,50,0.6222,547.522289276123,842.6994905471802
0.1,label_flipping,44,arm_rule_clustering,150,0.891,547.522289276123,842.6994905471802
0.1,label_flipping,44,arm_rule_krum,15,0.1935,603.3948221206665,842.6994905471802
0.1,label_flipping,44,arm_rule_krum,50,0.2132,603.3948221206665,842.6994905471802
0.1,label_flipping,44,arm_rule_krum,150,0.3332,603.3948221206665,842.6994905471802
0.1,label_flipping,44,arm_gradf_fedavg,15,0.7468999999999999,515.7968690395355,842.6994905471802
0.1,label_flipping,44,arm_gradf_fedavg,50,0.7792000000000001,515.7968690395355,842.6994905471802
0.1,label_flipping,44,arm_gradf_fedavg,150,0.7764,515.7968690395355,842.6994905471802
0.1,label_flipping,44,arm_gradf_fedprox,15,0.7471,306.2101306915283,842.6994905471802
0.1,label_flipping,44,arm_gradf_fedprox,50,0.7773999999999999,306.2101306915283,842.6994905471802
0.1,label_flipping,44,arm_gradf_fedprox,150,0.7758,306.2101306915283,842.6994905471802
0.1,label_flipping,44,arm_gradf_median,15,0.6707000000000001,277.87231278419495,842.6994905471802
0.1,label_flipping,44,arm_gradf_median,50,0.7468,277.87231278419495,842.6994905471802
0.1,label_flipping,44,arm_gradf_median,150,0.7697999999999999,277.87231278419495,842.6994905471802
0.1,label_flipping,44,arm_gradf_trimmed_mean,15,0.6923,459.5090672969818,842.6994905471802
0.1,label_flipping,44,arm_gradf_trimmed_mean,50,0.762,459.5090672969818,842.6994905471802
0.1,label_flipping,44,arm_gradf_trimmed_mean,150,0.7735,459.5090672969818,842.6994905471802
0.1,label_flipping,44,arm_gradf_fltrust,15,0.5729,458.6036975383759,842.6994905471802
0.1,label_flipping,44,arm_gradf_fltrust,50,0.7123999999999999,458.6036975383759,842.6994905471802
0.1,label_flipping,44,arm_gradf_fltrust,150,0.8406,458.6036975383759,842.6994905471802
0.1,label_flipping,44,arm_gradf_clustering,15,0.5663,730.6744616031647,842.6994905471802
0.1,label_flipping,44,arm_gradf_clustering,50,0.8649000000000001,730.6744616031647,842.6994905471802
0.1,label_flipping,44,arm_gradf_clustering,150,0.8918999999999999,730.6744616031647,842.6994905471802
0.1,label_flipping,44,arm_gradf_krum,15,0.1797,450.9507040977478,842.6994905471802
0.1,label_flipping,44,arm_gradf_krum,50,0.5020000000000001,450.9507040977478,842.6994905471802
0.1,label_flipping,44,arm_gradf_krum,150,0.5645,450.9507040977478,842.6994905471802
0.1,label_flipping,45,td3_ref,15,0.7438,1592.4800305366516,793.2288188934326
0.1,label_flipping,45,td3_ref,50,0.6203000000000001,1592.4800305366516,793.2288188934326
0.1,label_flipping,45,td3_ref,150,0.7797000000000001,1592.4800305366516,793.2288188934326
0.1,label_flipping,45,fixed,15,0.7659,1629.7448506355286,793.2288188934326
0.1,label_flipping,45,fixed,50,0.6784000000000001,1629.7448506355286,793.2288188934326
0.1,label_flipping,45,fixed,150,0.6883,1629.7448506355286,793.2288188934326
0.1,label_flipping,45,linucb,15,0.7449,558.394478559494,793.2288188934326
0.1,label_flipping,45,linucb,50,0.8356999999999999,558.394478559494,793.2288188934326
0.1,label_flipping,45,linucb,150,0.8595,558.394478559494,793.2288188934326
0.1,label_flipping,45,dqn,15,0.3636999999999999,629.2573184967041,793.2288188934326
0.1,label_flipping,45,dqn,50,0.8036,629.2573184967041,793.2288188934326
0.1,label_flipping,45,dqn,150,0.8119999999999999,629.2573184967041,793.2288188934326
0.1,label_flipping,45,rand_rule,15,0.7532,651.7972650527954,793.2288188934326
0.1,label_flipping,45,rand_rule,50,0.8079000000000001,651.7972650527954,793.2288188934326
0.1,label_flipping,45,rand_rule,150,0.8019000000000002,651.7972650527954,793.2288188934326
0.1,label_flipping,45,rand_gradf,15,0.7394999999999999,317.85187435150146,793.2288188934326
0.1,label_flipping,45,rand_gradf,50,0.7927000000000001,317.85187435150146,793.2288188934326
0.1,label_flipping,45,rand_gradf,150,0.8292999999999999,317.85187435150146,793.2288188934326
0.1,label_flipping,45,arm_rule_fedavg,15,0.7615999999999998,754.0617899894714,793.2288188934326
0.1,label_flipping,45,arm_rule_fedavg,50,0.774,754.0617899894714,793.2288188934326
0.1,label_flipping,45,arm_rule_fedavg,150,0.7798,754.0617899894714,793.2288188934326
0.1,label_flipping,45,arm_rule_fedprox,15,0.7592000000000001,357.1778247356415,793.2288188934326
0.1,label_flipping,45,arm_rule_fedprox,50,0.7739999999999999,357.1778247356415,793.2288188934326
0.1,label_flipping,45,arm_rule_fedprox,150,0.7785,357.1778247356415,793.2288188934326
0.1,label_flipping,45,arm_rule_median,15,0.5265,411.5847589969635,793.2288188934326
0.1,label_flipping,45,arm_rule_median,50,0.682,411.5847589969635,793.2288188934326
0.1,label_flipping,45,arm_rule_median,150,0.711,411.5847589969635,793.2288188934326
0.1,label_flipping,45,arm_rule_trimmed_mean,15,0.5939,569.1451604366302,793.2288188934326
0.1,label_flipping,45,arm_rule_trimmed_mean,50,0.7223,569.1451604366302,793.2288188934326
0.1,label_flipping,45,arm_rule_trimmed_mean,150,0.7457,569.1451604366302,793.2288188934326
0.1,label_flipping,45,arm_rule_fltrust,15,0.6705,319.7723755836487,793.2288188934326
0.1,label_flipping,45,arm_rule_fltrust,50,0.8217000000000001,319.7723755836487,793.2288188934326
0.1,label_flipping,45,arm_rule_fltrust,150,0.8628,319.7723755836487,793.2288188934326
0.1,label_flipping,45,arm_rule_clustering,15,0.5709,304.7358069419861,793.2288188934326
0.1,label_flipping,45,arm_rule_clustering,50,0.6218,304.7358069419861,793.2288188934326
0.1,label_flipping,45,arm_rule_clustering,150,0.8918000000000001,304.7358069419861,793.2288188934326
0.1,label_flipping,45,arm_rule_krum,15,0.194,450.4568829536438,793.2288188934326
0.1,label_flipping,45,arm_rule_krum,50,0.213,450.4568829536438,793.2288188934326
0.1,label_flipping,45,arm_rule_krum,150,0.3247,450.4568829536438,793.2288188934326
0.1,label_flipping,45,arm_gradf_fedavg,15,0.7491,355.19764375686646,793.2288188934326
0.1,label_flipping,45,arm_gradf_fedavg,50,0.7625,355.19764375686646,793.2288188934326
0.1,label_flipping,45,arm_gradf_fedavg,150,0.7677,355.19764375686646,793.2288188934326
0.1,label_flipping,45,arm_gradf_fedprox,15,0.7468999999999999,593.3132517337799,793.2288188934326
0.1,label_flipping,45,arm_gradf_fedprox,50,0.7634000000000001,593.3132517337799,793.2288188934326
0.1,label_flipping,45,arm_gradf_fedprox,150,0.7692000000000001,593.3132517337799,793.2288188934326
0.1,label_flipping,45,arm_gradf_median,15,0.694,240.4895660877228,793.2288188934326
0.1,label_flipping,45,arm_gradf_median,50,0.7334999999999999,240.4895660877228,793.2288188934326
0.1,label_flipping,45,arm_gradf_median,150,0.7610999999999999,240.4895660877228,793.2288188934326
0.1,label_flipping,45,arm_gradf_trimmed_mean,15,0.6984999999999999,311.23487854003906,793.2288188934326
0.1,label_flipping,45,arm_gradf_trimmed_mean,50,0.745,311.23487854003906,793.2288188934326
0.1,label_flipping,45,arm_gradf_trimmed_mean,150,0.7705,311.23487854003906,793.2288188934326
0.1,label_flipping,45,arm_gradf_fltrust,15,0.5766,355.79222083091736,793.2288188934326
0.1,label_flipping,45,arm_gradf_fltrust,50,0.6989,355.79222083091736,793.2288188934326
0.1,label_flipping,45,arm_gradf_fltrust,150,0.8273999999999999,355.79222083091736,793.2288188934326
0.1,label_flipping,45,arm_gradf_clustering,15,0.5595000000000001,489.1163632869721,793.2288188934326
0.1,label_flipping,45,arm_gradf_clustering,50,0.8629999999999999,489.1163632869721,793.2288188934326
0.1,label_flipping,45,arm_gradf_clustering,150,0.8854,489.1163632869721,793.2288188934326
0.1,label_flipping,45,arm_gradf_krum,15,0.3636999999999999,327.7638142108917,793.2288188934326
0.1,label_flipping,45,arm_gradf_krum,50,0.2568,327.7638142108917,793.2288188934326
0.1,label_flipping,45,arm_gradf_krum,150,0.4349,327.7638142108917,793.2288188934326
0.1,label_flipping,46,td3_ref,15,0.5720000000000001,1574.7889699935913,565.3724377155304
0.1,label_flipping,46,td3_ref,50,0.4655999999999999,1574.7889699935913,565.3724377155304
0.1,label_flipping,46,td3_ref,150,0.6532,1574.7889699935913,565.3724377155304
0.1,label_flipping,46,fixed,15,0.7428999999999999,1549.4985420703888,565.3724377155304
0.1,label_flipping,46,fixed,50,0.6163000000000001,1549.4985420703888,565.3724377155304
0.1,label_flipping,46,fixed,150,0.6795,1549.4985420703888,565.3724377155304
0.1,label_flipping,46,linucb,15,0.7303999999999999,450.48169922828674,565.3724377155304
0.1,label_flipping,46,linucb,50,0.7807000000000001,450.48169922828674,565.3724377155304
0.1,label_flipping,46,linucb,150,0.8216999999999999,450.48169922828674,565.3724377155304
0.1,label_flipping,46,dqn,15,0.6849,472.3787889480591,565.3724377155304
0.1,label_flipping,46,dqn,50,0.7564000000000001,472.3787889480591,565.3724377155304
0.1,label_flipping,46,dqn,150,0.7621,472.3787889480591,565.3724377155304
0.1,label_flipping,46,rand_rule,15,0.7217,641.3059194087982,565.3724377155304
0.1,label_flipping,46,rand_rule,50,0.7781,641.3059194087982,565.3724377155304
0.1,label_flipping,46,rand_rule,150,0.8386000000000001,641.3059194087982,565.3724377155304
0.1,label_flipping,46,rand_gradf,15,0.6974,445.2917799949646,565.3724377155304
0.1,label_flipping,46,rand_gradf,50,0.7823,445.2917799949646,565.3724377155304
0.1,label_flipping,46,rand_gradf,150,0.8101,445.2917799949646,565.3724377155304
0.1,label_flipping,46,arm_rule_fedavg,15,0.7606,795.003139257431,565.3724377155304
0.1,label_flipping,46,arm_rule_fedavg,50,0.7738,795.003139257431,565.3724377155304
0.1,label_flipping,46,arm_rule_fedavg,150,0.7817000000000001,795.003139257431,565.3724377155304
0.1,label_flipping,46,arm_rule_fedprox,15,0.7587999999999999,574.306312084198,565.3724377155304
0.1,label_flipping,46,arm_rule_fedprox,50,0.7726999999999999,574.306312084198,565.3724377155304
0.1,label_flipping,46,arm_rule_fedprox,150,0.7806,574.306312084198,565.3724377155304
0.1,label_flipping,46,arm_rule_median,15,0.5271,640.435638666153,565.3724377155304
0.1,label_flipping,46,arm_rule_median,50,0.6815,640.435638666153,565.3724377155304
0.1,label_flipping,46,arm_rule_median,150,0.7123999999999999,640.435638666153,565.3724377155304
0.1,label_flipping,46,arm_rule_trimmed_mean,15,0.5932999999999999,695.2917242050171,565.3724377155304
0.1,label_flipping,46,arm_rule_trimmed_mean,50,0.7225999999999999,695.2917242050171,565.3724377155304
0.1,label_flipping,46,arm_rule_trimmed_mean,150,0.7466999999999999,695.2917242050171,565.3724377155304
0.1,label_flipping,46,arm_rule_fltrust,15,0.5729,577.8876571655273,565.3724377155304
0.1,label_flipping,46,arm_rule_fltrust,50,0.8149000000000001,577.8876571655273,565.3724377155304
0.1,label_flipping,46,arm_rule_fltrust,150,0.8728999999999999,577.8876571655273,565.3724377155304
0.1,label_flipping,46,arm_rule_clustering,15,0.5717,246.1935925483704,565.3724377155304
0.1,label_flipping,46,arm_rule_clustering,50,0.6222,246.1935925483704,565.3724377155304
0.1,label_flipping,46,arm_rule_clustering,150,0.8923,246.1935925483704,565.3724377155304
0.1,label_flipping,46,arm_rule_krum,15,0.1938,258.3389837741852,565.3724377155304
0.1,label_flipping,46,arm_rule_krum,50,0.2133999999999999,258.3389837741852,565.3724377155304
0.1,label_flipping,46,arm_rule_krum,150,0.3253,258.3389837741852,565.3724377155304
0.1,label_flipping,46,arm_gradf_fedavg,15,0.7618,515.4450225830078,565.3724377155304
0.1,label_flipping,46,arm_gradf_fedavg,50,0.7699,515.4450225830078,565.3724377155304
0.1,label_flipping,46,arm_gradf_fedavg,150,0.7712,515.4450225830078,565.3724377155304
0.1,label_flipping,46,arm_gradf_fedprox,15,0.7590999999999999,238.5543076992035,565.3724377155304
0.1,label_flipping,46,arm_gradf_fedprox,50,0.7692,238.5543076992035,565.3724377155304
0.1,label_flipping,46,arm_gradf_fedprox,150,0.7714000000000001,238.5543076992035,565.3724377155304
0.1,label_flipping,46,arm_gradf_median,15,0.6849,382.1266973018646,565.3724377155304
0.1,label_flipping,46,arm_gradf_median,50,0.7564000000000001,382.1266973018646,565.3724377155304
0.1,label_flipping,46,arm_gradf_median,150,0.7621,382.1266973018646,565.3724377155304
0.1,label_flipping,46,arm_gradf_trimmed_mean,15,0.7025999999999999,565.1827313899994,565.3724377155304
0.1,label_flipping,46,arm_gradf_trimmed_mean,50,0.7617,565.1827313899994,565.3724377155304
0.1,label_flipping,46,arm_gradf_trimmed_mean,150,0.7672000000000001,565.1827313899994,565.3724377155304
0.1,label_flipping,46,arm_gradf_fltrust,15,0.5523,321.80590987205505,565.3724377155304
0.1,label_flipping,46,arm_gradf_fltrust,50,0.6762,321.80590987205505,565.3724377155304
0.1,label_flipping,46,arm_gradf_fltrust,150,0.8277000000000001,321.80590987205505,565.3724377155304
0.1,label_flipping,46,arm_gradf_clustering,15,0.5661999999999999,311.1948220729828,565.3724377155304
0.1,label_flipping,46,arm_gradf_clustering,50,0.8441000000000001,311.1948220729828,565.3724377155304
0.1,label_flipping,46,arm_gradf_clustering,150,0.8869,311.1948220729828,565.3724377155304
0.1,label_flipping,46,arm_gradf_krum,15,0.1843999999999999,434.3969552516937,565.3724377155304
0.1,label_flipping,46,arm_gradf_krum,50,0.3848,434.3969552516937,565.3724377155304
0.1,label_flipping,46,arm_gradf_krum,150,0.4589,434.3969552516937,565.3724377155304
0.1,label_flipping,47,td3_ref,15,0.6801,1540.542083978653,609.8959624767303
0.1,label_flipping,47,td3_ref,50,0.6475000000000001,1540.542083978653,609.8959624767303
0.1,label_flipping,47,td3_ref,150,0.7726,1540.542083978653,609.8959624767303
0.1,label_flipping,47,fixed,15,0.6578,1537.3824725151062,609.8959624767303
0.1,label_flipping,47,fixed,50,0.7192000000000001,1537.3824725151062,609.8959624767303
0.1,label_flipping,47,fixed,150,0.663,1537.3824725151062,609.8959624767303
0.1,label_flipping,47,linucb,15,0.7420000000000001,521.5013501644135,609.8959624767303
0.1,label_flipping,47,linucb,50,0.784,521.5013501644135,609.8959624767303
0.1,label_flipping,47,linucb,150,0.8291999999999999,521.5013501644135,609.8959624767303
0.1,label_flipping,47,dqn,15,0.6026999999999999,552.6226139068604,609.8959624767303
0.1,label_flipping,47,dqn,50,0.6012000000000001,552.6226139068604,609.8959624767303
0.1,label_flipping,47,dqn,150,0.768,552.6226139068604,609.8959624767303
0.1,label_flipping,47,rand_rule,15,0.7497,344.0405821800232,609.8959624767303
0.1,label_flipping,47,rand_rule,50,0.7797000000000001,344.0405821800232,609.8959624767303
0.1,label_flipping,47,rand_rule,150,0.8046999999999999,344.0405821800232,609.8959624767303
0.1,label_flipping,47,rand_gradf,15,0.746,742.7188017368317,609.8959624767303
0.1,label_flipping,47,rand_gradf,50,0.7876000000000001,742.7188017368317,609.8959624767303
0.1,label_flipping,47,rand_gradf,150,0.8114000000000001,742.7188017368317,609.8959624767303
0.1,label_flipping,47,arm_rule_fedavg,15,0.7598,468.79974365234375,609.8959624767303
0.1,label_flipping,47,arm_rule_fedavg,50,0.7769,468.79974365234375,609.8959624767303
0.1,label_flipping,47,arm_rule_fedavg,150,0.7805000000000001,468.79974365234375,609.8959624767303
0.1,label_flipping,47,arm_rule_fedprox,15,0.757,251.8324291706085,609.8959624767303
0.1,label_flipping,47,arm_rule_fedprox,50,0.7763000000000001,251.8324291706085,609.8959624767303
0.1,label_flipping,47,arm_rule_fedprox,150,0.7798000000000002,251.8324291706085,609.8959624767303
0.1,label_flipping,47,arm_rule_median,15,0.5274000000000001,443.8923556804657,609.8959624767303
0.1,label_flipping,47,arm_rule_median,50,0.6839000000000001,443.8923556804657,609.8959624767303
0.1,label_flipping,47,arm_rule_median,150,0.7107,443.8923556804657,609.8959624767303
0.1,label_flipping,47,arm_rule_trimmed_mean,15,0.5938,508.9424669742584,609.8959624767303
0.1,label_flipping,47,arm_rule_trimmed_mean,50,0.7238,508.9424669742584,609.8959624767303
0.1,label_flipping,47,arm_rule_trimmed_mean,150,0.7459,508.9424669742584,609.8959624767303
0.1,label_flipping,47,arm_rule_fltrust,15,0.6445,237.49570226669312,609.8959624767303
0.1,label_flipping,47,arm_rule_fltrust,50,0.8333999999999999,237.49570226669312,609.8959624767303
0.1,label_flipping,47,arm_rule_fltrust,150,0.8593,237.49570226669312,609.8959624767303
0.1,label_flipping,47,arm_rule_clustering,15,0.5725,600.9502623081207,609.8959624767303
0.1,label_flipping,47,arm_rule_clustering,50,0.6217,600.9502623081207,609.8959624767303
0.1,label_flipping,47,arm_rule_clustering,150,0.8917999999999999,600.9502623081207,609.8959624767303
0.1,label_flipping,47,arm_rule_krum,15,0.194,304.9792833328247,609.8959624767303
0.1,label_flipping,47,arm_rule_krum,50,0.2132,304.9792833328247,609.8959624767303
0.1,label_flipping,47,arm_rule_krum,150,0.3762999999999999,304.9792833328247,609.8959624767303
0.1,label_flipping,47,arm_gradf_fedavg,15,0.749,418.7152860164642,609.8959624767303
0.1,label_flipping,47,arm_gradf_fedavg,50,0.759,418.7152860164642,609.8959624767303
0.1,label_flipping,47,arm_gradf_fedavg,150,0.7733,418.7152860164642,609.8959624767303
0.1,label_flipping,47,arm_gradf_fedprox,15,0.7464999999999999,323.705751657486,609.8959624767303
0.1,label_flipping,47,arm_gradf_fedprox,50,0.7611,323.705751657486,609.8959624767303
0.1,label_flipping,47,arm_gradf_fedprox,150,0.7735000000000001,323.705751657486,609.8959624767303
0.1,label_flipping,47,arm_gradf_median,15,0.6737,390.8252677917481,609.8959624767303
0.1,label_flipping,47,arm_gradf_median,50,0.7456,390.8252677917481,609.8959624767303
0.1,label_flipping,47,arm_gradf_median,150,0.7563,390.8252677917481,609.8959624767303
0.1,label_flipping,47,arm_gradf_trimmed_mean,15,0.7011999999999999,479.2825787067413,609.8959624767303
0.1,label_flipping,47,arm_gradf_trimmed_mean,50,0.752,479.2825787067413,609.8959624767303
0.1,label_flipping,47,arm_gradf_trimmed_mean,150,0.7684,479.2825787067413,609.8959624767303
0.1,label_flipping,47,arm_gradf_fltrust,15,0.6025,493.8507707118988,609.8959624767303
0.1,label_flipping,47,arm_gradf_fltrust,50,0.6973,493.8507707118988,609.8959624767303
0.1,label_flipping,47,arm_gradf_fltrust,150,0.8455,493.8507707118988,609.8959624767303
0.1,label_flipping,47,arm_gradf_clustering,15,0.5684,412.1790800094605,609.8959624767303
0.1,label_flipping,47,arm_gradf_clustering,50,0.8634000000000001,412.1790800094605,609.8959624767303
0.1,label_flipping,47,arm_gradf_clustering,150,0.8901000000000001,412.1790800094605,609.8959624767303
0.1,label_flipping,47,arm_gradf_krum,15,0.4288,293.2315576076508,609.8959624767303
0.1,label_flipping,47,arm_gradf_krum,50,0.5098,293.2315576076508,609.8959624767303
0.1,label_flipping,47,arm_gradf_krum,150,0.5652,293.2315576076508,609.8959624767303
0.1,label_flipping,48,td3_ref,15,0.7508,1586.0514814853668,438.2566406726837
0.1,label_flipping,48,td3_ref,50,0.6247999999999999,1586.0514814853668,438.2566406726837
0.1,label_flipping,48,td3_ref,150,0.7645,1586.0514814853668,438.2566406726837
0.1,label_flipping,48,fixed,15,0.664,1623.7698287963867,438.2566406726837
0.1,label_flipping,48,fixed,50,0.7021,1623.7698287963867,438.2566406726837
0.1,label_flipping,48,fixed,150,0.7955,1623.7698287963867,438.2566406726837
0.1,label_flipping,48,linucb,15,0.7309000000000001,362.3083596229553,438.2566406726837
0.1,label_flipping,48,linucb,50,0.8362,362.3083596229553,438.2566406726837
0.1,label_flipping,48,linucb,150,0.8160999999999999,362.3083596229553,438.2566406726837
0.1,label_flipping,48,dqn,15,0.5715,446.5967664718628,438.2566406726837
0.1,label_flipping,48,dqn,50,0.6968000000000001,446.5967664718628,438.2566406726837
0.1,label_flipping,48,dqn,150,0.8278000000000001,446.5967664718628,438.2566406726837
0.1,label_flipping,48,rand_rule,15,0.752,405.645646572113,438.2566406726837
0.1,label_flipping,48,rand_rule,50,0.8516999999999999,405.645646572113,438.2566406726837
0.1,label_flipping,48,rand_rule,150,0.8431999999999998,405.645646572113,438.2566406726837
0.1,label_flipping,48,rand_gradf,15,0.7541,509.5318396091461,438.2566406726837
0.1,label_flipping,48,rand_gradf,50,0.7827,509.5318396091461,438.2566406726837
0.1,label_flipping,48,rand_gradf,150,0.8392,509.5318396091461,438.2566406726837
0.1,label_flipping,48,arm_rule_fedavg,15,0.7609999999999999,402.46428632736206,438.2566406726837
0.1,label_flipping,48,arm_rule_fedavg,50,0.7731999999999999,402.46428632736206,438.2566406726837
0.1,label_flipping,48,arm_rule_fedavg,150,0.7797,402.46428632736206,438.2566406726837
0.1,label_flipping,48,arm_rule_fedprox,15,0.7588,568.5327324867249,438.2566406726837
0.1,label_flipping,48,arm_rule_fedprox,50,0.7722999999999999,568.5327324867249,438.2566406726837
0.1,label_flipping,48,arm_rule_fedprox,150,0.7790000000000001,568.5327324867249,438.2566406726837
0.1,label_flipping,48,arm_rule_median,15,0.5283,491.9536929130554,438.2566406726837
0.1,label_flipping,48,arm_rule_median,50,0.6816000000000001,491.9536929130554,438.2566406726837
0.1,label_flipping,48,arm_rule_median,150,0.71,491.9536929130554,438.2566406726837
0.1,label_flipping,48,arm_rule_trimmed_mean,15,0.5928,406.55620312690735,438.2566406726837
0.1,label_flipping,48,arm_rule_trimmed_mean,50,0.7217,406.55620312690735,438.2566406726837
0.1,label_flipping,48,arm_rule_trimmed_mean,150,0.7459,406.55620312690735,438.2566406726837
0.1,label_flipping,48,arm_rule_fltrust,15,0.6448,463.4948661327362,438.2566406726837
0.1,label_flipping,48,arm_rule_fltrust,50,0.8238,463.4948661327362,438.2566406726837
0.1,label_flipping,48,arm_rule_fltrust,150,0.8717,463.4948661327362,438.2566406726837
0.1,label_flipping,48,arm_rule_clustering,15,0.5716999999999999,598.6414515972137,438.2566406726837
0.1,label_flipping,48,arm_rule_clustering,50,0.6220000000000001,598.6414515972137,438.2566406726837
0.1,label_flipping,48,arm_rule_clustering,150,0.8909,598.6414515972137,438.2566406726837
0.1,label_flipping,48,arm_rule_krum,15,0.1938,628.4024245738983,438.2566406726837
0.1,label_flipping,48,arm_rule_krum,50,0.213,628.4024245738983,438.2566406726837
0.1,label_flipping,48,arm_rule_krum,150,0.3636999999999999,628.4024245738983,438.2566406726837
0.1,label_flipping,48,arm_gradf_fedavg,15,0.7516,840.4672009944916,438.2566406726837
0.1,label_flipping,48,arm_gradf_fedavg,50,0.7710999999999999,840.4672009944916,438.2566406726837
0.1,label_flipping,48,arm_gradf_fedavg,150,0.7733000000000001,840.4672009944916,438.2566406726837
0.1,label_flipping,48,arm_gradf_fedprox,15,0.7497999999999999,363.8683714866638,438.2566406726837
0.1,label_flipping,48,arm_gradf_fedprox,50,0.7712,363.8683714866638,438.2566406726837
0.1,label_flipping,48,arm_gradf_fedprox,150,0.7735000000000001,363.8683714866638,438.2566406726837
0.1,label_flipping,48,arm_gradf_median,15,0.6763000000000001,523.5132594108582,438.2566406726837
0.1,label_flipping,48,arm_gradf_median,50,0.7491,523.5132594108582,438.2566406726837
0.1,label_flipping,48,arm_gradf_median,150,0.7636999999999999,523.5132594108582,438.2566406726837
0.1,label_flipping,48,arm_gradf_trimmed_mean,15,0.705,524.419186592102,438.2566406726837
0.1,label_flipping,48,arm_gradf_trimmed_mean,50,0.7541000000000001,524.419186592102,438.2566406726837
0.1,label_flipping,48,arm_gradf_trimmed_mean,150,0.7683000000000001,524.419186592102,438.2566406726837
0.1,label_flipping,48,arm_gradf_fltrust,15,0.5715,458.6472020149231,438.2566406726837
0.1,label_flipping,48,arm_gradf_fltrust,50,0.6968000000000001,458.6472020149231,438.2566406726837
0.1,label_flipping,48,arm_gradf_fltrust,150,0.8278000000000001,458.6472020149231,438.2566406726837
0.1,label_flipping,48,arm_gradf_clustering,15,0.5748,392.146968126297,438.2566406726837
0.1,label_flipping,48,arm_gradf_clustering,50,0.865,392.146968126297,438.2566406726837
0.1,label_flipping,48,arm_gradf_clustering,150,0.8884000000000001,392.146968126297,438.2566406726837
0.1,label_flipping,48,arm_gradf_krum,15,0.3309,385.33060669898987,438.2566406726837
0.1,label_flipping,48,arm_gradf_krum,50,0.3965999999999999,385.33060669898987,438.2566406726837
0.1,label_flipping,48,arm_gradf_krum,150,0.5165,385.33060669898987,438.2566406726837
0.1,label_flipping,49,td3_ref,15,0.6900000000000001,1537.2713849544523,437.3180663585663
0.1,label_flipping,49,td3_ref,50,0.6277999999999999,1537.2713849544523,437.3180663585663
0.1,label_flipping,49,td3_ref,150,0.6461,1537.2713849544523,437.3180663585663
0.1,label_flipping,49,fixed,15,0.6975,1586.0648822784424,437.3180663585663
0.1,label_flipping,49,fixed,50,0.6588999999999999,1586.0648822784424,437.3180663585663
0.1,label_flipping,49,fixed,150,0.7622000000000001,1586.0648822784424,437.3180663585663
0.1,label_flipping,49,linucb,15,0.7083999999999999,324.2144515514374,437.3180663585663
0.1,label_flipping,49,linucb,50,0.8208,324.2144515514374,437.3180663585663
0.1,label_flipping,49,linucb,150,0.7992000000000001,324.2144515514374,437.3180663585663
0.1,label_flipping,49,dqn,15,0.7536,350.5803716182709,437.3180663585663
0.1,label_flipping,49,dqn,50,0.7806,350.5803716182709,437.3180663585663
0.1,label_flipping,49,dqn,150,0.7728,350.5803716182709,437.3180663585663
0.1,label_flipping,49,rand_rule,15,0.7874,447.3469545841217,437.3180663585663
0.1,label_flipping,49,rand_rule,50,0.8586,447.3469545841217,437.3180663585663
0.1,label_flipping,49,rand_rule,150,0.7781,447.3469545841217,437.3180663585663
0.1,label_flipping,49,rand_gradf,15,0.6929000000000001,442.8761856555939,437.3180663585663
0.1,label_flipping,49,rand_gradf,50,0.7902,442.8761856555939,437.3180663585663
0.1,label_flipping,49,rand_gradf,150,0.8507999999999999,442.8761856555939,437.3180663585663
0.1,label_flipping,49,arm_rule_fedavg,15,0.7592,826.0383026599884,437.3180663585663
0.1,label_flipping,49,arm_rule_fedavg,50,0.7751,826.0383026599884,437.3180663585663
0.1,label_flipping,49,arm_rule_fedavg,150,0.7772000000000001,826.0383026599884,437.3180663585663
0.1,label_flipping,49,arm_rule_fedprox,15,0.7565,429.48669171333313,437.3180663585663
0.1,label_flipping,49,arm_rule_fedprox,50,0.7743,429.48669171333313,437.3180663585663
0.1,label_flipping,49,arm_rule_fedprox,150,0.7772,429.48669171333313,437.3180663585663
0.1,label_flipping,49,arm_rule_median,15,0.5269,330.5959596633911,437.3180663585663
0.1,label_flipping,49,arm_rule_median,50,0.6827,330.5959596633911,437.3180663585663
0.1,label_flipping,49,arm_rule_median,150,0.7112,330.5959596633911,437.3180663585663
0.1,label_flipping,49,arm_rule_trimmed_mean,15,0.5917,726.414290189743,437.3180663585663
0.1,label_flipping,49,arm_rule_trimmed_mean,50,0.7233,726.414290189743,437.3180663585663
0.1,label_flipping,49,arm_rule_trimmed_mean,150,0.7455,726.414290189743,437.3180663585663
0.1,label_flipping,49,arm_rule_fltrust,15,0.6237,525.8636703491211,437.3180663585663
0.1,label_flipping,49,arm_rule_fltrust,50,0.7743,525.8636703491211,437.3180663585663
0.1,label_flipping,49,arm_rule_fltrust,150,0.8480999999999999,525.8636703491211,437.3180663585663
0.1,label_flipping,49,arm_rule_clustering,15,0.571,362.2122941017151,437.3180663585663
0.1,label_flipping,49,arm_rule_clustering,50,0.6224999999999999,362.2122941017151,437.3180663585663
0.1,label_flipping,49,arm_rule_clustering,150,0.8916999999999999,362.2122941017151,437.3180663585663
0.1,label_flipping,49,arm_rule_krum,15,0.1938,568.7817318439484,437.3180663585663
0.1,label_flipping,49,arm_rule_krum,50,0.213,568.7817318439484,437.3180663585663
0.1,label_flipping,49,arm_rule_krum,150,0.3397,568.7817318439484,437.3180663585663
0.1,label_flipping,49,arm_gradf_fedavg,15,0.7536,432.0851557254791,437.3180663585663
0.1,label_flipping,49,arm_gradf_fedavg,50,0.7806,432.0851557254791,437.3180663585663
0.1,label_flipping,49,arm_gradf_fedavg,150,0.7728,432.0851557254791,437.3180663585663
0.1,label_flipping,49,arm_gradf_fedprox,15,0.7516999999999999,346.49949193000793,437.3180663585663
0.1,label_flipping,49,arm_gradf_fedprox,50,0.7797,346.49949193000793,437.3180663585663
0.1,label_flipping,49,arm_gradf_fedprox,150,0.7734,346.49949193000793,437.3180663585663
0.1,label_flipping,49,arm_gradf_median,15,0.68,404.4781873226166,437.3180663585663
0.1,label_flipping,49,arm_gradf_median,50,0.7481,404.4781873226166,437.3180663585663
0.1,label_flipping,49,arm_gradf_median,150,0.7476999999999999,404.4781873226166,437.3180663585663
0.1,label_flipping,49,arm_gradf_trimmed_mean,15,0.7039,433.957070350647,437.3180663585663
0.1,label_flipping,49,arm_gradf_trimmed_mean,50,0.7511,433.957070350647,437.3180663585663
0.1,label_flipping,49,arm_gradf_trimmed_mean,150,0.7613,433.957070350647,437.3180663585663
0.1,label_flipping,49,arm_gradf_fltrust,15,0.6157,479.8395245075226,437.3180663585663
0.1,label_flipping,49,arm_gradf_fltrust,50,0.696,479.8395245075226,437.3180663585663
0.1,label_flipping,49,arm_gradf_fltrust,150,0.8026000000000002,479.8395245075226,437.3180663585663
0.1,label_flipping,49,arm_gradf_clustering,15,0.5704,393.3146913051605,437.3180663585663
0.1,label_flipping,49,arm_gradf_clustering,50,0.8652999999999998,393.3146913051605,437.3180663585663
0.1,label_flipping,49,arm_gradf_clustering,150,0.8887,393.3146913051605,437.3180663585663
0.1,label_flipping,49,arm_gradf_krum,15,0.1948,420.66033482551575,437.3180663585663
0.1,label_flipping,49,arm_gradf_krum,50,0.3082999999999999,420.66033482551575,437.3180663585663
0.1,label_flipping,49,arm_gradf_krum,150,0.4649,420.66033482551575,437.3180663585663
0.1,label_flipping,50,td3_ref,15,0.6891,1522.3603992462158,608.5998451709747
0.1,label_flipping,50,td3_ref,50,0.7044,1522.3603992462158,608.5998451709747
0.1,label_flipping,50,td3_ref,150,0.7414000000000001,1522.3603992462158,608.5998451709747
0.1,label_flipping,50,fixed,15,0.6637000000000001,1592.1553134918213,608.5998451709747
0.1,label_flipping,50,fixed,50,0.7401,1592.1553134918213,608.5998451709747
0.1,label_flipping,50,fixed,150,0.7215999999999999,1592.1553134918213,608.5998451709747
0.1,label_flipping,50,linucb,15,0.7373000000000001,734.9628412723541,608.5998451709747
0.1,label_flipping,50,linucb,50,0.8360999999999998,734.9628412723541,608.5998451709747
0.1,label_flipping,50,linucb,150,0.8488,734.9628412723541,608.5998451709747
0.1,label_flipping,50,dqn,15,0.617,400.8442034721375,608.5998451709747
0.1,label_flipping,50,dqn,50,0.7223999999999999,400.8442034721375,608.5998451709747
0.1,label_flipping,50,dqn,150,0.8295,400.8442034721375,608.5998451709747
0.1,label_flipping,50,rand_rule,15,0.8037000000000001,482.3549883365631,608.5998451709747
0.1,label_flipping,50,rand_rule,50,0.749,482.3549883365631,608.5998451709747
0.1,label_flipping,50,rand_rule,150,0.7998000000000001,482.3549883365631,608.5998451709747
0.1,label_flipping,50,rand_gradf,15,0.7113,387.1684048175812,608.5998451709747
0.1,label_flipping,50,rand_gradf,50,0.8276,387.1684048175812,608.5998451709747
0.1,label_flipping,50,rand_gradf,150,0.8267999999999999,387.1684048175812,608.5998451709747
0.1,label_flipping,50,arm_rule_fedavg,15,0.7580000000000001,576.5220296382904,608.5998451709747
0.1,label_flipping,50,arm_rule_fedavg,50,0.7737,576.5220296382904,608.5998451709747
0.1,label_flipping,50,arm_rule_fedavg,150,0.7784,576.5220296382904,608.5998451709747
0.1,label_flipping,50,arm_rule_fedprox,15,0.7559,264.7971386909485,608.5998451709747
0.1,label_flipping,50,arm_rule_fedprox,50,0.7733,264.7971386909485,608.5998451709747
0.1,label_flipping,50,arm_rule_fedprox,150,0.7777999999999999,264.7971386909485,608.5998451709747
0.1,label_flipping,50,arm_rule_median,15,0.5274,481.5425601005554,608.5998451709747
0.1,label_flipping,50,arm_rule_median,50,0.6836,481.5425601005554,608.5998451709747
0.1,label_flipping,50,arm_rule_median,150,0.7112,481.5425601005554,608.5998451709747
0.1,label_flipping,50,arm_rule_trimmed_mean,15,0.5935,365.1298141479492,608.5998451709747
0.1,label_flipping,50,arm_rule_trimmed_mean,50,0.7223999999999999,365.1298141479492,608.5998451709747
0.1,label_flipping,50,arm_rule_trimmed_mean,150,0.7457999999999999,365.1298141479492,608.5998451709747
0.1,label_flipping,50,arm_rule_fltrust,15,0.6454,373.18852734565735,608.5998451709747
0.1,label_flipping,50,arm_rule_fltrust,50,0.8324999999999999,373.18852734565735,608.5998451709747
0.1,label_flipping,50,arm_rule_fltrust,150,0.8754,373.18852734565735,608.5998451709747
0.1,label_flipping,50,arm_rule_clustering,15,0.5708,256.229061126709,608.5998451709747
0.1,label_flipping,50,arm_rule_clustering,50,0.7335999999999999,256.229061126709,608.5998451709747
0.1,label_flipping,50,arm_rule_clustering,150,0.8921999999999999,256.229061126709,608.5998451709747
0.1,label_flipping,50,arm_rule_krum,15,0.1938,667.8053321838379,608.5998451709747
0.1,label_flipping,50,arm_rule_krum,50,0.2133999999999999,667.8053321838379,608.5998451709747
0.1,label_flipping,50,arm_rule_krum,150,0.3398,667.8053321838379,608.5998451709747
0.1,label_flipping,50,arm_gradf_fedavg,15,0.7544000000000001,419.13576197624207,608.5998451709747
0.1,label_flipping,50,arm_gradf_fedavg,50,0.7695000000000001,419.13576197624207,608.5998451709747
0.1,label_flipping,50,arm_gradf_fedavg,150,0.7755000000000001,419.13576197624207,608.5998451709747
0.1,label_flipping,50,arm_gradf_fedprox,15,0.7516,358.13568353652954,608.5998451709747
0.1,label_flipping,50,arm_gradf_fedprox,50,0.7698,358.13568353652954,608.5998451709747
0.1,label_flipping,50,arm_gradf_fedprox,150,0.7750000000000001,358.13568353652954,608.5998451709747
0.1,label_flipping,50,arm_gradf_median,15,0.6862999999999999,326.0751836299896,608.5998451709747
0.1,label_flipping,50,arm_gradf_median,50,0.7535000000000001,326.0751836299896,608.5998451709747
0.1,label_flipping,50,arm_gradf_median,150,0.7505,326.0751836299896,608.5998451709747
0.1,label_flipping,50,arm_gradf_trimmed_mean,15,0.6968,397.8753366470337,608.5998451709747
0.1,label_flipping,50,arm_gradf_trimmed_mean,50,0.7503,397.8753366470337,608.5998451709747
0.1,label_flipping,50,arm_gradf_trimmed_mean,150,0.7605,397.8753366470337,608.5998451709747
0.1,label_flipping,50,arm_gradf_fltrust,15,0.617,595.9272217750549,608.5998451709747
0.1,label_flipping,50,arm_gradf_fltrust,50,0.7223999999999999,595.9272217750549,608.5998451709747
0.1,label_flipping,50,arm_gradf_fltrust,150,0.8295,595.9272217750549,608.5998451709747
0.1,label_flipping,50,arm_gradf_clustering,15,0.5776,535.6787638664246,608.5998451709747
0.1,label_flipping,50,arm_gradf_clustering,50,0.8715999999999999,535.6787638664246,608.5998451709747
0.1,label_flipping,50,arm_gradf_clustering,150,0.8862,535.6787638664246,608.5998451709747
0.1,label_flipping,50,arm_gradf_krum,15,0.2893,674.2994747161865,608.5998451709747
0.1,label_flipping,50,arm_gradf_krum,50,0.2618,674.2994747161865,608.5998451709747
0.1,label_flipping,50,arm_gradf_krum,150,0.2588,674.2994747161865,608.5998451709747
0.1,label_flipping,51,td3_ref,15,0.6962,1581.1522541046145,435.3929860591888
0.1,label_flipping,51,td3_ref,50,0.6418,1581.1522541046145,435.3929860591888
0.1,label_flipping,51,td3_ref,150,0.7644,1581.1522541046145,435.3929860591888
0.1,label_flipping,51,fixed,15,0.6231,1563.8421082496643,435.3929860591888
0.1,label_flipping,51,fixed,50,0.6507999999999999,1563.8421082496643,435.3929860591888
0.1,label_flipping,51,fixed,150,0.7104999999999999,1563.8421082496643,435.3929860591888
0.1,label_flipping,51,linucb,15,0.7442,432.10206270217896,435.3929860591888
0.1,label_flipping,51,linucb,50,0.8211,432.10206270217896,435.3929860591888
0.1,label_flipping,51,linucb,150,0.8487,432.10206270217896,435.3929860591888
0.1,label_flipping,51,dqn,15,0.2956999999999999,684.5760478973389,435.3929860591888
0.1,label_flipping,51,dqn,50,0.3936,684.5760478973389,435.3929860591888
0.1,label_flipping,51,dqn,150,0.4537,684.5760478973389,435.3929860591888
0.1,label_flipping,51,rand_rule,15,0.8029,478.5245234966278,435.3929860591888
0.1,label_flipping,51,rand_rule,50,0.841,478.5245234966278,435.3929860591888
0.1,label_flipping,51,rand_rule,150,0.8114000000000001,478.5245234966278,435.3929860591888
0.1,label_flipping,51,rand_gradf,15,0.6897,489.8773860931397,435.3929860591888
0.1,label_flipping,51,rand_gradf,50,0.7676000000000001,489.8773860931397,435.3929860591888
0.1,label_flipping,51,rand_gradf,150,0.8511,489.8773860931397,435.3929860591888
0.1,label_flipping,51,arm_rule_fedavg,15,0.7623,456.4803946018219,435.3929860591888
0.1,label_flipping,51,arm_rule_fedavg,50,0.7774,456.4803946018219,435.3929860591888
0.1,label_flipping,51,arm_rule_fedavg,150,0.78,456.4803946018219,435.3929860591888
0.1,label_flipping,51,arm_rule_fedprox,15,0.7596,400.75071001052856,435.3929860591888
0.1,label_flipping,51,arm_rule_fedprox,50,0.7765000000000001,400.75071001052856,435.3929860591888
0.1,label_flipping,51,arm_rule_fedprox,150,0.7791,400.75071001052856,435.3929860591888
0.1,label_flipping,51,arm_rule_median,15,0.5285000000000001,346.0598442554474,435.3929860591888
0.1,label_flipping,51,arm_rule_median,50,0.6832,346.0598442554474,435.3929860591888
0.1,label_flipping,51,arm_rule_median,150,0.7111000000000001,346.0598442554474,435.3929860591888
0.1,label_flipping,51,arm_rule_trimmed_mean,15,0.5929,470.1646311283112,435.3929860591888
0.1,label_flipping,51,arm_rule_trimmed_mean,50,0.7243,470.1646311283112,435.3929860591888
0.1,label_flipping,51,arm_rule_trimmed_mean,150,0.7461,470.1646311283112,435.3929860591888
0.1,label_flipping,51,arm_rule_fltrust,15,0.6172,318.44362354278564,435.3929860591888
0.1,label_flipping,51,arm_rule_fltrust,50,0.8037000000000001,318.44362354278564,435.3929860591888
0.1,label_flipping,51,arm_rule_fltrust,150,0.8756999999999999,318.44362354278564,435.3929860591888
0.1,label_flipping,51,arm_rule_clustering,15,0.5720999999999999,585.291987657547,435.3929860591888
0.1,label_flipping,51,arm_rule_clustering,50,0.6226,585.291987657547,435.3929860591888
0.1,label_flipping,51,arm_rule_clustering,150,0.8915000000000001,585.291987657547,435.3929860591888
0.1,label_flipping,51,arm_rule_krum,15,0.1939,419.74317717552185,435.3929860591888
0.1,label_flipping,51,arm_rule_krum,50,0.2131,419.74317717552185,435.3929860591888
0.1,label_flipping,51,arm_rule_krum,150,0.3691,419.74317717552185,435.3929860591888
0.1,label_flipping,51,arm_gradf_fedavg,15,0.7468,378.6803827285767,435.3929860591888
0.1,label_flipping,51,arm_gradf_fedavg,50,0.7708,378.6803827285767,435.3929860591888
0.1,label_flipping,51,arm_gradf_fedavg,150,0.7721000000000001,378.6803827285767,435.3929860591888
0.1,label_flipping,51,arm_gradf_fedprox,15,0.7567,572.0738689899445,435.3929860591888
0.1,label_flipping,51,arm_gradf_fedprox,50,0.7668,572.0738689899445,435.3929860591888
0.1,label_flipping,51,arm_gradf_fedprox,150,0.7724,572.0738689899445,435.3929860591888
0.1,label_flipping,51,arm_gradf_median,15,0.6729,466.9784109592438,435.3929860591888
0.1,label_flipping,51,arm_gradf_median,50,0.764,466.9784109592438,435.3929860591888
0.1,label_flipping,51,arm_gradf_median,150,0.7653,466.9784109592438,435.3929860591888
0.1,label_flipping,51,arm_gradf_trimmed_mean,15,0.6909,492.4424521923065,435.3929860591888
0.1,label_flipping,51,arm_gradf_trimmed_mean,50,0.7542,492.4424521923065,435.3929860591888
0.1,label_flipping,51,arm_gradf_trimmed_mean,150,0.772,492.4424521923065,435.3929860591888
0.1,label_flipping,51,arm_gradf_fltrust,15,0.6087,534.711626291275,435.3929860591888
0.1,label_flipping,51,arm_gradf_fltrust,50,0.7123,534.711626291275,435.3929860591888
0.1,label_flipping,51,arm_gradf_fltrust,150,0.8142000000000001,534.711626291275,435.3929860591888
0.1,label_flipping,51,arm_gradf_clustering,15,0.5661,315.9853181838989,435.3929860591888
0.1,label_flipping,51,arm_gradf_clustering,50,0.8648999999999999,315.9853181838989,435.3929860591888
0.1,label_flipping,51,arm_gradf_clustering,150,0.8901999999999999,315.9853181838989,435.3929860591888
0.1,label_flipping,51,arm_gradf_krum,15,0.2956999999999999,384.7565567493439,435.3929860591888
0.1,label_flipping,51,arm_gradf_krum,50,0.3936,384.7565567493439,435.3929860591888
0.1,label_flipping,51,arm_gradf_krum,150,0.4537,384.7565567493439,435.3929860591888
0.05,low_mag_backdoor,42,td3_ref,15,0.8497,1676.4276702404022,495.6425936222077
0.05,low_mag_backdoor,42,td3_ref,50,0.8372999999999999,1676.4276702404022,495.6425936222077
0.05,low_mag_backdoor,42,td3_ref,150,0.8276999999999999,1676.4276702404022,495.6425936222077
0.05,low_mag_backdoor,42,fixed,15,0.7525000000000001,1771.536913394928,495.6425936222077
0.05,low_mag_backdoor,42,fixed,50,0.7377,1771.536913394928,495.6425936222077
0.05,low_mag_backdoor,42,fixed,150,0.849,1771.536913394928,495.6425936222077
0.05,low_mag_backdoor,42,linucb,15,0.7268,336.19134974479675,495.6425936222077
0.05,low_mag_backdoor,42,linucb,50,0.8846,336.19134974479675,495.6425936222077
0.05,low_mag_backdoor,42,linucb,150,0.8959000000000001,336.19134974479675,495.6425936222077
0.05,low_mag_backdoor,42,dqn,15,0.3299999999999999,242.08919286727905,495.6425936222077
0.05,low_mag_backdoor,42,dqn,50,0.4293999999999999,242.08919286727905,495.6425936222077
0.05,low_mag_backdoor,42,dqn,150,0.4062,242.08919286727905,495.6425936222077
0.05,low_mag_backdoor,42,rand_rule,15,0.697,177.6128969192505,495.6425936222077
0.05,low_mag_backdoor,42,rand_rule,50,0.8714999999999999,177.6128969192505,495.6425936222077
0.05,low_mag_backdoor,42,rand_rule,150,0.8918000000000001,177.6128969192505,495.6425936222077
0.05,low_mag_backdoor,42,rand_gradf,15,0.8394,153.16530084609985,495.6425936222077
0.05,low_mag_backdoor,42,rand_gradf,50,0.8482,153.16530084609985,495.6425936222077
0.05,low_mag_backdoor,42,rand_gradf,150,0.8848,153.16530084609985,495.6425936222077
0.05,low_mag_backdoor,42,arm_rule_fedavg,15,0.8535999999999999,150.12772822380066,495.6425936222077
0.05,low_mag_backdoor,42,arm_rule_fedavg,50,0.8855999999999999,150.12772822380066,495.6425936222077
0.05,low_mag_backdoor,42,arm_rule_fedavg,150,0.8947,150.12772822380066,495.6425936222077
0.05,low_mag_backdoor,42,arm_rule_fedprox,15,0.8494999999999999,150.81461763381958,495.6425936222077
0.05,low_mag_backdoor,42,arm_rule_fedprox,50,0.8844999999999998,150.81461763381958,495.6425936222077
0.05,low_mag_backdoor,42,arm_rule_fedprox,150,0.8941000000000001,150.81461763381958,495.6425936222077
0.05,low_mag_backdoor,42,arm_rule_median,15,0.6162,151.02525210380554,495.6425936222077
0.05,low_mag_backdoor,42,arm_rule_median,50,0.7571000000000001,151.02525210380554,495.6425936222077
0.05,low_mag_backdoor,42,arm_rule_median,150,0.7855000000000001,151.02525210380554,495.6425936222077
0.05,low_mag_backdoor,42,arm_rule_trimmed_mean,15,0.7647,159.2011468410492,495.6425936222077
0.05,low_mag_backdoor,42,arm_rule_trimmed_mean,50,0.8318,159.2011468410492,495.6425936222077
0.05,low_mag_backdoor,42,arm_rule_trimmed_mean,150,0.851,159.2011468410492,495.6425936222077
0.05,low_mag_backdoor,42,arm_rule_fltrust,15,0.7171999999999998,300.4463152885437,495.6425936222077
0.05,low_mag_backdoor,42,arm_rule_fltrust,50,0.8342,300.4463152885437,495.6425936222077
0.05,low_mag_backdoor,42,arm_rule_fltrust,150,0.8727,300.4463152885437,495.6425936222077
0.05,low_mag_backdoor,42,arm_rule_clustering,15,0.8310000000000001,318.0070481300354,495.6425936222077
0.05,low_mag_backdoor,42,arm_rule_clustering,50,0.8733000000000001,318.0070481300354,495.6425936222077
0.05,low_mag_backdoor,42,arm_rule_clustering,150,0.8867,318.0070481300354,495.6425936222077
0.05,low_mag_backdoor,42,arm_rule_krum,15,0.3281,199.6847167015076,495.6425936222077
0.05,low_mag_backdoor,42,arm_rule_krum,50,0.3465,199.6847167015076,495.6425936222077
0.05,low_mag_backdoor,42,arm_rule_krum,150,0.4131,199.6847167015076,495.6425936222077
0.05,low_mag_backdoor,42,arm_gradf_fedavg,15,0.8442999999999999,478.5307290554047,495.6425936222077
0.05,low_mag_backdoor,42,arm_gradf_fedavg,50,0.8821999999999999,478.5307290554047,495.6425936222077
0.05,low_mag_backdoor,42,arm_gradf_fedavg,150,0.8905000000000001,478.5307290554047,495.6425936222077
0.05,low_mag_backdoor,42,arm_gradf_fedprox,15,0.8400000000000001,630.3534207344055,495.6425936222077
0.05,low_mag_backdoor,42,arm_gradf_fedprox,50,0.8813000000000001,630.3534207344055,495.6425936222077
0.05,low_mag_backdoor,42,arm_gradf_fedprox,150,0.8901000000000001,630.3534207344055,495.6425936222077
0.05,low_mag_backdoor,42,arm_gradf_median,15,0.8402999999999998,490.9578812122345,495.6425936222077
0.05,low_mag_backdoor,42,arm_gradf_median,50,0.8811,490.9578812122345,495.6425936222077
0.05,low_mag_backdoor,42,arm_gradf_median,150,0.8882,490.9578812122345,495.6425936222077
0.05,low_mag_backdoor,42,arm_gradf_trimmed_mean,15,0.8519,478.3953971862793,495.6425936222077
0.05,low_mag_backdoor,42,arm_gradf_trimmed_mean,50,0.8836,478.3953971862793,495.6425936222077
0.05,low_mag_backdoor,42,arm_gradf_trimmed_mean,150,0.8913,478.3953971862793,495.6425936222077
0.05,low_mag_backdoor,42,arm_gradf_fltrust,15,0.6405000000000001,375.8578765392304,495.6425936222077
0.05,low_mag_backdoor,42,arm_gradf_fltrust,50,0.7856,375.8578765392304,495.6425936222077
0.05,low_mag_backdoor,42,arm_gradf_fltrust,150,0.8554999999999999,375.8578765392304,495.6425936222077
0.05,low_mag_backdoor,42,arm_gradf_clustering,15,0.8394,305.0469515323639,495.6425936222077
0.05,low_mag_backdoor,42,arm_gradf_clustering,50,0.8663000000000001,305.0469515323639,495.6425936222077
0.05,low_mag_backdoor,42,arm_gradf_clustering,150,0.8763,305.0469515323639,495.6425936222077
0.05,low_mag_backdoor,42,arm_gradf_krum,15,0.3299999999999999,324.3474180698395,495.6425936222077
0.05,low_mag_backdoor,42,arm_gradf_krum,50,0.3423,324.3474180698395,495.6425936222077
0.05,low_mag_backdoor,42,arm_gradf_krum,150,0.3866,324.3474180698395,495.6425936222077
0.05,low_mag_backdoor,43,td3_ref,15,0.6229000000000001,1602.9617388248444,634.5779588222504
0.05,low_mag_backdoor,43,td3_ref,50,0.7892,1602.9617388248444,634.5779588222504
0.05,low_mag_backdoor,43,td3_ref,150,0.8337999999999999,1602.9617388248444,634.5779588222504
0.05,low_mag_backdoor,43,fixed,15,0.7865000000000001,1599.9813222885132,634.5779588222504
0.05,low_mag_backdoor,43,fixed,50,0.8573999999999999,1599.9813222885132,634.5779588222504
0.05,low_mag_backdoor,43,fixed,150,0.7074,1599.9813222885132,634.5779588222504
0.05,low_mag_backdoor,43,linucb,15,0.7217,304.38123202323914,634.5779588222504
0.05,low_mag_backdoor,43,linucb,50,0.8756999999999999,304.38123202323914,634.5779588222504
0.05,low_mag_backdoor,43,linucb,150,0.877,304.38123202323914,634.5779588222504
0.05,low_mag_backdoor,43,dqn,15,0.8488,546.3474094867706,634.5779588222504
0.05,low_mag_backdoor,43,dqn,50,0.8831999999999999,546.3474094867706,634.5779588222504
0.05,low_mag_backdoor,43,dqn,150,0.8896,546.3474094867706,634.5779588222504
0.05,low_mag_backdoor,43,rand_rule,15,0.8063,302.13278675079346,634.5779588222504
0.05,low_mag_backdoor,43,rand_rule,50,0.8775999999999999,302.13278675079346,634.5779588222504
0.05,low_mag_backdoor,43,rand_rule,150,0.8911000000000001,302.13278675079346,634.5779588222504
0.05,low_mag_backdoor,43,rand_gradf,15,0.8503000000000001,426.5112109184265,634.5779588222504
0.05,low_mag_backdoor,43,rand_gradf,50,0.8697000000000001,426.5112109184265,634.5779588222504
0.05,low_mag_backdoor,43,rand_gradf,150,0.8907,426.5112109184265,634.5779588222504
0.05,low_mag_backdoor,43,arm_rule_fedavg,15,0.8537999999999999,348.26533222198486,634.5779588222504
0.05,low_mag_backdoor,43,arm_rule_fedavg,50,0.8857000000000002,348.26533222198486,634.5779588222504
0.05,low_mag_backdoor,43,arm_rule_fedavg,150,0.8948,348.26533222198486,634.5779588222504
0.05,low_mag_backdoor,43,arm_rule_fedprox,15,0.8488,430.73410153388977,634.5779588222504
0.05,low_mag_backdoor,43,arm_rule_fedprox,50,0.8850999999999999,430.73410153388977,634.5779588222504
0.05,low_mag_backdoor,43,arm_rule_fedprox,150,0.8940000000000001,430.73410153388977,634.5779588222504
0.05,low_mag_backdoor,43,arm_rule_median,15,0.615,351.15591406822205,634.5779588222504
0.05,low_mag_backdoor,43,arm_rule_median,50,0.7564,351.15591406822205,634.5779588222504
0.05,low_mag_backdoor,43,arm_rule_median,150,0.7859999999999999,351.15591406822205,634.5779588222504
0.05,low_mag_backdoor,43,arm_rule_trimmed_mean,15,0.7656000000000001,251.4682149887085,634.5779588222504
0.05,low_mag_backdoor,43,arm_rule_trimmed_mean,50,0.8317,251.4682149887085,634.5779588222504
0.05,low_mag_backdoor,43,arm_rule_trimmed_mean,150,0.8511,251.4682149887085,634.5779588222504
0.05,low_mag_backdoor,43,arm_rule_fltrust,15,0.7,336.42721366882324,634.5779588222504
0.05,low_mag_backdoor,43,arm_rule_fltrust,50,0.8244,336.42721366882324,634.5779588222504
0.05,low_mag_backdoor,43,arm_rule_fltrust,150,0.8559000000000001,336.42721366882324,634.5779588222504
0.05,low_mag_backdoor,43,arm_rule_clustering,15,0.8303,272.7313883304596,634.5779588222504
0.05,low_mag_backdoor,43,arm_rule_clustering,50,0.874,272.7313883304596,634.5779588222504
0.05,low_mag_backdoor,43,arm_rule_clustering,150,0.8868,272.7313883304596,634.5779588222504
0.05,low_mag_backdoor,43,arm_rule_krum,15,0.3275,203.12428545951843,634.5779588222504
0.05,low_mag_backdoor,43,arm_rule_krum,50,0.3466,203.12428545951843,634.5779588222504
0.05,low_mag_backdoor,43,arm_rule_krum,150,0.4118,203.12428545951843,634.5779588222504
0.05,low_mag_backdoor,43,arm_gradf_fedavg,15,0.8514999999999999,466.8091802597046,634.5779588222504
0.05,low_mag_backdoor,43,arm_gradf_fedavg,50,0.8790000000000001,466.8091802597046,634.5779588222504
0.05,low_mag_backdoor,43,arm_gradf_fedavg,150,0.892,466.8091802597046,634.5779588222504
0.05,low_mag_backdoor,43,arm_gradf_fedprox,15,0.8483,521.6041762828827,634.5779588222504
0.05,low_mag_backdoor,43,arm_gradf_fedprox,50,0.8788,521.6041762828827,634.5779588222504
0.05,low_mag_backdoor,43,arm_gradf_fedprox,150,0.8920999999999999,521.6041762828827,634.5779588222504
0.05,low_mag_backdoor,43,arm_gradf_median,15,0.8401,305.9519019126892,634.5779588222504
0.05,low_mag_backdoor,43,arm_gradf_median,50,0.8758000000000001,305.9519019126892,634.5779588222504
0.05,low_mag_backdoor,43,arm_gradf_median,150,0.8897,305.9519019126892,634.5779588222504
0.05,low_mag_backdoor,43,arm_gradf_trimmed_mean,15,0.8488,492.3684010505676,634.5779588222504
0.05,low_mag_backdoor,43,arm_gradf_trimmed_mean,50,0.8831999999999999,492.3684010505676,634.5779588222504
0.05,low_mag_backdoor,43,arm_gradf_trimmed_mean,150,0.8931999999999999,492.3684010505676,634.5779588222504
0.05,low_mag_backdoor,43,arm_gradf_fltrust,15,0.6127,223.4556279182434,634.5779588222504
0.05,low_mag_backdoor,43,arm_gradf_fltrust,50,0.7547,223.4556279182434,634.5779588222504
0.05,low_mag_backdoor,43,arm_gradf_fltrust,150,0.8265999999999998,223.4556279182434,634.5779588222504
0.05,low_mag_backdoor,43,arm_gradf_clustering,15,0.8253,362.1727046966553,634.5779588222504
0.05,low_mag_backdoor,43,arm_gradf_clustering,50,0.8694,362.1727046966553,634.5779588222504
0.05,low_mag_backdoor,43,arm_gradf_clustering,150,0.8751000000000001,362.1727046966553,634.5779588222504
0.05,low_mag_backdoor,43,arm_gradf_krum,15,0.3141,365.44822907447815,634.5779588222504
0.05,low_mag_backdoor,43,arm_gradf_krum,50,0.3823,365.44822907447815,634.5779588222504
0.05,low_mag_backdoor,43,arm_gradf_krum,150,0.4079,365.44822907447815,634.5779588222504
0.05,low_mag_backdoor,44,td3_ref,15,0.8562,1585.547917842865,529.9890968799591
0.05,low_mag_backdoor,44,td3_ref,50,0.7988000000000001,1585.547917842865,529.9890968799591
0.05,low_mag_backdoor,44,td3_ref,150,0.8630000000000001,1585.547917842865,529.9890968799591
0.05,low_mag_backdoor,44,fixed,15,0.8591,1636.5688931941986,529.9890968799591
0.05,low_mag_backdoor,44,fixed,50,0.7914000000000001,1636.5688931941986,529.9890968799591
0.05,low_mag_backdoor,44,fixed,150,0.7843000000000001,1636.5688931941986,529.9890968799591
0.05,low_mag_backdoor,44,linucb,15,0.7166999999999999,456.7524936199188,529.9890968799591
0.05,low_mag_backdoor,44,linucb,50,0.875,456.7524936199188,529.9890968799591
0.05,low_mag_backdoor,44,linucb,150,0.8901,456.7524936199188,529.9890968799591
0.05,low_mag_backdoor,44,dqn,15,0.7205,804.6055989265442,529.9890968799591
0.05,low_mag_backdoor,44,dqn,50,0.794,804.6055989265442,529.9890968799591
0.05,low_mag_backdoor,44,dqn,150,0.868,804.6055989265442,529.9890968799591
0.05,low_mag_backdoor,44,rand_rule,15,0.8099000000000001,490.16501688957214,529.9890968799591
0.05,low_mag_backdoor,44,rand_rule,50,0.8804000000000001,490.16501688957214,529.9890968799591
0.05,low_mag_backdoor,44,rand_rule,150,0.8895,490.16501688957214,529.9890968799591
0.05,low_mag_backdoor,44,rand_gradf,15,0.8349,380.79834508895874,529.9890968799591
0.05,low_mag_backdoor,44,rand_gradf,50,0.883,380.79834508895874,529.9890968799591
0.05,low_mag_backdoor,44,rand_gradf,150,0.8863999999999999,380.79834508895874,529.9890968799591
0.05,low_mag_backdoor,44,arm_rule_fedavg,15,0.8536999999999999,263.1266191005707,529.9890968799591
0.05,low_mag_backdoor,44,arm_rule_fedavg,50,0.8854000000000001,263.1266191005707,529.9890968799591
0.05,low_mag_backdoor,44,arm_rule_fedavg,150,0.8947999999999998,263.1266191005707,529.9890968799591
0.05,low_mag_backdoor,44,arm_rule_fedprox,15,0.8493,394.1475627422333,529.9890968799591
0.05,low_mag_backdoor,44,arm_rule_fedprox,50,0.8850999999999999,394.1475627422333,529.9890968799591
0.05,low_mag_backdoor,44,arm_rule_fedprox,150,0.8942,394.1475627422333,529.9890968799591
0.05,low_mag_backdoor,44,arm_rule_median,15,0.615,235.2936909198761,529.9890968799591
0.05,low_mag_backdoor,44,arm_rule_median,50,0.7583000000000001,235.2936909198761,529.9890968799591
0.05,low_mag_backdoor,44,arm_rule_median,150,0.7857000000000001,235.2936909198761,529.9890968799591
0.05,low_mag_backdoor,44,arm_rule_trimmed_mean,15,0.7645,345.15854239463806,529.9890968799591
0.05,low_mag_backdoor,44,arm_rule_trimmed_mean,50,0.8319999999999999,345.15854239463806,529.9890968799591
0.05,low_mag_backdoor,44,arm_rule_trimmed_mean,150,0.8513999999999999,345.15854239463806,529.9890968799591
0.05,low_mag_backdoor,44,arm_rule_fltrust,15,0.7631,243.1724526882172,529.9890968799591
0.05,low_mag_backdoor,44,arm_rule_fltrust,50,0.8483,243.1724526882172,529.9890968799591
0.05,low_mag_backdoor,44,arm_rule_fltrust,150,0.8690999999999999,243.1724526882172,529.9890968799591
0.05,low_mag_backdoor,44,arm_rule_clustering,15,0.8315999999999999,393.4627451896668,529.9890968799591
0.05,low_mag_backdoor,44,arm_rule_clustering,50,0.8734,393.4627451896668,529.9890968799591
0.05,low_mag_backdoor,44,arm_rule_clustering,150,0.8868,393.4627451896668,529.9890968799591
0.05,low_mag_backdoor,44,arm_rule_krum,15,0.3278,383.5464913845062,529.9890968799591
0.05,low_mag_backdoor,44,arm_rule_krum,50,0.3469,383.5464913845062,529.9890968799591
0.05,low_mag_backdoor,44,arm_rule_krum,150,0.4161,383.5464913845062,529.9890968799591
0.05,low_mag_backdoor,44,arm_gradf_fedavg,15,0.8474,438.2709617614746,529.9890968799591
0.05,low_mag_backdoor,44,arm_gradf_fedavg,50,0.8867,438.2709617614746,529.9890968799591
0.05,low_mag_backdoor,44,arm_gradf_fedavg,150,0.8884000000000001,438.2709617614746,529.9890968799591
0.05,low_mag_backdoor,44,arm_gradf_fedprox,15,0.8426,534.0486311912537,529.9890968799591
0.05,low_mag_backdoor,44,arm_gradf_fedprox,50,0.8854,534.0486311912537,529.9890968799591
0.05,low_mag_backdoor,44,arm_gradf_fedprox,150,0.8897,534.0486311912537,529.9890968799591
0.05,low_mag_backdoor,44,arm_gradf_median,15,0.8387,441.009327173233,529.9890968799591
0.05,low_mag_backdoor,44,arm_gradf_median,50,0.8821,441.009327173233,529.9890968799591
0.05,low_mag_backdoor,44,arm_gradf_median,150,0.8864000000000001,441.009327173233,529.9890968799591
0.05,low_mag_backdoor,44,arm_gradf_trimmed_mean,15,0.8531000000000001,343.4072759151459,529.9890968799591
0.05,low_mag_backdoor,44,arm_gradf_trimmed_mean,50,0.8893000000000001,343.4072759151459,529.9890968799591
0.05,low_mag_backdoor,44,arm_gradf_trimmed_mean,150,0.8928,343.4072759151459,529.9890968799591
0.05,low_mag_backdoor,44,arm_gradf_fltrust,15,0.7205,380.6581966876984,529.9890968799591
0.05,low_mag_backdoor,44,arm_gradf_fltrust,50,0.794,380.6581966876984,529.9890968799591
0.05,low_mag_backdoor,44,arm_gradf_fltrust,150,0.8513,380.6581966876984,529.9890968799591
0.05,low_mag_backdoor,44,arm_gradf_clustering,15,0.8285,585.3725025653839,529.9890968799591
0.05,low_mag_backdoor,44,arm_gradf_clustering,50,0.8692,585.3725025653839,529.9890968799591
0.05,low_mag_backdoor,44,arm_gradf_clustering,150,0.8833,585.3725025653839,529.9890968799591
0.05,low_mag_backdoor,44,arm_gradf_krum,15,0.3336,231.18339705467224,529.9890968799591
0.05,low_mag_backdoor,44,arm_gradf_krum,50,0.4004,231.18339705467224,529.9890968799591
0.05,low_mag_backdoor,44,arm_gradf_krum,150,0.4232,231.18339705467224,529.9890968799591
0.05,low_mag_backdoor,45,td3_ref,15,0.7404999999999999,1577.4922094345093,487.0020976066589
0.05,low_mag_backdoor,45,td3_ref,50,0.8221,1577.4922094345093,487.0020976066589
0.05,low_mag_backdoor,45,td3_ref,150,0.8615999999999999,1577.4922094345093,487.0020976066589
0.05,low_mag_backdoor,45,fixed,15,0.7754000000000001,1604.001519203186,487.0020976066589
0.05,low_mag_backdoor,45,fixed,50,0.7608,1604.001519203186,487.0020976066589
0.05,low_mag_backdoor,45,fixed,150,0.8028000000000001,1604.001519203186,487.0020976066589
0.05,low_mag_backdoor,45,linucb,15,0.7191,653.1457018852234,487.0020976066589
0.05,low_mag_backdoor,45,linucb,50,0.8842000000000001,653.1457018852234,487.0020976066589
0.05,low_mag_backdoor,45,linucb,150,0.8957,653.1457018852234,487.0020976066589
0.05,low_mag_backdoor,45,dqn,15,0.7341000000000001,589.3567662239075,487.0020976066589
0.05,low_mag_backdoor,45,dqn,50,0.8097,589.3567662239075,487.0020976066589
0.05,low_mag_backdoor,45,dqn,150,0.8528,589.3567662239075,487.0020976066589
0.05,low_mag_backdoor,45,rand_rule,15,0.8513999999999999,325.8590557575226,487.0020976066589
0.05,low_mag_backdoor,45,rand_rule,50,0.8661,325.8590557575226,487.0020976066589
0.05,low_mag_backdoor,45,rand_rule,150,0.8943999999999999,325.8590557575226,487.0020976066589
0.05,low_mag_backdoor,45,rand_gradf,15,0.829,472.9307222366333,487.0020976066589
0.05,low_mag_backdoor,45,rand_gradf,50,0.8295,472.9307222366333,487.0020976066589
0.05,low_mag_backdoor,45,rand_gradf,150,0.8905,472.9307222366333,487.0020976066589
0.05,low_mag_backdoor,45,arm_rule_fedavg,15,0.8531000000000001,342.87267875671387,487.0020976066589
0.05,low_mag_backdoor,45,arm_rule_fedavg,50,0.8854999999999998,342.87267875671387,487.0020976066589
0.05,low_mag_backdoor,45,arm_rule_fedavg,150,0.8940999999999999,342.87267875671387,487.0020976066589
0.05,low_mag_backdoor,45,arm_rule_fedprox,15,0.8491000000000002,455.1011781692505,487.0020976066589
0.05,low_mag_backdoor,45,arm_rule_fedprox,50,0.8847999999999999,455.1011781692505,487.0020976066589
0.05,low_mag_backdoor,45,arm_rule_fedprox,150,0.8934999999999998,455.1011781692505,487.0020976066589
0.05,low_mag_backdoor,45,arm_rule_median,15,0.6157999999999999,472.7675406932831,487.0020976066589
0.05,low_mag_backdoor,45,arm_rule_median,50,0.7579,472.7675406932831,487.0020976066589
0.05,low_mag_backdoor,45,arm_rule_median,150,0.7854,472.7675406932831,487.0020976066589
0.05,low_mag_backdoor,45,arm_rule_trimmed_mean,15,0.7641,509.3121314048767,487.0020976066589
0.05,low_mag_backdoor,45,arm_rule_trimmed_mean,50,0.8318999999999999,509.3121314048767,487.0020976066589
0.05,low_mag_backdoor,45,arm_rule_trimmed_mean,150,0.851,509.3121314048767,487.0020976066589
0.05,low_mag_backdoor,45,arm_rule_fltrust,15,0.7974,380.9306299686432,487.0020976066589
0.05,low_mag_backdoor,45,arm_rule_fltrust,50,0.8552,380.9306299686432,487.0020976066589
0.05,low_mag_backdoor,45,arm_rule_fltrust,150,0.8657999999999999,380.9306299686432,487.0020976066589
0.05,low_mag_backdoor,45,arm_rule_clustering,15,0.8328,499.1152658462525,487.0020976066589
0.05,low_mag_backdoor,45,arm_rule_clustering,50,0.8735999999999999,499.1152658462525,487.0020976066589
0.05,low_mag_backdoor,45,arm_rule_clustering,150,0.8871,499.1152658462525,487.0020976066589
0.05,low_mag_backdoor,45,arm_rule_krum,15,0.3278,370.6398317813873,487.0020976066589
0.05,low_mag_backdoor,45,arm_rule_krum,50,0.3465,370.6398317813873,487.0020976066589
0.05,low_mag_backdoor,45,arm_rule_krum,150,0.4175,370.6398317813873,487.0020976066589
0.05,low_mag_backdoor,45,arm_gradf_fedavg,15,0.8464,225.5613005161285,487.0020976066589
0.05,low_mag_backdoor,45,arm_gradf_fedavg,50,0.8833,225.5613005161285,487.0020976066589
0.05,low_mag_backdoor,45,arm_gradf_fedavg,150,0.89,225.5613005161285,487.0020976066589
0.05,low_mag_backdoor,45,arm_gradf_fedprox,15,0.8416,487.45354413986206,487.0020976066589
0.05,low_mag_backdoor,45,arm_gradf_fedprox,50,0.8827,487.45354413986206,487.0020976066589
0.05,low_mag_backdoor,45,arm_gradf_fedprox,150,0.8899999999999999,487.45354413986206,487.0020976066589
0.05,low_mag_backdoor,45,arm_gradf_median,15,0.8351999999999998,731.770101070404,487.0020976066589
0.05,low_mag_backdoor,45,arm_gradf_median,50,0.8844,731.770101070404,487.0020976066589
0.05,low_mag_backdoor,45,arm_gradf_median,150,0.8844,731.770101070404,487.0020976066589
0.05,low_mag_backdoor,45,arm_gradf_trimmed_mean,15,0.8480999999999999,394.2857239246368,487.0020976066589
0.05,low_mag_backdoor,45,arm_gradf_trimmed_mean,50,0.8869,394.2857239246368,487.0020976066589
0.05,low_mag_backdoor,45,arm_gradf_trimmed_mean,150,0.8906000000000001,394.2857239246368,487.0020976066589
0.05,low_mag_backdoor,45,arm_gradf_fltrust,15,0.7341000000000001,295.5422990322113,487.0020976066589
0.05,low_mag_backdoor,45,arm_gradf_fltrust,50,0.8097,295.5422990322113,487.0020976066589
0.05,low_mag_backdoor,45,arm_gradf_fltrust,150,0.8528,295.5422990322113,487.0020976066589
0.05,low_mag_backdoor,45,arm_gradf_clustering,15,0.8356,291.35576033592224,487.0020976066589
0.05,low_mag_backdoor,45,arm_gradf_clustering,50,0.8640999999999999,291.35576033592224,487.0020976066589
0.05,low_mag_backdoor,45,arm_gradf_clustering,150,0.8824,291.35576033592224,487.0020976066589
0.05,low_mag_backdoor,45,arm_gradf_krum,15,0.3182,256.5093948841095,487.0020976066589
0.05,low_mag_backdoor,45,arm_gradf_krum,50,0.3104,256.5093948841095,487.0020976066589
0.05,low_mag_backdoor,45,arm_gradf_krum,150,0.3149,256.5093948841095,487.0020976066589
0.05,low_mag_backdoor,46,td3_ref,15,0.7485,1678.3883543014526,784.3326849937439
0.05,low_mag_backdoor,46,td3_ref,50,0.8149000000000001,1678.3883543014526,784.3326849937439
0.05,low_mag_backdoor,46,td3_ref,150,0.8041,1678.3883543014526,784.3326849937439
0.05,low_mag_backdoor,46,fixed,15,0.7292,1563.0134336948397,784.3326849937439
0.05,low_mag_backdoor,46,fixed,50,0.8006,1563.0134336948397,784.3326849937439
0.05,low_mag_backdoor,46,fixed,150,0.771,1563.0134336948397,784.3326849937439
0.05,low_mag_backdoor,46,linucb,15,0.8591,378.9155135154724,784.3326849937439
0.05,low_mag_backdoor,46,linucb,50,0.883,378.9155135154724,784.3326849937439
0.05,low_mag_backdoor,46,linucb,150,0.8942,378.9155135154724,784.3326849937439
0.05,low_mag_backdoor,46,dqn,15,0.3215,391.4859404563904,784.3326849937439
0.05,low_mag_backdoor,46,dqn,50,0.3312,391.4859404563904,784.3326849937439
0.05,low_mag_backdoor,46,dqn,150,0.3586,391.4859404563904,784.3326849937439
0.05,low_mag_backdoor,46,rand_rule,15,0.8240000000000001,211.27217864990237,784.3326849937439
0.05,low_mag_backdoor,46,rand_rule,50,0.8782,211.27217864990237,784.3326849937439
0.05,low_mag_backdoor,46,rand_rule,150,0.8723000000000001,211.27217864990237,784.3326849937439
0.05,low_mag_backdoor,46,rand_gradf,15,0.834,272.576539516449,784.3326849937439
0.05,low_mag_backdoor,46,rand_gradf,50,0.8117000000000001,272.576539516449,784.3326849937439
0.05,low_mag_backdoor,46,rand_gradf,150,0.8657999999999999,272.576539516449,784.3326849937439
0.05,low_mag_backdoor,46,arm_rule_fedavg,15,0.8534999999999998,292.228777885437,784.3326849937439
0.05,low_mag_backdoor,46,arm_rule_fedavg,50,0.8855000000000001,292.228777885437,784.3326849937439
0.05,low_mag_backdoor,46,arm_rule_fedavg,150,0.8947999999999998,292.228777885437,784.3326849937439
0.05,low_mag_backdoor,46,arm_rule_fedprox,15,0.8494999999999999,374.8352801799774,784.3326849937439
0.05,low_mag_backdoor,46,arm_rule_fedprox,50,0.8847999999999999,374.8352801799774,784.3326849937439
0.05,low_mag_backdoor,46,arm_rule_fedprox,150,0.8939,374.8352801799774,784.3326849937439
0.05,low_mag_backdoor,46,arm_rule_median,15,0.6168,377.2812476158142,784.3326849937439
0.05,low_mag_backdoor,46,arm_rule_median,50,0.7573000000000001,377.2812476158142,784.3326849937439
0.05,low_mag_backdoor,46,arm_rule_median,150,0.7855000000000001,377.2812476158142,784.3326849937439
0.05,low_mag_backdoor,46,arm_rule_trimmed_mean,15,0.7654000000000001,310.02465987205505,784.3326849937439
0.05,low_mag_backdoor,46,arm_rule_trimmed_mean,50,0.8314,310.02465987205505,784.3326849937439
0.05,low_mag_backdoor,46,arm_rule_trimmed_mean,150,0.8506,310.02465987205505,784.3326849937439
0.05,low_mag_backdoor,46,arm_rule_fltrust,15,0.7557,509.0491576194763,784.3326849937439
0.05,low_mag_backdoor,46,arm_rule_fltrust,50,0.8508000000000001,509.0491576194763,784.3326849937439
0.05,low_mag_backdoor,46,arm_rule_fltrust,150,0.8736,509.0491576194763,784.3326849937439
0.05,low_mag_backdoor,46,arm_rule_clustering,15,0.8302999999999999,328.57159066200256,784.3326849937439
0.05,low_mag_backdoor,46,arm_rule_clustering,50,0.8739000000000001,328.57159066200256,784.3326849937439
0.05,low_mag_backdoor,46,arm_rule_clustering,150,0.8868,328.57159066200256,784.3326849937439
0.05,low_mag_backdoor,46,arm_rule_krum,15,0.3271,270.48879766464233,784.3326849937439
0.05,low_mag_backdoor,46,arm_rule_krum,50,0.3465,270.48879766464233,784.3326849937439
0.05,low_mag_backdoor,46,arm_rule_krum,150,0.4303,270.48879766464233,784.3326849937439
0.05,low_mag_backdoor,46,arm_gradf_fedavg,15,0.8513999999999999,577.3440964221954,784.3326849937439
0.05,low_mag_backdoor,46,arm_gradf_fedavg,50,0.8795000000000002,577.3440964221954,784.3326849937439
0.05,low_mag_backdoor,46,arm_gradf_fedavg,150,0.8904,577.3440964221954,784.3326849937439
0.05,low_mag_backdoor,46,arm_gradf_fedprox,15,0.8475999999999999,503.830340385437,784.3326849937439
0.05,low_mag_backdoor,46,arm_gradf_fedprox,50,0.8788,503.830340385437,784.3326849937439
0.05,low_mag_backdoor,46,arm_gradf_fedprox,150,0.8896000000000001,503.830340385437,784.3326849937439
0.05,low_mag_backdoor,46,arm_gradf_median,15,0.8369,662.0663149356842,784.3326849937439
0.05,low_mag_backdoor,46,arm_gradf_median,50,0.8806,662.0663149356842,784.3326849937439
0.05,low_mag_backdoor,46,arm_gradf_median,150,0.8869,662.0663149356842,784.3326849937439
0.05,low_mag_backdoor,46,arm_gradf_trimmed_mean,15,0.8477,635.6632091999054,784.3326849937439
0.05,low_mag_backdoor,46,arm_gradf_trimmed_mean,50,0.8836,635.6632091999054,784.3326849937439
0.05,low_mag_backdoor,46,arm_gradf_trimmed_mean,150,0.8929,635.6632091999054,784.3326849937439
0.05,low_mag_backdoor,46,arm_gradf_fltrust,15,0.7525000000000001,590.3094208240509,784.3326849937439
0.05,low_mag_backdoor,46,arm_gradf_fltrust,50,0.8156000000000001,590.3094208240509,784.3326849937439
0.05,low_mag_backdoor,46,arm_gradf_fltrust,150,0.8513999999999999,590.3094208240509,784.3326849937439
0.05,low_mag_backdoor,46,arm_gradf_clustering,15,0.8196999999999999,417.7765371799469,784.3326849937439
0.05,low_mag_backdoor,46,arm_gradf_clustering,50,0.8607000000000001,417.7765371799469,784.3326849937439
0.05,low_mag_backdoor,46,arm_gradf_clustering,150,0.8818000000000001,417.7765371799469,784.3326849937439
0.05,low_mag_backdoor,46,arm_gradf_krum,15,0.3215,443.77033400535583,784.3326849937439
0.05,low_mag_backdoor,46,arm_gradf_krum,50,0.3312,443.77033400535583,784.3326849937439
0.05,low_mag_backdoor,46,arm_gradf_krum,150,0.3586,443.77033400535583,784.3326849937439
0.05,low_mag_backdoor,47,td3_ref,15,0.7325999999999999,1546.4656510353088,404.446613073349
0.05,low_mag_backdoor,47,td3_ref,50,0.8282999999999999,1546.4656510353088,404.446613073349
0.05,low_mag_backdoor,47,td3_ref,150,0.8768,1546.4656510353088,404.446613073349
0.05,low_mag_backdoor,47,fixed,15,0.8075999999999999,1566.532010793686,404.446613073349
0.05,low_mag_backdoor,47,fixed,50,0.7577,1566.532010793686,404.446613073349
0.05,low_mag_backdoor,47,fixed,150,0.8375999999999999,1566.532010793686,404.446613073349
0.05,low_mag_backdoor,47,linucb,15,0.7209999999999999,314.8206503391266,404.446613073349
0.05,low_mag_backdoor,47,linucb,50,0.8767999999999999,314.8206503391266,404.446613073349
0.05,low_mag_backdoor,47,linucb,150,0.8916999999999999,314.8206503391266,404.446613073349
0.05,low_mag_backdoor,47,dqn,15,0.3134,467.5431070327759,404.446613073349
0.05,low_mag_backdoor,47,dqn,50,0.3909,467.5431070327759,404.446613073349
0.05,low_mag_backdoor,47,dqn,150,0.6555000000000001,467.5431070327759,404.446613073349
0.05,low_mag_backdoor,47,rand_rule,15,0.8256,369.68634581565857,404.446613073349
0.05,low_mag_backdoor,47,rand_rule,50,0.8771000000000001,369.68634581565857,404.446613073349
0.05,low_mag_backdoor,47,rand_rule,150,0.8907999999999999,369.68634581565857,404.446613073349
0.05,low_mag_backdoor,47,rand_gradf,15,0.8403,604.6327819824219,404.446613073349
0.05,low_mag_backdoor,47,rand_gradf,50,0.8767000000000001,604.6327819824219,404.446613073349
0.05,low_mag_backdoor,47,rand_gradf,150,0.891,604.6327819824219,404.446613073349
0.05,low_mag_backdoor,47,arm_rule_fedavg,15,0.8535999999999999,655.665655374527,404.446613073349
0.05,low_mag_backdoor,47,arm_rule_fedavg,50,0.8854,655.665655374527,404.446613073349
0.05,low_mag_backdoor,47,arm_rule_fedavg,150,0.8946,655.665655374527,404.446613073349
0.05,low_mag_backdoor,47,arm_rule_fedprox,15,0.8493999999999999,242.7099187374115,404.446613073349
0.05,low_mag_backdoor,47,arm_rule_fedprox,50,0.8850999999999999,242.7099187374115,404.446613073349
0.05,low_mag_backdoor,47,arm_rule_fedprox,150,0.8940999999999999,242.7099187374115,404.446613073349
0.05,low_mag_backdoor,47,arm_rule_median,15,0.6140999999999999,383.9492676258087,404.446613073349
0.05,low_mag_backdoor,47,arm_rule_median,50,0.7578,383.9492676258087,404.446613073349
0.05,low_mag_backdoor,47,arm_rule_median,150,0.7842,383.9492676258087,404.446613073349
0.05,low_mag_backdoor,47,arm_rule_trimmed_mean,15,0.7646,347.42974281311035,404.446613073349
0.05,low_mag_backdoor,47,arm_rule_trimmed_mean,50,0.8316000000000001,347.42974281311035,404.446613073349
0.05,low_mag_backdoor,47,arm_rule_trimmed_mean,150,0.8506,347.42974281311035,404.446613073349
0.05,low_mag_backdoor,47,arm_rule_fltrust,15,0.6725,830.8919916152954,404.446613073349
0.05,low_mag_backdoor,47,arm_rule_fltrust,50,0.8141,830.8919916152954,404.446613073349
0.05,low_mag_backdoor,47,arm_rule_fltrust,150,0.8746,830.8919916152954,404.446613073349
0.05,low_mag_backdoor,47,arm_rule_clustering,15,0.8321999999999999,417.59625148773193,404.446613073349
0.05,low_mag_backdoor,47,arm_rule_clustering,50,0.8734,417.59625148773193,404.446613073349
0.05,low_mag_backdoor,47,arm_rule_clustering,150,0.8865999999999999,417.59625148773193,404.446613073349
0.05,low_mag_backdoor,47,arm_rule_krum,15,0.3276,505.68384528160095,404.446613073349
0.05,low_mag_backdoor,47,arm_rule_krum,50,0.3465,505.68384528160095,404.446613073349
0.05,low_mag_backdoor,47,arm_rule_krum,150,0.4086,505.68384528160095,404.446613073349
0.05,low_mag_backdoor,47,arm_gradf_fedavg,15,0.8541000000000001,703.0482337474823,404.446613073349
0.05,low_mag_backdoor,47,arm_gradf_fedavg,50,0.8812,703.0482337474823,404.446613073349
0.05,low_mag_backdoor,47,arm_gradf_fedavg,150,0.8901999999999999,703.0482337474823,404.446613073349
0.05,low_mag_backdoor,47,arm_gradf_fedprox,15,0.85,429.24162459373474,404.446613073349
0.05,low_mag_backdoor,47,arm_gradf_fedprox,50,0.8803000000000001,429.24162459373474,404.446613073349
0.05,low_mag_backdoor,47,arm_gradf_fedprox,150,0.8904,429.24162459373474,404.446613073349
0.05,low_mag_backdoor,47,arm_gradf_median,15,0.8434999999999999,433.9236650466919,404.446613073349
0.05,low_mag_backdoor,47,arm_gradf_median,50,0.8803000000000001,433.9236650466919,404.446613073349
0.05,low_mag_backdoor,47,arm_gradf_median,150,0.8888,433.9236650466919,404.446613073349
0.05,low_mag_backdoor,47,arm_gradf_trimmed_mean,15,0.8535999999999999,566.8052167892456,404.446613073349
0.05,low_mag_backdoor,47,arm_gradf_trimmed_mean,50,0.8854,566.8052167892456,404.446613073349
0.05,low_mag_backdoor,47,arm_gradf_trimmed_mean,150,0.8928999999999998,566.8052167892456,404.446613073349
0.05,low_mag_backdoor,47,arm_gradf_fltrust,15,0.6677000000000001,533.1168236732483,404.446613073349
0.05,low_mag_backdoor,47,arm_gradf_fltrust,50,0.7506,533.1168236732483,404.446613073349
0.05,low_mag_backdoor,47,arm_gradf_fltrust,150,0.828,533.1168236732483,404.446613073349
0.05,low_mag_backdoor,47,arm_gradf_clustering,15,0.8253999999999999,479.73644495010376,404.446613073349
0.05,low_mag_backdoor,47,arm_gradf_clustering,50,0.8712,479.73644495010376,404.446613073349
0.05,low_mag_backdoor,47,arm_gradf_clustering,150,0.8844000000000001,479.73644495010376,404.446613073349
0.05,low_mag_backdoor,47,arm_gradf_krum,15,0.3134,500.9747722148895,404.446613073349
0.05,low_mag_backdoor,47,arm_gradf_krum,50,0.3909,500.9747722148895,404.446613073349
0.05,low_mag_backdoor,47,arm_gradf_krum,150,0.4431,500.9747722148895,404.446613073349
0.05,low_mag_backdoor,48,td3_ref,15,0.6891,1550.3106317520142,707.6305155754089
0.05,low_mag_backdoor,48,td3_ref,50,0.7471,1550.3106317520142,707.6305155754089
0.05,low_mag_backdoor,48,td3_ref,150,0.7705,1550.3106317520142,707.6305155754089
0.05,low_mag_backdoor,48,fixed,15,0.8333999999999999,1563.6037683486938,707.6305155754089
0.05,low_mag_backdoor,48,fixed,50,0.78,1563.6037683486938,707.6305155754089
0.05,low_mag_backdoor,48,fixed,150,0.8556999999999999,1563.6037683486938,707.6305155754089
0.05,low_mag_backdoor,48,linucb,15,0.8599,469.06036734580994,707.6305155754089
0.05,low_mag_backdoor,48,linucb,50,0.8754,469.06036734580994,707.6305155754089
0.05,low_mag_backdoor,48,linucb,150,0.8753,469.06036734580994,707.6305155754089
0.05,low_mag_backdoor,48,dqn,15,0.8496,387.85512804985046,707.6305155754089
0.05,low_mag_backdoor,48,dqn,50,0.8795999999999999,387.85512804985046,707.6305155754089
0.05,low_mag_backdoor,48,dqn,150,0.8937000000000002,387.85512804985046,707.6305155754089
0.05,low_mag_backdoor,48,rand_rule,15,0.7485999999999999,769.8327875137329,707.6305155754089
0.05,low_mag_backdoor,48,rand_rule,50,0.8343,769.8327875137329,707.6305155754089
0.05,low_mag_backdoor,48,rand_rule,150,0.8958999999999999,769.8327875137329,707.6305155754089
0.05,low_mag_backdoor,48,rand_gradf,15,0.8532,561.4373524188995,707.6305155754089
0.05,low_mag_backdoor,48,rand_gradf,50,0.8817,561.4373524188995,707.6305155754089
0.05,low_mag_backdoor,48,rand_gradf,150,0.8938,561.4373524188995,707.6305155754089
0.05,low_mag_backdoor,48,arm_rule_fedavg,15,0.8535999999999999,271.6074140071869,707.6305155754089
0.05,low_mag_backdoor,48,arm_rule_fedavg,50,0.8856999999999999,271.6074140071869,707.6305155754089
0.05,low_mag_backdoor,48,arm_rule_fedavg,150,0.8942,271.6074140071869,707.6305155754089
0.05,low_mag_backdoor,48,arm_rule_fedprox,15,0.8488999999999999,316.34327268600464,707.6305155754089
0.05,low_mag_backdoor,48,arm_rule_fedprox,50,0.8850999999999999,316.34327268600464,707.6305155754089
0.05,low_mag_backdoor,48,arm_rule_fedprox,150,0.8940999999999999,316.34327268600464,707.6305155754089
0.05,low_mag_backdoor,48,arm_rule_median,15,0.6161,450.19577503204346,707.6305155754089
0.05,low_mag_backdoor,48,arm_rule_median,50,0.7588999999999999,450.19577503204346,707.6305155754089
0.05,low_mag_backdoor,48,arm_rule_median,150,0.7844,450.19577503204346,707.6305155754089
0.05,low_mag_backdoor,48,arm_rule_trimmed_mean,15,0.7647,374.88378620147705,707.6305155754089
0.05,low_mag_backdoor,48,arm_rule_trimmed_mean,50,0.8335000000000001,374.88378620147705,707.6305155754089
0.05,low_mag_backdoor,48,arm_rule_trimmed_mean,150,0.8511,374.88378620147705,707.6305155754089
0.05,low_mag_backdoor,48,arm_rule_fltrust,15,0.7384999999999999,440.3782138824463,707.6305155754089
0.05,low_mag_backdoor,48,arm_rule_fltrust,50,0.8562,440.3782138824463,707.6305155754089
0.05,low_mag_backdoor,48,arm_rule_fltrust,150,0.8775999999999999,440.3782138824463,707.6305155754089
0.05,low_mag_backdoor,48,arm_rule_clustering,15,0.8303999999999998,351.8162364959717,707.6305155754089
0.05,low_mag_backdoor,48,arm_rule_clustering,50,0.8736,351.8162364959717,707.6305155754089
0.05,low_mag_backdoor,48,arm_rule_clustering,150,0.8871,351.8162364959717,707.6305155754089
0.05,low_mag_backdoor,48,arm_rule_krum,15,0.3278,359.9272792339325,707.6305155754089
0.05,low_mag_backdoor,48,arm_rule_krum,50,0.3464,359.9272792339325,707.6305155754089
0.05,low_mag_backdoor,48,arm_rule_krum,150,0.4147,359.9272792339325,707.6305155754089
0.05,low_mag_backdoor,48,arm_gradf_fedavg,15,0.8531000000000001,486.1569273471832,707.6305155754089
0.05,low_mag_backdoor,48,arm_gradf_fedavg,50,0.8799999999999999,486.1569273471832,707.6305155754089
0.05,low_mag_backdoor,48,arm_gradf_fedavg,150,0.8934000000000001,486.1569273471832,707.6305155754089
0.05,low_mag_backdoor,48,arm_gradf_fedprox,15,0.8496,339.9540860652924,707.6305155754089
0.05,low_mag_backdoor,48,arm_gradf_fedprox,50,0.8795999999999999,339.9540860652924,707.6305155754089
0.05,low_mag_backdoor,48,arm_gradf_fedprox,150,0.8937000000000002,339.9540860652924,707.6305155754089
0.05,low_mag_backdoor,48,arm_gradf_median,15,0.8497,341.750061750412,707.6305155754089
0.05,low_mag_backdoor,48,arm_gradf_median,50,0.8802,341.750061750412,707.6305155754089
0.05,low_mag_backdoor,48,arm_gradf_median,150,0.8899000000000001,341.750061750412,707.6305155754089
0.05,low_mag_backdoor,48,arm_gradf_trimmed_mean,15,0.8585999999999998,376.9399583339691,707.6305155754089
0.05,low_mag_backdoor,48,arm_gradf_trimmed_mean,50,0.8862,376.9399583339691,707.6305155754089
0.05,low_mag_backdoor,48,arm_gradf_trimmed_mean,150,0.8949,376.9399583339691,707.6305155754089
0.05,low_mag_backdoor,48,arm_gradf_fltrust,15,0.7007999999999999,475.263108253479,707.6305155754089
0.05,low_mag_backdoor,48,arm_gradf_fltrust,50,0.8254999999999999,475.263108253479,707.6305155754089
0.05,low_mag_backdoor,48,arm_gradf_fltrust,150,0.8628,475.263108253479,707.6305155754089
0.05,low_mag_backdoor,48,arm_gradf_clustering,15,0.8253,491.1065537929535,707.6305155754089
0.05,low_mag_backdoor,48,arm_gradf_clustering,50,0.8701000000000001,491.1065537929535,707.6305155754089
0.05,low_mag_backdoor,48,arm_gradf_clustering,150,0.8826,491.1065537929535,707.6305155754089
0.05,low_mag_backdoor,48,arm_gradf_krum,15,0.2914,505.8605692386627,707.6305155754089
0.05,low_mag_backdoor,48,arm_gradf_krum,50,0.3365999999999999,505.8605692386627,707.6305155754089
0.05,low_mag_backdoor,48,arm_gradf_krum,150,0.3732999999999999,505.8605692386627,707.6305155754089
0.05,low_mag_backdoor,49,td3_ref,15,0.7868,1608.0135033130646,515.4355220794678
0.05,low_mag_backdoor,49,td3_ref,50,0.7115,1608.0135033130646,515.4355220794678
0.05,low_mag_backdoor,49,td3_ref,150,0.8148,1608.0135033130646,515.4355220794678
0.05,low_mag_backdoor,49,fixed,15,0.7123999999999999,1567.1530961990356,515.4355220794678
0.05,low_mag_backdoor,49,fixed,50,0.7645,1567.1530961990356,515.4355220794678
0.05,low_mag_backdoor,49,fixed,150,0.8318,1567.1530961990356,515.4355220794678
0.05,low_mag_backdoor,49,linucb,15,0.7175,645.9411101341248,515.4355220794678
0.05,low_mag_backdoor,49,linucb,50,0.8771000000000001,645.9411101341248,515.4355220794678
0.05,low_mag_backdoor,49,linucb,150,0.8976,645.9411101341248,515.4355220794678
0.05,low_mag_backdoor,49,dqn,15,0.8484,516.6002812385559,515.4355220794678
0.05,low_mag_backdoor,49,dqn,50,0.8825,516.6002812385559,515.4355220794678
0.05,low_mag_backdoor,49,dqn,150,0.8897,516.6002812385559,515.4355220794678
0.05,low_mag_backdoor,49,rand_rule,15,0.8508000000000001,322.99469661712646,515.4355220794678
0.05,low_mag_backdoor,49,rand_rule,50,0.8449,322.99469661712646,515.4355220794678
0.05,low_mag_backdoor,49,rand_rule,150,0.8863,322.99469661712646,515.4355220794678
0.05,low_mag_backdoor,49,rand_gradf,15,0.8366999999999999,465.2409257888794,515.4355220794678
0.05,low_mag_backdoor,49,rand_gradf,50,0.8779,465.2409257888794,515.4355220794678
0.05,low_mag_backdoor,49,rand_gradf,150,0.8879999999999999,465.2409257888794,515.4355220794678
0.05,low_mag_backdoor,49,arm_rule_fedavg,15,0.8532,317.2867052555084,515.4355220794678
0.05,low_mag_backdoor,49,arm_rule_fedavg,50,0.8855999999999999,317.2867052555084,515.4355220794678
0.05,low_mag_backdoor,49,arm_rule_fedavg,150,0.8949,317.2867052555084,515.4355220794678
0.05,low_mag_backdoor,49,arm_rule_fedprox,15,0.8491,526.8702864646912,515.4355220794678
0.05,low_mag_backdoor,49,arm_rule_fedprox,50,0.8849,526.8702864646912,515.4355220794678
0.05,low_mag_backdoor,49,arm_rule_fedprox,150,0.8938,526.8702864646912,515.4355220794678
0.05,low_mag_backdoor,49,arm_rule_median,15,0.6155999999999999,529.3451557159424,515.4355220794678
0.05,low_mag_backdoor,49,arm_rule_median,50,0.7563000000000001,529.3451557159424,515.4355220794678
0.05,low_mag_backdoor,49,arm_rule_median,150,0.7852000000000001,529.3451557159424,515.4355220794678
0.05,low_mag_backdoor,49,arm_rule_trimmed_mean,15,0.7646,318.3095428943634,515.4355220794678
0.05,low_mag_backdoor,49,arm_rule_trimmed_mean,50,0.8314,318.3095428943634,515.4355220794678
0.05,low_mag_backdoor,49,arm_rule_trimmed_mean,150,0.8511999999999998,318.3095428943634,515.4355220794678
0.05,low_mag_backdoor,49,arm_rule_fltrust,15,0.7492,605.3294460773468,515.4355220794678
0.05,low_mag_backdoor,49,arm_rule_fltrust,50,0.8538,605.3294460773468,515.4355220794678
0.05,low_mag_backdoor,49,arm_rule_fltrust,150,0.8729000000000001,605.3294460773468,515.4355220794678
0.05,low_mag_backdoor,49,arm_rule_clustering,15,0.8305,238.0918016433716,515.4355220794678
0.05,low_mag_backdoor,49,arm_rule_clustering,50,0.8736,238.0918016433716,515.4355220794678
0.05,low_mag_backdoor,49,arm_rule_clustering,150,0.8873000000000001,238.0918016433716,515.4355220794678
0.05,low_mag_backdoor,49,arm_rule_krum,15,0.328,824.8497903347015,515.4355220794678
0.05,low_mag_backdoor,49,arm_rule_krum,50,0.3466,824.8497903347015,515.4355220794678
0.05,low_mag_backdoor,49,arm_rule_krum,150,0.4192999999999999,824.8497903347015,515.4355220794678
0.05,low_mag_backdoor,49,arm_gradf_fedavg,15,0.8484,381.7636861801148,515.4355220794678
0.05,low_mag_backdoor,49,arm_gradf_fedavg,50,0.8825,381.7636861801148,515.4355220794678
0.05,low_mag_backdoor,49,arm_gradf_fedavg,150,0.8897,381.7636861801148,515.4355220794678
0.05,low_mag_backdoor,49,arm_gradf_fedprox,15,0.8440999999999999,416.89055728912354,515.4355220794678
0.05,low_mag_backdoor,49,arm_gradf_fedprox,50,0.8812,416.89055728912354,515.4355220794678
0.05,low_mag_backdoor,49,arm_gradf_fedprox,150,0.8902000000000001,416.89055728912354,515.4355220794678
0.05,low_mag_backdoor,49,arm_gradf_median,15,0.8431,434.44938921928406,515.4355220794678
0.05,low_mag_backdoor,49,arm_gradf_median,50,0.8803000000000001,434.44938921928406,515.4355220794678
0.05,low_mag_backdoor,49,arm_gradf_median,150,0.8894,434.44938921928406,515.4355220794678
0.05,low_mag_backdoor,49,arm_gradf_trimmed_mean,15,0.8537999999999999,234.1347060203552,515.4355220794678
0.05,low_mag_backdoor,49,arm_gradf_trimmed_mean,50,0.8845000000000001,234.1347060203552,515.4355220794678
0.05,low_mag_backdoor,49,arm_gradf_trimmed_mean,150,0.8926999999999999,234.1347060203552,515.4355220794678
0.05,low_mag_backdoor,49,arm_gradf_fltrust,15,0.7095999999999999,295.3867721557617,515.4355220794678
0.05,low_mag_backdoor,49,arm_gradf_fltrust,50,0.8015000000000001,295.3867721557617,515.4355220794678
0.05,low_mag_backdoor,49,arm_gradf_fltrust,150,0.8559999999999999,295.3867721557617,515.4355220794678
0.05,low_mag_backdoor,49,arm_gradf_clustering,15,0.8231999999999999,453.14488983154297,515.4355220794678
0.05,low_mag_backdoor,49,arm_gradf_clustering,50,0.8645999999999999,453.14488983154297,515.4355220794678
0.05,low_mag_backdoor,49,arm_gradf_clustering,150,0.8775000000000001,453.14488983154297,515.4355220794678
0.05,low_mag_backdoor,49,arm_gradf_krum,15,0.3141,369.1404905319214,515.4355220794678
0.05,low_mag_backdoor,49,arm_gradf_krum,50,0.3560999999999999,369.1404905319214,515.4355220794678
0.05,low_mag_backdoor,49,arm_gradf_krum,150,0.4239,369.1404905319214,515.4355220794678
0.05,low_mag_backdoor,50,td3_ref,15,0.7239,1612.7454209327698,644.8304517269135
0.05,low_mag_backdoor,50,td3_ref,50,0.7346,1612.7454209327698,644.8304517269135
0.05,low_mag_backdoor,50,td3_ref,150,0.8636000000000001,1612.7454209327698,644.8304517269135
0.05,low_mag_backdoor,50,fixed,15,0.7623,1551.375925540924,644.8304517269135
0.05,low_mag_backdoor,50,fixed,50,0.7984,1551.375925540924,644.8304517269135
0.05,low_mag_backdoor,50,fixed,150,0.7844000000000001,1551.375925540924,644.8304517269135
0.05,low_mag_backdoor,50,linucb,15,0.7222999999999999,490.19741320610046,644.8304517269135
0.05,low_mag_backdoor,50,linucb,50,0.8779,490.19741320610046,644.8304517269135
0.05,low_mag_backdoor,50,linucb,150,0.893,490.19741320610046,644.8304517269135
0.05,low_mag_backdoor,50,dqn,15,0.8511000000000001,478.3129024505615,644.8304517269135
0.05,low_mag_backdoor,50,dqn,50,0.8825,478.3129024505615,644.8304517269135
0.05,low_mag_backdoor,50,dqn,150,0.8870000000000001,478.3129024505615,644.8304517269135
0.05,low_mag_backdoor,50,rand_rule,15,0.7605999999999999,517.7383661270142,644.8304517269135
0.05,low_mag_backdoor,50,rand_rule,50,0.8100999999999999,517.7383661270142,644.8304517269135
0.05,low_mag_backdoor,50,rand_rule,150,0.8851000000000001,517.7383661270142,644.8304517269135
0.05,low_mag_backdoor,50,rand_gradf,15,0.8398,589.5123827457428,644.8304517269135
0.05,low_mag_backdoor,50,rand_gradf,50,0.8825,589.5123827457428,644.8304517269135
0.05,low_mag_backdoor,50,rand_gradf,150,0.8876,589.5123827457428,644.8304517269135
0.05,low_mag_backdoor,50,arm_rule_fedavg,15,0.8536999999999999,339.65081429481506,644.8304517269135
0.05,low_mag_backdoor,50,arm_rule_fedavg,50,0.8853,339.65081429481506,644.8304517269135
0.05,low_mag_backdoor,50,arm_rule_fedavg,150,0.8951,339.65081429481506,644.8304517269135
0.05,low_mag_backdoor,50,arm_rule_fedprox,15,0.849,372.2659740447998,644.8304517269135
0.05,low_mag_backdoor,50,arm_rule_fedprox,50,0.8851000000000001,372.2659740447998,644.8304517269135
0.05,low_mag_backdoor,50,arm_rule_fedprox,150,0.8942,372.2659740447998,644.8304517269135
0.05,low_mag_backdoor,50,arm_rule_median,15,0.6156999999999999,421.6644330024719,644.8304517269135
0.05,low_mag_backdoor,50,arm_rule_median,50,0.7572,421.6644330024719,644.8304517269135
0.05,low_mag_backdoor,50,arm_rule_median,150,0.7845,421.6644330024719,644.8304517269135
0.05,low_mag_backdoor,50,arm_rule_trimmed_mean,15,0.765,330.4600639343262,644.8304517269135
0.05,low_mag_backdoor,50,arm_rule_trimmed_mean,50,0.8316999999999999,330.4600639343262,644.8304517269135
0.05,low_mag_backdoor,50,arm_rule_trimmed_mean,150,0.851,330.4600639343262,644.8304517269135
0.05,low_mag_backdoor,50,arm_rule_fltrust,15,0.6465000000000001,573.4816229343414,644.8304517269135
0.05,low_mag_backdoor,50,arm_rule_fltrust,50,0.8037000000000001,573.4816229343414,644.8304517269135
0.05,low_mag_backdoor,50,arm_rule_fltrust,150,0.8472999999999999,573.4816229343414,644.8304517269135
0.05,low_mag_backdoor,50,arm_rule_clustering,15,0.8314999999999999,434.6258316040039,644.8304517269135
0.05,low_mag_backdoor,50,arm_rule_clustering,50,0.8734999999999999,434.6258316040039,644.8304517269135
0.05,low_mag_backdoor,50,arm_rule_clustering,150,0.8869,434.6258316040039,644.8304517269135
0.05,low_mag_backdoor,50,arm_rule_krum,15,0.3276,538.4764757156372,644.8304517269135
0.05,low_mag_backdoor,50,arm_rule_krum,50,0.3468,538.4764757156372,644.8304517269135
0.05,low_mag_backdoor,50,arm_rule_krum,150,0.4070999999999999,538.4764757156372,644.8304517269135
0.05,low_mag_backdoor,50,arm_gradf_fedavg,15,0.8523,361.122189283371,644.8304517269135
0.05,low_mag_backdoor,50,arm_gradf_fedavg,50,0.8834,361.122189283371,644.8304517269135
0.05,low_mag_backdoor,50,arm_gradf_fedavg,150,0.8859,361.122189283371,644.8304517269135
0.05,low_mag_backdoor,50,arm_gradf_fedprox,15,0.8511000000000001,378.3345990180969,644.8304517269135
0.05,low_mag_backdoor,50,arm_gradf_fedprox,50,0.8825,378.3345990180969,644.8304517269135
0.05,low_mag_backdoor,50,arm_gradf_fedprox,150,0.8870000000000001,378.3345990180969,644.8304517269135
0.05,low_mag_backdoor,50,arm_gradf_median,15,0.8462,627.2963788509369,644.8304517269135
0.05,low_mag_backdoor,50,arm_gradf_median,50,0.8783999999999998,627.2963788509369,644.8304517269135
0.05,low_mag_backdoor,50,arm_gradf_median,150,0.8881,627.2963788509369,644.8304517269135
0.05,low_mag_backdoor,50,arm_gradf_trimmed_mean,15,0.8561,458.9985213279724,644.8304517269135
0.05,low_mag_backdoor,50,arm_gradf_trimmed_mean,50,0.8821999999999999,458.9985213279724,644.8304517269135
0.05,low_mag_backdoor,50,arm_gradf_trimmed_mean,150,0.8915999999999998,458.9985213279724,644.8304517269135
0.05,low_mag_backdoor,50,arm_gradf_fltrust,15,0.655,386.8305349349976,644.8304517269135
0.05,low_mag_backdoor,50,arm_gradf_fltrust,50,0.7469999999999999,386.8305349349976,644.8304517269135
0.05,low_mag_backdoor,50,arm_gradf_fltrust,150,0.8248,386.8305349349976,644.8304517269135
0.05,low_mag_backdoor,50,arm_gradf_clustering,15,0.8238999999999999,395.2444915771485,644.8304517269135
0.05,low_mag_backdoor,50,arm_gradf_clustering,50,0.8645999999999999,395.2444915771485,644.8304517269135
0.05,low_mag_backdoor,50,arm_gradf_clustering,150,0.8802999999999999,395.2444915771485,644.8304517269135
0.05,low_mag_backdoor,50,arm_gradf_krum,15,0.098,390.9031510353088,644.8304517269135
0.05,low_mag_backdoor,50,arm_gradf_krum,50,0.098,390.9031510353088,644.8304517269135
0.05,low_mag_backdoor,50,arm_gradf_krum,150,0.098,390.9031510353088,644.8304517269135
0.05,low_mag_backdoor,51,td3_ref,15,0.8320000000000001,1586.2983119487762,790.0297975540161
0.05,low_mag_backdoor,51,td3_ref,50,0.765,1586.2983119487762,790.0297975540161
0.05,low_mag_backdoor,51,td3_ref,150,0.8586,1586.2983119487762,790.0297975540161
0.05,low_mag_backdoor,51,fixed,15,0.8069000000000001,1642.8267319202423,790.0297975540161
0.05,low_mag_backdoor,51,fixed,50,0.7789,1642.8267319202423,790.0297975540161
0.05,low_mag_backdoor,51,fixed,150,0.8381000000000001,1642.8267319202423,790.0297975540161
0.05,low_mag_backdoor,51,linucb,15,0.721,356.18176674842834,790.0297975540161
0.05,low_mag_backdoor,51,linucb,50,0.8832000000000001,356.18176674842834,790.0297975540161
0.05,low_mag_backdoor,51,linucb,150,0.8667999999999999,356.18176674842834,790.0297975540161
0.05,low_mag_backdoor,51,dqn,15,0.3026,734.4683530330658,790.0297975540161
0.05,low_mag_backdoor,51,dqn,50,0.3612999999999999,734.4683530330658,790.0297975540161
0.05,low_mag_backdoor,51,dqn,150,0.3718,734.4683530330658,790.0297975540161
0.05,low_mag_backdoor,51,rand_rule,15,0.8265,318.75774359703064,790.0297975540161
0.05,low_mag_backdoor,51,rand_rule,50,0.8655000000000002,318.75774359703064,790.0297975540161
0.05,low_mag_backdoor,51,rand_rule,150,0.8901,318.75774359703064,790.0297975540161
0.05,low_mag_backdoor,51,rand_gradf,15,0.8543,312.64327120780945,790.0297975540161
0.05,low_mag_backdoor,51,rand_gradf,50,0.8708,312.64327120780945,790.0297975540161
0.05,low_mag_backdoor,51,rand_gradf,150,0.8926000000000001,312.64327120780945,790.0297975540161
0.05,low_mag_backdoor,51,arm_rule_fedavg,15,0.853,324.6232879161835,790.0297975540161
0.05,low_mag_backdoor,51,arm_rule_fedavg,50,0.8860000000000001,324.6232879161835,790.0297975540161
0.05,low_mag_backdoor,51,arm_rule_fedavg,150,0.8952,324.6232879161835,790.0297975540161
0.05,low_mag_backdoor,51,arm_rule_fedprox,15,0.8486999999999998,494.1995675563812,790.0297975540161
0.05,low_mag_backdoor,51,arm_rule_fedprox,50,0.8855000000000001,494.1995675563812,790.0297975540161
0.05,low_mag_backdoor,51,arm_rule_fedprox,150,0.8942,494.1995675563812,790.0297975540161
0.05,low_mag_backdoor,51,arm_rule_median,15,0.6164,296.03247141838074,790.0297975540161
0.05,low_mag_backdoor,51,arm_rule_median,50,0.758,296.03247141838074,790.0297975540161
0.05,low_mag_backdoor,51,arm_rule_median,150,0.7853,296.03247141838074,790.0297975540161
0.05,low_mag_backdoor,51,arm_rule_trimmed_mean,15,0.765,306.7269325256348,790.0297975540161
0.05,low_mag_backdoor,51,arm_rule_trimmed_mean,50,0.8325999999999999,306.7269325256348,790.0297975540161
0.05,low_mag_backdoor,51,arm_rule_trimmed_mean,150,0.851,306.7269325256348,790.0297975540161
0.05,low_mag_backdoor,51,arm_rule_fltrust,15,0.6109,307.1743586063385,790.0297975540161
0.05,low_mag_backdoor,51,arm_rule_fltrust,50,0.8027000000000001,307.1743586063385,790.0297975540161
0.05,low_mag_backdoor,51,arm_rule_fltrust,150,0.865,307.1743586063385,790.0297975540161
0.05,low_mag_backdoor,51,arm_rule_clustering,15,0.8309999999999998,375.0419182777405,790.0297975540161
0.05,low_mag_backdoor,51,arm_rule_clustering,50,0.8734,375.0419182777405,790.0297975540161
0.05,low_mag_backdoor,51,arm_rule_clustering,150,0.8872,375.0419182777405,790.0297975540161
0.05,low_mag_backdoor,51,arm_rule_krum,15,0.3279,256.23177576065063,790.0297975540161
0.05,low_mag_backdoor,51,arm_rule_krum,50,0.3465,256.23177576065063,790.0297975540161
0.05,low_mag_backdoor,51,arm_rule_krum,150,0.4213,256.23177576065063,790.0297975540161
0.05,low_mag_backdoor,51,arm_gradf_fedavg,15,0.8470000000000001,457.8620121479034,790.0297975540161
0.05,low_mag_backdoor,51,arm_gradf_fedavg,50,0.8853,457.8620121479034,790.0297975540161
0.05,low_mag_backdoor,51,arm_gradf_fedavg,150,0.8914,457.8620121479034,790.0297975540161
0.05,low_mag_backdoor,51,arm_gradf_fedprox,15,0.8425,491.5426528453827,790.0297975540161
0.05,low_mag_backdoor,51,arm_gradf_fedprox,50,0.884,491.5426528453827,790.0297975540161
0.05,low_mag_backdoor,51,arm_gradf_fedprox,150,0.892,491.5426528453827,790.0297975540161
0.05,low_mag_backdoor,51,arm_gradf_median,15,0.8379,540.9370107650757,790.0297975540161
0.05,low_mag_backdoor,51,arm_gradf_median,50,0.8809000000000001,540.9370107650757,790.0297975540161
0.05,low_mag_backdoor,51,arm_gradf_median,150,0.8907,540.9370107650757,790.0297975540161
0.05,low_mag_backdoor,51,arm_gradf_trimmed_mean,15,0.8466000000000001,254.22945523262024,790.0297975540161
0.05,low_mag_backdoor,51,arm_gradf_trimmed_mean,50,0.8846999999999999,254.22945523262024,790.0297975540161
0.05,low_mag_backdoor,51,arm_gradf_trimmed_mean,150,0.8969000000000001,254.22945523262024,790.0297975540161
0.05,low_mag_backdoor,51,arm_gradf_fltrust,15,0.5791,282.2532317638397,790.0297975540161
0.05,low_mag_backdoor,51,arm_gradf_fltrust,50,0.7802,282.2532317638397,790.0297975540161
0.05,low_mag_backdoor,51,arm_gradf_fltrust,150,0.8421,282.2532317638397,790.0297975540161
0.05,low_mag_backdoor,51,arm_gradf_clustering,15,0.8142000000000001,276.90369510650635,790.0297975540161
0.05,low_mag_backdoor,51,arm_gradf_clustering,50,0.8552,276.90369510650635,790.0297975540161
0.05,low_mag_backdoor,51,arm_gradf_clustering,150,0.8818999999999999,276.90369510650635,790.0297975540161
0.05,low_mag_backdoor,51,arm_gradf_krum,15,0.3026,328.2043957710266,790.0297975540161
0.05,low_mag_backdoor,51,arm_gradf_krum,50,0.3612999999999999,328.2043957710266,790.0297975540161
0.05,low_mag_backdoor,51,arm_gradf_krum,150,0.3718,328.2043957710266,790.0297975540161
0.05,sign_flipping,42,td3_ref,15,0.7396,1681.2162282466888,543.4031479358673
0.05,sign_flipping,42,td3_ref,50,0.8466999999999999,1681.2162282466888,543.4031479358673
0.05,sign_flipping,42,td3_ref,150,0.8138,1681.2162282466888,543.4031479358673
0.05,sign_flipping,42,fixed,15,0.7556999999999999,1772.8555555343628,543.4031479358673
0.05,sign_flipping,42,fixed,50,0.8437999999999999,1772.8555555343628,543.4031479358673
0.05,sign_flipping,42,fixed,150,0.8651000000000002,1772.8555555343628,543.4031479358673
0.05,sign_flipping,42,linucb,15,0.5250999999999999,309.98266077041626,543.4031479358673
0.05,sign_flipping,42,linucb,50,0.6306999999999999,309.98266077041626,543.4031479358673
0.05,sign_flipping,42,linucb,150,0.5992999999999999,309.98266077041626,543.4031479358673
0.05,sign_flipping,42,dqn,15,0.7406,235.5424010753632,543.4031479358673
0.05,sign_flipping,42,dqn,50,0.8407,235.5424010753632,543.4031479358673
0.05,sign_flipping,42,dqn,150,0.8644000000000001,235.5424010753632,543.4031479358673
0.05,sign_flipping,42,rand_rule,15,0.5913999999999999,195.2712204456329,543.4031479358673
0.05,sign_flipping,42,rand_rule,50,0.6207999999999999,195.2712204456329,543.4031479358673
0.05,sign_flipping,42,rand_rule,150,0.6276,195.2712204456329,543.4031479358673
0.05,sign_flipping,42,rand_gradf,15,0.6234999999999999,536.8798613548279,543.4031479358673
0.05,sign_flipping,42,rand_gradf,50,0.7034,536.8798613548279,543.4031479358673
0.05,sign_flipping,42,rand_gradf,150,0.6981999999999999,536.8798613548279,543.4031479358673
0.05,sign_flipping,42,arm_rule_fedavg,15,0.6018999999999999,605.1392307281494,543.4031479358673
0.05,sign_flipping,42,arm_rule_fedavg,50,0.5687,605.1392307281494,543.4031479358673
0.05,sign_flipping,42,arm_rule_fedavg,150,0.5682,605.1392307281494,543.4031479358673
0.05,sign_flipping,42,arm_rule_fedprox,15,0.6019,346.2654480934143,543.4031479358673
0.05,sign_flipping,42,arm_rule_fedprox,50,0.5813,346.2654480934143,543.4031479358673
0.05,sign_flipping,42,arm_rule_fedprox,150,0.5612,346.2654480934143,543.4031479358673
0.05,sign_flipping,42,arm_rule_median,15,0.4598,533.8431649208069,543.4031479358673
0.05,sign_flipping,42,arm_rule_median,50,0.5624,533.8431649208069,543.4031479358673
0.05,sign_flipping,42,arm_rule_median,150,0.6332,533.8431649208069,543.4031479358673
0.05,sign_flipping,42,arm_rule_trimmed_mean,15,0.5087,373.19499588012695,543.4031479358673
0.05,sign_flipping,42,arm_rule_trimmed_mean,50,0.5713,373.19499588012695,543.4031479358673
0.05,sign_flipping,42,arm_rule_trimmed_mean,150,0.6085,373.19499588012695,543.4031479358673
0.05,sign_flipping,42,arm_rule_fltrust,15,0.6176,376.4082493782044,543.4031479358673
0.05,sign_flipping,42,arm_rule_fltrust,50,0.7968000000000001,376.4082493782044,543.4031479358673
0.05,sign_flipping,42,arm_rule_fltrust,150,0.8427,376.4082493782044,543.4031479358673
0.05,sign_flipping,42,arm_rule_clustering,15,0.7399,448.5552296638489,543.4031479358673
0.05,sign_flipping,42,arm_rule_clustering,50,0.8475999999999999,448.5552296638489,543.4031479358673
0.05,sign_flipping,42,arm_rule_clustering,150,0.8753,448.5552296638489,543.4031479358673
0.05,sign_flipping,42,arm_rule_krum,15,0.098,398.85003185272217,543.4031479358673
0.05,sign_flipping,42,arm_rule_krum,50,0.1218999999999999,398.85003185272217,543.4031479358673
0.05,sign_flipping,42,arm_rule_krum,150,0.1336,398.85003185272217,543.4031479358673
0.05,sign_flipping,42,arm_gradf_fedavg,15,0.6355000000000001,289.5195412635803,543.4031479358673
0.05,sign_flipping,42,arm_gradf_fedavg,50,0.7096,289.5195412635803,543.4031479358673
0.05,sign_flipping,42,arm_gradf_fedavg,150,0.7096,289.5195412635803,543.4031479358673
0.05,sign_flipping,42,arm_gradf_fedprox,15,0.621,332.2387156486511,543.4031479358673
0.05,sign_flipping,42,arm_gradf_fedprox,50,0.7082999999999999,332.2387156486511,543.4031479358673
0.05,sign_flipping,42,arm_gradf_fedprox,150,0.724,332.2387156486511,543.4031479358673
0.05,sign_flipping,42,arm_gradf_median,15,0.5539000000000001,458.72673535346985,543.4031479358673
0.05,sign_flipping,42,arm_gradf_median,50,0.5878,458.72673535346985,543.4031479358673
0.05,sign_flipping,42,arm_gradf_median,150,0.6,458.72673535346985,543.4031479358673
0.05,sign_flipping,42,arm_gradf_trimmed_mean,15,0.5585,406.6260492801666,543.4031479358673
0.05,sign_flipping,42,arm_gradf_trimmed_mean,50,0.5962,406.6260492801666,543.4031479358673
0.05,sign_flipping,42,arm_gradf_trimmed_mean,150,0.6056,406.6260492801666,543.4031479358673
0.05,sign_flipping,42,arm_gradf_fltrust,15,0.5669000000000001,367.6493082046509,543.4031479358673
0.05,sign_flipping,42,arm_gradf_fltrust,50,0.6886,367.6493082046509,543.4031479358673
0.05,sign_flipping,42,arm_gradf_fltrust,150,0.8138,367.6493082046509,543.4031479358673
0.05,sign_flipping,42,arm_gradf_clustering,15,0.7406,567.1053295135498,543.4031479358673
0.05,sign_flipping,42,arm_gradf_clustering,50,0.8407,567.1053295135498,543.4031479358673
0.05,sign_flipping,42,arm_gradf_clustering,150,0.8644000000000001,567.1053295135498,543.4031479358673
0.05,sign_flipping,42,arm_gradf_krum,15,0.099,472.9591023921967,543.4031479358673
0.05,sign_flipping,42,arm_gradf_krum,50,0.1142,472.9591023921967,543.4031479358673
0.05,sign_flipping,42,arm_gradf_krum,150,0.1243999999999999,472.9591023921967,543.4031479358673
0.05,sign_flipping,43,td3_ref,15,0.7932,1579.8944597244265,670.6748650074005
0.05,sign_flipping,43,td3_ref,50,0.8630000000000001,1579.8944597244265,670.6748650074005
0.05,sign_flipping,43,td3_ref,150,0.8462,1579.8944597244265,670.6748650074005
0.05,sign_flipping,43,fixed,15,0.7907,1565.0407786369324,670.6748650074005
0.05,sign_flipping,43,fixed,50,0.8154,1565.0407786369324,670.6748650074005
0.05,sign_flipping,43,fixed,150,0.8564,1565.0407786369324,670.6748650074005
0.05,sign_flipping,43,linucb,15,0.5537,673.4494061470032,670.6748650074005
0.05,sign_flipping,43,linucb,50,0.5923999999999999,673.4494061470032,670.6748650074005
0.05,sign_flipping,43,linucb,150,0.6005999999999999,673.4494061470032,670.6748650074005
0.05,sign_flipping,43,dqn,15,0.6351000000000001,640.3919703960419,670.6748650074005
0.05,sign_flipping,43,dqn,50,0.6655000000000001,640.3919703960419,670.6748650074005
0.05,sign_flipping,43,dqn,150,0.6655000000000001,640.3919703960419,670.6748650074005
0.05,sign_flipping,43,rand_rule,15,0.5939,443.4755113124848,670.6748650074005
0.05,sign_flipping,43,rand_rule,50,0.6114,443.4755113124848,670.6748650074005
0.05,sign_flipping,43,rand_rule,150,0.5923999999999998,443.4755113124848,670.6748650074005
0.05,sign_flipping,43,rand_gradf,15,0.5866999999999999,452.57080364227295,670.6748650074005
0.05,sign_flipping,43,rand_gradf,50,0.6529,452.57080364227295,670.6748650074005
0.05,sign_flipping,43,rand_gradf,150,0.7681,452.57080364227295,670.6748650074005
0.05,sign_flipping,43,arm_rule_fedavg,15,0.6035,348.11462903022766,670.6748650074005
0.05,sign_flipping,43,arm_rule_fedavg,50,0.5696,348.11462903022766,670.6748650074005
0.05,sign_flipping,43,arm_rule_fedavg,150,0.5679000000000001,348.11462903022766,670.6748650074005
0.05,sign_flipping,43,arm_rule_fedprox,15,0.6023000000000001,709.9685277938843,670.6748650074005
0.05,sign_flipping,43,arm_rule_fedprox,50,0.5817,709.9685277938843,670.6748650074005
0.05,sign_flipping,43,arm_rule_fedprox,150,0.5609,709.9685277938843,670.6748650074005
0.05,sign_flipping,43,arm_rule_median,15,0.4586,257.80140352249146,670.6748650074005
0.05,sign_flipping,43,arm_rule_median,50,0.5635999999999999,257.80140352249146,670.6748650074005
0.05,sign_flipping,43,arm_rule_median,150,0.6327999999999999,257.80140352249146,670.6748650074005
0.05,sign_flipping,43,arm_rule_trimmed_mean,15,0.5074,1048.1006083488464,670.6748650074005
0.05,sign_flipping,43,arm_rule_trimmed_mean,50,0.5715999999999999,1048.1006083488464,670.6748650074005
0.05,sign_flipping,43,arm_rule_trimmed_mean,150,0.6088,1048.1006083488464,670.6748650074005
0.05,sign_flipping,43,arm_rule_fltrust,15,0.6439,644.117283821106,670.6748650074005
0.05,sign_flipping,43,arm_rule_fltrust,50,0.7779,644.117283821106,670.6748650074005
0.05,sign_flipping,43,arm_rule_fltrust,150,0.8291999999999999,644.117283821106,670.6748650074005
0.05,sign_flipping,43,arm_rule_clustering,15,0.7391,242.0917661190033,670.6748650074005
0.05,sign_flipping,43,arm_rule_clustering,50,0.8484,242.0917661190033,670.6748650074005
0.05,sign_flipping,43,arm_rule_clustering,150,0.875,242.0917661190033,670.6748650074005
0.05,sign_flipping,43,arm_rule_krum,15,0.098,418.7687866687775,670.6748650074005
0.05,sign_flipping,43,arm_rule_krum,50,0.122,418.7687866687775,670.6748650074005
0.05,sign_flipping,43,arm_rule_krum,150,0.1336,418.7687866687775,670.6748650074005
0.05,sign_flipping,43,arm_gradf_fedavg,15,0.6351000000000001,366.25788044929504,670.6748650074005
0.05,sign_flipping,43,arm_gradf_fedavg,50,0.6655000000000001,366.25788044929504,670.6748650074005
0.05,sign_flipping,43,arm_gradf_fedavg,150,0.6655000000000001,366.25788044929504,670.6748650074005
0.05,sign_flipping,43,arm_gradf_fedprox,15,0.6214000000000001,361.70434403419495,670.6748650074005
0.05,sign_flipping,43,arm_gradf_fedprox,50,0.6753,361.70434403419495,670.6748650074005
0.05,sign_flipping,43,arm_gradf_fedprox,150,0.6921999999999999,361.70434403419495,670.6748650074005
0.05,sign_flipping,43,arm_gradf_median,15,0.5463,442.48320388793945,670.6748650074005
0.05,sign_flipping,43,arm_gradf_median,50,0.5889,442.48320388793945,670.6748650074005
0.05,sign_flipping,43,arm_gradf_median,150,0.5995,442.48320388793945,670.6748650074005
0.05,sign_flipping,43,arm_gradf_trimmed_mean,15,0.5578000000000001,611.8439042568207,670.6748650074005
0.05,sign_flipping,43,arm_gradf_trimmed_mean,50,0.5957,611.8439042568207,670.6748650074005
0.05,sign_flipping,43,arm_gradf_trimmed_mean,150,0.6027999999999999,611.8439042568207,670.6748650074005
0.05,sign_flipping,43,arm_gradf_fltrust,15,0.6144000000000001,494.8632457256317,670.6748650074005
0.05,sign_flipping,43,arm_gradf_fltrust,50,0.6986,494.8632457256317,670.6748650074005
0.05,sign_flipping,43,arm_gradf_fltrust,150,0.7887000000000001,494.8632457256317,670.6748650074005
0.05,sign_flipping,43,arm_gradf_clustering,15,0.7567,259.0084481239319,670.6748650074005
0.05,sign_flipping,43,arm_gradf_clustering,50,0.835,259.0084481239319,670.6748650074005
0.05,sign_flipping,43,arm_gradf_clustering,150,0.8636000000000001,259.0084481239319,670.6748650074005
0.05,sign_flipping,43,arm_gradf_krum,15,0.1,517.4213123321533,670.6748650074005
0.05,sign_flipping,43,arm_gradf_krum,50,0.1304,517.4213123321533,670.6748650074005
0.05,sign_flipping,43,arm_gradf_krum,150,0.3655,517.4213123321533,670.6748650074005
0.05,sign_flipping,44,td3_ref,15,0.7658000000000001,1629.631402015686,902.9365484714508
0.05,sign_flipping,44,td3_ref,50,0.8039,1629.631402015686,902.9365484714508
0.05,sign_flipping,44,td3_ref,150,0.7953000000000001,1629.631402015686,902.9365484714508
0.05,sign_flipping,44,fixed,15,0.7641,1600.2571818828585,902.9365484714508
0.05,sign_flipping,44,fixed,50,0.8442000000000001,1600.2571818828585,902.9365484714508
0.05,sign_flipping,44,fixed,150,0.8542,1600.2571818828585,902.9365484714508
0.05,sign_flipping,44,linucb,15,0.55,632.0433831214905,902.9365484714508
0.05,sign_flipping,44,linucb,50,0.5918,632.0433831214905,902.9365484714508
0.05,sign_flipping,44,linucb,150,0.6227,632.0433831214905,902.9365484714508
0.05,sign_flipping,44,dqn,15,0.2838,556.4243021011353,902.9365484714508
0.05,sign_flipping,44,dqn,50,0.3238,556.4243021011353,902.9365484714508
0.05,sign_flipping,44,dqn,150,0.33,556.4243021011353,902.9365484714508
0.05,sign_flipping,44,rand_rule,15,0.5465000000000001,330.4456317424774,902.9365484714508
0.05,sign_flipping,44,rand_rule,50,0.6157,330.4456317424774,902.9365484714508
0.05,sign_flipping,44,rand_rule,150,0.6256,330.4456317424774,902.9365484714508
0.05,sign_flipping,44,rand_gradf,15,0.5651,402.08137011528015,902.9365484714508
0.05,sign_flipping,44,rand_gradf,50,0.6422,402.08137011528015,902.9365484714508
0.05,sign_flipping,44,rand_gradf,150,0.7097,402.08137011528015,902.9365484714508
0.05,sign_flipping,44,arm_rule_fedavg,15,0.6032,492.48405838012695,902.9365484714508
0.05,sign_flipping,44,arm_rule_fedavg,50,0.5691999999999999,492.48405838012695,902.9365484714508
0.05,sign_flipping,44,arm_rule_fedavg,150,0.5681999999999998,492.48405838012695,902.9365484714508
0.05,sign_flipping,44,arm_rule_fedprox,15,0.6022000000000001,246.50463819503784,902.9365484714508
0.05,sign_flipping,44,arm_rule_fedprox,50,0.5809,246.50463819503784,902.9365484714508
0.05,sign_flipping,44,arm_rule_fedprox,150,0.5614999999999999,246.50463819503784,902.9365484714508
0.05,sign_flipping,44,arm_rule_median,15,0.4585,328.7744808197021,902.9365484714508
0.05,sign_flipping,44,arm_rule_median,50,0.5639,328.7744808197021,902.9365484714508
0.05,sign_flipping,44,arm_rule_median,150,0.6325999999999999,328.7744808197021,902.9365484714508
0.05,sign_flipping,44,arm_rule_trimmed_mean,15,0.5071999999999999,419.7357656955719,902.9365484714508
0.05,sign_flipping,44,arm_rule_trimmed_mean,50,0.5708999999999999,419.7357656955719,902.9365484714508
0.05,sign_flipping,44,arm_rule_trimmed_mean,150,0.6086,419.7357656955719,902.9365484714508
0.05,sign_flipping,44,arm_rule_fltrust,15,0.6617000000000001,326.9488298892975,902.9365484714508
0.05,sign_flipping,44,arm_rule_fltrust,50,0.7953,326.9488298892975,902.9365484714508
0.05,sign_flipping,44,arm_rule_fltrust,150,0.8489999999999999,326.9488298892975,902.9365484714508
0.05,sign_flipping,44,arm_rule_clustering,15,0.74,431.739333152771,902.9365484714508
0.05,sign_flipping,44,arm_rule_clustering,50,0.8486,431.739333152771,902.9365484714508
0.05,sign_flipping,44,arm_rule_clustering,150,0.8754,431.739333152771,902.9365484714508
0.05,sign_flipping,44,arm_rule_krum,15,0.2886999999999999,727.0907628536224,902.9365484714508
0.05,sign_flipping,44,arm_rule_krum,50,0.3345,727.0907628536224,902.9365484714508
0.05,sign_flipping,44,arm_rule_krum,150,0.3465999999999999,727.0907628536224,902.9365484714508
0.05,sign_flipping,44,arm_gradf_fedavg,15,0.6324,482.6181285381317,902.9365484714508
0.05,sign_flipping,44,arm_gradf_fedavg,50,0.665,482.6181285381317,902.9365484714508
0.05,sign_flipping,44,arm_gradf_fedavg,150,0.7285999999999999,482.6181285381317,902.9365484714508
0.05,sign_flipping,44,arm_gradf_fedprox,15,0.6227,498.579110622406,902.9365484714508
0.05,sign_flipping,44,arm_gradf_fedprox,50,0.6999,498.579110622406,902.9365484714508
0.05,sign_flipping,44,arm_gradf_fedprox,150,0.7538,498.579110622406,902.9365484714508
0.05,sign_flipping,44,arm_gradf_median,15,0.5317000000000001,661.1546583175659,902.9365484714508
0.05,sign_flipping,44,arm_gradf_median,50,0.589,661.1546583175659,902.9365484714508
0.05,sign_flipping,44,arm_gradf_median,150,0.6033999999999999,661.1546583175659,902.9365484714508
0.05,sign_flipping,44,arm_gradf_trimmed_mean,15,0.5488999999999999,419.814284324646,902.9365484714508
0.05,sign_flipping,44,arm_gradf_trimmed_mean,50,0.5912,419.814284324646,902.9365484714508
0.05,sign_flipping,44,arm_gradf_trimmed_mean,150,0.6076,419.814284324646,902.9365484714508
0.05,sign_flipping,44,arm_gradf_fltrust,15,0.6162000000000001,405.162134885788,902.9365484714508
0.05,sign_flipping,44,arm_gradf_fltrust,50,0.7482,405.162134885788,902.9365484714508
0.05,sign_flipping,44,arm_gradf_fltrust,150,0.8211999999999999,405.162134885788,902.9365484714508
0.05,sign_flipping,44,arm_gradf_clustering,15,0.7375,383.1902740001679,902.9365484714508
0.05,sign_flipping,44,arm_gradf_clustering,50,0.7922999999999999,383.1902740001679,902.9365484714508
0.05,sign_flipping,44,arm_gradf_clustering,150,0.8603999999999999,383.1902740001679,902.9365484714508
0.05,sign_flipping,44,arm_gradf_krum,15,0.2838,653.9979920387268,902.9365484714508
0.05,sign_flipping,44,arm_gradf_krum,50,0.3238,653.9979920387268,902.9365484714508
0.05,sign_flipping,44,arm_gradf_krum,150,0.33,653.9979920387268,902.9365484714508
0.05,sign_flipping,45,td3_ref,15,0.7652,1550.6994042396543,412.1702439785004
0.05,sign_flipping,45,td3_ref,50,0.8484999999999999,1550.6994042396543,412.1702439785004
0.05,sign_flipping,45,td3_ref,150,0.8744,1550.6994042396543,412.1702439785004
0.05,sign_flipping,45,fixed,15,0.785,1603.095709323883,412.1702439785004
0.05,sign_flipping,45,fixed,50,0.8380999999999998,1603.095709323883,412.1702439785004
0.05,sign_flipping,45,fixed,150,0.8663000000000001,1603.095709323883,412.1702439785004
0.05,sign_flipping,45,linucb,15,0.5514,409.7385225296021,412.1702439785004
0.05,sign_flipping,45,linucb,50,0.6023,409.7385225296021,412.1702439785004
0.05,sign_flipping,45,linucb,150,0.5936999999999999,409.7385225296021,412.1702439785004
0.05,sign_flipping,45,dqn,15,0.6317999999999999,681.5497319698334,412.1702439785004
0.05,sign_flipping,45,dqn,50,0.6656,681.5497319698334,412.1702439785004
0.05,sign_flipping,45,dqn,150,0.7676000000000001,681.5497319698334,412.1702439785004
0.05,sign_flipping,45,rand_rule,15,0.5838,397.3120970726013,412.1702439785004
0.05,sign_flipping,45,rand_rule,50,0.5998,397.3120970726013,412.1702439785004
0.05,sign_flipping,45,rand_rule,150,0.5893999999999999,397.3120970726013,412.1702439785004
0.05,sign_flipping,45,rand_gradf,15,0.5574,370.70968413352966,412.1702439785004
0.05,sign_flipping,45,rand_gradf,50,0.6476,370.70968413352966,412.1702439785004
0.05,sign_flipping,45,rand_gradf,150,0.7205,370.70968413352966,412.1702439785004
0.05,sign_flipping,45,arm_rule_fedavg,15,0.6026,594.9157559871674,412.1702439785004
0.05,sign_flipping,45,arm_rule_fedavg,50,0.5702,594.9157559871674,412.1702439785004
0.05,sign_flipping,45,arm_rule_fedavg,150,0.5678000000000001,594.9157559871674,412.1702439785004
0.05,sign_flipping,45,arm_rule_fedprox,15,0.6023999999999999,388.6679482460022,412.1702439785004
0.05,sign_flipping,45,arm_rule_fedprox,50,0.5816,388.6679482460022,412.1702439785004
0.05,sign_flipping,45,arm_rule_fedprox,150,0.5609999999999999,388.6679482460022,412.1702439785004
0.05,sign_flipping,45,arm_rule_median,15,0.4597,823.4029231071472,412.1702439785004
0.05,sign_flipping,45,arm_rule_median,50,0.5632,823.4029231071472,412.1702439785004
0.05,sign_flipping,45,arm_rule_median,150,0.6331,823.4029231071472,412.1702439785004
0.05,sign_flipping,45,arm_rule_trimmed_mean,15,0.5076,674.9710013866425,412.1702439785004
0.05,sign_flipping,45,arm_rule_trimmed_mean,50,0.5710999999999999,674.9710013866425,412.1702439785004
0.05,sign_flipping,45,arm_rule_trimmed_mean,150,0.6087,674.9710013866425,412.1702439785004
0.05,sign_flipping,45,arm_rule_fltrust,15,0.6432,367.1406884193421,412.1702439785004
0.05,sign_flipping,45,arm_rule_fltrust,50,0.7966000000000001,367.1406884193421,412.1702439785004
0.05,sign_flipping,45,arm_rule_fltrust,150,0.8497,367.1406884193421,412.1702439785004
0.05,sign_flipping,45,arm_rule_clustering,15,0.7414,304.9178147315979,412.1702439785004
0.05,sign_flipping,45,arm_rule_clustering,50,0.8484999999999999,304.9178147315979,412.1702439785004
0.05,sign_flipping,45,arm_rule_clustering,150,0.8754,304.9178147315979,412.1702439785004
0.05,sign_flipping,45,arm_rule_krum,15,0.098,312.47886657714844,412.1702439785004
0.05,sign_flipping,45,arm_rule_krum,50,0.122,312.47886657714844,412.1702439785004
0.05,sign_flipping,45,arm_rule_krum,150,0.1335,312.47886657714844,412.1702439785004
0.05,sign_flipping,45,arm_gradf_fedavg,15,0.6231,383.52946162223816,412.1702439785004
0.05,sign_flipping,45,arm_gradf_fedavg,50,0.7018999999999999,383.52946162223816,412.1702439785004
0.05,sign_flipping,45,arm_gradf_fedavg,150,0.7739,383.52946162223816,412.1702439785004
0.05,sign_flipping,45,arm_gradf_fedprox,15,0.6317999999999999,322.6188292503357,412.1702439785004
0.05,sign_flipping,45,arm_gradf_fedprox,50,0.6656,322.6188292503357,412.1702439785004
0.05,sign_flipping,45,arm_gradf_fedprox,150,0.7676000000000001,322.6188292503357,412.1702439785004
0.05,sign_flipping,45,arm_gradf_median,15,0.5479,623.2030572891235,412.1702439785004
0.05,sign_flipping,45,arm_gradf_median,50,0.5861,623.2030572891235,412.1702439785004
0.05,sign_flipping,45,arm_gradf_median,150,0.6024999999999999,623.2030572891235,412.1702439785004
0.05,sign_flipping,45,arm_gradf_trimmed_mean,15,0.5594999999999999,352.08061933517456,412.1702439785004
0.05,sign_flipping,45,arm_gradf_trimmed_mean,50,0.5910999999999998,352.08061933517456,412.1702439785004
0.05,sign_flipping,45,arm_gradf_trimmed_mean,150,0.606,352.08061933517456,412.1702439785004
0.05,sign_flipping,45,arm_gradf_fltrust,15,0.5824999999999999,404.98438906669617,412.1702439785004
0.05,sign_flipping,45,arm_gradf_fltrust,50,0.7283999999999999,404.98438906669617,412.1702439785004
0.05,sign_flipping,45,arm_gradf_fltrust,150,0.8187,404.98438906669617,412.1702439785004
0.05,sign_flipping,45,arm_gradf_clustering,15,0.739,609.0185031890869,412.1702439785004
0.05,sign_flipping,45,arm_gradf_clustering,50,0.7948999999999999,609.0185031890869,412.1702439785004
0.05,sign_flipping,45,arm_gradf_clustering,150,0.8337999999999999,609.0185031890869,412.1702439785004
0.05,sign_flipping,45,arm_gradf_krum,15,0.2858,781.3287689685822,412.1702439785004
0.05,sign_flipping,45,arm_gradf_krum,50,0.3137999999999999,781.3287689685822,412.1702439785004
0.05,sign_flipping,45,arm_gradf_krum,150,0.343,781.3287689685822,412.1702439785004
0.05,sign_flipping,46,td3_ref,15,0.6814,1547.7057013511658,655.7626657485962
0.05,sign_flipping,46,td3_ref,50,0.7993,1547.7057013511658,655.7626657485962
0.05,sign_flipping,46,td3_ref,150,0.8614999999999998,1547.7057013511658,655.7626657485962
0.05,sign_flipping,46,fixed,15,0.7627,1612.3621821403503,655.7626657485962
0.05,sign_flipping,46,fixed,50,0.7253,1612.3621821403503,655.7626657485962
0.05,sign_flipping,46,fixed,150,0.8618,1612.3621821403503,655.7626657485962
0.05,sign_flipping,46,linucb,15,0.5504,596.8394329547882,655.7626657485962
0.05,sign_flipping,46,linucb,50,0.6365999999999999,596.8394329547882,655.7626657485962
0.05,sign_flipping,46,linucb,150,0.6503000000000001,596.8394329547882,655.7626657485962
0.05,sign_flipping,46,dqn,15,0.1012,492.62735652923584,655.7626657485962
0.05,sign_flipping,46,dqn,50,0.123,492.62735652923584,655.7626657485962
0.05,sign_flipping,46,dqn,150,0.5126999999999999,492.62735652923584,655.7626657485962
0.05,sign_flipping,46,rand_rule,15,0.5585000000000001,264.35876655578613,655.7626657485962
0.05,sign_flipping,46,rand_rule,50,0.6244,264.35876655578613,655.7626657485962
0.05,sign_flipping,46,rand_rule,150,0.5667,264.35876655578613,655.7626657485962
0.05,sign_flipping,46,rand_gradf,15,0.5719,365.46636033058167,655.7626657485962
0.05,sign_flipping,46,rand_gradf,50,0.6898000000000001,365.46636033058167,655.7626657485962
0.05,sign_flipping,46,rand_gradf,150,0.8022,365.46636033058167,655.7626657485962
0.05,sign_flipping,46,arm_rule_fedavg,15,0.6030000000000001,742.8623979091644,655.7626657485962
0.05,sign_flipping,46,arm_rule_fedavg,50,0.5702,742.8623979091644,655.7626657485962
0.05,sign_flipping,46,arm_rule_fedavg,150,0.568,742.8623979091644,655.7626657485962
0.05,sign_flipping,46,arm_rule_fedprox,15,0.602,544.2634818553925,655.7626657485962
0.05,sign_flipping,46,arm_rule_fedprox,50,0.5813,544.2634818553925,655.7626657485962
0.05,sign_flipping,46,arm_rule_fedprox,150,0.5614999999999999,544.2634818553925,655.7626657485962
0.05,sign_flipping,46,arm_rule_median,15,0.4592,421.24452233314514,655.7626657485962
0.05,sign_flipping,46,arm_rule_median,50,0.5639000000000001,421.24452233314514,655.7626657485962
0.05,sign_flipping,46,arm_rule_median,150,0.6329,421.24452233314514,655.7626657485962
0.05,sign_flipping,46,arm_rule_trimmed_mean,15,0.5076,289.65437483787537,655.7626657485962
0.05,sign_flipping,46,arm_rule_trimmed_mean,50,0.5713999999999999,289.65437483787537,655.7626657485962
0.05,sign_flipping,46,arm_rule_trimmed_mean,150,0.6090000000000001,289.65437483787537,655.7626657485962
0.05,sign_flipping,46,arm_rule_fltrust,15,0.6602,249.21289038658145,655.7626657485962
0.05,sign_flipping,46,arm_rule_fltrust,50,0.8003,249.21289038658145,655.7626657485962
0.05,sign_flipping,46,arm_rule_fltrust,150,0.8524999999999998,249.21289038658145,655.7626657485962
0.05,sign_flipping,46,arm_rule_clustering,15,0.7399,440.9410235881805,655.7626657485962
0.05,sign_flipping,46,arm_rule_clustering,50,0.849,440.9410235881805,655.7626657485962
0.05,sign_flipping,46,arm_rule_clustering,150,0.8755000000000001,440.9410235881805,655.7626657485962
0.05,sign_flipping,46,arm_rule_krum,15,0.098,330.1971483230591,655.7626657485962
0.05,sign_flipping,46,arm_rule_krum,50,0.1221,330.1971483230591,655.7626657485962
0.05,sign_flipping,46,arm_rule_krum,150,0.1336,330.1971483230591,655.7626657485962
0.05,sign_flipping,46,arm_gradf_fedavg,15,0.6302000000000001,692.0398092269897,655.7626657485962
0.05,sign_flipping,46,arm_gradf_fedavg,50,0.6607,692.0398092269897,655.7626657485962
0.05,sign_flipping,46,arm_gradf_fedavg,150,0.6889,692.0398092269897,655.7626657485962
0.05,sign_flipping,46,arm_gradf_fedprox,15,0.6297,334.58055806159973,655.7626657485962
0.05,sign_flipping,46,arm_gradf_fedprox,50,0.6633000000000001,334.58055806159973,655.7626657485962
0.05,sign_flipping,46,arm_gradf_fedprox,150,0.6633000000000001,334.58055806159973,655.7626657485962
0.05,sign_flipping,46,arm_gradf_median,15,0.5404,623.3217210769653,655.7626657485962
0.05,sign_flipping,46,arm_gradf_median,50,0.579,623.3217210769653,655.7626657485962
0.05,sign_flipping,46,arm_gradf_median,150,0.6037999999999999,623.3217210769653,655.7626657485962
0.05,sign_flipping,46,arm_gradf_trimmed_mean,15,0.5561999999999999,488.9736030101776,655.7626657485962
0.05,sign_flipping,46,arm_gradf_trimmed_mean,50,0.5879000000000001,488.9736030101776,655.7626657485962
0.05,sign_flipping,46,arm_gradf_trimmed_mean,150,0.6116999999999999,488.9736030101776,655.7626657485962
0.05,sign_flipping,46,arm_gradf_fltrust,15,0.5796999999999999,481.6605789661408,655.7626657485962
0.05,sign_flipping,46,arm_gradf_fltrust,50,0.7296999999999999,481.6605789661408,655.7626657485962
0.05,sign_flipping,46,arm_gradf_fltrust,150,0.8107999999999999,481.6605789661408,655.7626657485962
0.05,sign_flipping,46,arm_gradf_clustering,15,0.7371000000000001,670.8738100528717,655.7626657485962
0.05,sign_flipping,46,arm_gradf_clustering,50,0.8436,670.8738100528717,655.7626657485962
0.05,sign_flipping,46,arm_gradf_clustering,150,0.8634000000000001,670.8738100528717,655.7626657485962
0.05,sign_flipping,46,arm_gradf_krum,15,0.1012,533.6945312023163,655.7626657485962
0.05,sign_flipping,46,arm_gradf_krum,50,0.123,533.6945312023163,655.7626657485962
0.05,sign_flipping,46,arm_gradf_krum,150,0.1237,533.6945312023163,655.7626657485962
0.05,sign_flipping,47,td3_ref,15,0.7859,1518.0922968387604,435.9003791809082
0.05,sign_flipping,47,td3_ref,50,0.8476999999999999,1518.0922968387604,435.9003791809082
0.05,sign_flipping,47,td3_ref,150,0.873,1518.0922968387604,435.9003791809082
0.05,sign_flipping,47,fixed,15,0.7556,1499.0989627838137,435.9003791809082
0.05,sign_flipping,47,fixed,50,0.7735,1499.0989627838137,435.9003791809082
0.05,sign_flipping,47,fixed,150,0.8630000000000001,1499.0989627838137,435.9003791809082
0.05,sign_flipping,47,linucb,15,0.5488,677.9694607257843,435.9003791809082
0.05,sign_flipping,47,linucb,50,0.6117,677.9694607257843,435.9003791809082
0.05,sign_flipping,47,linucb,150,0.6115,677.9694607257843,435.9003791809082
0.05,sign_flipping,47,dqn,15,0.6034999999999999,454.2737171649933,435.9003791809082
0.05,sign_flipping,47,dqn,50,0.6826000000000001,454.2737171649933,435.9003791809082
0.05,sign_flipping,47,dqn,150,0.7903,454.2737171649933,435.9003791809082
0.05,sign_flipping,47,rand_rule,15,0.5558000000000001,362.2870705127716,435.9003791809082
0.05,sign_flipping,47,rand_rule,50,0.6091,362.2870705127716,435.9003791809082
0.05,sign_flipping,47,rand_rule,150,0.6202,362.2870705127716,435.9003791809082
0.05,sign_flipping,47,rand_gradf,15,0.5642999999999999,807.2103717327118,435.9003791809082
0.05,sign_flipping,47,rand_gradf,50,0.6022,807.2103717327118,435.9003791809082
0.05,sign_flipping,47,rand_gradf,150,0.7167999999999999,807.2103717327118,435.9003791809082
0.05,sign_flipping,47,arm_rule_fedavg,15,0.602,359.2352266311645,435.9003791809082
0.05,sign_flipping,47,arm_rule_fedavg,50,0.5705,359.2352266311645,435.9003791809082
0.05,sign_flipping,47,arm_rule_fedavg,150,0.5675,359.2352266311645,435.9003791809082
0.05,sign_flipping,47,arm_rule_fedprox,15,0.6018000000000001,518.32532954216,435.9003791809082
0.05,sign_flipping,47,arm_rule_fedprox,50,0.5822999999999999,518.32532954216,435.9003791809082
0.05,sign_flipping,47,arm_rule_fedprox,150,0.5605,518.32532954216,435.9003791809082
0.05,sign_flipping,47,arm_rule_median,15,0.4570999999999999,224.3799102306366,435.9003791809082
0.05,sign_flipping,47,arm_rule_median,50,0.5635,224.3799102306366,435.9003791809082
0.05,sign_flipping,47,arm_rule_median,150,0.6325,224.3799102306366,435.9003791809082
0.05,sign_flipping,47,arm_rule_trimmed_mean,15,0.507,409.3092577457428,435.9003791809082
0.05,sign_flipping,47,arm_rule_trimmed_mean,50,0.5711999999999999,409.3092577457428,435.9003791809082
0.05,sign_flipping,47,arm_rule_trimmed_mean,150,0.6083000000000001,409.3092577457428,435.9003791809082
0.05,sign_flipping,47,arm_rule_fltrust,15,0.6428,423.2444884777069,435.9003791809082
0.05,sign_flipping,47,arm_rule_fltrust,50,0.7782000000000001,423.2444884777069,435.9003791809082
0.05,sign_flipping,47,arm_rule_fltrust,150,0.858,423.2444884777069,435.9003791809082
0.05,sign_flipping,47,arm_rule_clustering,15,0.7407,429.2202959060669,435.9003791809082
0.05,sign_flipping,47,arm_rule_clustering,50,0.8488,429.2202959060669,435.9003791809082
0.05,sign_flipping,47,arm_rule_clustering,150,0.8749,429.2202959060669,435.9003791809082
0.05,sign_flipping,47,arm_rule_krum,15,0.098,274.03371357917786,435.9003791809082
0.05,sign_flipping,47,arm_rule_krum,50,0.1218999999999999,274.03371357917786,435.9003791809082
0.05,sign_flipping,47,arm_rule_krum,150,0.1336,274.03371357917786,435.9003791809082
0.05,sign_flipping,47,arm_gradf_fedavg,15,0.6334,526.2657084465027,435.9003791809082
0.05,sign_flipping,47,arm_gradf_fedavg,50,0.6644,526.2657084465027,435.9003791809082
0.05,sign_flipping,47,arm_gradf_fedavg,150,0.6644,526.2657084465027,435.9003791809082
0.05,sign_flipping,47,arm_gradf_fedprox,15,0.6164999999999999,263.25227189064026,435.9003791809082
0.05,sign_flipping,47,arm_gradf_fedprox,50,0.6835,263.25227189064026,435.9003791809082
0.05,sign_flipping,47,arm_gradf_fedprox,150,0.6835,263.25227189064026,435.9003791809082
0.05,sign_flipping,47,arm_gradf_median,15,0.5519000000000001,555.7683465480804,435.9003791809082
0.05,sign_flipping,47,arm_gradf_median,50,0.5919999999999999,555.7683465480804,435.9003791809082
0.05,sign_flipping,47,arm_gradf_median,150,0.6062999999999998,555.7683465480804,435.9003791809082
0.05,sign_flipping,47,arm_gradf_trimmed_mean,15,0.5638,493.7779364585877,435.9003791809082
0.05,sign_flipping,47,arm_gradf_trimmed_mean,50,0.5932999999999999,493.7779364585877,435.9003791809082
0.05,sign_flipping,47,arm_gradf_trimmed_mean,150,0.6095999999999999,493.7779364585877,435.9003791809082
0.05,sign_flipping,47,arm_gradf_fltrust,15,0.6034999999999999,575.3682487010956,435.9003791809082
0.05,sign_flipping,47,arm_gradf_fltrust,50,0.6826000000000001,575.3682487010956,435.9003791809082
0.05,sign_flipping,47,arm_gradf_fltrust,150,0.7903,575.3682487010956,435.9003791809082
0.05,sign_flipping,47,arm_gradf_clustering,15,0.7074999999999999,345.72048163414,435.9003791809082
0.05,sign_flipping,47,arm_gradf_clustering,50,0.8336,345.72048163414,435.9003791809082
0.05,sign_flipping,47,arm_gradf_clustering,150,0.8636000000000001,345.72048163414,435.9003791809082
0.05,sign_flipping,47,arm_gradf_krum,15,0.2631,381.1271276473999,435.9003791809082
0.05,sign_flipping,47,arm_gradf_krum,50,0.2953,381.1271276473999,435.9003791809082
0.05,sign_flipping,47,arm_gradf_krum,150,0.3329,381.1271276473999,435.9003791809082
0.05,sign_flipping,48,td3_ref,15,0.7807999999999999,1570.814861536026,742.7884953022003
0.05,sign_flipping,48,td3_ref,50,0.8512000000000001,1570.814861536026,742.7884953022003
0.05,sign_flipping,48,td3_ref,150,0.8622000000000002,1570.814861536026,742.7884953022003
0.05,sign_flipping,48,fixed,15,0.7592000000000001,1605.756618976593,742.7884953022003
0.05,sign_flipping,48,fixed,50,0.8222999999999999,1605.756618976593,742.7884953022003
0.05,sign_flipping,48,fixed,150,0.8648999999999999,1605.756618976593,742.7884953022003
0.05,sign_flipping,48,linucb,15,0.5523,456.0506117343903,742.7884953022003
0.05,sign_flipping,48,linucb,50,0.5585000000000001,456.0506117343903,742.7884953022003
0.05,sign_flipping,48,linucb,150,0.5861000000000001,456.0506117343903,742.7884953022003
0.05,sign_flipping,48,dqn,15,0.624,589.0207285881042,742.7884953022003
0.05,sign_flipping,48,dqn,50,0.624,589.0207285881042,742.7884953022003
0.05,sign_flipping,48,dqn,150,0.6354,589.0207285881042,742.7884953022003
0.05,sign_flipping,48,rand_rule,15,0.5502,584.0062413215637,742.7884953022003
0.05,sign_flipping,48,rand_rule,50,0.6279,584.0062413215637,742.7884953022003
0.05,sign_flipping,48,rand_rule,150,0.6405,584.0062413215637,742.7884953022003
0.05,sign_flipping,48,rand_gradf,15,0.5935999999999999,646.7232596874237,742.7884953022003
0.05,sign_flipping,48,rand_gradf,50,0.6185999999999999,646.7232596874237,742.7884953022003
0.05,sign_flipping,48,rand_gradf,150,0.6756,646.7232596874237,742.7884953022003
0.05,sign_flipping,48,arm_rule_fedavg,15,0.604,421.924690246582,742.7884953022003
0.05,sign_flipping,48,arm_rule_fedavg,50,0.5703,421.924690246582,742.7884953022003
0.05,sign_flipping,48,arm_rule_fedavg,150,0.5677999999999999,421.924690246582,742.7884953022003
0.05,sign_flipping,48,arm_rule_fedprox,15,0.6029,257.51981592178345,742.7884953022003
0.05,sign_flipping,48,arm_rule_fedprox,50,0.5821,257.51981592178345,742.7884953022003
0.05,sign_flipping,48,arm_rule_fedprox,150,0.5609999999999999,257.51981592178345,742.7884953022003
0.05,sign_flipping,48,arm_rule_median,15,0.4580000000000001,388.5727689266205,742.7884953022003
0.05,sign_flipping,48,arm_rule_median,50,0.5631,388.5727689266205,742.7884953022003
0.05,sign_flipping,48,arm_rule_median,150,0.6340999999999999,388.5727689266205,742.7884953022003
0.05,sign_flipping,48,arm_rule_trimmed_mean,15,0.5067999999999999,540.4055244922638,742.7884953022003
0.05,sign_flipping,48,arm_rule_trimmed_mean,50,0.5709,540.4055244922638,742.7884953022003
0.05,sign_flipping,48,arm_rule_trimmed_mean,150,0.6083999999999999,540.4055244922638,742.7884953022003
0.05,sign_flipping,48,arm_rule_fltrust,15,0.595,413.6104872226715,742.7884953022003
0.05,sign_flipping,48,arm_rule_fltrust,50,0.7913,413.6104872226715,742.7884953022003
0.05,sign_flipping,48,arm_rule_fltrust,150,0.8424999999999999,413.6104872226715,742.7884953022003
0.05,sign_flipping,48,arm_rule_clustering,15,0.7401,317.0215334892273,742.7884953022003
0.05,sign_flipping,48,arm_rule_clustering,50,0.8484,317.0215334892273,742.7884953022003
0.05,sign_flipping,48,arm_rule_clustering,150,0.8755000000000001,317.0215334892273,742.7884953022003
0.05,sign_flipping,48,arm_rule_krum,15,0.098,569.4401836395264,742.7884953022003
0.05,sign_flipping,48,arm_rule_krum,50,0.1218999999999999,569.4401836395264,742.7884953022003
0.05,sign_flipping,48,arm_rule_krum,150,0.1336,569.4401836395264,742.7884953022003
0.05,sign_flipping,48,arm_gradf_fedavg,15,0.6189,479.5043807029724,742.7884953022003
0.05,sign_flipping,48,arm_gradf_fedavg,50,0.6496,479.5043807029724,742.7884953022003
0.05,sign_flipping,48,arm_gradf_fedavg,150,0.7198,479.5043807029724,742.7884953022003
0.05,sign_flipping,48,arm_gradf_fedprox,15,0.624,336.71981024742126,742.7884953022003
0.05,sign_flipping,48,arm_gradf_fedprox,50,0.624,336.71981024742126,742.7884953022003
0.05,sign_flipping,48,arm_gradf_fedprox,150,0.6354,336.71981024742126,742.7884953022003
0.05,sign_flipping,48,arm_gradf_median,15,0.5463,603.3477346897125,742.7884953022003
0.05,sign_flipping,48,arm_gradf_median,50,0.5804999999999999,603.3477346897125,742.7884953022003
0.05,sign_flipping,48,arm_gradf_median,150,0.5996,603.3477346897125,742.7884953022003
0.05,sign_flipping,48,arm_gradf_trimmed_mean,15,0.5572000000000001,338.3541085720062,742.7884953022003
0.05,sign_flipping,48,arm_gradf_trimmed_mean,50,0.5865,338.3541085720062,742.7884953022003
0.05,sign_flipping,48,arm_gradf_trimmed_mean,150,0.6023999999999999,338.3541085720062,742.7884953022003
0.05,sign_flipping,48,arm_gradf_fltrust,15,0.5473,302.79757285118103,742.7884953022003
0.05,sign_flipping,48,arm_gradf_fltrust,50,0.704,302.79757285118103,742.7884953022003
0.05,sign_flipping,48,arm_gradf_fltrust,150,0.7997000000000001,302.79757285118103,742.7884953022003
0.05,sign_flipping,48,arm_gradf_clustering,15,0.7438999999999999,396.49562311172485,742.7884953022003
0.05,sign_flipping,48,arm_gradf_clustering,50,0.806,396.49562311172485,742.7884953022003
0.05,sign_flipping,48,arm_gradf_clustering,150,0.8150000000000001,396.49562311172485,742.7884953022003
0.05,sign_flipping,48,arm_gradf_krum,15,0.0775999999999999,326.0988059043884,742.7884953022003
0.05,sign_flipping,48,arm_gradf_krum,50,0.3169,326.0988059043884,742.7884953022003
0.05,sign_flipping,48,arm_gradf_krum,150,0.3705,326.0988059043884,742.7884953022003
0.05,sign_flipping,49,td3_ref,15,0.5772,1646.353194475174,594.2114832401276
0.05,sign_flipping,49,td3_ref,50,0.5471,1646.353194475174,594.2114832401276
0.05,sign_flipping,49,td3_ref,150,0.7172,1646.353194475174,594.2114832401276
0.05,sign_flipping,49,fixed,15,0.6247,1578.146104812622,594.2114832401276
0.05,sign_flipping,49,fixed,50,0.7479,1578.146104812622,594.2114832401276
0.05,sign_flipping,49,fixed,150,0.833,1578.146104812622,594.2114832401276
0.05,sign_flipping,49,linucb,15,0.5532000000000001,402.7136929035187,594.2114832401276
0.05,sign_flipping,49,linucb,50,0.6343,402.7136929035187,594.2114832401276
0.05,sign_flipping,49,linucb,150,0.6089,402.7136929035187,594.2114832401276
0.05,sign_flipping,49,dqn,15,0.5572999999999999,460.6226737499237,594.2114832401276
0.05,sign_flipping,49,dqn,50,0.593,460.6226737499237,594.2114832401276
0.05,sign_flipping,49,dqn,150,0.6068,460.6226737499237,594.2114832401276
0.05,sign_flipping,49,rand_rule,15,0.6147,546.1417837142944,594.2114832401276
0.05,sign_flipping,49,rand_rule,50,0.6867000000000001,546.1417837142944,594.2114832401276
0.05,sign_flipping,49,rand_rule,150,0.6255,546.1417837142944,594.2114832401276
0.05,sign_flipping,49,rand_gradf,15,0.5356000000000001,331.9842004776001,594.2114832401276
0.05,sign_flipping,49,rand_gradf,50,0.6632,331.9842004776001,594.2114832401276
0.05,sign_flipping,49,rand_gradf,150,0.7622,331.9842004776001,594.2114832401276
0.05,sign_flipping,49,arm_rule_fedavg,15,0.6023,382.2341022491455,594.2114832401276
0.05,sign_flipping,49,arm_rule_fedavg,50,0.5695,382.2341022491455,594.2114832401276
0.05,sign_flipping,49,arm_rule_fedavg,150,0.5679000000000001,382.2341022491455,594.2114832401276
0.05,sign_flipping,49,arm_rule_fedprox,15,0.6022000000000001,654.7586534023285,594.2114832401276
0.05,sign_flipping,49,arm_rule_fedprox,50,0.5814,654.7586534023285,594.2114832401276
0.05,sign_flipping,49,arm_rule_fedprox,150,0.5610999999999999,654.7586534023285,594.2114832401276
0.05,sign_flipping,49,arm_rule_median,15,0.4586,567.0632009506226,594.2114832401276
0.05,sign_flipping,49,arm_rule_median,50,0.5633,567.0632009506226,594.2114832401276
0.05,sign_flipping,49,arm_rule_median,150,0.6321000000000001,567.0632009506226,594.2114832401276
0.05,sign_flipping,49,arm_rule_trimmed_mean,15,0.5073,425.1383633613586,594.2114832401276
0.05,sign_flipping,49,arm_rule_trimmed_mean,50,0.5712999999999999,425.1383633613586,594.2114832401276
0.05,sign_flipping,49,arm_rule_trimmed_mean,150,0.6086,425.1383633613586,594.2114832401276
0.05,sign_flipping,49,arm_rule_fltrust,15,0.6845,347.54388308525085,594.2114832401276
0.05,sign_flipping,49,arm_rule_fltrust,50,0.8165999999999999,347.54388308525085,594.2114832401276
0.05,sign_flipping,49,arm_rule_fltrust,150,0.8527999999999999,347.54388308525085,594.2114832401276
0.05,sign_flipping,49,arm_rule_clustering,15,0.7409,484.3726789951325,594.2114832401276
0.05,sign_flipping,49,arm_rule_clustering,50,0.8487,484.3726789951325,594.2114832401276
0.05,sign_flipping,49,arm_rule_clustering,150,0.8751,484.3726789951325,594.2114832401276
0.05,sign_flipping,49,arm_rule_krum,15,0.098,526.0119724273682,594.2114832401276
0.05,sign_flipping,49,arm_rule_krum,50,0.1218999999999999,526.0119724273682,594.2114832401276
0.05,sign_flipping,49,arm_rule_krum,150,0.1336,526.0119724273682,594.2114832401276
0.05,sign_flipping,49,arm_gradf_fedavg,15,0.6316,568.5566658973694,594.2114832401276
0.05,sign_flipping,49,arm_gradf_fedavg,50,0.6534000000000001,568.5566658973694,594.2114832401276
0.05,sign_flipping,49,arm_gradf_fedavg,150,0.6718,568.5566658973694,594.2114832401276
0.05,sign_flipping,49,arm_gradf_fedprox,15,0.6339,285.0432605743408,594.2114832401276
0.05,sign_flipping,49,arm_gradf_fedprox,50,0.6528,285.0432605743408,594.2114832401276
0.05,sign_flipping,49,arm_gradf_fedprox,150,0.6994,285.0432605743408,594.2114832401276
0.05,sign_flipping,49,arm_gradf_median,15,0.5467,381.1357352733612,594.2114832401276
0.05,sign_flipping,49,arm_gradf_median,50,0.5903,381.1357352733612,594.2114832401276
0.05,sign_flipping,49,arm_gradf_median,150,0.6027999999999999,381.1357352733612,594.2114832401276
0.05,sign_flipping,49,arm_gradf_trimmed_mean,15,0.5572999999999999,416.3844497203827,594.2114832401276
0.05,sign_flipping,49,arm_gradf_trimmed_mean,50,0.593,416.3844497203827,594.2114832401276
0.05,sign_flipping,49,arm_gradf_trimmed_mean,150,0.6068,416.3844497203827,594.2114832401276
0.05,sign_flipping,49,arm_gradf_fltrust,15,0.5965999999999999,633.8623542785645,594.2114832401276
0.05,sign_flipping,49,arm_gradf_fltrust,50,0.7306999999999999,633.8623542785645,594.2114832401276
0.05,sign_flipping,49,arm_gradf_fltrust,150,0.8219,633.8623542785645,594.2114832401276
0.05,sign_flipping,49,arm_gradf_clustering,15,0.7398,561.2893400192261,594.2114832401276
0.05,sign_flipping,49,arm_gradf_clustering,50,0.8375999999999999,561.2893400192261,594.2114832401276
0.05,sign_flipping,49,arm_gradf_clustering,150,0.8606999999999999,561.2893400192261,594.2114832401276
0.05,sign_flipping,49,arm_gradf_krum,15,0.1024,417.5310549736023,594.2114832401276
0.05,sign_flipping,49,arm_gradf_krum,50,0.1331,417.5310549736023,594.2114832401276
0.05,sign_flipping,49,arm_gradf_krum,150,0.1365,417.5310549736023,594.2114832401276
0.05,sign_flipping,50,td3_ref,15,0.6395,1553.782044649124,745.3245179653168
0.05,sign_flipping,50,td3_ref,50,0.7816000000000001,1553.782044649124,745.3245179653168
0.05,sign_flipping,50,td3_ref,150,0.8618,1553.782044649124,745.3245179653168
0.05,sign_flipping,50,fixed,15,0.6204,1580.0566432476044,745.3245179653168
0.05,sign_flipping,50,fixed,50,0.7923000000000001,1580.0566432476044,745.3245179653168
0.05,sign_flipping,50,fixed,150,0.8604999999999998,1580.0566432476044,745.3245179653168
0.05,sign_flipping,50,linucb,15,0.5524000000000001,502.0129415988922,745.3245179653168
0.05,sign_flipping,50,linucb,50,0.6234,502.0129415988922,745.3245179653168
0.05,sign_flipping,50,linucb,150,0.631,502.0129415988922,745.3245179653168
0.05,sign_flipping,50,dqn,15,0.7522,508.9060814380646,745.3245179653168
0.05,sign_flipping,50,dqn,50,0.8413999999999999,508.9060814380646,745.3245179653168
0.05,sign_flipping,50,dqn,150,0.8597999999999999,508.9060814380646,745.3245179653168
0.05,sign_flipping,50,rand_rule,15,0.5831999999999999,663.7158267498016,745.3245179653168
0.05,sign_flipping,50,rand_rule,50,0.5518000000000001,663.7158267498016,745.3245179653168
0.05,sign_flipping,50,rand_rule,150,0.601,663.7158267498016,745.3245179653168
0.05,sign_flipping,50,rand_gradf,15,0.5515,281.83417797088623,745.3245179653168
0.05,sign_flipping,50,rand_gradf,50,0.6683000000000001,281.83417797088623,745.3245179653168
0.05,sign_flipping,50,rand_gradf,150,0.778,281.83417797088623,745.3245179653168
0.05,sign_flipping,50,arm_rule_fedavg,15,0.6048,324.1646330356598,745.3245179653168
0.05,sign_flipping,50,arm_rule_fedavg,50,0.5707,324.1646330356598,745.3245179653168
0.05,sign_flipping,50,arm_rule_fedavg,150,0.5673999999999999,324.1646330356598,745.3245179653168
0.05,sign_flipping,50,arm_rule_fedprox,15,0.6036,333.6463301181793,745.3245179653168
0.05,sign_flipping,50,arm_rule_fedprox,50,0.5832999999999999,333.6463301181793,745.3245179653168
0.05,sign_flipping,50,arm_rule_fedprox,150,0.5609999999999999,333.6463301181793,745.3245179653168
0.05,sign_flipping,50,arm_rule_median,15,0.4575000000000001,333.1182496547699,745.3245179653168
0.05,sign_flipping,50,arm_rule_median,50,0.5628,333.1182496547699,745.3245179653168
0.05,sign_flipping,50,arm_rule_median,150,0.6342,333.1182496547699,745.3245179653168
0.05,sign_flipping,50,arm_rule_trimmed_mean,15,0.5063000000000001,262.01737904548645,745.3245179653168
0.05,sign_flipping,50,arm_rule_trimmed_mean,50,0.5713999999999999,262.01737904548645,745.3245179653168
0.05,sign_flipping,50,arm_rule_trimmed_mean,150,0.6095,262.01737904548645,745.3245179653168
0.05,sign_flipping,50,arm_rule_fltrust,15,0.6652,555.409853219986,745.3245179653168
0.05,sign_flipping,50,arm_rule_fltrust,50,0.7662,555.409853219986,745.3245179653168
0.05,sign_flipping,50,arm_rule_fltrust,150,0.8456999999999999,555.409853219986,745.3245179653168
0.05,sign_flipping,50,arm_rule_clustering,15,0.7404,401.19226908683777,745.3245179653168
0.05,sign_flipping,50,arm_rule_clustering,50,0.8493,401.19226908683777,745.3245179653168
0.05,sign_flipping,50,arm_rule_clustering,150,0.8753,401.19226908683777,745.3245179653168
0.05,sign_flipping,50,arm_rule_krum,15,0.098,552.5147085189819,745.3245179653168
0.05,sign_flipping,50,arm_rule_krum,50,0.1218999999999999,552.5147085189819,745.3245179653168
0.05,sign_flipping,50,arm_rule_krum,150,0.1336,552.5147085189819,745.3245179653168
0.05,sign_flipping,50,arm_gradf_fedavg,15,0.6359999999999999,324.7966480255127,745.3245179653168
0.05,sign_flipping,50,arm_gradf_fedavg,50,0.6849999999999999,324.7966480255127,745.3245179653168
0.05,sign_flipping,50,arm_gradf_fedavg,150,0.7001999999999999,324.7966480255127,745.3245179653168
0.05,sign_flipping,50,arm_gradf_fedprox,15,0.6187,724.5509884357452,745.3245179653168
0.05,sign_flipping,50,arm_gradf_fedprox,50,0.6955,724.5509884357452,745.3245179653168
0.05,sign_flipping,50,arm_gradf_fedprox,150,0.6955,724.5509884357452,745.3245179653168
0.05,sign_flipping,50,arm_gradf_median,15,0.5495,291.98364329338074,745.3245179653168
0.05,sign_flipping,50,arm_gradf_median,50,0.5894,291.98364329338074,745.3245179653168
0.05,sign_flipping,50,arm_gradf_median,150,0.6012000000000001,291.98364329338074,745.3245179653168
0.05,sign_flipping,50,arm_gradf_trimmed_mean,15,0.5593999999999999,511.38260984420776,745.3245179653168
0.05,sign_flipping,50,arm_gradf_trimmed_mean,50,0.5954999999999999,511.38260984420776,745.3245179653168
0.05,sign_flipping,50,arm_gradf_trimmed_mean,150,0.6021,511.38260984420776,745.3245179653168
0.05,sign_flipping,50,arm_gradf_fltrust,15,0.6305999999999999,554.8304395675659,745.3245179653168
0.05,sign_flipping,50,arm_gradf_fltrust,50,0.6925,554.8304395675659,745.3245179653168
0.05,sign_flipping,50,arm_gradf_fltrust,150,0.7824,554.8304395675659,745.3245179653168
0.05,sign_flipping,50,arm_gradf_clustering,15,0.7522,352.73858428001404,745.3245179653168
0.05,sign_flipping,50,arm_gradf_clustering,50,0.8413999999999999,352.73858428001404,745.3245179653168
0.05,sign_flipping,50,arm_gradf_clustering,150,0.8597999999999999,352.73858428001404,745.3245179653168
0.05,sign_flipping,50,arm_gradf_krum,15,0.2604,791.80437541008,745.3245179653168
0.05,sign_flipping,50,arm_gradf_krum,50,0.3233,791.80437541008,745.3245179653168
0.05,sign_flipping,50,arm_gradf_krum,150,0.3324,791.80437541008,745.3245179653168
0.05,sign_flipping,51,td3_ref,15,0.6965,1571.1170709133148,417.7347571849823
0.05,sign_flipping,51,td3_ref,50,0.8594999999999999,1571.1170709133148,417.7347571849823
0.05,sign_flipping,51,td3_ref,150,0.8568,1571.1170709133148,417.7347571849823
0.05,sign_flipping,51,fixed,15,0.6825,1590.7457916736605,417.7347571849823
0.05,sign_flipping,51,fixed,50,0.7883,1590.7457916736605,417.7347571849823
0.05,sign_flipping,51,fixed,150,0.8416,1590.7457916736605,417.7347571849823
0.05,sign_flipping,51,linucb,15,0.5241999999999999,376.8799207210541,417.7347571849823
0.05,sign_flipping,51,linucb,50,0.5913999999999999,376.8799207210541,417.7347571849823
0.05,sign_flipping,51,linucb,150,0.6057,376.8799207210541,417.7347571849823
0.05,sign_flipping,51,dqn,15,0.6372,735.7968678474426,417.7347571849823
0.05,sign_flipping,51,dqn,50,0.6992,735.7968678474426,417.7347571849823
0.05,sign_flipping,51,dqn,150,0.7521,735.7968678474426,417.7347571849823
0.05,sign_flipping,51,rand_rule,15,0.5843,682.6917564868927,417.7347571849823
0.05,sign_flipping,51,rand_rule,50,0.6527000000000001,682.6917564868927,417.7347571849823
0.05,sign_flipping,51,rand_rule,150,0.6415,682.6917564868927,417.7347571849823
0.05,sign_flipping,51,rand_gradf,15,0.5687,282.9290626049042,417.7347571849823
0.05,sign_flipping,51,rand_gradf,50,0.6789,282.9290626049042,417.7347571849823
0.05,sign_flipping,51,rand_gradf,150,0.7906000000000001,282.9290626049042,417.7347571849823
0.05,sign_flipping,51,arm_rule_fedavg,15,0.6044,366.41743421554565,417.7347571849823
0.05,sign_flipping,51,arm_rule_fedavg,50,0.5699,366.41743421554565,417.7347571849823
0.05,sign_flipping,51,arm_rule_fedavg,150,0.5680999999999999,366.41743421554565,417.7347571849823
0.05,sign_flipping,51,arm_rule_fedprox,15,0.6035999999999999,863.151914358139,417.7347571849823
0.05,sign_flipping,51,arm_rule_fedprox,50,0.5823,863.151914358139,417.7347571849823
0.05,sign_flipping,51,arm_rule_fedprox,150,0.5616000000000001,863.151914358139,417.7347571849823
0.05,sign_flipping,51,arm_rule_median,15,0.4578,305.8337926864624,417.7347571849823
0.05,sign_flipping,51,arm_rule_median,50,0.5621,305.8337926864624,417.7347571849823
0.05,sign_flipping,51,arm_rule_median,150,0.6334000000000001,305.8337926864624,417.7347571849823
0.05,sign_flipping,51,arm_rule_trimmed_mean,15,0.5075999999999999,305.57022166252136,417.7347571849823
0.05,sign_flipping,51,arm_rule_trimmed_mean,50,0.5704,305.57022166252136,417.7347571849823
0.05,sign_flipping,51,arm_rule_trimmed_mean,150,0.6087999999999999,305.57022166252136,417.7347571849823
0.05,sign_flipping,51,arm_rule_fltrust,15,0.5980999999999999,571.3412296772003,417.7347571849823
0.05,sign_flipping,51,arm_rule_fltrust,50,0.7395999999999999,571.3412296772003,417.7347571849823
0.05,sign_flipping,51,arm_rule_fltrust,150,0.8149999999999998,571.3412296772003,417.7347571849823
0.05,sign_flipping,51,arm_rule_clustering,15,0.741,516.2304840087891,417.7347571849823
0.05,sign_flipping,51,arm_rule_clustering,50,0.8482,516.2304840087891,417.7347571849823
0.05,sign_flipping,51,arm_rule_clustering,150,0.8754,516.2304840087891,417.7347571849823
0.05,sign_flipping,51,arm_rule_krum,15,0.098,463.1984581947327,417.7347571849823
0.05,sign_flipping,51,arm_rule_krum,50,0.1217999999999999,463.1984581947327,417.7347571849823
0.05,sign_flipping,51,arm_rule_krum,150,0.1336,463.1984581947327,417.7347571849823
0.05,sign_flipping,51,arm_gradf_fedavg,15,0.6372,244.2449419498444,417.7347571849823
0.05,sign_flipping,51,arm_gradf_fedavg,50,0.6992,244.2449419498444,417.7347571849823
0.05,sign_flipping,51,arm_gradf_fedavg,150,0.7521,244.2449419498444,417.7347571849823
0.05,sign_flipping,51,arm_gradf_fedprox,15,0.6235999999999999,344.9510760307312,417.7347571849823
0.05,sign_flipping,51,arm_gradf_fedprox,50,0.6980999999999999,344.9510760307312,417.7347571849823
0.05,sign_flipping,51,arm_gradf_fedprox,150,0.7418,344.9510760307312,417.7347571849823
0.05,sign_flipping,51,arm_gradf_median,15,0.5431,262.7510232925415,417.7347571849823
0.05,sign_flipping,51,arm_gradf_median,50,0.591,262.7510232925415,417.7347571849823
0.05,sign_flipping,51,arm_gradf_median,150,0.5966000000000001,262.7510232925415,417.7347571849823
0.05,sign_flipping,51,arm_gradf_trimmed_mean,15,0.5582,446.0105953216553,417.7347571849823
0.05,sign_flipping,51,arm_gradf_trimmed_mean,50,0.5927,446.0105953216553,417.7347571849823
0.05,sign_flipping,51,arm_gradf_trimmed_mean,150,0.601,446.0105953216553,417.7347571849823
0.05,sign_flipping,51,arm_gradf_fltrust,15,0.5246999999999999,509.6286387443543,417.7347571849823
0.05,sign_flipping,51,arm_gradf_fltrust,50,0.6693000000000001,509.6286387443543,417.7347571849823
0.05,sign_flipping,51,arm_gradf_fltrust,150,0.7588999999999999,509.6286387443543,417.7347571849823
0.05,sign_flipping,51,arm_gradf_clustering,15,0.7301,483.46830558776855,417.7347571849823
0.05,sign_flipping,51,arm_gradf_clustering,50,0.7822,483.46830558776855,417.7347571849823
0.05,sign_flipping,51,arm_gradf_clustering,150,0.8402,483.46830558776855,417.7347571849823
0.05,sign_flipping,51,arm_gradf_krum,15,0.0986,351.45929431915283,417.7347571849823
0.05,sign_flipping,51,arm_gradf_krum,50,0.1276999999999999,351.45929431915283,417.7347571849823
0.05,sign_flipping,51,arm_gradf_krum,150,0.1271,351.45929431915283,417.7347571849823
0.1,sign_flipping,42,td3_ref,15,0.8033999999999999,1706.6967225074768,500.467499256134
0.1,sign_flipping,42,td3_ref,50,0.8558999999999999,1706.6967225074768,500.467499256134
0.1,sign_flipping,42,td3_ref,150,0.8814,1706.6967225074768,500.467499256134
0.1,sign_flipping,42,fixed,15,0.8171000000000002,1714.63706946373,500.467499256134
0.1,sign_flipping,42,fixed,50,0.8626999999999999,1714.63706946373,500.467499256134
0.1,sign_flipping,42,fixed,150,0.8779999999999999,1714.63706946373,500.467499256134
0.1,sign_flipping,42,linucb,15,0.6061,258.0994794368744,500.467499256134
0.1,sign_flipping,42,linucb,50,0.7826000000000001,258.0994794368744,500.467499256134
0.1,sign_flipping,42,linucb,150,0.7192999999999999,258.0994794368744,500.467499256134
0.1,sign_flipping,42,dqn,15,0.7375,241.36463260650635,500.467499256134
0.1,sign_flipping,42,dqn,50,0.7375,241.36463260650635,500.467499256134
0.1,sign_flipping,42,dqn,150,0.7375,241.36463260650635,500.467499256134
0.1,sign_flipping,42,rand_rule,15,0.4574,164.77229404449463,500.467499256134
0.1,sign_flipping,42,rand_rule,50,0.6651,164.77229404449463,500.467499256134
0.1,sign_flipping,42,rand_rule,150,0.7258,164.77229404449463,500.467499256134
0.1,sign_flipping,42,rand_gradf,15,0.6424000000000001,165.84749126434326,500.467499256134
0.1,sign_flipping,42,rand_gradf,50,0.7739,165.84749126434326,500.467499256134
0.1,sign_flipping,42,rand_gradf,150,0.768,165.84749126434326,500.467499256134
0.1,sign_flipping,42,arm_rule_fedavg,15,0.6038000000000001,159.70079612731934,500.467499256134
0.1,sign_flipping,42,arm_rule_fedavg,50,0.5953999999999999,159.70079612731934,500.467499256134
0.1,sign_flipping,42,arm_rule_fedavg,150,0.6365000000000001,159.70079612731934,500.467499256134
0.1,sign_flipping,42,arm_rule_fedprox,15,0.6056,155.09497022628784,500.467499256134
0.1,sign_flipping,42,arm_rule_fedprox,50,0.5992,155.09497022628784,500.467499256134
0.1,sign_flipping,42,arm_rule_fedprox,150,0.6334,155.09497022628784,500.467499256134
0.1,sign_flipping,42,arm_rule_median,15,0.4208,152.93139052391052,500.467499256134
0.1,sign_flipping,42,arm_rule_median,50,0.4920000000000001,152.93139052391052,500.467499256134
0.1,sign_flipping,42,arm_rule_median,150,0.5388,152.93139052391052,500.467499256134
0.1,sign_flipping,42,arm_rule_trimmed_mean,15,0.4393999999999999,153.77151727676392,500.467499256134
0.1,sign_flipping,42,arm_rule_trimmed_mean,50,0.557,153.77151727676392,500.467499256134
0.1,sign_flipping,42,arm_rule_trimmed_mean,150,0.6162,153.77151727676392,500.467499256134
0.1,sign_flipping,42,arm_rule_fltrust,15,0.5909,164.42748379707336,500.467499256134
0.1,sign_flipping,42,arm_rule_fltrust,50,0.821,164.42748379707336,500.467499256134
0.1,sign_flipping,42,arm_rule_fltrust,150,0.8771000000000001,164.42748379707336,500.467499256134
0.1,sign_flipping,42,arm_rule_clustering,15,0.785,178.29006624221802,500.467499256134
0.1,sign_flipping,42,arm_rule_clustering,50,0.8708,178.29006624221802,500.467499256134
0.1,sign_flipping,42,arm_rule_clustering,150,0.8897,178.29006624221802,500.467499256134
0.1,sign_flipping,42,arm_rule_krum,15,0.1938,326.6874666213989,500.467499256134
0.1,sign_flipping,42,arm_rule_krum,50,0.2133,326.6874666213989,500.467499256134
0.1,sign_flipping,42,arm_rule_krum,150,0.2223,326.6874666213989,500.467499256134
0.1,sign_flipping,42,arm_gradf_fedavg,15,0.7108,423.13982248306274,500.467499256134
0.1,sign_flipping,42,arm_gradf_fedavg,50,0.7951,423.13982248306274,500.467499256134
0.1,sign_flipping,42,arm_gradf_fedavg,150,0.8070999999999999,423.13982248306274,500.467499256134
0.1,sign_flipping,42,arm_gradf_fedprox,15,0.7375,311.9432497024536,500.467499256134
0.1,sign_flipping,42,arm_gradf_fedprox,50,0.7375,311.9432497024536,500.467499256134
0.1,sign_flipping,42,arm_gradf_fedprox,150,0.7375,311.9432497024536,500.467499256134
0.1,sign_flipping,42,arm_gradf_median,15,0.4737,526.2123749256134,500.467499256134
0.1,sign_flipping,42,arm_gradf_median,50,0.5778999999999999,526.2123749256134,500.467499256134
0.1,sign_flipping,42,arm_gradf_median,150,0.611,526.2123749256134,500.467499256134
0.1,sign_flipping,42,arm_gradf_trimmed_mean,15,0.4904,313.197363615036,500.467499256134
0.1,sign_flipping,42,arm_gradf_trimmed_mean,50,0.6052,313.197363615036,500.467499256134
0.1,sign_flipping,42,arm_gradf_trimmed_mean,150,0.6749,313.197363615036,500.467499256134
0.1,sign_flipping,42,arm_gradf_fltrust,15,0.5700000000000001,347.81988883018494,500.467499256134
0.1,sign_flipping,42,arm_gradf_fltrust,50,0.6898,347.81988883018494,500.467499256134
0.1,sign_flipping,42,arm_gradf_fltrust,150,0.8296999999999999,347.81988883018494,500.467499256134
0.1,sign_flipping,42,arm_gradf_clustering,15,0.7845,492.38504695892334,500.467499256134
0.1,sign_flipping,42,arm_gradf_clustering,50,0.8363000000000002,492.38504695892334,500.467499256134
0.1,sign_flipping,42,arm_gradf_clustering,150,0.8138,492.38504695892334,500.467499256134
0.1,sign_flipping,42,arm_gradf_krum,15,0.2923,370.89846563339233,500.467499256134
0.1,sign_flipping,42,arm_gradf_krum,50,0.3115,370.89846563339233,500.467499256134
0.1,sign_flipping,42,arm_gradf_krum,150,0.3955,370.89846563339233,500.467499256134
0.1,sign_flipping,43,td3_ref,15,0.8311,1612.5503749847412,922.5863008499146
0.1,sign_flipping,43,td3_ref,50,0.8586,1612.5503749847412,922.5863008499146
0.1,sign_flipping,43,td3_ref,150,0.8908000000000001,1612.5503749847412,922.5863008499146
0.1,sign_flipping,43,fixed,15,0.8105,1626.2244033813477,922.5863008499146
0.1,sign_flipping,43,fixed,50,0.8657,1626.2244033813477,922.5863008499146
0.1,sign_flipping,43,fixed,150,0.8761000000000001,1626.2244033813477,922.5863008499146
0.1,sign_flipping,43,linucb,15,0.6094,532.1437118053436,922.5863008499146
0.1,sign_flipping,43,linucb,50,0.727,532.1437118053436,922.5863008499146
0.1,sign_flipping,43,linucb,150,0.7738000000000002,532.1437118053436,922.5863008499146
0.1,sign_flipping,43,dqn,15,0.7725000000000001,471.26873421669006,922.5863008499146
0.1,sign_flipping,43,dqn,50,0.7963000000000001,471.26873421669006,922.5863008499146
0.1,sign_flipping,43,dqn,150,0.8034000000000001,471.26873421669006,922.5863008499146
0.1,sign_flipping,43,rand_rule,15,0.587,462.4795660972595,922.5863008499146
0.1,sign_flipping,43,rand_rule,50,0.7213999999999998,462.4795660972595,922.5863008499146
0.1,sign_flipping,43,rand_rule,150,0.7169,462.4795660972595,922.5863008499146
0.1,sign_flipping,43,rand_gradf,15,0.6423,537.3278987407684,922.5863008499146
0.1,sign_flipping,43,rand_gradf,50,0.7684000000000001,537.3278987407684,922.5863008499146
0.1,sign_flipping,43,rand_gradf,150,0.7975000000000001,537.3278987407684,922.5863008499146
0.1,sign_flipping,43,arm_rule_fedavg,15,0.6033000000000002,420.3548104763031,922.5863008499146
0.1,sign_flipping,43,arm_rule_fedavg,50,0.598,420.3548104763031,922.5863008499146
0.1,sign_flipping,43,arm_rule_fedavg,150,0.6367999999999999,420.3548104763031,922.5863008499146
0.1,sign_flipping,43,arm_rule_fedprox,15,0.6056,609.9487183094025,922.5863008499146
0.1,sign_flipping,43,arm_rule_fedprox,50,0.6021,609.9487183094025,922.5863008499146
0.1,sign_flipping,43,arm_rule_fedprox,150,0.6331,609.9487183094025,922.5863008499146
0.1,sign_flipping,43,arm_rule_median,15,0.42,357.6457669734955,922.5863008499146
0.1,sign_flipping,43,arm_rule_median,50,0.4921000000000001,357.6457669734955,922.5863008499146
0.1,sign_flipping,43,arm_rule_median,150,0.5396000000000001,357.6457669734955,922.5863008499146
0.1,sign_flipping,43,arm_rule_trimmed_mean,15,0.4389999999999999,499.2892084121704,922.5863008499146
0.1,sign_flipping,43,arm_rule_trimmed_mean,50,0.5566,499.2892084121704,922.5863008499146
0.1,sign_flipping,43,arm_rule_trimmed_mean,150,0.6163,499.2892084121704,922.5863008499146
0.1,sign_flipping,43,arm_rule_fltrust,15,0.6343,415.5032181739807,922.5863008499146
0.1,sign_flipping,43,arm_rule_fltrust,50,0.845,415.5032181739807,922.5863008499146
0.1,sign_flipping,43,arm_rule_fltrust,150,0.8718999999999999,415.5032181739807,922.5863008499146
0.1,sign_flipping,43,arm_rule_clustering,15,0.7832000000000001,272.3142206668854,922.5863008499146
0.1,sign_flipping,43,arm_rule_clustering,50,0.8715999999999999,272.3142206668854,922.5863008499146
0.1,sign_flipping,43,arm_rule_clustering,150,0.8734999999999999,272.3142206668854,922.5863008499146
0.1,sign_flipping,43,arm_rule_krum,15,0.194,387.5919437408447,922.5863008499146
0.1,sign_flipping,43,arm_rule_krum,50,0.2132,387.5919437408447,922.5863008499146
0.1,sign_flipping,43,arm_rule_krum,150,0.2222,387.5919437408447,922.5863008499146
0.1,sign_flipping,43,arm_gradf_fedavg,15,0.7725000000000001,507.9020369052887,922.5863008499146
0.1,sign_flipping,43,arm_gradf_fedavg,50,0.7963000000000001,507.9020369052887,922.5863008499146
0.1,sign_flipping,43,arm_gradf_fedavg,150,0.8034000000000001,507.9020369052887,922.5863008499146
0.1,sign_flipping,43,arm_gradf_fedprox,15,0.6959000000000001,319.70305705070496,922.5863008499146
0.1,sign_flipping,43,arm_gradf_fedprox,50,0.7724,319.70305705070496,922.5863008499146
0.1,sign_flipping,43,arm_gradf_fedprox,150,0.7935000000000001,319.70305705070496,922.5863008499146
0.1,sign_flipping,43,arm_gradf_median,15,0.4792999999999999,493.6652209758759,922.5863008499146
0.1,sign_flipping,43,arm_gradf_median,50,0.5774999999999999,493.6652209758759,922.5863008499146
0.1,sign_flipping,43,arm_gradf_median,150,0.6539,493.6652209758759,922.5863008499146
0.1,sign_flipping,43,arm_gradf_trimmed_mean,15,0.4965,436.21339559555054,922.5863008499146
0.1,sign_flipping,43,arm_gradf_trimmed_mean,50,0.6013,436.21339559555054,922.5863008499146
0.1,sign_flipping,43,arm_gradf_trimmed_mean,150,0.6678000000000001,436.21339559555054,922.5863008499146
0.1,sign_flipping,43,arm_gradf_fltrust,15,0.5699,314.93012046813965,922.5863008499146
0.1,sign_flipping,43,arm_gradf_fltrust,50,0.7371000000000001,314.93012046813965,922.5863008499146
0.1,sign_flipping,43,arm_gradf_fltrust,150,0.8514999999999999,314.93012046813965,922.5863008499146
0.1,sign_flipping,43,arm_gradf_clustering,15,0.7678,339.9505906105041,922.5863008499146
0.1,sign_flipping,43,arm_gradf_clustering,50,0.8199,339.9505906105041,922.5863008499146
0.1,sign_flipping,43,arm_gradf_clustering,150,0.85,339.9505906105041,922.5863008499146
0.1,sign_flipping,43,arm_gradf_krum,15,0.2789,495.7206892967224,922.5863008499146
0.1,sign_flipping,43,arm_gradf_krum,50,0.2404,495.7206892967224,922.5863008499146
0.1,sign_flipping,43,arm_gradf_krum,150,0.2894,495.7206892967224,922.5863008499146
0.1,sign_flipping,44,td3_ref,15,0.8195,1619.669064283371,673.5833220481873
0.1,sign_flipping,44,td3_ref,50,0.8623,1619.669064283371,673.5833220481873
0.1,sign_flipping,44,td3_ref,150,0.8889000000000001,1619.669064283371,673.5833220481873
0.1,sign_flipping,44,fixed,15,0.8226999999999999,1665.3056101799011,673.5833220481873
0.1,sign_flipping,44,fixed,50,0.8381000000000001,1665.3056101799011,673.5833220481873
0.1,sign_flipping,44,fixed,150,0.8882,1665.3056101799011,673.5833220481873
0.1,sign_flipping,44,linucb,15,0.6066,389.4623608589173,673.5833220481873
0.1,sign_flipping,44,linucb,50,0.7974,389.4623608589173,673.5833220481873
0.1,sign_flipping,44,linucb,150,0.8503999999999999,389.4623608589173,673.5833220481873
0.1,sign_flipping,44,dqn,15,0.5729,390.7339828014374,673.5833220481873
0.1,sign_flipping,44,dqn,50,0.7126,390.7339828014374,673.5833220481873
0.1,sign_flipping,44,dqn,150,0.841,390.7339828014374,673.5833220481873
0.1,sign_flipping,44,rand_rule,15,0.5549000000000001,320.0717439651489,673.5833220481873
0.1,sign_flipping,44,rand_rule,50,0.6950000000000001,320.0717439651489,673.5833220481873
0.1,sign_flipping,44,rand_rule,150,0.721,320.0717439651489,673.5833220481873
0.1,sign_flipping,44,rand_gradf,15,0.6138,287.5017054080963,673.5833220481873
0.1,sign_flipping,44,rand_gradf,50,0.7787,287.5017054080963,673.5833220481873
0.1,sign_flipping,44,rand_gradf,150,0.8472000000000002,287.5017054080963,673.5833220481873
0.1,sign_flipping,44,arm_rule_fedavg,15,0.603,286.9851508140564,673.5833220481873
0.1,sign_flipping,44,arm_rule_fedavg,50,0.5952999999999999,286.9851508140564,673.5833220481873
0.1,sign_flipping,44,arm_rule_fedavg,150,0.6365000000000001,286.9851508140564,673.5833220481873
0.1,sign_flipping,44,arm_rule_fedprox,15,0.6047999999999999,304.63049602508545,673.5833220481873
0.1,sign_flipping,44,arm_rule_fedprox,50,0.5992,304.63049602508545,673.5833220481873
0.1,sign_flipping,44,arm_rule_fedprox,150,0.6332000000000001,304.63049602508545,673.5833220481873
0.1,sign_flipping,44,arm_rule_median,15,0.4193,401.3482255935669,673.5833220481873
0.1,sign_flipping,44,arm_rule_median,50,0.4920999999999999,401.3482255935669,673.5833220481873
0.1,sign_flipping,44,arm_rule_median,150,0.5391000000000001,401.3482255935669,673.5833220481873
0.1,sign_flipping,44,arm_rule_trimmed_mean,15,0.4385,551.8796095848083,673.5833220481873
0.1,sign_flipping,44,arm_rule_trimmed_mean,50,0.5551999999999999,551.8796095848083,673.5833220481873
0.1,sign_flipping,44,arm_rule_trimmed_mean,150,0.616,551.8796095848083,673.5833220481873
0.1,sign_flipping,44,arm_rule_fltrust,15,0.6073999999999999,394.8694357872009,673.5833220481873
0.1,sign_flipping,44,arm_rule_fltrust,50,0.8309,394.8694357872009,673.5833220481873
0.1,sign_flipping,44,arm_rule_fltrust,150,0.8742000000000001,394.8694357872009,673.5833220481873
0.1,sign_flipping,44,arm_rule_clustering,15,0.7825,482.8235294818878,673.5833220481873
0.1,sign_flipping,44,arm_rule_clustering,50,0.8704000000000001,482.8235294818878,673.5833220481873
0.1,sign_flipping,44,arm_rule_clustering,150,0.8733000000000001,482.8235294818878,673.5833220481873
0.1,sign_flipping,44,arm_rule_krum,15,0.1935,602.0788209438324,673.5833220481873
0.1,sign_flipping,44,arm_rule_krum,50,0.2132,602.0788209438324,673.5833220481873
0.1,sign_flipping,44,arm_rule_krum,150,0.2224,602.0788209438324,673.5833220481873
0.1,sign_flipping,44,arm_gradf_fedavg,15,0.7019,614.47642827034,673.5833220481873
0.1,sign_flipping,44,arm_gradf_fedavg,50,0.7019,614.47642827034,673.5833220481873
0.1,sign_flipping,44,arm_gradf_fedavg,150,0.7019,614.47642827034,673.5833220481873
0.1,sign_flipping,44,arm_gradf_fedprox,15,0.7613,519.3076729774475,673.5833220481873
0.1,sign_flipping,44,arm_gradf_fedprox,50,0.7975000000000001,519.3076729774475,673.5833220481873
0.1,sign_flipping,44,arm_gradf_fedprox,150,0.8105,519.3076729774475,673.5833220481873
0.1,sign_flipping,44,arm_gradf_median,15,0.4734999999999999,1053.2972309589386,673.5833220481873
0.1,sign_flipping,44,arm_gradf_median,50,0.5657,1053.2972309589386,673.5833220481873
0.1,sign_flipping,44,arm_gradf_median,150,0.6334000000000002,1053.2972309589386,673.5833220481873
0.1,sign_flipping,44,arm_gradf_trimmed_mean,15,0.4884,498.5670335292816,673.5833220481873
0.1,sign_flipping,44,arm_gradf_trimmed_mean,50,0.5979,498.5670335292816,673.5833220481873
0.1,sign_flipping,44,arm_gradf_trimmed_mean,150,0.7113,498.5670335292816,673.5833220481873
0.1,sign_flipping,44,arm_gradf_fltrust,15,0.5729,716.1199350357056,673.5833220481873
0.1,sign_flipping,44,arm_gradf_fltrust,50,0.7126,716.1199350357056,673.5833220481873
0.1,sign_flipping,44,arm_gradf_fltrust,150,0.841,716.1199350357056,673.5833220481873
0.1,sign_flipping,44,arm_gradf_clustering,15,0.7083999999999999,628.1496653556824,673.5833220481873
0.1,sign_flipping,44,arm_gradf_clustering,50,0.7083999999999999,628.1496653556824,673.5833220481873
0.1,sign_flipping,44,arm_gradf_clustering,150,0.7083999999999999,628.1496653556824,673.5833220481873
0.1,sign_flipping,44,arm_gradf_krum,15,0.1797,523.5014550685883,673.5833220481873
0.1,sign_flipping,44,arm_gradf_krum,50,0.1982,523.5014550685883,673.5833220481873
0.1,sign_flipping,44,arm_gradf_krum,150,0.2307999999999999,523.5014550685883,673.5833220481873
0.1,sign_flipping,45,td3_ref,15,0.7984000000000001,1600.3405385017395,693.6075804233551
0.1,sign_flipping,45,td3_ref,50,0.8714999999999999,1600.3405385017395,693.6075804233551
0.1,sign_flipping,45,td3_ref,150,0.8714999999999999,1600.3405385017395,693.6075804233551
0.1,sign_flipping,45,fixed,15,0.8179000000000001,1588.4481556415558,693.6075804233551
0.1,sign_flipping,45,fixed,50,0.8401,1588.4481556415558,693.6075804233551
0.1,sign_flipping,45,fixed,150,0.8728,1588.4481556415558,693.6075804233551
0.1,sign_flipping,45,linucb,15,0.6108999999999999,538.6041197776794,693.6075804233551
0.1,sign_flipping,45,linucb,50,0.7921000000000001,538.6041197776794,693.6075804233551
0.1,sign_flipping,45,linucb,150,0.8091999999999999,538.6041197776794,693.6075804233551
0.1,sign_flipping,45,dqn,15,0.5766,568.87042760849,693.6075804233551
0.1,sign_flipping,45,dqn,50,0.6989,568.87042760849,693.6075804233551
0.1,sign_flipping,45,dqn,150,0.8273999999999999,568.87042760849,693.6075804233551
0.1,sign_flipping,45,rand_rule,15,0.6811,404.9940459728241,693.6075804233551
0.1,sign_flipping,45,rand_rule,50,0.6952999999999998,404.9940459728241,693.6075804233551
0.1,sign_flipping,45,rand_rule,150,0.6832,404.9940459728241,693.6075804233551
0.1,sign_flipping,45,rand_gradf,15,0.6409999999999999,296.30074739456177,693.6075804233551
0.1,sign_flipping,45,rand_gradf,50,0.7234999999999999,296.30074739456177,693.6075804233551
0.1,sign_flipping,45,rand_gradf,150,0.8054,296.30074739456177,693.6075804233551
0.1,sign_flipping,45,arm_rule_fedavg,15,0.6052,371.13127064704895,693.6075804233551
0.1,sign_flipping,45,arm_rule_fedavg,50,0.5952999999999999,371.13127064704895,693.6075804233551
0.1,sign_flipping,45,arm_rule_fedavg,150,0.6364,371.13127064704895,693.6075804233551
0.1,sign_flipping,45,arm_rule_fedprox,15,0.6071,433.1262512207031,693.6075804233551
0.1,sign_flipping,45,arm_rule_fedprox,50,0.5980999999999999,433.1262512207031,693.6075804233551
0.1,sign_flipping,45,arm_rule_fedprox,150,0.6332,433.1262512207031,693.6075804233551
0.1,sign_flipping,45,arm_rule_median,15,0.4206999999999999,949.9629600048064,693.6075804233551
0.1,sign_flipping,45,arm_rule_median,50,0.4921,949.9629600048064,693.6075804233551
0.1,sign_flipping,45,arm_rule_median,150,0.5395000000000001,949.9629600048064,693.6075804233551
0.1,sign_flipping,45,arm_rule_trimmed_mean,15,0.4387,578.9526529312134,693.6075804233551
0.1,sign_flipping,45,arm_rule_trimmed_mean,50,0.5564,578.9526529312134,693.6075804233551
0.1,sign_flipping,45,arm_rule_trimmed_mean,150,0.6163,578.9526529312134,693.6075804233551
0.1,sign_flipping,45,arm_rule_fltrust,15,0.6705,409.5110189914704,693.6075804233551
0.1,sign_flipping,45,arm_rule_fltrust,50,0.8217000000000001,409.5110189914704,693.6075804233551
0.1,sign_flipping,45,arm_rule_fltrust,150,0.8627,409.5110189914704,693.6075804233551
0.1,sign_flipping,45,arm_rule_clustering,15,0.7853,624.2780601978302,693.6075804233551
0.1,sign_flipping,45,arm_rule_clustering,50,0.8705,624.2780601978302,693.6075804233551
0.1,sign_flipping,45,arm_rule_clustering,150,0.8895,624.2780601978302,693.6075804233551
0.1,sign_flipping,45,arm_rule_krum,15,0.194,802.7110478878021,693.6075804233551
0.1,sign_flipping,45,arm_rule_krum,50,0.213,802.7110478878021,693.6075804233551
0.1,sign_flipping,45,arm_rule_krum,150,0.2222,802.7110478878021,693.6075804233551
0.1,sign_flipping,45,arm_gradf_fedavg,15,0.7628000000000001,355.6726179122925,693.6075804233551
0.1,sign_flipping,45,arm_gradf_fedavg,50,0.7758999999999999,355.6726179122925,693.6075804233551
0.1,sign_flipping,45,arm_gradf_fedavg,150,0.7758999999999999,355.6726179122925,693.6075804233551
0.1,sign_flipping,45,arm_gradf_fedprox,15,0.7628,643.3756339550018,693.6075804233551
0.1,sign_flipping,45,arm_gradf_fedprox,50,0.7628,643.3756339550018,693.6075804233551
0.1,sign_flipping,45,arm_gradf_fedprox,150,0.7628,643.3756339550018,693.6075804233551
0.1,sign_flipping,45,arm_gradf_median,15,0.4745999999999999,483.063829421997,693.6075804233551
0.1,sign_flipping,45,arm_gradf_median,50,0.5578000000000001,483.063829421997,693.6075804233551
0.1,sign_flipping,45,arm_gradf_median,150,0.6046999999999999,483.063829421997,693.6075804233551
0.1,sign_flipping,45,arm_gradf_trimmed_mean,15,0.4936999999999999,581.1254398822784,693.6075804233551
0.1,sign_flipping,45,arm_gradf_trimmed_mean,50,0.5841000000000001,581.1254398822784,693.6075804233551
0.1,sign_flipping,45,arm_gradf_trimmed_mean,150,0.6981,581.1254398822784,693.6075804233551
0.1,sign_flipping,45,arm_gradf_fltrust,15,0.5766,492.9453172683716,693.6075804233551
0.1,sign_flipping,45,arm_gradf_fltrust,50,0.6989,492.9453172683716,693.6075804233551
0.1,sign_flipping,45,arm_gradf_fltrust,150,0.8273999999999999,492.9453172683716,693.6075804233551
0.1,sign_flipping,45,arm_gradf_clustering,15,0.7897000000000001,441.9281666278839,693.6075804233551
0.1,sign_flipping,45,arm_gradf_clustering,50,0.8362999999999999,441.9281666278839,693.6075804233551
0.1,sign_flipping,45,arm_gradf_clustering,150,0.8542,441.9281666278839,693.6075804233551
0.1,sign_flipping,45,arm_gradf_krum,15,0.2032,528.0724310874939,693.6075804233551
0.1,sign_flipping,45,arm_gradf_krum,50,0.2682,528.0724310874939,693.6075804233551
0.1,sign_flipping,45,arm_gradf_krum,150,0.4305,528.0724310874939,693.6075804233551
0.1,sign_flipping,46,td3_ref,15,0.8065000000000001,1566.8667404651642,437.66935896873474
0.1,sign_flipping,46,td3_ref,50,0.8543,1566.8667404651642,437.66935896873474
0.1,sign_flipping,46,td3_ref,150,0.8724000000000001,1566.8667404651642,437.66935896873474
0.1,sign_flipping,46,fixed,15,0.8058000000000002,1561.5651950836182,437.66935896873474
0.1,sign_flipping,46,fixed,50,0.8629000000000001,1561.5651950836182,437.66935896873474
0.1,sign_flipping,46,fixed,150,0.882,1561.5651950836182,437.66935896873474
0.1,sign_flipping,46,linucb,15,0.6197999999999999,341.7944841384888,437.66935896873474
0.1,sign_flipping,46,linucb,50,0.7255,341.7944841384888,437.66935896873474
0.1,sign_flipping,46,linucb,150,0.785,341.7944841384888,437.66935896873474
0.1,sign_flipping,46,dqn,15,0.7809,390.7841770648956,437.66935896873474
0.1,sign_flipping,46,dqn,50,0.8206000000000001,390.7841770648956,437.66935896873474
0.1,sign_flipping,46,dqn,150,0.8337999999999999,390.7841770648956,437.66935896873474
0.1,sign_flipping,46,rand_rule,15,0.5951,545.2336580753326,437.66935896873474
0.1,sign_flipping,46,rand_rule,50,0.7151,545.2336580753326,437.66935896873474
0.1,sign_flipping,46,rand_rule,150,0.731,545.2336580753326,437.66935896873474
0.1,sign_flipping,46,rand_gradf,15,0.6050000000000001,285.3380184173584,437.66935896873474
0.1,sign_flipping,46,rand_gradf,50,0.7771,285.3380184173584,437.66935896873474
0.1,sign_flipping,46,rand_gradf,150,0.8366,285.3380184173584,437.66935896873474
0.1,sign_flipping,46,arm_rule_fedavg,15,0.6037,511.418919801712,437.66935896873474
0.1,sign_flipping,46,arm_rule_fedavg,50,0.5946999999999999,511.418919801712,437.66935896873474
0.1,sign_flipping,46,arm_rule_fedavg,150,0.6363,511.418919801712,437.66935896873474
0.1,sign_flipping,46,arm_rule_fedprox,15,0.6056,657.7097775936127,437.66935896873474
0.1,sign_flipping,46,arm_rule_fedprox,50,0.5976000000000001,657.7097775936127,437.66935896873474
0.1,sign_flipping,46,arm_rule_fedprox,150,0.6327999999999999,657.7097775936127,437.66935896873474
0.1,sign_flipping,46,arm_rule_median,15,0.4202,811.6709191799164,437.66935896873474
0.1,sign_flipping,46,arm_rule_median,50,0.4913999999999999,811.6709191799164,437.66935896873474
0.1,sign_flipping,46,arm_rule_median,150,0.5411,811.6709191799164,437.66935896873474
0.1,sign_flipping,46,arm_rule_trimmed_mean,15,0.4387999999999999,590.2478847503662,437.66935896873474
0.1,sign_flipping,46,arm_rule_trimmed_mean,50,0.5551,590.2478847503662,437.66935896873474
0.1,sign_flipping,46,arm_rule_trimmed_mean,150,0.6169999999999999,590.2478847503662,437.66935896873474
0.1,sign_flipping,46,arm_rule_fltrust,15,0.5735,638.8901381492615,437.66935896873474
0.1,sign_flipping,46,arm_rule_fltrust,50,0.8150000000000001,638.8901381492615,437.66935896873474
0.1,sign_flipping,46,arm_rule_fltrust,150,0.8722999999999999,638.8901381492615,437.66935896873474
0.1,sign_flipping,46,arm_rule_clustering,15,0.7842999999999999,500.2461619377136,437.66935896873474
0.1,sign_flipping,46,arm_rule_clustering,50,0.8707,500.2461619377136,437.66935896873474
0.1,sign_flipping,46,arm_rule_clustering,150,0.8877,500.2461619377136,437.66935896873474
0.1,sign_flipping,46,arm_rule_krum,15,0.1938,251.4197030067444,437.66935896873474
0.1,sign_flipping,46,arm_rule_krum,50,0.2133999999999999,251.4197030067444,437.66935896873474
0.1,sign_flipping,46,arm_rule_krum,150,0.2224,251.4197030067444,437.66935896873474
0.1,sign_flipping,46,arm_gradf_fedavg,15,0.7548999999999999,511.4640419483185,437.66935896873474
0.1,sign_flipping,46,arm_gradf_fedavg,50,0.7548999999999999,511.4640419483185,437.66935896873474
0.1,sign_flipping,46,arm_gradf_fedavg,150,0.7548999999999999,511.4640419483185,437.66935896873474
0.1,sign_flipping,46,arm_gradf_fedprox,15,0.7327,356.40547251701355,437.66935896873474
0.1,sign_flipping,46,arm_gradf_fedprox,50,0.7327,356.40547251701355,437.66935896873474
0.1,sign_flipping,46,arm_gradf_fedprox,150,0.7910999999999999,356.40547251701355,437.66935896873474
0.1,sign_flipping,46,arm_gradf_median,15,0.4768,456.2590134143829,437.66935896873474
0.1,sign_flipping,46,arm_gradf_median,50,0.5773999999999999,456.2590134143829,437.66935896873474
0.1,sign_flipping,46,arm_gradf_median,150,0.6209,456.2590134143829,437.66935896873474
0.1,sign_flipping,46,arm_gradf_trimmed_mean,15,0.4891,239.3314998149872,437.66935896873474
0.1,sign_flipping,46,arm_gradf_trimmed_mean,50,0.5989000000000001,239.3314998149872,437.66935896873474
0.1,sign_flipping,46,arm_gradf_trimmed_mean,150,0.6942999999999999,239.3314998149872,437.66935896873474
0.1,sign_flipping,46,arm_gradf_fltrust,15,0.5527000000000001,609.3889565467834,437.66935896873474
0.1,sign_flipping,46,arm_gradf_fltrust,50,0.6769000000000001,609.3889565467834,437.66935896873474
0.1,sign_flipping,46,arm_gradf_fltrust,150,0.829,609.3889565467834,437.66935896873474
0.1,sign_flipping,46,arm_gradf_clustering,15,0.7809,343.6032438278198,437.66935896873474
0.1,sign_flipping,46,arm_gradf_clustering,50,0.8206000000000001,343.6032438278198,437.66935896873474
0.1,sign_flipping,46,arm_gradf_clustering,150,0.8605,343.6032438278198,437.66935896873474
0.1,sign_flipping,46,arm_gradf_krum,15,0.1843999999999999,428.1251499652863,437.66935896873474
0.1,sign_flipping,46,arm_gradf_krum,50,0.4147999999999999,428.1251499652863,437.66935896873474
0.1,sign_flipping,46,arm_gradf_krum,150,0.4516,428.1251499652863,437.66935896873474
0.1,sign_flipping,47,td3_ref,15,0.7888000000000002,1514.0016927719116,592.1803071498871
0.1,sign_flipping,47,td3_ref,50,0.86,1514.0016927719116,592.1803071498871
0.1,sign_flipping,47,td3_ref,150,0.8931000000000001,1514.0016927719116,592.1803071498871
0.1,sign_flipping,47,fixed,15,0.8066000000000001,1542.7532017230988,592.1803071498871
0.1,sign_flipping,47,fixed,50,0.8552,1542.7532017230988,592.1803071498871
0.1,sign_flipping,47,fixed,150,0.8796999999999999,1542.7532017230988,592.1803071498871
0.1,sign_flipping,47,linucb,15,0.6102,453.42597222328186,592.1803071498871
0.1,sign_flipping,47,linucb,50,0.7634000000000001,453.42597222328186,592.1803071498871
0.1,sign_flipping,47,linucb,150,0.7832000000000001,453.42597222328186,592.1803071498871
0.1,sign_flipping,47,dqn,15,0.8028000000000001,393.9216091632843,592.1803071498871
0.1,sign_flipping,47,dqn,50,0.7723000000000001,393.9216091632843,592.1803071498871
0.1,sign_flipping,47,dqn,150,0.8606999999999999,393.9216091632843,592.1803071498871
0.1,sign_flipping,47,rand_rule,15,0.5715,330.11152720451355,592.1803071498871
0.1,sign_flipping,47,rand_rule,50,0.6709,330.11152720451355,592.1803071498871
0.1,sign_flipping,47,rand_rule,150,0.7186,330.11152720451355,592.1803071498871
0.1,sign_flipping,47,rand_gradf,15,0.5927,441.56942987442017,592.1803071498871
0.1,sign_flipping,47,rand_gradf,50,0.7212,441.56942987442017,592.1803071498871
0.1,sign_flipping,47,rand_gradf,150,0.776,441.56942987442017,592.1803071498871
0.1,sign_flipping,47,arm_rule_fedavg,15,0.6033999999999999,507.7310345172882,592.1803071498871
0.1,sign_flipping,47,arm_rule_fedavg,50,0.5961000000000001,507.7310345172882,592.1803071498871
0.1,sign_flipping,47,arm_rule_fedavg,150,0.6367999999999999,507.7310345172882,592.1803071498871
0.1,sign_flipping,47,arm_rule_fedprox,15,0.6058999999999999,1066.9692924022677,592.1803071498871
0.1,sign_flipping,47,arm_rule_fedprox,50,0.5997000000000001,1066.9692924022677,592.1803071498871
0.1,sign_flipping,47,arm_rule_fedprox,150,0.6332000000000001,1066.9692924022677,592.1803071498871
0.1,sign_flipping,47,arm_rule_median,15,0.4199,504.3274748325348,592.1803071498871
0.1,sign_flipping,47,arm_rule_median,50,0.4914999999999999,504.3274748325348,592.1803071498871
0.1,sign_flipping,47,arm_rule_median,150,0.5373,504.3274748325348,592.1803071498871
0.1,sign_flipping,47,arm_rule_trimmed_mean,15,0.4389999999999999,258.79814434051514,592.1803071498871
0.1,sign_flipping,47,arm_rule_trimmed_mean,50,0.5551999999999999,258.79814434051514,592.1803071498871
0.1,sign_flipping,47,arm_rule_trimmed_mean,150,0.6158,258.79814434051514,592.1803071498871
0.1,sign_flipping,47,arm_rule_fltrust,15,0.6445,427.28883934021,592.1803071498871
0.1,sign_flipping,47,arm_rule_fltrust,50,0.8333999999999999,427.28883934021,592.1803071498871
0.1,sign_flipping,47,arm_rule_fltrust,150,0.8591,427.28883934021,592.1803071498871
0.1,sign_flipping,47,arm_rule_clustering,15,0.7841,486.9307765960693,592.1803071498871
0.1,sign_flipping,47,arm_rule_clustering,50,0.8705,486.9307765960693,592.1803071498871
0.1,sign_flipping,47,arm_rule_clustering,150,0.7876000000000001,486.9307765960693,592.1803071498871
0.1,sign_flipping,47,arm_rule_krum,15,0.194,578.5008850097656,592.1803071498871
0.1,sign_flipping,47,arm_rule_krum,50,0.2132,578.5008850097656,592.1803071498871
0.1,sign_flipping,47,arm_rule_krum,150,0.2222,578.5008850097656,592.1803071498871
0.1,sign_flipping,47,arm_gradf_fedavg,15,0.7639,430.617683172226,592.1803071498871
0.1,sign_flipping,47,arm_gradf_fedavg,50,0.7978000000000001,430.617683172226,592.1803071498871
0.1,sign_flipping,47,arm_gradf_fedavg,150,0.7978000000000001,430.617683172226,592.1803071498871
0.1,sign_flipping,47,arm_gradf_fedprox,15,0.7263000000000001,322.17476773262024,592.1803071498871
0.1,sign_flipping,47,arm_gradf_fedprox,50,0.8010000000000002,322.17476773262024,592.1803071498871
0.1,sign_flipping,47,arm_gradf_fedprox,150,0.8014000000000001,322.17476773262024,592.1803071498871
0.1,sign_flipping,47,arm_gradf_median,15,0.4705,592.5482368469238,592.1803071498871
0.1,sign_flipping,47,arm_gradf_median,50,0.5664999999999999,592.5482368469238,592.1803071498871
0.1,sign_flipping,47,arm_gradf_median,150,0.6187,592.5482368469238,592.1803071498871
0.1,sign_flipping,47,arm_gradf_trimmed_mean,15,0.4903,450.2291865348816,592.1803071498871
0.1,sign_flipping,47,arm_gradf_trimmed_mean,50,0.5971,450.2291865348816,592.1803071498871
0.1,sign_flipping,47,arm_gradf_trimmed_mean,150,0.6946999999999999,450.2291865348816,592.1803071498871
0.1,sign_flipping,47,arm_gradf_fltrust,15,0.6025,548.1496634483337,592.1803071498871
0.1,sign_flipping,47,arm_gradf_fltrust,50,0.6973,548.1496634483337,592.1803071498871
0.1,sign_flipping,47,arm_gradf_fltrust,150,0.8455,548.1496634483337,592.1803071498871
0.1,sign_flipping,47,arm_gradf_clustering,15,0.8028000000000001,460.7582120895386,592.1803071498871
0.1,sign_flipping,47,arm_gradf_clustering,50,0.7723000000000001,460.7582120895386,592.1803071498871
0.1,sign_flipping,47,arm_gradf_clustering,150,0.8606999999999999,460.7582120895386,592.1803071498871
0.1,sign_flipping,47,arm_gradf_krum,15,0.3109,817.5437860488892,592.1803071498871
0.1,sign_flipping,47,arm_gradf_krum,50,0.2839,817.5437860488892,592.1803071498871
0.1,sign_flipping,47,arm_gradf_krum,150,0.3238,817.5437860488892,592.1803071498871
0.1,sign_flipping,48,td3_ref,15,0.8164,1579.285579204559,471.0961217880249
0.1,sign_flipping,48,td3_ref,50,0.8045,1579.285579204559,471.0961217880249
0.1,sign_flipping,48,td3_ref,150,0.8364999999999998,1579.285579204559,471.0961217880249
0.1,sign_flipping,48,fixed,15,0.806,1590.1354732513428,471.0961217880249
0.1,sign_flipping,48,fixed,50,0.8612,1590.1354732513428,471.0961217880249
0.1,sign_flipping,48,fixed,150,0.8801,1590.1354732513428,471.0961217880249
0.1,sign_flipping,48,linucb,15,0.6180000000000001,457.0205683708191,471.0961217880249
0.1,sign_flipping,48,linucb,50,0.7565999999999999,457.0205683708191,471.0961217880249
0.1,sign_flipping,48,linucb,150,0.8186,457.0205683708191,471.0961217880249
0.1,sign_flipping,48,dqn,15,0.3284999999999999,488.0331971645355,471.0961217880249
0.1,sign_flipping,48,dqn,50,0.5022,488.0331971645355,471.0961217880249
0.1,sign_flipping,48,dqn,150,0.5259,488.0331971645355,471.0961217880249
0.1,sign_flipping,48,rand_rule,15,0.6973,487.7710771560669,471.0961217880249
0.1,sign_flipping,48,rand_rule,50,0.7922,487.7710771560669,471.0961217880249
0.1,sign_flipping,48,rand_rule,150,0.772,487.7710771560669,471.0961217880249
0.1,sign_flipping,48,rand_gradf,15,0.6918,392.2548303604126,471.0961217880249
0.1,sign_flipping,48,rand_gradf,50,0.7699,392.2548303604126,471.0961217880249
0.1,sign_flipping,48,rand_gradf,150,0.7928,392.2548303604126,471.0961217880249
0.1,sign_flipping,48,arm_rule_fedavg,15,0.6037999999999999,629.7258327007294,471.0961217880249
0.1,sign_flipping,48,arm_rule_fedavg,50,0.5939,629.7258327007294,471.0961217880249
0.1,sign_flipping,48,arm_rule_fedavg,150,0.6365000000000001,629.7258327007294,471.0961217880249
0.1,sign_flipping,48,arm_rule_fedprox,15,0.6061,742.1415228843689,471.0961217880249
0.1,sign_flipping,48,arm_rule_fedprox,50,0.5970000000000001,742.1415228843689,471.0961217880249
0.1,sign_flipping,48,arm_rule_fedprox,150,0.6331999999999999,742.1415228843689,471.0961217880249
0.1,sign_flipping,48,arm_rule_median,15,0.4206999999999999,856.0753028392792,471.0961217880249
0.1,sign_flipping,48,arm_rule_median,50,0.4902999999999999,856.0753028392792,471.0961217880249
0.1,sign_flipping,48,arm_rule_median,150,0.5385,856.0753028392792,471.0961217880249
0.1,sign_flipping,48,arm_rule_trimmed_mean,15,0.4387,441.656156539917,471.0961217880249
0.1,sign_flipping,48,arm_rule_trimmed_mean,50,0.5541,441.656156539917,471.0961217880249
0.1,sign_flipping,48,arm_rule_trimmed_mean,150,0.615,441.656156539917,471.0961217880249
0.1,sign_flipping,48,arm_rule_fltrust,15,0.6452,367.4794838428497,471.0961217880249
0.1,sign_flipping,48,arm_rule_fltrust,50,0.8239000000000001,367.4794838428497,471.0961217880249
0.1,sign_flipping,48,arm_rule_fltrust,150,0.8686,367.4794838428497,471.0961217880249
0.1,sign_flipping,48,arm_rule_clustering,15,0.7829,369.09643602371216,471.0961217880249
0.1,sign_flipping,48,arm_rule_clustering,50,0.8691000000000001,369.09643602371216,471.0961217880249
0.1,sign_flipping,48,arm_rule_clustering,150,0.8725999999999999,369.09643602371216,471.0961217880249
0.1,sign_flipping,48,arm_rule_krum,15,0.1938,569.1511034965515,471.0961217880249
0.1,sign_flipping,48,arm_rule_krum,50,0.213,569.1511034965515,471.0961217880249
0.1,sign_flipping,48,arm_rule_krum,150,0.2222,569.1511034965515,471.0961217880249
0.1,sign_flipping,48,arm_gradf_fedavg,15,0.7637,332.7859573364258,471.0961217880249
0.1,sign_flipping,48,arm_gradf_fedavg,50,0.7719,332.7859573364258,471.0961217880249
0.1,sign_flipping,48,arm_gradf_fedavg,150,0.7719,332.7859573364258,471.0961217880249
0.1,sign_flipping,48,arm_gradf_fedprox,15,0.7588999999999999,605.5723927021027,471.0961217880249
0.1,sign_flipping,48,arm_gradf_fedprox,50,0.7588999999999999,605.5723927021027,471.0961217880249
0.1,sign_flipping,48,arm_gradf_fedprox,150,0.7588999999999999,605.5723927021027,471.0961217880249
0.1,sign_flipping,48,arm_gradf_median,15,0.4785999999999999,627.380318403244,471.0961217880249
0.1,sign_flipping,48,arm_gradf_median,50,0.577,627.380318403244,471.0961217880249
0.1,sign_flipping,48,arm_gradf_median,150,0.6233000000000001,627.380318403244,471.0961217880249
0.1,sign_flipping,48,arm_gradf_trimmed_mean,15,0.4965,677.8586959838867,471.0961217880249
0.1,sign_flipping,48,arm_gradf_trimmed_mean,50,0.6003,677.8586959838867,471.0961217880249
0.1,sign_flipping,48,arm_gradf_trimmed_mean,150,0.6714,677.8586959838867,471.0961217880249
0.1,sign_flipping,48,arm_gradf_fltrust,15,0.5713999999999999,451.0936040878296,471.0961217880249
0.1,sign_flipping,48,arm_gradf_fltrust,50,0.697,451.0936040878296,471.0961217880249
0.1,sign_flipping,48,arm_gradf_fltrust,150,0.8279,451.0936040878296,471.0961217880249
0.1,sign_flipping,48,arm_gradf_clustering,15,0.7274,334.8081948757172,471.0961217880249
0.1,sign_flipping,48,arm_gradf_clustering,50,0.7274,334.8081948757172,471.0961217880249
0.1,sign_flipping,48,arm_gradf_clustering,150,0.7274,334.8081948757172,471.0961217880249
0.1,sign_flipping,48,arm_gradf_krum,15,0.3284999999999999,316.7107412815094,471.0961217880249
0.1,sign_flipping,48,arm_gradf_krum,50,0.5022,316.7107412815094,471.0961217880249
0.1,sign_flipping,48,arm_gradf_krum,150,0.5259,316.7107412815094,471.0961217880249
0.1,sign_flipping,49,td3_ref,15,0.7652,1575.513424396515,302.18145990371704
0.1,sign_flipping,49,td3_ref,50,0.7964,1575.513424396515,302.18145990371704
0.1,sign_flipping,49,td3_ref,150,0.8697000000000001,1575.513424396515,302.18145990371704
0.1,sign_flipping,49,fixed,15,0.8029999999999999,1629.735656261444,302.18145990371704
0.1,sign_flipping,49,fixed,50,0.8376999999999999,1629.735656261444,302.18145990371704
0.1,sign_flipping,49,fixed,150,0.8680000000000001,1629.735656261444,302.18145990371704
0.1,sign_flipping,49,linucb,15,0.6090000000000001,384.400575876236,302.18145990371704
0.1,sign_flipping,49,linucb,50,0.7859,384.400575876236,302.18145990371704
0.1,sign_flipping,49,linucb,150,0.8122999999999999,384.400575876236,302.18145990371704
0.1,sign_flipping,49,dqn,15,0.4721,691.5936996936798,302.18145990371704
0.1,sign_flipping,49,dqn,50,0.6446,691.5936996936798,302.18145990371704
0.1,sign_flipping,49,dqn,150,0.7222000000000001,691.5936996936798,302.18145990371704
0.1,sign_flipping,49,rand_rule,15,0.6621,309.8750035762787,302.18145990371704
0.1,sign_flipping,49,rand_rule,50,0.8545,309.8750035762787,302.18145990371704
0.1,sign_flipping,49,rand_rule,150,0.6979,309.8750035762787,302.18145990371704
0.1,sign_flipping,49,rand_gradf,15,0.5769,603.3294229507446,302.18145990371704
0.1,sign_flipping,49,rand_gradf,50,0.7697,603.3294229507446,302.18145990371704
0.1,sign_flipping,49,rand_gradf,150,0.8412,603.3294229507446,302.18145990371704
0.1,sign_flipping,49,arm_rule_fedavg,15,0.6035,341.10847091674805,302.18145990371704
0.1,sign_flipping,49,arm_rule_fedavg,50,0.5951,341.10847091674805,302.18145990371704
0.1,sign_flipping,49,arm_rule_fedavg,150,0.6364000000000001,341.10847091674805,302.18145990371704
0.1,sign_flipping,49,arm_rule_fedprox,15,0.6056,397.6131050586701,302.18145990371704
0.1,sign_flipping,49,arm_rule_fedprox,50,0.5985,397.6131050586701,302.18145990371704
0.1,sign_flipping,49,arm_rule_fedprox,150,0.6331,397.6131050586701,302.18145990371704
0.1,sign_flipping,49,arm_rule_median,15,0.42,679.4739904403687,302.18145990371704
0.1,sign_flipping,49,arm_rule_median,50,0.4915000000000001,679.4739904403687,302.18145990371704
0.1,sign_flipping,49,arm_rule_median,150,0.5388,679.4739904403687,302.18145990371704
0.1,sign_flipping,49,arm_rule_trimmed_mean,15,0.4389999999999999,654.20671916008,302.18145990371704
0.1,sign_flipping,49,arm_rule_trimmed_mean,50,0.5553999999999999,654.20671916008,302.18145990371704
0.1,sign_flipping,49,arm_rule_trimmed_mean,150,0.6152,654.20671916008,302.18145990371704
0.1,sign_flipping,49,arm_rule_fltrust,15,0.6237,316.8772757053375,302.18145990371704
0.1,sign_flipping,49,arm_rule_fltrust,50,0.7750000000000001,316.8772757053375,302.18145990371704
0.1,sign_flipping,49,arm_rule_fltrust,150,0.8484999999999999,316.8772757053375,302.18145990371704
0.1,sign_flipping,49,arm_rule_clustering,15,0.7837000000000001,470.0315434932709,302.18145990371704
0.1,sign_flipping,49,arm_rule_clustering,50,0.8394999999999999,470.0315434932709,302.18145990371704
0.1,sign_flipping,49,arm_rule_clustering,150,0.8732000000000001,470.0315434932709,302.18145990371704
0.1,sign_flipping,49,arm_rule_krum,15,0.1938,901.652732372284,302.18145990371704
0.1,sign_flipping,49,arm_rule_krum,50,0.213,901.652732372284,302.18145990371704
0.1,sign_flipping,49,arm_rule_krum,150,0.2221,901.652732372284,302.18145990371704
0.1,sign_flipping,49,arm_gradf_fedavg,15,0.7655,715.2060506343842,302.18145990371704
0.1,sign_flipping,49,arm_gradf_fedavg,50,0.7655,715.2060506343842,302.18145990371704
0.1,sign_flipping,49,arm_gradf_fedavg,150,0.7655,715.2060506343842,302.18145990371704
0.1,sign_flipping,49,arm_gradf_fedprox,15,0.7333,384.6504678726196,302.18145990371704
0.1,sign_flipping,49,arm_gradf_fedprox,50,0.7333,384.6504678726196,302.18145990371704
0.1,sign_flipping,49,arm_gradf_fedprox,150,0.7333,384.6504678726196,302.18145990371704
0.1,sign_flipping,49,arm_gradf_median,15,0.4721,733.7977948188782,302.18145990371704
0.1,sign_flipping,49,arm_gradf_median,50,0.5733999999999999,733.7977948188782,302.18145990371704
0.1,sign_flipping,49,arm_gradf_median,150,0.6239,733.7977948188782,302.18145990371704
0.1,sign_flipping,49,arm_gradf_trimmed_mean,15,0.4923,227.20172095298767,302.18145990371704
0.1,sign_flipping,49,arm_gradf_trimmed_mean,50,0.6051,227.20172095298767,302.18145990371704
0.1,sign_flipping,49,arm_gradf_trimmed_mean,150,0.7142999999999999,227.20172095298767,302.18145990371704
0.1,sign_flipping,49,arm_gradf_fltrust,15,0.6155999999999999,460.5596122741699,302.18145990371704
0.1,sign_flipping,49,arm_gradf_fltrust,50,0.6969000000000001,460.5596122741699,302.18145990371704
0.1,sign_flipping,49,arm_gradf_fltrust,150,0.8084999999999999,460.5596122741699,302.18145990371704
0.1,sign_flipping,49,arm_gradf_clustering,15,0.8119999999999999,355.20091009140015,302.18145990371704
0.1,sign_flipping,49,arm_gradf_clustering,50,0.775,355.20091009140015,302.18145990371704
0.1,sign_flipping,49,arm_gradf_clustering,150,0.8408999999999999,355.20091009140015,302.18145990371704
0.1,sign_flipping,49,arm_gradf_krum,15,0.1948,412.2065722942352,302.18145990371704
0.1,sign_flipping,49,arm_gradf_krum,50,0.3602999999999999,412.2065722942352,302.18145990371704
0.1,sign_flipping,49,arm_gradf_krum,150,0.4403,412.2065722942352,302.18145990371704
0.1,sign_flipping,50,td3_ref,15,0.7872000000000001,1522.4684252738953,912.7956533432008
0.1,sign_flipping,50,td3_ref,50,0.8607999999999999,1522.4684252738953,912.7956533432008
0.1,sign_flipping,50,td3_ref,150,0.8785999999999999,1522.4684252738953,912.7956533432008
0.1,sign_flipping,50,fixed,15,0.7954000000000001,1571.0147507190704,912.7956533432008
0.1,sign_flipping,50,fixed,50,0.8482,1571.0147507190704,912.7956533432008
0.1,sign_flipping,50,fixed,150,0.8633999999999998,1571.0147507190704,912.7956533432008
0.1,sign_flipping,50,linucb,15,0.6955,508.7643764019013,912.7956533432008
0.1,sign_flipping,50,linucb,50,0.7689,508.7643764019013,912.7956533432008
0.1,sign_flipping,50,linucb,150,0.7686,508.7643764019013,912.7956533432008
0.1,sign_flipping,50,dqn,15,0.2893,743.9010756015778,912.7956533432008
0.1,sign_flipping,50,dqn,50,0.2496,743.9010756015778,912.7956533432008
0.1,sign_flipping,50,dqn,150,0.2731,743.9010756015778,912.7956533432008
0.1,sign_flipping,50,rand_rule,15,0.6007,649.1460754871368,912.7956533432008
0.1,sign_flipping,50,rand_rule,50,0.6611,649.1460754871368,912.7956533432008
0.1,sign_flipping,50,rand_rule,150,0.7015000000000001,649.1460754871368,912.7956533432008
0.1,sign_flipping,50,rand_gradf,15,0.5237,787.614116191864,912.7956533432008
0.1,sign_flipping,50,rand_gradf,50,0.7806000000000001,787.614116191864,912.7956533432008
0.1,sign_flipping,50,rand_gradf,150,0.8253,787.614116191864,912.7956533432008
0.1,sign_flipping,50,arm_rule_fedavg,15,0.6028,593.708655834198,912.7956533432008
0.1,sign_flipping,50,arm_rule_fedavg,50,0.5955,593.708655834198,912.7956533432008
0.1,sign_flipping,50,arm_rule_fedavg,150,0.6368,593.708655834198,912.7956533432008
0.1,sign_flipping,50,arm_rule_fedprox,15,0.6054999999999999,636.4247603416443,912.7956533432008
0.1,sign_flipping,50,arm_rule_fedprox,50,0.5989000000000001,636.4247603416443,912.7956533432008
0.1,sign_flipping,50,arm_rule_fedprox,150,0.633,636.4247603416443,912.7956533432008
0.1,sign_flipping,50,arm_rule_median,15,0.4197,456.2220242023468,912.7956533432008
0.1,sign_flipping,50,arm_rule_median,50,0.4907,456.2220242023468,912.7956533432008
0.1,sign_flipping,50,arm_rule_median,150,0.5401,456.2220242023468,912.7956533432008
0.1,sign_flipping,50,arm_rule_trimmed_mean,15,0.4389,433.6985113620758,912.7956533432008
0.1,sign_flipping,50,arm_rule_trimmed_mean,50,0.5549000000000001,433.6985113620758,912.7956533432008
0.1,sign_flipping,50,arm_rule_trimmed_mean,150,0.617,433.6985113620758,912.7956533432008
0.1,sign_flipping,50,arm_rule_fltrust,15,0.6454,493.6856019496918,912.7956533432008
0.1,sign_flipping,50,arm_rule_fltrust,50,0.8324999999999999,493.6856019496918,912.7956533432008
0.1,sign_flipping,50,arm_rule_fltrust,150,0.8753,493.6856019496918,912.7956533432008
0.1,sign_flipping,50,arm_rule_clustering,15,0.7827,621.6189253330231,912.7956533432008
0.1,sign_flipping,50,arm_rule_clustering,50,0.8694,621.6189253330231,912.7956533432008
0.1,sign_flipping,50,arm_rule_clustering,150,0.8731,621.6189253330231,912.7956533432008
0.1,sign_flipping,50,arm_rule_krum,15,0.1938,516.546956539154,912.7956533432008
0.1,sign_flipping,50,arm_rule_krum,50,0.2133999999999999,516.546956539154,912.7956533432008
0.1,sign_flipping,50,arm_rule_krum,150,0.2223,516.546956539154,912.7956533432008
0.1,sign_flipping,50,arm_gradf_fedavg,15,0.7552,532.732971906662,912.7956533432008
0.1,sign_flipping,50,arm_gradf_fedavg,50,0.7552,532.732971906662,912.7956533432008
0.1,sign_flipping,50,arm_gradf_fedavg,150,0.7552,532.732971906662,912.7956533432008
0.1,sign_flipping,50,arm_gradf_fedprox,15,0.7285000000000001,557.2416114807129,912.7956533432008
0.1,sign_flipping,50,arm_gradf_fedprox,50,0.7285000000000001,557.2416114807129,912.7956533432008
0.1,sign_flipping,50,arm_gradf_fedprox,150,0.7285000000000001,557.2416114807129,912.7956533432008
0.1,sign_flipping,50,arm_gradf_median,15,0.4756999999999999,718.3309218883514,912.7956533432008
0.1,sign_flipping,50,arm_gradf_median,50,0.5707,718.3309218883514,912.7956533432008
0.1,sign_flipping,50,arm_gradf_median,150,0.6099,718.3309218883514,912.7956533432008
0.1,sign_flipping,50,arm_gradf_trimmed_mean,15,0.4932999999999999,484.5808672904968,912.7956533432008
0.1,sign_flipping,50,arm_gradf_trimmed_mean,50,0.6006,484.5808672904968,912.7956533432008
0.1,sign_flipping,50,arm_gradf_trimmed_mean,150,0.6781,484.5808672904968,912.7956533432008
0.1,sign_flipping,50,arm_gradf_fltrust,15,0.617,414.5642056465149,912.7956533432008
0.1,sign_flipping,50,arm_gradf_fltrust,50,0.7223999999999999,414.5642056465149,912.7956533432008
0.1,sign_flipping,50,arm_gradf_fltrust,150,0.8295,414.5642056465149,912.7956533432008
0.1,sign_flipping,50,arm_gradf_clustering,15,0.7862,338.0009214878082,912.7956533432008
0.1,sign_flipping,50,arm_gradf_clustering,50,0.8131,338.0009214878082,912.7956533432008
0.1,sign_flipping,50,arm_gradf_clustering,150,0.8540000000000001,338.0009214878082,912.7956533432008
0.1,sign_flipping,50,arm_gradf_krum,15,0.2893,462.7272500991821,912.7956533432008
0.1,sign_flipping,50,arm_gradf_krum,50,0.2496,462.7272500991821,912.7956533432008
0.1,sign_flipping,50,arm_gradf_krum,150,0.2731,462.7272500991821,912.7956533432008
0.1,sign_flipping,51,td3_ref,15,0.8021999999999998,1561.2476308345797,847.9378778934479
0.1,sign_flipping,51,td3_ref,50,0.8649000000000001,1561.2476308345797,847.9378778934479
0.1,sign_flipping,51,td3_ref,150,0.8875,1561.2476308345797,847.9378778934479
0.1,sign_flipping,51,fixed,15,0.8059,1599.3065056800842,847.9378778934479
0.1,sign_flipping,51,fixed,50,0.8486,1599.3065056800842,847.9378778934479
0.1,sign_flipping,51,fixed,150,0.8657,1599.3065056800842,847.9378778934479
0.1,sign_flipping,51,linucb,15,0.6137,338.39616990089417,847.9378778934479
0.1,sign_flipping,51,linucb,50,0.8061,338.39616990089417,847.9378778934479
0.1,sign_flipping,51,linucb,150,0.8496,338.39616990089417,847.9378778934479
0.1,sign_flipping,51,dqn,15,0.6117000000000001,697.57057762146,847.9378778934479
0.1,sign_flipping,51,dqn,50,0.7121999999999999,697.57057762146,847.9378778934479
0.1,sign_flipping,51,dqn,150,0.8174999999999999,697.57057762146,847.9378778934479
0.1,sign_flipping,51,rand_rule,15,0.7557,369.2541174888611,847.9378778934479
0.1,sign_flipping,51,rand_rule,50,0.8087,369.2541174888611,847.9378778934479
0.1,sign_flipping,51,rand_rule,150,0.7950999999999999,369.2541174888611,847.9378778934479
0.1,sign_flipping,51,rand_gradf,15,0.7178999999999999,516.3027672767639,847.9378778934479
0.1,sign_flipping,51,rand_gradf,50,0.7459999999999999,516.3027672767639,847.9378778934479
0.1,sign_flipping,51,rand_gradf,150,0.8004,516.3027672767639,847.9378778934479
0.1,sign_flipping,51,arm_rule_fedavg,15,0.6043000000000001,668.7573411464691,847.9378778934479
0.1,sign_flipping,51,arm_rule_fedavg,50,0.5959999999999999,668.7573411464691,847.9378778934479
0.1,sign_flipping,51,arm_rule_fedavg,150,0.6365,668.7573411464691,847.9378778934479
0.1,sign_flipping,51,arm_rule_fedprox,15,0.6066999999999999,429.6122395992279,847.9378778934479
0.1,sign_flipping,51,arm_rule_fedprox,50,0.5992,429.6122395992279,847.9378778934479
0.1,sign_flipping,51,arm_rule_fedprox,150,0.6332000000000001,429.6122395992279,847.9378778934479
0.1,sign_flipping,51,arm_rule_median,15,0.4208999999999999,490.170355796814,847.9378778934479
0.1,sign_flipping,51,arm_rule_median,50,0.4911999999999999,490.170355796814,847.9378778934479
0.1,sign_flipping,51,arm_rule_median,150,0.5398000000000001,490.170355796814,847.9378778934479
0.1,sign_flipping,51,arm_rule_trimmed_mean,15,0.4389,457.60283374786377,847.9378778934479
0.1,sign_flipping,51,arm_rule_trimmed_mean,50,0.5566000000000001,457.60283374786377,847.9378778934479
0.1,sign_flipping,51,arm_rule_trimmed_mean,150,0.6163,457.60283374786377,847.9378778934479
0.1,sign_flipping,51,arm_rule_fltrust,15,0.6184000000000001,215.18701195716855,847.9378778934479
0.1,sign_flipping,51,arm_rule_fltrust,50,0.805,215.18701195716855,847.9378778934479
0.1,sign_flipping,51,arm_rule_fltrust,150,0.8737,215.18701195716855,847.9378778934479
0.1,sign_flipping,51,arm_rule_clustering,15,0.7847000000000001,344.84586691856384,847.9378778934479
0.1,sign_flipping,51,arm_rule_clustering,50,0.8720000000000001,344.84586691856384,847.9378778934479
0.1,sign_flipping,51,arm_rule_clustering,150,0.7885000000000001,344.84586691856384,847.9378778934479
0.1,sign_flipping,51,arm_rule_krum,15,0.1939,338.1864757537842,847.9378778934479
0.1,sign_flipping,51,arm_rule_krum,50,0.2131,338.1864757537842,847.9378778934479
0.1,sign_flipping,51,arm_rule_krum,150,0.2225,338.1864757537842,847.9378778934479
0.1,sign_flipping,51,arm_gradf_fedavg,15,0.7065999999999999,282.7695276737213,847.9378778934479
0.1,sign_flipping,51,arm_gradf_fedavg,50,0.7065999999999999,282.7695276737213,847.9378778934479
0.1,sign_flipping,51,arm_gradf_fedavg,150,0.7825000000000001,282.7695276737213,847.9378778934479
0.1,sign_flipping,51,arm_gradf_fedprox,15,0.7569,478.5727303028106,847.9378778934479
0.1,sign_flipping,51,arm_gradf_fedprox,50,0.7242999999999999,478.5727303028106,847.9378778934479
0.1,sign_flipping,51,arm_gradf_fedprox,150,0.7914000000000001,478.5727303028106,847.9378778934479
0.1,sign_flipping,51,arm_gradf_median,15,0.4608,352.1402499675751,847.9378778934479
0.1,sign_flipping,51,arm_gradf_median,50,0.5898000000000001,352.1402499675751,847.9378778934479
0.1,sign_flipping,51,arm_gradf_median,150,0.6346,352.1402499675751,847.9378778934479
0.1,sign_flipping,51,arm_gradf_trimmed_mean,15,0.4789,257.74836349487305,847.9378778934479
0.1,sign_flipping,51,arm_gradf_trimmed_mean,50,0.6163000000000001,257.74836349487305,847.9378778934479
0.1,sign_flipping,51,arm_gradf_trimmed_mean,150,0.7029,257.74836349487305,847.9378778934479
0.1,sign_flipping,51,arm_gradf_fltrust,15,0.6117000000000001,289.6705708503723,847.9378778934479
0.1,sign_flipping,51,arm_gradf_fltrust,50,0.7121999999999999,289.6705708503723,847.9378778934479
0.1,sign_flipping,51,arm_gradf_fltrust,150,0.8174999999999999,289.6705708503723,847.9378778934479
0.1,sign_flipping,51,arm_gradf_clustering,15,0.8153,504.7410943508148,847.9378778934479
0.1,sign_flipping,51,arm_gradf_clustering,50,0.8508999999999999,504.7410943508148,847.9378778934479
0.1,sign_flipping,51,arm_gradf_clustering,150,0.8288,504.7410943508148,847.9378778934479
0.1,sign_flipping,51,arm_gradf_krum,15,0.2874,524.035530090332,847.9378778934479
0.1,sign_flipping,51,arm_gradf_krum,50,0.404,524.035530090332,847.9378778934479
0.1,sign_flipping,51,arm_gradf_krum,150,0.4772,524.035530090332,847.9378778934479
0.5,trim_attack,42,td3_ref,15,0.8963000000000001,1750.268460273743,1216.161474943161
0.5,trim_attack,42,td3_ref,50,0.9114,1750.268460273743,1216.161474943161
0.5,trim_attack,42,td3_ref,150,0.9148,1750.268460273743,1216.161474943161
0.5,trim_attack,42,fixed,15,0.8963000000000001,1730.6985065937042,1216.161474943161
0.5,trim_attack,42,fixed,50,0.9092,1730.6985065937042,1216.161474943161
0.5,trim_attack,42,fixed,150,0.9142,1730.6985065937042,1216.161474943161
0.5,trim_attack,42,linucb,15,0.8619999999999999,159.5051040649414,1216.161474943161
0.5,trim_attack,42,linucb,50,0.8769,159.5051040649414,1216.161474943161
0.5,trim_attack,42,linucb,150,0.8446,159.5051040649414,1216.161474943161
0.5,trim_attack,42,dqn,15,0.8539,202.3055293560028,1216.161474943161
0.5,trim_attack,42,dqn,50,0.9041,202.3055293560028,1216.161474943161
0.5,trim_attack,42,dqn,150,0.8733000000000001,202.3055293560028,1216.161474943161
0.5,trim_attack,42,rand_rule,15,0.8779999999999999,151.87844944000244,1216.161474943161
0.5,trim_attack,42,rand_rule,50,0.8792,151.87844944000244,1216.161474943161
0.5,trim_attack,42,rand_rule,150,0.9004,151.87844944000244,1216.161474943161
0.5,trim_attack,42,rand_gradf,15,0.8390000000000001,153.6631019115448,1216.161474943161
0.5,trim_attack,42,rand_gradf,50,0.8835000000000001,153.6631019115448,1216.161474943161
0.5,trim_attack,42,rand_gradf,150,0.8487,153.6631019115448,1216.161474943161
0.5,trim_attack,42,arm_rule_fedavg,15,0.7463999999999998,163.47651720046997,1216.161474943161
0.5,trim_attack,42,arm_rule_fedavg,50,0.7381,163.47651720046997,1216.161474943161
0.5,trim_attack,42,arm_rule_fedavg,150,0.6678000000000001,163.47651720046997,1216.161474943161
0.5,trim_attack,42,arm_rule_fedprox,15,0.7457999999999999,229.1779990196228,1216.161474943161
0.5,trim_attack,42,arm_rule_fedprox,50,0.7412,229.1779990196228,1216.161474943161
0.5,trim_attack,42,arm_rule_fedprox,150,0.6788000000000001,229.1779990196228,1216.161474943161
0.5,trim_attack,42,arm_rule_median,15,0.8534,309.2448799610138,1216.161474943161
0.5,trim_attack,42,arm_rule_median,50,0.8726,309.2448799610138,1216.161474943161
0.5,trim_attack,42,arm_rule_median,150,0.8736,309.2448799610138,1216.161474943161
0.5,trim_attack,42,arm_rule_trimmed_mean,15,0.8695,392.57314252853394,1216.161474943161
0.5,trim_attack,42,arm_rule_trimmed_mean,50,0.8827,392.57314252853394,1216.161474943161
0.5,trim_attack,42,arm_rule_trimmed_mean,150,0.8859,392.57314252853394,1216.161474943161
0.5,trim_attack,42,arm_rule_fltrust,15,0.7938,575.0305290222168,1216.161474943161
0.5,trim_attack,42,arm_rule_fltrust,50,0.8754,575.0305290222168,1216.161474943161
0.5,trim_attack,42,arm_rule_fltrust,150,0.9028,575.0305290222168,1216.161474943161
0.5,trim_attack,42,arm_rule_clustering,15,0.8962999999999999,286.0482380390167,1216.161474943161
0.5,trim_attack,42,arm_rule_clustering,50,0.9082,286.0482380390167,1216.161474943161
0.5,trim_attack,42,arm_rule_clustering,150,0.9064,286.0482380390167,1216.161474943161
0.5,trim_attack,42,arm_rule_krum,15,0.882,536.9203591346741,1216.161474943161
0.5,trim_attack,42,arm_rule_krum,50,0.8657,536.9203591346741,1216.161474943161
0.5,trim_attack,42,arm_rule_krum,150,0.9033,536.9203591346741,1216.161474943161
0.5,trim_attack,42,arm_gradf_fedavg,15,0.7381,426.3274266719818,1216.161474943161
0.5,trim_attack,42,arm_gradf_fedavg,50,0.7319,426.3274266719818,1216.161474943161
0.5,trim_attack,42,arm_gradf_fedavg,150,0.6595,426.3274266719818,1216.161474943161
0.5,trim_attack,42,arm_gradf_fedprox,15,0.7376,400.0350131988525,1216.161474943161
0.5,trim_attack,42,arm_gradf_fedprox,50,0.7350999999999999,400.0350131988525,1216.161474943161
0.5,trim_attack,42,arm_gradf_fedprox,150,0.6638000000000001,400.0350131988525,1216.161474943161
0.5,trim_attack,42,arm_gradf_median,15,0.8492000000000001,458.4432895183563,1216.161474943161
0.5,trim_attack,42,arm_gradf_median,50,0.8530000000000001,458.4432895183563,1216.161474943161
0.5,trim_attack,42,arm_gradf_median,150,0.8469,458.4432895183563,1216.161474943161
0.5,trim_attack,42,arm_gradf_trimmed_mean,15,0.8373999999999999,248.34802174568176,1216.161474943161
0.5,trim_attack,42,arm_gradf_trimmed_mean,50,0.8447000000000001,248.34802174568176,1216.161474943161
0.5,trim_attack,42,arm_gradf_trimmed_mean,150,0.8267,248.34802174568176,1216.161474943161
0.5,trim_attack,42,arm_gradf_fltrust,15,0.7852,374.66721987724304,1216.161474943161
0.5,trim_attack,42,arm_gradf_fltrust,50,0.834,374.66721987724304,1216.161474943161
0.5,trim_attack,42,arm_gradf_fltrust,150,0.8826,374.66721987724304,1216.161474943161
0.5,trim_attack,42,arm_gradf_clustering,15,0.8956,310.97817492485046,1216.161474943161
0.5,trim_attack,42,arm_gradf_clustering,50,0.9052,310.97817492485046,1216.161474943161
0.5,trim_attack,42,arm_gradf_clustering,150,0.9076,310.97817492485046,1216.161474943161
0.5,trim_attack,42,arm_gradf_krum,15,0.8706000000000002,365.8686742782593,1216.161474943161
0.5,trim_attack,42,arm_gradf_krum,50,0.8824,365.8686742782593,1216.161474943161
0.5,trim_attack,42,arm_gradf_krum,150,0.8451000000000001,365.8686742782593,1216.161474943161
0.5,trim_attack,43,td3_ref,15,0.8967,1578.0437865257263,1004.8461918830872
0.5,trim_attack,43,td3_ref,50,0.9115,1578.0437865257263,1004.8461918830872
0.5,trim_attack,43,td3_ref,150,0.9108,1578.0437865257263,1004.8461918830872
0.5,trim_attack,43,fixed,15,0.8965,1657.4665842056274,1004.8461918830872
0.5,trim_attack,43,fixed,50,0.9117,1657.4665842056274,1004.8461918830872
0.5,trim_attack,43,fixed,150,0.9127,1657.4665842056274,1004.8461918830872
0.5,trim_attack,43,linucb,15,0.8747999999999999,437.4421138763428,1004.8461918830872
0.5,trim_attack,43,linucb,50,0.8783,437.4421138763428,1004.8461918830872
0.5,trim_attack,43,linucb,150,0.8513,437.4421138763428,1004.8461918830872
0.5,trim_attack,43,dqn,15,0.8976000000000001,360.7043368816376,1004.8461918830872
0.5,trim_attack,43,dqn,50,0.9039,360.7043368816376,1004.8461918830872
0.5,trim_attack,43,dqn,150,0.905,360.7043368816376,1004.8461918830872
0.5,trim_attack,43,rand_rule,15,0.8775000000000001,421.7853214740753,1004.8461918830872
0.5,trim_attack,43,rand_rule,50,0.8743000000000001,421.7853214740753,1004.8461918830872
0.5,trim_attack,43,rand_rule,150,0.8898999999999999,421.7853214740753,1004.8461918830872
0.5,trim_attack,43,rand_gradf,15,0.8541000000000001,365.7170214653015,1004.8461918830872
0.5,trim_attack,43,rand_gradf,50,0.8671,365.7170214653015,1004.8461918830872
0.5,trim_attack,43,rand_gradf,150,0.8959000000000001,365.7170214653015,1004.8461918830872
0.5,trim_attack,43,arm_rule_fedavg,15,0.7453000000000001,293.79557490348816,1004.8461918830872
0.5,trim_attack,43,arm_rule_fedavg,50,0.7394,293.79557490348816,1004.8461918830872
0.5,trim_attack,43,arm_rule_fedavg,150,0.6679,293.79557490348816,1004.8461918830872
0.5,trim_attack,43,arm_rule_fedprox,15,0.7439,355.92938017845154,1004.8461918830872
0.5,trim_attack,43,arm_rule_fedprox,50,0.743,355.92938017845154,1004.8461918830872
0.5,trim_attack,43,arm_rule_fedprox,150,0.6812,355.92938017845154,1004.8461918830872
0.5,trim_attack,43,arm_rule_median,15,0.8536999999999999,214.02840781211853,1004.8461918830872
0.5,trim_attack,43,arm_rule_median,50,0.873,214.02840781211853,1004.8461918830872
0.5,trim_attack,43,arm_rule_median,150,0.8737,214.02840781211853,1004.8461918830872
0.5,trim_attack,43,arm_rule_trimmed_mean,15,0.8693,374.7004828453064,1004.8461918830872
0.5,trim_attack,43,arm_rule_trimmed_mean,50,0.8817999999999999,374.7004828453064,1004.8461918830872
0.5,trim_attack,43,arm_rule_trimmed_mean,150,0.8829,374.7004828453064,1004.8461918830872
0.5,trim_attack,43,arm_rule_fltrust,15,0.8026,272.6072618961334,1004.8461918830872
0.5,trim_attack,43,arm_rule_fltrust,50,0.8802,272.6072618961334,1004.8461918830872
0.5,trim_attack,43,arm_rule_fltrust,150,0.8977,272.6072618961334,1004.8461918830872
0.5,trim_attack,43,arm_rule_clustering,15,0.8962999999999999,272.92395424842834,1004.8461918830872
0.5,trim_attack,43,arm_rule_clustering,50,0.9084,272.92395424842834,1004.8461918830872
0.5,trim_attack,43,arm_rule_clustering,150,0.9067,272.92395424842834,1004.8461918830872
0.5,trim_attack,43,arm_rule_krum,15,0.8823000000000001,683.8249773979187,1004.8461918830872
0.5,trim_attack,43,arm_rule_krum,50,0.8992999999999999,683.8249773979187,1004.8461918830872
0.5,trim_attack,43,arm_rule_krum,150,0.9031,683.8249773979187,1004.8461918830872
0.5,trim_attack,43,arm_gradf_fedavg,15,0.7328999999999999,591.5754339694977,1004.8461918830872
0.5,trim_attack,43,arm_gradf_fedavg,50,0.7348000000000001,591.5754339694977,1004.8461918830872
0.5,trim_attack,43,arm_gradf_fedavg,150,0.6698999999999999,591.5754339694977,1004.8461918830872
0.5,trim_attack,43,arm_gradf_fedprox,15,0.7366,348.090957403183,1004.8461918830872
0.5,trim_attack,43,arm_gradf_fedprox,50,0.7377,348.090957403183,1004.8461918830872
0.5,trim_attack,43,arm_gradf_fedprox,150,0.6801999999999999,348.090957403183,1004.8461918830872
0.5,trim_attack,43,arm_gradf_median,15,0.8405000000000001,272.8552162647248,1004.8461918830872
0.5,trim_attack,43,arm_gradf_median,50,0.8543,272.8552162647248,1004.8461918830872
0.5,trim_attack,43,arm_gradf_median,150,0.8496,272.8552162647248,1004.8461918830872
0.5,trim_attack,43,arm_gradf_trimmed_mean,15,0.833,447.81381702423096,1004.8461918830872
0.5,trim_attack,43,arm_gradf_trimmed_mean,50,0.8426,447.81381702423096,1004.8461918830872
0.5,trim_attack,43,arm_gradf_trimmed_mean,150,0.8257,447.81381702423096,1004.8461918830872
0.5,trim_attack,43,arm_gradf_fltrust,15,0.7892,583.6815347671509,1004.8461918830872
0.5,trim_attack,43,arm_gradf_fltrust,50,0.8489999999999999,583.6815347671509,1004.8461918830872
0.5,trim_attack,43,arm_gradf_fltrust,150,0.8825,583.6815347671509,1004.8461918830872
0.5,trim_attack,43,arm_gradf_clustering,15,0.8960000000000001,295.4452896118164,1004.8461918830872
0.5,trim_attack,43,arm_gradf_clustering,50,0.9039,295.4452896118164,1004.8461918830872
0.5,trim_attack,43,arm_gradf_clustering,150,0.9046999999999998,295.4452896118164,1004.8461918830872
0.5,trim_attack,43,arm_gradf_krum,15,0.8486999999999998,709.4402782917023,1004.8461918830872
0.5,trim_attack,43,arm_gradf_krum,50,0.8857999999999999,709.4402782917023,1004.8461918830872
0.5,trim_attack,43,arm_gradf_krum,150,0.8926999999999999,709.4402782917023,1004.8461918830872
0.5,trim_attack,44,td3_ref,15,0.8963000000000001,1549.3128192424774,624.5507118701935
0.5,trim_attack,44,td3_ref,50,0.9105,1549.3128192424774,624.5507118701935
0.5,trim_attack,44,td3_ref,150,0.9146,1549.3128192424774,624.5507118701935
0.5,trim_attack,44,fixed,15,0.897,1638.681672334671,624.5507118701935
0.5,trim_attack,44,fixed,50,0.9112,1638.681672334671,624.5507118701935
0.5,trim_attack,44,fixed,150,0.9118,1638.681672334671,624.5507118701935
0.5,trim_attack,44,linucb,15,0.8635999999999999,484.6087582111359,624.5507118701935
0.5,trim_attack,44,linucb,50,0.8870999999999999,484.6087582111359,624.5507118701935
0.5,trim_attack,44,linucb,150,0.8960000000000001,484.6087582111359,624.5507118701935
0.5,trim_attack,44,dqn,15,0.7318,517.6578457355499,624.5507118701935
0.5,trim_attack,44,dqn,50,0.8123999999999999,517.6578457355499,624.5507118701935
0.5,trim_attack,44,dqn,150,0.9066,517.6578457355499,624.5507118701935
0.5,trim_attack,44,rand_rule,15,0.8708,370.5806529521942,624.5507118701935
0.5,trim_attack,44,rand_rule,50,0.8836999999999999,370.5806529521942,624.5507118701935
0.5,trim_attack,44,rand_rule,150,0.8436,370.5806529521942,624.5507118701935
0.5,trim_attack,44,rand_gradf,15,0.8635999999999999,421.0157742500305,624.5507118701935
0.5,trim_attack,44,rand_gradf,50,0.8498000000000001,421.0157742500305,624.5507118701935
0.5,trim_attack,44,rand_gradf,150,0.8644000000000001,421.0157742500305,624.5507118701935
0.5,trim_attack,44,arm_rule_fedavg,15,0.744,717.0494079589844,624.5507118701935
0.5,trim_attack,44,arm_rule_fedavg,50,0.7403000000000001,717.0494079589844,624.5507118701935
0.5,trim_attack,44,arm_rule_fedavg,150,0.6701000000000001,717.0494079589844,624.5507118701935
0.5,trim_attack,44,arm_rule_fedprox,15,0.7427,543.3934180736542,624.5507118701935
0.5,trim_attack,44,arm_rule_fedprox,50,0.7413000000000001,543.3934180736542,624.5507118701935
0.5,trim_attack,44,arm_rule_fedprox,150,0.6808,543.3934180736542,624.5507118701935
0.5,trim_attack,44,arm_rule_median,15,0.8526,350.01680636405945,624.5507118701935
0.5,trim_attack,44,arm_rule_median,50,0.8732,350.01680636405945,624.5507118701935
0.5,trim_attack,44,arm_rule_median,150,0.8728,350.01680636405945,624.5507118701935
0.5,trim_attack,44,arm_rule_trimmed_mean,15,0.8688,450.64549589157104,624.5507118701935
0.5,trim_attack,44,arm_rule_trimmed_mean,50,0.8824,450.64549589157104,624.5507118701935
0.5,trim_attack,44,arm_rule_trimmed_mean,150,0.8855000000000001,450.64549589157104,624.5507118701935
0.5,trim_attack,44,arm_rule_fltrust,15,0.8045,386.327036857605,624.5507118701935
0.5,trim_attack,44,arm_rule_fltrust,50,0.8850999999999999,386.327036857605,624.5507118701935
0.5,trim_attack,44,arm_rule_fltrust,150,0.8972999999999999,386.327036857605,624.5507118701935
0.5,trim_attack,44,arm_rule_clustering,15,0.8963000000000001,207.0328698158264,624.5507118701935
0.5,trim_attack,44,arm_rule_clustering,50,0.9082,207.0328698158264,624.5507118701935
0.5,trim_attack,44,arm_rule_clustering,150,0.9107,207.0328698158264,624.5507118701935
0.5,trim_attack,44,arm_rule_krum,15,0.8835,659.2608165740967,624.5507118701935
0.5,trim_attack,44,arm_rule_krum,50,0.8981999999999999,659.2608165740967,624.5507118701935
0.5,trim_attack,44,arm_rule_krum,150,0.8779999999999999,659.2608165740967,624.5507118701935
0.5,trim_attack,44,arm_gradf_fedavg,15,0.7339,458.6392047405243,624.5507118701935
0.5,trim_attack,44,arm_gradf_fedavg,50,0.7351,458.6392047405243,624.5507118701935
0.5,trim_attack,44,arm_gradf_fedavg,150,0.6621,458.6392047405243,624.5507118701935
0.5,trim_attack,44,arm_gradf_fedprox,15,0.7318,272.78291511535645,624.5507118701935
0.5,trim_attack,44,arm_gradf_fedprox,50,0.7359000000000001,272.78291511535645,624.5507118701935
0.5,trim_attack,44,arm_gradf_fedprox,150,0.6706,272.78291511535645,624.5507118701935
0.5,trim_attack,44,arm_gradf_median,15,0.8436999999999999,303.43279910087585,624.5507118701935
0.5,trim_attack,44,arm_gradf_median,50,0.8493,303.43279910087585,624.5507118701935
0.5,trim_attack,44,arm_gradf_median,150,0.8462,303.43279910087585,624.5507118701935
0.5,trim_attack,44,arm_gradf_trimmed_mean,15,0.836,704.4241816997528,624.5507118701935
0.5,trim_attack,44,arm_gradf_trimmed_mean,50,0.841,704.4241816997528,624.5507118701935
0.5,trim_attack,44,arm_gradf_trimmed_mean,150,0.8332,704.4241816997528,624.5507118701935
0.5,trim_attack,44,arm_gradf_fltrust,15,0.7933000000000001,472.4547610282898,624.5507118701935
0.5,trim_attack,44,arm_gradf_fltrust,50,0.8552,472.4547610282898,624.5507118701935
0.5,trim_attack,44,arm_gradf_fltrust,150,0.8862,472.4547610282898,624.5507118701935
0.5,trim_attack,44,arm_gradf_clustering,15,0.8952,763.6358022689819,624.5507118701935
0.5,trim_attack,44,arm_gradf_clustering,50,0.9053,763.6358022689819,624.5507118701935
0.5,trim_attack,44,arm_gradf_clustering,150,0.9082,763.6358022689819,624.5507118701935
0.5,trim_attack,44,arm_gradf_krum,15,0.8706000000000002,605.9524030685425,624.5507118701935
0.5,trim_attack,44,arm_gradf_krum,50,0.8837999999999999,605.9524030685425,624.5507118701935
0.5,trim_attack,44,arm_gradf_krum,150,0.8883000000000001,605.9524030685425,624.5507118701935
0.5,trim_attack,45,td3_ref,15,0.8959999999999999,1555.704044342041,581.4293482303619
0.5,trim_attack,45,td3_ref,50,0.9118000000000002,1555.704044342041,581.4293482303619
0.5,trim_attack,45,td3_ref,150,0.914,1555.704044342041,581.4293482303619
0.5,trim_attack,45,fixed,15,0.8958999999999999,1522.575115442276,581.4293482303619
0.5,trim_attack,45,fixed,50,0.9115,1522.575115442276,581.4293482303619
0.5,trim_attack,45,fixed,150,0.9137000000000002,1522.575115442276,581.4293482303619
0.5,trim_attack,45,linucb,15,0.8728999999999999,623.9602072238922,581.4293482303619
0.5,trim_attack,45,linucb,50,0.8402,623.9602072238922,581.4293482303619
0.5,trim_attack,45,linucb,150,0.8892,623.9602072238922,581.4293482303619
0.5,trim_attack,45,dqn,15,0.7224999999999999,715.9192817211151,581.4293482303619
0.5,trim_attack,45,dqn,50,0.7249999999999999,715.9192817211151,581.4293482303619
0.5,trim_attack,45,dqn,150,0.6638000000000001,715.9192817211151,581.4293482303619
0.5,trim_attack,45,rand_rule,15,0.8698,628.5398795604706,581.4293482303619
0.5,trim_attack,45,rand_rule,50,0.8893000000000001,628.5398795604706,581.4293482303619
0.5,trim_attack,45,rand_rule,150,0.8818999999999999,628.5398795604706,581.4293482303619
0.5,trim_attack,45,rand_gradf,15,0.8614,542.0210795402527,581.4293482303619
0.5,trim_attack,45,rand_gradf,50,0.877,542.0210795402527,581.4293482303619
0.5,trim_attack,45,rand_gradf,150,0.8850999999999999,542.0210795402527,581.4293482303619
0.5,trim_attack,45,arm_rule_fedavg,15,0.7463,307.6324815750122,581.4293482303619
0.5,trim_attack,45,arm_rule_fedavg,50,0.7378,307.6324815750122,581.4293482303619
0.5,trim_attack,45,arm_rule_fedavg,150,0.6676,307.6324815750122,581.4293482303619
0.5,trim_attack,45,arm_rule_fedprox,15,0.7470000000000001,541.0583961009979,581.4293482303619
0.5,trim_attack,45,arm_rule_fedprox,50,0.7381,541.0583961009979,581.4293482303619
0.5,trim_attack,45,arm_rule_fedprox,150,0.6757,541.0583961009979,581.4293482303619
0.5,trim_attack,45,arm_rule_median,15,0.8532,527.0638592243195,581.4293482303619
0.5,trim_attack,45,arm_rule_median,50,0.8722999999999999,527.0638592243195,581.4293482303619
0.5,trim_attack,45,arm_rule_median,150,0.8723000000000001,527.0638592243195,581.4293482303619
0.5,trim_attack,45,arm_rule_trimmed_mean,15,0.8689,441.8036277294159,581.4293482303619
0.5,trim_attack,45,arm_rule_trimmed_mean,50,0.8827,441.8036277294159,581.4293482303619
0.5,trim_attack,45,arm_rule_trimmed_mean,150,0.8862,441.8036277294159,581.4293482303619
0.5,trim_attack,45,arm_rule_fltrust,15,0.8077000000000002,350.0839216709137,581.4293482303619
0.5,trim_attack,45,arm_rule_fltrust,50,0.8881,350.0839216709137,581.4293482303619
0.5,trim_attack,45,arm_rule_fltrust,150,0.9028,350.0839216709137,581.4293482303619
0.5,trim_attack,45,arm_rule_clustering,15,0.8965,475.1921153068543,581.4293482303619
0.5,trim_attack,45,arm_rule_clustering,50,0.9024,475.1921153068543,581.4293482303619
0.5,trim_attack,45,arm_rule_clustering,150,0.9114,475.1921153068543,581.4293482303619
0.5,trim_attack,45,arm_rule_krum,15,0.885,208.5998945236206,581.4293482303619
0.5,trim_attack,45,arm_rule_krum,50,0.8983000000000001,208.5998945236206,581.4293482303619
0.5,trim_attack,45,arm_rule_krum,150,0.9027999999999998,208.5998945236206,581.4293482303619
0.5,trim_attack,45,arm_gradf_fedavg,15,0.7221,395.6395401954651,581.4293482303619
0.5,trim_attack,45,arm_gradf_fedavg,50,0.7193999999999999,395.6395401954651,581.4293482303619
0.5,trim_attack,45,arm_gradf_fedavg,150,0.6522,395.6395401954651,581.4293482303619
0.5,trim_attack,45,arm_gradf_fedprox,15,0.7224999999999999,422.2737331390381,581.4293482303619
0.5,trim_attack,45,arm_gradf_fedprox,50,0.7249999999999999,422.2737331390381,581.4293482303619
0.5,trim_attack,45,arm_gradf_fedprox,150,0.6638000000000001,422.2737331390381,581.4293482303619
0.5,trim_attack,45,arm_gradf_median,15,0.8329000000000001,473.2157306671143,581.4293482303619
0.5,trim_attack,45,arm_gradf_median,50,0.8464,473.2157306671143,581.4293482303619
0.5,trim_attack,45,arm_gradf_median,150,0.8442999999999999,473.2157306671143,581.4293482303619
0.5,trim_attack,45,arm_gradf_trimmed_mean,15,0.8254999999999999,363.78574109077454,581.4293482303619
0.5,trim_attack,45,arm_gradf_trimmed_mean,50,0.8378,363.78574109077454,581.4293482303619
0.5,trim_attack,45,arm_gradf_trimmed_mean,150,0.827,363.78574109077454,581.4293482303619
0.5,trim_attack,45,arm_gradf_fltrust,15,0.7962,629.1853220462799,581.4293482303619
0.5,trim_attack,45,arm_gradf_fltrust,50,0.8581,629.1853220462799,581.4293482303619
0.5,trim_attack,45,arm_gradf_fltrust,150,0.8895,629.1853220462799,581.4293482303619
0.5,trim_attack,45,arm_gradf_clustering,15,0.8957,310.4324538707733,581.4293482303619
0.5,trim_attack,45,arm_gradf_clustering,50,0.9055000000000002,310.4324538707733,581.4293482303619
0.5,trim_attack,45,arm_gradf_clustering,150,0.905,310.4324538707733,581.4293482303619
0.5,trim_attack,45,arm_gradf_krum,15,0.8651,260.4679102897644,581.4293482303619
0.5,trim_attack,45,arm_gradf_krum,50,0.8805,260.4679102897644,581.4293482303619
0.5,trim_attack,45,arm_gradf_krum,150,0.8847999999999999,260.4679102897644,581.4293482303619
0.5,trim_attack,46,td3_ref,15,0.8823000000000001,1537.4309859275818,628.451066493988
0.5,trim_attack,46,td3_ref,50,0.9082,1537.4309859275818,628.451066493988
0.5,trim_attack,46,td3_ref,150,0.913,1537.4309859275818,628.451066493988
0.5,trim_attack,46,fixed,15,0.8961,1576.928091287613,628.451066493988
0.5,trim_attack,46,fixed,50,0.9114,1576.928091287613,628.451066493988
0.5,trim_attack,46,fixed,150,0.9142,1576.928091287613,628.451066493988
0.5,trim_attack,46,linucb,15,0.8642999999999998,390.14886260032654,628.451066493988
0.5,trim_attack,46,linucb,50,0.8623999999999998,390.14886260032654,628.451066493988
0.5,trim_attack,46,linucb,150,0.8743000000000001,390.14886260032654,628.451066493988
0.5,trim_attack,46,dqn,15,0.8374,478.4381365776062,628.451066493988
0.5,trim_attack,46,dqn,50,0.892,478.4381365776062,628.451066493988
0.5,trim_attack,46,dqn,150,0.8592000000000001,478.4381365776062,628.451066493988
0.5,trim_attack,46,rand_rule,15,0.8352,465.2513513565064,628.451066493988
0.5,trim_attack,46,rand_rule,50,0.8528,465.2513513565064,628.451066493988
0.5,trim_attack,46,rand_rule,150,0.8629999999999999,465.2513513565064,628.451066493988
0.5,trim_attack,46,rand_gradf,15,0.8595,495.9583067893982,628.451066493988
0.5,trim_attack,46,rand_gradf,50,0.8805,495.9583067893982,628.451066493988
0.5,trim_attack,46,rand_gradf,150,0.8937999999999999,495.9583067893982,628.451066493988
0.5,trim_attack,46,arm_rule_fedavg,15,0.7495999999999999,361.4726428985596,628.451066493988
0.5,trim_attack,46,arm_rule_fedavg,50,0.7412,361.4726428985596,628.451066493988
0.5,trim_attack,46,arm_rule_fedavg,150,0.6735000000000001,361.4726428985596,628.451066493988
0.5,trim_attack,46,arm_rule_fedprox,15,0.7459,812.8524348735809,628.451066493988
0.5,trim_attack,46,arm_rule_fedprox,50,0.7431,812.8524348735809,628.451066493988
0.5,trim_attack,46,arm_rule_fedprox,150,0.6759999999999999,812.8524348735809,628.451066493988
0.5,trim_attack,46,arm_rule_median,15,0.8536000000000001,560.7688941955566,628.451066493988
0.5,trim_attack,46,arm_rule_median,50,0.8722,560.7688941955566,628.451066493988
0.5,trim_attack,46,arm_rule_median,150,0.8734,560.7688941955566,628.451066493988
0.5,trim_attack,46,arm_rule_trimmed_mean,15,0.8699,606.7180142402649,628.451066493988
0.5,trim_attack,46,arm_rule_trimmed_mean,50,0.8829,606.7180142402649,628.451066493988
0.5,trim_attack,46,arm_rule_trimmed_mean,150,0.884,606.7180142402649,628.451066493988
0.5,trim_attack,46,arm_rule_fltrust,15,0.7925000000000001,355.3755464553833,628.451066493988
0.5,trim_attack,46,arm_rule_fltrust,50,0.8778,355.3755464553833,628.451066493988
0.5,trim_attack,46,arm_rule_fltrust,150,0.8985,355.3755464553833,628.451066493988
0.5,trim_attack,46,arm_rule_clustering,15,0.8966,598.1352188587189,628.451066493988
0.5,trim_attack,46,arm_rule_clustering,50,0.9031,598.1352188587189,628.451066493988
0.5,trim_attack,46,arm_rule_clustering,150,0.9101,598.1352188587189,628.451066493988
0.5,trim_attack,46,arm_rule_krum,15,0.8840999999999999,626.5641379356384,628.451066493988
0.5,trim_attack,46,arm_rule_krum,50,0.867,626.5641379356384,628.451066493988
0.5,trim_attack,46,arm_rule_krum,150,0.8771000000000001,626.5641379356384,628.451066493988
0.5,trim_attack,46,arm_gradf_fedavg,15,0.7357000000000001,486.03813672065735,628.451066493988
0.5,trim_attack,46,arm_gradf_fedavg,50,0.7229,486.03813672065735,628.451066493988
0.5,trim_attack,46,arm_gradf_fedavg,150,0.6656000000000001,486.03813672065735,628.451066493988
0.5,trim_attack,46,arm_gradf_fedprox,15,0.7348,676.0842282772064,628.451066493988
0.5,trim_attack,46,arm_gradf_fedprox,50,0.7217,676.0842282772064,628.451066493988
0.5,trim_attack,46,arm_gradf_fedprox,150,0.6756,676.0842282772064,628.451066493988
0.5,trim_attack,46,arm_gradf_median,15,0.8382,790.0852649211884,628.451066493988
0.5,trim_attack,46,arm_gradf_median,50,0.8425,790.0852649211884,628.451066493988
0.5,trim_attack,46,arm_gradf_median,150,0.8424000000000001,790.0852649211884,628.451066493988
0.5,trim_attack,46,arm_gradf_trimmed_mean,15,0.8266,488.6455588340759,628.451066493988
0.5,trim_attack,46,arm_gradf_trimmed_mean,50,0.8319999999999999,488.6455588340759,628.451066493988
0.5,trim_attack,46,arm_gradf_trimmed_mean,150,0.8242999999999998,488.6455588340759,628.451066493988
0.5,trim_attack,46,arm_gradf_fltrust,15,0.7909,512.6472947597504,628.451066493988
0.5,trim_attack,46,arm_gradf_fltrust,50,0.8436,512.6472947597504,628.451066493988
0.5,trim_attack,46,arm_gradf_fltrust,150,0.8821,512.6472947597504,628.451066493988
0.5,trim_attack,46,arm_gradf_clustering,15,0.8961,473.1551809310913,628.451066493988
0.5,trim_attack,46,arm_gradf_clustering,50,0.9025,473.1551809310913,628.451066493988
0.5,trim_attack,46,arm_gradf_clustering,150,0.9051,473.1551809310913,628.451066493988
0.5,trim_attack,46,arm_gradf_krum,15,0.8374,549.7395896911621,628.451066493988
0.5,trim_attack,46,arm_gradf_krum,50,0.892,549.7395896911621,628.451066493988
0.5,trim_attack,46,arm_gradf_krum,150,0.8592000000000001,549.7395896911621,628.451066493988
0.5,trim_attack,47,td3_ref,15,0.8964000000000001,1569.690774679184,890.8752429485321
0.5,trim_attack,47,td3_ref,50,0.9114,1569.690774679184,890.8752429485321
0.5,trim_attack,47,td3_ref,150,0.9136,1569.690774679184,890.8752429485321
0.5,trim_attack,47,fixed,15,0.8961,1586.979161977768,890.8752429485321
0.5,trim_attack,47,fixed,50,0.9112000000000002,1586.979161977768,890.8752429485321
0.5,trim_attack,47,fixed,150,0.9126999999999998,1586.979161977768,890.8752429485321
0.5,trim_attack,47,linucb,15,0.8599,416.7074694633484,890.8752429485321
0.5,trim_attack,47,linucb,50,0.8584000000000002,416.7074694633484,890.8752429485321
0.5,trim_attack,47,linucb,150,0.8692,416.7074694633484,890.8752429485321
0.5,trim_attack,47,dqn,15,0.834,564.8425152301788,890.8752429485321
0.5,trim_attack,47,dqn,50,0.8362,564.8425152301788,890.8752429485321
0.5,trim_attack,47,dqn,150,0.8244999999999999,564.8425152301788,890.8752429485321
0.5,trim_attack,47,rand_rule,15,0.8568999999999999,237.57563471794128,890.8752429485321
0.5,trim_attack,47,rand_rule,50,0.8413,237.57563471794128,890.8752429485321
0.5,trim_attack,47,rand_rule,150,0.8848,237.57563471794128,890.8752429485321
0.5,trim_attack,47,rand_gradf,15,0.8194000000000001,317.1443965435028,890.8752429485321
0.5,trim_attack,47,rand_gradf,50,0.8214,317.1443965435028,890.8752429485321
0.5,trim_attack,47,rand_gradf,150,0.8569000000000001,317.1443965435028,890.8752429485321
0.5,trim_attack,47,arm_rule_fedavg,15,0.7463,465.41665983200073,890.8752429485321
0.5,trim_attack,47,arm_rule_fedavg,50,0.7404999999999999,465.41665983200073,890.8752429485321
0.5,trim_attack,47,arm_rule_fedavg,150,0.6724,465.41665983200073,890.8752429485321
0.5,trim_attack,47,arm_rule_fedprox,15,0.7428,490.8830382823944,890.8752429485321
0.5,trim_attack,47,arm_rule_fedprox,50,0.7419999999999999,490.8830382823944,890.8752429485321
0.5,trim_attack,47,arm_rule_fedprox,150,0.6792,490.8830382823944,890.8752429485321
0.5,trim_attack,47,arm_rule_median,15,0.8532,416.0600755214691,890.8752429485321
0.5,trim_attack,47,arm_rule_median,50,0.873,416.0600755214691,890.8752429485321
0.5,trim_attack,47,arm_rule_median,150,0.8737,416.0600755214691,890.8752429485321
0.5,trim_attack,47,arm_rule_trimmed_mean,15,0.8689,269.5313618183136,890.8752429485321
0.5,trim_attack,47,arm_rule_trimmed_mean,50,0.8827999999999999,269.5313618183136,890.8752429485321
0.5,trim_attack,47,arm_rule_trimmed_mean,150,0.8849,269.5313618183136,890.8752429485321
0.5,trim_attack,47,arm_rule_fltrust,15,0.8023,214.47617030143735,890.8752429485321
0.5,trim_attack,47,arm_rule_fltrust,50,0.8771000000000001,214.47617030143735,890.8752429485321
0.5,trim_attack,47,arm_rule_fltrust,150,0.8959000000000001,214.47617030143735,890.8752429485321
0.5,trim_attack,47,arm_rule_clustering,15,0.8967,371.96356296539307,890.8752429485321
0.5,trim_attack,47,arm_rule_clustering,50,0.908,371.96356296539307,890.8752429485321
0.5,trim_attack,47,arm_rule_clustering,150,0.9054,371.96356296539307,890.8752429485321
0.5,trim_attack,47,arm_rule_krum,15,0.8829,258.64732122421265,890.8752429485321
0.5,trim_attack,47,arm_rule_krum,50,0.8986999999999998,258.64732122421265,890.8752429485321
0.5,trim_attack,47,arm_rule_krum,150,0.8774000000000001,258.64732122421265,890.8752429485321
0.5,trim_attack,47,arm_gradf_fedavg,15,0.739,448.4231426715851,890.8752429485321
0.5,trim_attack,47,arm_gradf_fedavg,50,0.7213,448.4231426715851,890.8752429485321
0.5,trim_attack,47,arm_gradf_fedavg,150,0.6611,448.4231426715851,890.8752429485321
0.5,trim_attack,47,arm_gradf_fedprox,15,0.7417999999999999,311.62680101394653,890.8752429485321
0.5,trim_attack,47,arm_gradf_fedprox,50,0.7238,311.62680101394653,890.8752429485321
0.5,trim_attack,47,arm_gradf_fedprox,150,0.6538999999999999,311.62680101394653,890.8752429485321
0.5,trim_attack,47,arm_gradf_median,15,0.8445,293.63702964782715,890.8752429485321
0.5,trim_attack,47,arm_gradf_median,50,0.8515,293.63702964782715,890.8752429485321
0.5,trim_attack,47,arm_gradf_median,150,0.8471,293.63702964782715,890.8752429485321
0.5,trim_attack,47,arm_gradf_trimmed_mean,15,0.834,431.66238021850586,890.8752429485321
0.5,trim_attack,47,arm_gradf_trimmed_mean,50,0.8362,431.66238021850586,890.8752429485321
0.5,trim_attack,47,arm_gradf_trimmed_mean,150,0.8244999999999999,431.66238021850586,890.8752429485321
0.5,trim_attack,47,arm_gradf_fltrust,15,0.7928,393.0924253463745,890.8752429485321
0.5,trim_attack,47,arm_gradf_fltrust,50,0.8460999999999999,393.0924253463745,890.8752429485321
0.5,trim_attack,47,arm_gradf_fltrust,150,0.881,393.0924253463745,890.8752429485321
0.5,trim_attack,47,arm_gradf_clustering,15,0.8965,281.2180864810944,890.8752429485321
0.5,trim_attack,47,arm_gradf_clustering,50,0.9039,281.2180864810944,890.8752429485321
0.5,trim_attack,47,arm_gradf_clustering,150,0.9118,281.2180864810944,890.8752429485321
0.5,trim_attack,47,arm_gradf_krum,15,0.8711,499.90282797813416,890.8752429485321
0.5,trim_attack,47,arm_gradf_krum,50,0.8581,499.90282797813416,890.8752429485321
0.5,trim_attack,47,arm_gradf_krum,150,0.8572,499.90282797813416,890.8752429485321
0.5,trim_attack,48,td3_ref,15,0.8960000000000001,1557.3014755249023,607.4430253505707
0.5,trim_attack,48,td3_ref,50,0.9107,1557.3014755249023,607.4430253505707
0.5,trim_attack,48,td3_ref,150,0.9149999999999998,1557.3014755249023,607.4430253505707
0.5,trim_attack,48,fixed,15,0.8960000000000001,1659.7484827041626,607.4430253505707
0.5,trim_attack,48,fixed,50,0.9112,1659.7484827041626,607.4430253505707
0.5,trim_attack,48,fixed,150,0.9118,1659.7484827041626,607.4430253505707
0.5,trim_attack,48,linucb,15,0.8568000000000001,331.7473478317261,607.4430253505707
0.5,trim_attack,48,linucb,50,0.8901999999999999,331.7473478317261,607.4430253505707
0.5,trim_attack,48,linucb,150,0.8716000000000002,331.7473478317261,607.4430253505707
0.5,trim_attack,48,dqn,15,0.8465,771.1689202785492,607.4430253505707
0.5,trim_attack,48,dqn,50,0.8554999999999999,771.1689202785492,607.4430253505707
0.5,trim_attack,48,dqn,150,0.8701000000000001,771.1689202785492,607.4430253505707
0.5,trim_attack,48,rand_rule,15,0.8773,301.0534384250641,607.4430253505707
0.5,trim_attack,48,rand_rule,50,0.8981999999999999,301.0534384250641,607.4430253505707
0.5,trim_attack,48,rand_rule,150,0.8977,301.0534384250641,607.4430253505707
0.5,trim_attack,48,rand_gradf,15,0.8702,394.4065341949463,607.4430253505707
0.5,trim_attack,48,rand_gradf,50,0.8442000000000001,394.4065341949463,607.4430253505707
0.5,trim_attack,48,rand_gradf,150,0.8657000000000001,394.4065341949463,607.4430253505707
0.5,trim_attack,48,arm_rule_fedavg,15,0.7476999999999999,340.0650601387024,607.4430253505707
0.5,trim_attack,48,arm_rule_fedavg,50,0.7385,340.0650601387024,607.4430253505707
0.5,trim_attack,48,arm_rule_fedavg,150,0.6698000000000001,340.0650601387024,607.4430253505707
0.5,trim_attack,48,arm_rule_fedprox,15,0.7464999999999999,838.7575545310974,607.4430253505707
0.5,trim_attack,48,arm_rule_fedprox,50,0.7424999999999999,838.7575545310974,607.4430253505707
0.5,trim_attack,48,arm_rule_fedprox,150,0.6762,838.7575545310974,607.4430253505707
0.5,trim_attack,48,arm_rule_median,15,0.8535,606.6350796222687,607.4430253505707
0.5,trim_attack,48,arm_rule_median,50,0.8724999999999999,606.6350796222687,607.4430253505707
0.5,trim_attack,48,arm_rule_median,150,0.8743000000000001,606.6350796222687,607.4430253505707
0.5,trim_attack,48,arm_rule_trimmed_mean,15,0.8689,422.2090005874634,607.4430253505707
0.5,trim_attack,48,arm_rule_trimmed_mean,50,0.8827,422.2090005874634,607.4430253505707
0.5,trim_attack,48,arm_rule_trimmed_mean,150,0.8849,422.2090005874634,607.4430253505707
0.5,trim_attack,48,arm_rule_fltrust,15,0.8022,369.0990700721741,607.4430253505707
0.5,trim_attack,48,arm_rule_fltrust,50,0.8765000000000001,369.0990700721741,607.4430253505707
0.5,trim_attack,48,arm_rule_fltrust,150,0.8837999999999999,369.0990700721741,607.4430253505707
0.5,trim_attack,48,arm_rule_clustering,15,0.8966000000000001,481.85610151290894,607.4430253505707
0.5,trim_attack,48,arm_rule_clustering,50,0.908,481.85610151290894,607.4430253505707
0.5,trim_attack,48,arm_rule_clustering,150,0.9101,481.85610151290894,607.4430253505707
0.5,trim_attack,48,arm_rule_krum,15,0.885,216.8018651008606,607.4430253505707
0.5,trim_attack,48,arm_rule_krum,50,0.8991,216.8018651008606,607.4430253505707
0.5,trim_attack,48,arm_rule_krum,150,0.8756999999999999,216.8018651008606,607.4430253505707
0.5,trim_attack,48,arm_gradf_fedavg,15,0.7347,332.7572293281555,607.4430253505707
0.5,trim_attack,48,arm_gradf_fedavg,50,0.7222000000000001,332.7572293281555,607.4430253505707
0.5,trim_attack,48,arm_gradf_fedavg,150,0.6511,332.7572293281555,607.4430253505707
0.5,trim_attack,48,arm_gradf_fedprox,15,0.7362000000000001,554.9354014396667,607.4430253505707
0.5,trim_attack,48,arm_gradf_fedprox,50,0.7243999999999999,554.9354014396667,607.4430253505707
0.5,trim_attack,48,arm_gradf_fedprox,150,0.6648999999999999,554.9354014396667,607.4430253505707
0.5,trim_attack,48,arm_gradf_median,15,0.8465,441.8241305351257,607.4430253505707
0.5,trim_attack,48,arm_gradf_median,50,0.8554999999999999,441.8241305351257,607.4430253505707
0.5,trim_attack,48,arm_gradf_median,150,0.8439,441.8241305351257,607.4430253505707
0.5,trim_attack,48,arm_gradf_trimmed_mean,15,0.8333999999999999,382.1950261592865,607.4430253505707
0.5,trim_attack,48,arm_gradf_trimmed_mean,50,0.8404,382.1950261592865,607.4430253505707
0.5,trim_attack,48,arm_gradf_trimmed_mean,150,0.8243,382.1950261592865,607.4430253505707
0.5,trim_attack,48,arm_gradf_fltrust,15,0.7936000000000001,586.7728753089905,607.4430253505707
0.5,trim_attack,48,arm_gradf_fltrust,50,0.8478999999999999,586.7728753089905,607.4430253505707
0.5,trim_attack,48,arm_gradf_fltrust,150,0.8760999999999999,586.7728753089905,607.4430253505707
0.5,trim_attack,48,arm_gradf_clustering,15,0.8959999999999999,374.34873247146606,607.4430253505707
0.5,trim_attack,48,arm_gradf_clustering,50,0.8999,374.34873247146606,607.4430253505707
0.5,trim_attack,48,arm_gradf_clustering,150,0.9028,374.34873247146606,607.4430253505707
0.5,trim_attack,48,arm_gradf_krum,15,0.8305999999999999,594.4587726593018,607.4430253505707
0.5,trim_attack,48,arm_gradf_krum,50,0.8628,594.4587726593018,607.4430253505707
0.5,trim_attack,48,arm_gradf_krum,150,0.8821,594.4587726593018,607.4430253505707
0.5,trim_attack,49,td3_ref,15,0.8966000000000001,1570.4719853401184,1015.8551473617554
0.5,trim_attack,49,td3_ref,50,0.9103,1570.4719853401184,1015.8551473617554
0.5,trim_attack,49,td3_ref,150,0.9151,1570.4719853401184,1015.8551473617554
0.5,trim_attack,49,fixed,15,0.8967,1580.728132724762,1015.8551473617554
0.5,trim_attack,49,fixed,50,0.9114,1580.728132724762,1015.8551473617554
0.5,trim_attack,49,fixed,150,0.9154,1580.728132724762,1015.8551473617554
0.5,trim_attack,49,linucb,15,0.8599,801.9893851280212,1015.8551473617554
0.5,trim_attack,49,linucb,50,0.8800000000000001,801.9893851280212,1015.8551473617554
0.5,trim_attack,49,linucb,150,0.8968,801.9893851280212,1015.8551473617554
0.5,trim_attack,49,dqn,15,0.8308,478.0618839263916,1015.8551473617554
0.5,trim_attack,49,dqn,50,0.8412000000000001,478.0618839263916,1015.8551473617554
0.5,trim_attack,49,dqn,150,0.8324,478.0618839263916,1015.8551473617554
0.5,trim_attack,49,rand_rule,15,0.8695,274.4204397201538,1015.8551473617554
0.5,trim_attack,49,rand_rule,50,0.8516999999999999,274.4204397201538,1015.8551473617554
0.5,trim_attack,49,rand_rule,150,0.8477,274.4204397201538,1015.8551473617554
0.5,trim_attack,49,rand_gradf,15,0.8478999999999999,424.3899071216583,1015.8551473617554
0.5,trim_attack,49,rand_gradf,50,0.8808,424.3899071216583,1015.8551473617554
0.5,trim_attack,49,rand_gradf,150,0.86,424.3899071216583,1015.8551473617554
0.5,trim_attack,49,arm_rule_fedavg,15,0.7481000000000001,278.8858058452606,1015.8551473617554
0.5,trim_attack,49,arm_rule_fedavg,50,0.7402,278.8858058452606,1015.8551473617554
0.5,trim_attack,49,arm_rule_fedavg,150,0.6719,278.8858058452606,1015.8551473617554
0.5,trim_attack,49,arm_rule_fedprox,15,0.7458,600.9962148666382,1015.8551473617554
0.5,trim_attack,49,arm_rule_fedprox,50,0.7406,600.9962148666382,1015.8551473617554
0.5,trim_attack,49,arm_rule_fedprox,150,0.6793,600.9962148666382,1015.8551473617554
0.5,trim_attack,49,arm_rule_median,15,0.8538,556.5119180679321,1015.8551473617554
0.5,trim_attack,49,arm_rule_median,50,0.8720000000000001,556.5119180679321,1015.8551473617554
0.5,trim_attack,49,arm_rule_median,150,0.8737,556.5119180679321,1015.8551473617554
0.5,trim_attack,49,arm_rule_trimmed_mean,15,0.8699999999999999,429.95901441574097,1015.8551473617554
0.5,trim_attack,49,arm_rule_trimmed_mean,50,0.8816,429.95901441574097,1015.8551473617554
0.5,trim_attack,49,arm_rule_trimmed_mean,150,0.8838000000000001,429.95901441574097,1015.8551473617554
0.5,trim_attack,49,arm_rule_fltrust,15,0.7965,456.5054762363434,1015.8551473617554
0.5,trim_attack,49,arm_rule_fltrust,50,0.8696999999999999,456.5054762363434,1015.8551473617554
0.5,trim_attack,49,arm_rule_fltrust,150,0.8876999999999999,456.5054762363434,1015.8551473617554
0.5,trim_attack,49,arm_rule_clustering,15,0.8967,351.3359568119049,1015.8551473617554
0.5,trim_attack,49,arm_rule_clustering,50,0.9036,351.3359568119049,1015.8551473617554
0.5,trim_attack,49,arm_rule_clustering,150,0.9109000000000002,351.3359568119049,1015.8551473617554
0.5,trim_attack,49,arm_rule_krum,15,0.8839,554.7748827934265,1015.8551473617554
0.5,trim_attack,49,arm_rule_krum,50,0.8636000000000001,554.7748827934265,1015.8551473617554
0.5,trim_attack,49,arm_rule_krum,150,0.9046,554.7748827934265,1015.8551473617554
0.5,trim_attack,49,arm_gradf_fedavg,15,0.7535000000000001,315.09435176849365,1015.8551473617554
0.5,trim_attack,49,arm_gradf_fedavg,50,0.737,315.09435176849365,1015.8551473617554
0.5,trim_attack,49,arm_gradf_fedavg,150,0.6688000000000001,315.09435176849365,1015.8551473617554
0.5,trim_attack,49,arm_gradf_fedprox,15,0.7483000000000001,275.2570662498474,1015.8551473617554
0.5,trim_attack,49,arm_gradf_fedprox,50,0.7370999999999999,275.2570662498474,1015.8551473617554
0.5,trim_attack,49,arm_gradf_fedprox,150,0.6792,275.2570662498474,1015.8551473617554
0.5,trim_attack,49,arm_gradf_median,15,0.8459999999999999,284.79148173332214,1015.8551473617554
0.5,trim_attack,49,arm_gradf_median,50,0.8524999999999998,284.79148173332214,1015.8551473617554
0.5,trim_attack,49,arm_gradf_median,150,0.8507999999999999,284.79148173332214,1015.8551473617554
0.5,trim_attack,49,arm_gradf_trimmed_mean,15,0.8308,730.2462575435638,1015.8551473617554
0.5,trim_attack,49,arm_gradf_trimmed_mean,50,0.8412000000000001,730.2462575435638,1015.8551473617554
0.5,trim_attack,49,arm_gradf_trimmed_mean,150,0.8324,730.2462575435638,1015.8551473617554
0.5,trim_attack,49,arm_gradf_fltrust,15,0.7935000000000001,572.0150194168091,1015.8551473617554
0.5,trim_attack,49,arm_gradf_fltrust,50,0.8465,572.0150194168091,1015.8551473617554
0.5,trim_attack,49,arm_gradf_fltrust,150,0.8738000000000001,572.0150194168091,1015.8551473617554
0.5,trim_attack,49,arm_gradf_clustering,15,0.8957,391.10311818122864,1015.8551473617554
0.5,trim_attack,49,arm_gradf_clustering,50,0.9049,391.10311818122864,1015.8551473617554
0.5,trim_attack,49,arm_gradf_clustering,150,0.912,391.10311818122864,1015.8551473617554
0.5,trim_attack,49,arm_gradf_krum,15,0.8776999999999999,670.5801136493683,1015.8551473617554
0.5,trim_attack,49,arm_gradf_krum,50,0.8881,670.5801136493683,1015.8551473617554
0.5,trim_attack,49,arm_gradf_krum,150,0.8731,670.5801136493683,1015.8551473617554
0.5,trim_attack,50,td3_ref,15,0.8962999999999999,1554.897485256195,612.0532820224762
0.5,trim_attack,50,td3_ref,50,0.9111,1554.897485256195,612.0532820224762
0.5,trim_attack,50,td3_ref,150,0.9149,1554.897485256195,612.0532820224762
0.5,trim_attack,50,fixed,15,0.8968,1588.68665599823,612.0532820224762
0.5,trim_attack,50,fixed,50,0.9113,1588.68665599823,612.0532820224762
0.5,trim_attack,50,fixed,150,0.9131,1588.68665599823,612.0532820224762
0.5,trim_attack,50,linucb,15,0.8511999999999998,448.5163023471832,612.0532820224762
0.5,trim_attack,50,linucb,50,0.8451000000000001,448.5163023471832,612.0532820224762
0.5,trim_attack,50,linucb,150,0.8999,448.5163023471832,612.0532820224762
0.5,trim_attack,50,dqn,15,0.8356999999999999,530.3573424816132,612.0532820224762
0.5,trim_attack,50,dqn,50,0.8336,530.3573424816132,612.0532820224762
0.5,trim_attack,50,dqn,150,0.8270000000000002,530.3573424816132,612.0532820224762
0.5,trim_attack,50,rand_rule,15,0.8834,534.2354874610901,612.0532820224762
0.5,trim_attack,50,rand_rule,50,0.8937000000000002,534.2354874610901,612.0532820224762
0.5,trim_attack,50,rand_rule,150,0.8922000000000001,534.2354874610901,612.0532820224762
0.5,trim_attack,50,rand_gradf,15,0.8433999999999999,714.6014246940613,612.0532820224762
0.5,trim_attack,50,rand_gradf,50,0.8736,714.6014246940613,612.0532820224762
0.5,trim_attack,50,rand_gradf,150,0.8953,714.6014246940613,612.0532820224762
0.5,trim_attack,50,arm_rule_fedavg,15,0.7474000000000001,345.9394392967224,612.0532820224762
0.5,trim_attack,50,arm_rule_fedavg,50,0.743,345.9394392967224,612.0532820224762
0.5,trim_attack,50,arm_rule_fedavg,150,0.6741,345.9394392967224,612.0532820224762
0.5,trim_attack,50,arm_rule_fedprox,15,0.7476,604.9803171157837,612.0532820224762
0.5,trim_attack,50,arm_rule_fedprox,50,0.7459,604.9803171157837,612.0532820224762
0.5,trim_attack,50,arm_rule_fedprox,150,0.681,604.9803171157837,612.0532820224762
0.5,trim_attack,50,arm_rule_median,15,0.8543,653.6592135429382,612.0532820224762
0.5,trim_attack,50,arm_rule_median,50,0.8737,653.6592135429382,612.0532820224762
0.5,trim_attack,50,arm_rule_median,150,0.8731,653.6592135429382,612.0532820224762
0.5,trim_attack,50,arm_rule_trimmed_mean,15,0.8704000000000001,530.2930860519409,612.0532820224762
0.5,trim_attack,50,arm_rule_trimmed_mean,50,0.8826,530.2930860519409,612.0532820224762
0.5,trim_attack,50,arm_rule_trimmed_mean,150,0.8825000000000001,530.2930860519409,612.0532820224762
0.5,trim_attack,50,arm_rule_fltrust,15,0.7881000000000001,395.46919560432434,612.0532820224762
0.5,trim_attack,50,arm_rule_fltrust,50,0.8803000000000001,395.46919560432434,612.0532820224762
0.5,trim_attack,50,arm_rule_fltrust,150,0.9015,395.46919560432434,612.0532820224762
0.5,trim_attack,50,arm_rule_clustering,15,0.8965000000000002,305.3327851295471,612.0532820224762
0.5,trim_attack,50,arm_rule_clustering,50,0.9081,305.3327851295471,612.0532820224762
0.5,trim_attack,50,arm_rule_clustering,150,0.9098999999999998,305.3327851295471,612.0532820224762
0.5,trim_attack,50,arm_rule_krum,15,0.8846999999999999,338.4441921710968,612.0532820224762
0.5,trim_attack,50,arm_rule_krum,50,0.8993,338.4441921710968,612.0532820224762
0.5,trim_attack,50,arm_rule_krum,150,0.904,338.4441921710968,612.0532820224762
0.5,trim_attack,50,arm_gradf_fedavg,15,0.7445999999999999,421.93937826156616,612.0532820224762
0.5,trim_attack,50,arm_gradf_fedavg,50,0.7247999999999999,421.93937826156616,612.0532820224762
0.5,trim_attack,50,arm_gradf_fedavg,150,0.6641,421.93937826156616,612.0532820224762
0.5,trim_attack,50,arm_gradf_fedprox,15,0.7444000000000001,539.8557412624359,612.0532820224762
0.5,trim_attack,50,arm_gradf_fedprox,50,0.7285999999999999,539.8557412624359,612.0532820224762
0.5,trim_attack,50,arm_gradf_fedprox,150,0.6718,539.8557412624359,612.0532820224762
0.5,trim_attack,50,arm_gradf_median,15,0.8449,496.33007192611694,612.0532820224762
0.5,trim_attack,50,arm_gradf_median,50,0.8507999999999999,496.33007192611694,612.0532820224762
0.5,trim_attack,50,arm_gradf_median,150,0.8487,496.33007192611694,612.0532820224762
0.5,trim_attack,50,arm_gradf_trimmed_mean,15,0.8356999999999999,314.20120000839233,612.0532820224762
0.5,trim_attack,50,arm_gradf_trimmed_mean,50,0.8336,314.20120000839233,612.0532820224762
0.5,trim_attack,50,arm_gradf_trimmed_mean,150,0.8270000000000002,314.20120000839233,612.0532820224762
0.5,trim_attack,50,arm_gradf_fltrust,15,0.7858000000000002,407.5227732658386,612.0532820224762
0.5,trim_attack,50,arm_gradf_fltrust,50,0.8392,407.5227732658386,612.0532820224762
0.5,trim_attack,50,arm_gradf_fltrust,150,0.8827,407.5227732658386,612.0532820224762
0.5,trim_attack,50,arm_gradf_clustering,15,0.8951,505.29487562179565,612.0532820224762
0.5,trim_attack,50,arm_gradf_clustering,50,0.904,505.29487562179565,612.0532820224762
0.5,trim_attack,50,arm_gradf_clustering,150,0.9091,505.29487562179565,612.0532820224762
0.5,trim_attack,50,arm_gradf_krum,15,0.8690999999999999,698.1999781131744,612.0532820224762
0.5,trim_attack,50,arm_gradf_krum,50,0.8896000000000001,698.1999781131744,612.0532820224762
0.5,trim_attack,50,arm_gradf_krum,150,0.8914000000000002,698.1999781131744,612.0532820224762
0.5,trim_attack,51,td3_ref,15,0.8964000000000001,1572.7809391021729,511.7385718822479
0.5,trim_attack,51,td3_ref,50,0.9113,1572.7809391021729,511.7385718822479
0.5,trim_attack,51,td3_ref,150,0.915,1572.7809391021729,511.7385718822479
0.5,trim_attack,51,fixed,15,0.897,1596.737713098526,511.7385718822479
0.5,trim_attack,51,fixed,50,0.911,1596.737713098526,511.7385718822479
0.5,trim_attack,51,fixed,150,0.9151,1596.737713098526,511.7385718822479
0.5,trim_attack,51,linucb,15,0.8648,354.8685598373413,511.7385718822479
0.5,trim_attack,51,linucb,50,0.8295999999999999,354.8685598373413,511.7385718822479
0.5,trim_attack,51,linucb,150,0.8533,354.8685598373413,511.7385718822479
0.5,trim_attack,51,dqn,15,0.736,453.9692461490631,511.7385718822479
0.5,trim_attack,51,dqn,50,0.733,453.9692461490631,511.7385718822479
0.5,trim_attack,51,dqn,150,0.6737,453.9692461490631,511.7385718822479
0.5,trim_attack,51,rand_rule,15,0.8901,580.3661594390869,511.7385718822479
0.5,trim_attack,51,rand_rule,50,0.9002000000000001,580.3661594390869,511.7385718822479
0.5,trim_attack,51,rand_rule,150,0.9047,580.3661594390869,511.7385718822479
0.5,trim_attack,51,rand_gradf,15,0.8751999999999999,513.5402648448944,511.7385718822479
0.5,trim_attack,51,rand_gradf,50,0.8522000000000001,513.5402648448944,511.7385718822479
0.5,trim_attack,51,rand_gradf,150,0.8843,513.5402648448944,511.7385718822479
0.5,trim_attack,51,arm_rule_fedavg,15,0.7468999999999999,377.4720997810364,511.7385718822479
0.5,trim_attack,51,arm_rule_fedavg,50,0.7394000000000001,377.4720997810364,511.7385718822479
0.5,trim_attack,51,arm_rule_fedavg,150,0.6721999999999999,377.4720997810364,511.7385718822479
0.5,trim_attack,51,arm_rule_fedprox,15,0.7451000000000001,333.9162738323212,511.7385718822479
0.5,trim_attack,51,arm_rule_fedprox,50,0.742,333.9162738323212,511.7385718822479
0.5,trim_attack,51,arm_rule_fedprox,150,0.6822,333.9162738323212,511.7385718822479
0.5,trim_attack,51,arm_rule_median,15,0.8528,379.4491069316864,511.7385718822479
0.5,trim_attack,51,arm_rule_median,50,0.8717,379.4491069316864,511.7385718822479
0.5,trim_attack,51,arm_rule_median,150,0.874,379.4491069316864,511.7385718822479
0.5,trim_attack,51,arm_rule_trimmed_mean,15,0.8687000000000001,612.9159283638,511.7385718822479
0.5,trim_attack,51,arm_rule_trimmed_mean,50,0.8827,612.9159283638,511.7385718822479
0.5,trim_attack,51,arm_rule_trimmed_mean,150,0.8845000000000001,612.9159283638,511.7385718822479
0.5,trim_attack,51,arm_rule_fltrust,15,0.7986,401.14489698410034,511.7385718822479
0.5,trim_attack,51,arm_rule_fltrust,50,0.8871,401.14489698410034,511.7385718822479
0.5,trim_attack,51,arm_rule_fltrust,150,0.9047,401.14489698410034,511.7385718822479
0.5,trim_attack,51,arm_rule_clustering,15,0.8961,285.2544131278992,511.7385718822479
0.5,trim_attack,51,arm_rule_clustering,50,0.9078000000000002,285.2544131278992,511.7385718822479
0.5,trim_attack,51,arm_rule_clustering,150,0.9102,285.2544131278992,511.7385718822479
0.5,trim_attack,51,arm_rule_krum,15,0.8847999999999999,276.9086604118347,511.7385718822479
0.5,trim_attack,51,arm_rule_krum,50,0.8981999999999999,276.9086604118347,511.7385718822479
0.5,trim_attack,51,arm_rule_krum,150,0.8761999999999999,276.9086604118347,511.7385718822479
0.5,trim_attack,51,arm_gradf_fedavg,15,0.736,175.11712002754211,511.7385718822479
0.5,trim_attack,51,arm_gradf_fedavg,50,0.733,175.11712002754211,511.7385718822479
0.5,trim_attack,51,arm_gradf_fedavg,150,0.6737,175.11712002754211,511.7385718822479
0.5,trim_attack,51,arm_gradf_fedprox,15,0.7346999999999999,169.9399130344391,511.7385718822479
0.5,trim_attack,51,arm_gradf_fedprox,50,0.7393,169.9399130344391,511.7385718822479
0.5,trim_attack,51,arm_gradf_fedprox,150,0.6822999999999999,169.9399130344391,511.7385718822479
0.5,trim_attack,51,arm_gradf_median,15,0.8441000000000001,144.5419647693634,511.7385718822479
0.5,trim_attack,51,arm_gradf_median,50,0.8469999999999999,144.5419647693634,511.7385718822479
0.5,trim_attack,51,arm_gradf_median,150,0.852,144.5419647693634,511.7385718822479
0.5,trim_attack,51,arm_gradf_trimmed_mean,15,0.8263,125.58980202674866,511.7385718822479
0.5,trim_attack,51,arm_gradf_trimmed_mean,50,0.836,125.58980202674866,511.7385718822479
0.5,trim_attack,51,arm_gradf_trimmed_mean,150,0.8278000000000001,125.58980202674866,511.7385718822479
0.5,trim_attack,51,arm_gradf_fltrust,15,0.7895,126.23990893363953,511.7385718822479
0.5,trim_attack,51,arm_gradf_fltrust,50,0.851,126.23990893363953,511.7385718822479
0.5,trim_attack,51,arm_gradf_fltrust,150,0.8901,126.23990893363953,511.7385718822479
0.5,trim_attack,51,arm_gradf_clustering,15,0.8955,126.68517017364502,511.7385718822479
0.5,trim_attack,51,arm_gradf_clustering,50,0.9035,126.68517017364502,511.7385718822479
0.5,trim_attack,51,arm_gradf_clustering,150,0.9088,126.68517017364502,511.7385718822479
0.5,trim_attack,51,arm_gradf_krum,15,0.8639000000000001,144.03800630569458,511.7385718822479
0.5,trim_attack,51,arm_gradf_krum,50,0.8542,144.03800630569458,511.7385718822479
0.5,trim_attack,51,arm_gradf_krum,150,0.8585999999999998,144.03800630569458,511.7385718822479
