alpha,attack_type,seed,system,H,accuracy,sec
0.5,fltrust_aligned,72,sr_only,15,0.8535999999999999,1648.0636038780212
0.5,fltrust_aligned,72,sr_only,50,0.8956,1648.0636038780212
0.5,fltrust_aligned,72,sr_only,150,0.9109,1648.0636038780212
0.5,fltrust_aligned,72,sr_bin,15,0.8912000000000001,1597.7445616722107
0.5,fltrust_aligned,72,sr_bin,50,0.9037000000000004,1597.7445616722107
0.5,fltrust_aligned,72,sr_bin,150,0.9132,1597.7445616722107
0.5,fltrust_aligned,72,sr_b025,15,0.8916999999999999,1626.028261423111
0.5,fltrust_aligned,72,sr_b025,50,0.9087,1626.028261423111
0.5,fltrust_aligned,72,sr_b025,150,0.9141,1626.028261423111
0.5,fltrust_aligned,72,cosserver_only,15,0.8081999999999999,410.0138394832611
0.5,fltrust_aligned,72,cosserver_only,50,0.7870999999999999,410.0138394832611
0.5,fltrust_aligned,72,cosserver_only,150,0.7710000000000001,410.0138394832611
0.5,fltrust_aligned,72,fltrust,15,0.8152999999999999,466.4383704662323
0.5,fltrust_aligned,72,fltrust,50,0.8511,466.4383704662323
0.5,fltrust_aligned,72,fltrust,150,0.8227,466.4383704662323
0.5,fltrust_aligned,72,trimmed_mean,15,0.8902000000000001,468.6393690109253
0.5,fltrust_aligned,72,trimmed_mean,50,0.9072,468.6393690109253
0.5,fltrust_aligned,72,trimmed_mean,150,0.9134,468.6393690109253
0.5,fltrust_aligned,72,clustering,15,0.8602000000000001,327.886513710022
0.5,fltrust_aligned,72,clustering,50,0.8872000000000002,327.886513710022
0.5,fltrust_aligned,72,clustering,150,0.897,327.886513710022
0.5,fltrust_aligned,72,median,15,0.8861000000000001,416.75094389915466
0.5,fltrust_aligned,72,median,50,0.9027,416.75094389915466
0.5,fltrust_aligned,72,median,150,0.9097,416.75094389915466
0.5,fltrust_aligned,73,sr_only,15,0.8824000000000002,1555.8825726509094
0.5,fltrust_aligned,73,sr_only,50,0.9086,1555.8825726509094
0.5,fltrust_aligned,73,sr_only,150,0.9146,1555.8825726509094
0.5,fltrust_aligned,73,sr_bin,15,0.8883000000000001,1600.204088449478
0.5,fltrust_aligned,73,sr_bin,50,0.909,1600.204088449478
0.5,fltrust_aligned,73,sr_bin,150,0.9143,1600.204088449478
0.5,fltrust_aligned,73,sr_b025,15,0.8931000000000001,1572.9031157493591
0.5,fltrust_aligned,73,sr_b025,50,0.91,1572.9031157493591
0.5,fltrust_aligned,73,sr_b025,150,0.914,1572.9031157493591
0.5,fltrust_aligned,73,cosserver_only,15,0.8108000000000001,387.9527690410614
0.5,fltrust_aligned,73,cosserver_only,50,0.7958999999999999,387.9527690410614
0.5,fltrust_aligned,73,cosserver_only,150,0.7857000000000001,387.9527690410614
0.5,fltrust_aligned,73,fltrust,15,0.7984000000000001,329.9114158153534
0.5,fltrust_aligned,73,fltrust,50,0.8413999999999998,329.9114158153534
0.5,fltrust_aligned,73,fltrust,150,0.8257,329.9114158153534
0.5,fltrust_aligned,73,trimmed_mean,15,0.8902000000000001,340.11059284210205
0.5,fltrust_aligned,73,trimmed_mean,50,0.9081,340.11059284210205
0.5,fltrust_aligned,73,trimmed_mean,150,0.9146,340.11059284210205
0.5,fltrust_aligned,73,clustering,15,0.8263,436.134192943573
0.5,fltrust_aligned,73,clustering,50,0.8619999999999999,436.134192943573
0.5,fltrust_aligned,73,clustering,150,0.8733000000000001,436.134192943573
0.5,fltrust_aligned,73,median,15,0.8871,470.7325396537781
0.5,fltrust_aligned,73,median,50,0.9047,470.7325396537781
0.5,fltrust_aligned,73,median,150,0.9109,470.7325396537781
0.5,fltrust_aligned,74,sr_only,15,0.883,1600.9772956371307
0.5,fltrust_aligned,74,sr_only,50,0.907,1600.9772956371307
0.5,fltrust_aligned,74,sr_only,150,0.9125,1600.9772956371307
0.5,fltrust_aligned,74,sr_bin,15,0.8896000000000001,1591.680267572403
0.5,fltrust_aligned,74,sr_bin,50,0.9085,1591.680267572403
0.5,fltrust_aligned,74,sr_bin,150,0.9146,1591.680267572403
0.5,fltrust_aligned,74,sr_b025,15,0.8918000000000001,1591.265094280243
0.5,fltrust_aligned,74,sr_b025,50,0.9088,1591.265094280243
0.5,fltrust_aligned,74,sr_b025,150,0.9134,1591.265094280243
0.5,fltrust_aligned,74,cosserver_only,15,0.8,470.3661458492279
0.5,fltrust_aligned,74,cosserver_only,50,0.7937000000000001,470.3661458492279
0.5,fltrust_aligned,74,cosserver_only,150,0.7761,470.3661458492279
0.5,fltrust_aligned,74,fltrust,15,0.8276,389.70442509651184
0.5,fltrust_aligned,74,fltrust,50,0.8472999999999999,389.70442509651184
0.5,fltrust_aligned,74,fltrust,150,0.8225,389.70442509651184
0.5,fltrust_aligned,74,trimmed_mean,15,0.8896,491.6988613605499
0.5,fltrust_aligned,74,trimmed_mean,50,0.9063,491.6988613605499
0.5,fltrust_aligned,74,trimmed_mean,150,0.9128,491.6988613605499
0.5,fltrust_aligned,74,clustering,15,0.8599,395.37350845336914
0.5,fltrust_aligned,74,clustering,50,0.8854,395.37350845336914
0.5,fltrust_aligned,74,clustering,150,0.8965,395.37350845336914
0.5,fltrust_aligned,74,median,15,0.8827,431.74430203437805
0.5,fltrust_aligned,74,median,50,0.8993,431.74430203437805
0.5,fltrust_aligned,74,median,150,0.9050999999999998,431.74430203437805
0.5,fltrust_aligned,75,sr_only,15,0.8442999999999999,1592.0480372905731
0.5,fltrust_aligned,75,sr_only,50,0.8934000000000001,1592.0480372905731
0.5,fltrust_aligned,75,sr_only,150,0.9116000000000002,1592.0480372905731
0.5,fltrust_aligned,75,sr_bin,15,0.8506,1544.3002662658691
0.5,fltrust_aligned,75,sr_bin,50,0.9055,1544.3002662658691
0.5,fltrust_aligned,75,sr_bin,150,0.9131,1544.3002662658691
0.5,fltrust_aligned,75,sr_b025,15,0.8925000000000001,1583.3099586963654
0.5,fltrust_aligned,75,sr_b025,50,0.9083,1583.3099586963654
0.5,fltrust_aligned,75,sr_b025,150,0.915,1583.3099586963654
0.5,fltrust_aligned,75,cosserver_only,15,0.7474000000000001,374.6696236133576
0.5,fltrust_aligned,75,cosserver_only,50,0.7499,374.6696236133576
0.5,fltrust_aligned,75,cosserver_only,150,0.7421,374.6696236133576
0.5,fltrust_aligned,75,fltrust,15,0.8139,346.311484336853
0.5,fltrust_aligned,75,fltrust,50,0.82,346.311484336853
0.5,fltrust_aligned,75,fltrust,150,0.8005000000000001,346.311484336853
0.5,fltrust_aligned,75,trimmed_mean,15,0.8936999999999999,379.7160472869873
0.5,fltrust_aligned,75,trimmed_mean,50,0.909,379.7160472869873
0.5,fltrust_aligned,75,trimmed_mean,150,0.9158,379.7160472869873
0.5,fltrust_aligned,75,clustering,15,0.8692,553.0174233913422
0.5,fltrust_aligned,75,clustering,50,0.8902999999999999,553.0174233913422
0.5,fltrust_aligned,75,clustering,150,0.9008,553.0174233913422
0.5,fltrust_aligned,75,median,15,0.8894,470.7809200286865
0.5,fltrust_aligned,75,median,50,0.9054,470.7809200286865
0.5,fltrust_aligned,75,median,150,0.91,470.7809200286865
0.5,fltrust_aligned,76,sr_only,15,0.8896000000000001,1489.932873249054
0.5,fltrust_aligned,76,sr_only,50,0.9088,1489.932873249054
0.5,fltrust_aligned,76,sr_only,150,0.9144,1489.932873249054
0.5,fltrust_aligned,76,sr_bin,15,0.8782,1558.4247965812683
0.5,fltrust_aligned,76,sr_bin,50,0.9074,1558.4247965812683
0.5,fltrust_aligned,76,sr_bin,150,0.9148000000000002,1558.4247965812683
0.5,fltrust_aligned,76,sr_b025,15,0.8920000000000001,1680.6348824501038
0.5,fltrust_aligned,76,sr_b025,50,0.9098,1680.6348824501038
0.5,fltrust_aligned,76,sr_b025,150,0.9148,1680.6348824501038
0.5,fltrust_aligned,76,cosserver_only,15,0.7838,425.7214047908783
0.5,fltrust_aligned,76,cosserver_only,50,0.7952,425.7214047908783
0.5,fltrust_aligned,76,cosserver_only,150,0.7952,425.7214047908783
0.5,fltrust_aligned,76,fltrust,15,0.8442999999999999,473.6487293243408
0.5,fltrust_aligned,76,fltrust,50,0.857,473.6487293243408
0.5,fltrust_aligned,76,fltrust,150,0.841,473.6487293243408
0.5,fltrust_aligned,76,trimmed_mean,15,0.8907,369.1462080478668
0.5,fltrust_aligned,76,trimmed_mean,50,0.9069,369.1462080478668
0.5,fltrust_aligned,76,trimmed_mean,150,0.9141,369.1462080478668
0.5,fltrust_aligned,76,clustering,15,0.8638,409.7030019760132
0.5,fltrust_aligned,76,clustering,50,0.8878,409.7030019760132
0.5,fltrust_aligned,76,clustering,150,0.8983999999999999,409.7030019760132
0.5,fltrust_aligned,76,median,15,0.8838999999999999,531.8642141819
0.5,fltrust_aligned,76,median,50,0.9035,531.8642141819
0.5,fltrust_aligned,76,median,150,0.9077000000000002,531.8642141819
0.5,fltrust_aligned,77,sr_only,15,0.8825,1569.814255952835
0.5,fltrust_aligned,77,sr_only,50,0.9051,1569.814255952835
0.5,fltrust_aligned,77,sr_only,150,0.9132,1569.814255952835
0.5,fltrust_aligned,77,sr_bin,15,0.8902000000000001,1490.4500432014463
0.5,fltrust_aligned,77,sr_bin,50,0.9082,1490.4500432014463
0.5,fltrust_aligned,77,sr_bin,150,0.9125,1490.4500432014463
0.5,fltrust_aligned,77,sr_b025,15,0.8915000000000001,1512.7837142944336
0.5,fltrust_aligned,77,sr_b025,50,0.9092,1512.7837142944336
0.5,fltrust_aligned,77,sr_b025,150,0.9148,1512.7837142944336
0.5,fltrust_aligned,77,cosserver_only,15,0.7881,609.1592781543732
0.5,fltrust_aligned,77,cosserver_only,50,0.7842,609.1592781543732
0.5,fltrust_aligned,77,cosserver_only,150,0.7722,609.1592781543732
0.5,fltrust_aligned,77,fltrust,15,0.8220000000000001,544.2061321735382
0.5,fltrust_aligned,77,fltrust,50,0.8381000000000001,544.2061321735382
0.5,fltrust_aligned,77,fltrust,150,0.8173,544.2061321735382
0.5,fltrust_aligned,77,trimmed_mean,15,0.8914000000000002,757.8919277191162
0.5,fltrust_aligned,77,trimmed_mean,50,0.9068,757.8919277191162
0.5,fltrust_aligned,77,trimmed_mean,150,0.9152,757.8919277191162
0.5,fltrust_aligned,77,clustering,15,0.8653000000000001,499.5406167507172
0.5,fltrust_aligned,77,clustering,50,0.8874000000000001,499.5406167507172
0.5,fltrust_aligned,77,clustering,150,0.897,499.5406167507172
0.5,fltrust_aligned,77,median,15,0.8856999999999999,579.9711022377014
0.5,fltrust_aligned,77,median,50,0.9037,579.9711022377014
0.5,fltrust_aligned,77,median,150,0.9099,579.9711022377014
0.5,fltrust_aligned,78,sr_only,15,0.8850999999999999,1538.883231163025
0.5,fltrust_aligned,78,sr_only,50,0.906,1538.883231163025
0.5,fltrust_aligned,78,sr_only,150,0.9136,1538.883231163025
0.5,fltrust_aligned,78,sr_bin,15,0.8798999999999999,1515.482851743698
0.5,fltrust_aligned,78,sr_bin,50,0.903,1515.482851743698
0.5,fltrust_aligned,78,sr_bin,150,0.9148,1515.482851743698
0.5,fltrust_aligned,78,sr_b025,15,0.8901000000000001,1537.1569592952728
0.5,fltrust_aligned,78,sr_b025,50,0.9081,1537.1569592952728
0.5,fltrust_aligned,78,sr_b025,150,0.9136,1537.1569592952728
0.5,fltrust_aligned,78,cosserver_only,15,0.8145999999999999,444.1298243999481
0.5,fltrust_aligned,78,cosserver_only,50,0.8018999999999998,444.1298243999481
0.5,fltrust_aligned,78,cosserver_only,150,0.7874000000000001,444.1298243999481
0.5,fltrust_aligned,78,fltrust,15,0.8077,338.0536060333252
0.5,fltrust_aligned,78,fltrust,50,0.8442999999999999,338.0536060333252
0.5,fltrust_aligned,78,fltrust,150,0.8243,338.0536060333252
0.5,fltrust_aligned,78,trimmed_mean,15,0.8888,431.6419892311096
0.5,fltrust_aligned,78,trimmed_mean,50,0.9054,431.6419892311096
0.5,fltrust_aligned,78,trimmed_mean,150,0.9129,431.6419892311096
0.5,fltrust_aligned,78,clustering,15,0.8278000000000001,386.7413065433502
0.5,fltrust_aligned,78,clustering,50,0.8637,386.7413065433502
0.5,fltrust_aligned,78,clustering,150,0.8766,386.7413065433502
0.5,fltrust_aligned,78,median,15,0.8827,736.4755663871765
0.5,fltrust_aligned,78,median,50,0.8994000000000002,736.4755663871765
0.5,fltrust_aligned,78,median,150,0.9081,736.4755663871765
0.5,fltrust_aligned,79,sr_only,15,0.8846,1502.0915331840515
0.5,fltrust_aligned,79,sr_only,50,0.8928,1502.0915331840515
0.5,fltrust_aligned,79,sr_only,150,0.9095,1502.0915331840515
0.5,fltrust_aligned,79,sr_bin,15,0.8870000000000001,1554.0930829048157
0.5,fltrust_aligned,79,sr_bin,50,0.8991000000000001,1554.0930829048157
0.5,fltrust_aligned,79,sr_bin,150,0.9119,1554.0930829048157
0.5,fltrust_aligned,79,sr_b025,15,0.8934,1504.2434771060944
0.5,fltrust_aligned,79,sr_b025,50,0.9082,1504.2434771060944
0.5,fltrust_aligned,79,sr_b025,150,0.9131,1504.2434771060944
0.5,fltrust_aligned,79,cosserver_only,15,0.7815000000000001,372.5831651687622
0.5,fltrust_aligned,79,cosserver_only,50,0.7734000000000001,372.5831651687622
0.5,fltrust_aligned,79,cosserver_only,150,0.7599,372.5831651687622
0.5,fltrust_aligned,79,fltrust,15,0.7979,591.1086392402649
0.5,fltrust_aligned,79,fltrust,50,0.8352,591.1086392402649
0.5,fltrust_aligned,79,fltrust,150,0.8082,591.1086392402649
0.5,fltrust_aligned,79,trimmed_mean,15,0.8909999999999998,424.2296748161316
0.5,fltrust_aligned,79,trimmed_mean,50,0.9056,424.2296748161316
0.5,fltrust_aligned,79,trimmed_mean,150,0.9149,424.2296748161316
0.5,fltrust_aligned,79,clustering,15,0.8657,434.1320102214813
0.5,fltrust_aligned,79,clustering,50,0.8885000000000002,434.1320102214813
0.5,fltrust_aligned,79,clustering,150,0.8971,434.1320102214813
0.5,fltrust_aligned,79,median,15,0.8841999999999999,348.2312180995941
0.5,fltrust_aligned,79,median,50,0.9011,348.2312180995941
0.5,fltrust_aligned,79,median,150,0.9097,348.2312180995941
0.5,fltrust_aligned,80,sr_only,15,0.8885000000000002,1463.5545156002045
0.5,fltrust_aligned,80,sr_only,50,0.9078,1463.5545156002045
0.5,fltrust_aligned,80,sr_only,150,0.9143,1463.5545156002045
0.5,fltrust_aligned,80,sr_bin,15,0.8859999999999999,1458.7180905342102
0.5,fltrust_aligned,80,sr_bin,50,0.9094,1458.7180905342102
0.5,fltrust_aligned,80,sr_bin,150,0.9143,1458.7180905342102
0.5,fltrust_aligned,80,sr_b025,15,0.8925000000000001,1494.3320062160492
0.5,fltrust_aligned,80,sr_b025,50,0.9102,1494.3320062160492
0.5,fltrust_aligned,80,sr_b025,150,0.9155,1494.3320062160492
0.5,fltrust_aligned,80,cosserver_only,15,0.7605,308.43405771255493
0.5,fltrust_aligned,80,cosserver_only,50,0.7603,308.43405771255493
0.5,fltrust_aligned,80,cosserver_only,150,0.753,308.43405771255493
0.5,fltrust_aligned,80,fltrust,15,0.8168,253.56096577644348
0.5,fltrust_aligned,80,fltrust,50,0.8297000000000001,253.56096577644348
0.5,fltrust_aligned,80,fltrust,150,0.8011000000000001,253.56096577644348
0.5,fltrust_aligned,80,trimmed_mean,15,0.8919,278.3416907787323
0.5,fltrust_aligned,80,trimmed_mean,50,0.9076,278.3416907787323
0.5,fltrust_aligned,80,trimmed_mean,150,0.915,278.3416907787323
0.5,fltrust_aligned,80,clustering,15,0.8309,196.58623242378235
0.5,fltrust_aligned,80,clustering,50,0.8642999999999998,196.58623242378235
0.5,fltrust_aligned,80,clustering,150,0.9013,196.58623242378235
0.5,fltrust_aligned,80,median,15,0.8841999999999999,236.16040778160092
0.5,fltrust_aligned,80,median,50,0.9032,236.16040778160092
0.5,fltrust_aligned,80,median,150,0.9078000000000002,236.16040778160092
0.5,fltrust_aligned,81,sr_only,15,0.8772,1388.9614927768707
0.5,fltrust_aligned,81,sr_only,50,0.9083,1388.9614927768707
0.5,fltrust_aligned,81,sr_only,150,0.913,1388.9614927768707
0.5,fltrust_aligned,81,sr_bin,15,0.8862,1514.3075172901154
0.5,fltrust_aligned,81,sr_bin,50,0.9087,1514.3075172901154
0.5,fltrust_aligned,81,sr_bin,150,0.9123,1514.3075172901154
0.5,fltrust_aligned,81,sr_b025,15,0.8912000000000001,1648.7744557857511
0.5,fltrust_aligned,81,sr_b025,50,0.9078,1648.7744557857511
0.5,fltrust_aligned,81,sr_b025,150,0.9144000000000002,1648.7744557857511
0.5,fltrust_aligned,81,cosserver_only,15,0.7939,439.0161919593811
0.5,fltrust_aligned,81,cosserver_only,50,0.7811000000000001,439.0161919593811
0.5,fltrust_aligned,81,cosserver_only,150,0.7703999999999999,439.0161919593811
0.5,fltrust_aligned,81,fltrust,15,0.7979,427.38126277923584
0.5,fltrust_aligned,81,fltrust,50,0.8305999999999999,427.38126277923584
0.5,fltrust_aligned,81,fltrust,150,0.8046999999999999,427.38126277923584
0.5,fltrust_aligned,81,trimmed_mean,15,0.8886000000000001,476.8117816448212
0.5,fltrust_aligned,81,trimmed_mean,50,0.905,476.8117816448212
0.5,fltrust_aligned,81,trimmed_mean,150,0.9141,476.8117816448212
0.5,fltrust_aligned,81,clustering,15,0.8239999999999998,499.5043001174927
0.5,fltrust_aligned,81,clustering,50,0.8608,499.5043001174927
0.5,fltrust_aligned,81,clustering,150,0.8718999999999999,499.5043001174927
0.5,fltrust_aligned,81,median,15,0.8805999999999999,612.2568078041077
0.5,fltrust_aligned,81,median,50,0.8997999999999999,612.2568078041077
0.5,fltrust_aligned,81,median,150,0.9084,612.2568078041077
0.05,gaussian_noise,72,sr_only,15,0.8028000000000001,1561.572227716446
0.05,gaussian_noise,72,sr_only,50,0.857,1561.572227716446
0.05,gaussian_noise,72,sr_only,150,0.8785999999999999,1561.572227716446
0.05,gaussian_noise,72,sr_bin,15,0.8036,1627.0609934329989
0.05,gaussian_noise,72,sr_bin,50,0.8568999999999999,1627.0609934329989
0.05,gaussian_noise,72,sr_bin,150,0.8793999999999998,1627.0609934329989
0.05,gaussian_noise,72,sr_b025,15,0.7939,1541.9700915813446
0.05,gaussian_noise,72,sr_b025,50,0.8554999999999999,1541.9700915813446
0.05,gaussian_noise,72,sr_b025,150,0.8774000000000001,1541.9700915813446
0.05,gaussian_noise,72,cosserver_only,15,0.7992,608.9153141975403
0.05,gaussian_noise,72,cosserver_only,50,0.7608,608.9153141975403
0.05,gaussian_noise,72,cosserver_only,150,0.7961,608.9153141975403
0.05,gaussian_noise,72,fltrust,15,0.629,491.8258328437805
0.05,gaussian_noise,72,fltrust,50,0.7672,491.8258328437805
0.05,gaussian_noise,72,fltrust,150,0.8404,491.8258328437805
0.05,gaussian_noise,72,trimmed_mean,15,0.7316,378.3012182712555
0.05,gaussian_noise,72,trimmed_mean,50,0.8140000000000001,378.3012182712555
0.05,gaussian_noise,72,trimmed_mean,150,0.8507,378.3012182712555
0.05,gaussian_noise,72,clustering,15,0.5612,383.67636227607727
0.05,gaussian_noise,72,clustering,50,0.7082999999999999,383.67636227607727
0.05,gaussian_noise,72,clustering,150,0.7551,383.67636227607727
0.05,gaussian_noise,72,median,15,0.5651999999999999,576.598474740982
0.05,gaussian_noise,72,median,50,0.682,576.598474740982
0.05,gaussian_noise,72,median,150,0.7373999999999999,576.598474740982
0.05,gaussian_noise,73,sr_only,15,0.8036,1538.3421235084534
0.05,gaussian_noise,73,sr_only,50,0.8562999999999998,1538.3421235084534
0.05,gaussian_noise,73,sr_only,150,0.8793000000000001,1538.3421235084534
0.05,gaussian_noise,73,sr_bin,15,0.8033000000000001,1582.874772787094
0.05,gaussian_noise,73,sr_bin,50,0.8567,1582.874772787094
0.05,gaussian_noise,73,sr_bin,150,0.8798999999999999,1582.874772787094
0.05,gaussian_noise,73,sr_b025,15,0.7997,1625.1266901493073
0.05,gaussian_noise,73,sr_b025,50,0.8552,1625.1266901493073
0.05,gaussian_noise,73,sr_b025,150,0.8780999999999999,1625.1266901493073
0.05,gaussian_noise,73,cosserver_only,15,0.8318,659.6580109596252
0.05,gaussian_noise,73,cosserver_only,50,0.8676,659.6580109596252
0.05,gaussian_noise,73,cosserver_only,150,0.7886,659.6580109596252
0.05,gaussian_noise,73,fltrust,15,0.6636,388.0977373123169
0.05,gaussian_noise,73,fltrust,50,0.8049000000000002,388.0977373123169
0.05,gaussian_noise,73,fltrust,150,0.8513,388.0977373123169
0.05,gaussian_noise,73,trimmed_mean,15,0.7386,476.66775584220886
0.05,gaussian_noise,73,trimmed_mean,50,0.8285,476.66775584220886
0.05,gaussian_noise,73,trimmed_mean,150,0.8475999999999999,476.66775584220886
0.05,gaussian_noise,73,clustering,15,0.6260999999999999,441.6534295082092
0.05,gaussian_noise,73,clustering,50,0.7008,441.6534295082092
0.05,gaussian_noise,73,clustering,150,0.7483,441.6534295082092
0.05,gaussian_noise,73,median,15,0.5635999999999999,381.1894767284393
0.05,gaussian_noise,73,median,50,0.6865,381.1894767284393
0.05,gaussian_noise,73,median,150,0.7379,381.1894767284393
0.05,gaussian_noise,74,sr_only,15,0.8023999999999999,1537.8585631847382
0.05,gaussian_noise,74,sr_only,50,0.8569000000000001,1537.8585631847382
0.05,gaussian_noise,74,sr_only,150,0.8776000000000002,1537.8585631847382
0.05,gaussian_noise,74,sr_bin,15,0.8033000000000001,1602.8192393779757
0.05,gaussian_noise,74,sr_bin,50,0.8568,1602.8192393779757
0.05,gaussian_noise,74,sr_bin,150,0.8792,1602.8192393779757
0.05,gaussian_noise,74,sr_b025,15,0.8023999999999999,1563.4939789772034
0.05,gaussian_noise,74,sr_b025,50,0.8569000000000001,1563.4939789772034
0.05,gaussian_noise,74,sr_b025,150,0.8779,1563.4939789772034
0.05,gaussian_noise,74,cosserver_only,15,0.7978999999999999,311.56475710868835
0.05,gaussian_noise,74,cosserver_only,50,0.868,311.56475710868835
0.05,gaussian_noise,74,cosserver_only,150,0.8791,311.56475710868835
0.05,gaussian_noise,74,fltrust,15,0.5811,390.57297539711
0.05,gaussian_noise,74,fltrust,50,0.7796000000000001,390.57297539711
0.05,gaussian_noise,74,fltrust,150,0.845,390.57297539711
0.05,gaussian_noise,74,trimmed_mean,15,0.7358,431.4708580970764
0.05,gaussian_noise,74,trimmed_mean,50,0.8214,431.4708580970764
0.05,gaussian_noise,74,trimmed_mean,150,0.8474,431.4708580970764
0.05,gaussian_noise,74,clustering,15,0.5787,363.3062529563904
0.05,gaussian_noise,74,clustering,50,0.6930999999999999,363.3062529563904
0.05,gaussian_noise,74,clustering,150,0.7355999999999999,363.3062529563904
0.05,gaussian_noise,74,median,15,0.5623,431.2171654701233
0.05,gaussian_noise,74,median,50,0.6852,431.2171654701233
0.05,gaussian_noise,74,median,150,0.7372,431.2171654701233
0.05,gaussian_noise,75,sr_only,15,0.8039999999999999,1515.3343515396118
0.05,gaussian_noise,75,sr_only,50,0.8558999999999999,1515.3343515396118
0.05,gaussian_noise,75,sr_only,150,0.8784000000000001,1515.3343515396118
0.05,gaussian_noise,75,sr_bin,15,0.8035,1617.9872109889984
0.05,gaussian_noise,75,sr_bin,50,0.8566999999999998,1617.9872109889984
0.05,gaussian_noise,75,sr_bin,150,0.8796999999999999,1617.9872109889984
0.05,gaussian_noise,75,sr_b025,15,0.8041,1593.694938659668
0.05,gaussian_noise,75,sr_b025,50,0.8552,1593.694938659668
0.05,gaussian_noise,75,sr_b025,150,0.8785000000000001,1593.694938659668
0.05,gaussian_noise,75,cosserver_only,15,0.7542,542.4677259922028
0.05,gaussian_noise,75,cosserver_only,50,0.8613,542.4677259922028
0.05,gaussian_noise,75,cosserver_only,150,0.8073,542.4677259922028
0.05,gaussian_noise,75,fltrust,15,0.6694,307.5617337226868
0.05,gaussian_noise,75,fltrust,50,0.8044,307.5617337226868
0.05,gaussian_noise,75,fltrust,150,0.8501,307.5617337226868
0.05,gaussian_noise,75,trimmed_mean,15,0.7377,358.72814202308655
0.05,gaussian_noise,75,trimmed_mean,50,0.8240999999999999,358.72814202308655
0.05,gaussian_noise,75,trimmed_mean,150,0.8484,358.72814202308655
0.05,gaussian_noise,75,clustering,15,0.5905999999999999,403.1021602153778
0.05,gaussian_noise,75,clustering,50,0.7164999999999999,403.1021602153778
0.05,gaussian_noise,75,clustering,150,0.7663,403.1021602153778
0.05,gaussian_noise,75,median,15,0.5665,497.8776812553406
0.05,gaussian_noise,75,median,50,0.6889000000000001,497.8776812553406
0.05,gaussian_noise,75,median,150,0.7365999999999999,497.8776812553406
0.05,gaussian_noise,76,sr_only,15,0.8039,1513.215096950531
0.05,gaussian_noise,76,sr_only,50,0.8572,1513.215096950531
0.05,gaussian_noise,76,sr_only,150,0.8786999999999999,1513.215096950531
0.05,gaussian_noise,76,sr_bin,15,0.8039,1558.9704945087433
0.05,gaussian_noise,76,sr_bin,50,0.8573999999999999,1558.9704945087433
0.05,gaussian_noise,76,sr_bin,150,0.8795,1558.9704945087433
0.05,gaussian_noise,76,sr_b025,15,0.8041,1563.3512361049652
0.05,gaussian_noise,76,sr_b025,50,0.8572,1563.3512361049652
0.05,gaussian_noise,76,sr_b025,150,0.8785999999999999,1563.3512361049652
0.05,gaussian_noise,76,cosserver_only,15,0.7928000000000001,382.395516872406
0.05,gaussian_noise,76,cosserver_only,50,0.8602000000000001,382.395516872406
0.05,gaussian_noise,76,cosserver_only,150,0.8619,382.395516872406
0.05,gaussian_noise,76,fltrust,15,0.6426999999999999,572.2151155471802
0.05,gaussian_noise,76,fltrust,50,0.7833000000000001,572.2151155471802
0.05,gaussian_noise,76,fltrust,150,0.8427999999999999,572.2151155471802
0.05,gaussian_noise,76,trimmed_mean,15,0.7384999999999999,473.0264506340027
0.05,gaussian_noise,76,trimmed_mean,50,0.8178999999999998,473.0264506340027
0.05,gaussian_noise,76,trimmed_mean,150,0.8425999999999998,473.0264506340027
0.05,gaussian_noise,76,clustering,15,0.5979999999999999,477.8517789840698
0.05,gaussian_noise,76,clustering,50,0.7022999999999999,477.8517789840698
0.05,gaussian_noise,76,clustering,150,0.7525,477.8517789840698
0.05,gaussian_noise,76,median,15,0.5661999999999999,591.7251029014587
0.05,gaussian_noise,76,median,50,0.6864,591.7251029014587
0.05,gaussian_noise,76,median,150,0.7395999999999999,591.7251029014587
0.05,gaussian_noise,77,sr_only,15,0.8036,1486.2625012397766
0.05,gaussian_noise,77,sr_only,50,0.8570999999999998,1486.2625012397766
0.05,gaussian_noise,77,sr_only,150,0.8787,1486.2625012397766
0.05,gaussian_noise,77,sr_bin,15,0.8044,1527.694323539734
0.05,gaussian_noise,77,sr_bin,50,0.8568999999999999,1527.694323539734
0.05,gaussian_noise,77,sr_bin,150,0.8793,1527.694323539734
0.05,gaussian_noise,77,sr_b025,15,0.7985,1484.1210951805117
0.05,gaussian_noise,77,sr_b025,50,0.8561,1484.1210951805117
0.05,gaussian_noise,77,sr_b025,150,0.8781000000000001,1484.1210951805117
0.05,gaussian_noise,77,cosserver_only,15,0.6465,616.3571577072144
0.05,gaussian_noise,77,cosserver_only,50,0.8714999999999999,616.3571577072144
0.05,gaussian_noise,77,cosserver_only,150,0.8697000000000001,616.3571577072144
0.05,gaussian_noise,77,fltrust,15,0.7049000000000001,344.8163866996765
0.05,gaussian_noise,77,fltrust,50,0.8036000000000001,344.8163866996765
0.05,gaussian_noise,77,fltrust,150,0.857,344.8163866996765
0.05,gaussian_noise,77,trimmed_mean,15,0.7311,435.7700300216675
0.05,gaussian_noise,77,trimmed_mean,50,0.8218,435.7700300216675
0.05,gaussian_noise,77,trimmed_mean,150,0.8503000000000001,435.7700300216675
0.05,gaussian_noise,77,clustering,15,0.6157,434.5759251117706
0.05,gaussian_noise,77,clustering,50,0.6671,434.5759251117706
0.05,gaussian_noise,77,clustering,150,0.7639,434.5759251117706
0.05,gaussian_noise,77,median,15,0.5646000000000001,285.1610631942749
0.05,gaussian_noise,77,median,50,0.6884,285.1610631942749
0.05,gaussian_noise,77,median,150,0.7369999999999999,285.1610631942749
0.05,gaussian_noise,78,sr_only,15,0.8031,1519.9350373744965
0.05,gaussian_noise,78,sr_only,50,0.8564999999999999,1519.9350373744965
0.05,gaussian_noise,78,sr_only,150,0.8785999999999999,1519.9350373744965
0.05,gaussian_noise,78,sr_bin,15,0.8029,1512.5001816749573
0.05,gaussian_noise,78,sr_bin,50,0.8571,1512.5001816749573
0.05,gaussian_noise,78,sr_bin,150,0.8793,1512.5001816749573
0.05,gaussian_noise,78,sr_b025,15,0.8002,1517.4606828689575
0.05,gaussian_noise,78,sr_b025,50,0.8558,1517.4606828689575
0.05,gaussian_noise,78,sr_b025,150,0.8783,1517.4606828689575
0.05,gaussian_noise,78,cosserver_only,15,0.8103999999999999,684.1799457073212
0.05,gaussian_noise,78,cosserver_only,50,0.8442000000000001,684.1799457073212
0.05,gaussian_noise,78,cosserver_only,150,0.8017,684.1799457073212
0.05,gaussian_noise,78,fltrust,15,0.6361,718.8552873134613
0.05,gaussian_noise,78,fltrust,50,0.7995,718.8552873134613
0.05,gaussian_noise,78,fltrust,150,0.8576,718.8552873134613
0.05,gaussian_noise,78,trimmed_mean,15,0.7351,413.5834259986877
0.05,gaussian_noise,78,trimmed_mean,50,0.8179000000000001,413.5834259986877
0.05,gaussian_noise,78,trimmed_mean,150,0.8462999999999999,413.5834259986877
0.05,gaussian_noise,78,clustering,15,0.6513,344.93402647972107
0.05,gaussian_noise,78,clustering,50,0.6632,344.93402647972107
0.05,gaussian_noise,78,clustering,150,0.7574,344.93402647972107
0.05,gaussian_noise,78,median,15,0.5648,551.0283606052399
0.05,gaussian_noise,78,median,50,0.6868000000000001,551.0283606052399
0.05,gaussian_noise,78,median,150,0.7346,551.0283606052399
0.05,gaussian_noise,79,sr_only,15,0.8037000000000001,1484.045611619949
0.05,gaussian_noise,79,sr_only,50,0.8574999999999999,1484.045611619949
0.05,gaussian_noise,79,sr_only,150,0.8788,1484.045611619949
0.05,gaussian_noise,79,sr_bin,15,0.8038000000000001,1552.4151537418363
0.05,gaussian_noise,79,sr_bin,50,0.8575999999999999,1552.4151537418363
0.05,gaussian_noise,79,sr_bin,150,0.8797,1552.4151537418363
0.05,gaussian_noise,79,sr_b025,15,0.8035,1523.6669628620148
0.05,gaussian_noise,79,sr_b025,50,0.8572000000000001,1523.6669628620148
0.05,gaussian_noise,79,sr_b025,150,0.8786000000000002,1523.6669628620148
0.05,gaussian_noise,79,cosserver_only,15,0.6938,418.58964109420776
0.05,gaussian_noise,79,cosserver_only,50,0.8634999999999999,418.58964109420776
0.05,gaussian_noise,79,cosserver_only,150,0.8177,418.58964109420776
0.05,gaussian_noise,79,fltrust,15,0.6231,416.6985414028168
0.05,gaussian_noise,79,fltrust,50,0.8131999999999999,416.6985414028168
0.05,gaussian_noise,79,fltrust,150,0.8606,416.6985414028168
0.05,gaussian_noise,79,trimmed_mean,15,0.7326,492.712354183197
0.05,gaussian_noise,79,trimmed_mean,50,0.8135,492.712354183197
0.05,gaussian_noise,79,trimmed_mean,150,0.8504999999999999,492.712354183197
0.05,gaussian_noise,79,clustering,15,0.6023000000000001,552.1055619716644
0.05,gaussian_noise,79,clustering,50,0.6651000000000001,552.1055619716644
0.05,gaussian_noise,79,clustering,150,0.7683,552.1055619716644
0.05,gaussian_noise,79,median,15,0.5660999999999999,861.9431478977203
0.05,gaussian_noise,79,median,50,0.6878,861.9431478977203
0.05,gaussian_noise,79,median,150,0.7396999999999999,861.9431478977203
0.05,gaussian_noise,80,sr_only,15,0.8039,1375.1325495243073
0.05,gaussian_noise,80,sr_only,50,0.8565999999999999,1375.1325495243073
0.05,gaussian_noise,80,sr_only,150,0.8786000000000002,1375.1325495243073
0.05,gaussian_noise,80,sr_bin,15,0.8036000000000001,1414.650377511978
0.05,gaussian_noise,80,sr_bin,50,0.8564,1414.650377511978
0.05,gaussian_noise,80,sr_bin,150,0.8790999999999999,1414.650377511978
0.05,gaussian_noise,80,sr_b025,15,0.8033000000000001,1617.1545889377594
0.05,gaussian_noise,80,sr_b025,50,0.8557,1617.1545889377594
0.05,gaussian_noise,80,sr_b025,150,0.8788,1617.1545889377594
0.05,gaussian_noise,80,cosserver_only,15,0.8121,437.84160447120667
0.05,gaussian_noise,80,cosserver_only,50,0.8453999999999999,437.84160447120667
0.05,gaussian_noise,80,cosserver_only,150,0.7507999999999999,437.84160447120667
0.05,gaussian_noise,80,fltrust,15,0.6654000000000001,496.7829959392548
0.05,gaussian_noise,80,fltrust,50,0.8089000000000001,496.7829959392548
0.05,gaussian_noise,80,fltrust,150,0.8536999999999999,496.7829959392548
0.05,gaussian_noise,80,trimmed_mean,15,0.7304,366.1366665363312
0.05,gaussian_noise,80,trimmed_mean,50,0.8160000000000001,366.1366665363312
0.05,gaussian_noise,80,trimmed_mean,150,0.8483,366.1366665363312
0.05,gaussian_noise,80,clustering,15,0.5846,397.9484994411469
0.05,gaussian_noise,80,clustering,50,0.6527999999999999,397.9484994411469
0.05,gaussian_noise,80,clustering,150,0.7722,397.9484994411469
0.05,gaussian_noise,80,median,15,0.5664999999999999,461.48887610435486
0.05,gaussian_noise,80,median,50,0.6843999999999999,461.48887610435486
0.05,gaussian_noise,80,median,150,0.7411000000000001,461.48887610435486
0.05,gaussian_noise,81,sr_only,15,0.8030000000000002,1718.2778027057648
0.05,gaussian_noise,81,sr_only,50,0.8573999999999998,1718.2778027057648
0.05,gaussian_noise,81,sr_only,150,0.8789,1718.2778027057648
0.05,gaussian_noise,81,sr_bin,15,0.8032,1775.1450974941254
0.05,gaussian_noise,81,sr_bin,50,0.8571,1775.1450974941254
0.05,gaussian_noise,81,sr_bin,150,0.8799000000000001,1775.1450974941254
0.05,gaussian_noise,81,sr_b025,15,0.8032,1516.9532780647278
0.05,gaussian_noise,81,sr_b025,50,0.8572,1516.9532780647278
0.05,gaussian_noise,81,sr_b025,150,0.8790000000000001,1516.9532780647278
0.05,gaussian_noise,81,cosserver_only,15,0.5493,166.24101614952087
0.05,gaussian_noise,81,cosserver_only,50,0.8775000000000001,166.24101614952087
0.05,gaussian_noise,81,cosserver_only,150,0.8619999999999999,166.24101614952087
0.05,gaussian_noise,81,fltrust,15,0.6804000000000001,164.28419399261475
0.05,gaussian_noise,81,fltrust,50,0.8351,164.28419399261475
0.05,gaussian_noise,81,fltrust,150,0.8643000000000001,164.28419399261475
0.05,gaussian_noise,81,trimmed_mean,15,0.741,169.8747923374176
0.05,gaussian_noise,81,trimmed_mean,50,0.8196999999999999,169.8747923374176
0.05,gaussian_noise,81,trimmed_mean,150,0.8520000000000001,169.8747923374176
0.05,gaussian_noise,81,clustering,15,0.6076999999999999,175.48023581504822
0.05,gaussian_noise,81,clustering,50,0.6980999999999999,175.48023581504822
0.05,gaussian_noise,81,clustering,150,0.7759999999999999,175.48023581504822
0.05,gaussian_noise,81,median,15,0.5673,177.24141430854797
0.05,gaussian_noise,81,median,50,0.6863,177.24141430854797
0.05,gaussian_noise,81,median,150,0.7398,177.24141430854797
0.1,gaussian_noise,72,sr_only,15,0.8400000000000001,1613.1682257652285
0.1,gaussian_noise,72,sr_only,50,0.8789,1613.1682257652285
0.1,gaussian_noise,72,sr_only,150,0.8943999999999999,1613.1682257652285
0.1,gaussian_noise,72,sr_bin,15,0.8378,1556.755441904068
0.1,gaussian_noise,72,sr_bin,50,0.8788,1556.755441904068
0.1,gaussian_noise,72,sr_bin,150,0.8946999999999999,1556.755441904068
0.1,gaussian_noise,72,sr_b025,15,0.8366999999999999,1598.907799243927
0.1,gaussian_noise,72,sr_b025,50,0.8783,1598.907799243927
0.1,gaussian_noise,72,sr_b025,150,0.8942,1598.907799243927
0.1,gaussian_noise,72,cosserver_only,15,0.8501,420.2346296310425
0.1,gaussian_noise,72,cosserver_only,50,0.8782,420.2346296310425
0.1,gaussian_noise,72,cosserver_only,150,0.8991000000000001,420.2346296310425
0.1,gaussian_noise,72,fltrust,15,0.615,444.5107717514038
0.1,gaussian_noise,72,fltrust,50,0.8318,444.5107717514038
0.1,gaussian_noise,72,fltrust,150,0.8813000000000001,444.5107717514038
0.1,gaussian_noise,72,trimmed_mean,15,0.8030000000000002,389.6507589817047
0.1,gaussian_noise,72,trimmed_mean,50,0.8658999999999999,389.6507589817047
0.1,gaussian_noise,72,trimmed_mean,150,0.8817999999999999,389.6507589817047
0.1,gaussian_noise,72,clustering,15,0.6173,494.65032863616943
0.1,gaussian_noise,72,clustering,50,0.7567999999999999,494.65032863616943
0.1,gaussian_noise,72,clustering,150,0.7731,494.65032863616943
0.1,gaussian_noise,72,median,15,0.627,390.6757385730744
0.1,gaussian_noise,72,median,50,0.7865,390.6757385730744
0.1,gaussian_noise,72,median,150,0.8295,390.6757385730744
0.1,gaussian_noise,73,sr_only,15,0.8392,1556.666764497757
0.1,gaussian_noise,73,sr_only,50,0.8800999999999999,1556.666764497757
0.1,gaussian_noise,73,sr_only,150,0.8944000000000001,1556.666764497757
0.1,gaussian_noise,73,sr_bin,15,0.8378,1618.7793416976929
0.1,gaussian_noise,73,sr_bin,50,0.8797,1618.7793416976929
0.1,gaussian_noise,73,sr_bin,150,0.8950000000000001,1618.7793416976929
0.1,gaussian_noise,73,sr_b025,15,0.8392,1572.6953151226044
0.1,gaussian_noise,73,sr_b025,50,0.8801,1572.6953151226044
0.1,gaussian_noise,73,sr_b025,150,0.8943,1572.6953151226044
0.1,gaussian_noise,73,cosserver_only,15,0.8519,476.3266596794128
0.1,gaussian_noise,73,cosserver_only,50,0.8642,476.3266596794128
0.1,gaussian_noise,73,cosserver_only,150,0.8851000000000001,476.3266596794128
0.1,gaussian_noise,73,fltrust,15,0.626,404.8666033744812
0.1,gaussian_noise,73,fltrust,50,0.8459,404.8666033744812
0.1,gaussian_noise,73,fltrust,150,0.8821,404.8666033744812
0.1,gaussian_noise,73,trimmed_mean,15,0.8067,419.2562742233277
0.1,gaussian_noise,73,trimmed_mean,50,0.8613999999999999,419.2562742233277
0.1,gaussian_noise,73,trimmed_mean,150,0.8844999999999998,419.2562742233277
0.1,gaussian_noise,73,clustering,15,0.6864,413.5725882053375
0.1,gaussian_noise,73,clustering,50,0.7371,413.5725882053375
0.1,gaussian_noise,73,clustering,150,0.7893,413.5725882053375
0.1,gaussian_noise,73,median,15,0.6315000000000001,383.8882350921631
0.1,gaussian_noise,73,median,50,0.7836,383.8882350921631
0.1,gaussian_noise,73,median,150,0.8331999999999999,383.8882350921631
0.1,gaussian_noise,74,sr_only,15,0.8417999999999999,1510.1480147838593
0.1,gaussian_noise,74,sr_only,50,0.8791,1510.1480147838593
0.1,gaussian_noise,74,sr_only,150,0.8945000000000001,1510.1480147838593
0.1,gaussian_noise,74,sr_bin,15,0.8401,1596.80247092247
0.1,gaussian_noise,74,sr_bin,50,0.8784000000000001,1596.80247092247
0.1,gaussian_noise,74,sr_bin,150,0.8945000000000001,1596.80247092247
0.1,gaussian_noise,74,sr_b025,15,0.8406,1568.0964570045471
0.1,gaussian_noise,74,sr_b025,50,0.8784000000000001,1568.0964570045471
0.1,gaussian_noise,74,sr_b025,150,0.8946,1568.0964570045471
0.1,gaussian_noise,74,cosserver_only,15,0.8573999999999999,637.5525360107422
0.1,gaussian_noise,74,cosserver_only,50,0.8857999999999999,637.5525360107422
0.1,gaussian_noise,74,cosserver_only,150,0.8952,637.5525360107422
0.1,gaussian_noise,74,fltrust,15,0.5784,450.9331257343292
0.1,gaussian_noise,74,fltrust,50,0.7926,450.9331257343292
0.1,gaussian_noise,74,fltrust,150,0.8645999999999999,450.9331257343292
0.1,gaussian_noise,74,trimmed_mean,15,0.8068,484.97246742248535
0.1,gaussian_noise,74,trimmed_mean,50,0.8647,484.97246742248535
0.1,gaussian_noise,74,trimmed_mean,150,0.8859,484.97246742248535
0.1,gaussian_noise,74,clustering,15,0.6463,412.80247473716736
0.1,gaussian_noise,74,clustering,50,0.7463,412.80247473716736
0.1,gaussian_noise,74,clustering,150,0.7828000000000002,412.80247473716736
0.1,gaussian_noise,74,median,15,0.6256,274.9035987854004
0.1,gaussian_noise,74,median,50,0.7841,274.9035987854004
0.1,gaussian_noise,74,median,150,0.834,274.9035987854004
0.1,gaussian_noise,75,sr_only,15,0.8406,1488.964690208435
0.1,gaussian_noise,75,sr_only,50,0.8802999999999999,1488.964690208435
0.1,gaussian_noise,75,sr_only,150,0.8944000000000003,1488.964690208435
0.1,gaussian_noise,75,sr_bin,15,0.8392,1595.1598122119904
0.1,gaussian_noise,75,sr_bin,50,0.8796000000000002,1595.1598122119904
0.1,gaussian_noise,75,sr_bin,150,0.8941000000000001,1595.1598122119904
0.1,gaussian_noise,75,sr_b025,15,0.8419999999999999,1603.170926809311
0.1,gaussian_noise,75,sr_b025,50,0.8801,1603.170926809311
0.1,gaussian_noise,75,sr_b025,150,0.8943,1603.170926809311
0.1,gaussian_noise,75,cosserver_only,15,0.782,584.4446623325348
0.1,gaussian_noise,75,cosserver_only,50,0.8878999999999999,584.4446623325348
0.1,gaussian_noise,75,cosserver_only,150,0.8767000000000001,584.4446623325348
0.1,gaussian_noise,75,fltrust,15,0.5866,280.1127140522003
0.1,gaussian_noise,75,fltrust,50,0.8301999999999999,280.1127140522003
0.1,gaussian_noise,75,fltrust,150,0.8802,280.1127140522003
0.1,gaussian_noise,75,trimmed_mean,15,0.8099000000000001,295.4234356880188
0.1,gaussian_noise,75,trimmed_mean,50,0.8656,295.4234356880188
0.1,gaussian_noise,75,trimmed_mean,150,0.8798999999999999,295.4234356880188
0.1,gaussian_noise,75,clustering,15,0.6782,442.5052907466888
0.1,gaussian_noise,75,clustering,50,0.7364999999999999,442.5052907466888
0.1,gaussian_noise,75,clustering,150,0.7857000000000001,442.5052907466888
0.1,gaussian_noise,75,median,15,0.6263,368.7814431190491
0.1,gaussian_noise,75,median,50,0.7819999999999999,368.7814431190491
0.1,gaussian_noise,75,median,150,0.8261,368.7814431190491
0.1,gaussian_noise,76,sr_only,15,0.8398,1486.536165475845
0.1,gaussian_noise,76,sr_only,50,0.8789,1486.536165475845
0.1,gaussian_noise,76,sr_only,150,0.8951,1486.536165475845
0.1,gaussian_noise,76,sr_bin,15,0.8379,1572.658670425415
0.1,gaussian_noise,76,sr_bin,50,0.8787,1572.658670425415
0.1,gaussian_noise,76,sr_bin,150,0.8951,1572.658670425415
0.1,gaussian_noise,76,sr_b025,15,0.8370999999999998,1610.3318281173706
0.1,gaussian_noise,76,sr_b025,50,0.8779,1610.3318281173706
0.1,gaussian_noise,76,sr_b025,150,0.8939999999999999,1610.3318281173706
0.1,gaussian_noise,76,cosserver_only,15,0.8488,321.6862576007843
0.1,gaussian_noise,76,cosserver_only,50,0.8169000000000001,321.6862576007843
0.1,gaussian_noise,76,cosserver_only,150,0.8905,321.6862576007843
0.1,gaussian_noise,76,fltrust,15,0.6195,343.12199878692627
0.1,gaussian_noise,76,fltrust,50,0.8272999999999999,343.12199878692627
0.1,gaussian_noise,76,fltrust,150,0.873,343.12199878692627
0.1,gaussian_noise,76,trimmed_mean,15,0.8077,348.4720244407654
0.1,gaussian_noise,76,trimmed_mean,50,0.8639000000000001,348.4720244407654
0.1,gaussian_noise,76,trimmed_mean,150,0.8832000000000001,348.4720244407654
0.1,gaussian_noise,76,clustering,15,0.6588,504.7240517139435
0.1,gaussian_noise,76,clustering,50,0.7372,504.7240517139435
0.1,gaussian_noise,76,clustering,150,0.7934000000000001,504.7240517139435
0.1,gaussian_noise,76,median,15,0.6325999999999999,476.3375630378723
0.1,gaussian_noise,76,median,50,0.7851,476.3375630378723
0.1,gaussian_noise,76,median,150,0.8295999999999999,476.3375630378723
0.1,gaussian_noise,77,sr_only,15,0.8412,1589.5310552120209
0.1,gaussian_noise,77,sr_only,50,0.8789999999999999,1589.5310552120209
0.1,gaussian_noise,77,sr_only,150,0.8944000000000001,1589.5310552120209
0.1,gaussian_noise,77,sr_bin,15,0.8384,1518.4267947673798
0.1,gaussian_noise,77,sr_bin,50,0.8793,1518.4267947673798
0.1,gaussian_noise,77,sr_bin,150,0.8943999999999999,1518.4267947673798
0.1,gaussian_noise,77,sr_b025,15,0.8378,1538.4681868553162
0.1,gaussian_noise,77,sr_b025,50,0.8777000000000001,1538.4681868553162
0.1,gaussian_noise,77,sr_b025,150,0.8930000000000001,1538.4681868553162
0.1,gaussian_noise,77,cosserver_only,15,0.8505,852.8171947002411
0.1,gaussian_noise,77,cosserver_only,50,0.8659000000000001,852.8171947002411
0.1,gaussian_noise,77,cosserver_only,150,0.8822000000000001,852.8171947002411
0.1,gaussian_noise,77,fltrust,15,0.6146999999999999,1025.9724187850952
0.1,gaussian_noise,77,fltrust,50,0.7505000000000001,1025.9724187850952
0.1,gaussian_noise,77,fltrust,150,0.8641,1025.9724187850952
0.1,gaussian_noise,77,trimmed_mean,15,0.8102,784.8426337242126
0.1,gaussian_noise,77,trimmed_mean,50,0.86,784.8426337242126
0.1,gaussian_noise,77,trimmed_mean,150,0.8814,784.8426337242126
0.1,gaussian_noise,77,clustering,15,0.6622999999999999,494.74702048301697
0.1,gaussian_noise,77,clustering,50,0.7101,494.74702048301697
0.1,gaussian_noise,77,clustering,150,0.7911,494.74702048301697
0.1,gaussian_noise,77,median,15,0.6354,380.35365748405457
0.1,gaussian_noise,77,median,50,0.7764,380.35365748405457
0.1,gaussian_noise,77,median,150,0.8244999999999999,380.35365748405457
0.1,gaussian_noise,78,sr_only,15,0.841,1449.3537027835846
0.1,gaussian_noise,78,sr_only,50,0.8793,1449.3537027835846
0.1,gaussian_noise,78,sr_only,150,0.8948,1449.3537027835846
0.1,gaussian_noise,78,sr_bin,15,0.8383999999999998,1562.5656878948212
0.1,gaussian_noise,78,sr_bin,50,0.8793,1562.5656878948212
0.1,gaussian_noise,78,sr_bin,150,0.8949,1562.5656878948212
0.1,gaussian_noise,78,sr_b025,15,0.8407,1525.8979341983795
0.1,gaussian_noise,78,sr_b025,50,0.8791,1525.8979341983795
0.1,gaussian_noise,78,sr_b025,150,0.8944000000000001,1525.8979341983795
0.1,gaussian_noise,78,cosserver_only,15,0.8271,465.68297123909
0.1,gaussian_noise,78,cosserver_only,50,0.8600999999999999,465.68297123909
0.1,gaussian_noise,78,cosserver_only,150,0.8954999999999999,465.68297123909
0.1,gaussian_noise,78,fltrust,15,0.5818999999999999,517.1332545280457
0.1,gaussian_noise,78,fltrust,50,0.8150999999999999,517.1332545280457
0.1,gaussian_noise,78,fltrust,150,0.8719999999999999,517.1332545280457
0.1,gaussian_noise,78,trimmed_mean,15,0.8102,456.0468912124634
0.1,gaussian_noise,78,trimmed_mean,50,0.8678000000000001,456.0468912124634
0.1,gaussian_noise,78,trimmed_mean,150,0.8816,456.0468912124634
0.1,gaussian_noise,78,clustering,15,0.6843,391.00343918800354
0.1,gaussian_noise,78,clustering,50,0.7236,391.00343918800354
0.1,gaussian_noise,78,clustering,150,0.7948000000000002,391.00343918800354
0.1,gaussian_noise,78,median,15,0.644,671.1108784675598
0.1,gaussian_noise,78,median,50,0.7877000000000001,671.1108784675598
0.1,gaussian_noise,78,median,150,0.8299,671.1108784675598
0.1,gaussian_noise,79,sr_only,15,0.8414999999999999,1525.6358649730682
0.1,gaussian_noise,79,sr_only,50,0.8795,1525.6358649730682
0.1,gaussian_noise,79,sr_only,150,0.8946000000000002,1525.6358649730682
0.1,gaussian_noise,79,sr_bin,15,0.8391,1526.1940338611605
0.1,gaussian_noise,79,sr_bin,50,0.8789999999999999,1526.1940338611605
0.1,gaussian_noise,79,sr_bin,150,0.8943999999999999,1526.1940338611605
0.1,gaussian_noise,79,sr_b025,15,0.8415000000000001,1544.445410490036
0.1,gaussian_noise,79,sr_b025,50,0.8790000000000001,1544.445410490036
0.1,gaussian_noise,79,sr_b025,150,0.8945000000000001,1544.445410490036
0.1,gaussian_noise,79,cosserver_only,15,0.8501,479.128975391388
0.1,gaussian_noise,79,cosserver_only,50,0.8366,479.128975391388
0.1,gaussian_noise,79,cosserver_only,150,0.8698,479.128975391388
0.1,gaussian_noise,79,fltrust,15,0.5650999999999999,421.6303162574768
0.1,gaussian_noise,79,fltrust,50,0.8154,421.6303162574768
0.1,gaussian_noise,79,fltrust,150,0.8767000000000001,421.6303162574768
0.1,gaussian_noise,79,trimmed_mean,15,0.8071999999999999,423.6937112808228
0.1,gaussian_noise,79,trimmed_mean,50,0.8643000000000001,423.6937112808228
0.1,gaussian_noise,79,trimmed_mean,150,0.8817999999999999,423.6937112808228
0.1,gaussian_noise,79,clustering,15,0.6693,410.2370574474335
0.1,gaussian_noise,79,clustering,50,0.7377,410.2370574474335
0.1,gaussian_noise,79,clustering,150,0.8007000000000002,410.2370574474335
0.1,gaussian_noise,79,median,15,0.6357999999999999,339.1226472854614
0.1,gaussian_noise,79,median,50,0.7885,339.1226472854614
0.1,gaussian_noise,79,median,150,0.8308,339.1226472854614
0.1,gaussian_noise,80,sr_only,15,0.8414999999999999,1320.3067727088928
0.1,gaussian_noise,80,sr_only,50,0.8793,1320.3067727088928
0.1,gaussian_noise,80,sr_only,150,0.8943000000000001,1320.3067727088928
0.1,gaussian_noise,80,sr_bin,15,0.8395999999999999,1258.106662750244
0.1,gaussian_noise,80,sr_bin,50,0.8793,1258.106662750244
0.1,gaussian_noise,80,sr_bin,150,0.8942000000000002,1258.106662750244
0.1,gaussian_noise,80,sr_b025,15,0.841,1460.0584847927094
0.1,gaussian_noise,80,sr_b025,50,0.8793,1460.0584847927094
0.1,gaussian_noise,80,sr_b025,150,0.8943000000000001,1460.0584847927094
0.1,gaussian_noise,80,cosserver_only,15,0.829,263.71680426597595
0.1,gaussian_noise,80,cosserver_only,50,0.8658999999999999,263.71680426597595
0.1,gaussian_noise,80,cosserver_only,150,0.8869,263.71680426597595
0.1,gaussian_noise,80,fltrust,15,0.6214999999999999,237.67709159851077
0.1,gaussian_noise,80,fltrust,50,0.8314999999999999,237.67709159851077
0.1,gaussian_noise,80,fltrust,150,0.8800000000000001,237.67709159851077
0.1,gaussian_noise,80,trimmed_mean,15,0.8108000000000001,406.5395851135254
0.1,gaussian_noise,80,trimmed_mean,50,0.8673,406.5395851135254
0.1,gaussian_noise,80,trimmed_mean,150,0.8821999999999999,406.5395851135254
0.1,gaussian_noise,80,clustering,15,0.6462999999999999,361.0640404224396
0.1,gaussian_noise,80,clustering,50,0.6924999999999999,361.0640404224396
0.1,gaussian_noise,80,clustering,150,0.8002,361.0640404224396
0.1,gaussian_noise,80,median,15,0.63,336.9609282016754
0.1,gaussian_noise,80,median,50,0.7898,336.9609282016754
0.1,gaussian_noise,80,median,150,0.8263999999999999,336.9609282016754
0.1,gaussian_noise,81,sr_only,15,0.8412,1627.3074474334717
0.1,gaussian_noise,81,sr_only,50,0.8786999999999999,1627.3074474334717
0.1,gaussian_noise,81,sr_only,150,0.8945000000000001,1627.3074474334717
0.1,gaussian_noise,81,sr_bin,15,0.8392,1679.899616241455
0.1,gaussian_noise,81,sr_bin,50,0.8792000000000002,1679.899616241455
0.1,gaussian_noise,81,sr_bin,150,0.8946000000000002,1679.899616241455
0.1,gaussian_noise,81,sr_b025,15,0.8404,1694.561136007309
0.1,gaussian_noise,81,sr_b025,50,0.8786999999999999,1694.561136007309
0.1,gaussian_noise,81,sr_b025,150,0.8945000000000001,1694.561136007309
0.1,gaussian_noise,81,cosserver_only,15,0.7325,384.0805971622467
0.1,gaussian_noise,81,cosserver_only,50,0.8878,384.0805971622467
0.1,gaussian_noise,81,cosserver_only,150,0.8882,384.0805971622467
0.1,gaussian_noise,81,fltrust,15,0.6143,413.2503201961517
0.1,gaussian_noise,81,fltrust,50,0.7833,413.2503201961517
0.1,gaussian_noise,81,fltrust,150,0.8573000000000001,413.2503201961517
0.1,gaussian_noise,81,trimmed_mean,15,0.8082,422.6652224063873
0.1,gaussian_noise,81,trimmed_mean,50,0.8655999999999999,422.6652224063873
0.1,gaussian_noise,81,trimmed_mean,150,0.8806999999999998,422.6652224063873
0.1,gaussian_noise,81,clustering,15,0.6404,434.831871509552
0.1,gaussian_noise,81,clustering,50,0.7474999999999998,434.831871509552
0.1,gaussian_noise,81,clustering,150,0.7942000000000001,434.831871509552
0.1,gaussian_noise,81,median,15,0.6316999999999999,405.713255405426
0.1,gaussian_noise,81,median,50,0.7862,405.713255405426
0.1,gaussian_noise,81,median,150,0.828,405.713255405426
0.5,gaussian_noise,72,sr_only,15,0.8966,1588.0923731327057
0.5,gaussian_noise,72,sr_only,50,0.9118,1588.0923731327057
0.5,gaussian_noise,72,sr_only,150,0.9173,1588.0923731327057
0.5,gaussian_noise,72,sr_bin,15,0.8964000000000001,1608.016738653183
0.5,gaussian_noise,72,sr_bin,50,0.9114,1608.016738653183
0.5,gaussian_noise,72,sr_bin,150,0.9175,1608.016738653183
0.5,gaussian_noise,72,sr_b025,15,0.8948,1591.8660943508148
0.5,gaussian_noise,72,sr_b025,50,0.9096,1591.8660943508148
0.5,gaussian_noise,72,sr_b025,150,0.9168,1591.8660943508148
0.5,gaussian_noise,72,cosserver_only,15,0.8956,325.4965147972107
0.5,gaussian_noise,72,cosserver_only,50,0.909,325.4965147972107
0.5,gaussian_noise,72,cosserver_only,150,0.9127,325.4965147972107
0.5,gaussian_noise,72,fltrust,15,0.7921999999999999,405.4939734935761
0.5,gaussian_noise,72,fltrust,50,0.8815,405.4939734935761
0.5,gaussian_noise,72,fltrust,150,0.9023,405.4939734935761
0.5,gaussian_noise,72,trimmed_mean,15,0.8953,517.3602178096771
0.5,gaussian_noise,72,trimmed_mean,50,0.9103,517.3602178096771
0.5,gaussian_noise,72,trimmed_mean,150,0.9162,517.3602178096771
0.5,gaussian_noise,72,clustering,15,0.7521,362.9858567714691
0.5,gaussian_noise,72,clustering,50,0.8059,362.9858567714691
0.5,gaussian_noise,72,clustering,150,0.8147,362.9858567714691
0.5,gaussian_noise,72,median,15,0.8933,382.62076139450073
0.5,gaussian_noise,72,median,50,0.9099,382.62076139450073
0.5,gaussian_noise,72,median,150,0.9128,382.62076139450073
0.5,gaussian_noise,73,sr_only,15,0.8964000000000001,1512.117741107941
0.5,gaussian_noise,73,sr_only,50,0.9117,1512.117741107941
0.5,gaussian_noise,73,sr_only,150,0.9175,1512.117741107941
0.5,gaussian_noise,73,sr_bin,15,0.8965,1583.9722039699554
0.5,gaussian_noise,73,sr_bin,50,0.9118,1583.9722039699554
0.5,gaussian_noise,73,sr_bin,150,0.9179,1583.9722039699554
0.5,gaussian_noise,73,sr_b025,15,0.8961,1544.8482191562653
0.5,gaussian_noise,73,sr_b025,50,0.9115,1544.8482191562653
0.5,gaussian_noise,73,sr_b025,150,0.9178,1544.8482191562653
0.5,gaussian_noise,73,cosserver_only,15,0.8936999999999999,627.9295666217804
0.5,gaussian_noise,73,cosserver_only,50,0.9102,627.9295666217804
0.5,gaussian_noise,73,cosserver_only,150,0.9158000000000002,627.9295666217804
0.5,gaussian_noise,73,fltrust,15,0.7981,445.44612312316895
0.5,gaussian_noise,73,fltrust,50,0.8821,445.44612312316895
0.5,gaussian_noise,73,fltrust,150,0.9025,445.44612312316895
0.5,gaussian_noise,73,trimmed_mean,15,0.8942,541.8843841552734
0.5,gaussian_noise,73,trimmed_mean,50,0.9092,541.8843841552734
0.5,gaussian_noise,73,trimmed_mean,150,0.916,541.8843841552734
0.5,gaussian_noise,73,clustering,15,0.7691000000000001,391.9940667152405
0.5,gaussian_noise,73,clustering,50,0.8114000000000001,391.9940667152405
0.5,gaussian_noise,73,clustering,150,0.8286,391.9940667152405
0.5,gaussian_noise,73,median,15,0.8931000000000001,467.1541178226471
0.5,gaussian_noise,73,median,50,0.9076,467.1541178226471
0.5,gaussian_noise,73,median,150,0.9138000000000002,467.1541178226471
0.5,gaussian_noise,74,sr_only,15,0.8968,1588.9754474163055
0.5,gaussian_noise,74,sr_only,50,0.9117,1588.9754474163055
0.5,gaussian_noise,74,sr_only,150,0.9175,1588.9754474163055
0.5,gaussian_noise,74,sr_bin,15,0.8967,1585.474770307541
0.5,gaussian_noise,74,sr_bin,50,0.9113,1585.474770307541
0.5,gaussian_noise,74,sr_bin,150,0.9178,1585.474770307541
0.5,gaussian_noise,74,sr_b025,15,0.8955,1566.6094932556152
0.5,gaussian_noise,74,sr_b025,50,0.909,1566.6094932556152
0.5,gaussian_noise,74,sr_b025,150,0.9164,1566.6094932556152
0.5,gaussian_noise,74,cosserver_only,15,0.8894,412.1100559234619
0.5,gaussian_noise,74,cosserver_only,50,0.9074,412.1100559234619
0.5,gaussian_noise,74,cosserver_only,150,0.9081,412.1100559234619
0.5,gaussian_noise,74,fltrust,15,0.8017,374.0228307247162
0.5,gaussian_noise,74,fltrust,50,0.8773,374.0228307247162
0.5,gaussian_noise,74,fltrust,150,0.8985,374.0228307247162
0.5,gaussian_noise,74,trimmed_mean,15,0.8931000000000001,336.4243710041046
0.5,gaussian_noise,74,trimmed_mean,50,0.9104,336.4243710041046
0.5,gaussian_noise,74,trimmed_mean,150,0.9163,336.4243710041046
0.5,gaussian_noise,74,clustering,15,0.7653,416.668461561203
0.5,gaussian_noise,74,clustering,50,0.8,416.668461561203
0.5,gaussian_noise,74,clustering,150,0.8231999999999999,416.668461561203
0.5,gaussian_noise,74,median,15,0.8913,459.0892584323883
0.5,gaussian_noise,74,median,50,0.9083,459.0892584323883
0.5,gaussian_noise,74,median,150,0.9131,459.0892584323883
0.5,gaussian_noise,75,sr_only,15,0.8963000000000001,1500.9731488227844
0.5,gaussian_noise,75,sr_only,50,0.9118,1500.9731488227844
0.5,gaussian_noise,75,sr_only,150,0.9174,1500.9731488227844
0.5,gaussian_noise,75,sr_bin,15,0.8962,1614.381799697876
0.5,gaussian_noise,75,sr_bin,50,0.9114,1614.381799697876
0.5,gaussian_noise,75,sr_bin,150,0.9175,1614.381799697876
0.5,gaussian_noise,75,sr_b025,15,0.8962,1613.5077295303345
0.5,gaussian_noise,75,sr_b025,50,0.9117,1613.5077295303345
0.5,gaussian_noise,75,sr_b025,150,0.9174,1613.5077295303345
0.5,gaussian_noise,75,cosserver_only,15,0.8907,499.751158952713
0.5,gaussian_noise,75,cosserver_only,50,0.9034,499.751158952713
0.5,gaussian_noise,75,cosserver_only,150,0.903,499.751158952713
0.5,gaussian_noise,75,fltrust,15,0.8162,381.0183691978455
0.5,gaussian_noise,75,fltrust,50,0.8804000000000001,381.0183691978455
0.5,gaussian_noise,75,fltrust,150,0.9006000000000001,381.0183691978455
0.5,gaussian_noise,75,trimmed_mean,15,0.8957,419.7582311630249
0.5,gaussian_noise,75,trimmed_mean,50,0.9102,419.7582311630249
0.5,gaussian_noise,75,trimmed_mean,150,0.9158,419.7582311630249
0.5,gaussian_noise,75,clustering,15,0.7753,402.2015690803528
0.5,gaussian_noise,75,clustering,50,0.7929999999999999,402.2015690803528
0.5,gaussian_noise,75,clustering,150,0.8202999999999999,402.2015690803528
0.5,gaussian_noise,75,median,15,0.8938,422.2920565605164
0.5,gaussian_noise,75,median,50,0.9079,422.2920565605164
0.5,gaussian_noise,75,median,150,0.9132,422.2920565605164
0.5,gaussian_noise,76,sr_only,15,0.8967,1481.2058837413788
0.5,gaussian_noise,76,sr_only,50,0.9119,1481.2058837413788
0.5,gaussian_noise,76,sr_only,150,0.9176,1481.2058837413788
0.5,gaussian_noise,76,sr_bin,15,0.8963000000000001,1655.8028590679169
0.5,gaussian_noise,76,sr_bin,50,0.9114,1655.8028590679169
0.5,gaussian_noise,76,sr_bin,150,0.9178,1655.8028590679169
0.5,gaussian_noise,76,sr_b025,15,0.8964000000000001,1542.4011063575745
0.5,gaussian_noise,76,sr_b025,50,0.9118,1542.4011063575745
0.5,gaussian_noise,76,sr_b025,150,0.9178,1542.4011063575745
0.5,gaussian_noise,76,cosserver_only,15,0.8793000000000001,536.2375330924988
0.5,gaussian_noise,76,cosserver_only,50,0.9049,536.2375330924988
0.5,gaussian_noise,76,cosserver_only,150,0.9129,536.2375330924988
0.5,gaussian_noise,76,fltrust,15,0.8,500.0997009277344
0.5,gaussian_noise,76,fltrust,50,0.8798999999999999,500.0997009277344
0.5,gaussian_noise,76,fltrust,150,0.8996000000000001,500.0997009277344
0.5,gaussian_noise,76,trimmed_mean,15,0.8946,331.7012355327606
0.5,gaussian_noise,76,trimmed_mean,50,0.9103,331.7012355327606
0.5,gaussian_noise,76,trimmed_mean,150,0.9168,331.7012355327606
0.5,gaussian_noise,76,clustering,15,0.7632999999999999,385.5840935707092
0.5,gaussian_noise,76,clustering,50,0.8006,385.5840935707092
0.5,gaussian_noise,76,clustering,150,0.8229,385.5840935707092
0.5,gaussian_noise,76,median,15,0.8929,578.8540513515472
0.5,gaussian_noise,76,median,50,0.9084,578.8540513515472
0.5,gaussian_noise,76,median,150,0.9143,578.8540513515472
0.5,gaussian_noise,77,sr_only,15,0.8947,1509.9744291305542
0.5,gaussian_noise,77,sr_only,50,0.9099,1509.9744291305542
0.5,gaussian_noise,77,sr_only,150,0.9171,1509.9744291305542
0.5,gaussian_noise,77,sr_bin,15,0.8901000000000001,1574.255188703537
0.5,gaussian_noise,77,sr_bin,50,0.9092,1574.255188703537
0.5,gaussian_noise,77,sr_bin,150,0.9168,1574.255188703537
0.5,gaussian_noise,77,sr_b025,15,0.8942,1601.5687165260315
0.5,gaussian_noise,77,sr_b025,50,0.9101,1601.5687165260315
0.5,gaussian_noise,77,sr_b025,150,0.9168,1601.5687165260315
0.5,gaussian_noise,77,cosserver_only,15,0.8978000000000002,319.41773104667664
0.5,gaussian_noise,77,cosserver_only,50,0.8966,319.41773104667664
0.5,gaussian_noise,77,cosserver_only,150,0.9147,319.41773104667664
0.5,gaussian_noise,77,fltrust,15,0.8074999999999999,462.56378507614136
0.5,gaussian_noise,77,fltrust,50,0.8849,462.56378507614136
0.5,gaussian_noise,77,fltrust,150,0.8991000000000001,462.56378507614136
0.5,gaussian_noise,77,trimmed_mean,15,0.8950000000000001,311.16962718963623
0.5,gaussian_noise,77,trimmed_mean,50,0.9097,311.16962718963623
0.5,gaussian_noise,77,trimmed_mean,150,0.916,311.16962718963623
0.5,gaussian_noise,77,clustering,15,0.7502000000000001,529.49618268013
0.5,gaussian_noise,77,clustering,50,0.7952,529.49618268013
0.5,gaussian_noise,77,clustering,150,0.8227,529.49618268013
0.5,gaussian_noise,77,median,15,0.8934000000000001,337.03679966926575
0.5,gaussian_noise,77,median,50,0.9074,337.03679966926575
0.5,gaussian_noise,77,median,150,0.9133,337.03679966926575
0.5,gaussian_noise,78,sr_only,15,0.8964000000000001,1541.1376903057098
0.5,gaussian_noise,78,sr_only,50,0.9116,1541.1376903057098
0.5,gaussian_noise,78,sr_only,150,0.9175,1541.1376903057098
0.5,gaussian_noise,78,sr_bin,15,0.8966,1586.9240956306458
0.5,gaussian_noise,78,sr_bin,50,0.9112,1586.9240956306458
0.5,gaussian_noise,78,sr_bin,150,0.9177,1586.9240956306458
0.5,gaussian_noise,78,sr_b025,15,0.8965,1533.896384716034
0.5,gaussian_noise,78,sr_b025,50,0.9114,1533.896384716034
0.5,gaussian_noise,78,sr_b025,150,0.9173,1533.896384716034
0.5,gaussian_noise,78,cosserver_only,15,0.8913,739.0846529006958
0.5,gaussian_noise,78,cosserver_only,50,0.9089,739.0846529006958
0.5,gaussian_noise,78,cosserver_only,150,0.9152,739.0846529006958
0.5,gaussian_noise,78,fltrust,15,0.7926,548.438636302948
0.5,gaussian_noise,78,fltrust,50,0.8793,548.438636302948
0.5,gaussian_noise,78,fltrust,150,0.8987999999999999,548.438636302948
0.5,gaussian_noise,78,trimmed_mean,15,0.8943,590.0368931293488
0.5,gaussian_noise,78,trimmed_mean,50,0.9101,590.0368931293488
0.5,gaussian_noise,78,trimmed_mean,150,0.9168,590.0368931293488
0.5,gaussian_noise,78,clustering,15,0.7630000000000001,450.2551465034485
0.5,gaussian_noise,78,clustering,50,0.7773000000000001,450.2551465034485
0.5,gaussian_noise,78,clustering,150,0.8283999999999999,450.2551465034485
0.5,gaussian_noise,78,median,15,0.8925000000000001,472.8150155544281
0.5,gaussian_noise,78,median,50,0.9069,472.8150155544281
0.5,gaussian_noise,78,median,150,0.9124,472.8150155544281
0.5,gaussian_noise,79,sr_only,15,0.8967,1496.074729681015
0.5,gaussian_noise,79,sr_only,50,0.9112,1496.074729681015
0.5,gaussian_noise,79,sr_only,150,0.9174,1496.074729681015
0.5,gaussian_noise,79,sr_bin,15,0.8967,1553.8975336551666
0.5,gaussian_noise,79,sr_bin,50,0.9111,1553.8975336551666
0.5,gaussian_noise,79,sr_bin,150,0.9178,1553.8975336551666
0.5,gaussian_noise,79,sr_b025,15,0.8962,1527.9056024551392
0.5,gaussian_noise,79,sr_b025,50,0.911,1527.9056024551392
0.5,gaussian_noise,79,sr_b025,150,0.9175,1527.9056024551392
0.5,gaussian_noise,79,cosserver_only,15,0.8359,293.11083245277405
0.5,gaussian_noise,79,cosserver_only,50,0.874,293.11083245277405
0.5,gaussian_noise,79,cosserver_only,150,0.9033,293.11083245277405
0.5,gaussian_noise,79,fltrust,15,0.8013,367.7264153957367
0.5,gaussian_noise,79,fltrust,50,0.8808,367.7264153957367
0.5,gaussian_noise,79,fltrust,150,0.8987999999999999,367.7264153957367
0.5,gaussian_noise,79,trimmed_mean,15,0.8938,395.6149098873138
0.5,gaussian_noise,79,trimmed_mean,50,0.9098,395.6149098873138
0.5,gaussian_noise,79,trimmed_mean,150,0.9167000000000002,395.6149098873138
0.5,gaussian_noise,79,clustering,15,0.7751000000000001,495.4948377609253
0.5,gaussian_noise,79,clustering,50,0.8087,495.4948377609253
0.5,gaussian_noise,79,clustering,150,0.8295,495.4948377609253
0.5,gaussian_noise,79,median,15,0.8934000000000001,524.1774914264679
0.5,gaussian_noise,79,median,50,0.9083,524.1774914264679
0.5,gaussian_noise,79,median,150,0.9128,524.1774914264679
0.5,gaussian_noise,80,sr_only,15,0.8964000000000001,1476.5848536491394
0.5,gaussian_noise,80,sr_only,50,0.9117,1476.5848536491394
0.5,gaussian_noise,80,sr_only,150,0.9178,1476.5848536491394
0.5,gaussian_noise,80,sr_bin,15,0.8961000000000002,1360.8351554870603
0.5,gaussian_noise,80,sr_bin,50,0.9115,1360.8351554870603
0.5,gaussian_noise,80,sr_bin,150,0.9179,1360.8351554870603
0.5,gaussian_noise,80,sr_b025,15,0.8964000000000001,1281.5422468185425
0.5,gaussian_noise,80,sr_b025,50,0.9118,1281.5422468185425
0.5,gaussian_noise,80,sr_b025,150,0.9176,1281.5422468185425
0.5,gaussian_noise,80,cosserver_only,15,0.8940000000000001,247.97066235542297
0.5,gaussian_noise,80,cosserver_only,50,0.8938,247.97066235542297
0.5,gaussian_noise,80,cosserver_only,150,0.8898999999999999,247.97066235542297
0.5,gaussian_noise,80,fltrust,15,0.8151000000000002,181.8205690383911
0.5,gaussian_noise,80,fltrust,50,0.8815000000000002,181.8205690383911
0.5,gaussian_noise,80,fltrust,150,0.902,181.8205690383911
0.5,gaussian_noise,80,trimmed_mean,15,0.8956000000000002,174.57143092155457
0.5,gaussian_noise,80,trimmed_mean,50,0.9099,174.57143092155457
0.5,gaussian_noise,80,trimmed_mean,150,0.9167000000000002,174.57143092155457
0.5,gaussian_noise,80,clustering,15,0.7387000000000001,184.68105030059812
0.5,gaussian_noise,80,clustering,50,0.7719000000000001,184.68105030059812
0.5,gaussian_noise,80,clustering,150,0.8282999999999999,184.68105030059812
0.5,gaussian_noise,80,median,15,0.8932,226.17678999900815
0.5,gaussian_noise,80,median,50,0.9083,226.17678999900815
0.5,gaussian_noise,80,median,150,0.9134,226.17678999900815
0.5,gaussian_noise,81,sr_only,15,0.8958,1740.3170351982117
0.5,gaussian_noise,81,sr_only,50,0.9112,1740.3170351982117
0.5,gaussian_noise,81,sr_only,150,0.9175,1740.3170351982117
0.5,gaussian_noise,81,sr_bin,15,0.8960000000000001,1676.1968274116516
0.5,gaussian_noise,81,sr_bin,50,0.9111,1676.1968274116516
0.5,gaussian_noise,81,sr_bin,150,0.9179,1676.1968274116516
0.5,gaussian_noise,81,sr_b025,15,0.8956,1685.1289341449738
0.5,gaussian_noise,81,sr_b025,50,0.9111,1685.1289341449738
0.5,gaussian_noise,81,sr_b025,150,0.9175,1685.1289341449738
0.5,gaussian_noise,81,cosserver_only,15,0.8849,512.1249086856842
0.5,gaussian_noise,81,cosserver_only,50,0.9066,512.1249086856842
0.5,gaussian_noise,81,cosserver_only,150,0.9115,512.1249086856842
0.5,gaussian_noise,81,fltrust,15,0.7964,602.498788356781
0.5,gaussian_noise,81,fltrust,50,0.8760999999999999,602.498788356781
0.5,gaussian_noise,81,fltrust,150,0.8998000000000002,602.498788356781
0.5,gaussian_noise,81,trimmed_mean,15,0.8957,665.0713531970978
0.5,gaussian_noise,81,trimmed_mean,50,0.91,665.0713531970978
0.5,gaussian_noise,81,trimmed_mean,150,0.9148,665.0713531970978
0.5,gaussian_noise,81,clustering,15,0.7645000000000002,578.9331660270691
0.5,gaussian_noise,81,clustering,50,0.8124,578.9331660270691
0.5,gaussian_noise,81,clustering,150,0.8305,578.9331660270691
0.5,gaussian_noise,81,median,15,0.8934999999999998,376.5918374061585
0.5,gaussian_noise,81,median,50,0.9076,376.5918374061585
0.5,gaussian_noise,81,median,150,0.9124,376.5918374061585
0.05,krum_collusion,72,sr_only,15,0.8042,1553.3311352729795
0.05,krum_collusion,72,sr_only,50,0.8507999999999999,1553.3311352729795
0.05,krum_collusion,72,sr_only,150,0.8389999999999999,1553.3311352729795
0.05,krum_collusion,72,sr_bin,15,0.8062000000000001,1568.1495101451874
0.05,krum_collusion,72,sr_bin,50,0.8374,1568.1495101451874
0.05,krum_collusion,72,sr_bin,150,0.8644999999999999,1568.1495101451874
0.05,krum_collusion,72,sr_b025,15,0.8030000000000002,1576.6897010803225
0.05,krum_collusion,72,sr_b025,50,0.8552,1576.6897010803225
0.05,krum_collusion,72,sr_b025,150,0.8734,1576.6897010803225
0.05,krum_collusion,72,cosserver_only,15,0.8101,462.7718484401703
0.05,krum_collusion,72,cosserver_only,50,0.7672,462.7718484401703
0.05,krum_collusion,72,cosserver_only,150,0.85,462.7718484401703
0.05,krum_collusion,72,fltrust,15,0.6312,265.27148818969727
0.05,krum_collusion,72,fltrust,50,0.7716000000000001,265.27148818969727
0.05,krum_collusion,72,fltrust,150,0.8365,265.27148818969727
0.05,krum_collusion,72,trimmed_mean,15,0.4735999999999999,442.6188459396362
0.05,krum_collusion,72,trimmed_mean,50,0.536,442.6188459396362
0.05,krum_collusion,72,trimmed_mean,150,0.553,442.6188459396362
0.05,krum_collusion,72,clustering,15,0.585,419.80473923683167
0.05,krum_collusion,72,clustering,50,0.6436000000000001,419.80473923683167
0.05,krum_collusion,72,clustering,150,0.6028999999999999,419.80473923683167
0.05,krum_collusion,72,median,15,0.457,341.7564504146576
0.05,krum_collusion,72,median,50,0.5394000000000001,341.7564504146576
0.05,krum_collusion,72,median,150,0.5769,341.7564504146576
0.05,krum_collusion,73,sr_only,15,0.8046,1618.588391304016
0.05,krum_collusion,73,sr_only,50,0.8377000000000001,1618.588391304016
0.05,krum_collusion,73,sr_only,150,0.8460000000000001,1618.588391304016
0.05,krum_collusion,73,sr_bin,15,0.8039999999999999,1549.5288503170011
0.05,krum_collusion,73,sr_bin,50,0.8385,1549.5288503170011
0.05,krum_collusion,73,sr_bin,150,0.8577999999999999,1549.5288503170011
0.05,krum_collusion,73,sr_b025,15,0.8029000000000002,1571.3549282550812
0.05,krum_collusion,73,sr_b025,50,0.8535,1571.3549282550812
0.05,krum_collusion,73,sr_b025,150,0.8712000000000002,1571.3549282550812
0.05,krum_collusion,73,cosserver_only,15,0.7427,395.4929325580597
0.05,krum_collusion,73,cosserver_only,50,0.5952999999999999,395.4929325580597
0.05,krum_collusion,73,cosserver_only,150,0.8839000000000002,395.4929325580597
0.05,krum_collusion,73,fltrust,15,0.6839999999999999,485.1000437736511
0.05,krum_collusion,73,fltrust,50,0.8148,485.1000437736511
0.05,krum_collusion,73,fltrust,150,0.859,485.1000437736511
0.05,krum_collusion,73,trimmed_mean,15,0.4764,451.2012631893158
0.05,krum_collusion,73,trimmed_mean,50,0.5344,451.2012631893158
0.05,krum_collusion,73,trimmed_mean,150,0.5535,451.2012631893158
0.05,krum_collusion,73,clustering,15,0.5856999999999999,467.60122632980347
0.05,krum_collusion,73,clustering,50,0.6422000000000001,467.60122632980347
0.05,krum_collusion,73,clustering,150,0.6061,467.60122632980347
0.05,krum_collusion,73,median,15,0.458,551.3851482868195
0.05,krum_collusion,73,median,50,0.5414000000000001,551.3851482868195
0.05,krum_collusion,73,median,150,0.5758000000000001,551.3851482868195
0.05,krum_collusion,74,sr_only,15,0.8049,1524.3299021720886
0.05,krum_collusion,74,sr_only,50,0.8495000000000001,1524.3299021720886
0.05,krum_collusion,74,sr_only,150,0.834,1524.3299021720886
0.05,krum_collusion,74,sr_bin,15,0.8039999999999999,1602.4835658073423
0.05,krum_collusion,74,sr_bin,50,0.8276999999999999,1602.4835658073423
0.05,krum_collusion,74,sr_bin,150,0.8640000000000001,1602.4835658073423
0.05,krum_collusion,74,sr_b025,15,0.8043000000000001,1572.767459154129
0.05,krum_collusion,74,sr_b025,50,0.8533999999999999,1572.767459154129
0.05,krum_collusion,74,sr_b025,150,0.8714999999999999,1572.767459154129
0.05,krum_collusion,74,cosserver_only,15,0.7538999999999999,447.6980690956116
0.05,krum_collusion,74,cosserver_only,50,0.8379,447.6980690956116
0.05,krum_collusion,74,cosserver_only,150,0.8842000000000001,447.6980690956116
0.05,krum_collusion,74,fltrust,15,0.5791999999999999,517.2338984012604
0.05,krum_collusion,74,fltrust,50,0.7826000000000001,517.2338984012604
0.05,krum_collusion,74,fltrust,150,0.8545999999999999,517.2338984012604
0.05,krum_collusion,74,trimmed_mean,15,0.4778,461.5745906829834
0.05,krum_collusion,74,trimmed_mean,50,0.5361,461.5745906829834
0.05,krum_collusion,74,trimmed_mean,150,0.5537000000000001,461.5745906829834
0.05,krum_collusion,74,clustering,15,0.5822999999999999,319.0295956134796
0.05,krum_collusion,74,clustering,50,0.6416,319.0295956134796
0.05,krum_collusion,74,clustering,150,0.6102000000000001,319.0295956134796
0.05,krum_collusion,74,median,15,0.4559999999999999,374.05080914497375
0.05,krum_collusion,74,median,50,0.5414,374.05080914497375
0.05,krum_collusion,74,median,150,0.5793999999999999,374.05080914497375
0.05,krum_collusion,75,sr_only,15,0.8051,1605.6604380607605
0.05,krum_collusion,75,sr_only,50,0.8391,1605.6604380607605
0.05,krum_collusion,75,sr_only,150,0.858,1605.6604380607605
0.05,krum_collusion,75,sr_bin,15,0.8055,1551.5066187381744
0.05,krum_collusion,75,sr_bin,50,0.8467,1551.5066187381744
0.05,krum_collusion,75,sr_bin,150,0.8572999999999998,1551.5066187381744
0.05,krum_collusion,75,sr_b025,15,0.8029,1503.945297718048
0.05,krum_collusion,75,sr_b025,50,0.8540000000000001,1503.945297718048
0.05,krum_collusion,75,sr_b025,150,0.8718999999999999,1503.945297718048
0.05,krum_collusion,75,cosserver_only,15,0.7379,350.72988533973694
0.05,krum_collusion,75,cosserver_only,50,0.8504999999999999,350.72988533973694
0.05,krum_collusion,75,cosserver_only,150,0.8808,350.72988533973694
0.05,krum_collusion,75,fltrust,15,0.6406000000000001,418.15006589889526
0.05,krum_collusion,75,fltrust,50,0.8001000000000001,418.15006589889526
0.05,krum_collusion,75,fltrust,150,0.8484999999999999,418.15006589889526
0.05,krum_collusion,75,trimmed_mean,15,0.4734000000000001,533.8723673820496
0.05,krum_collusion,75,trimmed_mean,50,0.5382,533.8723673820496
0.05,krum_collusion,75,trimmed_mean,150,0.5514,533.8723673820496
0.05,krum_collusion,75,clustering,15,0.5873,549.8187046051025
0.05,krum_collusion,75,clustering,50,0.6419,549.8187046051025
0.05,krum_collusion,75,clustering,150,0.6127999999999998,549.8187046051025
0.05,krum_collusion,75,median,15,0.4519,690.4836564064026
0.05,krum_collusion,75,median,50,0.5379,690.4836564064026
0.05,krum_collusion,75,median,150,0.5734,690.4836564064026
0.05,krum_collusion,76,sr_only,15,0.8035,1550.5778563022614
0.05,krum_collusion,76,sr_only,50,0.8507000000000001,1550.5778563022614
0.05,krum_collusion,76,sr_only,150,0.8565999999999999,1550.5778563022614
0.05,krum_collusion,76,sr_bin,15,0.8057000000000001,1562.7039403915403
0.05,krum_collusion,76,sr_bin,50,0.8398,1562.7039403915403
0.05,krum_collusion,76,sr_bin,150,0.8648,1562.7039403915403
0.05,krum_collusion,76,sr_b025,15,0.8023999999999999,1574.246214389801
0.05,krum_collusion,76,sr_b025,50,0.8543,1574.246214389801
0.05,krum_collusion,76,sr_b025,150,0.8718,1574.246214389801
0.05,krum_collusion,76,cosserver_only,15,0.6973,436.6432044506073
0.05,krum_collusion,76,cosserver_only,50,0.8647,436.6432044506073
0.05,krum_collusion,76,cosserver_only,150,0.8775000000000001,436.6432044506073
0.05,krum_collusion,76,fltrust,15,0.6334000000000001,349.9435296058655
0.05,krum_collusion,76,fltrust,50,0.779,349.9435296058655
0.05,krum_collusion,76,fltrust,150,0.85,349.9435296058655
0.05,krum_collusion,76,trimmed_mean,15,0.4734000000000001,306.6012840270996
0.05,krum_collusion,76,trimmed_mean,50,0.5358,306.6012840270996
0.05,krum_collusion,76,trimmed_mean,150,0.5527,306.6012840270996
0.05,krum_collusion,76,clustering,15,0.5843999999999999,492.2051637172699
0.05,krum_collusion,76,clustering,50,0.6443,492.2051637172699
0.05,krum_collusion,76,clustering,150,0.6075999999999999,492.2051637172699
0.05,krum_collusion,76,median,15,0.4521,354.5314402580261
0.05,krum_collusion,76,median,50,0.5406000000000001,354.5314402580261
0.05,krum_collusion,76,median,150,0.5774999999999999,354.5314402580261
0.05,krum_collusion,77,sr_only,15,0.8047000000000001,1501.9054052829742
0.05,krum_collusion,77,sr_only,50,0.8502000000000001,1501.9054052829742
0.05,krum_collusion,77,sr_only,150,0.8611000000000001,1501.9054052829742
0.05,krum_collusion,77,sr_bin,15,0.8058,1479.6646311283112
0.05,krum_collusion,77,sr_bin,50,0.8424999999999999,1479.6646311283112
0.05,krum_collusion,77,sr_bin,150,0.8520999999999999,1479.6646311283112
0.05,krum_collusion,77,sr_b025,15,0.8031,1484.6960017681122
0.05,krum_collusion,77,sr_b025,50,0.8542,1484.6960017681122
0.05,krum_collusion,77,sr_b025,150,0.8714999999999999,1484.6960017681122
0.05,krum_collusion,77,cosserver_only,15,0.7533,594.6779253482819
0.05,krum_collusion,77,cosserver_only,50,0.7868,594.6779253482819
0.05,krum_collusion,77,cosserver_only,150,0.8814,594.6779253482819
0.05,krum_collusion,77,fltrust,15,0.6948,503.2696318626404
0.05,krum_collusion,77,fltrust,50,0.8189,503.2696318626404
0.05,krum_collusion,77,fltrust,150,0.8629,503.2696318626404
0.05,krum_collusion,77,trimmed_mean,15,0.4756999999999999,525.9908330440521
0.05,krum_collusion,77,trimmed_mean,50,0.5399,525.9908330440521
0.05,krum_collusion,77,trimmed_mean,150,0.5519999999999999,525.9908330440521
0.05,krum_collusion,77,clustering,15,0.5845,441.9753761291504
0.05,krum_collusion,77,clustering,50,0.6423,441.9753761291504
0.05,krum_collusion,77,clustering,150,0.6077999999999999,441.9753761291504
0.05,krum_collusion,77,median,15,0.4552,510.01889991760254
0.05,krum_collusion,77,median,50,0.5392000000000001,510.01889991760254
0.05,krum_collusion,77,median,150,0.5776999999999999,510.01889991760254
0.05,krum_collusion,78,sr_only,15,0.8033000000000001,1498.9944124221802
0.05,krum_collusion,78,sr_only,50,0.8491,1498.9944124221802
0.05,krum_collusion,78,sr_only,150,0.8638,1498.9944124221802
0.05,krum_collusion,78,sr_bin,15,0.8020999999999999,1542.731461763382
0.05,krum_collusion,78,sr_bin,50,0.8271999999999998,1542.731461763382
0.05,krum_collusion,78,sr_bin,150,0.8343,1542.731461763382
0.05,krum_collusion,78,sr_b025,15,0.8020999999999999,1503.0959289073944
0.05,krum_collusion,78,sr_b025,50,0.8530999999999999,1503.0959289073944
0.05,krum_collusion,78,sr_b025,150,0.8716999999999999,1503.0959289073944
0.05,krum_collusion,78,cosserver_only,15,0.7405999999999999,457.3546497821808
0.05,krum_collusion,78,cosserver_only,50,0.8492,457.3546497821808
0.05,krum_collusion,78,cosserver_only,150,0.8831,457.3546497821808
0.05,krum_collusion,78,fltrust,15,0.6204999999999999,776.218334197998
0.05,krum_collusion,78,fltrust,50,0.7979,776.218334197998
0.05,krum_collusion,78,fltrust,150,0.8624,776.218334197998
0.05,krum_collusion,78,trimmed_mean,15,0.4742,680.4501266479492
0.05,krum_collusion,78,trimmed_mean,50,0.5366000000000001,680.4501266479492
0.05,krum_collusion,78,trimmed_mean,150,0.5538,680.4501266479492
0.05,krum_collusion,78,clustering,15,0.5858,643.1237800121307
0.05,krum_collusion,78,clustering,50,0.6441000000000001,643.1237800121307
0.05,krum_collusion,78,clustering,150,0.607,643.1237800121307
0.05,krum_collusion,78,median,15,0.456,838.438764333725
0.05,krum_collusion,78,median,50,0.5403,838.438764333725
0.05,krum_collusion,78,median,150,0.5801000000000001,838.438764333725
0.05,krum_collusion,79,sr_only,15,0.8051,1497.801724433899
0.05,krum_collusion,79,sr_only,50,0.8505,1497.801724433899
0.05,krum_collusion,79,sr_only,150,0.8631,1497.801724433899
0.05,krum_collusion,79,sr_bin,15,0.8051,1480.8212382793429
0.05,krum_collusion,79,sr_bin,50,0.8282,1480.8212382793429
0.05,krum_collusion,79,sr_bin,150,0.8651,1480.8212382793429
0.05,krum_collusion,79,sr_b025,15,0.8023,1528.3634235858915
0.05,krum_collusion,79,sr_b025,50,0.8542,1528.3634235858915
0.05,krum_collusion,79,sr_b025,150,0.8722,1528.3634235858915
0.05,krum_collusion,79,cosserver_only,15,0.5366,524.0635197162628
0.05,krum_collusion,79,cosserver_only,50,0.8656,524.0635197162628
0.05,krum_collusion,79,cosserver_only,150,0.883,524.0635197162628
0.05,krum_collusion,79,fltrust,15,0.6563000000000001,410.2076508998871
0.05,krum_collusion,79,fltrust,50,0.8154,410.2076508998871
0.05,krum_collusion,79,fltrust,150,0.8532,410.2076508998871
0.05,krum_collusion,79,trimmed_mean,15,0.4689,500.5680088996887
0.05,krum_collusion,79,trimmed_mean,50,0.5346000000000001,500.5680088996887
0.05,krum_collusion,79,trimmed_mean,150,0.5540999999999999,500.5680088996887
0.05,krum_collusion,79,clustering,15,0.5864,372.5809481143952
0.05,krum_collusion,79,clustering,50,0.6418000000000001,372.5809481143952
0.05,krum_collusion,79,clustering,150,0.6034999999999998,372.5809481143952
0.05,krum_collusion,79,median,15,0.4556,402.280748128891
0.05,krum_collusion,79,median,50,0.5409999999999999,402.280748128891
0.05,krum_collusion,79,median,150,0.5774999999999999,402.280748128891
0.05,krum_collusion,80,sr_only,15,0.8047000000000001,1399.4264552593231
0.05,krum_collusion,80,sr_only,50,0.8389,1399.4264552593231
0.05,krum_collusion,80,sr_only,150,0.8633,1399.4264552593231
0.05,krum_collusion,80,sr_bin,15,0.8049999999999999,1396.79821062088
0.05,krum_collusion,80,sr_bin,50,0.8469999999999999,1396.79821062088
0.05,krum_collusion,80,sr_bin,150,0.8636999999999999,1396.79821062088
0.05,krum_collusion,80,sr_b025,15,0.8038000000000001,1590.357498407364
0.05,krum_collusion,80,sr_b025,50,0.8542,1590.357498407364
0.05,krum_collusion,80,sr_b025,150,0.8716000000000002,1590.357498407364
0.05,krum_collusion,80,cosserver_only,15,0.5535,553.1552050113678
0.05,krum_collusion,80,cosserver_only,50,0.8446,553.1552050113678
0.05,krum_collusion,80,cosserver_only,150,0.6941,553.1552050113678
0.05,krum_collusion,80,fltrust,15,0.6544000000000001,439.81073474884033
0.05,krum_collusion,80,fltrust,50,0.8010999999999999,439.81073474884033
0.05,krum_collusion,80,fltrust,150,0.8603,439.81073474884033
0.05,krum_collusion,80,trimmed_mean,15,0.4702,508.85863518714905
0.05,krum_collusion,80,trimmed_mean,50,0.5341,508.85863518714905
0.05,krum_collusion,80,trimmed_mean,150,0.5514000000000001,508.85863518714905
0.05,krum_collusion,80,clustering,15,0.5864,441.4620585441589
0.05,krum_collusion,80,clustering,50,0.6411,441.4620585441589
0.05,krum_collusion,80,clustering,150,0.6083,441.4620585441589
0.05,krum_collusion,80,median,15,0.4507,513.0584344863892
0.05,krum_collusion,80,median,50,0.5374,513.0584344863892
0.05,krum_collusion,80,median,150,0.5775999999999999,513.0584344863892
0.05,krum_collusion,81,sr_only,15,0.8044,1720.7745287418363
0.05,krum_collusion,81,sr_only,50,0.8379,1720.7745287418363
0.05,krum_collusion,81,sr_only,150,0.8633999999999998,1720.7745287418363
0.05,krum_collusion,81,sr_bin,15,0.8047000000000001,1652.397686004639
0.05,krum_collusion,81,sr_bin,50,0.8364,1652.397686004639
0.05,krum_collusion,81,sr_bin,150,0.8728999999999999,1652.397686004639
0.05,krum_collusion,81,sr_b025,15,0.8027000000000001,1630.999053955078
0.05,krum_collusion,81,sr_b025,50,0.853,1630.999053955078
0.05,krum_collusion,81,sr_b025,150,0.8712000000000002,1630.999053955078
0.05,krum_collusion,81,cosserver_only,15,0.6695,406.19140338897705
0.05,krum_collusion,81,cosserver_only,50,0.8711,406.19140338897705
0.05,krum_collusion,81,cosserver_only,150,0.8403999999999998,406.19140338897705
0.05,krum_collusion,81,fltrust,15,0.6803000000000001,439.05282402038574
0.05,krum_collusion,81,fltrust,50,0.8376999999999999,439.05282402038574
0.05,krum_collusion,81,fltrust,150,0.8539999999999999,439.05282402038574
0.05,krum_collusion,81,trimmed_mean,15,0.4707999999999999,505.1632132530213
0.05,krum_collusion,81,trimmed_mean,50,0.5347000000000002,505.1632132530213
0.05,krum_collusion,81,trimmed_mean,150,0.5538000000000001,505.1632132530213
0.05,krum_collusion,81,clustering,15,0.5831999999999999,492.0528767108917
0.05,krum_collusion,81,clustering,50,0.6425000000000001,492.0528767108917
0.05,krum_collusion,81,clustering,150,0.6088,492.0528767108917
0.05,krum_collusion,81,median,15,0.4574,470.8864164352417
0.05,krum_collusion,81,median,50,0.5389,470.8864164352417
0.05,krum_collusion,81,median,150,0.5822999999999999,470.8864164352417
0.1,krum_collusion,72,sr_only,15,0.8291000000000001,1637.3467848300934
0.1,krum_collusion,72,sr_only,50,0.8710000000000001,1637.3467848300934
0.1,krum_collusion,72,sr_only,150,0.893,1637.3467848300934
0.1,krum_collusion,72,sr_bin,15,0.8461000000000001,1584.2025833129885
0.1,krum_collusion,72,sr_bin,50,0.8792,1584.2025833129885
0.1,krum_collusion,72,sr_bin,150,0.8934999999999998,1584.2025833129885
0.1,krum_collusion,72,sr_b025,15,0.8429,1576.8713071346283
0.1,krum_collusion,72,sr_b025,50,0.8775000000000001,1576.8713071346283
0.1,krum_collusion,72,sr_b025,150,0.8931000000000001,1576.8713071346283
0.1,krum_collusion,72,cosserver_only,15,0.7693,357.2936894893646
0.1,krum_collusion,72,cosserver_only,50,0.8908000000000001,357.2936894893646
0.1,krum_collusion,72,cosserver_only,150,0.8839,357.2936894893646
0.1,krum_collusion,72,fltrust,15,0.6131,365.3265886306762
0.1,krum_collusion,72,fltrust,50,0.8269,365.3265886306762
0.1,krum_collusion,72,fltrust,150,0.8774000000000001,365.3265886306762
0.1,krum_collusion,72,trimmed_mean,15,0.4261,623.7414724826813
0.1,krum_collusion,72,trimmed_mean,50,0.5321,623.7414724826813
0.1,krum_collusion,72,trimmed_mean,150,0.5715999999999999,623.7414724826813
0.1,krum_collusion,72,clustering,15,0.6319,399.7315492630005
0.1,krum_collusion,72,clustering,50,0.6694000000000001,399.7315492630005
0.1,krum_collusion,72,clustering,150,0.4931,399.7315492630005
0.1,krum_collusion,72,median,15,0.4207999999999999,425.02079129219055
0.1,krum_collusion,72,median,50,0.5389,425.02079129219055
0.1,krum_collusion,72,median,150,0.5615,425.02079129219055
0.1,krum_collusion,73,sr_only,15,0.8295,1516.6172170639038
0.1,krum_collusion,73,sr_only,50,0.8488999999999999,1516.6172170639038
0.1,krum_collusion,73,sr_only,150,0.8863,1516.6172170639038
0.1,krum_collusion,73,sr_bin,15,0.8453999999999999,1606.9221470355988
0.1,krum_collusion,73,sr_bin,50,0.8765000000000001,1606.9221470355988
0.1,krum_collusion,73,sr_bin,150,0.8852,1606.9221470355988
0.1,krum_collusion,73,sr_b025,15,0.8431,1589.6489987373352
0.1,krum_collusion,73,sr_b025,50,0.875,1589.6489987373352
0.1,krum_collusion,73,sr_b025,150,0.8938,1589.6489987373352
0.1,krum_collusion,73,cosserver_only,15,0.8509,443.0625925064087
0.1,krum_collusion,73,cosserver_only,50,0.8775000000000001,443.0625925064087
0.1,krum_collusion,73,cosserver_only,150,0.8909,443.0625925064087
0.1,krum_collusion,73,fltrust,15,0.6134,347.8277904987335
0.1,krum_collusion,73,fltrust,50,0.8558,347.8277904987335
0.1,krum_collusion,73,fltrust,150,0.8839,347.8277904987335
0.1,krum_collusion,73,trimmed_mean,15,0.4266999999999999,497.86994314193726
0.1,krum_collusion,73,trimmed_mean,50,0.5324,497.86994314193726
0.1,krum_collusion,73,trimmed_mean,150,0.5737,497.86994314193726
0.1,krum_collusion,73,clustering,15,0.6343000000000001,400.2687728404999
0.1,krum_collusion,73,clustering,50,0.6687000000000001,400.2687728404999
0.1,krum_collusion,73,clustering,150,0.4862999999999999,400.2687728404999
0.1,krum_collusion,73,median,15,0.4185999999999999,463.9816646575928
0.1,krum_collusion,73,median,50,0.5379,463.9816646575928
0.1,krum_collusion,73,median,150,0.5635999999999999,463.9816646575928
0.1,krum_collusion,74,sr_only,15,0.8309,1566.128223657608
0.1,krum_collusion,74,sr_only,50,0.8603,1566.128223657608
0.1,krum_collusion,74,sr_only,150,0.8869,1566.128223657608
0.1,krum_collusion,74,sr_bin,15,0.8392999999999999,1586.5178701877594
0.1,krum_collusion,74,sr_bin,50,0.8793,1586.5178701877594
0.1,krum_collusion,74,sr_bin,150,0.8839,1586.5178701877594
0.1,krum_collusion,74,sr_b025,15,0.8431,1506.110548734665
0.1,krum_collusion,74,sr_b025,50,0.8646,1506.110548734665
0.1,krum_collusion,74,sr_b025,150,0.8939,1506.110548734665
0.1,krum_collusion,74,cosserver_only,15,0.8591,357.9254856109619
0.1,krum_collusion,74,cosserver_only,50,0.8695999999999999,357.9254856109619
0.1,krum_collusion,74,cosserver_only,150,0.8636999999999999,357.9254856109619
0.1,krum_collusion,74,fltrust,15,0.5919999999999999,470.9685044288635
0.1,krum_collusion,74,fltrust,50,0.7933000000000001,470.9685044288635
0.1,krum_collusion,74,fltrust,150,0.8601000000000001,470.9685044288635
0.1,krum_collusion,74,trimmed_mean,15,0.425,564.1744956970215
0.1,krum_collusion,74,trimmed_mean,50,0.5269000000000001,564.1744956970215
0.1,krum_collusion,74,trimmed_mean,150,0.5744999999999999,564.1744956970215
0.1,krum_collusion,74,clustering,15,0.6351,445.1934916973114
0.1,krum_collusion,74,clustering,50,0.6708999999999999,445.1934916973114
0.1,krum_collusion,74,clustering,150,0.4784,445.1934916973114
0.1,krum_collusion,74,median,15,0.4185,852.9938476085663
0.1,krum_collusion,74,median,50,0.5371,852.9938476085663
0.1,krum_collusion,74,median,150,0.5612999999999999,852.9938476085663
0.1,krum_collusion,75,sr_only,15,0.8176,1564.995184659958
0.1,krum_collusion,75,sr_only,50,0.8689,1564.995184659958
0.1,krum_collusion,75,sr_only,150,0.8871,1564.995184659958
0.1,krum_collusion,75,sr_bin,15,0.8462999999999999,1556.1006891727448
0.1,krum_collusion,75,sr_bin,50,0.8611999999999999,1556.1006891727448
0.1,krum_collusion,75,sr_bin,150,0.8843,1556.1006891727448
0.1,krum_collusion,75,sr_b025,15,0.8436,1557.6193976402285
0.1,krum_collusion,75,sr_b025,50,0.8754,1557.6193976402285
0.1,krum_collusion,75,sr_b025,150,0.8935000000000001,1557.6193976402285
0.1,krum_collusion,75,cosserver_only,15,0.7685000000000001,452.4904019832611
0.1,krum_collusion,75,cosserver_only,50,0.8844,452.4904019832611
0.1,krum_collusion,75,cosserver_only,150,0.8974000000000002,452.4904019832611
0.1,krum_collusion,75,fltrust,15,0.5966,375.48851203918457
0.1,krum_collusion,75,fltrust,50,0.8318999999999999,375.48851203918457
0.1,krum_collusion,75,fltrust,150,0.8784000000000001,375.48851203918457
0.1,krum_collusion,75,trimmed_mean,15,0.4276,513.6925868988037
0.1,krum_collusion,75,trimmed_mean,50,0.5283000000000001,513.6925868988037
0.1,krum_collusion,75,trimmed_mean,150,0.5690999999999999,513.6925868988037
0.1,krum_collusion,75,clustering,15,0.6315999999999999,369.8577365875244
0.1,krum_collusion,75,clustering,50,0.6663,369.8577365875244
0.1,krum_collusion,75,clustering,150,0.4854999999999999,369.8577365875244
0.1,krum_collusion,75,median,15,0.4204,418.19295930862427
0.1,krum_collusion,75,median,50,0.5374000000000001,418.19295930862427
0.1,krum_collusion,75,median,150,0.5596,418.19295930862427
0.1,krum_collusion,76,sr_only,15,0.8317,1503.059522151947
0.1,krum_collusion,76,sr_only,50,0.8701000000000001,1503.059522151947
0.1,krum_collusion,76,sr_only,150,0.8866999999999999,1503.059522151947
0.1,krum_collusion,76,sr_bin,15,0.8390000000000001,1547.6923246383667
0.1,krum_collusion,76,sr_bin,50,0.8725999999999999,1547.6923246383667
0.1,krum_collusion,76,sr_bin,150,0.8843,1547.6923246383667
0.1,krum_collusion,76,sr_b025,15,0.8439,1599.956440448761
0.1,krum_collusion,76,sr_b025,50,0.8760999999999999,1599.956440448761
0.1,krum_collusion,76,sr_b025,150,0.8935000000000001,1599.956440448761
0.1,krum_collusion,76,cosserver_only,15,0.8483,646.2207796573639
0.1,krum_collusion,76,cosserver_only,50,0.8150999999999999,646.2207796573639
0.1,krum_collusion,76,cosserver_only,150,0.8897999999999999,646.2207796573639
0.1,krum_collusion,76,fltrust,15,0.627,510.6578259468079
0.1,krum_collusion,76,fltrust,50,0.8314999999999999,510.6578259468079
0.1,krum_collusion,76,fltrust,150,0.8789000000000001,510.6578259468079
0.1,krum_collusion,76,trimmed_mean,15,0.4298,435.7905447483063
0.1,krum_collusion,76,trimmed_mean,50,0.5299,435.7905447483063
0.1,krum_collusion,76,trimmed_mean,150,0.5738000000000001,435.7905447483063
0.1,krum_collusion,76,clustering,15,0.6368,375.8697307109833
0.1,krum_collusion,76,clustering,50,0.6708000000000001,375.8697307109833
0.1,krum_collusion,76,clustering,150,0.4718,375.8697307109833
0.1,krum_collusion,76,median,15,0.4213,437.3671820163727
0.1,krum_collusion,76,median,50,0.5404,437.3671820163727
0.1,krum_collusion,76,median,150,0.563,437.3671820163727
0.1,krum_collusion,77,sr_only,15,0.8298,1524.549161195755
0.1,krum_collusion,77,sr_only,50,0.8637,1524.549161195755
0.1,krum_collusion,77,sr_only,150,0.8873,1524.549161195755
0.1,krum_collusion,77,sr_bin,15,0.8455999999999999,1560.9794347286224
0.1,krum_collusion,77,sr_bin,50,0.8616999999999999,1560.9794347286224
0.1,krum_collusion,77,sr_bin,150,0.893,1560.9794347286224
0.1,krum_collusion,77,sr_b025,15,0.8431999999999998,1559.822099685669
0.1,krum_collusion,77,sr_b025,50,0.8743000000000001,1559.822099685669
0.1,krum_collusion,77,sr_b025,150,0.8937000000000002,1559.822099685669
0.1,krum_collusion,77,cosserver_only,15,0.8532,514.9833142757416
0.1,krum_collusion,77,cosserver_only,50,0.8688,514.9833142757416
0.1,krum_collusion,77,cosserver_only,150,0.8484,514.9833142757416
0.1,krum_collusion,77,fltrust,15,0.6193000000000001,375.92414593696594
0.1,krum_collusion,77,fltrust,50,0.7508,375.92414593696594
0.1,krum_collusion,77,fltrust,150,0.8645999999999999,375.92414593696594
0.1,krum_collusion,77,trimmed_mean,15,0.4273,363.1368975639343
0.1,krum_collusion,77,trimmed_mean,50,0.5267,363.1368975639343
0.1,krum_collusion,77,trimmed_mean,150,0.5731999999999999,363.1368975639343
0.1,krum_collusion,77,clustering,15,0.6333,499.3355498313904
0.1,krum_collusion,77,clustering,50,0.6682000000000001,499.3355498313904
0.1,krum_collusion,77,clustering,150,0.4625,499.3355498313904
0.1,krum_collusion,77,median,15,0.4236,412.95676469802856
0.1,krum_collusion,77,median,50,0.5373,412.95676469802856
0.1,krum_collusion,77,median,150,0.56,412.95676469802856
0.1,krum_collusion,78,sr_only,15,0.8327,1450.441932439804
0.1,krum_collusion,78,sr_only,50,0.8551,1450.441932439804
0.1,krum_collusion,78,sr_only,150,0.8865999999999999,1450.441932439804
0.1,krum_collusion,78,sr_bin,15,0.8462,1594.267962217331
0.1,krum_collusion,78,sr_bin,50,0.8793999999999998,1594.267962217331
0.1,krum_collusion,78,sr_bin,150,0.8846999999999999,1594.267962217331
0.1,krum_collusion,78,sr_b025,15,0.8438000000000001,1501.6488473415377
0.1,krum_collusion,78,sr_b025,50,0.8754000000000002,1501.6488473415377
0.1,krum_collusion,78,sr_b025,150,0.8938,1501.6488473415377
0.1,krum_collusion,78,cosserver_only,15,0.8465999999999999,571.2007389068604
0.1,krum_collusion,78,cosserver_only,50,0.8614,571.2007389068604
0.1,krum_collusion,78,cosserver_only,150,0.8672999999999998,571.2007389068604
0.1,krum_collusion,78,fltrust,15,0.5893999999999999,390.82042932510376
0.1,krum_collusion,78,fltrust,50,0.8169000000000001,390.82042932510376
0.1,krum_collusion,78,fltrust,150,0.873,390.82042932510376
0.1,krum_collusion,78,trimmed_mean,15,0.4266,584.2008807659149
0.1,krum_collusion,78,trimmed_mean,50,0.5309,584.2008807659149
0.1,krum_collusion,78,trimmed_mean,150,0.5737,584.2008807659149
0.1,krum_collusion,78,clustering,15,0.6333,564.531487941742
0.1,krum_collusion,78,clustering,50,0.6705000000000001,564.531487941742
0.1,krum_collusion,78,clustering,150,0.4778999999999999,564.531487941742
0.1,krum_collusion,78,median,15,0.4218999999999999,509.5147130489349
0.1,krum_collusion,78,median,50,0.5432999999999999,509.5147130489349
0.1,krum_collusion,78,median,150,0.5637000000000001,509.5147130489349
0.1,krum_collusion,79,sr_only,15,0.8280999999999998,1566.0695452690125
0.1,krum_collusion,79,sr_only,50,0.8581,1566.0695452690125
0.1,krum_collusion,79,sr_only,150,0.8870000000000001,1566.0695452690125
0.1,krum_collusion,79,sr_bin,15,0.8458,1549.624863862991
0.1,krum_collusion,79,sr_bin,50,0.8720000000000001,1549.624863862991
0.1,krum_collusion,79,sr_bin,150,0.8844,1549.624863862991
0.1,krum_collusion,79,sr_b025,15,0.842,1570.03843665123
0.1,krum_collusion,79,sr_b025,50,0.8752000000000001,1570.03843665123
0.1,krum_collusion,79,sr_b025,150,0.8935000000000001,1570.03843665123
0.1,krum_collusion,79,cosserver_only,15,0.7561,860.1146762371063
0.1,krum_collusion,79,cosserver_only,50,0.8880000000000001,860.1146762371063
0.1,krum_collusion,79,cosserver_only,150,0.8941000000000001,860.1146762371063
0.1,krum_collusion,79,fltrust,15,0.5803,610.6699125766754
0.1,krum_collusion,79,fltrust,50,0.8173999999999999,610.6699125766754
0.1,krum_collusion,79,fltrust,150,0.875,610.6699125766754
0.1,krum_collusion,79,trimmed_mean,15,0.4291999999999999,844.9779407978058
0.1,krum_collusion,79,trimmed_mean,50,0.5291000000000001,844.9779407978058
0.1,krum_collusion,79,trimmed_mean,150,0.5757999999999999,844.9779407978058
0.1,krum_collusion,79,clustering,15,0.6355000000000001,565.8536083698273
0.1,krum_collusion,79,clustering,50,0.6703,565.8536083698273
0.1,krum_collusion,79,clustering,150,0.4872999999999999,565.8536083698273
0.1,krum_collusion,79,median,15,0.4238,453.4829170703888
0.1,krum_collusion,79,median,50,0.5330000000000001,453.4829170703888
0.1,krum_collusion,79,median,150,0.5637000000000001,453.4829170703888
0.1,krum_collusion,80,sr_only,15,0.826,1358.64861869812
0.1,krum_collusion,80,sr_only,50,0.8596,1358.64861869812
0.1,krum_collusion,80,sr_only,150,0.8927999999999999,1358.64861869812
0.1,krum_collusion,80,sr_bin,15,0.8469000000000001,1307.5450394153595
0.1,krum_collusion,80,sr_bin,50,0.8638,1307.5450394153595
0.1,krum_collusion,80,sr_bin,150,0.8930000000000001,1307.5450394153595
0.1,krum_collusion,80,sr_b025,15,0.8444,1283.0671725273132
0.1,krum_collusion,80,sr_b025,50,0.8769,1283.0671725273132
0.1,krum_collusion,80,sr_b025,150,0.893,1283.0671725273132
0.1,krum_collusion,80,cosserver_only,15,0.7398,203.26051020622253
0.1,krum_collusion,80,cosserver_only,50,0.8727,203.26051020622253
0.1,krum_collusion,80,cosserver_only,150,0.8760999999999999,203.26051020622253
0.1,krum_collusion,80,fltrust,15,0.6269999999999999,498.397141456604
0.1,krum_collusion,80,fltrust,50,0.8294,498.397141456604
0.1,krum_collusion,80,fltrust,150,0.8777000000000001,498.397141456604
0.1,krum_collusion,80,trimmed_mean,15,0.4302,311.0400195121765
0.1,krum_collusion,80,trimmed_mean,50,0.5288000000000002,311.0400195121765
0.1,krum_collusion,80,trimmed_mean,150,0.5736000000000001,311.0400195121765
0.1,krum_collusion,80,clustering,15,0.6323,244.3635847568512
0.1,krum_collusion,80,clustering,50,0.6694,244.3635847568512
0.1,krum_collusion,80,clustering,150,0.4784,244.3635847568512
0.1,krum_collusion,80,median,15,0.4206999999999999,257.98815965652466
0.1,krum_collusion,80,median,50,0.5321,257.98815965652466
0.1,krum_collusion,80,median,150,0.5569000000000001,257.98815965652466
0.1,krum_collusion,81,sr_only,15,0.8292999999999999,1649.8625934123993
0.1,krum_collusion,81,sr_only,50,0.8692,1649.8625934123993
0.1,krum_collusion,81,sr_only,150,0.8852,1649.8625934123993
0.1,krum_collusion,81,sr_bin,15,0.8458,1695.9870221614838
0.1,krum_collusion,81,sr_bin,50,0.8732,1695.9870221614838
0.1,krum_collusion,81,sr_bin,150,0.8835000000000001,1695.9870221614838
0.1,krum_collusion,81,sr_b025,15,0.8452,1661.2080671787262
0.1,krum_collusion,81,sr_b025,50,0.8701000000000001,1661.2080671787262
0.1,krum_collusion,81,sr_b025,150,0.8929,1661.2080671787262
0.1,krum_collusion,81,cosserver_only,15,0.8542,419.6849246025085
0.1,krum_collusion,81,cosserver_only,50,0.7771000000000001,419.6849246025085
0.1,krum_collusion,81,cosserver_only,150,0.8459,419.6849246025085
0.1,krum_collusion,81,fltrust,15,0.6208,475.23058438301086
0.1,krum_collusion,81,fltrust,50,0.7974,475.23058438301086
0.1,krum_collusion,81,fltrust,150,0.8473,475.23058438301086
0.1,krum_collusion,81,trimmed_mean,15,0.4305999999999999,406.59071922302246
0.1,krum_collusion,81,trimmed_mean,50,0.5281,406.59071922302246
0.1,krum_collusion,81,trimmed_mean,150,0.5738999999999999,406.59071922302246
0.1,krum_collusion,81,clustering,15,0.6355999999999999,537.11816239357
0.1,krum_collusion,81,clustering,50,0.6711000000000001,537.11816239357
0.1,krum_collusion,81,clustering,150,0.4801999999999999,537.11816239357
0.1,krum_collusion,81,median,15,0.4247000000000001,448.50558400154114
0.1,krum_collusion,81,median,50,0.5373,448.50558400154114
0.1,krum_collusion,81,median,150,0.5616,448.50558400154114
0.5,krum_collusion,72,sr_only,15,0.8962999999999999,1643.145007133484
0.5,krum_collusion,72,sr_only,50,0.9116000000000002,1643.145007133484
0.5,krum_collusion,72,sr_only,150,0.9138,1643.145007133484
0.5,krum_collusion,72,sr_bin,15,0.8985,1553.431839466095
0.5,krum_collusion,72,sr_bin,50,0.9112,1553.431839466095
0.5,krum_collusion,72,sr_bin,150,0.9124,1553.431839466095
0.5,krum_collusion,72,sr_b025,15,0.8960000000000001,1620.3387014865875
0.5,krum_collusion,72,sr_b025,50,0.9112000000000002,1620.3387014865875
0.5,krum_collusion,72,sr_b025,150,0.9153,1620.3387014865875
0.5,krum_collusion,72,cosserver_only,15,0.8926999999999999,437.3369414806366
0.5,krum_collusion,72,cosserver_only,50,0.9061,437.3369414806366
0.5,krum_collusion,72,cosserver_only,150,0.911,437.3369414806366
0.5,krum_collusion,72,fltrust,15,0.7938,484.4770443439484
0.5,krum_collusion,72,fltrust,50,0.8827,484.4770443439484
0.5,krum_collusion,72,fltrust,150,0.9022,484.4770443439484
0.5,krum_collusion,72,trimmed_mean,15,0.8804000000000001,362.28301310539246
0.5,krum_collusion,72,trimmed_mean,50,0.8961,362.28301310539246
0.5,krum_collusion,72,trimmed_mean,150,0.9022,362.28301310539246
0.5,krum_collusion,72,clustering,15,0.8503999999999999,424.4840159416199
0.5,krum_collusion,72,clustering,50,0.8690999999999999,424.4840159416199
0.5,krum_collusion,72,clustering,150,0.8790000000000001,424.4840159416199
0.5,krum_collusion,72,median,15,0.8634999999999999,558.5733721256256
0.5,krum_collusion,72,median,50,0.8848,558.5733721256256
0.5,krum_collusion,72,median,150,0.8855000000000001,558.5733721256256
0.5,krum_collusion,73,sr_only,15,0.8966999999999998,1566.9895150661469
0.5,krum_collusion,73,sr_only,50,0.9119,1566.9895150661469
0.5,krum_collusion,73,sr_only,150,0.9152,1566.9895150661469
0.5,krum_collusion,73,sr_bin,15,0.898,1603.8262326717377
0.5,krum_collusion,73,sr_bin,50,0.9117,1603.8262326717377
0.5,krum_collusion,73,sr_bin,150,0.9154,1603.8262326717377
0.5,krum_collusion,73,sr_b025,15,0.8966,1539.4430584907532
0.5,krum_collusion,73,sr_b025,50,0.9115,1539.4430584907532
0.5,krum_collusion,73,sr_b025,150,0.9148,1539.4430584907532
0.5,krum_collusion,73,cosserver_only,15,0.8866999999999999,405.0528120994568
0.5,krum_collusion,73,cosserver_only,50,0.9091,405.0528120994568
0.5,krum_collusion,73,cosserver_only,150,0.9173000000000002,405.0528120994568
0.5,krum_collusion,73,fltrust,15,0.7988000000000001,337.5999436378479
0.5,krum_collusion,73,fltrust,50,0.8826,337.5999436378479
0.5,krum_collusion,73,fltrust,150,0.9013000000000002,337.5999436378479
0.5,krum_collusion,73,trimmed_mean,15,0.8797999999999998,403.5584375858307
0.5,krum_collusion,73,trimmed_mean,50,0.8960000000000001,403.5584375858307
0.5,krum_collusion,73,trimmed_mean,150,0.903,403.5584375858307
0.5,krum_collusion,73,clustering,15,0.8514000000000002,455.3741888999939
0.5,krum_collusion,73,clustering,50,0.8873000000000001,455.3741888999939
0.5,krum_collusion,73,clustering,150,0.8934,455.3741888999939
0.5,krum_collusion,73,median,15,0.8634000000000001,366.7189853191376
0.5,krum_collusion,73,median,50,0.8847999999999999,366.7189853191376
0.5,krum_collusion,73,median,150,0.8855999999999999,366.7189853191376
0.5,krum_collusion,74,sr_only,15,0.8962,1505.1768457889557
0.5,krum_collusion,74,sr_only,50,0.9113,1505.1768457889557
0.5,krum_collusion,74,sr_only,150,0.9139000000000002,1505.1768457889557
0.5,krum_collusion,74,sr_bin,15,0.8978999999999999,1631.927151441574
0.5,krum_collusion,74,sr_bin,50,0.9115000000000002,1631.927151441574
0.5,krum_collusion,74,sr_bin,150,0.915,1631.927151441574
0.5,krum_collusion,74,sr_b025,15,0.8965,1586.5097019672394
0.5,krum_collusion,74,sr_b025,50,0.911,1586.5097019672394
0.5,krum_collusion,74,sr_b025,150,0.9155,1586.5097019672394
0.5,krum_collusion,74,cosserver_only,15,0.8817999999999999,442.5045385360718
0.5,krum_collusion,74,cosserver_only,50,0.9115,442.5045385360718
0.5,krum_collusion,74,cosserver_only,150,0.9084,442.5045385360718
0.5,krum_collusion,74,fltrust,15,0.804,353.93873381614685
0.5,krum_collusion,74,fltrust,50,0.8829,353.93873381614685
0.5,krum_collusion,74,fltrust,150,0.8999,353.93873381614685
0.5,krum_collusion,74,trimmed_mean,15,0.8795999999999999,463.2634649276733
0.5,krum_collusion,74,trimmed_mean,50,0.8960000000000001,463.2634649276733
0.5,krum_collusion,74,trimmed_mean,150,0.9025,463.2634649276733
0.5,krum_collusion,74,clustering,15,0.8511,440.6564011573792
0.5,krum_collusion,74,clustering,50,0.8876999999999999,440.6564011573792
0.5,krum_collusion,74,clustering,150,0.8939999999999999,440.6564011573792
0.5,krum_collusion,74,median,15,0.8629999999999999,403.1082696914673
0.5,krum_collusion,74,median,50,0.8835000000000001,403.1082696914673
0.5,krum_collusion,74,median,150,0.8859000000000001,403.1082696914673
0.5,krum_collusion,75,sr_only,15,0.8959999999999999,1604.8769693374634
0.5,krum_collusion,75,sr_only,50,0.9111,1604.8769693374634
0.5,krum_collusion,75,sr_only,150,0.9139,1604.8769693374634
0.5,krum_collusion,75,sr_bin,15,0.8981,1623.6878337860107
0.5,krum_collusion,75,sr_bin,50,0.9118,1623.6878337860107
0.5,krum_collusion,75,sr_bin,150,0.9105,1623.6878337860107
0.5,krum_collusion,75,sr_b025,15,0.8961,1493.2474038600922
0.5,krum_collusion,75,sr_b025,50,0.9112,1493.2474038600922
0.5,krum_collusion,75,sr_b025,150,0.9152,1493.2474038600922
0.5,krum_collusion,75,cosserver_only,15,0.8942,318.8815894126892
0.5,krum_collusion,75,cosserver_only,50,0.8984,318.8815894126892
0.5,krum_collusion,75,cosserver_only,150,0.9041,318.8815894126892
0.5,krum_collusion,75,fltrust,15,0.8148,321.3959186077118
0.5,krum_collusion,75,fltrust,50,0.8876,321.3959186077118
0.5,krum_collusion,75,fltrust,150,0.8944999999999999,321.3959186077118
0.5,krum_collusion,75,trimmed_mean,15,0.8798999999999999,404.6612000465393
0.5,krum_collusion,75,trimmed_mean,50,0.8961,404.6612000465393
0.5,krum_collusion,75,trimmed_mean,150,0.9034,404.6612000465393
0.5,krum_collusion,75,clustering,15,0.8516,504.2165503501892
0.5,krum_collusion,75,clustering,50,0.8873,504.2165503501892
0.5,krum_collusion,75,clustering,150,0.8938,504.2165503501892
0.5,krum_collusion,75,median,15,0.8631,1018.435310125351
0.5,krum_collusion,75,median,50,0.8845000000000001,1018.435310125351
0.5,krum_collusion,75,median,150,0.8858,1018.435310125351
0.5,krum_collusion,76,sr_only,15,0.8962999999999999,1537.9688539505005
0.5,krum_collusion,76,sr_only,50,0.9109,1537.9688539505005
0.5,krum_collusion,76,sr_only,150,0.9136,1537.9688539505005
0.5,krum_collusion,76,sr_bin,15,0.8977,1566.2471742630005
0.5,krum_collusion,76,sr_bin,50,0.9115,1566.2471742630005
0.5,krum_collusion,76,sr_bin,150,0.9153,1566.2471742630005
0.5,krum_collusion,76,sr_b025,15,0.8967,1610.8796517848969
0.5,krum_collusion,76,sr_b025,50,0.911,1610.8796517848969
0.5,krum_collusion,76,sr_b025,150,0.9146,1610.8796517848969
0.5,krum_collusion,76,cosserver_only,15,0.8942,451.1448588371277
0.5,krum_collusion,76,cosserver_only,50,0.8974,451.1448588371277
0.5,krum_collusion,76,cosserver_only,150,0.9102,451.1448588371277
0.5,krum_collusion,76,fltrust,15,0.8011999999999999,578.7339868545532
0.5,krum_collusion,76,fltrust,50,0.8815000000000002,578.7339868545532
0.5,krum_collusion,76,fltrust,150,0.8992000000000001,578.7339868545532
0.5,krum_collusion,76,trimmed_mean,15,0.8799999999999999,462.3502831459045
0.5,krum_collusion,76,trimmed_mean,50,0.8963000000000001,462.3502831459045
0.5,krum_collusion,76,trimmed_mean,150,0.9024,462.3502831459045
0.5,krum_collusion,76,clustering,15,0.851,487.79465675354
0.5,krum_collusion,76,clustering,50,0.8881,487.79465675354
0.5,krum_collusion,76,clustering,150,0.8927000000000002,487.79465675354
0.5,krum_collusion,76,median,15,0.8635999999999999,478.5092792510986
0.5,krum_collusion,76,median,50,0.8846999999999999,478.5092792510986
0.5,krum_collusion,76,median,150,0.8857000000000002,478.5092792510986
0.5,krum_collusion,77,sr_only,15,0.8962999999999999,1465.2323098182678
0.5,krum_collusion,77,sr_only,50,0.9115,1465.2323098182678
0.5,krum_collusion,77,sr_only,150,0.9137,1465.2323098182678
0.5,krum_collusion,77,sr_bin,15,0.8981,1547.9172041416168
0.5,krum_collusion,77,sr_bin,50,0.9115,1547.9172041416168
0.5,krum_collusion,77,sr_bin,150,0.9152,1547.9172041416168
0.5,krum_collusion,77,sr_b025,15,0.8965,1538.7759850025177
0.5,krum_collusion,77,sr_b025,50,0.9113,1538.7759850025177
0.5,krum_collusion,77,sr_b025,150,0.9150999999999998,1538.7759850025177
0.5,krum_collusion,77,cosserver_only,15,0.8916999999999999,594.108978509903
0.5,krum_collusion,77,cosserver_only,50,0.9078,594.108978509903
0.5,krum_collusion,77,cosserver_only,150,0.9087000000000002,594.108978509903
0.5,krum_collusion,77,fltrust,15,0.8089999999999999,322.05581998825073
0.5,krum_collusion,77,fltrust,50,0.8819000000000001,322.05581998825073
0.5,krum_collusion,77,fltrust,150,0.8944999999999999,322.05581998825073
0.5,krum_collusion,77,trimmed_mean,15,0.8795,518.2705302238464
0.5,krum_collusion,77,trimmed_mean,50,0.8961,518.2705302238464
0.5,krum_collusion,77,trimmed_mean,150,0.9029,518.2705302238464
0.5,krum_collusion,77,clustering,15,0.8497999999999999,508.1754403114319
0.5,krum_collusion,77,clustering,50,0.8692,508.1754403114319
0.5,krum_collusion,77,clustering,150,0.8795999999999999,508.1754403114319
0.5,krum_collusion,77,median,15,0.8625999999999999,666.9049556255341
0.5,krum_collusion,77,median,50,0.8839,666.9049556255341
0.5,krum_collusion,77,median,150,0.8848,666.9049556255341
0.5,krum_collusion,78,sr_only,15,0.8959999999999999,1564.969853639603
0.5,krum_collusion,78,sr_only,50,0.9114,1564.969853639603
0.5,krum_collusion,78,sr_only,150,0.914,1564.969853639603
0.5,krum_collusion,78,sr_bin,15,0.8976,1528.3603596687317
0.5,krum_collusion,78,sr_bin,50,0.9116,1528.3603596687317
0.5,krum_collusion,78,sr_bin,150,0.9122,1528.3603596687317
0.5,krum_collusion,78,sr_b025,15,0.8960000000000001,1537.1566977500916
0.5,krum_collusion,78,sr_b025,50,0.9113,1537.1566977500916
0.5,krum_collusion,78,sr_b025,150,0.9149,1537.1566977500916
0.5,krum_collusion,78,cosserver_only,15,0.8929,520.6059551239014
0.5,krum_collusion,78,cosserver_only,50,0.9097000000000002,520.6059551239014
0.5,krum_collusion,78,cosserver_only,150,0.9146,520.6059551239014
0.5,krum_collusion,78,fltrust,15,0.7973,599.7070472240448
0.5,krum_collusion,78,fltrust,50,0.8784000000000001,599.7070472240448
0.5,krum_collusion,78,fltrust,150,0.8972,599.7070472240448
0.5,krum_collusion,78,trimmed_mean,15,0.8804000000000001,525.8162927627563
0.5,krum_collusion,78,trimmed_mean,50,0.8956,525.8162927627563
0.5,krum_collusion,78,trimmed_mean,150,0.9032,525.8162927627563
0.5,krum_collusion,78,clustering,15,0.8513,655.4637818336487
0.5,krum_collusion,78,clustering,50,0.8874000000000001,655.4637818336487
0.5,krum_collusion,78,clustering,150,0.8799999999999999,655.4637818336487
0.5,krum_collusion,78,median,15,0.8646,611.7955167293549
0.5,krum_collusion,78,median,50,0.8839,611.7955167293549
0.5,krum_collusion,78,median,150,0.8865999999999999,611.7955167293549
0.5,krum_collusion,79,sr_only,15,0.8968,1554.4191732406616
0.5,krum_collusion,79,sr_only,50,0.9111,1554.4191732406616
0.5,krum_collusion,79,sr_only,150,0.9151,1554.4191732406616
0.5,krum_collusion,79,sr_bin,15,0.8981,1514.770586490631
0.5,krum_collusion,79,sr_bin,50,0.9111,1514.770586490631
0.5,krum_collusion,79,sr_bin,150,0.9154000000000002,1514.770586490631
0.5,krum_collusion,79,sr_b025,15,0.8965,1542.06982254982
0.5,krum_collusion,79,sr_b025,50,0.911,1542.06982254982
0.5,krum_collusion,79,sr_b025,150,0.9143,1542.06982254982
0.5,krum_collusion,79,cosserver_only,15,0.8930000000000001,467.3964173793793
0.5,krum_collusion,79,cosserver_only,50,0.9109000000000002,467.3964173793793
0.5,krum_collusion,79,cosserver_only,150,0.9141,467.3964173793793
0.5,krum_collusion,79,fltrust,15,0.8040999999999998,494.474232673645
0.5,krum_collusion,79,fltrust,50,0.8805999999999999,494.474232673645
0.5,krum_collusion,79,fltrust,150,0.8964000000000001,494.474232673645
0.5,krum_collusion,79,trimmed_mean,15,0.8802,389.069580078125
0.5,krum_collusion,79,trimmed_mean,50,0.8956,389.069580078125
0.5,krum_collusion,79,trimmed_mean,150,0.9028,389.069580078125
0.5,krum_collusion,79,clustering,15,0.8503000000000001,421.8096308708191
0.5,krum_collusion,79,clustering,50,0.8700999999999999,421.8096308708191
0.5,krum_collusion,79,clustering,150,0.8792,421.8096308708191
0.5,krum_collusion,79,median,15,0.8633,488.6604688167572
0.5,krum_collusion,79,median,50,0.8844999999999998,488.6604688167572
0.5,krum_collusion,79,median,150,0.8860000000000001,488.6604688167572
0.5,krum_collusion,80,sr_only,15,0.8969999999999999,1490.2585046291351
0.5,krum_collusion,80,sr_only,50,0.9118,1490.2585046291351
0.5,krum_collusion,80,sr_only,150,0.9133,1490.2585046291351
0.5,krum_collusion,80,sr_bin,15,0.8986000000000001,1456.695242881775
0.5,krum_collusion,80,sr_bin,50,0.9115,1456.695242881775
0.5,krum_collusion,80,sr_bin,150,0.9126,1456.695242881775
0.5,krum_collusion,80,sr_b025,15,0.8966999999999998,1362.7541885375977
0.5,krum_collusion,80,sr_b025,50,0.9111,1362.7541885375977
0.5,krum_collusion,80,sr_b025,150,0.9162,1362.7541885375977
0.5,krum_collusion,80,cosserver_only,15,0.8935000000000001,223.07026386260983
0.5,krum_collusion,80,cosserver_only,50,0.9077,223.07026386260983
0.5,krum_collusion,80,cosserver_only,150,0.9117,223.07026386260983
0.5,krum_collusion,80,fltrust,15,0.8124,399.32540106773376
0.5,krum_collusion,80,fltrust,50,0.8853,399.32540106773376
0.5,krum_collusion,80,fltrust,150,0.8969000000000001,399.32540106773376
0.5,krum_collusion,80,trimmed_mean,15,0.8796000000000002,236.3723146915436
0.5,krum_collusion,80,trimmed_mean,50,0.8961,236.3723146915436
0.5,krum_collusion,80,trimmed_mean,150,0.9028,236.3723146915436
0.5,krum_collusion,80,clustering,15,0.8516,439.2860324382782
0.5,krum_collusion,80,clustering,50,0.8883000000000001,439.2860324382782
0.5,krum_collusion,80,clustering,150,0.8939,439.2860324382782
0.5,krum_collusion,80,median,15,0.8637999999999998,217.28581929206848
0.5,krum_collusion,80,median,50,0.8841000000000001,217.28581929206848
0.5,krum_collusion,80,median,150,0.8858,217.28581929206848
0.5,krum_collusion,81,sr_only,15,0.8972,1405.8799748420715
0.5,krum_collusion,81,sr_only,50,0.9117,1405.8799748420715
0.5,krum_collusion,81,sr_only,150,0.915,1405.8799748420715
0.5,krum_collusion,81,sr_bin,15,0.8983000000000001,1609.3571455478668
0.5,krum_collusion,81,sr_bin,50,0.9116000000000002,1609.3571455478668
0.5,krum_collusion,81,sr_bin,150,0.9157,1609.3571455478668
0.5,krum_collusion,81,sr_b025,15,0.897,1705.6765978336334
0.5,krum_collusion,81,sr_b025,50,0.9114,1705.6765978336334
0.5,krum_collusion,81,sr_b025,150,0.9138,1705.6765978336334
0.5,krum_collusion,81,cosserver_only,15,0.8844,465.50270533561707
0.5,krum_collusion,81,cosserver_only,50,0.9027,465.50270533561707
0.5,krum_collusion,81,cosserver_only,150,0.9073,465.50270533561707
0.5,krum_collusion,81,fltrust,15,0.7974,513.1302845478058
0.5,krum_collusion,81,fltrust,50,0.8758000000000001,513.1302845478058
0.5,krum_collusion,81,fltrust,150,0.8995000000000001,513.1302845478058
0.5,krum_collusion,81,trimmed_mean,15,0.8798,534.789844751358
0.5,krum_collusion,81,trimmed_mean,50,0.8956,534.789844751358
0.5,krum_collusion,81,trimmed_mean,150,0.9026,534.789844751358
0.5,krum_collusion,81,clustering,15,0.8514999999999999,529.4854276180267
0.5,krum_collusion,81,clustering,50,0.8698,529.4854276180267
0.5,krum_collusion,81,clustering,150,0.8798999999999999,529.4854276180267
0.5,krum_collusion,81,median,15,0.8632,513.1120579242706
0.5,krum_collusion,81,median,50,0.8844,513.1120579242706
0.5,krum_collusion,81,median,150,0.8849,513.1120579242706
0.05,label_flipping,72,sr_only,15,0.7078999999999999,1613.6538033485413
0.05,label_flipping,72,sr_only,50,0.6611,1613.6538033485413
0.05,label_flipping,72,sr_only,150,0.6844000000000001,1613.6538033485413
0.05,label_flipping,72,sr_bin,15,0.6996999999999999,1630.7657551765442
0.05,label_flipping,72,sr_bin,50,0.6970000000000001,1630.7657551765442
0.05,label_flipping,72,sr_bin,150,0.6121000000000001,1630.7657551765442
0.05,label_flipping,72,sr_b025,15,0.7239,1600.7997200489044
0.05,label_flipping,72,sr_b025,50,0.7282,1600.7997200489044
0.05,label_flipping,72,sr_b025,150,0.7568999999999999,1600.7997200489044
0.05,label_flipping,72,cosserver_only,15,0.7983,583.407821893692
0.05,label_flipping,72,cosserver_only,50,0.8439,583.407821893692
0.05,label_flipping,72,cosserver_only,150,0.808,583.407821893692
0.05,label_flipping,72,fltrust,15,0.6295999999999999,349.3212187290192
0.05,label_flipping,72,fltrust,50,0.766,349.3212187290192
0.05,label_flipping,72,fltrust,150,0.8343,349.3212187290192
0.05,label_flipping,72,trimmed_mean,15,0.5957,465.7571475505829
0.05,label_flipping,72,trimmed_mean,50,0.6663,465.7571475505829
0.05,label_flipping,72,trimmed_mean,150,0.6865,465.7571475505829
0.05,label_flipping,72,clustering,15,0.627,487.486079454422
0.05,label_flipping,72,clustering,50,0.6629000000000002,487.486079454422
0.05,label_flipping,72,clustering,150,0.6851,487.486079454422
0.05,label_flipping,72,median,15,0.5624,559.4426259994507
0.05,label_flipping,72,median,50,0.6785,559.4426259994507
0.05,label_flipping,72,median,150,0.717,559.4426259994507
0.05,label_flipping,73,sr_only,15,0.7096,1493.6064836978912
0.05,label_flipping,73,sr_only,50,0.6767000000000001,1493.6064836978912
0.05,label_flipping,73,sr_only,150,0.6862999999999999,1493.6064836978912
0.05,label_flipping,73,sr_bin,15,0.7286999999999999,1617.3223242759705
0.05,label_flipping,73,sr_bin,50,0.7139,1617.3223242759705
0.05,label_flipping,73,sr_bin,150,0.6996,1617.3223242759705
0.05,label_flipping,73,sr_b025,15,0.7304999999999999,1545.770689725876
0.05,label_flipping,73,sr_b025,50,0.7289,1545.770689725876
0.05,label_flipping,73,sr_b025,150,0.7565999999999999,1545.770689725876
0.05,label_flipping,73,cosserver_only,15,0.8009000000000001,511.1308362483978
0.05,label_flipping,73,cosserver_only,50,0.6394,511.1308362483978
0.05,label_flipping,73,cosserver_only,150,0.6625,511.1308362483978
0.05,label_flipping,73,fltrust,15,0.6637000000000001,378.84511709213257
0.05,label_flipping,73,fltrust,50,0.8046000000000001,378.84511709213257
0.05,label_flipping,73,fltrust,150,0.8513999999999999,378.84511709213257
0.05,label_flipping,73,trimmed_mean,15,0.5953999999999999,342.5722553730011
0.05,label_flipping,73,trimmed_mean,50,0.6659,342.5722553730011
0.05,label_flipping,73,trimmed_mean,150,0.6865,342.5722553730011
0.05,label_flipping,73,clustering,15,0.6272,449.5652120113373
0.05,label_flipping,73,clustering,50,0.6627,449.5652120113373
0.05,label_flipping,73,clustering,150,0.6847000000000001,449.5652120113373
0.05,label_flipping,73,median,15,0.5619999999999999,437.3578217029572
0.05,label_flipping,73,median,50,0.6786000000000001,437.3578217029572
0.05,label_flipping,73,median,150,0.7164999999999999,437.3578217029572
0.05,label_flipping,74,sr_only,15,0.7071,1507.7377214431765
0.05,label_flipping,74,sr_only,50,0.7283,1507.7377214431765
0.05,label_flipping,74,sr_only,150,0.6821999999999999,1507.7377214431765
0.05,label_flipping,74,sr_bin,15,0.6988,1594.4691944122314
0.05,label_flipping,74,sr_bin,50,0.6604,1594.4691944122314
0.05,label_flipping,74,sr_bin,150,0.7234999999999999,1594.4691944122314
0.05,label_flipping,74,sr_b025,15,0.7293000000000001,1559.710292816162
0.05,label_flipping,74,sr_b025,50,0.7285,1559.710292816162
0.05,label_flipping,74,sr_b025,150,0.7555,1559.710292816162
0.05,label_flipping,74,cosserver_only,15,0.7705000000000001,379.017813205719
0.05,label_flipping,74,cosserver_only,50,0.858,379.017813205719
0.05,label_flipping,74,cosserver_only,150,0.8836999999999999,379.017813205719
0.05,label_flipping,74,fltrust,15,0.5828,441.7828905582428
0.05,label_flipping,74,fltrust,50,0.7817999999999999,441.7828905582428
0.05,label_flipping,74,fltrust,150,0.8459,441.7828905582428
0.05,label_flipping,74,trimmed_mean,15,0.5961000000000001,495.901385307312
0.05,label_flipping,74,trimmed_mean,50,0.6648,495.901385307312
0.05,label_flipping,74,trimmed_mean,150,0.6862999999999999,495.901385307312
0.05,label_flipping,74,clustering,15,0.6263000000000001,332.85419058799744
0.05,label_flipping,74,clustering,50,0.6633,332.85419058799744
0.05,label_flipping,74,clustering,150,0.6845999999999999,332.85419058799744
0.05,label_flipping,74,median,15,0.5626,426.7002418041229
0.05,label_flipping,74,median,50,0.6784,426.7002418041229
0.05,label_flipping,74,median,150,0.7174999999999999,426.7002418041229
0.05,label_flipping,75,sr_only,15,0.7077,1520.0361082553864
0.05,label_flipping,75,sr_only,50,0.6615,1520.0361082553864
0.05,label_flipping,75,sr_only,150,0.7282,1520.0361082553864
0.05,label_flipping,75,sr_bin,15,0.6996,1606.3674411773682
0.05,label_flipping,75,sr_bin,50,0.6548,1606.3674411773682
0.05,label_flipping,75,sr_bin,150,0.6047,1606.3674411773682
0.05,label_flipping,75,sr_b025,15,0.7254999999999999,1584.7819454669952
0.05,label_flipping,75,sr_b025,50,0.7207,1584.7819454669952
0.05,label_flipping,75,sr_b025,150,0.7571,1584.7819454669952
0.05,label_flipping,75,cosserver_only,15,0.7347,581.4343295097351
0.05,label_flipping,75,cosserver_only,50,0.8514999999999999,581.4343295097351
0.05,label_flipping,75,cosserver_only,150,0.8702,581.4343295097351
0.05,label_flipping,75,fltrust,15,0.6705,376.1563856601715
0.05,label_flipping,75,fltrust,50,0.8033999999999999,376.1563856601715
0.05,label_flipping,75,fltrust,150,0.8493999999999999,376.1563856601715
0.05,label_flipping,75,trimmed_mean,15,0.5953,432.3547041416168
0.05,label_flipping,75,trimmed_mean,50,0.6660999999999999,432.3547041416168
0.05,label_flipping,75,trimmed_mean,150,0.6859,432.3547041416168
0.05,label_flipping,75,clustering,15,0.6267000000000001,421.5309839248657
0.05,label_flipping,75,clustering,50,0.6632,421.5309839248657
0.05,label_flipping,75,clustering,150,0.6844,421.5309839248657
0.05,label_flipping,75,median,15,0.5631,620.881546497345
0.05,label_flipping,75,median,50,0.6785,620.881546497345
0.05,label_flipping,75,median,150,0.7172000000000001,620.881546497345
0.05,label_flipping,76,sr_only,15,0.708,1596.5416450500488
0.05,label_flipping,76,sr_only,50,0.6608999999999999,1596.5416450500488
0.05,label_flipping,76,sr_only,150,0.6822,1596.5416450500488
0.05,label_flipping,76,sr_bin,15,0.6992,1553.0757460594175
0.05,label_flipping,76,sr_bin,50,0.6801000000000001,1553.0757460594175
0.05,label_flipping,76,sr_bin,150,0.6103000000000001,1553.0757460594175
0.05,label_flipping,76,sr_b025,15,0.7301000000000001,1526.6933863162994
0.05,label_flipping,76,sr_b025,50,0.7205999999999999,1526.6933863162994
0.05,label_flipping,76,sr_b025,150,0.7588999999999999,1526.6933863162994
0.05,label_flipping,76,cosserver_only,15,0.794,609.1219735145569
0.05,label_flipping,76,cosserver_only,50,0.8667,609.1219735145569
0.05,label_flipping,76,cosserver_only,150,0.8021,609.1219735145569
0.05,label_flipping,76,fltrust,15,0.6427,902.7828543186188
0.05,label_flipping,76,fltrust,50,0.7834000000000001,902.7828543186188
0.05,label_flipping,76,fltrust,150,0.8423,902.7828543186188
0.05,label_flipping,76,trimmed_mean,15,0.5957999999999999,625.280341386795
0.05,label_flipping,76,trimmed_mean,50,0.666,625.280341386795
0.05,label_flipping,76,trimmed_mean,150,0.6858,625.280341386795
0.05,label_flipping,76,clustering,15,0.6266,633.4743230342865
0.05,label_flipping,76,clustering,50,0.6634,633.4743230342865
0.05,label_flipping,76,clustering,150,0.6844,633.4743230342865
0.05,label_flipping,76,median,15,0.5625,735.3369672298431
0.05,label_flipping,76,median,50,0.6792,735.3369672298431
0.05,label_flipping,76,median,150,0.716,735.3369672298431
0.05,label_flipping,77,sr_only,15,0.7149,1486.313550710678
0.05,label_flipping,77,sr_only,50,0.6605000000000001,1486.313550710678
0.05,label_flipping,77,sr_only,150,0.6837000000000001,1486.313550710678
0.05,label_flipping,77,sr_bin,15,0.6992,1506.6824481487274
0.05,label_flipping,77,sr_bin,50,0.6797000000000001,1506.6824481487274
0.05,label_flipping,77,sr_bin,150,0.6167,1506.6824481487274
0.05,label_flipping,77,sr_b025,15,0.7307,1522.3576130867004
0.05,label_flipping,77,sr_b025,50,0.7307,1522.3576130867004
0.05,label_flipping,77,sr_b025,150,0.7512000000000001,1522.3576130867004
0.05,label_flipping,77,cosserver_only,15,0.8354999999999999,331.4617328643799
0.05,label_flipping,77,cosserver_only,50,0.6237,331.4617328643799
0.05,label_flipping,77,cosserver_only,150,0.8759,331.4617328643799
0.05,label_flipping,77,fltrust,15,0.7056,411.2002046108246
0.05,label_flipping,77,fltrust,50,0.8058000000000002,411.2002046108246
0.05,label_flipping,77,fltrust,150,0.857,411.2002046108246
0.05,label_flipping,77,trimmed_mean,15,0.5953999999999999,439.2509617805481
0.05,label_flipping,77,trimmed_mean,50,0.6667000000000001,439.2509617805481
0.05,label_flipping,77,trimmed_mean,150,0.6866999999999999,439.2509617805481
0.05,label_flipping,77,clustering,15,0.6271,552.6799700260162
0.05,label_flipping,77,clustering,50,0.6633000000000001,552.6799700260162
0.05,label_flipping,77,clustering,150,0.6849999999999999,552.6799700260162
0.05,label_flipping,77,median,15,0.5623,241.78970074653623
0.05,label_flipping,77,median,50,0.6797000000000001,241.78970074653623
0.05,label_flipping,77,median,150,0.718,241.78970074653623
0.05,label_flipping,78,sr_only,15,0.727,1496.8819088935852
0.05,label_flipping,78,sr_only,50,0.6867,1496.8819088935852
0.05,label_flipping,78,sr_only,150,0.7283999999999999,1496.8819088935852
0.05,label_flipping,78,sr_bin,15,0.7023999999999999,1536.1941168308258
0.05,label_flipping,78,sr_bin,50,0.6434,1536.1941168308258
0.05,label_flipping,78,sr_bin,150,0.6108,1536.1941168308258
0.05,label_flipping,78,sr_b025,15,0.7295999999999999,1564.4826445579529
0.05,label_flipping,78,sr_b025,50,0.7283999999999999,1564.4826445579529
0.05,label_flipping,78,sr_b025,150,0.7569,1564.4826445579529
0.05,label_flipping,78,cosserver_only,15,0.8074999999999999,505.63369512557983
0.05,label_flipping,78,cosserver_only,50,0.8356999999999999,505.63369512557983
0.05,label_flipping,78,cosserver_only,150,0.8619999999999999,505.63369512557983
0.05,label_flipping,78,fltrust,15,0.6368,431.8292052745819
0.05,label_flipping,78,fltrust,50,0.8028000000000001,431.8292052745819
0.05,label_flipping,78,fltrust,150,0.8562000000000001,431.8292052745819
0.05,label_flipping,78,trimmed_mean,15,0.5955,357.8816304206848
0.05,label_flipping,78,trimmed_mean,50,0.6661,357.8816304206848
0.05,label_flipping,78,trimmed_mean,150,0.6859,357.8816304206848
0.05,label_flipping,78,clustering,15,0.6264000000000001,296.8171329498291
0.05,label_flipping,78,clustering,50,0.663,296.8171329498291
0.05,label_flipping,78,clustering,150,0.6847,296.8171329498291
0.05,label_flipping,78,median,15,0.5626,441.4775788784027
0.05,label_flipping,78,median,50,0.679,441.4775788784027
0.05,label_flipping,78,median,150,0.7172,441.4775788784027
0.05,label_flipping,79,sr_only,15,0.7164999999999999,1499.4833221435547
0.05,label_flipping,79,sr_only,50,0.6604000000000001,1499.4833221435547
0.05,label_flipping,79,sr_only,150,0.723,1499.4833221435547
0.05,label_flipping,79,sr_bin,15,0.6993,1515.8211643695831
0.05,label_flipping,79,sr_bin,50,0.6432999999999999,1515.8211643695831
0.05,label_flipping,79,sr_bin,150,0.6087,1515.8211643695831
0.05,label_flipping,79,sr_b025,15,0.7308999999999999,1516.3881826400757
0.05,label_flipping,79,sr_b025,50,0.7184999999999999,1516.3881826400757
0.05,label_flipping,79,sr_b025,150,0.7577,1516.3881826400757
0.05,label_flipping,79,cosserver_only,15,0.8366,390.8586428165436
0.05,label_flipping,79,cosserver_only,50,0.8404,390.8586428165436
0.05,label_flipping,79,cosserver_only,150,0.873,390.8586428165436
0.05,label_flipping,79,fltrust,15,0.6249,587.0727055072784
0.05,label_flipping,79,fltrust,50,0.8144,587.0727055072784
0.05,label_flipping,79,fltrust,150,0.8578999999999999,587.0727055072784
0.05,label_flipping,79,trimmed_mean,15,0.5952,809.859808921814
0.05,label_flipping,79,trimmed_mean,50,0.6658999999999999,809.859808921814
0.05,label_flipping,79,trimmed_mean,150,0.6859,809.859808921814
0.05,label_flipping,79,clustering,15,0.6256999999999999,395.6898024082184
0.05,label_flipping,79,clustering,50,0.663,395.6898024082184
0.05,label_flipping,79,clustering,150,0.6853,395.6898024082184
0.05,label_flipping,79,median,15,0.5622,369.1451256275177
0.05,label_flipping,79,median,50,0.6785000000000001,369.1451256275177
0.05,label_flipping,79,median,150,0.7167,369.1451256275177
0.05,label_flipping,80,sr_only,15,0.7087000000000001,1377.4377810955048
0.05,label_flipping,80,sr_only,50,0.659,1377.4377810955048
0.05,label_flipping,80,sr_only,150,0.6664000000000001,1377.4377810955048
0.05,label_flipping,80,sr_bin,15,0.7003,1426.4961822032928
0.05,label_flipping,80,sr_bin,50,0.6531,1426.4961822032928
0.05,label_flipping,80,sr_bin,150,0.6103,1426.4961822032928
0.05,label_flipping,80,sr_b025,15,0.7304999999999999,1677.9733564853668
0.05,label_flipping,80,sr_b025,50,0.7304999999999999,1677.9733564853668
0.05,label_flipping,80,sr_b025,150,0.7556,1677.9733564853668
0.05,label_flipping,80,cosserver_only,15,0.8295,468.47511172294617
0.05,label_flipping,80,cosserver_only,50,0.859,468.47511172294617
0.05,label_flipping,80,cosserver_only,150,0.731,468.47511172294617
0.05,label_flipping,80,fltrust,15,0.6662,499.8398678302765
0.05,label_flipping,80,fltrust,50,0.8103,499.8398678302765
0.05,label_flipping,80,fltrust,150,0.8558,499.8398678302765
0.05,label_flipping,80,trimmed_mean,15,0.5953999999999999,355.3478398323059
0.05,label_flipping,80,trimmed_mean,50,0.6662000000000001,355.3478398323059
0.05,label_flipping,80,trimmed_mean,150,0.6860999999999999,355.3478398323059
0.05,label_flipping,80,clustering,15,0.6266,409.9802830219269
0.05,label_flipping,80,clustering,50,0.6635000000000001,409.9802830219269
0.05,label_flipping,80,clustering,150,0.6857,409.9802830219269
0.05,label_flipping,80,median,15,0.5623,412.6821899414063
0.05,label_flipping,80,median,50,0.6785999999999999,412.6821899414063
0.05,label_flipping,80,median,150,0.7162,412.6821899414063
0.05,label_flipping,81,sr_only,15,0.7081,1736.563044548035
0.05,label_flipping,81,sr_only,50,0.6615000000000001,1736.563044548035
0.05,label_flipping,81,sr_only,150,0.6663,1736.563044548035
0.05,label_flipping,81,sr_bin,15,0.6984,1741.878895521164
0.05,label_flipping,81,sr_bin,50,0.6874,1741.878895521164
0.05,label_flipping,81,sr_bin,150,0.6041000000000001,1741.878895521164
0.05,label_flipping,81,sr_b025,15,0.7297999999999999,1413.3954901695251
0.05,label_flipping,81,sr_b025,50,0.7298,1413.3954901695251
0.05,label_flipping,81,sr_b025,150,0.7595,1413.3954901695251
0.05,label_flipping,81,cosserver_only,15,0.8362,220.9993407726288
0.05,label_flipping,81,cosserver_only,50,0.8297000000000001,220.9993407726288
0.05,label_flipping,81,cosserver_only,150,0.8507999999999999,220.9993407726288
0.05,label_flipping,81,fltrust,15,0.683,174.8308563232422
0.05,label_flipping,81,fltrust,50,0.8297000000000001,174.8308563232422
0.05,label_flipping,81,fltrust,150,0.8632,174.8308563232422
0.05,label_flipping,81,trimmed_mean,15,0.5953999999999999,166.37485694885254
0.05,label_flipping,81,trimmed_mean,50,0.666,166.37485694885254
0.05,label_flipping,81,trimmed_mean,150,0.6864,166.37485694885254
0.05,label_flipping,81,clustering,15,0.6260000000000001,231.1293923854828
0.05,label_flipping,81,clustering,50,0.6629000000000002,231.1293923854828
0.05,label_flipping,81,clustering,150,0.6839000000000001,231.1293923854828
0.05,label_flipping,81,median,15,0.5629,163.5303955078125
0.05,label_flipping,81,median,50,0.6794,163.5303955078125
0.05,label_flipping,81,median,150,0.7167,163.5303955078125
0.1,label_flipping,72,sr_only,15,0.7747,1510.2903578281405
0.1,label_flipping,72,sr_only,50,0.7125999999999999,1510.2903578281405
0.1,label_flipping,72,sr_only,150,0.8024000000000001,1510.2903578281405
0.1,label_flipping,72,sr_bin,15,0.5715,1628.477968454361
0.1,label_flipping,72,sr_bin,50,0.7575000000000001,1628.477968454361
0.1,label_flipping,72,sr_bin,150,0.7892,1628.477968454361
0.1,label_flipping,72,sr_b025,15,0.6456000000000001,1639.258491754532
0.1,label_flipping,72,sr_b025,50,0.6786000000000001,1639.258491754532
0.1,label_flipping,72,sr_b025,150,0.7745,1639.258491754532
0.1,label_flipping,72,cosserver_only,15,0.8459999999999999,603.2531569004059
0.1,label_flipping,72,cosserver_only,50,0.8151999999999999,603.2531569004059
0.1,label_flipping,72,cosserver_only,150,0.8709,603.2531569004059
0.1,label_flipping,72,fltrust,15,0.6163999999999998,426.1967298984528
0.1,label_flipping,72,fltrust,50,0.8327,426.1967298984528
0.1,label_flipping,72,fltrust,150,0.8808999999999999,426.1967298984528
0.1,label_flipping,72,trimmed_mean,15,0.5937,492.8885314464569
0.1,label_flipping,72,trimmed_mean,50,0.7224,492.8885314464569
0.1,label_flipping,72,trimmed_mean,150,0.746,492.8885314464569
0.1,label_flipping,72,clustering,15,0.5716999999999999,403.4982671737671
0.1,label_flipping,72,clustering,50,0.6220000000000001,403.4982671737671
0.1,label_flipping,72,clustering,150,0.8905,403.4982671737671
0.1,label_flipping,72,median,15,0.5284000000000001,502.0054833889008
0.1,label_flipping,72,median,50,0.6827,502.0054833889008
0.1,label_flipping,72,median,150,0.7114,502.0054833889008
0.1,label_flipping,73,sr_only,15,0.6134999999999999,1606.8359818458557
0.1,label_flipping,73,sr_only,50,0.7354,1606.8359818458557
0.1,label_flipping,73,sr_only,150,0.7962,1606.8359818458557
0.1,label_flipping,73,sr_bin,15,0.5699,1666.0614686012268
0.1,label_flipping,73,sr_bin,50,0.6869,1666.0614686012268
0.1,label_flipping,73,sr_bin,150,0.6184000000000001,1666.0614686012268
0.1,label_flipping,73,sr_b025,15,0.6469,1511.6785197257996
0.1,label_flipping,73,sr_b025,50,0.6803,1511.6785197257996
0.1,label_flipping,73,sr_b025,150,0.7598,1511.6785197257996
0.1,label_flipping,73,cosserver_only,15,0.8523,429.4794368743897
0.1,label_flipping,73,cosserver_only,50,0.8644000000000002,429.4794368743897
0.1,label_flipping,73,cosserver_only,150,0.8851000000000001,429.4794368743897
0.1,label_flipping,73,fltrust,15,0.6293,540.7509908676147
0.1,label_flipping,73,fltrust,50,0.8475999999999999,540.7509908676147
0.1,label_flipping,73,fltrust,150,0.8821999999999999,540.7509908676147
0.1,label_flipping,73,trimmed_mean,15,0.5928,410.9750258922577
0.1,label_flipping,73,trimmed_mean,50,0.7227,410.9750258922577
0.1,label_flipping,73,trimmed_mean,150,0.7452,410.9750258922577
0.1,label_flipping,73,clustering,15,0.5713999999999999,374.7185251712799
0.1,label_flipping,73,clustering,50,0.6224000000000001,374.7185251712799
0.1,label_flipping,73,clustering,150,0.8914,374.7185251712799
0.1,label_flipping,73,median,15,0.5287000000000001,358.59731912612915
0.1,label_flipping,73,median,50,0.6827000000000001,358.59731912612915
0.1,label_flipping,73,median,150,0.7103,358.59731912612915
0.1,label_flipping,74,sr_only,15,0.6103000000000001,1532.686276435852
0.1,label_flipping,74,sr_only,50,0.7339,1532.686276435852
0.1,label_flipping,74,sr_only,150,0.7269,1532.686276435852
0.1,label_flipping,74,sr_bin,15,0.5820000000000001,1632.514957666397
0.1,label_flipping,74,sr_bin,50,0.5689,1632.514957666397
0.1,label_flipping,74,sr_bin,150,0.6803,1632.514957666397
0.1,label_flipping,74,sr_b025,15,0.6458999999999999,1559.022747039795
0.1,label_flipping,74,sr_b025,50,0.6826000000000001,1559.022747039795
0.1,label_flipping,74,sr_b025,150,0.7577,1559.022747039795
0.1,label_flipping,74,cosserver_only,15,0.8554999999999999,701.1530015468597
0.1,label_flipping,74,cosserver_only,50,0.8646,701.1530015468597
0.1,label_flipping,74,cosserver_only,150,0.8895000000000002,701.1530015468597
0.1,label_flipping,74,fltrust,15,0.5792999999999999,384.4333674907684
0.1,label_flipping,74,fltrust,50,0.7939,384.4333674907684
0.1,label_flipping,74,fltrust,150,0.8644999999999999,384.4333674907684
0.1,label_flipping,74,trimmed_mean,15,0.5922999999999999,510.50310158729553
0.1,label_flipping,74,trimmed_mean,50,0.7222999999999999,510.50310158729553
0.1,label_flipping,74,trimmed_mean,150,0.7459,510.50310158729553
0.1,label_flipping,74,clustering,15,0.5723,396.9018054008484
0.1,label_flipping,74,clustering,50,0.6215999999999999,396.9018054008484
0.1,label_flipping,74,clustering,150,0.8911,396.9018054008484
0.1,label_flipping,74,median,15,0.5262,614.0745763778687
0.1,label_flipping,74,median,50,0.681,614.0745763778687
0.1,label_flipping,74,median,150,0.7101,614.0745763778687
0.1,label_flipping,75,sr_only,15,0.6113,1552.033472776413
0.1,label_flipping,75,sr_only,50,0.7292,1552.033472776413
0.1,label_flipping,75,sr_only,150,0.7949,1552.033472776413
0.1,label_flipping,75,sr_bin,15,0.6402,1568.9707889556885
0.1,label_flipping,75,sr_bin,50,0.6998,1568.9707889556885
0.1,label_flipping,75,sr_bin,150,0.7312000000000001,1568.9707889556885
0.1,label_flipping,75,sr_b025,15,0.6486999999999999,1551.574011802673
0.1,label_flipping,75,sr_b025,50,0.6801999999999999,1551.574011802673
0.1,label_flipping,75,sr_b025,150,0.7687000000000002,1551.574011802673
0.1,label_flipping,75,cosserver_only,15,0.7374999999999999,489.9472069740296
0.1,label_flipping,75,cosserver_only,50,0.8739000000000001,489.9472069740296
0.1,label_flipping,75,cosserver_only,150,0.8977,489.9472069740296
0.1,label_flipping,75,fltrust,15,0.5893999999999999,405.7086179256439
0.1,label_flipping,75,fltrust,50,0.8311,405.7086179256439
0.1,label_flipping,75,fltrust,150,0.8803000000000001,405.7086179256439
0.1,label_flipping,75,trimmed_mean,15,0.5918,399.49840545654297
0.1,label_flipping,75,trimmed_mean,50,0.7227,399.49840545654297
0.1,label_flipping,75,trimmed_mean,150,0.746,399.49840545654297
0.1,label_flipping,75,clustering,15,0.5718,411.29537630081177
0.1,label_flipping,75,clustering,50,0.6220999999999999,411.29537630081177
0.1,label_flipping,75,clustering,150,0.8909,411.29537630081177
0.1,label_flipping,75,median,15,0.5263,629.7660777568817
0.1,label_flipping,75,median,50,0.6819999999999999,629.7660777568817
0.1,label_flipping,75,median,150,0.7108,629.7660777568817
0.1,label_flipping,76,sr_only,15,0.6283,1523.3455803394318
0.1,label_flipping,76,sr_only,50,0.6689,1523.3455803394318
0.1,label_flipping,76,sr_only,150,0.8009999999999999,1523.3455803394318
0.1,label_flipping,76,sr_bin,15,0.568,1553.4795303344729
0.1,label_flipping,76,sr_bin,50,0.6415000000000001,1553.4795303344729
0.1,label_flipping,76,sr_bin,150,0.7019,1553.4795303344729
0.1,label_flipping,76,sr_b025,15,0.6476,1566.8182146549225
0.1,label_flipping,76,sr_b025,50,0.6794,1566.8182146549225
0.1,label_flipping,76,sr_b025,150,0.7712,1566.8182146549225
0.1,label_flipping,76,cosserver_only,15,0.8498999999999999,418.9844791889191
0.1,label_flipping,76,cosserver_only,50,0.8171999999999999,418.9844791889191
0.1,label_flipping,76,cosserver_only,150,0.8905,418.9844791889191
0.1,label_flipping,76,fltrust,15,0.6214999999999999,609.5846774578094
0.1,label_flipping,76,fltrust,50,0.8285,609.5846774578094
0.1,label_flipping,76,fltrust,150,0.8732,609.5846774578094
0.1,label_flipping,76,trimmed_mean,15,0.5931000000000001,556.813756942749
0.1,label_flipping,76,trimmed_mean,50,0.7235999999999999,556.813756942749
0.1,label_flipping,76,trimmed_mean,150,0.7458,556.813756942749
0.1,label_flipping,76,clustering,15,0.571,296.58607840538025
0.1,label_flipping,76,clustering,50,0.6222,296.58607840538025
0.1,label_flipping,76,clustering,150,0.8906000000000001,296.58607840538025
0.1,label_flipping,76,median,15,0.5274000000000001,389.4278964996338
0.1,label_flipping,76,median,50,0.6837000000000001,389.4278964996338
0.1,label_flipping,76,median,150,0.7106,389.4278964996338
0.1,label_flipping,77,sr_only,15,0.6475000000000001,1521.5687699317932
0.1,label_flipping,77,sr_only,50,0.7083,1521.5687699317932
0.1,label_flipping,77,sr_only,150,0.7926,1521.5687699317932
0.1,label_flipping,77,sr_bin,15,0.6146,1497.0463774204254
0.1,label_flipping,77,sr_bin,50,0.7379,1497.0463774204254
0.1,label_flipping,77,sr_bin,150,0.6878,1497.0463774204254
0.1,label_flipping,77,sr_b025,15,0.6464999999999999,1487.5079762935638
0.1,label_flipping,77,sr_b025,50,0.68,1487.5079762935638
0.1,label_flipping,77,sr_b025,150,0.7569999999999999,1487.5079762935638
0.1,label_flipping,77,cosserver_only,15,0.8466999999999999,622.8473289012909
0.1,label_flipping,77,cosserver_only,50,0.8646,622.8473289012909
0.1,label_flipping,77,cosserver_only,150,0.8818999999999999,622.8473289012909
0.1,label_flipping,77,fltrust,15,0.6161,824.1562595367432
0.1,label_flipping,77,fltrust,50,0.7512000000000001,824.1562595367432
0.1,label_flipping,77,fltrust,150,0.8647,824.1562595367432
0.1,label_flipping,77,trimmed_mean,15,0.5927,821.9685835838318
0.1,label_flipping,77,trimmed_mean,50,0.7241,821.9685835838318
0.1,label_flipping,77,trimmed_mean,150,0.7461,821.9685835838318
0.1,label_flipping,77,clustering,15,0.5720999999999999,759.9100956916809
0.1,label_flipping,77,clustering,50,0.6228,759.9100956916809
0.1,label_flipping,77,clustering,150,0.8916000000000001,759.9100956916809
0.1,label_flipping,77,median,15,0.5276000000000002,589.3392617702484
0.1,label_flipping,77,median,50,0.6839999999999999,589.3392617702484
0.1,label_flipping,77,median,150,0.7112,589.3392617702484
0.1,label_flipping,78,sr_only,15,0.6073999999999999,1517.226036787033
0.1,label_flipping,78,sr_only,50,0.7276,1517.226036787033
0.1,label_flipping,78,sr_only,150,0.796,1517.226036787033
0.1,label_flipping,78,sr_bin,15,0.5857,1542.4580478668213
0.1,label_flipping,78,sr_bin,50,0.6528000000000002,1542.4580478668213
0.1,label_flipping,78,sr_bin,150,0.6043,1542.4580478668213
0.1,label_flipping,78,sr_b025,15,0.647,1538.8899331092834
0.1,label_flipping,78,sr_b025,50,0.6792,1538.8899331092834
0.1,label_flipping,78,sr_b025,150,0.7565,1538.8899331092834
0.1,label_flipping,78,cosserver_only,15,0.827,362.66255140304565
0.1,label_flipping,78,cosserver_only,50,0.8603,362.66255140304565
0.1,label_flipping,78,cosserver_only,150,0.8955,362.66255140304565
0.1,label_flipping,78,fltrust,15,0.5833,287.8656644821167
0.1,label_flipping,78,fltrust,50,0.8162999999999998,287.8656644821167
0.1,label_flipping,78,fltrust,150,0.8724000000000001,287.8656644821167
0.1,label_flipping,78,trimmed_mean,15,0.5912999999999999,505.488139629364
0.1,label_flipping,78,trimmed_mean,50,0.7239000000000001,505.488139629364
0.1,label_flipping,78,trimmed_mean,150,0.7453000000000001,505.488139629364
0.1,label_flipping,78,clustering,15,0.571,495.3541612625122
0.1,label_flipping,78,clustering,50,0.6229,495.3541612625122
0.1,label_flipping,78,clustering,150,0.8911,495.3541612625122
0.1,label_flipping,78,median,15,0.5266,349.178034067154
0.1,label_flipping,78,median,50,0.6831,349.178034067154
0.1,label_flipping,78,median,150,0.7104,349.178034067154
0.1,label_flipping,79,sr_only,15,0.7071999999999999,1475.207132101059
0.1,label_flipping,79,sr_only,50,0.6925,1475.207132101059
0.1,label_flipping,79,sr_only,150,0.7938,1475.207132101059
0.1,label_flipping,79,sr_bin,15,0.5168000000000001,1514.187336683273
0.1,label_flipping,79,sr_bin,50,0.6239000000000001,1514.187336683273
0.1,label_flipping,79,sr_bin,150,0.7459999999999999,1514.187336683273
0.1,label_flipping,79,sr_b025,15,0.6504,1536.3398287296295
0.1,label_flipping,79,sr_b025,50,0.6803,1536.3398287296295
0.1,label_flipping,79,sr_b025,150,0.7737,1536.3398287296295
0.1,label_flipping,79,cosserver_only,15,0.8495999999999999,351.1380202770233
0.1,label_flipping,79,cosserver_only,50,0.8359,351.1380202770233
0.1,label_flipping,79,cosserver_only,150,0.8698,351.1380202770233
0.1,label_flipping,79,fltrust,15,0.5671999999999999,469.8255352973938
0.1,label_flipping,79,fltrust,50,0.8161999999999999,469.8255352973938
0.1,label_flipping,79,fltrust,150,0.8770000000000001,469.8255352973938
0.1,label_flipping,79,trimmed_mean,15,0.5929,324.99775671958923
0.1,label_flipping,79,trimmed_mean,50,0.7228,324.99775671958923
0.1,label_flipping,79,trimmed_mean,150,0.7459,324.99775671958923
0.1,label_flipping,79,clustering,15,0.5711,502.5606772899628
0.1,label_flipping,79,clustering,50,0.6222,502.5606772899628
0.1,label_flipping,79,clustering,150,0.8926000000000001,502.5606772899628
0.1,label_flipping,79,median,15,0.5278,392.58754301071167
0.1,label_flipping,79,median,50,0.6830999999999999,392.58754301071167
0.1,label_flipping,79,median,150,0.7106999999999999,392.58754301071167
0.1,label_flipping,80,sr_only,15,0.7536000000000002,1240.5513837337494
0.1,label_flipping,80,sr_only,50,0.7065,1240.5513837337494
0.1,label_flipping,80,sr_only,150,0.8071999999999999,1240.5513837337494
0.1,label_flipping,80,sr_bin,15,0.5162,1407.650154352188
0.1,label_flipping,80,sr_bin,50,0.6704,1407.650154352188
0.1,label_flipping,80,sr_bin,150,0.7944000000000001,1407.650154352188
0.1,label_flipping,80,sr_b025,15,0.6495,1429.8495683670044
0.1,label_flipping,80,sr_b025,50,0.6817,1429.8495683670044
0.1,label_flipping,80,sr_b025,150,0.759,1429.8495683670044
0.1,label_flipping,80,cosserver_only,15,0.8474999999999999,330.7671551704407
0.1,label_flipping,80,cosserver_only,50,0.8648,330.7671551704407
0.1,label_flipping,80,cosserver_only,150,0.8911,330.7671551704407
0.1,label_flipping,80,fltrust,15,0.6238,554.3592839241028
0.1,label_flipping,80,fltrust,50,0.8324,554.3592839241028
0.1,label_flipping,80,fltrust,150,0.8803000000000001,554.3592839241028
0.1,label_flipping,80,trimmed_mean,15,0.5922,714.9452629089355
0.1,label_flipping,80,trimmed_mean,50,0.7223,714.9452629089355
0.1,label_flipping,80,trimmed_mean,150,0.7460000000000001,714.9452629089355
0.1,label_flipping,80,clustering,15,0.5713,641.9477126598358
0.1,label_flipping,80,clustering,50,0.6216999999999999,641.9477126598358
0.1,label_flipping,80,clustering,150,0.8910000000000002,641.9477126598358
0.1,label_flipping,80,median,15,0.5259,485.9486186504364
0.1,label_flipping,80,median,50,0.682,485.9486186504364
0.1,label_flipping,80,median,150,0.7110999999999998,485.9486186504364
0.1,label_flipping,81,sr_only,15,0.6274,1675.072764158249
0.1,label_flipping,81,sr_only,50,0.7336999999999999,1675.072764158249
0.1,label_flipping,81,sr_only,150,0.7987000000000001,1675.072764158249
0.1,label_flipping,81,sr_bin,15,0.5940999999999999,1696.4923050403595
0.1,label_flipping,81,sr_bin,50,0.6042,1696.4923050403595
0.1,label_flipping,81,sr_bin,150,0.6008,1696.4923050403595
0.1,label_flipping,81,sr_b025,15,0.6478,1657.459133386612
0.1,label_flipping,81,sr_b025,50,0.6795000000000001,1657.459133386612
0.1,label_flipping,81,sr_b025,150,0.7572,1657.459133386612
0.1,label_flipping,81,cosserver_only,15,0.7308999999999999,455.1587448120117
0.1,label_flipping,81,cosserver_only,50,0.8874000000000001,455.1587448120117
0.1,label_flipping,81,cosserver_only,150,0.8792,455.1587448120117
0.1,label_flipping,81,fltrust,15,0.6158,495.37806725502014
0.1,label_flipping,81,fltrust,50,0.7837,495.37806725502014
0.1,label_flipping,81,fltrust,150,0.8553000000000001,495.37806725502014
0.1,label_flipping,81,trimmed_mean,15,0.5931,465.6515753269196
0.1,label_flipping,81,trimmed_mean,50,0.724,465.6515753269196
0.1,label_flipping,81,trimmed_mean,150,0.7464,465.6515753269196
0.1,label_flipping,81,clustering,15,0.5715999999999999,432.716757774353
0.1,label_flipping,81,clustering,50,0.6222999999999999,432.716757774353
0.1,label_flipping,81,clustering,150,0.8911000000000001,432.716757774353
0.1,label_flipping,81,median,15,0.5269999999999999,506.05569314956665
0.1,label_flipping,81,median,50,0.6838000000000001,506.05569314956665
0.1,label_flipping,81,median,150,0.7108000000000001,506.05569314956665
0.5,label_flipping,72,sr_only,15,0.7857000000000001,1637.677330493927
0.5,label_flipping,72,sr_only,50,0.7708,1637.677330493927
0.5,label_flipping,72,sr_only,150,0.8219,1637.677330493927
0.5,label_flipping,72,sr_bin,15,0.8606,1622.1899857521057
0.5,label_flipping,72,sr_bin,50,0.8244,1622.1899857521057
0.5,label_flipping,72,sr_bin,150,0.7222,1622.1899857521057
0.5,label_flipping,72,sr_b025,15,0.8537000000000001,1602.805802345276
0.5,label_flipping,72,sr_b025,50,0.853,1602.805802345276
0.5,label_flipping,72,sr_b025,150,0.7658,1602.805802345276
0.5,label_flipping,72,cosserver_only,15,0.8878,509.5681986808777
0.5,label_flipping,72,cosserver_only,50,0.9084,509.5681986808777
0.5,label_flipping,72,cosserver_only,150,0.9114,509.5681986808777
0.5,label_flipping,72,fltrust,15,0.7929000000000002,368.382374048233
0.5,label_flipping,72,fltrust,50,0.8818000000000001,368.382374048233
0.5,label_flipping,72,fltrust,150,0.9024,368.382374048233
0.5,label_flipping,72,trimmed_mean,15,0.8865999999999999,367.7764844894409
0.5,label_flipping,72,trimmed_mean,50,0.8991,367.7764844894409
0.5,label_flipping,72,trimmed_mean,150,0.9001000000000001,367.7764844894409
0.5,label_flipping,72,clustering,15,0.8944999999999999,425.2614576816559
0.5,label_flipping,72,clustering,50,0.898,425.2614576816559
0.5,label_flipping,72,clustering,150,0.9018,425.2614576816559
0.5,label_flipping,72,median,15,0.8766,434.8667857646942
0.5,label_flipping,72,median,50,0.8875,434.8667857646942
0.5,label_flipping,72,median,150,0.8837999999999999,434.8667857646942
0.5,label_flipping,73,sr_only,15,0.7864000000000001,1506.3622605800629
0.5,label_flipping,73,sr_only,50,0.8621000000000001,1506.3622605800629
0.5,label_flipping,73,sr_only,150,0.7388000000000001,1506.3622605800629
0.5,label_flipping,73,sr_bin,15,0.8629999999999999,1647.4315493106842
0.5,label_flipping,73,sr_bin,50,0.796,1647.4315493106842
0.5,label_flipping,73,sr_bin,150,0.6969,1647.4315493106842
0.5,label_flipping,73,sr_b025,15,0.8667,1598.242795944214
0.5,label_flipping,73,sr_b025,50,0.8513,1598.242795944214
0.5,label_flipping,73,sr_b025,150,0.7785,1598.242795944214
0.5,label_flipping,73,cosserver_only,15,0.8846,525.0401861667633
0.5,label_flipping,73,cosserver_only,50,0.9067,525.0401861667633
0.5,label_flipping,73,cosserver_only,150,0.9027,525.0401861667633
0.5,label_flipping,73,fltrust,15,0.7983,365.51377153396606
0.5,label_flipping,73,fltrust,50,0.8823000000000001,365.51377153396606
0.5,label_flipping,73,fltrust,150,0.9031,365.51377153396606
0.5,label_flipping,73,trimmed_mean,15,0.8862,336.1901915073395
0.5,label_flipping,73,trimmed_mean,50,0.899,336.1901915073395
0.5,label_flipping,73,trimmed_mean,150,0.8999,336.1901915073395
0.5,label_flipping,73,clustering,15,0.8939999999999999,446.47759103775024
0.5,label_flipping,73,clustering,50,0.8977999999999999,446.47759103775024
0.5,label_flipping,73,clustering,150,0.9013,446.47759103775024
0.5,label_flipping,73,median,15,0.8766,405.6659460067749
0.5,label_flipping,73,median,50,0.8873,405.6659460067749
0.5,label_flipping,73,median,150,0.8831999999999999,405.6659460067749
0.5,label_flipping,74,sr_only,15,0.6621000000000001,1575.9026157855988
0.5,label_flipping,74,sr_only,50,0.8173,1575.9026157855988
0.5,label_flipping,74,sr_only,150,0.7631,1575.9026157855988
0.5,label_flipping,74,sr_bin,15,0.8628,1597.5651366710665
0.5,label_flipping,74,sr_bin,50,0.7577999999999999,1597.5651366710665
0.5,label_flipping,74,sr_bin,150,0.8246,1597.5651366710665
0.5,label_flipping,74,sr_b025,15,0.8654,1552.7221460342407
0.5,label_flipping,74,sr_b025,50,0.8545,1552.7221460342407
0.5,label_flipping,74,sr_b025,150,0.8022,1552.7221460342407
0.5,label_flipping,74,cosserver_only,15,0.8887,548.1486546993256
0.5,label_flipping,74,cosserver_only,50,0.9073,548.1486546993256
0.5,label_flipping,74,cosserver_only,150,0.9083,548.1486546993256
0.5,label_flipping,74,fltrust,15,0.8019000000000001,407.8215284347534
0.5,label_flipping,74,fltrust,50,0.8775999999999999,407.8215284347534
0.5,label_flipping,74,fltrust,150,0.8991,407.8215284347534
0.5,label_flipping,74,trimmed_mean,15,0.8860000000000001,477.7743511199951
0.5,label_flipping,74,trimmed_mean,50,0.8988999999999999,477.7743511199951
0.5,label_flipping,74,trimmed_mean,150,0.9007000000000002,477.7743511199951
0.5,label_flipping,74,clustering,15,0.8936,408.3019022941589
0.5,label_flipping,74,clustering,50,0.8976000000000001,408.3019022941589
0.5,label_flipping,74,clustering,150,0.9029,408.3019022941589
0.5,label_flipping,74,median,15,0.8765000000000001,436.3678076267242
0.5,label_flipping,74,median,50,0.8871,436.3678076267242
0.5,label_flipping,74,median,150,0.8836999999999999,436.3678076267242
0.5,label_flipping,75,sr_only,15,0.7434999999999999,1530.874024629593
0.5,label_flipping,75,sr_only,50,0.8261,1530.874024629593
0.5,label_flipping,75,sr_only,150,0.7059,1530.874024629593
0.5,label_flipping,75,sr_bin,15,0.8601000000000001,1589.149600982666
0.5,label_flipping,75,sr_bin,50,0.7958000000000001,1589.149600982666
0.5,label_flipping,75,sr_bin,150,0.6649,1589.149600982666
0.5,label_flipping,75,sr_b025,15,0.8488,1527.7154293060305
0.5,label_flipping,75,sr_b025,50,0.8568,1527.7154293060305
0.5,label_flipping,75,sr_b025,150,0.7925000000000001,1527.7154293060305
0.5,label_flipping,75,cosserver_only,15,0.8869999999999999,552.4213769435883
0.5,label_flipping,75,cosserver_only,50,0.9015,552.4213769435883
0.5,label_flipping,75,cosserver_only,150,0.9031,552.4213769435883
0.5,label_flipping,75,fltrust,15,0.8165999999999999,499.7453911304474
0.5,label_flipping,75,fltrust,50,0.8808999999999999,499.7453911304474
0.5,label_flipping,75,fltrust,150,0.9005000000000001,499.7453911304474
0.5,label_flipping,75,trimmed_mean,15,0.8864000000000001,386.7259964942932
0.5,label_flipping,75,trimmed_mean,50,0.8991,386.7259964942932
0.5,label_flipping,75,trimmed_mean,150,0.8996999999999999,386.7259964942932
0.5,label_flipping,75,clustering,15,0.8930999999999999,436.3756320476532
0.5,label_flipping,75,clustering,50,0.8972999999999999,436.3756320476532
0.5,label_flipping,75,clustering,150,0.9008,436.3756320476532
0.5,label_flipping,75,median,15,0.8775999999999999,551.5091042518616
0.5,label_flipping,75,median,50,0.8873999999999999,551.5091042518616
0.5,label_flipping,75,median,150,0.8831,551.5091042518616
0.5,label_flipping,76,sr_only,15,0.7423,1595.308607339859
0.5,label_flipping,76,sr_only,50,0.8477,1595.308607339859
0.5,label_flipping,76,sr_only,150,0.7474999999999999,1595.308607339859
0.5,label_flipping,76,sr_bin,15,0.8638999999999999,1559.175206899643
0.5,label_flipping,76,sr_bin,50,0.8308,1559.175206899643
0.5,label_flipping,76,sr_bin,150,0.7687,1559.175206899643
0.5,label_flipping,76,sr_b025,15,0.8551,1545.0907127857208
0.5,label_flipping,76,sr_b025,50,0.8589,1545.0907127857208
0.5,label_flipping,76,sr_b025,150,0.8,1545.0907127857208
0.5,label_flipping,76,cosserver_only,15,0.8793,316.0316159725189
0.5,label_flipping,76,cosserver_only,50,0.907,316.0316159725189
0.5,label_flipping,76,cosserver_only,150,0.9125,316.0316159725189
0.5,label_flipping,76,fltrust,15,0.8001999999999999,487.8619468212128
0.5,label_flipping,76,fltrust,50,0.8806,487.8619468212128
0.5,label_flipping,76,fltrust,150,0.9000999999999999,487.8619468212128
0.5,label_flipping,76,trimmed_mean,15,0.8855999999999999,456.41860914230347
0.5,label_flipping,76,trimmed_mean,50,0.8989,456.41860914230347
0.5,label_flipping,76,trimmed_mean,150,0.9002000000000001,456.41860914230347
0.5,label_flipping,76,clustering,15,0.893,748.5218586921692
0.5,label_flipping,76,clustering,50,0.8975,748.5218586921692
0.5,label_flipping,76,clustering,150,0.9014,748.5218586921692
0.5,label_flipping,76,median,15,0.8761000000000001,714.6944270133972
0.5,label_flipping,76,median,50,0.8871,714.6944270133972
0.5,label_flipping,76,median,150,0.8836999999999999,714.6944270133972
0.5,label_flipping,77,sr_only,15,0.6778000000000001,1490.9503381252289
0.5,label_flipping,77,sr_only,50,0.8661999999999999,1490.9503381252289
0.5,label_flipping,77,sr_only,150,0.8109,1490.9503381252289
0.5,label_flipping,77,sr_bin,15,0.8635999999999999,1549.518271446228
0.5,label_flipping,77,sr_bin,50,0.858,1549.518271446228
0.5,label_flipping,77,sr_bin,150,0.8746,1549.518271446228
0.5,label_flipping,77,sr_b025,15,0.8587999999999999,1549.067632675171
0.5,label_flipping,77,sr_b025,50,0.8526,1549.067632675171
0.5,label_flipping,77,sr_b025,150,0.8000999999999999,1549.067632675171
0.5,label_flipping,77,cosserver_only,15,0.8978000000000002,559.9862778186798
0.5,label_flipping,77,cosserver_only,50,0.8951,559.9862778186798
0.5,label_flipping,77,cosserver_only,150,0.9108,559.9862778186798
0.5,label_flipping,77,fltrust,15,0.8076999999999999,462.7202572822571
0.5,label_flipping,77,fltrust,50,0.8854,462.7202572822571
0.5,label_flipping,77,fltrust,150,0.899,462.7202572822571
0.5,label_flipping,77,trimmed_mean,15,0.8865999999999999,510.6572971343994
0.5,label_flipping,77,trimmed_mean,50,0.8991,510.6572971343994
0.5,label_flipping,77,trimmed_mean,150,0.8996000000000001,510.6572971343994
0.5,label_flipping,77,clustering,15,0.8933,434.5456941127777
0.5,label_flipping,77,clustering,50,0.8974,434.5456941127777
0.5,label_flipping,77,clustering,150,0.9015,434.5456941127777
0.5,label_flipping,77,median,15,0.8768,396.381591796875
0.5,label_flipping,77,median,50,0.8873000000000001,396.381591796875
0.5,label_flipping,77,median,150,0.8836,396.381591796875
0.5,label_flipping,78,sr_only,15,0.8217000000000001,1563.4670248031616
0.5,label_flipping,78,sr_only,50,0.5547000000000001,1563.4670248031616
0.5,label_flipping,78,sr_only,150,0.6909,1563.4670248031616
0.5,label_flipping,78,sr_bin,15,0.8604,1531.8769130706787
0.5,label_flipping,78,sr_bin,50,0.7707999999999999,1531.8769130706787
0.5,label_flipping,78,sr_bin,150,0.6316,1531.8769130706787
0.5,label_flipping,78,sr_b025,15,0.8636000000000001,1585.74325633049
0.5,label_flipping,78,sr_b025,50,0.8545999999999999,1585.74325633049
0.5,label_flipping,78,sr_b025,150,0.7901,1585.74325633049
0.5,label_flipping,78,cosserver_only,15,0.8943000000000001,463.1656548976898
0.5,label_flipping,78,cosserver_only,50,0.8948,463.1656548976898
0.5,label_flipping,78,cosserver_only,150,0.9112,463.1656548976898
0.5,label_flipping,78,fltrust,15,0.7932,487.0166969299317
0.5,label_flipping,78,fltrust,50,0.8794000000000001,487.0166969299317
0.5,label_flipping,78,fltrust,150,0.8989999999999998,487.0166969299317
0.5,label_flipping,78,trimmed_mean,15,0.8858,502.2881262302399
0.5,label_flipping,78,trimmed_mean,50,0.8996000000000001,502.2881262302399
0.5,label_flipping,78,trimmed_mean,150,0.8999,502.2881262302399
0.5,label_flipping,78,clustering,15,0.8933,463.4712309837341
0.5,label_flipping,78,clustering,50,0.8978999999999999,463.4712309837341
0.5,label_flipping,78,clustering,150,0.9017,463.4712309837341
0.5,label_flipping,78,median,15,0.8759,481.3883464336395
0.5,label_flipping,78,median,50,0.8877,481.3883464336395
0.5,label_flipping,78,median,150,0.8832000000000001,481.3883464336395
0.5,label_flipping,79,sr_only,15,0.6752999999999999,1565.2775151729584
0.5,label_flipping,79,sr_only,50,0.8533,1565.2775151729584
0.5,label_flipping,79,sr_only,150,0.7998999999999999,1565.2775151729584
0.5,label_flipping,79,sr_bin,15,0.8624,1506.3171880245209
0.5,label_flipping,79,sr_bin,50,0.6421,1506.3171880245209
0.5,label_flipping,79,sr_bin,150,0.5302000000000001,1506.3171880245209
0.5,label_flipping,79,sr_b025,15,0.8612,1510.9572422504425
0.5,label_flipping,79,sr_b025,50,0.8521000000000001,1510.9572422504425
0.5,label_flipping,79,sr_b025,150,0.7378,1510.9572422504425
0.5,label_flipping,79,cosserver_only,15,0.8905999999999998,443.6052017211914
0.5,label_flipping,79,cosserver_only,50,0.9,443.6052017211914
0.5,label_flipping,79,cosserver_only,150,0.9121,443.6052017211914
0.5,label_flipping,79,fltrust,15,0.8018000000000001,678.6017246246338
0.5,label_flipping,79,fltrust,50,0.8809000000000001,678.6017246246338
0.5,label_flipping,79,fltrust,150,0.8993,678.6017246246338
0.5,label_flipping,79,trimmed_mean,15,0.8863999999999999,714.0972154140472
0.5,label_flipping,79,trimmed_mean,50,0.899,714.0972154140472
0.5,label_flipping,79,trimmed_mean,150,0.8999,714.0972154140472
0.5,label_flipping,79,clustering,15,0.8937999999999999,493.1304552555084
0.5,label_flipping,79,clustering,50,0.8977,493.1304552555084
0.5,label_flipping,79,clustering,150,0.9011,493.1304552555084
0.5,label_flipping,79,median,15,0.8770999999999999,695.4334316253662
0.5,label_flipping,79,median,50,0.8872,695.4334316253662
0.5,label_flipping,79,median,150,0.8835,695.4334316253662
0.5,label_flipping,80,sr_only,15,0.6833,1469.9160568714142
0.5,label_flipping,80,sr_only,50,0.5952,1469.9160568714142
0.5,label_flipping,80,sr_only,150,0.5234,1469.9160568714142
0.5,label_flipping,80,sr_bin,15,0.8709999999999999,1345.626577377319
0.5,label_flipping,80,sr_bin,50,0.8112,1345.626577377319
0.5,label_flipping,80,sr_bin,150,0.858,1345.626577377319
0.5,label_flipping,80,sr_b025,15,0.8582000000000001,1304.0708889961245
0.5,label_flipping,80,sr_b025,50,0.8535999999999999,1304.0708889961245
0.5,label_flipping,80,sr_b025,150,0.8135999999999999,1304.0708889961245
0.5,label_flipping,80,cosserver_only,15,0.8836,217.67446541786197
0.5,label_flipping,80,cosserver_only,50,0.9096000000000002,217.67446541786197
0.5,label_flipping,80,cosserver_only,150,0.9108,217.67446541786197
0.5,label_flipping,80,fltrust,15,0.8157,199.818900346756
0.5,label_flipping,80,fltrust,50,0.8821999999999999,199.818900346756
0.5,label_flipping,80,fltrust,150,0.9027999999999998,199.818900346756
0.5,label_flipping,80,trimmed_mean,15,0.8867,221.96939826011655
0.5,label_flipping,80,trimmed_mean,50,0.899,221.96939826011655
0.5,label_flipping,80,trimmed_mean,150,0.8999,221.96939826011655
0.5,label_flipping,80,clustering,15,0.8946,304.92795753479004
0.5,label_flipping,80,clustering,50,0.8977,304.92795753479004
0.5,label_flipping,80,clustering,150,0.9021,304.92795753479004
0.5,label_flipping,80,median,15,0.8773,367.4710171222687
0.5,label_flipping,80,median,50,0.8881,367.4710171222687
0.5,label_flipping,80,median,150,0.8837999999999999,367.4710171222687
0.5,label_flipping,81,sr_only,15,0.7468000000000001,1720.5138266086578
0.5,label_flipping,81,sr_only,50,0.7913,1720.5138266086578
0.5,label_flipping,81,sr_only,150,0.5186,1720.5138266086578
0.5,label_flipping,81,sr_bin,15,0.8562999999999998,1671.381783246994
0.5,label_flipping,81,sr_bin,50,0.835,1671.381783246994
0.5,label_flipping,81,sr_bin,150,0.7991,1671.381783246994
0.5,label_flipping,81,sr_b025,15,0.8600999999999999,1682.9767124652865
0.5,label_flipping,81,sr_b025,50,0.8535999999999999,1682.9767124652865
0.5,label_flipping,81,sr_b025,150,0.8087,1682.9767124652865
0.5,label_flipping,81,cosserver_only,15,0.8844000000000001,494.6290111541748
0.5,label_flipping,81,cosserver_only,50,0.8976,494.6290111541748
0.5,label_flipping,81,cosserver_only,150,0.8977999999999999,494.6290111541748
0.5,label_flipping,81,fltrust,15,0.7969,627.6674983501434
0.5,label_flipping,81,fltrust,50,0.876,627.6674983501434
0.5,label_flipping,81,fltrust,150,0.8987000000000002,627.6674983501434
0.5,label_flipping,81,trimmed_mean,15,0.8868,386.3320429325104
0.5,label_flipping,81,trimmed_mean,50,0.8999,386.3320429325104
0.5,label_flipping,81,trimmed_mean,150,0.9000999999999999,386.3320429325104
0.5,label_flipping,81,clustering,15,0.8934,527.489040851593
0.5,label_flipping,81,clustering,50,0.8983000000000001,527.489040851593
0.5,label_flipping,81,clustering,150,0.9018,527.489040851593
0.5,label_flipping,81,median,15,0.8777000000000001,416.5683982372284
0.5,label_flipping,81,median,50,0.8887,416.5683982372284
0.5,label_flipping,81,median,150,0.8836,416.5683982372284
0.05,low_mag_backdoor,72,sr_only,15,0.8287000000000001,1531.9243338108065
0.05,low_mag_backdoor,72,sr_only,50,0.7833,1531.9243338108065
0.05,low_mag_backdoor,72,sr_only,150,0.8299999999999998,1531.9243338108065
0.05,low_mag_backdoor,72,sr_bin,15,0.8427999999999999,1559.9849109649658
0.05,low_mag_backdoor,72,sr_bin,50,0.7791,1559.9849109649658
0.05,low_mag_backdoor,72,sr_bin,150,0.8147,1559.9849109649658
0.05,low_mag_backdoor,72,sr_b025,15,0.8429,1548.6877295970917
0.05,low_mag_backdoor,72,sr_b025,50,0.8478,1548.6877295970917
0.05,low_mag_backdoor,72,sr_b025,150,0.877,1548.6877295970917
0.05,low_mag_backdoor,72,cosserver_only,15,0.8683,392.4533529281616
0.05,low_mag_backdoor,72,cosserver_only,50,0.7745000000000001,392.4533529281616
0.05,low_mag_backdoor,72,cosserver_only,150,0.8412,392.4533529281616
0.05,low_mag_backdoor,72,fltrust,15,0.7323999999999999,446.6921806335449
0.05,low_mag_backdoor,72,fltrust,50,0.8309,446.6921806335449
0.05,low_mag_backdoor,72,fltrust,150,0.8564,446.6921806335449
0.05,low_mag_backdoor,72,trimmed_mean,15,0.7651000000000001,532.5446033477783
0.05,low_mag_backdoor,72,trimmed_mean,50,0.8314999999999999,532.5446033477783
0.05,low_mag_backdoor,72,trimmed_mean,150,0.8507999999999999,532.5446033477783
0.05,low_mag_backdoor,72,clustering,15,0.8315000000000001,426.8782470226288
0.05,low_mag_backdoor,72,clustering,50,0.8737,426.8782470226288
0.05,low_mag_backdoor,72,clustering,150,0.8872,426.8782470226288
0.05,low_mag_backdoor,72,median,15,0.6170000000000001,442.4206233024597
0.05,low_mag_backdoor,72,median,50,0.7573000000000001,442.4206233024597
0.05,low_mag_backdoor,72,median,150,0.787,442.4206233024597
0.05,low_mag_backdoor,73,sr_only,15,0.7519,1569.3666055202484
0.05,low_mag_backdoor,73,sr_only,50,0.7634,1569.3666055202484
0.05,low_mag_backdoor,73,sr_only,150,0.8115,1569.3666055202484
0.05,low_mag_backdoor,73,sr_bin,15,0.8408999999999999,1620.1299676895142
0.05,low_mag_backdoor,73,sr_bin,50,0.7985000000000001,1620.1299676895142
0.05,low_mag_backdoor,73,sr_bin,150,0.8557,1620.1299676895142
0.05,low_mag_backdoor,73,sr_b025,15,0.8371000000000001,1605.07363820076
0.05,low_mag_backdoor,73,sr_b025,50,0.8411,1605.07363820076
0.05,low_mag_backdoor,73,sr_b025,150,0.8759,1605.07363820076
0.05,low_mag_backdoor,73,cosserver_only,15,0.7401,422.7500514984131
0.05,low_mag_backdoor,73,cosserver_only,50,0.8889000000000001,422.7500514984131
0.05,low_mag_backdoor,73,cosserver_only,150,0.8978999999999999,422.7500514984131
0.05,low_mag_backdoor,73,fltrust,15,0.8099000000000001,361.9623074531555
0.05,low_mag_backdoor,73,fltrust,50,0.8613,361.9623074531555
0.05,low_mag_backdoor,73,fltrust,150,0.8751,361.9623074531555
0.05,low_mag_backdoor,73,trimmed_mean,15,0.765,444.1920094490051
0.05,low_mag_backdoor,73,trimmed_mean,50,0.8319000000000001,444.1920094490051
0.05,low_mag_backdoor,73,trimmed_mean,150,0.8508000000000001,444.1920094490051
0.05,low_mag_backdoor,73,clustering,15,0.8308,568.0065269470215
0.05,low_mag_backdoor,73,clustering,50,0.8733000000000001,568.0065269470215
0.05,low_mag_backdoor,73,clustering,150,0.8867,568.0065269470215
0.05,low_mag_backdoor,73,median,15,0.6165,624.5622580051422
0.05,low_mag_backdoor,73,median,50,0.7576999999999999,624.5622580051422
0.05,low_mag_backdoor,73,median,150,0.7847999999999999,624.5622580051422
0.05,low_mag_backdoor,74,sr_only,15,0.8032,1521.2547614574432
0.05,low_mag_backdoor,74,sr_only,50,0.7803,1521.2547614574432
0.05,low_mag_backdoor,74,sr_only,150,0.8019999999999999,1521.2547614574432
0.05,low_mag_backdoor,74,sr_bin,15,0.8217000000000001,1592.1972949504852
0.05,low_mag_backdoor,74,sr_bin,50,0.7803000000000001,1592.1972949504852
0.05,low_mag_backdoor,74,sr_bin,150,0.813,1592.1972949504852
0.05,low_mag_backdoor,74,sr_b025,15,0.8375999999999999,1600.0099575519562
0.05,low_mag_backdoor,74,sr_b025,50,0.8411,1600.0099575519562
0.05,low_mag_backdoor,74,sr_b025,150,0.8757999999999999,1600.0099575519562
0.05,low_mag_backdoor,74,cosserver_only,15,0.8470000000000001,413.24130272865295
0.05,low_mag_backdoor,74,cosserver_only,50,0.8324999999999999,413.24130272865295
0.05,low_mag_backdoor,74,cosserver_only,150,0.9034,413.24130272865295
0.05,low_mag_backdoor,74,fltrust,15,0.6921999999999999,420.8855459690094
0.05,low_mag_backdoor,74,fltrust,50,0.8282,420.8855459690094
0.05,low_mag_backdoor,74,fltrust,150,0.8683,420.8855459690094
0.05,low_mag_backdoor,74,trimmed_mean,15,0.7643,542.7682738304138
0.05,low_mag_backdoor,74,trimmed_mean,50,0.8321,542.7682738304138
0.05,low_mag_backdoor,74,trimmed_mean,150,0.8515,542.7682738304138
0.05,low_mag_backdoor,74,clustering,15,0.8295999999999999,618.2529907226562
0.05,low_mag_backdoor,74,clustering,50,0.8736,618.2529907226562
0.05,low_mag_backdoor,74,clustering,150,0.8870000000000001,618.2529907226562
0.05,low_mag_backdoor,74,median,15,0.6136999999999999,441.4854657649994
0.05,low_mag_backdoor,74,median,50,0.7584000000000001,441.4854657649994
0.05,low_mag_backdoor,74,median,150,0.7849999999999999,441.4854657649994
0.05,low_mag_backdoor,75,sr_only,15,0.8266,1624.6599695682526
0.05,low_mag_backdoor,75,sr_only,50,0.8044,1624.6599695682526
0.05,low_mag_backdoor,75,sr_only,150,0.8305,1624.6599695682526
0.05,low_mag_backdoor,75,sr_bin,15,0.8222999999999999,1588.19673538208
0.05,low_mag_backdoor,75,sr_bin,50,0.7801,1588.19673538208
0.05,low_mag_backdoor,75,sr_bin,150,0.797,1588.19673538208
0.05,low_mag_backdoor,75,sr_b025,15,0.8427,1583.8397114276886
0.05,low_mag_backdoor,75,sr_b025,50,0.8409000000000001,1583.8397114276886
0.05,low_mag_backdoor,75,sr_b025,150,0.8756999999999999,1583.8397114276886
0.05,low_mag_backdoor,75,cosserver_only,15,0.8230999999999999,504.2849552631378
0.05,low_mag_backdoor,75,cosserver_only,50,0.8962000000000001,504.2849552631378
0.05,low_mag_backdoor,75,cosserver_only,150,0.8756,504.2849552631378
0.05,low_mag_backdoor,75,fltrust,15,0.7485999999999999,489.6369700431824
0.05,low_mag_backdoor,75,fltrust,50,0.8446,489.6369700431824
0.05,low_mag_backdoor,75,fltrust,150,0.8662000000000001,489.6369700431824
0.05,low_mag_backdoor,75,trimmed_mean,15,0.7653,438.4750418663025
0.05,low_mag_backdoor,75,trimmed_mean,50,0.8318,438.4750418663025
0.05,low_mag_backdoor,75,trimmed_mean,150,0.8507999999999999,438.4750418663025
0.05,low_mag_backdoor,75,clustering,15,0.8307,468.26814436912537
0.05,low_mag_backdoor,75,clustering,50,0.8724999999999999,468.26814436912537
0.05,low_mag_backdoor,75,clustering,150,0.8865999999999999,468.26814436912537
0.05,low_mag_backdoor,75,median,15,0.6156999999999999,371.2088780403137
0.05,low_mag_backdoor,75,median,50,0.7570999999999999,371.2088780403137
0.05,low_mag_backdoor,75,median,150,0.7854,371.2088780403137
0.05,low_mag_backdoor,76,sr_only,15,0.7581,1585.103645324707
0.05,low_mag_backdoor,76,sr_only,50,0.7782,1585.103645324707
0.05,low_mag_backdoor,76,sr_only,150,0.8301000000000001,1585.103645324707
0.05,low_mag_backdoor,76,sr_bin,15,0.8404999999999999,1546.3125655651093
0.05,low_mag_backdoor,76,sr_bin,50,0.7849,1546.3125655651093
0.05,low_mag_backdoor,76,sr_bin,150,0.8267,1546.3125655651093
0.05,low_mag_backdoor,76,sr_b025,15,0.8419000000000001,1552.3445465564728
0.05,low_mag_backdoor,76,sr_b025,50,0.8468,1552.3445465564728
0.05,low_mag_backdoor,76,sr_b025,150,0.8763,1552.3445465564728
0.05,low_mag_backdoor,76,cosserver_only,15,0.8230000000000001,504.6559536457062
0.05,low_mag_backdoor,76,cosserver_only,50,0.8834,504.6559536457062
0.05,low_mag_backdoor,76,cosserver_only,150,0.8929,504.6559536457062
0.05,low_mag_backdoor,76,fltrust,15,0.6962999999999999,490.65899872779846
0.05,low_mag_backdoor,76,fltrust,50,0.8331,490.65899872779846
0.05,low_mag_backdoor,76,fltrust,150,0.8658000000000001,490.65899872779846
0.05,low_mag_backdoor,76,trimmed_mean,15,0.7651,410.6673331260681
0.05,low_mag_backdoor,76,trimmed_mean,50,0.8322999999999998,410.6673331260681
0.05,low_mag_backdoor,76,trimmed_mean,150,0.851,410.6673331260681
0.05,low_mag_backdoor,76,clustering,15,0.8312999999999999,543.8285567760468
0.05,low_mag_backdoor,76,clustering,50,0.8731,543.8285567760468
0.05,low_mag_backdoor,76,clustering,150,0.8869999999999999,543.8285567760468
0.05,low_mag_backdoor,76,median,15,0.6138999999999999,659.1849958896637
0.05,low_mag_backdoor,76,median,50,0.7579,659.1849958896637
0.05,low_mag_backdoor,76,median,150,0.7844,659.1849958896637
0.05,low_mag_backdoor,77,sr_only,15,0.7452,1481.2632966041565
0.05,low_mag_backdoor,77,sr_only,50,0.7612,1481.2632966041565
0.05,low_mag_backdoor,77,sr_only,150,0.8713000000000001,1481.2632966041565
0.05,low_mag_backdoor,77,sr_bin,15,0.7872000000000001,1475.5700657367706
0.05,low_mag_backdoor,77,sr_bin,50,0.7849,1475.5700657367706
0.05,low_mag_backdoor,77,sr_bin,150,0.8305,1475.5700657367706
0.05,low_mag_backdoor,77,sr_b025,15,0.8374,1463.6597397327423
0.05,low_mag_backdoor,77,sr_b025,50,0.8403999999999998,1463.6597397327423
0.05,low_mag_backdoor,77,sr_b025,150,0.8699999999999999,1463.6597397327423
0.05,low_mag_backdoor,77,cosserver_only,15,0.8741999999999999,474.9623792171478
0.05,low_mag_backdoor,77,cosserver_only,50,0.7732,474.9623792171478
0.05,low_mag_backdoor,77,cosserver_only,150,0.8973000000000001,474.9623792171478
0.05,low_mag_backdoor,77,fltrust,15,0.7712,591.7091579437256
0.05,low_mag_backdoor,77,fltrust,50,0.8573999999999999,591.7091579437256
0.05,low_mag_backdoor,77,fltrust,150,0.8806,591.7091579437256
0.05,low_mag_backdoor,77,trimmed_mean,15,0.7659,581.6143929958344
0.05,low_mag_backdoor,77,trimmed_mean,50,0.8317,581.6143929958344
0.05,low_mag_backdoor,77,trimmed_mean,150,0.8503999999999999,581.6143929958344
0.05,low_mag_backdoor,77,clustering,15,0.8307,453.6274461746216
0.05,low_mag_backdoor,77,clustering,50,0.873,453.6274461746216
0.05,low_mag_backdoor,77,clustering,150,0.8868000000000003,453.6274461746216
0.05,low_mag_backdoor,77,median,15,0.6157999999999999,399.5939679145813
0.05,low_mag_backdoor,77,median,50,0.7583,399.5939679145813
0.05,low_mag_backdoor,77,median,150,0.7852,399.5939679145813
0.05,low_mag_backdoor,78,sr_only,15,0.7518,1536.5370407104492
0.05,low_mag_backdoor,78,sr_only,50,0.7790999999999999,1536.5370407104492
0.05,low_mag_backdoor,78,sr_only,150,0.8352,1536.5370407104492
0.05,low_mag_backdoor,78,sr_bin,15,0.8486,1569.911613702774
0.05,low_mag_backdoor,78,sr_bin,50,0.7819,1569.911613702774
0.05,low_mag_backdoor,78,sr_bin,150,0.8313,1569.911613702774
0.05,low_mag_backdoor,78,sr_b025,15,0.8438000000000001,1513.1708478927612
0.05,low_mag_backdoor,78,sr_b025,50,0.8465,1513.1708478927612
0.05,low_mag_backdoor,78,sr_b025,150,0.8761000000000001,1513.1708478927612
0.05,low_mag_backdoor,78,cosserver_only,15,0.8389,547.4372761249542
0.05,low_mag_backdoor,78,cosserver_only,50,0.873,547.4372761249542
0.05,low_mag_backdoor,78,cosserver_only,150,0.9042,547.4372761249542
0.05,low_mag_backdoor,78,fltrust,15,0.7524,616.6720097064972
0.05,low_mag_backdoor,78,fltrust,50,0.8516,616.6720097064972
0.05,low_mag_backdoor,78,fltrust,150,0.8742000000000001,616.6720097064972
0.05,low_mag_backdoor,78,trimmed_mean,15,0.7645000000000001,633.567355632782
0.05,low_mag_backdoor,78,trimmed_mean,50,0.8313,633.567355632782
0.05,low_mag_backdoor,78,trimmed_mean,150,0.8511,633.567355632782
0.05,low_mag_backdoor,78,clustering,15,0.8309,675.9611148834229
0.05,low_mag_backdoor,78,clustering,50,0.8734,675.9611148834229
0.05,low_mag_backdoor,78,clustering,150,0.8869999999999999,675.9611148834229
0.05,low_mag_backdoor,78,median,15,0.6142,546.1524503231049
0.05,low_mag_backdoor,78,median,50,0.7568,546.1524503231049
0.05,low_mag_backdoor,78,median,150,0.7849,546.1524503231049
0.05,low_mag_backdoor,79,sr_only,15,0.7863000000000001,1561.4264979362488
0.05,low_mag_backdoor,79,sr_only,50,0.6916,1561.4264979362488
0.05,low_mag_backdoor,79,sr_only,150,0.8552,1561.4264979362488
0.05,low_mag_backdoor,79,sr_bin,15,0.8221999999999999,1485.0322420597076
0.05,low_mag_backdoor,79,sr_bin,50,0.7846,1485.0322420597076
0.05,low_mag_backdoor,79,sr_bin,150,0.8423999999999999,1485.0322420597076
0.05,low_mag_backdoor,79,sr_b025,15,0.842,1512.4935660362244
0.05,low_mag_backdoor,79,sr_b025,50,0.8402,1512.4935660362244
0.05,low_mag_backdoor,79,sr_b025,150,0.8769,1512.4935660362244
0.05,low_mag_backdoor,79,cosserver_only,15,0.8097,500.1828663349152
0.05,low_mag_backdoor,79,cosserver_only,50,0.8844,500.1828663349152
0.05,low_mag_backdoor,79,cosserver_only,150,0.8872,500.1828663349152
0.05,low_mag_backdoor,79,fltrust,15,0.7670000000000001,473.769492149353
0.05,low_mag_backdoor,79,fltrust,50,0.8468,473.769492149353
0.05,low_mag_backdoor,79,fltrust,150,0.8676,473.769492149353
0.05,low_mag_backdoor,79,trimmed_mean,15,0.7654000000000001,409.741717338562
0.05,low_mag_backdoor,79,trimmed_mean,50,0.8320000000000001,409.741717338562
0.05,low_mag_backdoor,79,trimmed_mean,150,0.8515999999999998,409.741717338562
0.05,low_mag_backdoor,79,clustering,15,0.8307,391.1335015296936
0.05,low_mag_backdoor,79,clustering,50,0.8733000000000001,391.1335015296936
0.05,low_mag_backdoor,79,clustering,150,0.8867,391.1335015296936
0.05,low_mag_backdoor,79,median,15,0.6161000000000001,926.4678828716278
0.05,low_mag_backdoor,79,median,50,0.7575,926.4678828716278
0.05,low_mag_backdoor,79,median,150,0.7848,926.4678828716278
0.05,low_mag_backdoor,80,sr_only,15,0.7922,1442.9619817733765
0.05,low_mag_backdoor,80,sr_only,50,0.7706999999999999,1442.9619817733765
0.05,low_mag_backdoor,80,sr_only,150,0.8437999999999999,1442.9619817733765
0.05,low_mag_backdoor,80,sr_bin,15,0.8421,1422.3945729732511
0.05,low_mag_backdoor,80,sr_bin,50,0.7577999999999999,1422.3945729732511
0.05,low_mag_backdoor,80,sr_bin,150,0.8237,1422.3945729732511
0.05,low_mag_backdoor,80,sr_b025,15,0.8452,1639.0420289039612
0.05,low_mag_backdoor,80,sr_b025,50,0.8407,1639.0420289039612
0.05,low_mag_backdoor,80,sr_b025,150,0.8759,1639.0420289039612
0.05,low_mag_backdoor,80,cosserver_only,15,0.7157,431.5586302280426
0.05,low_mag_backdoor,80,cosserver_only,50,0.8879000000000001,431.5586302280426
0.05,low_mag_backdoor,80,cosserver_only,150,0.9081,431.5586302280426
0.05,low_mag_backdoor,80,fltrust,15,0.7624,362.59358739852905
0.05,low_mag_backdoor,80,fltrust,50,0.8442999999999999,362.59358739852905
0.05,low_mag_backdoor,80,fltrust,150,0.8747,362.59358739852905
0.05,low_mag_backdoor,80,trimmed_mean,15,0.7636000000000001,392.5762431621552
0.05,low_mag_backdoor,80,trimmed_mean,50,0.8317,392.5762431621552
0.05,low_mag_backdoor,80,trimmed_mean,150,0.8520999999999999,392.5762431621552
0.05,low_mag_backdoor,80,clustering,15,0.8304,482.1777093410492
0.05,low_mag_backdoor,80,clustering,50,0.8738999999999999,482.1777093410492
0.05,low_mag_backdoor,80,clustering,150,0.8876999999999999,482.1777093410492
0.05,low_mag_backdoor,80,median,15,0.6159,442.76902508735657
0.05,low_mag_backdoor,80,median,50,0.7548,442.76902508735657
0.05,low_mag_backdoor,80,median,150,0.7850000000000001,442.76902508735657
0.05,low_mag_backdoor,81,sr_only,15,0.7032999999999999,1712.2672109603882
0.05,low_mag_backdoor,81,sr_only,50,0.828,1712.2672109603882
0.05,low_mag_backdoor,81,sr_only,150,0.8102,1712.2672109603882
0.05,low_mag_backdoor,81,sr_bin,15,0.8206,1697.9874444007874
0.05,low_mag_backdoor,81,sr_bin,50,0.7791,1697.9874444007874
0.05,low_mag_backdoor,81,sr_bin,150,0.8436999999999999,1697.9874444007874
0.05,low_mag_backdoor,81,sr_b025,15,0.8439,1757.5889999866486
0.05,low_mag_backdoor,81,sr_b025,50,0.8483,1757.5889999866486
0.05,low_mag_backdoor,81,sr_b025,150,0.876,1757.5889999866486
0.05,low_mag_backdoor,81,cosserver_only,15,0.8747,515.32093334198
0.05,low_mag_backdoor,81,cosserver_only,50,0.7216,515.32093334198
0.05,low_mag_backdoor,81,cosserver_only,150,0.9032,515.32093334198
0.05,low_mag_backdoor,81,fltrust,15,0.7916000000000001,552.0276522636414
0.05,low_mag_backdoor,81,fltrust,50,0.8618,552.0276522636414
0.05,low_mag_backdoor,81,fltrust,150,0.8753,552.0276522636414
0.05,low_mag_backdoor,81,trimmed_mean,15,0.7641,396.5948302745819
0.05,low_mag_backdoor,81,trimmed_mean,50,0.8321999999999999,396.5948302745819
0.05,low_mag_backdoor,81,trimmed_mean,150,0.8507,396.5948302745819
0.05,low_mag_backdoor,81,clustering,15,0.8313,440.42934107780457
0.05,low_mag_backdoor,81,clustering,50,0.8737,440.42934107780457
0.05,low_mag_backdoor,81,clustering,150,0.8871,440.42934107780457
0.05,low_mag_backdoor,81,median,15,0.6164,506.72257351875305
0.05,low_mag_backdoor,81,median,50,0.7575000000000001,506.72257351875305
0.05,low_mag_backdoor,81,median,150,0.7859,506.72257351875305
0.1,low_mag_backdoor,72,sr_only,15,0.7428000000000001,1620.0300660133362
0.1,low_mag_backdoor,72,sr_only,50,0.8548,1620.0300660133362
0.1,low_mag_backdoor,72,sr_only,150,0.8705999999999999,1620.0300660133362
0.1,low_mag_backdoor,72,sr_bin,15,0.7647,1624.994618654251
0.1,low_mag_backdoor,72,sr_bin,50,0.7245999999999999,1624.994618654251
0.1,low_mag_backdoor,72,sr_bin,150,0.8785000000000001,1624.994618654251
0.1,low_mag_backdoor,72,sr_b025,15,0.8648999999999999,1618.7162730693815
0.1,low_mag_backdoor,72,sr_b025,50,0.8883999999999999,1618.7162730693815
0.1,low_mag_backdoor,72,sr_b025,150,0.9055,1618.7162730693815
0.1,low_mag_backdoor,72,cosserver_only,15,0.8232999999999999,436.1614367961884
0.1,low_mag_backdoor,72,cosserver_only,50,0.6667000000000001,436.1614367961884
0.1,low_mag_backdoor,72,cosserver_only,150,0.8880000000000001,436.1614367961884
0.1,low_mag_backdoor,72,fltrust,15,0.7537,455.61372590065
0.1,low_mag_backdoor,72,fltrust,50,0.8634000000000001,455.61372590065
0.1,low_mag_backdoor,72,fltrust,150,0.89,455.61372590065
0.1,low_mag_backdoor,72,trimmed_mean,15,0.8308,414.1714038848877
0.1,low_mag_backdoor,72,trimmed_mean,50,0.8779,414.1714038848877
0.1,low_mag_backdoor,72,trimmed_mean,150,0.8879999999999999,414.1714038848877
0.1,low_mag_backdoor,72,clustering,15,0.8183,446.4259202480316
0.1,low_mag_backdoor,72,clustering,50,0.8435999999999998,446.4259202480316
0.1,low_mag_backdoor,72,clustering,150,0.8686999999999999,446.4259202480316
0.1,low_mag_backdoor,72,median,15,0.7388999999999999,495.6107876300812
0.1,low_mag_backdoor,72,median,50,0.8516,495.6107876300812
0.1,low_mag_backdoor,72,median,150,0.8619,495.6107876300812
0.1,low_mag_backdoor,73,sr_only,15,0.7784,1605.0632076263428
0.1,low_mag_backdoor,73,sr_only,50,0.7548,1605.0632076263428
0.1,low_mag_backdoor,73,sr_only,150,0.8600000000000001,1605.0632076263428
0.1,low_mag_backdoor,73,sr_bin,15,0.7633,1569.7745611667633
0.1,low_mag_backdoor,73,sr_bin,50,0.8093999999999999,1569.7745611667633
0.1,low_mag_backdoor,73,sr_bin,150,0.8774,1569.7745611667633
0.1,low_mag_backdoor,73,sr_b025,15,0.8644000000000001,1515.591804742813
0.1,low_mag_backdoor,73,sr_b025,50,0.8886,1515.591804742813
0.1,low_mag_backdoor,73,sr_b025,150,0.905,1515.591804742813
0.1,low_mag_backdoor,73,cosserver_only,15,0.8630999999999999,590.5437042713165
0.1,low_mag_backdoor,73,cosserver_only,50,0.8926000000000001,590.5437042713165
0.1,low_mag_backdoor,73,cosserver_only,150,0.8744,590.5437042713165
0.1,low_mag_backdoor,73,fltrust,15,0.7742000000000001,368.85423135757446
0.1,low_mag_backdoor,73,fltrust,50,0.8626000000000001,368.85423135757446
0.1,low_mag_backdoor,73,fltrust,150,0.8882,368.85423135757446
0.1,low_mag_backdoor,73,trimmed_mean,15,0.8309,283.12137365341187
0.1,low_mag_backdoor,73,trimmed_mean,50,0.8771000000000001,283.12137365341187
0.1,low_mag_backdoor,73,trimmed_mean,150,0.8881,283.12137365341187
0.1,low_mag_backdoor,73,clustering,15,0.8206,447.7403304576874
0.1,low_mag_backdoor,73,clustering,50,0.8463999999999998,447.7403304576874
0.1,low_mag_backdoor,73,clustering,150,0.8692,447.7403304576874
0.1,low_mag_backdoor,73,median,15,0.7406,245.3681139945984
0.1,low_mag_backdoor,73,median,50,0.8518999999999999,245.3681139945984
0.1,low_mag_backdoor,73,median,150,0.8629999999999999,245.3681139945984
0.1,low_mag_backdoor,74,sr_only,15,0.7747,1559.176470994949
0.1,low_mag_backdoor,74,sr_only,50,0.8362999999999999,1559.176470994949
0.1,low_mag_backdoor,74,sr_only,150,0.8746,1559.176470994949
0.1,low_mag_backdoor,74,sr_bin,15,0.7635,1660.6612668037417
0.1,low_mag_backdoor,74,sr_bin,50,0.7596,1660.6612668037417
0.1,low_mag_backdoor,74,sr_bin,150,0.8766,1660.6612668037417
0.1,low_mag_backdoor,74,sr_b025,15,0.8648,1538.5179312229156
0.1,low_mag_backdoor,74,sr_b025,50,0.8903000000000001,1538.5179312229156
0.1,low_mag_backdoor,74,sr_b025,150,0.9062,1538.5179312229156
0.1,low_mag_backdoor,74,cosserver_only,15,0.8876000000000002,351.2865767478943
0.1,low_mag_backdoor,74,cosserver_only,50,0.8734,351.2865767478943
0.1,low_mag_backdoor,74,cosserver_only,150,0.8840999999999999,351.2865767478943
0.1,low_mag_backdoor,74,fltrust,15,0.719,264.6237049102783
0.1,low_mag_backdoor,74,fltrust,50,0.8382,264.6237049102783
0.1,low_mag_backdoor,74,fltrust,150,0.881,264.6237049102783
0.1,low_mag_backdoor,74,trimmed_mean,15,0.8311,555.1003804206848
0.1,low_mag_backdoor,74,trimmed_mean,50,0.8773,555.1003804206848
0.1,low_mag_backdoor,74,trimmed_mean,150,0.8882,555.1003804206848
0.1,low_mag_backdoor,74,clustering,15,0.764,454.9528803825378
0.1,low_mag_backdoor,74,clustering,50,0.8418999999999999,454.9528803825378
0.1,low_mag_backdoor,74,clustering,150,0.8670000000000002,454.9528803825378
0.1,low_mag_backdoor,74,median,15,0.7395999999999999,683.3638958930969
0.1,low_mag_backdoor,74,median,50,0.8515,683.3638958930969
0.1,low_mag_backdoor,74,median,150,0.8613,683.3638958930969
0.1,low_mag_backdoor,75,sr_only,15,0.7592999999999999,1531.2034630775452
0.1,low_mag_backdoor,75,sr_only,50,0.8566,1531.2034630775452
0.1,low_mag_backdoor,75,sr_only,150,0.8663000000000001,1531.2034630775452
0.1,low_mag_backdoor,75,sr_bin,15,0.7681,1669.6209330558777
0.1,low_mag_backdoor,75,sr_bin,50,0.734,1669.6209330558777
0.1,low_mag_backdoor,75,sr_bin,150,0.8817999999999999,1669.6209330558777
0.1,low_mag_backdoor,75,sr_b025,15,0.8638999999999999,1555.4165058135986
0.1,low_mag_backdoor,75,sr_b025,50,0.8912000000000001,1555.4165058135986
0.1,low_mag_backdoor,75,sr_b025,150,0.9061,1555.4165058135986
0.1,low_mag_backdoor,75,cosserver_only,15,0.8822999999999999,394.3032648563385
0.1,low_mag_backdoor,75,cosserver_only,50,0.8966000000000001,394.3032648563385
0.1,low_mag_backdoor,75,cosserver_only,150,0.903,394.3032648563385
0.1,low_mag_backdoor,75,fltrust,15,0.7508000000000001,413.1291010379791
0.1,low_mag_backdoor,75,fltrust,50,0.8674999999999999,413.1291010379791
0.1,low_mag_backdoor,75,fltrust,150,0.8913,413.1291010379791
0.1,low_mag_backdoor,75,trimmed_mean,15,0.8312999999999999,576.0682511329651
0.1,low_mag_backdoor,75,trimmed_mean,50,0.877,576.0682511329651
0.1,low_mag_backdoor,75,trimmed_mean,150,0.8882999999999999,576.0682511329651
0.1,low_mag_backdoor,75,clustering,15,0.8215,428.8382482528687
0.1,low_mag_backdoor,75,clustering,50,0.8457999999999999,428.8382482528687
0.1,low_mag_backdoor,75,clustering,150,0.8685,428.8382482528687
0.1,low_mag_backdoor,75,median,15,0.7415,465.94132947921753
0.1,low_mag_backdoor,75,median,50,0.852,465.94132947921753
0.1,low_mag_backdoor,75,median,150,0.8622,465.94132947921753
0.1,low_mag_backdoor,76,sr_only,15,0.7548,1503.064687013626
0.1,low_mag_backdoor,76,sr_only,50,0.8592000000000001,1503.064687013626
0.1,low_mag_backdoor,76,sr_only,150,0.8734999999999999,1503.064687013626
0.1,low_mag_backdoor,76,sr_bin,15,0.7626000000000001,1507.2447519302368
0.1,low_mag_backdoor,76,sr_bin,50,0.7959,1507.2447519302368
0.1,low_mag_backdoor,76,sr_bin,150,0.8752000000000001,1507.2447519302368
0.1,low_mag_backdoor,76,sr_b025,15,0.8666,1612.6265947818756
0.1,low_mag_backdoor,76,sr_b025,50,0.8887,1612.6265947818756
0.1,low_mag_backdoor,76,sr_b025,150,0.906,1612.6265947818756
0.1,low_mag_backdoor,76,cosserver_only,15,0.833,633.1634984016418
0.1,low_mag_backdoor,76,cosserver_only,50,0.8678000000000001,633.1634984016418
0.1,low_mag_backdoor,76,cosserver_only,150,0.8502000000000001,633.1634984016418
0.1,low_mag_backdoor,76,fltrust,15,0.716,494.9577913284302
0.1,low_mag_backdoor,76,fltrust,50,0.8622,494.9577913284302
0.1,low_mag_backdoor,76,fltrust,150,0.8872,494.9577913284302
0.1,low_mag_backdoor,76,trimmed_mean,15,0.8313,301.78168058395386
0.1,low_mag_backdoor,76,trimmed_mean,50,0.8772,301.78168058395386
0.1,low_mag_backdoor,76,trimmed_mean,150,0.8885,301.78168058395386
0.1,low_mag_backdoor,76,clustering,15,0.7635,456.37035512924194
0.1,low_mag_backdoor,76,clustering,50,0.8413,456.37035512924194
0.1,low_mag_backdoor,76,clustering,150,0.8670000000000002,456.37035512924194
0.1,low_mag_backdoor,76,median,15,0.7402,493.3748791217804
0.1,low_mag_backdoor,76,median,50,0.8513,493.3748791217804
0.1,low_mag_backdoor,76,median,150,0.8622,493.3748791217804
0.1,low_mag_backdoor,77,sr_only,15,0.7532000000000001,1561.2122478485107
0.1,low_mag_backdoor,77,sr_only,50,0.8565000000000002,1561.2122478485107
0.1,low_mag_backdoor,77,sr_only,150,0.8672000000000001,1561.2122478485107
0.1,low_mag_backdoor,77,sr_bin,15,0.7608,1594.7106161117554
0.1,low_mag_backdoor,77,sr_bin,50,0.7263,1594.7106161117554
0.1,low_mag_backdoor,77,sr_bin,150,0.8764,1594.7106161117554
0.1,low_mag_backdoor,77,sr_b025,15,0.8479000000000001,1521.3934636116028
0.1,low_mag_backdoor,77,sr_b025,50,0.8808,1521.3934636116028
0.1,low_mag_backdoor,77,sr_b025,150,0.906,1521.3934636116028
0.1,low_mag_backdoor,77,cosserver_only,15,0.8579000000000001,709.6453013420105
0.1,low_mag_backdoor,77,cosserver_only,50,0.9012,709.6453013420105
0.1,low_mag_backdoor,77,cosserver_only,150,0.9109,709.6453013420105
0.1,low_mag_backdoor,77,fltrust,15,0.7162,493.6114706993103
0.1,low_mag_backdoor,77,fltrust,50,0.8163,493.6114706993103
0.1,low_mag_backdoor,77,fltrust,150,0.8734999999999999,493.6114706993103
0.1,low_mag_backdoor,77,trimmed_mean,15,0.8306999999999999,565.350100517273
0.1,low_mag_backdoor,77,trimmed_mean,50,0.8768,565.350100517273
0.1,low_mag_backdoor,77,trimmed_mean,150,0.8884000000000001,565.350100517273
0.1,low_mag_backdoor,77,clustering,15,0.7632999999999999,614.8381857872009
0.1,low_mag_backdoor,77,clustering,50,0.8417,614.8381857872009
0.1,low_mag_backdoor,77,clustering,150,0.8667999999999999,614.8381857872009
0.1,low_mag_backdoor,77,median,15,0.7393,681.6321313381195
0.1,low_mag_backdoor,77,median,50,0.8513999999999999,681.6321313381195
0.1,low_mag_backdoor,77,median,150,0.8622,681.6321313381195
0.1,low_mag_backdoor,78,sr_only,15,0.7542,1507.8534083366394
0.1,low_mag_backdoor,78,sr_only,50,0.8523,1507.8534083366394
0.1,low_mag_backdoor,78,sr_only,150,0.8718,1507.8534083366394
0.1,low_mag_backdoor,78,sr_bin,15,0.7613000000000001,1540.3102543354034
0.1,low_mag_backdoor,78,sr_bin,50,0.7321000000000001,1540.3102543354034
0.1,low_mag_backdoor,78,sr_bin,150,0.8785999999999999,1540.3102543354034
0.1,low_mag_backdoor,78,sr_b025,15,0.8648,1562.381421327591
0.1,low_mag_backdoor,78,sr_b025,50,0.8831999999999999,1562.381421327591
0.1,low_mag_backdoor,78,sr_b025,150,0.9066,1562.381421327591
0.1,low_mag_backdoor,78,cosserver_only,15,0.875,403.8576591014862
0.1,low_mag_backdoor,78,cosserver_only,50,0.8907,403.8576591014862
0.1,low_mag_backdoor,78,cosserver_only,150,0.9032,403.8576591014862
0.1,low_mag_backdoor,78,fltrust,15,0.6975999999999999,348.3190631866455
0.1,low_mag_backdoor,78,fltrust,50,0.8388,348.3190631866455
0.1,low_mag_backdoor,78,fltrust,150,0.8772,348.3190631866455
0.1,low_mag_backdoor,78,trimmed_mean,15,0.8308,378.7826645374298
0.1,low_mag_backdoor,78,trimmed_mean,50,0.877,378.7826645374298
0.1,low_mag_backdoor,78,trimmed_mean,150,0.8878,378.7826645374298
0.1,low_mag_backdoor,78,clustering,15,0.8229,377.8564372062683
0.1,low_mag_backdoor,78,clustering,50,0.8456999999999999,377.8564372062683
0.1,low_mag_backdoor,78,clustering,150,0.8694,377.8564372062683
0.1,low_mag_backdoor,78,median,15,0.7388000000000001,400.2144982814789
0.1,low_mag_backdoor,78,median,50,0.8515,400.2144982814789
0.1,low_mag_backdoor,78,median,150,0.8612,400.2144982814789
0.1,low_mag_backdoor,79,sr_only,15,0.7684,1542.3663511276245
0.1,low_mag_backdoor,79,sr_only,50,0.7493000000000001,1542.3663511276245
0.1,low_mag_backdoor,79,sr_only,150,0.8745,1542.3663511276245
0.1,low_mag_backdoor,79,sr_bin,15,0.7601,1525.6211805343628
0.1,low_mag_backdoor,79,sr_bin,50,0.8182,1525.6211805343628
0.1,low_mag_backdoor,79,sr_bin,150,0.8734,1525.6211805343628
0.1,low_mag_backdoor,79,sr_b025,15,0.8635999999999999,1496.074853658676
0.1,low_mag_backdoor,79,sr_b025,50,0.8899000000000001,1496.074853658676
0.1,low_mag_backdoor,79,sr_b025,150,0.9059,1496.074853658676
0.1,low_mag_backdoor,79,cosserver_only,15,0.8511000000000001,663.440233707428
0.1,low_mag_backdoor,79,cosserver_only,50,0.8906999999999998,663.440233707428
0.1,low_mag_backdoor,79,cosserver_only,150,0.9012,663.440233707428
0.1,low_mag_backdoor,79,fltrust,15,0.7750000000000001,483.3234896659851
0.1,low_mag_backdoor,79,fltrust,50,0.8661999999999999,483.3234896659851
0.1,low_mag_backdoor,79,fltrust,150,0.8894,483.3234896659851
0.1,low_mag_backdoor,79,trimmed_mean,15,0.8309999999999998,355.83220982551575
0.1,low_mag_backdoor,79,trimmed_mean,50,0.8775000000000001,355.83220982551575
0.1,low_mag_backdoor,79,trimmed_mean,150,0.8881,355.83220982551575
0.1,low_mag_backdoor,79,clustering,15,0.7637,576.4523808956146
0.1,low_mag_backdoor,79,clustering,50,0.8417999999999999,576.4523808956146
0.1,low_mag_backdoor,79,clustering,150,0.8673,576.4523808956146
0.1,low_mag_backdoor,79,median,15,0.7393,734.0890140533447
0.1,low_mag_backdoor,79,median,50,0.8519,734.0890140533447
0.1,low_mag_backdoor,79,median,150,0.8625,734.0890140533447
0.1,low_mag_backdoor,80,sr_only,15,0.7781,1449.591706752777
0.1,low_mag_backdoor,80,sr_only,50,0.8042999999999999,1449.591706752777
0.1,low_mag_backdoor,80,sr_only,150,0.8755000000000001,1449.591706752777
0.1,low_mag_backdoor,80,sr_bin,15,0.7609,1364.958603143692
0.1,low_mag_backdoor,80,sr_bin,50,0.7240999999999999,1364.958603143692
0.1,low_mag_backdoor,80,sr_bin,150,0.8792,1364.958603143692
0.1,low_mag_backdoor,80,sr_b025,15,0.8657999999999999,1291.1726505756378
0.1,low_mag_backdoor,80,sr_b025,50,0.8836999999999999,1291.1726505756378
0.1,low_mag_backdoor,80,sr_b025,150,0.9053,1291.1726505756378
0.1,low_mag_backdoor,80,cosserver_only,15,0.8744999999999999,203.0452241897583
0.1,low_mag_backdoor,80,cosserver_only,50,0.8541000000000001,203.0452241897583
0.1,low_mag_backdoor,80,cosserver_only,150,0.8784000000000001,203.0452241897583
0.1,low_mag_backdoor,80,fltrust,15,0.7690000000000001,232.89718866348267
0.1,low_mag_backdoor,80,fltrust,50,0.8667,232.89718866348267
0.1,low_mag_backdoor,80,fltrust,150,0.8888,232.89718866348267
0.1,low_mag_backdoor,80,trimmed_mean,15,0.8314,216.51594805717468
0.1,low_mag_backdoor,80,trimmed_mean,50,0.8779999999999999,216.51594805717468
0.1,low_mag_backdoor,80,trimmed_mean,150,0.8881,216.51594805717468
0.1,low_mag_backdoor,80,clustering,15,0.7638,406.15674924850464
0.1,low_mag_backdoor,80,clustering,50,0.8415999999999999,406.15674924850464
0.1,low_mag_backdoor,80,clustering,150,0.8667,406.15674924850464
0.1,low_mag_backdoor,80,median,15,0.7389,347.46661019325256
0.1,low_mag_backdoor,80,median,50,0.8523,347.46661019325256
0.1,low_mag_backdoor,80,median,150,0.8615,347.46661019325256
0.1,low_mag_backdoor,81,sr_only,15,0.7584000000000001,1673.049652338028
0.1,low_mag_backdoor,81,sr_only,50,0.8591999999999999,1673.049652338028
0.1,low_mag_backdoor,81,sr_only,150,0.8751,1673.049652338028
0.1,low_mag_backdoor,81,sr_bin,15,0.7659,1697.968405008316
0.1,low_mag_backdoor,81,sr_bin,50,0.7681,1697.968405008316
0.1,low_mag_backdoor,81,sr_bin,150,0.8935000000000001,1697.968405008316
0.1,low_mag_backdoor,81,sr_b025,15,0.8647,1650.627292394638
0.1,low_mag_backdoor,81,sr_b025,50,0.8878,1650.627292394638
0.1,low_mag_backdoor,81,sr_b025,150,0.9055,1650.627292394638
0.1,low_mag_backdoor,81,cosserver_only,15,0.8801,476.9457395076752
0.1,low_mag_backdoor,81,cosserver_only,50,0.6798000000000001,476.9457395076752
0.1,low_mag_backdoor,81,cosserver_only,150,0.8988000000000002,476.9457395076752
0.1,low_mag_backdoor,81,fltrust,15,0.7283,387.42600202560425
0.1,low_mag_backdoor,81,fltrust,50,0.8606999999999999,387.42600202560425
0.1,low_mag_backdoor,81,fltrust,150,0.8744,387.42600202560425
0.1,low_mag_backdoor,81,trimmed_mean,15,0.8305999999999999,462.7560925483704
0.1,low_mag_backdoor,81,trimmed_mean,50,0.8772,462.7560925483704
0.1,low_mag_backdoor,81,trimmed_mean,150,0.8879000000000001,462.7560925483704
0.1,low_mag_backdoor,81,clustering,15,0.7628,459.66823387146
0.1,low_mag_backdoor,81,clustering,50,0.8409000000000001,459.66823387146
0.1,low_mag_backdoor,81,clustering,150,0.8671,459.66823387146
0.1,low_mag_backdoor,81,median,15,0.7394999999999999,479.8228898048401
0.1,low_mag_backdoor,81,median,50,0.8517999999999999,479.8228898048401
0.1,low_mag_backdoor,81,median,150,0.8618,479.8228898048401
0.5,low_mag_backdoor,72,sr_only,15,0.8964999999999999,1628.0057137012482
0.5,low_mag_backdoor,72,sr_only,50,0.9113,1628.0057137012482
0.5,low_mag_backdoor,72,sr_only,150,0.9185,1628.0057137012482
0.5,low_mag_backdoor,72,sr_bin,15,0.8913,1593.9475145339966
0.5,low_mag_backdoor,72,sr_bin,50,0.9126,1593.9475145339966
0.5,low_mag_backdoor,72,sr_bin,150,0.9172,1593.9475145339966
0.5,low_mag_backdoor,72,sr_b025,15,0.8946,1635.4459013938904
0.5,low_mag_backdoor,72,sr_b025,50,0.913,1635.4459013938904
0.5,low_mag_backdoor,72,sr_b025,150,0.9194,1635.4459013938904
0.5,low_mag_backdoor,72,cosserver_only,15,0.8896000000000001,357.44051146507263
0.5,low_mag_backdoor,72,cosserver_only,50,0.9178,357.44051146507263
0.5,low_mag_backdoor,72,cosserver_only,150,0.9157000000000002,357.44051146507263
0.5,low_mag_backdoor,72,fltrust,15,0.8266,400.7604579925537
0.5,low_mag_backdoor,72,fltrust,50,0.8894,400.7604579925537
0.5,low_mag_backdoor,72,fltrust,150,0.9079,400.7604579925537
0.5,low_mag_backdoor,72,trimmed_mean,15,0.8985999999999998,493.4054129123688
0.5,low_mag_backdoor,72,trimmed_mean,50,0.9132,493.4054129123688
0.5,low_mag_backdoor,72,trimmed_mean,150,0.9175,493.4054129123688
0.5,low_mag_backdoor,72,clustering,15,0.8953,402.0972979068756
0.5,low_mag_backdoor,72,clustering,50,0.9105,402.0972979068756
0.5,low_mag_backdoor,72,clustering,150,0.918,402.0972979068756
0.5,low_mag_backdoor,72,median,15,0.8966000000000001,397.5475549697876
0.5,low_mag_backdoor,72,median,50,0.9105,397.5475549697876
0.5,low_mag_backdoor,72,median,150,0.9137,397.5475549697876
0.5,low_mag_backdoor,73,sr_only,15,0.8941000000000001,1596.63130402565
0.5,low_mag_backdoor,73,sr_only,50,0.9036000000000002,1596.63130402565
0.5,low_mag_backdoor,73,sr_only,150,0.9190000000000002,1596.63130402565
0.5,low_mag_backdoor,73,sr_bin,15,0.8845000000000001,1580.9414820671082
0.5,low_mag_backdoor,73,sr_bin,50,0.9105,1580.9414820671082
0.5,low_mag_backdoor,73,sr_bin,150,0.9201,1580.9414820671082
0.5,low_mag_backdoor,73,sr_b025,15,0.9002000000000001,1586.4765799045565
0.5,low_mag_backdoor,73,sr_b025,50,0.9129,1586.4765799045565
0.5,low_mag_backdoor,73,sr_b025,150,0.9191,1586.4765799045565
0.5,low_mag_backdoor,73,cosserver_only,15,0.9034,461.74411249160767
0.5,low_mag_backdoor,73,cosserver_only,50,0.8974,461.74411249160767
0.5,low_mag_backdoor,73,cosserver_only,150,0.9007,461.74411249160767
0.5,low_mag_backdoor,73,fltrust,15,0.8272999999999999,381.7444498538971
0.5,low_mag_backdoor,73,fltrust,50,0.8882999999999999,381.7444498538971
0.5,low_mag_backdoor,73,fltrust,150,0.9067000000000002,381.7444498538971
0.5,low_mag_backdoor,73,trimmed_mean,15,0.8985,334.802880525589
0.5,low_mag_backdoor,73,trimmed_mean,50,0.9124,334.802880525589
0.5,low_mag_backdoor,73,trimmed_mean,150,0.9165,334.802880525589
0.5,low_mag_backdoor,73,clustering,15,0.8953000000000001,342.0506663322449
0.5,low_mag_backdoor,73,clustering,50,0.9107,342.0506663322449
0.5,low_mag_backdoor,73,clustering,150,0.9174,342.0506663322449
0.5,low_mag_backdoor,73,median,15,0.8963000000000001,303.2698061466217
0.5,low_mag_backdoor,73,median,50,0.9101,303.2698061466217
0.5,low_mag_backdoor,73,median,150,0.9133,303.2698061466217
0.5,low_mag_backdoor,74,sr_only,15,0.8963000000000001,1512.5924167633057
0.5,low_mag_backdoor,74,sr_only,50,0.9096,1512.5924167633057
0.5,low_mag_backdoor,74,sr_only,150,0.9192,1512.5924167633057
0.5,low_mag_backdoor,74,sr_bin,15,0.8842000000000001,1613.76220870018
0.5,low_mag_backdoor,74,sr_bin,50,0.9046,1613.76220870018
0.5,low_mag_backdoor,74,sr_bin,150,0.9176,1613.76220870018
0.5,low_mag_backdoor,74,sr_b025,15,0.8945000000000001,1558.9887294769287
0.5,low_mag_backdoor,74,sr_b025,50,0.9128,1558.9887294769287
0.5,low_mag_backdoor,74,sr_b025,150,0.918,1558.9887294769287
0.5,low_mag_backdoor,74,cosserver_only,15,0.8986000000000001,521.9305601119995
0.5,low_mag_backdoor,74,cosserver_only,50,0.9129,521.9305601119995
0.5,low_mag_backdoor,74,cosserver_only,150,0.9107,521.9305601119995
0.5,low_mag_backdoor,74,fltrust,15,0.8312999999999999,358.0755715370178
0.5,low_mag_backdoor,74,fltrust,50,0.8888000000000001,358.0755715370178
0.5,low_mag_backdoor,74,fltrust,150,0.9050999999999998,358.0755715370178
0.5,low_mag_backdoor,74,trimmed_mean,15,0.8985,257.74160051345825
0.5,low_mag_backdoor,74,trimmed_mean,50,0.9123,257.74160051345825
0.5,low_mag_backdoor,74,trimmed_mean,150,0.917,257.74160051345825
0.5,low_mag_backdoor,74,clustering,15,0.8955,470.735075712204
0.5,low_mag_backdoor,74,clustering,50,0.9108,470.735075712204
0.5,low_mag_backdoor,74,clustering,150,0.9177,470.735075712204
0.5,low_mag_backdoor,74,median,15,0.8959000000000001,455.43194603919983
0.5,low_mag_backdoor,74,median,50,0.9096,455.43194603919983
0.5,low_mag_backdoor,74,median,150,0.9132,455.43194603919983
0.5,low_mag_backdoor,75,sr_only,15,0.8911,1494.2645571231842
0.5,low_mag_backdoor,75,sr_only,50,0.912,1494.2645571231842
0.5,low_mag_backdoor,75,sr_only,150,0.9195,1494.2645571231842
0.5,low_mag_backdoor,75,sr_bin,15,0.8995,1557.5056126117706
0.5,low_mag_backdoor,75,sr_bin,50,0.9117,1557.5056126117706
0.5,low_mag_backdoor,75,sr_bin,150,0.9192000000000002,1557.5056126117706
0.5,low_mag_backdoor,75,sr_b025,15,0.9001999999999999,1608.484047651291
0.5,low_mag_backdoor,75,sr_b025,50,0.9129,1608.484047651291
0.5,low_mag_backdoor,75,sr_b025,150,0.9192,1608.484047651291
0.5,low_mag_backdoor,75,cosserver_only,15,0.899,520.8338837623596
0.5,low_mag_backdoor,75,cosserver_only,50,0.9103,520.8338837623596
0.5,low_mag_backdoor,75,cosserver_only,150,0.9049,520.8338837623596
0.5,low_mag_backdoor,75,fltrust,15,0.8489999999999999,511.035190820694
0.5,low_mag_backdoor,75,fltrust,50,0.8823000000000001,511.035190820694
0.5,low_mag_backdoor,75,fltrust,150,0.8979000000000001,511.035190820694
0.5,low_mag_backdoor,75,trimmed_mean,15,0.8988000000000002,752.4025902748108
0.5,low_mag_backdoor,75,trimmed_mean,50,0.9128000000000002,752.4025902748108
0.5,low_mag_backdoor,75,trimmed_mean,150,0.9167000000000002,752.4025902748108
0.5,low_mag_backdoor,75,clustering,15,0.8962,396.32476019859314
0.5,low_mag_backdoor,75,clustering,50,0.9108,396.32476019859314
0.5,low_mag_backdoor,75,clustering,150,0.918,396.32476019859314
0.5,low_mag_backdoor,75,median,15,0.8964000000000001,324.3432595729828
0.5,low_mag_backdoor,75,median,50,0.9102,324.3432595729828
0.5,low_mag_backdoor,75,median,150,0.9131,324.3432595729828
0.5,low_mag_backdoor,76,sr_only,15,0.8846999999999999,1554.7679822444916
0.5,low_mag_backdoor,76,sr_only,50,0.9091,1554.7679822444916
0.5,low_mag_backdoor,76,sr_only,150,0.918,1554.7679822444916
0.5,low_mag_backdoor,76,sr_bin,15,0.885,1593.5717899799347
0.5,low_mag_backdoor,76,sr_bin,50,0.9107,1593.5717899799347
0.5,low_mag_backdoor,76,sr_bin,150,0.9193,1593.5717899799347
0.5,low_mag_backdoor,76,sr_b025,15,0.8946,1537.135924577713
0.5,low_mag_backdoor,76,sr_b025,50,0.9139000000000002,1537.135924577713
0.5,low_mag_backdoor,76,sr_b025,150,0.9189,1537.135924577713
0.5,low_mag_backdoor,76,cosserver_only,15,0.9025,399.1439471244812
0.5,low_mag_backdoor,76,cosserver_only,50,0.916,399.1439471244812
0.5,low_mag_backdoor,76,cosserver_only,150,0.9176,399.1439471244812
0.5,low_mag_backdoor,76,fltrust,15,0.8154999999999999,398.1187469959259
0.5,low_mag_backdoor,76,fltrust,50,0.8844999999999998,398.1187469959259
0.5,low_mag_backdoor,76,fltrust,150,0.9009,398.1187469959259
0.5,low_mag_backdoor,76,trimmed_mean,15,0.8985,458.6669855117798
0.5,low_mag_backdoor,76,trimmed_mean,50,0.9129000000000002,458.6669855117798
0.5,low_mag_backdoor,76,trimmed_mean,150,0.9174,458.6669855117798
0.5,low_mag_backdoor,76,clustering,15,0.8950000000000001,428.5148344039917
0.5,low_mag_backdoor,76,clustering,50,0.9108,428.5148344039917
0.5,low_mag_backdoor,76,clustering,150,0.9174,428.5148344039917
0.5,low_mag_backdoor,76,median,15,0.8966,641.704336643219
0.5,low_mag_backdoor,76,median,50,0.9103,641.704336643219
0.5,low_mag_backdoor,76,median,150,0.9136,641.704336643219
0.5,low_mag_backdoor,77,sr_only,15,0.8923,1471.661864042282
0.5,low_mag_backdoor,77,sr_only,50,0.9121,1471.661864042282
0.5,low_mag_backdoor,77,sr_only,150,0.9176,1471.661864042282
0.5,low_mag_backdoor,77,sr_bin,15,0.8913,1551.4012439250946
0.5,low_mag_backdoor,77,sr_bin,50,0.9129,1551.4012439250946
0.5,low_mag_backdoor,77,sr_bin,150,0.9163,1551.4012439250946
0.5,low_mag_backdoor,77,sr_b025,15,0.8937999999999999,1554.4844567775726
0.5,low_mag_backdoor,77,sr_b025,50,0.9128,1554.4844567775726
0.5,low_mag_backdoor,77,sr_b025,150,0.9194,1554.4844567775726
0.5,low_mag_backdoor,77,cosserver_only,15,0.8998000000000002,346.7624900341034
0.5,low_mag_backdoor,77,cosserver_only,50,0.9111000000000002,346.7624900341034
0.5,low_mag_backdoor,77,cosserver_only,150,0.8955,346.7624900341034
0.5,low_mag_backdoor,77,fltrust,15,0.8327,469.7205369472504
0.5,low_mag_backdoor,77,fltrust,50,0.8849,469.7205369472504
0.5,low_mag_backdoor,77,fltrust,150,0.9039,469.7205369472504
0.5,low_mag_backdoor,77,trimmed_mean,15,0.8983000000000001,468.6387922763825
0.5,low_mag_backdoor,77,trimmed_mean,50,0.9129000000000002,468.6387922763825
0.5,low_mag_backdoor,77,trimmed_mean,150,0.9169,468.6387922763825
0.5,low_mag_backdoor,77,clustering,15,0.8951,452.1945915222168
0.5,low_mag_backdoor,77,clustering,50,0.9105,452.1945915222168
0.5,low_mag_backdoor,77,clustering,150,0.9176000000000002,452.1945915222168
0.5,low_mag_backdoor,77,median,15,0.8961,393.3259403705597
0.5,low_mag_backdoor,77,median,50,0.9104,393.3259403705597
0.5,low_mag_backdoor,77,median,150,0.9135,393.3259403705597
0.5,low_mag_backdoor,78,sr_only,15,0.8992000000000001,1559.3608849048617
0.5,low_mag_backdoor,78,sr_only,50,0.9067,1559.3608849048617
0.5,low_mag_backdoor,78,sr_only,150,0.9189,1559.3608849048617
0.5,low_mag_backdoor,78,sr_bin,15,0.8983000000000001,1537.1494579315186
0.5,low_mag_backdoor,78,sr_bin,50,0.9098,1537.1494579315186
0.5,low_mag_backdoor,78,sr_bin,150,0.9197,1537.1494579315186
0.5,low_mag_backdoor,78,sr_b025,15,0.9001999999999999,1543.7527277469635
0.5,low_mag_backdoor,78,sr_b025,50,0.9128,1543.7527277469635
0.5,low_mag_backdoor,78,sr_b025,150,0.919,1543.7527277469635
0.5,low_mag_backdoor,78,cosserver_only,15,0.9012,384.4797697067261
0.5,low_mag_backdoor,78,cosserver_only,50,0.9123,384.4797697067261
0.5,low_mag_backdoor,78,cosserver_only,150,0.9115,384.4797697067261
0.5,low_mag_backdoor,78,fltrust,15,0.8317,509.0441401004791
0.5,low_mag_backdoor,78,fltrust,50,0.8873999999999999,509.0441401004791
0.5,low_mag_backdoor,78,fltrust,150,0.9029,509.0441401004791
0.5,low_mag_backdoor,78,trimmed_mean,15,0.8991,792.9493491649628
0.5,low_mag_backdoor,78,trimmed_mean,50,0.9125000000000002,792.9493491649628
0.5,low_mag_backdoor,78,trimmed_mean,150,0.9171,792.9493491649628
0.5,low_mag_backdoor,78,clustering,15,0.8956,671.936957359314
0.5,low_mag_backdoor,78,clustering,50,0.911,671.936957359314
0.5,low_mag_backdoor,78,clustering,150,0.9177000000000002,671.936957359314
0.5,low_mag_backdoor,78,median,15,0.8965000000000002,862.0025482177734
0.5,low_mag_backdoor,78,median,50,0.9102,862.0025482177734
0.5,low_mag_backdoor,78,median,150,0.9135,862.0025482177734
0.5,low_mag_backdoor,79,sr_only,15,0.8996000000000001,1493.2485885620115
0.5,low_mag_backdoor,79,sr_only,50,0.9073,1493.2485885620115
0.5,low_mag_backdoor,79,sr_only,150,0.9173,1493.2485885620115
0.5,low_mag_backdoor,79,sr_bin,15,0.8998000000000002,1539.8023946285248
0.5,low_mag_backdoor,79,sr_bin,50,0.9143,1539.8023946285248
0.5,low_mag_backdoor,79,sr_bin,150,0.9176,1539.8023946285248
0.5,low_mag_backdoor,79,sr_b025,15,0.9007,1502.1451210975647
0.5,low_mag_backdoor,79,sr_b025,50,0.913,1502.1451210975647
0.5,low_mag_backdoor,79,sr_b025,150,0.9198,1502.1451210975647
0.5,low_mag_backdoor,79,cosserver_only,15,0.9026,513.6855840682983
0.5,low_mag_backdoor,79,cosserver_only,50,0.9102,513.6855840682983
0.5,low_mag_backdoor,79,cosserver_only,150,0.9127,513.6855840682983
0.5,low_mag_backdoor,79,fltrust,15,0.8255999999999999,524.2921569347382
0.5,low_mag_backdoor,79,fltrust,50,0.8874000000000001,524.2921569347382
0.5,low_mag_backdoor,79,fltrust,150,0.9037,524.2921569347382
0.5,low_mag_backdoor,79,trimmed_mean,15,0.8981,353.63599920272827
0.5,low_mag_backdoor,79,trimmed_mean,50,0.9128,353.63599920272827
0.5,low_mag_backdoor,79,trimmed_mean,150,0.9172,353.63599920272827
0.5,low_mag_backdoor,79,clustering,15,0.8955,396.4555125236511
0.5,low_mag_backdoor,79,clustering,50,0.9106000000000002,396.4555125236511
0.5,low_mag_backdoor,79,clustering,150,0.9178,396.4555125236511
0.5,low_mag_backdoor,79,median,15,0.8960000000000001,616.4731123447418
0.5,low_mag_backdoor,79,median,50,0.9096,616.4731123447418
0.5,low_mag_backdoor,79,median,150,0.9138,616.4731123447418
0.5,low_mag_backdoor,80,sr_only,15,0.8968,1461.7678699493408
0.5,low_mag_backdoor,80,sr_only,50,0.9119000000000002,1461.7678699493408
0.5,low_mag_backdoor,80,sr_only,150,0.9155,1461.7678699493408
0.5,low_mag_backdoor,80,sr_bin,15,0.8891,1397.5100326538086
0.5,low_mag_backdoor,80,sr_bin,50,0.9122,1397.5100326538086
0.5,low_mag_backdoor,80,sr_bin,150,0.9191,1397.5100326538086
0.5,low_mag_backdoor,80,sr_b025,15,0.9009,1316.6034553050995
0.5,low_mag_backdoor,80,sr_b025,50,0.9126,1316.6034553050995
0.5,low_mag_backdoor,80,sr_b025,150,0.9195,1316.6034553050995
0.5,low_mag_backdoor,80,cosserver_only,15,0.8928999999999998,293.5267834663391
0.5,low_mag_backdoor,80,cosserver_only,50,0.9117,293.5267834663391
0.5,low_mag_backdoor,80,cosserver_only,150,0.9152,293.5267834663391
0.5,low_mag_backdoor,80,fltrust,15,0.8441000000000001,198.04025411605835
0.5,low_mag_backdoor,80,fltrust,50,0.8874000000000001,198.04025411605835
0.5,low_mag_backdoor,80,fltrust,150,0.9053,198.04025411605835
0.5,low_mag_backdoor,80,trimmed_mean,15,0.899,369.6962146759033
0.5,low_mag_backdoor,80,trimmed_mean,50,0.913,369.6962146759033
0.5,low_mag_backdoor,80,trimmed_mean,150,0.917,369.6962146759033
0.5,low_mag_backdoor,80,clustering,15,0.8959999999999999,331.3129053115845
0.5,low_mag_backdoor,80,clustering,50,0.9111,331.3129053115845
0.5,low_mag_backdoor,80,clustering,150,0.9177,331.3129053115845
0.5,low_mag_backdoor,80,median,15,0.8966,275.36128282547
0.5,low_mag_backdoor,80,median,50,0.9102,275.36128282547
0.5,low_mag_backdoor,80,median,150,0.9134,275.36128282547
0.5,low_mag_backdoor,81,sr_only,15,0.8909,1383.5225265026093
0.5,low_mag_backdoor,81,sr_only,50,0.9055,1383.5225265026093
0.5,low_mag_backdoor,81,sr_only,150,0.9185,1383.5225265026093
0.5,low_mag_backdoor,81,sr_bin,15,0.8945000000000001,1597.7442026138306
0.5,low_mag_backdoor,81,sr_bin,50,0.913,1597.7442026138306
0.5,low_mag_backdoor,81,sr_bin,150,0.9181,1597.7442026138306
0.5,low_mag_backdoor,81,sr_b025,15,0.9004999999999999,1668.3592193126678
0.5,low_mag_backdoor,81,sr_b025,50,0.9127,1668.3592193126678
0.5,low_mag_backdoor,81,sr_b025,150,0.9191,1668.3592193126678
0.5,low_mag_backdoor,81,cosserver_only,15,0.8897999999999999,422.2009084224701
0.5,low_mag_backdoor,81,cosserver_only,50,0.9095,422.2009084224701
0.5,low_mag_backdoor,81,cosserver_only,150,0.9156,422.2009084224701
0.5,low_mag_backdoor,81,fltrust,15,0.8202999999999999,344.25064754486084
0.5,low_mag_backdoor,81,fltrust,50,0.8866999999999999,344.25064754486084
0.5,low_mag_backdoor,81,fltrust,150,0.9072,344.25064754486084
0.5,low_mag_backdoor,81,trimmed_mean,15,0.8987,396.7611501216888
0.5,low_mag_backdoor,81,trimmed_mean,50,0.9121,396.7611501216888
0.5,low_mag_backdoor,81,trimmed_mean,150,0.9168,396.7611501216888
0.5,low_mag_backdoor,81,clustering,15,0.8955,521.5551660060883
0.5,low_mag_backdoor,81,clustering,50,0.9106000000000002,521.5551660060883
0.5,low_mag_backdoor,81,clustering,150,0.9179,521.5551660060883
0.5,low_mag_backdoor,81,median,15,0.8963000000000001,461.2983796596527
0.5,low_mag_backdoor,81,median,50,0.9096,461.2983796596527
0.5,low_mag_backdoor,81,median,150,0.9134,461.2983796596527
0.05,sign_flipping,72,sr_only,15,0.696,1559.4431369304657
0.05,sign_flipping,72,sr_only,50,0.8177999999999999,1559.4431369304657
0.05,sign_flipping,72,sr_only,150,0.8286,1559.4431369304657
0.05,sign_flipping,72,sr_bin,15,0.6774,1549.8151268959043
0.05,sign_flipping,72,sr_bin,50,0.8271,1549.8151268959043
0.05,sign_flipping,72,sr_bin,150,0.8428999999999999,1549.8151268959043
0.05,sign_flipping,72,sr_b025,15,0.7134999999999999,1580.8771345615387
0.05,sign_flipping,72,sr_b025,50,0.8347,1580.8771345615387
0.05,sign_flipping,72,sr_b025,150,0.8318,1580.8771345615387
0.05,sign_flipping,72,cosserver_only,15,0.7904,379.8161256313324
0.05,sign_flipping,72,cosserver_only,50,0.7611,379.8161256313324
0.05,sign_flipping,72,cosserver_only,150,0.8056000000000001,379.8161256313324
0.05,sign_flipping,72,fltrust,15,0.6292,523.7163226604462
0.05,sign_flipping,72,fltrust,50,0.7596999999999999,523.7163226604462
0.05,sign_flipping,72,fltrust,150,0.835,523.7163226604462
0.05,sign_flipping,72,trimmed_mean,15,0.5071,401.066609621048
0.05,sign_flipping,72,trimmed_mean,50,0.5711999999999999,401.066609621048
0.05,sign_flipping,72,trimmed_mean,150,0.6094999999999999,401.066609621048
0.05,sign_flipping,72,clustering,15,0.7409999999999999,441.5992255210877
0.05,sign_flipping,72,clustering,50,0.8488,441.5992255210877
0.05,sign_flipping,72,clustering,150,0.876,441.5992255210877
0.05,sign_flipping,72,median,15,0.4587,440.97065234184265
0.05,sign_flipping,72,median,50,0.5628,440.97065234184265
0.05,sign_flipping,72,median,150,0.635,440.97065234184265
0.05,sign_flipping,73,sr_only,15,0.6955,1588.1391716003418
0.05,sign_flipping,73,sr_only,50,0.7801,1588.1391716003418
0.05,sign_flipping,73,sr_only,150,0.8287000000000001,1588.1391716003418
0.05,sign_flipping,73,sr_bin,15,0.6852,1598.6095204353333
0.05,sign_flipping,73,sr_bin,50,0.7484,1598.6095204353333
0.05,sign_flipping,73,sr_bin,150,0.8504999999999999,1598.6095204353333
0.05,sign_flipping,73,sr_b025,15,0.6939,1569.836091756821
0.05,sign_flipping,73,sr_b025,50,0.8312999999999999,1569.836091756821
0.05,sign_flipping,73,sr_b025,150,0.8093,1569.836091756821
0.05,sign_flipping,73,cosserver_only,15,0.8069000000000001,354.7208197116852
0.05,sign_flipping,73,cosserver_only,50,0.8631,354.7208197116852
0.05,sign_flipping,73,cosserver_only,150,0.8313,354.7208197116852
0.05,sign_flipping,73,fltrust,15,0.6642000000000001,452.83187317848206
0.05,sign_flipping,73,fltrust,50,0.8053000000000001,452.83187317848206
0.05,sign_flipping,73,fltrust,150,0.8497,452.83187317848206
0.05,sign_flipping,73,trimmed_mean,15,0.5072,586.909209728241
0.05,sign_flipping,73,trimmed_mean,50,0.5710999999999999,586.909209728241
0.05,sign_flipping,73,trimmed_mean,150,0.6085999999999999,586.909209728241
0.05,sign_flipping,73,clustering,15,0.7402,419.9648485183716
0.05,sign_flipping,73,clustering,50,0.8484,419.9648485183716
0.05,sign_flipping,73,clustering,150,0.8751000000000001,419.9648485183716
0.05,sign_flipping,73,median,15,0.4589,697.6004285812378
0.05,sign_flipping,73,median,50,0.5635999999999999,697.6004285812378
0.05,sign_flipping,73,median,150,0.6336,697.6004285812378
0.05,sign_flipping,74,sr_only,15,0.78,1488.9544603824615
0.05,sign_flipping,74,sr_only,50,0.8278999999999999,1488.9544603824615
0.05,sign_flipping,74,sr_only,150,0.8110999999999999,1488.9544603824615
0.05,sign_flipping,74,sr_bin,15,0.6773,1581.747498035431
0.05,sign_flipping,74,sr_bin,50,0.7691000000000001,1581.747498035431
0.05,sign_flipping,74,sr_bin,150,0.8423,1581.747498035431
0.05,sign_flipping,74,sr_b025,15,0.6933999999999999,1592.18004155159
0.05,sign_flipping,74,sr_b025,50,0.8322999999999998,1592.18004155159
0.05,sign_flipping,74,sr_b025,150,0.8311999999999999,1592.18004155159
0.05,sign_flipping,74,cosserver_only,15,0.74,408.1505179405213
0.05,sign_flipping,74,cosserver_only,50,0.8633,408.1505179405213
0.05,sign_flipping,74,cosserver_only,150,0.8790999999999999,408.1505179405213
0.05,sign_flipping,74,fltrust,15,0.5824999999999999,423.92484045028687
0.05,sign_flipping,74,fltrust,50,0.7812000000000001,423.92484045028687
0.05,sign_flipping,74,fltrust,150,0.8458,423.92484045028687
0.05,sign_flipping,74,trimmed_mean,15,0.508,324.43115735054016
0.05,sign_flipping,74,trimmed_mean,50,0.5708,324.43115735054016
0.05,sign_flipping,74,trimmed_mean,150,0.6083999999999999,324.43115735054016
0.05,sign_flipping,74,clustering,15,0.7424999999999999,492.2993562221527
0.05,sign_flipping,74,clustering,50,0.8482999999999998,492.2993562221527
0.05,sign_flipping,74,clustering,150,0.8754,492.2993562221527
0.05,sign_flipping,74,median,15,0.4584,404.0011978149414
0.05,sign_flipping,74,median,50,0.5629,404.0011978149414
0.05,sign_flipping,74,median,150,0.6327,404.0011978149414
0.05,sign_flipping,75,sr_only,15,0.7338,1548.3569593429563
0.05,sign_flipping,75,sr_only,50,0.8348999999999999,1548.3569593429563
0.05,sign_flipping,75,sr_only,150,0.8613,1548.3569593429563
0.05,sign_flipping,75,sr_bin,15,0.6774000000000001,1586.313898086548
0.05,sign_flipping,75,sr_bin,50,0.7667,1586.313898086548
0.05,sign_flipping,75,sr_bin,150,0.8442000000000001,1586.313898086548
0.05,sign_flipping,75,sr_b025,15,0.7146,1614.1924788951874
0.05,sign_flipping,75,sr_b025,50,0.8334999999999999,1614.1924788951874
0.05,sign_flipping,75,sr_b025,150,0.8314999999999999,1614.1924788951874
0.05,sign_flipping,75,cosserver_only,15,0.8103,555.317794084549
0.05,sign_flipping,75,cosserver_only,50,0.8612,555.317794084549
0.05,sign_flipping,75,cosserver_only,150,0.8766999999999999,555.317794084549
0.05,sign_flipping,75,fltrust,15,0.6698,506.454686164856
0.05,sign_flipping,75,fltrust,50,0.8012,506.454686164856
0.05,sign_flipping,75,fltrust,150,0.8513999999999999,506.454686164856
0.05,sign_flipping,75,trimmed_mean,15,0.5079,470.6842315196991
0.05,sign_flipping,75,trimmed_mean,50,0.5714,470.6842315196991
0.05,sign_flipping,75,trimmed_mean,150,0.6088000000000001,470.6842315196991
0.05,sign_flipping,75,clustering,15,0.7408,372.5521242618561
0.05,sign_flipping,75,clustering,50,0.8487,372.5521242618561
0.05,sign_flipping,75,clustering,150,0.8753,372.5521242618561
0.05,sign_flipping,75,median,15,0.4598000000000001,347.30223512649536
0.05,sign_flipping,75,median,50,0.5638,347.30223512649536
0.05,sign_flipping,75,median,150,0.6347,347.30223512649536
0.05,sign_flipping,76,sr_only,15,0.7323,1514.272954940796
0.05,sign_flipping,76,sr_only,50,0.8467,1514.272954940796
0.05,sign_flipping,76,sr_only,150,0.8587999999999999,1514.272954940796
0.05,sign_flipping,76,sr_bin,15,0.6769000000000001,1515.345405101776
0.05,sign_flipping,76,sr_bin,50,0.7849,1515.345405101776
0.05,sign_flipping,76,sr_bin,150,0.8419000000000001,1515.345405101776
0.05,sign_flipping,76,sr_b025,15,0.7150000000000001,1558.3028597831726
0.05,sign_flipping,76,sr_b025,50,0.8346,1558.3028597831726
0.05,sign_flipping,76,sr_b025,150,0.8324999999999999,1558.3028597831726
0.05,sign_flipping,76,cosserver_only,15,0.6849000000000001,400.3909993171692
0.05,sign_flipping,76,cosserver_only,50,0.7823,400.3909993171692
0.05,sign_flipping,76,cosserver_only,150,0.8835000000000001,400.3909993171692
0.05,sign_flipping,76,fltrust,15,0.6427,352.00411224365234
0.05,sign_flipping,76,fltrust,50,0.7834000000000001,352.00411224365234
0.05,sign_flipping,76,fltrust,150,0.8443999999999999,352.00411224365234
0.05,sign_flipping,76,trimmed_mean,15,0.5063000000000001,436.31888580322266
0.05,sign_flipping,76,trimmed_mean,50,0.5705,436.31888580322266
0.05,sign_flipping,76,trimmed_mean,150,0.6079999999999999,436.31888580322266
0.05,sign_flipping,76,clustering,15,0.7401,432.1810574531555
0.05,sign_flipping,76,clustering,50,0.8482999999999998,432.1810574531555
0.05,sign_flipping,76,clustering,150,0.8751,432.1810574531555
0.05,sign_flipping,76,median,15,0.4571,492.87787890434265
0.05,sign_flipping,76,median,50,0.5635,492.87787890434265
0.05,sign_flipping,76,median,150,0.6327,492.87787890434265
0.05,sign_flipping,77,sr_only,15,0.7862,1504.8803312778473
0.05,sign_flipping,77,sr_only,50,0.8335999999999999,1504.8803312778473
0.05,sign_flipping,77,sr_only,150,0.8536999999999999,1504.8803312778473
0.05,sign_flipping,77,sr_bin,15,0.685,1469.2580926418304
0.05,sign_flipping,77,sr_bin,50,0.8054,1469.2580926418304
0.05,sign_flipping,77,sr_bin,150,0.8555999999999999,1469.2580926418304
0.05,sign_flipping,77,sr_b025,15,0.6933,1512.9487664699554
0.05,sign_flipping,77,sr_b025,50,0.8300999999999998,1512.9487664699554
0.05,sign_flipping,77,sr_b025,150,0.8385999999999999,1512.9487664699554
0.05,sign_flipping,77,cosserver_only,15,0.8291999999999999,383.720668554306
0.05,sign_flipping,77,cosserver_only,50,0.8679,383.720668554306
0.05,sign_flipping,77,cosserver_only,150,0.8928999999999998,383.720668554306
0.05,sign_flipping,77,fltrust,15,0.7058000000000001,415.5928120613098
0.05,sign_flipping,77,fltrust,50,0.8073,415.5928120613098
0.05,sign_flipping,77,fltrust,150,0.86,415.5928120613098
0.05,sign_flipping,77,trimmed_mean,15,0.508,394.0789737701416
0.05,sign_flipping,77,trimmed_mean,50,0.5714999999999999,394.0789737701416
0.05,sign_flipping,77,trimmed_mean,150,0.6083000000000001,394.0789737701416
0.05,sign_flipping,77,clustering,15,0.7381,498.2279551029205
0.05,sign_flipping,77,clustering,50,0.8483,498.2279551029205
0.05,sign_flipping,77,clustering,150,0.8754,498.2279551029205
0.05,sign_flipping,77,median,15,0.4596,399.7309980392456
0.05,sign_flipping,77,median,50,0.5637000000000001,399.7309980392456
0.05,sign_flipping,77,median,150,0.6332,399.7309980392456
0.05,sign_flipping,78,sr_only,15,0.6939,1532.8278667926788
0.05,sign_flipping,78,sr_only,50,0.8223,1532.8278667926788
0.05,sign_flipping,78,sr_only,150,0.8447999999999999,1532.8278667926788
0.05,sign_flipping,78,sr_bin,15,0.6811,1531.5848019123075
0.05,sign_flipping,78,sr_bin,50,0.7815000000000001,1531.5848019123075
0.05,sign_flipping,78,sr_bin,150,0.8233,1531.5848019123075
0.05,sign_flipping,78,sr_b025,15,0.6933,1526.2780499458313
0.05,sign_flipping,78,sr_b025,50,0.8310000000000001,1526.2780499458313
0.05,sign_flipping,78,sr_b025,150,0.8267,1526.2780499458313
0.05,sign_flipping,78,cosserver_only,15,0.8134,660.0024797916412
0.05,sign_flipping,78,cosserver_only,50,0.8566,660.0024797916412
0.05,sign_flipping,78,cosserver_only,150,0.8701000000000001,660.0024797916412
0.05,sign_flipping,78,fltrust,15,0.6371,663.7760062217712
0.05,sign_flipping,78,fltrust,50,0.8032,663.7760062217712
0.05,sign_flipping,78,fltrust,150,0.8575999999999999,663.7760062217712
0.05,sign_flipping,78,trimmed_mean,15,0.5069999999999999,537.5626754760742
0.05,sign_flipping,78,trimmed_mean,50,0.5706,537.5626754760742
0.05,sign_flipping,78,trimmed_mean,150,0.6085,537.5626754760742
0.05,sign_flipping,78,clustering,15,0.7390000000000001,457.7692360877991
0.05,sign_flipping,78,clustering,50,0.8474999999999999,457.7692360877991
0.05,sign_flipping,78,clustering,150,0.8749,457.7692360877991
0.05,sign_flipping,78,median,15,0.4593000000000001,446.1668720245361
0.05,sign_flipping,78,median,50,0.5640000000000001,446.1668720245361
0.05,sign_flipping,78,median,150,0.6319,446.1668720245361
0.05,sign_flipping,79,sr_only,15,0.7811000000000001,1523.4687814712524
0.05,sign_flipping,79,sr_only,50,0.8492999999999998,1523.4687814712524
0.05,sign_flipping,79,sr_only,150,0.8462999999999999,1523.4687814712524
0.05,sign_flipping,79,sr_bin,15,0.6872,1559.17414021492
0.05,sign_flipping,79,sr_bin,50,0.785,1559.17414021492
0.05,sign_flipping,79,sr_bin,150,0.8427,1559.17414021492
0.05,sign_flipping,79,sr_b025,15,0.7148,1514.6119496822355
0.05,sign_flipping,79,sr_b025,50,0.8337999999999999,1514.6119496822355
0.05,sign_flipping,79,sr_b025,150,0.8324999999999999,1514.6119496822355
0.05,sign_flipping,79,cosserver_only,15,0.8192999999999999,331.37616205215454
0.05,sign_flipping,79,cosserver_only,50,0.8145,331.37616205215454
0.05,sign_flipping,79,cosserver_only,150,0.8167,331.37616205215454
0.05,sign_flipping,79,fltrust,15,0.6243000000000001,446.6520245075226
0.05,sign_flipping,79,fltrust,50,0.8146000000000001,446.6520245075226
0.05,sign_flipping,79,fltrust,150,0.8609,446.6520245075226
0.05,sign_flipping,79,trimmed_mean,15,0.5067,383.2012045383453
0.05,sign_flipping,79,trimmed_mean,50,0.571,383.2012045383453
0.05,sign_flipping,79,trimmed_mean,150,0.6088,383.2012045383453
0.05,sign_flipping,79,clustering,15,0.7404999999999999,388.9827878475189
0.05,sign_flipping,79,clustering,50,0.8486,388.9827878475189
0.05,sign_flipping,79,clustering,150,0.8753,388.9827878475189
0.05,sign_flipping,79,median,15,0.4576,501.9852261543274
0.05,sign_flipping,79,median,50,0.5638,501.9852261543274
0.05,sign_flipping,79,median,150,0.634,501.9852261543274
0.05,sign_flipping,80,sr_only,15,0.7336999999999999,1331.3923902511597
0.05,sign_flipping,80,sr_only,50,0.8195,1331.3923902511597
0.05,sign_flipping,80,sr_only,150,0.8638999999999999,1331.3923902511597
0.05,sign_flipping,80,sr_bin,15,0.6804,1428.5027725696564
0.05,sign_flipping,80,sr_bin,50,0.7614,1428.5027725696564
0.05,sign_flipping,80,sr_bin,150,0.8438000000000001,1428.5027725696564
0.05,sign_flipping,80,sr_b025,15,0.7151,1688.6681423187256
0.05,sign_flipping,80,sr_b025,50,0.8351,1688.6681423187256
0.05,sign_flipping,80,sr_b025,150,0.8306999999999999,1688.6681423187256
0.05,sign_flipping,80,cosserver_only,15,0.8009999999999999,344.2260756492615
0.05,sign_flipping,80,cosserver_only,50,0.6275000000000001,344.2260756492615
0.05,sign_flipping,80,cosserver_only,150,0.8794000000000001,344.2260756492615
0.05,sign_flipping,80,fltrust,15,0.6662,368.29748702049255
0.05,sign_flipping,80,fltrust,50,0.8126999999999999,368.29748702049255
0.05,sign_flipping,80,fltrust,150,0.8554,368.29748702049255
0.05,sign_flipping,80,trimmed_mean,15,0.5074000000000001,471.7258038520813
0.05,sign_flipping,80,trimmed_mean,50,0.5714999999999999,471.7258038520813
0.05,sign_flipping,80,trimmed_mean,150,0.6091,471.7258038520813
0.05,sign_flipping,80,clustering,15,0.7401000000000002,426.3736491203308
0.05,sign_flipping,80,clustering,50,0.8487,426.3736491203308
0.05,sign_flipping,80,clustering,150,0.8756999999999999,426.3736491203308
0.05,sign_flipping,80,median,15,0.4581,537.6001057624817
0.05,sign_flipping,80,median,50,0.5633999999999999,537.6001057624817
0.05,sign_flipping,80,median,150,0.633,537.6001057624817
0.05,sign_flipping,81,sr_only,15,0.7850000000000001,1706.2873139381409
0.05,sign_flipping,81,sr_only,50,0.6479000000000001,1706.2873139381409
0.05,sign_flipping,81,sr_only,150,0.8451000000000001,1706.2873139381409
0.05,sign_flipping,81,sr_bin,15,0.6775,1740.1044838428495
0.05,sign_flipping,81,sr_bin,50,0.7608,1740.1044838428495
0.05,sign_flipping,81,sr_bin,150,0.8426,1740.1044838428495
0.05,sign_flipping,81,sr_b025,15,0.6931999999999998,1688.494796514511
0.05,sign_flipping,81,sr_b025,50,0.8271000000000001,1688.494796514511
0.05,sign_flipping,81,sr_b025,150,0.8391,1688.494796514511
0.05,sign_flipping,81,cosserver_only,15,0.6236,420.3581275939941
0.05,sign_flipping,81,cosserver_only,50,0.8513,420.3581275939941
0.05,sign_flipping,81,cosserver_only,150,0.8848,420.3581275939941
0.05,sign_flipping,81,fltrust,15,0.6726,487.3033721446991
0.05,sign_flipping,81,fltrust,50,0.8147,487.3033721446991
0.05,sign_flipping,81,fltrust,150,0.8572999999999998,487.3033721446991
0.05,sign_flipping,81,trimmed_mean,15,0.5075000000000001,524.6343150138855
0.05,sign_flipping,81,trimmed_mean,50,0.5713,524.6343150138855
0.05,sign_flipping,81,trimmed_mean,150,0.6085999999999999,524.6343150138855
0.05,sign_flipping,81,clustering,15,0.74,305.10836601257324
0.05,sign_flipping,81,clustering,50,0.8484999999999999,305.10836601257324
0.05,sign_flipping,81,clustering,150,0.8756,305.10836601257324
0.05,sign_flipping,81,median,15,0.4592,176.80368900299072
0.05,sign_flipping,81,median,50,0.5642,176.80368900299072
0.05,sign_flipping,81,median,150,0.6327,176.80368900299072
0.1,sign_flipping,72,sr_only,15,0.7858,1643.2209312915802
0.1,sign_flipping,72,sr_only,50,0.8413999999999999,1643.2209312915802
0.1,sign_flipping,72,sr_only,150,0.8699999999999999,1643.2209312915802
0.1,sign_flipping,72,sr_bin,15,0.7788,1639.8269724845886
0.1,sign_flipping,72,sr_bin,50,0.8362,1639.8269724845886
0.1,sign_flipping,72,sr_bin,150,0.8659000000000001,1639.8269724845886
0.1,sign_flipping,72,sr_b025,15,0.725,1604.3622863292694
0.1,sign_flipping,72,sr_b025,50,0.8702,1604.3622863292694
0.1,sign_flipping,72,sr_b025,150,0.8891,1604.3622863292694
0.1,sign_flipping,72,cosserver_only,15,0.8491,507.9129116535187
0.1,sign_flipping,72,cosserver_only,50,0.8311999999999999,507.9129116535187
0.1,sign_flipping,72,cosserver_only,150,0.8920999999999999,507.9129116535187
0.1,sign_flipping,72,fltrust,15,0.6165,332.5126662254333
0.1,sign_flipping,72,fltrust,50,0.8327,332.5126662254333
0.1,sign_flipping,72,fltrust,150,0.8802999999999999,332.5126662254333
0.1,sign_flipping,72,trimmed_mean,15,0.4391,522.7648770809174
0.1,sign_flipping,72,trimmed_mean,50,0.5558,522.7648770809174
0.1,sign_flipping,72,trimmed_mean,150,0.6163,522.7648770809174
0.1,sign_flipping,72,clustering,15,0.7841,513.3291966915131
0.1,sign_flipping,72,clustering,50,0.7414000000000001,513.3291966915131
0.1,sign_flipping,72,clustering,150,0.8872,513.3291966915131
0.1,sign_flipping,72,median,15,0.4210999999999999,595.0003521442413
0.1,sign_flipping,72,median,50,0.4916,595.0003521442413
0.1,sign_flipping,72,median,150,0.5397000000000001,595.0003521442413
0.1,sign_flipping,73,sr_only,15,0.7871,1556.6726059913635
0.1,sign_flipping,73,sr_only,50,0.8450999999999999,1556.6726059913635
0.1,sign_flipping,73,sr_only,150,0.8587999999999999,1556.6726059913635
0.1,sign_flipping,73,sr_bin,15,0.7857999999999999,1567.523851394653
0.1,sign_flipping,73,sr_bin,50,0.8390000000000001,1567.523851394653
0.1,sign_flipping,73,sr_bin,150,0.8475999999999999,1567.523851394653
0.1,sign_flipping,73,sr_b025,15,0.7309,1593.671621799469
0.1,sign_flipping,73,sr_b025,50,0.8711,1593.671621799469
0.1,sign_flipping,73,sr_b025,150,0.8885000000000002,1593.671621799469
0.1,sign_flipping,73,cosserver_only,15,0.8077,387.8198456764221
0.1,sign_flipping,73,cosserver_only,50,0.8779,387.8198456764221
0.1,sign_flipping,73,cosserver_only,150,0.8887,387.8198456764221
0.1,sign_flipping,73,fltrust,15,0.6293,487.2251298427582
0.1,sign_flipping,73,fltrust,50,0.8475999999999999,487.2251298427582
0.1,sign_flipping,73,fltrust,150,0.8825,487.2251298427582
0.1,sign_flipping,73,trimmed_mean,15,0.4387,430.5152440071106
0.1,sign_flipping,73,trimmed_mean,50,0.5551999999999999,430.5152440071106
0.1,sign_flipping,73,trimmed_mean,150,0.615,430.5152440071106
0.1,sign_flipping,73,clustering,15,0.783,355.10242199897766
0.1,sign_flipping,73,clustering,50,0.8698,355.10242199897766
0.1,sign_flipping,73,clustering,150,0.8894,355.10242199897766
0.1,sign_flipping,73,median,15,0.42,281.9702503681183
0.1,sign_flipping,73,median,50,0.4914,281.9702503681183
0.1,sign_flipping,73,median,150,0.5391000000000001,281.9702503681183
0.1,sign_flipping,74,sr_only,15,0.7895000000000001,1513.0064074993134
0.1,sign_flipping,74,sr_only,50,0.8432000000000001,1513.0064074993134
0.1,sign_flipping,74,sr_only,150,0.8581999999999999,1513.0064074993134
0.1,sign_flipping,74,sr_bin,15,0.7873,1655.257878780365
0.1,sign_flipping,74,sr_bin,50,0.8376999999999999,1655.257878780365
0.1,sign_flipping,74,sr_bin,150,0.8646,1655.257878780365
0.1,sign_flipping,74,sr_b025,15,0.7356,1661.1820633411407
0.1,sign_flipping,74,sr_b025,50,0.8714999999999999,1661.1820633411407
0.1,sign_flipping,74,sr_b025,150,0.8892,1661.1820633411407
0.1,sign_flipping,74,cosserver_only,15,0.8472999999999999,691.3009979724884
0.1,sign_flipping,74,cosserver_only,50,0.8816,691.3009979724884
0.1,sign_flipping,74,cosserver_only,150,0.8943,691.3009979724884
0.1,sign_flipping,74,fltrust,15,0.5792999999999999,459.3626470565796
0.1,sign_flipping,74,fltrust,50,0.7939,459.3626470565796
0.1,sign_flipping,74,fltrust,150,0.8634000000000001,459.3626470565796
0.1,sign_flipping,74,trimmed_mean,15,0.4389999999999999,343.7992663383484
0.1,sign_flipping,74,trimmed_mean,50,0.5548,343.7992663383484
0.1,sign_flipping,74,trimmed_mean,150,0.6149,343.7992663383484
0.1,sign_flipping,74,clustering,15,0.7821,476.0182392597199
0.1,sign_flipping,74,clustering,50,0.8699,476.0182392597199
0.1,sign_flipping,74,clustering,150,0.787,476.0182392597199
0.1,sign_flipping,74,median,15,0.4196000000000001,413.1200518608093
0.1,sign_flipping,74,median,50,0.491,413.1200518608093
0.1,sign_flipping,74,median,150,0.5397000000000001,413.1200518608093
0.1,sign_flipping,75,sr_only,15,0.7975000000000001,1588.736644744873
0.1,sign_flipping,75,sr_only,50,0.8452,1588.736644744873
0.1,sign_flipping,75,sr_only,150,0.8713000000000001,1588.736644744873
0.1,sign_flipping,75,sr_bin,15,0.7857000000000001,1601.48863863945
0.1,sign_flipping,75,sr_bin,50,0.8391,1601.48863863945
0.1,sign_flipping,75,sr_bin,150,0.867,1601.48863863945
0.1,sign_flipping,75,sr_b025,15,0.7331999999999999,1562.7438957691193
0.1,sign_flipping,75,sr_b025,50,0.8713,1562.7438957691193
0.1,sign_flipping,75,sr_b025,150,0.8882,1562.7438957691193
0.1,sign_flipping,75,cosserver_only,15,0.8564999999999999,536.7881622314453
0.1,sign_flipping,75,cosserver_only,50,0.8567,536.7881622314453
0.1,sign_flipping,75,cosserver_only,150,0.8754,536.7881622314453
0.1,sign_flipping,75,fltrust,15,0.5893999999999999,389.5320165157318
0.1,sign_flipping,75,fltrust,50,0.8311,389.5320165157318
0.1,sign_flipping,75,fltrust,150,0.8800000000000001,389.5320165157318
0.1,sign_flipping,75,trimmed_mean,15,0.4382,401.2524027824402
0.1,sign_flipping,75,trimmed_mean,50,0.5567,401.2524027824402
0.1,sign_flipping,75,trimmed_mean,150,0.6161,401.2524027824402
0.1,sign_flipping,75,clustering,15,0.7830999999999999,386.3829159736633
0.1,sign_flipping,75,clustering,50,0.7404,386.3829159736633
0.1,sign_flipping,75,clustering,150,0.8875,386.3829159736633
0.1,sign_flipping,75,median,15,0.4192,550.2041509151459
0.1,sign_flipping,75,median,50,0.4913,550.2041509151459
0.1,sign_flipping,75,median,150,0.5405000000000001,550.2041509151459
0.1,sign_flipping,76,sr_only,15,0.7857000000000001,1494.277216672897
0.1,sign_flipping,76,sr_only,50,0.8113000000000001,1494.277216672897
0.1,sign_flipping,76,sr_only,150,0.8687000000000001,1494.277216672897
0.1,sign_flipping,76,sr_bin,15,0.7777,1544.1759576797483
0.1,sign_flipping,76,sr_bin,50,0.8381000000000001,1544.1759576797483
0.1,sign_flipping,76,sr_bin,150,0.8674000000000002,1544.1759576797483
0.1,sign_flipping,76,sr_b025,15,0.7222000000000001,1596.0581967830658
0.1,sign_flipping,76,sr_b025,50,0.8703999999999998,1596.0581967830658
0.1,sign_flipping,76,sr_b025,150,0.8895,1596.0581967830658
0.1,sign_flipping,76,cosserver_only,15,0.7358,640.5807695388794
0.1,sign_flipping,76,cosserver_only,50,0.8774000000000001,640.5807695388794
0.1,sign_flipping,76,cosserver_only,150,0.8972000000000001,640.5807695388794
0.1,sign_flipping,76,fltrust,15,0.6214999999999999,562.48095536232
0.1,sign_flipping,76,fltrust,50,0.8285,562.48095536232
0.1,sign_flipping,76,fltrust,150,0.8724000000000001,562.48095536232
0.1,sign_flipping,76,trimmed_mean,15,0.4386,347.438592672348
0.1,sign_flipping,76,trimmed_mean,50,0.5551,347.438592672348
0.1,sign_flipping,76,trimmed_mean,150,0.6151999999999999,347.438592672348
0.1,sign_flipping,76,clustering,15,0.7838999999999999,427.6956810951233
0.1,sign_flipping,76,clustering,50,0.8699999999999999,427.6956810951233
0.1,sign_flipping,76,clustering,150,0.8705,427.6956810951233
0.1,sign_flipping,76,median,15,0.4201,693.0687308311462
0.1,sign_flipping,76,median,50,0.4903,693.0687308311462
0.1,sign_flipping,76,median,150,0.5378999999999999,693.0687308311462
0.1,sign_flipping,77,sr_only,15,0.7857000000000001,1533.4001307487488
0.1,sign_flipping,77,sr_only,50,0.8498999999999999,1533.4001307487488
0.1,sign_flipping,77,sr_only,150,0.8603,1533.4001307487488
0.1,sign_flipping,77,sr_bin,15,0.7788999999999999,1536.71186709404
0.1,sign_flipping,77,sr_bin,50,0.8537000000000001,1536.71186709404
0.1,sign_flipping,77,sr_bin,150,0.8666,1536.71186709404
0.1,sign_flipping,77,sr_b025,15,0.7323000000000001,1572.040129184723
0.1,sign_flipping,77,sr_b025,50,0.8701000000000001,1572.040129184723
0.1,sign_flipping,77,sr_b025,150,0.8888999999999999,1572.040129184723
0.1,sign_flipping,77,cosserver_only,15,0.8369,597.6786348819733
0.1,sign_flipping,77,cosserver_only,50,0.8713000000000001,597.6786348819733
0.1,sign_flipping,77,cosserver_only,150,0.8414999999999999,597.6786348819733
0.1,sign_flipping,77,fltrust,15,0.6162,478.6468873023987
0.1,sign_flipping,77,fltrust,50,0.7513,478.6468873023987
0.1,sign_flipping,77,fltrust,150,0.8625999999999999,478.6468873023987
0.1,sign_flipping,77,trimmed_mean,15,0.4382,578.872475862503
0.1,sign_flipping,77,trimmed_mean,50,0.5576000000000001,578.872475862503
0.1,sign_flipping,77,trimmed_mean,150,0.6165,578.872475862503
0.1,sign_flipping,77,clustering,15,0.7824,860.5905685424805
0.1,sign_flipping,77,clustering,50,0.8712,860.5905685424805
0.1,sign_flipping,77,clustering,150,0.8736,860.5905685424805
0.1,sign_flipping,77,median,15,0.4197999999999999,668.0198931694031
0.1,sign_flipping,77,median,50,0.493,668.0198931694031
0.1,sign_flipping,77,median,150,0.5392,668.0198931694031
0.1,sign_flipping,78,sr_only,15,0.7862000000000001,1569.1384403705597
0.1,sign_flipping,78,sr_only,50,0.8356,1569.1384403705597
0.1,sign_flipping,78,sr_only,150,0.8709,1569.1384403705597
0.1,sign_flipping,78,sr_bin,15,0.7781,1508.4145572185516
0.1,sign_flipping,78,sr_bin,50,0.8382,1508.4145572185516
0.1,sign_flipping,78,sr_bin,150,0.866,1508.4145572185516
0.1,sign_flipping,78,sr_b025,15,0.7328999999999999,1507.353545665741
0.1,sign_flipping,78,sr_b025,50,0.8708,1507.353545665741
0.1,sign_flipping,78,sr_b025,150,0.8889000000000001,1507.353545665741
0.1,sign_flipping,78,cosserver_only,15,0.8351,559.0957551002502
0.1,sign_flipping,78,cosserver_only,50,0.8766999999999999,559.0957551002502
0.1,sign_flipping,78,cosserver_only,150,0.8596,559.0957551002502
0.1,sign_flipping,78,fltrust,15,0.5835,468.0065758228302
0.1,sign_flipping,78,fltrust,50,0.8169000000000001,468.0065758228302
0.1,sign_flipping,78,fltrust,150,0.8713000000000001,468.0065758228302
0.1,sign_flipping,78,trimmed_mean,15,0.4383,379.26444268226624
0.1,sign_flipping,78,trimmed_mean,50,0.5561,379.26444268226624
0.1,sign_flipping,78,trimmed_mean,150,0.6153,379.26444268226624
0.1,sign_flipping,78,clustering,15,0.7829,397.3477518558502
0.1,sign_flipping,78,clustering,50,0.8711,397.3477518558502
0.1,sign_flipping,78,clustering,150,0.786,397.3477518558502
0.1,sign_flipping,78,median,15,0.42,387.1228878498077
0.1,sign_flipping,78,median,50,0.4909,387.1228878498077
0.1,sign_flipping,78,median,150,0.5388000000000001,387.1228878498077
0.1,sign_flipping,79,sr_only,15,0.7885000000000001,1579.6448230743408
0.1,sign_flipping,79,sr_only,50,0.8377999999999999,1579.6448230743408
0.1,sign_flipping,79,sr_only,150,0.8593999999999999,1579.6448230743408
0.1,sign_flipping,79,sr_bin,15,0.7814,1533.2237133979795
0.1,sign_flipping,79,sr_bin,50,0.8161999999999999,1533.2237133979795
0.1,sign_flipping,79,sr_bin,150,0.8470999999999999,1533.2237133979795
0.1,sign_flipping,79,sr_b025,15,0.7343,1553.5751926898956
0.1,sign_flipping,79,sr_b025,50,0.8705,1553.5751926898956
0.1,sign_flipping,79,sr_b025,150,0.8888,1553.5751926898956
0.1,sign_flipping,79,cosserver_only,15,0.8442000000000001,661.2584085464478
0.1,sign_flipping,79,cosserver_only,50,0.8341000000000001,661.2584085464478
0.1,sign_flipping,79,cosserver_only,150,0.8694,661.2584085464478
0.1,sign_flipping,79,fltrust,15,0.5671999999999999,607.2887907028198
0.1,sign_flipping,79,fltrust,50,0.8161999999999999,607.2887907028198
0.1,sign_flipping,79,fltrust,150,0.8770000000000001,607.2887907028198
0.1,sign_flipping,79,trimmed_mean,15,0.4392,501.9133846759796
0.1,sign_flipping,79,trimmed_mean,50,0.554,501.9133846759796
0.1,sign_flipping,79,trimmed_mean,150,0.6165,501.9133846759796
0.1,sign_flipping,79,clustering,15,0.7846,423.9481534957886
0.1,sign_flipping,79,clustering,50,0.7333999999999999,423.9481534957886
0.1,sign_flipping,79,clustering,150,0.8897,423.9481534957886
0.1,sign_flipping,79,median,15,0.4202999999999999,541.7211694717407
0.1,sign_flipping,79,median,50,0.4906,541.7211694717407
0.1,sign_flipping,79,median,150,0.5410999999999999,541.7211694717407
0.1,sign_flipping,80,sr_only,15,0.7896000000000001,1328.4254350662231
0.1,sign_flipping,80,sr_only,50,0.8405000000000001,1328.4254350662231
0.1,sign_flipping,80,sr_only,150,0.8682000000000001,1328.4254350662231
0.1,sign_flipping,80,sr_bin,15,0.7869,1351.1446537971497
0.1,sign_flipping,80,sr_bin,50,0.8389000000000001,1351.1446537971497
0.1,sign_flipping,80,sr_bin,150,0.867,1351.1446537971497
0.1,sign_flipping,80,sr_b025,15,0.7862,1293.6008219718933
0.1,sign_flipping,80,sr_b025,50,0.8715999999999999,1293.6008219718933
0.1,sign_flipping,80,sr_b025,150,0.8881,1293.6008219718933
0.1,sign_flipping,80,cosserver_only,15,0.7553,269.0548255443573
0.1,sign_flipping,80,cosserver_only,50,0.8865000000000001,269.0548255443573
0.1,sign_flipping,80,cosserver_only,150,0.8986999999999998,269.0548255443573
0.1,sign_flipping,80,fltrust,15,0.6238,231.48625421524048
0.1,sign_flipping,80,fltrust,50,0.8318999999999999,231.48625421524048
0.1,sign_flipping,80,fltrust,150,0.8771999999999999,231.48625421524048
0.1,sign_flipping,80,trimmed_mean,15,0.438,215.43253135681152
0.1,sign_flipping,80,trimmed_mean,50,0.5574,215.43253135681152
0.1,sign_flipping,80,trimmed_mean,150,0.6154,215.43253135681152
0.1,sign_flipping,80,clustering,15,0.7834000000000001,229.97628331184387
0.1,sign_flipping,80,clustering,50,0.8702,229.97628331184387
0.1,sign_flipping,80,clustering,150,0.8724999999999999,229.97628331184387
0.1,sign_flipping,80,median,15,0.419,232.5110175609589
0.1,sign_flipping,80,median,50,0.4918999999999999,232.5110175609589
0.1,sign_flipping,80,median,150,0.5398000000000001,232.5110175609589
0.1,sign_flipping,81,sr_only,15,0.7896000000000001,1657.7037653923037
0.1,sign_flipping,81,sr_only,50,0.8442999999999999,1657.7037653923037
0.1,sign_flipping,81,sr_only,150,0.8664999999999999,1657.7037653923037
0.1,sign_flipping,81,sr_bin,15,0.7879,1691.985302209854
0.1,sign_flipping,81,sr_bin,50,0.8385,1691.985302209854
0.1,sign_flipping,81,sr_bin,150,0.8459999999999999,1691.985302209854
0.1,sign_flipping,81,sr_b025,15,0.7251,1688.8182542324066
0.1,sign_flipping,81,sr_b025,50,0.8695999999999999,1688.8182542324066
0.1,sign_flipping,81,sr_b025,150,0.8895000000000002,1688.8182542324066
0.1,sign_flipping,81,cosserver_only,15,0.7335,428.3841328620911
0.1,sign_flipping,81,cosserver_only,50,0.8911999999999999,428.3841328620911
0.1,sign_flipping,81,cosserver_only,150,0.9003,428.3841328620911
0.1,sign_flipping,81,fltrust,15,0.6158,410.1555142402649
0.1,sign_flipping,81,fltrust,50,0.7836000000000001,410.1555142402649
0.1,sign_flipping,81,fltrust,150,0.8535,410.1555142402649
0.1,sign_flipping,81,trimmed_mean,15,0.4387999999999999,469.9745285511017
0.1,sign_flipping,81,trimmed_mean,50,0.5570000000000002,469.9745285511017
0.1,sign_flipping,81,trimmed_mean,150,0.6157,469.9745285511017
0.1,sign_flipping,81,clustering,15,0.7835000000000001,433.03761434555054
0.1,sign_flipping,81,clustering,50,0.7352,433.03761434555054
0.1,sign_flipping,81,clustering,150,0.8873,433.03761434555054
0.1,sign_flipping,81,median,15,0.4197,414.75728821754456
0.1,sign_flipping,81,median,50,0.4920999999999999,414.75728821754456
0.1,sign_flipping,81,median,150,0.5391999999999999,414.75728821754456
0.5,sign_flipping,72,sr_only,15,0.8897,1594.6926481723783
0.5,sign_flipping,72,sr_only,50,0.8991000000000001,1594.6926481723783
0.5,sign_flipping,72,sr_only,150,0.9026,1594.6926481723783
0.5,sign_flipping,72,sr_bin,15,0.8873,1630.5211753845217
0.5,sign_flipping,72,sr_bin,50,0.9013,1630.5211753845217
0.5,sign_flipping,72,sr_bin,150,0.8814,1630.5211753845217
0.5,sign_flipping,72,sr_b025,15,0.8878,1577.653991937637
0.5,sign_flipping,72,sr_b025,50,0.9024,1577.653991937637
0.5,sign_flipping,72,sr_b025,150,0.8882,1577.653991937637
0.5,sign_flipping,72,cosserver_only,15,0.8755999999999998,352.67521047592163
0.5,sign_flipping,72,cosserver_only,50,0.9073,352.67521047592163
0.5,sign_flipping,72,cosserver_only,150,0.9117,352.67521047592163
0.5,sign_flipping,72,fltrust,15,0.7929000000000002,309.80641293525696
0.5,sign_flipping,72,fltrust,50,0.8818000000000001,309.80641293525696
0.5,sign_flipping,72,fltrust,150,0.9024,309.80641293525696
0.5,sign_flipping,72,trimmed_mean,15,0.8734999999999999,383.9407169818878
0.5,sign_flipping,72,trimmed_mean,50,0.8949,383.9407169818878
0.5,sign_flipping,72,trimmed_mean,150,0.9009,383.9407169818878
0.5,sign_flipping,72,clustering,15,0.8917000000000002,368.250913143158
0.5,sign_flipping,72,clustering,50,0.906,368.250913143158
0.5,sign_flipping,72,clustering,150,0.9136,368.250913143158
0.5,sign_flipping,72,median,15,0.861,458.0076160430908
0.5,sign_flipping,72,median,50,0.8882,458.0076160430908
0.5,sign_flipping,72,median,150,0.8894,458.0076160430908
0.5,sign_flipping,73,sr_only,15,0.8885,1633.3895230293274
0.5,sign_flipping,73,sr_only,50,0.9031,1633.3895230293274
0.5,sign_flipping,73,sr_only,150,0.8983000000000001,1633.3895230293274
0.5,sign_flipping,73,sr_bin,15,0.8883999999999999,1610.964555501938
0.5,sign_flipping,73,sr_bin,50,0.9072,1610.964555501938
0.5,sign_flipping,73,sr_bin,150,0.9045,1610.964555501938
0.5,sign_flipping,73,sr_b025,15,0.8812999999999999,1536.0817852020264
0.5,sign_flipping,73,sr_b025,50,0.9043,1536.0817852020264
0.5,sign_flipping,73,sr_b025,150,0.8910000000000002,1536.0817852020264
0.5,sign_flipping,73,cosserver_only,15,0.8961,393.4812896251679
0.5,sign_flipping,73,cosserver_only,50,0.9084,393.4812896251679
0.5,sign_flipping,73,cosserver_only,150,0.9144,393.4812896251679
0.5,sign_flipping,73,fltrust,15,0.7983,420.6830704212189
0.5,sign_flipping,73,fltrust,50,0.8814,420.6830704212189
0.5,sign_flipping,73,fltrust,150,0.9017,420.6830704212189
0.5,sign_flipping,73,trimmed_mean,15,0.8722,302.498309135437
0.5,sign_flipping,73,trimmed_mean,50,0.8947,302.498309135437
0.5,sign_flipping,73,trimmed_mean,150,0.9013,302.498309135437
0.5,sign_flipping,73,clustering,15,0.8916999999999999,560.6911220550537
0.5,sign_flipping,73,clustering,50,0.906,560.6911220550537
0.5,sign_flipping,73,clustering,150,0.9138,560.6911220550537
0.5,sign_flipping,73,median,15,0.8605,793.8095161914825
0.5,sign_flipping,73,median,50,0.8879000000000001,793.8095161914825
0.5,sign_flipping,73,median,150,0.8895,793.8095161914825
0.5,sign_flipping,74,sr_only,15,0.8898999999999999,1506.9752218723297
0.5,sign_flipping,74,sr_only,50,0.904,1506.9752218723297
0.5,sign_flipping,74,sr_only,150,0.8995000000000001,1506.9752218723297
0.5,sign_flipping,74,sr_bin,15,0.8891,1568.2831091880798
0.5,sign_flipping,74,sr_bin,50,0.9006000000000001,1568.2831091880798
0.5,sign_flipping,74,sr_bin,150,0.8989999999999998,1568.2831091880798
0.5,sign_flipping,74,sr_b025,15,0.8880000000000001,1570.515147447586
0.5,sign_flipping,74,sr_b025,50,0.9022,1570.515147447586
0.5,sign_flipping,74,sr_b025,150,0.8903000000000001,1570.515147447586
0.5,sign_flipping,74,cosserver_only,15,0.8936999999999999,462.358181476593
0.5,sign_flipping,74,cosserver_only,50,0.9115,462.358181476593
0.5,sign_flipping,74,cosserver_only,150,0.9124,462.358181476593
0.5,sign_flipping,74,fltrust,15,0.8019000000000001,530.6430015563965
0.5,sign_flipping,74,fltrust,50,0.8775999999999999,530.6430015563965
0.5,sign_flipping,74,fltrust,150,0.8991,530.6430015563965
0.5,sign_flipping,74,trimmed_mean,15,0.8726,581.512806892395
0.5,sign_flipping,74,trimmed_mean,50,0.8947999999999998,581.512806892395
0.5,sign_flipping,74,trimmed_mean,150,0.9009,581.512806892395
0.5,sign_flipping,74,clustering,15,0.8914,503.6771049499512
0.5,sign_flipping,74,clustering,50,0.9068,503.6771049499512
0.5,sign_flipping,74,clustering,150,0.9137,503.6771049499512
0.5,sign_flipping,74,median,15,0.8602000000000001,554.5754144191742
0.5,sign_flipping,74,median,50,0.8880000000000001,554.5754144191742
0.5,sign_flipping,74,median,150,0.8894,554.5754144191742
0.5,sign_flipping,75,sr_only,15,0.8882999999999999,1486.6000776290894
0.5,sign_flipping,75,sr_only,50,0.8991999999999999,1486.6000776290894
0.5,sign_flipping,75,sr_only,150,0.9026,1486.6000776290894
0.5,sign_flipping,75,sr_bin,15,0.8875,1580.262465953827
0.5,sign_flipping,75,sr_bin,50,0.8993,1580.262465953827
0.5,sign_flipping,75,sr_bin,150,0.9029,1580.262465953827
0.5,sign_flipping,75,sr_b025,15,0.8864000000000001,1588.5816707611084
0.5,sign_flipping,75,sr_b025,50,0.9022,1588.5816707611084
0.5,sign_flipping,75,sr_b025,150,0.8889000000000001,1588.5816707611084
0.5,sign_flipping,75,cosserver_only,15,0.8870000000000001,529.9551727771759
0.5,sign_flipping,75,cosserver_only,50,0.9050999999999998,529.9551727771759
0.5,sign_flipping,75,cosserver_only,150,0.9157,529.9551727771759
0.5,sign_flipping,75,fltrust,15,0.8165999999999999,326.0490837097168
0.5,sign_flipping,75,fltrust,50,0.8802,326.0490837097168
0.5,sign_flipping,75,fltrust,150,0.899,326.0490837097168
0.5,sign_flipping,75,trimmed_mean,15,0.8732,542.0638718605042
0.5,sign_flipping,75,trimmed_mean,50,0.8947999999999998,542.0638718605042
0.5,sign_flipping,75,trimmed_mean,150,0.9009,542.0638718605042
0.5,sign_flipping,75,clustering,15,0.8916000000000001,448.88564443588257
0.5,sign_flipping,75,clustering,50,0.9056,448.88564443588257
0.5,sign_flipping,75,clustering,150,0.9135,448.88564443588257
0.5,sign_flipping,75,median,15,0.8611999999999999,451.2628393173218
0.5,sign_flipping,75,median,50,0.8882,451.2628393173218
0.5,sign_flipping,75,median,150,0.8896,451.2628393173218
0.5,sign_flipping,76,sr_only,15,0.8882,1528.7138319015503
0.5,sign_flipping,76,sr_only,50,0.8991,1528.7138319015503
0.5,sign_flipping,76,sr_only,150,0.9023,1528.7138319015503
0.5,sign_flipping,76,sr_bin,15,0.8888999999999999,1578.1652038097382
0.5,sign_flipping,76,sr_bin,50,0.9008999999999998,1578.1652038097382
0.5,sign_flipping,76,sr_bin,150,0.9032000000000002,1578.1652038097382
0.5,sign_flipping,76,sr_b025,15,0.8894,1513.500149011612
0.5,sign_flipping,76,sr_b025,50,0.9049,1513.500149011612
0.5,sign_flipping,76,sr_b025,150,0.8892,1513.500149011612
0.5,sign_flipping,76,cosserver_only,15,0.8811,434.7859315872192
0.5,sign_flipping,76,cosserver_only,50,0.9106,434.7859315872192
0.5,sign_flipping,76,cosserver_only,150,0.9136,434.7859315872192
0.5,sign_flipping,76,fltrust,15,0.8001999999999999,427.2688012123108
0.5,sign_flipping,76,fltrust,50,0.8806,427.2688012123108
0.5,sign_flipping,76,fltrust,150,0.9000999999999999,427.2688012123108
0.5,sign_flipping,76,trimmed_mean,15,0.8723000000000001,417.7909173965454
0.5,sign_flipping,76,trimmed_mean,50,0.8949000000000001,417.7909173965454
0.5,sign_flipping,76,trimmed_mean,150,0.9013,417.7909173965454
0.5,sign_flipping,76,clustering,15,0.8913,372.96515130996704
0.5,sign_flipping,76,clustering,50,0.906,372.96515130996704
0.5,sign_flipping,76,clustering,150,0.9136,372.96515130996704
0.5,sign_flipping,76,median,15,0.8597999999999999,490.5905590057373
0.5,sign_flipping,76,median,50,0.8884000000000001,490.5905590057373
0.5,sign_flipping,76,median,150,0.8893000000000001,490.5905590057373
0.5,sign_flipping,77,sr_only,15,0.8884000000000001,1504.9882225990295
0.5,sign_flipping,77,sr_only,50,0.899,1504.9882225990295
0.5,sign_flipping,77,sr_only,150,0.9047,1504.9882225990295
0.5,sign_flipping,77,sr_bin,15,0.8887,1544.3135423660278
0.5,sign_flipping,77,sr_bin,50,0.9034,1544.3135423660278
0.5,sign_flipping,77,sr_bin,150,0.9027,1544.3135423660278
0.5,sign_flipping,77,sr_b025,15,0.8899000000000001,1534.8280205726624
0.5,sign_flipping,77,sr_b025,50,0.9046,1534.8280205726624
0.5,sign_flipping,77,sr_b025,150,0.8893000000000001,1534.8280205726624
0.5,sign_flipping,77,cosserver_only,15,0.8934999999999998,558.4098019599915
0.5,sign_flipping,77,cosserver_only,50,0.9046,558.4098019599915
0.5,sign_flipping,77,cosserver_only,150,0.9067,558.4098019599915
0.5,sign_flipping,77,fltrust,15,0.8076999999999999,431.7485725879669
0.5,sign_flipping,77,fltrust,50,0.8854000000000001,431.7485725879669
0.5,sign_flipping,77,fltrust,150,0.899,431.7485725879669
0.5,sign_flipping,77,trimmed_mean,15,0.8733000000000001,338.02992367744446
0.5,sign_flipping,77,trimmed_mean,50,0.8949,338.02992367744446
0.5,sign_flipping,77,trimmed_mean,150,0.9008,338.02992367744446
0.5,sign_flipping,77,clustering,15,0.8917999999999999,372.20114374160767
0.5,sign_flipping,77,clustering,50,0.906,372.20114374160767
0.5,sign_flipping,77,clustering,150,0.9141,372.20114374160767
0.5,sign_flipping,77,median,15,0.8605,576.5784645080566
0.5,sign_flipping,77,median,50,0.8878000000000001,576.5784645080566
0.5,sign_flipping,77,median,150,0.8892000000000001,576.5784645080566
0.5,sign_flipping,78,sr_only,15,0.8881,1509.2942848205566
0.5,sign_flipping,78,sr_only,50,0.9003000000000002,1509.2942848205566
0.5,sign_flipping,78,sr_only,150,0.8778,1509.2942848205566
0.5,sign_flipping,78,sr_bin,15,0.8886999999999998,1587.6799869537354
0.5,sign_flipping,78,sr_bin,50,0.9059,1587.6799869537354
0.5,sign_flipping,78,sr_bin,150,0.9021,1587.6799869537354
0.5,sign_flipping,78,sr_b025,15,0.8881000000000002,1522.2802283763883
0.5,sign_flipping,78,sr_b025,50,0.9024,1522.2802283763883
0.5,sign_flipping,78,sr_b025,150,0.8877,1522.2802283763883
0.5,sign_flipping,78,cosserver_only,15,0.8962000000000001,801.8986294269562
0.5,sign_flipping,78,cosserver_only,50,0.9062,801.8986294269562
0.5,sign_flipping,78,cosserver_only,150,0.9121,801.8986294269562
0.5,sign_flipping,78,fltrust,15,0.7932,577.310604095459
0.5,sign_flipping,78,fltrust,50,0.8786999999999999,577.310604095459
0.5,sign_flipping,78,fltrust,150,0.8987,577.310604095459
0.5,sign_flipping,78,trimmed_mean,15,0.8729000000000001,444.4113674163818
0.5,sign_flipping,78,trimmed_mean,50,0.8951,444.4113674163818
0.5,sign_flipping,78,trimmed_mean,150,0.9008,444.4113674163818
0.5,sign_flipping,78,clustering,15,0.891,404.8348157405853
0.5,sign_flipping,78,clustering,50,0.9063,404.8348157405853
0.5,sign_flipping,78,clustering,150,0.9135,404.8348157405853
0.5,sign_flipping,78,median,15,0.8603,520.986855506897
0.5,sign_flipping,78,median,50,0.8888,520.986855506897
0.5,sign_flipping,78,median,150,0.8897,520.986855506897
0.5,sign_flipping,79,sr_only,15,0.8894,1570.412058353424
0.5,sign_flipping,79,sr_only,50,0.8986000000000001,1570.412058353424
0.5,sign_flipping,79,sr_only,150,0.9034,1570.412058353424
0.5,sign_flipping,79,sr_bin,15,0.8883000000000001,1546.2316596508026
0.5,sign_flipping,79,sr_bin,50,0.9061,1546.2316596508026
0.5,sign_flipping,79,sr_bin,150,0.9027,1546.2316596508026
0.5,sign_flipping,79,sr_b025,15,0.8862,1483.5482380390167
0.5,sign_flipping,79,sr_b025,50,0.9019,1483.5482380390167
0.5,sign_flipping,79,sr_b025,150,0.8903000000000001,1483.5482380390167
0.5,sign_flipping,79,cosserver_only,15,0.8981999999999999,520.8020768165588
0.5,sign_flipping,79,cosserver_only,50,0.9032,520.8020768165588
0.5,sign_flipping,79,cosserver_only,150,0.909,520.8020768165588
0.5,sign_flipping,79,fltrust,15,0.8018000000000001,379.6305961608887
0.5,sign_flipping,79,fltrust,50,0.8808999999999999,379.6305961608887
0.5,sign_flipping,79,fltrust,150,0.8991,379.6305961608887
0.5,sign_flipping,79,trimmed_mean,15,0.8727,450.33420491218567
0.5,sign_flipping,79,trimmed_mean,50,0.8951,450.33420491218567
0.5,sign_flipping,79,trimmed_mean,150,0.901,450.33420491218567
0.5,sign_flipping,79,clustering,15,0.8918000000000001,517.5601115226746
0.5,sign_flipping,79,clustering,50,0.9061,517.5601115226746
0.5,sign_flipping,79,clustering,150,0.9135,517.5601115226746
0.5,sign_flipping,79,median,15,0.8607999999999999,596.3431913852692
0.5,sign_flipping,79,median,50,0.8882,596.3431913852692
0.5,sign_flipping,79,median,150,0.8894,596.3431913852692
0.5,sign_flipping,80,sr_only,15,0.8881000000000002,1394.9988923072815
0.5,sign_flipping,80,sr_only,50,0.9036000000000002,1394.9988923072815
0.5,sign_flipping,80,sr_only,150,0.9004000000000001,1394.9988923072815
0.5,sign_flipping,80,sr_bin,15,0.8882,1348.2548024654388
0.5,sign_flipping,80,sr_bin,50,0.9011,1348.2548024654388
0.5,sign_flipping,80,sr_bin,150,0.9096,1348.2548024654388
0.5,sign_flipping,80,sr_b025,15,0.8878999999999999,1282.3481285572052
0.5,sign_flipping,80,sr_b025,50,0.9016,1282.3481285572052
0.5,sign_flipping,80,sr_b025,150,0.8888000000000001,1282.3481285572052
0.5,sign_flipping,80,cosserver_only,15,0.8979000000000001,229.9981234073639
0.5,sign_flipping,80,cosserver_only,50,0.9112,229.9981234073639
0.5,sign_flipping,80,cosserver_only,150,0.9131000000000002,229.9981234073639
0.5,sign_flipping,80,fltrust,15,0.8157,213.2504518032074
0.5,sign_flipping,80,fltrust,50,0.8821999999999999,213.2504518032074
0.5,sign_flipping,80,fltrust,150,0.9033,213.2504518032074
0.5,sign_flipping,80,trimmed_mean,15,0.874,222.5710642337799
0.5,sign_flipping,80,trimmed_mean,50,0.8949,222.5710642337799
0.5,sign_flipping,80,trimmed_mean,150,0.9013,222.5710642337799
0.5,sign_flipping,80,clustering,15,0.8917999999999999,204.1917035579681
0.5,sign_flipping,80,clustering,50,0.9063,204.1917035579681
0.5,sign_flipping,80,clustering,150,0.9136,204.1917035579681
0.5,sign_flipping,80,median,15,0.8615999999999999,222.1215751171112
0.5,sign_flipping,80,median,50,0.8885000000000002,222.1215751171112
0.5,sign_flipping,80,median,150,0.8892000000000001,222.1215751171112
0.5,sign_flipping,81,sr_only,15,0.8886,1629.478699207306
0.5,sign_flipping,81,sr_only,50,0.8972000000000001,1629.478699207306
0.5,sign_flipping,81,sr_only,150,0.8987999999999999,1629.478699207306
0.5,sign_flipping,81,sr_bin,15,0.8865000000000001,1736.1248683929443
0.5,sign_flipping,81,sr_bin,50,0.8993,1736.1248683929443
0.5,sign_flipping,81,sr_bin,150,0.8994,1736.1248683929443
0.5,sign_flipping,81,sr_b025,15,0.8892,1659.55309176445
0.5,sign_flipping,81,sr_b025,50,0.9022,1659.55309176445
0.5,sign_flipping,81,sr_b025,150,0.8895000000000002,1659.55309176445
0.5,sign_flipping,81,cosserver_only,15,0.8886,517.5259094238281
0.5,sign_flipping,81,cosserver_only,50,0.9018,517.5259094238281
0.5,sign_flipping,81,cosserver_only,150,0.9107,517.5259094238281
0.5,sign_flipping,81,fltrust,15,0.7969,536.735987663269
0.5,sign_flipping,81,fltrust,50,0.8766999999999999,536.735987663269
0.5,sign_flipping,81,fltrust,150,0.8994,536.735987663269
0.5,sign_flipping,81,trimmed_mean,15,0.8734,472.4219522476196
0.5,sign_flipping,81,trimmed_mean,50,0.8953,472.4219522476196
0.5,sign_flipping,81,trimmed_mean,150,0.9015,472.4219522476196
0.5,sign_flipping,81,clustering,15,0.8924000000000001,507.0860946178436
0.5,sign_flipping,81,clustering,50,0.9066,507.0860946178436
0.5,sign_flipping,81,clustering,150,0.9137,507.0860946178436
0.5,sign_flipping,81,median,15,0.8615999999999999,606.9920964241028
0.5,sign_flipping,81,median,50,0.8892000000000001,606.9920964241028
0.5,sign_flipping,81,median,150,0.8897000000000002,606.9920964241028
0.05,trim_attack,72,sr_only,15,0.8028000000000001,1596.51451086998
0.05,trim_attack,72,sr_only,50,0.8435,1596.51451086998
0.05,trim_attack,72,sr_only,150,0.8626000000000001,1596.51451086998
0.05,trim_attack,72,sr_bin,15,0.7983,1562.9879360198977
0.05,trim_attack,72,sr_bin,50,0.8180999999999999,1562.9879360198977
0.05,trim_attack,72,sr_bin,150,0.866,1562.9879360198977
0.05,trim_attack,72,sr_b025,15,0.8026,1585.4610776901245
0.05,trim_attack,72,sr_b025,50,0.8541000000000001,1585.4610776901245
0.05,trim_attack,72,sr_b025,150,0.8712,1585.4610776901245
0.05,trim_attack,72,cosserver_only,15,0.7977000000000001,572.1650819778442
0.05,trim_attack,72,cosserver_only,50,0.7695000000000001,572.1650819778442
0.05,trim_attack,72,cosserver_only,150,0.8228,572.1650819778442
0.05,trim_attack,72,fltrust,15,0.6312,327.14977169036865
0.05,trim_attack,72,fltrust,50,0.7716000000000001,327.14977169036865
0.05,trim_attack,72,fltrust,150,0.8359,327.14977169036865
0.05,trim_attack,72,trimmed_mean,15,0.422,540.1210341453552
0.05,trim_attack,72,trimmed_mean,50,0.4397999999999999,540.1210341453552
0.05,trim_attack,72,trimmed_mean,150,0.363,540.1210341453552
0.05,trim_attack,72,clustering,15,0.7851,543.4635071754456
0.05,trim_attack,72,clustering,50,0.8244,543.4635071754456
0.05,trim_attack,72,clustering,150,0.8289,543.4635071754456
0.05,trim_attack,72,median,15,0.3826,414.621463060379
0.05,trim_attack,72,median,50,0.4426,414.621463060379
0.05,trim_attack,72,median,150,0.4494000000000001,414.621463060379
0.05,trim_attack,73,sr_only,15,0.8024000000000001,1566.2649688720703
0.05,trim_attack,73,sr_only,50,0.8294,1566.2649688720703
0.05,trim_attack,73,sr_only,150,0.8567,1566.2649688720703
0.05,trim_attack,73,sr_bin,15,0.7985,1633.569935798645
0.05,trim_attack,73,sr_bin,50,0.8152000000000001,1633.569935798645
0.05,trim_attack,73,sr_bin,150,0.8529,1633.569935798645
0.05,trim_attack,73,sr_b025,15,0.8035,1569.9620778560638
0.05,trim_attack,73,sr_b025,50,0.8542,1569.9620778560638
0.05,trim_attack,73,sr_b025,150,0.8701000000000001,1569.9620778560638
0.05,trim_attack,73,cosserver_only,15,0.8111,407.4113137722016
0.05,trim_attack,73,cosserver_only,50,0.8693,407.4113137722016
0.05,trim_attack,73,cosserver_only,150,0.8821,407.4113137722016
0.05,trim_attack,73,fltrust,15,0.6839999999999999,320.475590467453
0.05,trim_attack,73,fltrust,50,0.8148,320.475590467453
0.05,trim_attack,73,fltrust,150,0.8556000000000001,320.475590467453
0.05,trim_attack,73,trimmed_mean,15,0.4225,508.4304673671722
0.05,trim_attack,73,trimmed_mean,50,0.4361999999999999,508.4304673671722
0.05,trim_attack,73,trimmed_mean,150,0.3593,508.4304673671722
0.05,trim_attack,73,clustering,15,0.7858,486.6187300682068
0.05,trim_attack,73,clustering,50,0.8032,486.6187300682068
0.05,trim_attack,73,clustering,150,0.8243,486.6187300682068
0.05,trim_attack,73,median,15,0.3802999999999999,441.0741159915924
0.05,trim_attack,73,median,50,0.4443,441.0741159915924
0.05,trim_attack,73,median,150,0.4542,441.0741159915924
0.05,trim_attack,74,sr_only,15,0.8023,1516.6323099136353
0.05,trim_attack,74,sr_only,50,0.8334999999999999,1516.6323099136353
0.05,trim_attack,74,sr_only,150,0.8613999999999999,1516.6323099136353
0.05,trim_attack,74,sr_bin,15,0.8,1558.804322719574
0.05,trim_attack,74,sr_bin,50,0.8172,1558.804322719574
0.05,trim_attack,74,sr_bin,150,0.8527999999999999,1558.804322719574
0.05,trim_attack,74,sr_b025,15,0.8061,1582.0379481315613
0.05,trim_attack,74,sr_b025,50,0.8539,1582.0379481315613
0.05,trim_attack,74,sr_b025,150,0.8698,1582.0379481315613
0.05,trim_attack,74,cosserver_only,15,0.7526999999999999,502.9692087173462
0.05,trim_attack,74,cosserver_only,50,0.866,502.9692087173462
0.05,trim_attack,74,cosserver_only,150,0.8664,502.9692087173462
0.05,trim_attack,74,fltrust,15,0.5791999999999999,588.7194170951843
0.05,trim_attack,74,fltrust,50,0.7826000000000001,588.7194170951843
0.05,trim_attack,74,fltrust,150,0.8537000000000001,588.7194170951843
0.05,trim_attack,74,trimmed_mean,15,0.4233,523.8011927604675
0.05,trim_attack,74,trimmed_mean,50,0.4406,523.8011927604675
0.05,trim_attack,74,trimmed_mean,150,0.3492999999999999,523.8011927604675
0.05,trim_attack,74,clustering,15,0.784,346.6877992153168
0.05,trim_attack,74,clustering,50,0.7978,346.6877992153168
0.05,trim_attack,74,clustering,150,0.8264999999999999,346.6877992153168
0.05,trim_attack,74,median,15,0.376,510.1813361644745
0.05,trim_attack,74,median,50,0.4441999999999999,510.1813361644745
0.05,trim_attack,74,median,150,0.4473000000000001,510.1813361644745
0.05,trim_attack,75,sr_only,15,0.8018000000000001,1606.995012998581
0.05,trim_attack,75,sr_only,50,0.8328,1606.995012998581
0.05,trim_attack,75,sr_only,150,0.8608,1606.995012998581
0.05,trim_attack,75,sr_bin,15,0.7984,1587.7471883296969
0.05,trim_attack,75,sr_bin,50,0.8177,1587.7471883296969
0.05,trim_attack,75,sr_bin,150,0.8524,1587.7471883296969
0.05,trim_attack,75,sr_b025,15,0.8031,1548.4902715682983
0.05,trim_attack,75,sr_b025,50,0.8539999999999999,1548.4902715682983
0.05,trim_attack,75,sr_b025,150,0.8698,1548.4902715682983
0.05,trim_attack,75,cosserver_only,15,0.7248000000000001,446.04693269729614
0.05,trim_attack,75,cosserver_only,50,0.8610999999999999,446.04693269729614
0.05,trim_attack,75,cosserver_only,150,0.8480000000000001,446.04693269729614
0.05,trim_attack,75,fltrust,15,0.6406000000000001,422.65548491477966
0.05,trim_attack,75,fltrust,50,0.8001000000000001,422.65548491477966
0.05,trim_attack,75,fltrust,150,0.8484,422.65548491477966
0.05,trim_attack,75,trimmed_mean,15,0.4285,446.26835680007935
0.05,trim_attack,75,trimmed_mean,50,0.4392999999999999,446.26835680007935
0.05,trim_attack,75,trimmed_mean,150,0.3617,446.26835680007935
0.05,trim_attack,75,clustering,15,0.7805000000000001,783.7122347354889
0.05,trim_attack,75,clustering,50,0.8016,783.7122347354889
0.05,trim_attack,75,clustering,150,0.8212999999999999,783.7122347354889
0.05,trim_attack,75,median,15,0.3809,645.0388202667236
0.05,trim_attack,75,median,50,0.4457,645.0388202667236
0.05,trim_attack,75,median,150,0.4483,645.0388202667236
0.05,trim_attack,76,sr_only,15,0.8021,1519.1109693050385
0.05,trim_attack,76,sr_only,50,0.8241999999999999,1519.1109693050385
0.05,trim_attack,76,sr_only,150,0.8539999999999999,1519.1109693050385
0.05,trim_attack,76,sr_bin,15,0.7978,1556.5713322162628
0.05,trim_attack,76,sr_bin,50,0.8139,1556.5713322162628
0.05,trim_attack,76,sr_bin,150,0.8631,1556.5713322162628
0.05,trim_attack,76,sr_b025,15,0.8027,1585.0968744754791
0.05,trim_attack,76,sr_b025,50,0.8535,1585.0968744754791
0.05,trim_attack,76,sr_b025,150,0.8695,1585.0968744754791
0.05,trim_attack,76,cosserver_only,15,0.7077,462.5987675189972
0.05,trim_attack,76,cosserver_only,50,0.8640999999999999,462.5987675189972
0.05,trim_attack,76,cosserver_only,150,0.8749,462.5987675189972
0.05,trim_attack,76,fltrust,15,0.6334000000000001,440.0677263736725
0.05,trim_attack,76,fltrust,50,0.779,440.0677263736725
0.05,trim_attack,76,fltrust,150,0.8493999999999999,440.0677263736725
0.05,trim_attack,76,trimmed_mean,15,0.4208,418.8392310142517
0.05,trim_attack,76,trimmed_mean,50,0.4382,418.8392310142517
0.05,trim_attack,76,trimmed_mean,150,0.361,418.8392310142517
0.05,trim_attack,76,clustering,15,0.7806,366.4135174751282
0.05,trim_attack,76,clustering,50,0.7904000000000001,366.4135174751282
0.05,trim_attack,76,clustering,150,0.8272,366.4135174751282
0.05,trim_attack,76,median,15,0.3759,580.6142480373383
0.05,trim_attack,76,median,50,0.4462,580.6142480373383
0.05,trim_attack,76,median,150,0.4491,580.6142480373383
0.05,trim_attack,77,sr_only,15,0.8022,1531.7230870723724
0.05,trim_attack,77,sr_only,50,0.853,1531.7230870723724
0.05,trim_attack,77,sr_only,150,0.8518000000000001,1531.7230870723724
0.05,trim_attack,77,sr_bin,15,0.7981,1521.8717951774595
0.05,trim_attack,77,sr_bin,50,0.8209,1521.8717951774595
0.05,trim_attack,77,sr_bin,150,0.8640000000000001,1521.8717951774595
0.05,trim_attack,77,sr_b025,15,0.8031,1536.1215376853943
0.05,trim_attack,77,sr_b025,50,0.8544,1536.1215376853943
0.05,trim_attack,77,sr_b025,150,0.8695,1536.1215376853943
0.05,trim_attack,77,cosserver_only,15,0.6634,521.0581929683685
0.05,trim_attack,77,cosserver_only,50,0.8591,521.0581929683685
0.05,trim_attack,77,cosserver_only,150,0.7997000000000001,521.0581929683685
0.05,trim_attack,77,fltrust,15,0.6948,372.5947575569153
0.05,trim_attack,77,fltrust,50,0.8189,372.5947575569153
0.05,trim_attack,77,fltrust,150,0.8637,372.5947575569153
0.05,trim_attack,77,trimmed_mean,15,0.4345,477.1343095302582
0.05,trim_attack,77,trimmed_mean,50,0.438,477.1343095302582
0.05,trim_attack,77,trimmed_mean,150,0.3545999999999999,477.1343095302582
0.05,trim_attack,77,clustering,15,0.8032,508.0178978443146
0.05,trim_attack,77,clustering,50,0.7988,508.0178978443146
0.05,trim_attack,77,clustering,150,0.8280000000000001,508.0178978443146
0.05,trim_attack,77,median,15,0.3807999999999999,504.43232679367065
0.05,trim_attack,77,median,50,0.4455,504.43232679367065
0.05,trim_attack,77,median,150,0.4471999999999999,504.43232679367065
0.05,trim_attack,78,sr_only,15,0.8020000000000002,1545.399388551712
0.05,trim_attack,78,sr_only,50,0.8391,1545.399388551712
0.05,trim_attack,78,sr_only,150,0.8611000000000001,1545.399388551712
0.05,trim_attack,78,sr_bin,15,0.7971,1537.5006103515625
0.05,trim_attack,78,sr_bin,50,0.8163,1537.5006103515625
0.05,trim_attack,78,sr_bin,150,0.8635999999999999,1537.5006103515625
0.05,trim_attack,78,sr_b025,15,0.8019999999999999,1556.3813934326172
0.05,trim_attack,78,sr_b025,50,0.8533,1556.3813934326172
0.05,trim_attack,78,sr_b025,150,0.8693,1556.3813934326172
0.05,trim_attack,78,cosserver_only,15,0.7432,502.4739518165589
0.05,trim_attack,78,cosserver_only,50,0.8472999999999999,502.4739518165589
0.05,trim_attack,78,cosserver_only,150,0.8824000000000002,502.4739518165589
0.05,trim_attack,78,fltrust,15,0.6204999999999999,542.5390539169312
0.05,trim_attack,78,fltrust,50,0.7979,542.5390539169312
0.05,trim_attack,78,fltrust,150,0.8623000000000001,542.5390539169312
0.05,trim_attack,78,trimmed_mean,15,0.424,577.2559611797333
0.05,trim_attack,78,trimmed_mean,50,0.4368999999999999,577.2559611797333
0.05,trim_attack,78,trimmed_mean,150,0.3616,577.2559611797333
0.05,trim_attack,78,clustering,15,0.7814,578.4798135757446
0.05,trim_attack,78,clustering,50,0.8034000000000001,578.4798135757446
0.05,trim_attack,78,clustering,150,0.8170999999999999,578.4798135757446
0.05,trim_attack,78,median,15,0.376,640.0712239742279
0.05,trim_attack,78,median,50,0.4434999999999999,640.0712239742279
0.05,trim_attack,78,median,150,0.4553999999999999,640.0712239742279
0.05,trim_attack,79,sr_only,15,0.8024000000000001,1593.6284656524658
0.05,trim_attack,79,sr_only,50,0.8226999999999999,1593.6284656524658
0.05,trim_attack,79,sr_only,150,0.843,1593.6284656524658
0.05,trim_attack,79,sr_bin,15,0.7979999999999999,1540.3935606479645
0.05,trim_attack,79,sr_bin,50,0.8126999999999999,1540.3935606479645
0.05,trim_attack,79,sr_bin,150,0.8663000000000001,1540.3935606479645
0.05,trim_attack,79,sr_b025,15,0.8020999999999999,1507.7327525615692
0.05,trim_attack,79,sr_b025,50,0.8538,1507.7327525615692
0.05,trim_attack,79,sr_b025,150,0.8722,1507.7327525615692
0.05,trim_attack,79,cosserver_only,15,0.7152999999999998,519.107702255249
0.05,trim_attack,79,cosserver_only,50,0.8620000000000001,519.107702255249
0.05,trim_attack,79,cosserver_only,150,0.8811,519.107702255249
0.05,trim_attack,79,fltrust,15,0.6563000000000001,624.1470215320587
0.05,trim_attack,79,fltrust,50,0.8154,624.1470215320587
0.05,trim_attack,79,fltrust,150,0.8548,624.1470215320587
0.05,trim_attack,79,trimmed_mean,15,0.4185999999999999,429.7348589897156
0.05,trim_attack,79,trimmed_mean,50,0.4391,429.7348589897156
0.05,trim_attack,79,trimmed_mean,150,0.3617,429.7348589897156
0.05,trim_attack,79,clustering,15,0.7792,406.71176409721375
0.05,trim_attack,79,clustering,50,0.8238999999999999,406.71176409721375
0.05,trim_attack,79,clustering,150,0.8173999999999999,406.71176409721375
0.05,trim_attack,79,median,15,0.3730999999999999,695.5558202266693
0.05,trim_attack,79,median,50,0.4431,695.5558202266693
0.05,trim_attack,79,median,150,0.4493999999999999,695.5558202266693
0.05,trim_attack,80,sr_only,15,0.8027000000000001,1385.052475452423
0.05,trim_attack,80,sr_only,50,0.8518000000000001,1385.052475452423
0.05,trim_attack,80,sr_only,150,0.8612,1385.052475452423
0.05,trim_attack,80,sr_bin,15,0.799,1419.9040117263794
0.05,trim_attack,80,sr_bin,50,0.8182999999999998,1419.9040117263794
0.05,trim_attack,80,sr_bin,150,0.8634999999999999,1419.9040117263794
0.05,trim_attack,80,sr_b025,15,0.8031,1449.662487745285
0.05,trim_attack,80,sr_b025,50,0.8542,1449.662487745285
0.05,trim_attack,80,sr_b025,150,0.8703999999999998,1449.662487745285
0.05,trim_attack,80,cosserver_only,15,0.7431,534.0714583396912
0.05,trim_attack,80,cosserver_only,50,0.8659000000000001,534.0714583396912
0.05,trim_attack,80,cosserver_only,150,0.8855000000000001,534.0714583396912
0.05,trim_attack,80,fltrust,15,0.6544000000000001,575.6083972454071
0.05,trim_attack,80,fltrust,50,0.8010999999999999,575.6083972454071
0.05,trim_attack,80,fltrust,150,0.8600999999999999,575.6083972454071
0.05,trim_attack,80,trimmed_mean,15,0.4184,533.4990453720093
0.05,trim_attack,80,trimmed_mean,50,0.4399,533.4990453720093
0.05,trim_attack,80,trimmed_mean,150,0.3611999999999999,533.4990453720093
0.05,trim_attack,80,clustering,15,0.7792,531.5027053356171
0.05,trim_attack,80,clustering,50,0.8253,531.5027053356171
0.05,trim_attack,80,clustering,150,0.8292999999999999,531.5027053356171
0.05,trim_attack,80,median,15,0.3748,391.7006106376648
0.05,trim_attack,80,median,50,0.4445,391.7006106376648
0.05,trim_attack,80,median,150,0.4495999999999999,391.7006106376648
0.05,trim_attack,81,sr_only,15,0.8025,1685.8045663833618
0.05,trim_attack,81,sr_only,50,0.8389,1685.8045663833618
0.05,trim_attack,81,sr_only,150,0.8621000000000001,1685.8045663833618
0.05,trim_attack,81,sr_bin,15,0.798,1699.7917895317078
0.05,trim_attack,81,sr_bin,50,0.8172,1699.7917895317078
0.05,trim_attack,81,sr_bin,150,0.8606,1699.7917895317078
0.05,trim_attack,81,sr_b025,15,0.8031,1731.434404373169
0.05,trim_attack,81,sr_b025,50,0.8539999999999999,1731.434404373169
0.05,trim_attack,81,sr_b025,150,0.8703,1731.434404373169
0.05,trim_attack,81,cosserver_only,15,0.8087,365.09643721580505
0.05,trim_attack,81,cosserver_only,50,0.8158999999999998,365.09643721580505
0.05,trim_attack,81,cosserver_only,150,0.8619999999999999,365.09643721580505
0.05,trim_attack,81,fltrust,15,0.6803000000000001,472.0414009094238
0.05,trim_attack,81,fltrust,50,0.8384,472.0414009094238
0.05,trim_attack,81,fltrust,150,0.8541000000000001,472.0414009094238
0.05,trim_attack,81,trimmed_mean,15,0.4186999999999999,410.1303794384002
0.05,trim_attack,81,trimmed_mean,50,0.4371,410.1303794384002
0.05,trim_attack,81,trimmed_mean,150,0.3609,410.1303794384002
0.05,trim_attack,81,clustering,15,0.7817000000000001,468.35844016075134
0.05,trim_attack,81,clustering,50,0.7998000000000001,468.35844016075134
0.05,trim_attack,81,clustering,150,0.8076000000000001,468.35844016075134
0.05,trim_attack,81,median,15,0.3784,443.72103667259216
0.05,trim_attack,81,median,50,0.4436,443.72103667259216
0.05,trim_attack,81,median,150,0.4468000000000001,443.72103667259216
0.1,trim_attack,72,sr_only,15,0.8219,1650.6662468910215
0.1,trim_attack,72,sr_only,50,0.7804,1650.6662468910215
0.1,trim_attack,72,sr_only,150,0.8807,1650.6662468910215
0.1,trim_attack,72,sr_bin,15,0.8314,1610.2728321552277
0.1,trim_attack,72,sr_bin,50,0.8761999999999999,1610.2728321552277
0.1,trim_attack,72,sr_bin,150,0.8930000000000001,1610.2728321552277
0.1,trim_attack,72,sr_b025,15,0.8415999999999999,1574.042501926422
0.1,trim_attack,72,sr_b025,50,0.8553,1574.042501926422
0.1,trim_attack,72,sr_b025,150,0.8936,1574.042501926422
0.1,trim_attack,72,cosserver_only,15,0.8591,580.3965783119202
0.1,trim_attack,72,cosserver_only,50,0.8753,580.3965783119202
0.1,trim_attack,72,cosserver_only,150,0.8742000000000001,580.3965783119202
0.1,trim_attack,72,fltrust,15,0.6131,407.9653224945069
0.1,trim_attack,72,fltrust,50,0.8269,407.9653224945069
0.1,trim_attack,72,fltrust,150,0.8773,407.9653224945069
0.1,trim_attack,72,trimmed_mean,15,0.3956,348.3372750282288
0.1,trim_attack,72,trimmed_mean,50,0.4125999999999999,348.3372750282288
0.1,trim_attack,72,trimmed_mean,150,0.4108,348.3372750282288
0.1,trim_attack,72,clustering,15,0.8392,493.417786359787
0.1,trim_attack,72,clustering,50,0.8789999999999999,493.417786359787
0.1,trim_attack,72,clustering,150,0.8942,493.417786359787
0.1,trim_attack,72,median,15,0.4062,357.5460042953491
0.1,trim_attack,72,median,50,0.4657,357.5460042953491
0.1,trim_attack,72,median,150,0.4669,357.5460042953491
0.1,trim_attack,73,sr_only,15,0.8226000000000001,1555.5936212539673
0.1,trim_attack,73,sr_only,50,0.7806,1555.5936212539673
0.1,trim_attack,73,sr_only,150,0.8916999999999999,1555.5936212539673
0.1,trim_attack,73,sr_bin,15,0.8306999999999999,1627.8154120445251
0.1,trim_attack,73,sr_bin,50,0.7793,1627.8154120445251
0.1,trim_attack,73,sr_bin,150,0.8919,1627.8154120445251
0.1,trim_attack,73,sr_b025,15,0.8324,1627.5702316761017
0.1,trim_attack,73,sr_b025,50,0.8561,1627.5702316761017
0.1,trim_attack,73,sr_b025,150,0.8931999999999999,1627.5702316761017
0.1,trim_attack,73,cosserver_only,15,0.8449,379.1957001686096
0.1,trim_attack,73,cosserver_only,50,0.8805,379.1957001686096
0.1,trim_attack,73,cosserver_only,150,0.8826,379.1957001686096
0.1,trim_attack,73,fltrust,15,0.6134,570.9405846595764
0.1,trim_attack,73,fltrust,50,0.8558,570.9405846595764
0.1,trim_attack,73,fltrust,150,0.8834,570.9405846595764
0.1,trim_attack,73,trimmed_mean,15,0.3937,460.629135131836
0.1,trim_attack,73,trimmed_mean,50,0.4131,460.629135131836
0.1,trim_attack,73,trimmed_mean,150,0.4128,460.629135131836
0.1,trim_attack,73,clustering,15,0.8394,376.9755780696869
0.1,trim_attack,73,clustering,50,0.8794000000000001,376.9755780696869
0.1,trim_attack,73,clustering,150,0.8935000000000001,376.9755780696869
0.1,trim_attack,73,median,15,0.4064,627.2215414047241
0.1,trim_attack,73,median,50,0.4632,627.2215414047241
0.1,trim_attack,73,median,150,0.4661,627.2215414047241
0.1,trim_attack,74,sr_only,15,0.8145999999999999,1626.5691480636597
0.1,trim_attack,74,sr_only,50,0.7798,1626.5691480636597
0.1,trim_attack,74,sr_only,150,0.8918000000000001,1626.5691480636597
0.1,trim_attack,74,sr_bin,15,0.8032999999999999,1638.3557209968567
0.1,trim_attack,74,sr_bin,50,0.8461000000000001,1638.3557209968567
0.1,trim_attack,74,sr_bin,150,0.8928999999999998,1638.3557209968567
0.1,trim_attack,74,sr_b025,15,0.8416,1533.3837287425995
0.1,trim_attack,74,sr_b025,50,0.8558,1533.3837287425995
0.1,trim_attack,74,sr_b025,150,0.8931000000000001,1533.3837287425995
0.1,trim_attack,74,cosserver_only,15,0.8554999999999999,587.6756408214569
0.1,trim_attack,74,cosserver_only,50,0.8725999999999999,587.6756408214569
0.1,trim_attack,74,cosserver_only,150,0.8914,587.6756408214569
0.1,trim_attack,74,fltrust,15,0.5919999999999999,302.53304409980774
0.1,trim_attack,74,fltrust,50,0.7933000000000001,302.53304409980774
0.1,trim_attack,74,fltrust,150,0.8615999999999999,302.53304409980774
0.1,trim_attack,74,trimmed_mean,15,0.3938,479.5050847530365
0.1,trim_attack,74,trimmed_mean,50,0.4180999999999999,479.5050847530365
0.1,trim_attack,74,trimmed_mean,150,0.4176,479.5050847530365
0.1,trim_attack,74,clustering,15,0.8380999999999998,395.6723930835724
0.1,trim_attack,74,clustering,50,0.8790999999999999,395.6723930835724
0.1,trim_attack,74,clustering,150,0.8948,395.6723930835724
0.1,trim_attack,74,median,15,0.4061999999999999,433.2074751853943
0.1,trim_attack,74,median,50,0.4638999999999999,433.2074751853943
0.1,trim_attack,74,median,150,0.4662,433.2074751853943
0.1,trim_attack,75,sr_only,15,0.8173999999999999,1514.7814269065857
0.1,trim_attack,75,sr_only,50,0.7822,1514.7814269065857
0.1,trim_attack,75,sr_only,150,0.8916000000000001,1514.7814269065857
0.1,trim_attack,75,sr_bin,15,0.8312999999999999,1596.7549152374268
0.1,trim_attack,75,sr_bin,50,0.7793,1596.7549152374268
0.1,trim_attack,75,sr_bin,150,0.892,1596.7549152374268
0.1,trim_attack,75,sr_b025,15,0.836,1577.5489518642426
0.1,trim_attack,75,sr_b025,50,0.8555999999999999,1577.5489518642426
0.1,trim_attack,75,sr_b025,150,0.8933,1577.5489518642426
0.1,trim_attack,75,cosserver_only,15,0.7708,510.4851837158203
0.1,trim_attack,75,cosserver_only,50,0.8891,510.4851837158203
0.1,trim_attack,75,cosserver_only,150,0.902,510.4851837158203
0.1,trim_attack,75,fltrust,15,0.5966,390.4799795150757
0.1,trim_attack,75,fltrust,50,0.8318999999999999,390.4799795150757
0.1,trim_attack,75,fltrust,150,0.8784000000000001,390.4799795150757
0.1,trim_attack,75,trimmed_mean,15,0.3947,458.4808306694031
0.1,trim_attack,75,trimmed_mean,50,0.4131999999999999,458.4808306694031
0.1,trim_attack,75,trimmed_mean,150,0.4115,458.4808306694031
0.1,trim_attack,75,clustering,15,0.8388,386.9170744419098
0.1,trim_attack,75,clustering,50,0.8785999999999999,386.9170744419098
0.1,trim_attack,75,clustering,150,0.8946000000000002,386.9170744419098
0.1,trim_attack,75,median,15,0.406,475.14615392684937
0.1,trim_attack,75,median,50,0.4629999999999999,475.14615392684937
0.1,trim_attack,75,median,150,0.4673999999999999,475.14615392684937
0.1,trim_attack,76,sr_only,15,0.8230000000000001,1577.7883245944977
0.1,trim_attack,76,sr_only,50,0.7823,1577.7883245944977
0.1,trim_attack,76,sr_only,150,0.8907999999999999,1577.7883245944977
0.1,trim_attack,76,sr_bin,15,0.8317,1503.746729850769
0.1,trim_attack,76,sr_bin,50,0.8171999999999999,1503.746729850769
0.1,trim_attack,76,sr_bin,150,0.8929,1503.746729850769
0.1,trim_attack,76,sr_b025,15,0.843,1615.5313556194303
0.1,trim_attack,76,sr_b025,50,0.8571,1615.5313556194303
0.1,trim_attack,76,sr_b025,150,0.8929000000000002,1615.5313556194303
0.1,trim_attack,76,cosserver_only,15,0.8376000000000001,369.43487310409546
0.1,trim_attack,76,cosserver_only,50,0.8185,369.43487310409546
0.1,trim_attack,76,cosserver_only,150,0.8771999999999999,369.43487310409546
0.1,trim_attack,76,fltrust,15,0.627,695.9922304153442
0.1,trim_attack,76,fltrust,50,0.8314999999999999,695.9922304153442
0.1,trim_attack,76,fltrust,150,0.8789000000000001,695.9922304153442
0.1,trim_attack,76,trimmed_mean,15,0.3938,577.3069672584534
0.1,trim_attack,76,trimmed_mean,50,0.4133999999999999,577.3069672584534
0.1,trim_attack,76,trimmed_mean,150,0.4131999999999999,577.3069672584534
0.1,trim_attack,76,clustering,15,0.8385,657.075047492981
0.1,trim_attack,76,clustering,50,0.8791,657.075047492981
0.1,trim_attack,76,clustering,150,0.8943999999999999,657.075047492981
0.1,trim_attack,76,median,15,0.4053,894.6625082492828
0.1,trim_attack,76,median,50,0.4636,894.6625082492828
0.1,trim_attack,76,median,150,0.4640000000000001,894.6625082492828
0.1,trim_attack,77,sr_only,15,0.8225,1488.2683651447296
0.1,trim_attack,77,sr_only,50,0.7534,1488.2683651447296
0.1,trim_attack,77,sr_only,150,0.8925000000000001,1488.2683651447296
0.1,trim_attack,77,sr_bin,15,0.8263999999999999,1535.7519271373749
0.1,trim_attack,77,sr_bin,50,0.8765000000000001,1535.7519271373749
0.1,trim_attack,77,sr_bin,150,0.8923000000000002,1535.7519271373749
0.1,trim_attack,77,sr_b025,15,0.8411000000000002,1501.506142616272
0.1,trim_attack,77,sr_b025,50,0.8545,1501.506142616272
0.1,trim_attack,77,sr_b025,150,0.8934000000000001,1501.506142616272
0.1,trim_attack,77,cosserver_only,15,0.8533,431.5118939876557
0.1,trim_attack,77,cosserver_only,50,0.8693,431.5118939876557
0.1,trim_attack,77,cosserver_only,150,0.8495000000000001,431.5118939876557
0.1,trim_attack,77,fltrust,15,0.6193000000000001,538.0408635139465
0.1,trim_attack,77,fltrust,50,0.7508,538.0408635139465
0.1,trim_attack,77,fltrust,150,0.8631,538.0408635139465
0.1,trim_attack,77,trimmed_mean,15,0.3937,426.6456761360169
0.1,trim_attack,77,trimmed_mean,50,0.4154,426.6456761360169
0.1,trim_attack,77,trimmed_mean,150,0.418,426.6456761360169
0.1,trim_attack,77,clustering,15,0.8376000000000001,423.7882513999939
0.1,trim_attack,77,clustering,50,0.8792,423.7882513999939
0.1,trim_attack,77,clustering,150,0.8946,423.7882513999939
0.1,trim_attack,77,median,15,0.4044999999999999,388.3924443721771
0.1,trim_attack,77,median,50,0.4629999999999999,388.3924443721771
0.1,trim_attack,77,median,150,0.4670999999999999,388.3924443721771
0.1,trim_attack,78,sr_only,15,0.8224,1512.276981830597
0.1,trim_attack,78,sr_only,50,0.7534,1512.276981830597
0.1,trim_attack,78,sr_only,150,0.8852,1512.276981830597
0.1,trim_attack,78,sr_bin,15,0.841,1547.4948551654816
0.1,trim_attack,78,sr_bin,50,0.8764999999999998,1547.4948551654816
0.1,trim_attack,78,sr_bin,150,0.8860000000000001,1547.4948551654816
0.1,trim_attack,78,sr_b025,15,0.842,1521.9691469669342
0.1,trim_attack,78,sr_b025,50,0.8545999999999999,1521.9691469669342
0.1,trim_attack,78,sr_b025,150,0.8933,1521.9691469669342
0.1,trim_attack,78,cosserver_only,15,0.8469,476.9550576210022
0.1,trim_attack,78,cosserver_only,50,0.8631,476.9550576210022
0.1,trim_attack,78,cosserver_only,150,0.788,476.9550576210022
0.1,trim_attack,78,fltrust,15,0.5893999999999999,387.32700657844543
0.1,trim_attack,78,fltrust,50,0.8169000000000001,387.32700657844543
0.1,trim_attack,78,fltrust,150,0.869,387.32700657844543
0.1,trim_attack,78,trimmed_mean,15,0.3943,509.545371055603
0.1,trim_attack,78,trimmed_mean,50,0.4128999999999999,509.545371055603
0.1,trim_attack,78,trimmed_mean,150,0.412,509.545371055603
0.1,trim_attack,78,clustering,15,0.8366,439.2403609752655
0.1,trim_attack,78,clustering,50,0.8792,439.2403609752655
0.1,trim_attack,78,clustering,150,0.8943000000000001,439.2403609752655
0.1,trim_attack,78,median,15,0.4059,407.52126359939575
0.1,trim_attack,78,median,50,0.462,407.52126359939575
0.1,trim_attack,78,median,150,0.4638,407.52126359939575
0.1,trim_attack,79,sr_only,15,0.8135,1521.479662179947
0.1,trim_attack,79,sr_only,50,0.8379999999999999,1521.479662179947
0.1,trim_attack,79,sr_only,150,0.8896,1521.479662179947
0.1,trim_attack,79,sr_bin,15,0.8301000000000001,1548.7141840457916
0.1,trim_attack,79,sr_bin,50,0.7788999999999999,1548.7141840457916
0.1,trim_attack,79,sr_bin,150,0.8930000000000001,1548.7141840457916
0.1,trim_attack,79,sr_b025,15,0.8395999999999999,1573.2636721134186
0.1,trim_attack,79,sr_b025,50,0.8540000000000001,1573.2636721134186
0.1,trim_attack,79,sr_b025,150,0.8931999999999999,1573.2636721134186
0.1,trim_attack,79,cosserver_only,15,0.7830000000000001,741.4968752861023
0.1,trim_attack,79,cosserver_only,50,0.8881,741.4968752861023
0.1,trim_attack,79,cosserver_only,150,0.8995000000000001,741.4968752861023
0.1,trim_attack,79,fltrust,15,0.5803,527.2404491901398
0.1,trim_attack,79,fltrust,50,0.8173999999999999,527.2404491901398
0.1,trim_attack,79,fltrust,150,0.875,527.2404491901398
0.1,trim_attack,79,trimmed_mean,15,0.3947,672.6383032798767
0.1,trim_attack,79,trimmed_mean,50,0.4124,672.6383032798767
0.1,trim_attack,79,trimmed_mean,150,0.4085999999999999,672.6383032798767
0.1,trim_attack,79,clustering,15,0.8390000000000001,696.0858962535858
0.1,trim_attack,79,clustering,50,0.8785999999999999,696.0858962535858
0.1,trim_attack,79,clustering,150,0.8942,696.0858962535858
0.1,trim_attack,79,median,15,0.4044,481.15968084335327
0.1,trim_attack,79,median,50,0.4621,481.15968084335327
0.1,trim_attack,79,median,150,0.4674,481.15968084335327
0.1,trim_attack,80,sr_only,15,0.8092,1485.8315064907074
0.1,trim_attack,80,sr_only,50,0.7755000000000001,1485.8315064907074
0.1,trim_attack,80,sr_only,150,0.8919,1485.8315064907074
0.1,trim_attack,80,sr_bin,15,0.7946000000000001,1360.7797770500183
0.1,trim_attack,80,sr_bin,50,0.8765000000000001,1360.7797770500183
0.1,trim_attack,80,sr_bin,150,0.8932,1360.7797770500183
0.1,trim_attack,80,sr_b025,15,0.8333999999999999,1283.8013727664948
0.1,trim_attack,80,sr_b025,50,0.8555999999999999,1283.8013727664948
0.1,trim_attack,80,sr_b025,150,0.893,1283.8013727664948
0.1,trim_attack,80,cosserver_only,15,0.8478999999999999,183.32754254341123
0.1,trim_attack,80,cosserver_only,50,0.8400000000000001,183.32754254341123
0.1,trim_attack,80,cosserver_only,150,0.8831,183.32754254341123
0.1,trim_attack,80,fltrust,15,0.6269999999999999,188.2409598827362
0.1,trim_attack,80,fltrust,50,0.8294,188.2409598827362
0.1,trim_attack,80,fltrust,150,0.8779,188.2409598827362
0.1,trim_attack,80,trimmed_mean,15,0.3945,200.79496026039124
0.1,trim_attack,80,trimmed_mean,50,0.413,200.79496026039124
0.1,trim_attack,80,trimmed_mean,150,0.411,200.79496026039124
0.1,trim_attack,80,clustering,15,0.8396000000000001,206.9210147857666
0.1,trim_attack,80,clustering,50,0.8802,206.9210147857666
0.1,trim_attack,80,clustering,150,0.8945000000000001,206.9210147857666
0.1,trim_attack,80,median,15,0.4048,230.30067563056943
0.1,trim_attack,80,median,50,0.4633999999999999,230.30067563056943
0.1,trim_attack,80,median,150,0.4648,230.30067563056943
0.1,trim_attack,81,sr_only,15,0.8233,1678.0680565834043
0.1,trim_attack,81,sr_only,50,0.8278000000000001,1678.0680565834043
0.1,trim_attack,81,sr_only,150,0.8911000000000001,1678.0680565834043
0.1,trim_attack,81,sr_bin,15,0.8088,1706.864631652832
0.1,trim_attack,81,sr_bin,50,0.8371000000000001,1706.864631652832
0.1,trim_attack,81,sr_bin,150,0.8934000000000001,1706.864631652832
0.1,trim_attack,81,sr_b025,15,0.8388,1636.4849290847778
0.1,trim_attack,81,sr_b025,50,0.8558,1636.4849290847778
0.1,trim_attack,81,sr_b025,150,0.8931000000000001,1636.4849290847778
0.1,trim_attack,81,cosserver_only,15,0.8549,498.3218529224396
0.1,trim_attack,81,cosserver_only,50,0.8084,498.3218529224396
0.1,trim_attack,81,cosserver_only,150,0.8478999999999999,498.3218529224396
0.1,trim_attack,81,fltrust,15,0.6208,511.2603442668915
0.1,trim_attack,81,fltrust,50,0.7974,511.2603442668915
0.1,trim_attack,81,fltrust,150,0.8469,511.2603442668915
0.1,trim_attack,81,trimmed_mean,15,0.3942,475.9185340404511
0.1,trim_attack,81,trimmed_mean,50,0.4144,475.9185340404511
0.1,trim_attack,81,trimmed_mean,150,0.4119,475.9185340404511
0.1,trim_attack,81,clustering,15,0.8387,401.7492718696594
0.1,trim_attack,81,clustering,50,0.8792000000000002,401.7492718696594
0.1,trim_attack,81,clustering,150,0.8946,401.7492718696594
0.1,trim_attack,81,median,15,0.4049,485.88196086883545
0.1,trim_attack,81,median,50,0.4606,485.88196086883545
0.1,trim_attack,81,median,150,0.4684,485.88196086883545
0.5,trim_attack,72,sr_only,15,0.8962,1588.8345296382904
0.5,trim_attack,72,sr_only,50,0.9111,1588.8345296382904
0.5,trim_attack,72,sr_only,150,0.9138,1588.8345296382904
0.5,trim_attack,72,sr_bin,15,0.8965000000000002,1607.7578744888306
0.5,trim_attack,72,sr_bin,50,0.9112,1607.7578744888306
0.5,trim_attack,72,sr_bin,150,0.9142,1607.7578744888306
0.5,trim_attack,72,sr_b025,15,0.891,1585.73197555542
0.5,trim_attack,72,sr_b025,50,0.9087,1585.73197555542
0.5,trim_attack,72,sr_b025,150,0.8832000000000001,1585.73197555542
0.5,trim_attack,72,cosserver_only,15,0.8965,402.7942664623261
0.5,trim_attack,72,cosserver_only,50,0.9077,402.7942664623261
0.5,trim_attack,72,cosserver_only,150,0.9103,402.7942664623261
0.5,trim_attack,72,fltrust,15,0.7938,456.1881506443024
0.5,trim_attack,72,fltrust,50,0.8827,456.1881506443024
0.5,trim_attack,72,fltrust,150,0.903,456.1881506443024
0.5,trim_attack,72,trimmed_mean,15,0.8684000000000001,402.3855192661285
0.5,trim_attack,72,trimmed_mean,50,0.8824,402.3855192661285
0.5,trim_attack,72,trimmed_mean,150,0.8836999999999999,402.3855192661285
0.5,trim_attack,72,clustering,15,0.8962,397.6283164024353
0.5,trim_attack,72,clustering,50,0.9078,397.6283164024353
0.5,trim_attack,72,clustering,150,0.9056,397.6283164024353
0.5,trim_attack,72,median,15,0.8534999999999998,439.9001359939575
0.5,trim_attack,72,median,50,0.8727,439.9001359939575
0.5,trim_attack,72,median,150,0.8724999999999999,439.9001359939575
0.5,trim_attack,73,sr_only,15,0.8967,1589.9415893554688
0.5,trim_attack,73,sr_only,50,0.9114,1589.9415893554688
0.5,trim_attack,73,sr_only,150,0.9118,1589.9415893554688
0.5,trim_attack,73,sr_bin,15,0.8966000000000001,1580.352397441864
0.5,trim_attack,73,sr_bin,50,0.9114,1580.352397441864
0.5,trim_attack,73,sr_bin,150,0.9125,1580.352397441864
0.5,trim_attack,73,sr_b025,15,0.8948,1550.6711466312408
0.5,trim_attack,73,sr_b025,50,0.9107999999999998,1550.6711466312408
0.5,trim_attack,73,sr_b025,150,0.874,1550.6711466312408
0.5,trim_attack,73,cosserver_only,15,0.8869999999999999,297.9568588733673
0.5,trim_attack,73,cosserver_only,50,0.911,297.9568588733673
0.5,trim_attack,73,cosserver_only,150,0.9158,297.9568588733673
0.5,trim_attack,73,fltrust,15,0.7988000000000001,448.9250559806824
0.5,trim_attack,73,fltrust,50,0.8826,448.9250559806824
0.5,trim_attack,73,fltrust,150,0.8985,448.9250559806824
0.5,trim_attack,73,trimmed_mean,15,0.8686,361.0676648616791
0.5,trim_attack,73,trimmed_mean,50,0.8816,361.0676648616791
0.5,trim_attack,73,trimmed_mean,150,0.8832000000000001,361.0676648616791
0.5,trim_attack,73,clustering,15,0.8963000000000001,521.8639099597931
0.5,trim_attack,73,clustering,50,0.9075,521.8639099597931
0.5,trim_attack,73,clustering,150,0.9056,521.8639099597931
0.5,trim_attack,73,median,15,0.8530999999999999,332.7644844055176
0.5,trim_attack,73,median,50,0.8731,332.7644844055176
0.5,trim_attack,73,median,150,0.8728,332.7644844055176
0.5,trim_attack,74,sr_only,15,0.8966,1507.328591823578
0.5,trim_attack,74,sr_only,50,0.9114,1507.328591823578
0.5,trim_attack,74,sr_only,150,0.9154000000000002,1507.328591823578
0.5,trim_attack,74,sr_bin,15,0.8967,1595.7553443908691
0.5,trim_attack,74,sr_bin,50,0.9113,1595.7553443908691
0.5,trim_attack,74,sr_bin,150,0.9158,1595.7553443908691
0.5,trim_attack,74,sr_b025,15,0.8946999999999999,1605.4714279174805
0.5,trim_attack,74,sr_b025,50,0.906,1605.4714279174805
0.5,trim_attack,74,sr_b025,150,0.8867,1605.4714279174805
0.5,trim_attack,74,cosserver_only,15,0.892,633.1702516078949
0.5,trim_attack,74,cosserver_only,50,0.8934000000000001,633.1702516078949
0.5,trim_attack,74,cosserver_only,150,0.9022,633.1702516078949
0.5,trim_attack,74,fltrust,15,0.804,480.0509257316589
0.5,trim_attack,74,fltrust,50,0.8829,480.0509257316589
0.5,trim_attack,74,fltrust,150,0.9,480.0509257316589
0.5,trim_attack,74,trimmed_mean,15,0.8692,253.6804361343384
0.5,trim_attack,74,trimmed_mean,50,0.8817999999999999,253.6804361343384
0.5,trim_attack,74,trimmed_mean,150,0.8857000000000002,253.6804361343384
0.5,trim_attack,74,clustering,15,0.8963000000000001,367.5038743019104
0.5,trim_attack,74,clustering,50,0.9022,367.5038743019104
0.5,trim_attack,74,clustering,150,0.9102,367.5038743019104
0.5,trim_attack,74,median,15,0.8541000000000001,633.3686242103577
0.5,trim_attack,74,median,50,0.8716999999999999,633.3686242103577
0.5,trim_attack,74,median,150,0.8744,633.3686242103577
0.5,trim_attack,75,sr_only,15,0.8967,1586.6303250789642
0.5,trim_attack,75,sr_only,50,0.9113,1586.6303250789642
0.5,trim_attack,75,sr_only,150,0.9138,1586.6303250789642
0.5,trim_attack,75,sr_bin,15,0.8965,1558.126529932022
0.5,trim_attack,75,sr_bin,50,0.9114,1558.126529932022
0.5,trim_attack,75,sr_bin,150,0.9105,1558.126529932022
0.5,trim_attack,75,sr_b025,15,0.8911000000000001,1565.918487071991
0.5,trim_attack,75,sr_b025,50,0.906,1565.918487071991
0.5,trim_attack,75,sr_b025,150,0.8806,1565.918487071991
0.5,trim_attack,75,cosserver_only,15,0.8855999999999999,469.7049078941345
0.5,trim_attack,75,cosserver_only,50,0.9077000000000002,469.7049078941345
0.5,trim_attack,75,cosserver_only,150,0.9164,469.7049078941345
0.5,trim_attack,75,fltrust,15,0.8148,505.6350588798523
0.5,trim_attack,75,fltrust,50,0.8875,505.6350588798523
0.5,trim_attack,75,fltrust,150,0.8943999999999999,505.6350588798523
0.5,trim_attack,75,trimmed_mean,15,0.8687999999999999,483.91934394836426
0.5,trim_attack,75,trimmed_mean,50,0.8816,483.91934394836426
0.5,trim_attack,75,trimmed_mean,150,0.8853,483.91934394836426
0.5,trim_attack,75,clustering,15,0.8963000000000001,539.9461879730225
0.5,trim_attack,75,clustering,50,0.9084,539.9461879730225
0.5,trim_attack,75,clustering,150,0.906,539.9461879730225
0.5,trim_attack,75,median,15,0.8530999999999999,524.3335916996002
0.5,trim_attack,75,median,50,0.8725999999999999,524.3335916996002
0.5,trim_attack,75,median,150,0.8738999999999999,524.3335916996002
0.5,trim_attack,76,sr_only,15,0.8967,1522.5204405784607
0.5,trim_attack,76,sr_only,50,0.9095,1522.5204405784607
0.5,trim_attack,76,sr_only,150,0.913,1522.5204405784607
0.5,trim_attack,76,sr_bin,15,0.8963000000000001,1580.389147043228
0.5,trim_attack,76,sr_bin,50,0.9108,1580.389147043228
0.5,trim_attack,76,sr_bin,150,0.9153,1580.389147043228
0.5,trim_attack,76,sr_b025,15,0.8968,1581.5367288589478
0.5,trim_attack,76,sr_b025,50,0.9071,1581.5367288589478
0.5,trim_attack,76,sr_b025,150,0.8826,1581.5367288589478
0.5,trim_attack,76,cosserver_only,15,0.8949999999999999,652.6695702075958
0.5,trim_attack,76,cosserver_only,50,0.8983000000000001,652.6695702075958
0.5,trim_attack,76,cosserver_only,150,0.9089,652.6695702075958
0.5,trim_attack,76,fltrust,15,0.8011999999999999,334.97674918174744
0.5,trim_attack,76,fltrust,50,0.8815000000000002,334.97674918174744
0.5,trim_attack,76,fltrust,150,0.8993,334.97674918174744
0.5,trim_attack,76,trimmed_mean,15,0.8682000000000001,382.0824551582336
0.5,trim_attack,76,trimmed_mean,50,0.8830000000000002,382.0824551582336
0.5,trim_attack,76,trimmed_mean,150,0.8843,382.0824551582336
0.5,trim_attack,76,clustering,15,0.8961,507.28257274627686
0.5,trim_attack,76,clustering,50,0.9076,507.28257274627686
0.5,trim_attack,76,clustering,150,0.9098,507.28257274627686
0.5,trim_attack,76,median,15,0.853,626.6534495353699
0.5,trim_attack,76,median,50,0.8731,626.6534495353699
0.5,trim_attack,76,median,150,0.8732,626.6534495353699
0.5,trim_attack,77,sr_only,15,0.8963000000000001,1511.7685420513153
0.5,trim_attack,77,sr_only,50,0.9109,1511.7685420513153
0.5,trim_attack,77,sr_only,150,0.9119000000000002,1511.7685420513153
0.5,trim_attack,77,sr_bin,15,0.8963000000000001,1522.1375846862793
0.5,trim_attack,77,sr_bin,50,0.9107999999999998,1522.1375846862793
0.5,trim_attack,77,sr_bin,150,0.9156,1522.1375846862793
0.5,trim_attack,77,sr_b025,15,0.8909,1575.964742422104
0.5,trim_attack,77,sr_b025,50,0.9097,1575.964742422104
0.5,trim_attack,77,sr_b025,150,0.8861000000000001,1575.964742422104
0.5,trim_attack,77,cosserver_only,15,0.8966000000000001,711.0823459625244
0.5,trim_attack,77,cosserver_only,50,0.9084,711.0823459625244
0.5,trim_attack,77,cosserver_only,150,0.9073,711.0823459625244
0.5,trim_attack,77,fltrust,15,0.8089999999999999,425.5866148471832
0.5,trim_attack,77,fltrust,50,0.8819000000000001,425.5866148471832
0.5,trim_attack,77,fltrust,150,0.8971000000000002,425.5866148471832
0.5,trim_attack,77,trimmed_mean,15,0.8688,398.1762089729309
0.5,trim_attack,77,trimmed_mean,50,0.8824000000000002,398.1762089729309
0.5,trim_attack,77,trimmed_mean,150,0.8832000000000001,398.1762089729309
0.5,trim_attack,77,clustering,15,0.8966000000000001,398.5911622047424
0.5,trim_attack,77,clustering,50,0.9074000000000002,398.5911622047424
0.5,trim_attack,77,clustering,150,0.9117,398.5911622047424
0.5,trim_attack,77,median,15,0.8525,358.50943994522095
0.5,trim_attack,77,median,50,0.8724000000000001,358.50943994522095
0.5,trim_attack,77,median,150,0.8738999999999999,358.50943994522095
0.5,trim_attack,78,sr_only,15,0.8962999999999999,1515.679471731186
0.5,trim_attack,78,sr_only,50,0.9099,1515.679471731186
0.5,trim_attack,78,sr_only,150,0.9134,1515.679471731186
0.5,trim_attack,78,sr_bin,15,0.8958999999999999,1524.623185157776
0.5,trim_attack,78,sr_bin,50,0.9113,1524.623185157776
0.5,trim_attack,78,sr_bin,150,0.9156,1524.623185157776
0.5,trim_attack,78,sr_b025,15,0.8901999999999999,1500.7493035793304
0.5,trim_attack,78,sr_b025,50,0.8954000000000001,1500.7493035793304
0.5,trim_attack,78,sr_b025,150,0.8815,1500.7493035793304
0.5,trim_attack,78,cosserver_only,15,0.8922000000000001,455.6966049671173
0.5,trim_attack,78,cosserver_only,50,0.9098,455.6966049671173
0.5,trim_attack,78,cosserver_only,150,0.915,455.6966049671173
0.5,trim_attack,78,fltrust,15,0.7973,548.5170369148254
0.5,trim_attack,78,fltrust,50,0.8784000000000001,548.5170369148254
0.5,trim_attack,78,fltrust,150,0.8972,548.5170369148254
0.5,trim_attack,78,trimmed_mean,15,0.8694000000000001,381.66559195518494
0.5,trim_attack,78,trimmed_mean,50,0.882,381.66559195518494
0.5,trim_attack,78,trimmed_mean,150,0.8828000000000001,381.66559195518494
0.5,trim_attack,78,clustering,15,0.8968000000000002,639.4123883247375
0.5,trim_attack,78,clustering,50,0.9078000000000002,639.4123883247375
0.5,trim_attack,78,clustering,150,0.9114,639.4123883247375
0.5,trim_attack,78,median,15,0.8538,519.8052382469177
0.5,trim_attack,78,median,50,0.8722999999999999,519.8052382469177
0.5,trim_attack,78,median,150,0.8744,519.8052382469177
0.5,trim_attack,79,sr_only,15,0.8967,1526.2176840305328
0.5,trim_attack,79,sr_only,50,0.9113,1526.2176840305328
0.5,trim_attack,79,sr_only,150,0.9136,1526.2176840305328
0.5,trim_attack,79,sr_bin,15,0.8965,1489.4285945892334
0.5,trim_attack,79,sr_bin,50,0.9109,1489.4285945892334
0.5,trim_attack,79,sr_bin,150,0.9157000000000002,1489.4285945892334
0.5,trim_attack,79,sr_b025,15,0.891,1508.4867839813232
0.5,trim_attack,79,sr_b025,50,0.9103,1508.4867839813232
0.5,trim_attack,79,sr_b025,150,0.8853,1508.4867839813232
0.5,trim_attack,79,cosserver_only,15,0.8921000000000001,533.623943567276
0.5,trim_attack,79,cosserver_only,50,0.9108,533.623943567276
0.5,trim_attack,79,cosserver_only,150,0.9116,533.623943567276
0.5,trim_attack,79,fltrust,15,0.8040999999999998,531.6534857749939
0.5,trim_attack,79,fltrust,50,0.8805999999999999,531.6534857749939
0.5,trim_attack,79,fltrust,150,0.8958,531.6534857749939
0.5,trim_attack,79,trimmed_mean,15,0.8686,506.4357614517212
0.5,trim_attack,79,trimmed_mean,50,0.8821,506.4357614517212
0.5,trim_attack,79,trimmed_mean,150,0.8826,506.4357614517212
0.5,trim_attack,79,clustering,15,0.8959999999999999,408.1263861656189
0.5,trim_attack,79,clustering,50,0.9026,408.1263861656189
0.5,trim_attack,79,clustering,150,0.9109,408.1263861656189
0.5,trim_attack,79,median,15,0.8539,540.8347434997559
0.5,trim_attack,79,median,50,0.8724000000000001,540.8347434997559
0.5,trim_attack,79,median,150,0.8725999999999999,540.8347434997559
0.5,trim_attack,80,sr_only,15,0.8968999999999999,1578.3552372455597
0.5,trim_attack,80,sr_only,50,0.9115,1578.3552372455597
0.5,trim_attack,80,sr_only,150,0.9136,1578.3552372455597
0.5,trim_attack,80,sr_bin,15,0.8967,1511.0478768348694
0.5,trim_attack,80,sr_bin,50,0.9107,1511.0478768348694
0.5,trim_attack,80,sr_bin,150,0.9123,1511.0478768348694
0.5,trim_attack,80,sr_b025,15,0.8909,1340.753289937973
0.5,trim_attack,80,sr_b025,50,0.8949,1340.753289937973
0.5,trim_attack,80,sr_b025,150,0.8815999999999999,1340.753289937973
0.5,trim_attack,80,cosserver_only,15,0.8887,228.35506629943848
0.5,trim_attack,80,cosserver_only,50,0.9086,228.35506629943848
0.5,trim_attack,80,cosserver_only,150,0.9133,228.35506629943848
0.5,trim_attack,80,fltrust,15,0.8124,235.58898091316223
0.5,trim_attack,80,fltrust,50,0.8852,235.58898091316223
0.5,trim_attack,80,fltrust,150,0.8968999999999999,235.58898091316223
0.5,trim_attack,80,trimmed_mean,15,0.8688,239.5371627807617
0.5,trim_attack,80,trimmed_mean,50,0.8821,239.5371627807617
0.5,trim_attack,80,trimmed_mean,150,0.884,239.5371627807617
0.5,trim_attack,80,clustering,15,0.897,231.5186960697174
0.5,trim_attack,80,clustering,50,0.9073999999999998,231.5186960697174
0.5,trim_attack,80,clustering,150,0.9059,231.5186960697174
0.5,trim_attack,80,median,15,0.8539999999999999,238.5747230052948
0.5,trim_attack,80,median,50,0.8733000000000001,238.5747230052948
0.5,trim_attack,80,median,150,0.8732,238.5747230052948
0.5,trim_attack,81,sr_only,15,0.897,1364.0103969573977
0.5,trim_attack,81,sr_only,50,0.9113,1364.0103969573977
0.5,trim_attack,81,sr_only,150,0.9154,1364.0103969573977
0.5,trim_attack,81,sr_bin,15,0.8967,1591.301729440689
0.5,trim_attack,81,sr_bin,50,0.9105,1591.301729440689
0.5,trim_attack,81,sr_bin,150,0.9157000000000002,1591.301729440689
0.5,trim_attack,81,sr_b025,15,0.8958,1688.9730529785156
0.5,trim_attack,81,sr_b025,50,0.8966,1688.9730529785156
0.5,trim_attack,81,sr_b025,150,0.8871,1688.9730529785156
0.5,trim_attack,81,cosserver_only,15,0.8844000000000001,439.2667460441589
0.5,trim_attack,81,cosserver_only,50,0.9038,439.2667460441589
0.5,trim_attack,81,cosserver_only,150,0.9113,439.2667460441589
0.5,trim_attack,81,fltrust,15,0.7974,409.0137131214142
0.5,trim_attack,81,fltrust,50,0.8758000000000001,409.0137131214142
0.5,trim_attack,81,fltrust,150,0.899,409.0137131214142
0.5,trim_attack,81,trimmed_mean,15,0.8680999999999999,361.0557749271393
0.5,trim_attack,81,trimmed_mean,50,0.8817999999999999,361.0557749271393
0.5,trim_attack,81,trimmed_mean,150,0.8846,361.0557749271393
0.5,trim_attack,81,clustering,15,0.8965,384.4925262928009
0.5,trim_attack,81,clustering,50,0.9069,384.4925262928009
0.5,trim_attack,81,clustering,150,0.9054,384.4925262928009
0.5,trim_attack,81,median,15,0.8526999999999999,486.5215103626251
0.5,trim_attack,81,median,50,0.8718999999999999,486.5215103626251
0.5,trim_attack,81,median,150,0.8731,486.5215103626251
