alpha,attack_type,seed,system,acc_uniforme,acc_ponderada,global_accuracy,escolhas,sec,acc_c0,acc_c1,acc_c2,acc_c3,acc_c4,acc_c5,acc_c6,acc_c7,acc_c8,acc_c9,n_test_c0,n_test_c1,n_test_c2,n_test_c3,n_test_c4,n_test_c5,n_test_c6,n_test_c7,n_test_c8,n_test_c9
0.05,fltrust_aligned,42,oracle_u,0.7872,0.7872,0.7872,fedavg|krum|krum|krum|krum|fltrust|fltrust|fltrust|krum|krum|fltrust|krum|krum|fltrust|krum,46.63246035575867,0.784,0.787,0.799,0.811,0.76,0.777,0.799,0.787,0.787,0.781,1000,1000,1000,1000,1000,1000,1000,1000,1000,1000
0.05,fltrust_aligned,42,oracle_w,0.7872,0.7872,0.7872,fedavg|krum|krum|krum|krum|fltrust|fltrust|fltrust|krum|krum|fltrust|krum|krum|fltrust|krum,51.7453088760376,0.784,0.787,0.799,0.811,0.76,0.777,0.799,0.787,0.787,0.781,1000,1000,1000,1000,1000,1000,1000,1000,1000,1000
0.05,fltrust_aligned,42,fixed,0.7303999999999999,0.7304,0.7303999999999999,,181.473596572876,0.718,0.721,0.761,0.75,0.707,0.725,0.727,0.744,0.722,0.729,1000,1000,1000,1000,1000,1000,1000,1000,1000,1000
0.05,fltrust_aligned,42,sr_only,0.6563000000000001,0.6563,0.6563000000000001,,157.30344438552856,0.642,0.654,0.67,0.684,0.637,0.649,0.662,0.671,0.641,0.653,1000,1000,1000,1000,1000,1000,1000,1000,1000,1000
0.05,fltrust_aligned,42,td3_ref,0.7327,0.7327,0.7327,,184.8266031742096,0.72,0.719,0.76,0.756,0.711,0.722,0.733,0.746,0.729,0.731,1000,1000,1000,1000,1000,1000,1000,1000,1000,1000
0.05,fltrust_aligned,42,fltrust,0.7115,0.7115,0.7115,,52.66387987136841,0.709,0.704,0.714,0.752,0.685,0.71,0.719,0.725,0.698,0.699,1000,1000,1000,1000,1000,1000,1000,1000,1000,1000
0.05,fltrust_aligned,42,krum,0.7054,0.7054,0.7054,,34.929147481918335,0.707,0.706,0.699,0.744,0.677,0.709,0.713,0.709,0.698,0.692,1000,1000,1000,1000,1000,1000,1000,1000,1000,1000
0.05,fltrust_aligned,42,median,0.5874999999999999,0.5875,0.5874999999999999,,21.10892939567566,0.575,0.569,0.6,0.618,0.57,0.587,0.589,0.614,0.584,0.569,1000,1000,1000,1000,1000,1000,1000,1000,1000,1000
0.05,fltrust_aligned,42,trimmed_mean,0.6334000000000001,0.6334,0.6334000000000001,,25.881109714508057,0.631,0.629,0.641,0.66,0.598,0.627,0.641,0.656,0.631,0.62,1000,1000,1000,1000,1000,1000,1000,1000,1000,1000
0.05,fltrust_aligned,43,oracle_u,0.7453,0.7453,0.7453,fedavg|clustering|krum|krum|fltrust|krum|fltrust|krum|fltrust|fltrust|krum|krum|fltrust|fltrust|krum,31.8045654296875,0.729,0.735,0.778,0.767,0.724,0.734,0.747,0.755,0.748,0.736,1000,1000,1000,1000,1000,1000,1000,1000,1000,1000
0.05,fltrust_aligned,43,oracle_w,0.7453,0.7453,0.7453,fedavg|clustering|krum|krum|fltrust|krum|fltrust|krum|fltrust|fltrust|krum|krum|fltrust|fltrust|krum,60.258808612823486,0.729,0.735,0.778,0.767,0.724,0.734,0.747,0.755,0.748,0.736,1000,1000,1000,1000,1000,1000,1000,1000,1000,1000
0.05,fltrust_aligned,43,fixed,0.741,0.741,0.741,,176.4579610824585,0.731,0.726,0.771,0.767,0.719,0.73,0.739,0.752,0.734,0.741,1000,1000,1000,1000,1000,1000,1000,1000,1000,1000
0.05,fltrust_aligned,43,sr_only,0.7545000000000001,0.7545,0.7545000000000001,,164.48531675338745,0.748,0.748,0.775,0.776,0.733,0.741,0.752,0.762,0.746,0.764,1000,1000,1000,1000,1000,1000,1000,1000,1000,1000
0.05,fltrust_aligned,43,td3_ref,0.7402,0.7402,0.7402,,180.7723617553711,0.744,0.727,0.754,0.771,0.711,0.725,0.746,0.748,0.733,0.743,1000,1000,1000,1000,1000,1000,1000,1000,1000,1000
0.05,fltrust_aligned,43,fltrust,0.666,0.666,0.666,,72.2839868068695,0.661,0.665,0.682,0.69,0.647,0.657,0.663,0.677,0.665,0.653,1000,1000,1000,1000,1000,1000,1000,1000,1000,1000
0.05,fltrust_aligned,43,krum,0.6564,0.6564,0.6564,,83.83680367469788,0.651,0.664,0.671,0.676,0.637,0.64,0.651,0.666,0.66,0.648,1000,1000,1000,1000,1000,1000,1000,1000,1000,1000
0.05,fltrust_aligned,43,median,0.5780000000000001,0.578,0.5780000000000001,,22.040760040283203,0.573,0.565,0.596,0.607,0.555,0.576,0.576,0.605,0.568,0.559,1000,1000,1000,1000,1000,1000,1000,1000,1000,1000
0.05,fltrust_aligned,43,trimmed_mean,0.6138999999999999,0.6139,0.6138999999999999,,36.4831280708313,0.606,0.597,0.634,0.636,0.585,0.612,0.616,0.636,0.617,0.6,1000,1000,1000,1000,1000,1000,1000,1000,1000,1000
0.05,fltrust_aligned,44,oracle_u,0.7696,0.7696,0.7696,clustering|krum|krum|krum|fltrust|fltrust|krum|krum|fltrust|fltrust|krum|fltrust|fltrust|fltrust|fltrust,55.54696369171143,0.764,0.78,0.766,0.777,0.77,0.763,0.789,0.761,0.769,0.757,1000,1000,1000,1000,1000,1000,1000,1000,1000,1000
0.05,fltrust_aligned,44,oracle_w,0.7696,0.7696,0.7696,clustering|krum|krum|krum|fltrust|fltrust|krum|krum|fltrust|fltrust|krum|fltrust|fltrust|fltrust|fltrust,70.31300449371338,0.764,0.78,0.766,0.777,0.77,0.763,0.789,0.761,0.769,0.757,1000,1000,1000,1000,1000,1000,1000,1000,1000,1000
0.05,fltrust_aligned,44,fixed,0.7427,0.7427,0.7427,,172.44473600387573,0.733,0.731,0.773,0.761,0.724,0.734,0.747,0.75,0.738,0.736,1000,1000,1000,1000,1000,1000,1000,1000,1000,1000
0.05,fltrust_aligned,44,sr_only,0.7585,0.7585,0.7585,,152.725195646286,0.753,0.752,0.777,0.784,0.742,0.747,0.757,0.763,0.749,0.761,1000,1000,1000,1000,1000,1000,1000,1000,1000,1000
0.05,fltrust_aligned,44,td3_ref,0.7895000000000001,0.7895,0.7895000000000001,,164.68831944465637,0.791,0.775,0.809,0.814,0.771,0.771,0.8,0.801,0.772,0.791,1000,1000,1000,1000,1000,1000,1000,1000,1000,1000
0.05,fltrust_aligned,44,fltrust,0.7285999999999999,0.7286,0.7285999999999999,,44.0026433467865,0.727,0.73,0.731,0.735,0.729,0.722,0.745,0.712,0.723,0.732,1000,1000,1000,1000,1000,1000,1000,1000,1000,1000
0.05,fltrust_aligned,44,krum,0.6998999999999999,0.6999,0.6998999999999999,,81.02658319473267,0.695,0.712,0.695,0.698,0.701,0.696,0.722,0.688,0.702,0.69,1000,1000,1000,1000,1000,1000,1000,1000,1000,1000
0.05,fltrust_aligned,44,median,0.6085,0.6085,0.6085,,21.72687315940857,0.602,0.582,0.637,0.645,0.588,0.602,0.608,0.635,0.603,0.583,1000,1000,1000,1000,1000,1000,1000,1000,1000,1000
0.05,fltrust_aligned,44,trimmed_mean,0.6561000000000001,0.6561,0.6561000000000001,,67.00733017921448,0.657,0.643,0.673,0.68,0.606,0.649,0.666,0.679,0.658,0.65,1000,1000,1000,1000,1000,1000,1000,1000,1000,1000
0.05,fltrust_aligned,45,oracle_u,0.7645,0.7645,0.7645,fltrust|fltrust|fltrust|fltrust|fltrust|fltrust|fltrust|fltrust|fltrust|fltrust|fltrust|fltrust|fltrust|fltrust|krum,33.036858558654785,0.748,0.776,0.762,0.777,0.747,0.768,0.766,0.755,0.776,0.77,1000,1000,1000,1000,1000,1000,1000,1000,1000,1000
0.05,fltrust_aligned,45,oracle_w,0.7645,0.7645,0.7645,fltrust|fltrust|fltrust|fltrust|fltrust|fltrust|fltrust|fltrust|fltrust|fltrust|fltrust|fltrust|fltrust|fltrust|krum,68.18204188346863,0.748,0.776,0.762,0.777,0.747,0.768,0.766,0.755,0.776,0.77,1000,1000,1000,1000,1000,1000,1000,1000,1000,1000
0.05,fltrust_aligned,45,fixed,0.7503,0.7503,0.7503,,161.2223355770111,0.743,0.74,0.777,0.777,0.726,0.741,0.747,0.76,0.741,0.751,1000,1000,1000,1000,1000,1000,1000,1000,1000,1000
0.05,fltrust_aligned,45,sr_only,0.7434000000000001,0.7434,0.7434000000000001,,160.54983282089233,0.736,0.731,0.767,0.772,0.717,0.736,0.736,0.756,0.734,0.749,1000,1000,1000,1000,1000,1000,1000,1000,1000,1000
0.05,fltrust_aligned,45,td3_ref,0.7579,0.7579,0.7579,,161.87644839286804,0.756,0.75,0.779,0.781,0.726,0.742,0.766,0.761,0.756,0.762,1000,1000,1000,1000,1000,1000,1000,1000,1000,1000
0.05,fltrust_aligned,45,fltrust,0.757,0.757,0.757,,37.178534269332886,0.752,0.767,0.762,0.775,0.734,0.757,0.759,0.75,0.756,0.758,1000,1000,1000,1000,1000,1000,1000,1000,1000,1000
0.05,fltrust_aligned,45,krum,0.7152999999999999,0.7153,0.7152999999999999,,119.72203922271729,0.708,0.717,0.72,0.727,0.695,0.732,0.72,0.697,0.716,0.721,1000,1000,1000,1000,1000,1000,1000,1000,1000,1000
0.05,fltrust_aligned,45,median,0.5917,0.5917,0.5917,,79.89541172981262,0.579,0.576,0.608,0.628,0.574,0.586,0.597,0.62,0.579,0.57,1000,1000,1000,1000,1000,1000,1000,1000,1000,1000
0.05,fltrust_aligned,45,trimmed_mean,0.6341,0.6341,0.6341,,29.87700843811035,0.636,0.612,0.647,0.657,0.61,0.627,0.644,0.658,0.63,0.62,1000,1000,1000,1000,1000,1000,1000,1000,1000,1000
0.05,fltrust_aligned,46,oracle_u,0.7981,0.7981,0.7981,fedavg|krum|krum|krum|krum|krum|krum|krum|krum|fltrust|krum|fltrust|fltrust|fltrust|krum,126.88356161117554,0.807,0.79,0.797,0.811,0.781,0.783,0.793,0.81,0.802,0.807,1000,1000,1000,1000,1000,1000,1000,1000,1000,1000
0.05,fltrust_aligned,46,oracle_w,0.7981,0.7981,0.7981,fedavg|krum|krum|krum|krum|krum|krum|krum|krum|fltrust|krum|fltrust|fltrust|fltrust|krum,45.50153875350952,0.807,0.79,0.797,0.811,0.781,0.783,0.793,0.81,0.802,0.807,1000,1000,1000,1000,1000,1000,1000,1000,1000,1000
0.05,fltrust_aligned,46,fixed,0.6551,0.6551,0.6551,,143.2768111228943,0.633,0.646,0.678,0.673,0.63,0.658,0.651,0.666,0.653,0.663,1000,1000,1000,1000,1000,1000,1000,1000,1000,1000
0.05,fltrust_aligned,46,sr_only,0.7603,0.7603,0.7603,,138.52171993255615,0.75,0.751,0.778,0.784,0.746,0.744,0.763,0.769,0.748,0.77,1000,1000,1000,1000,1000,1000,1000,1000,1000,1000
0.05,fltrust_aligned,46,td3_ref,0.4836999999999999,0.4837,0.4836999999999999,,165.19820880889893,0.473,0.466,0.478,0.511,0.489,0.489,0.496,0.477,0.478,0.48,1000,1000,1000,1000,1000,1000,1000,1000,1000,1000
0.05,fltrust_aligned,46,fltrust,0.7602,0.7602,0.7602,,31.060215950012207,0.762,0.755,0.775,0.765,0.746,0.747,0.762,0.765,0.751,0.774,1000,1000,1000,1000,1000,1000,1000,1000,1000,1000
0.05,fltrust_aligned,46,krum,0.7302,0.7302,0.7302,,81.88503384590149,0.727,0.734,0.72,0.736,0.713,0.721,0.733,0.741,0.727,0.75,1000,1000,1000,1000,1000,1000,1000,1000,1000,1000
0.05,fltrust_aligned,46,median,0.6051,0.6051,0.6051,,78.03386569023132,0.598,0.584,0.624,0.641,0.587,0.59,0.612,0.631,0.599,0.585,1000,1000,1000,1000,1000,1000,1000,1000,1000,1000
0.05,fltrust_aligned,46,trimmed_mean,0.6608,0.6608,0.6608,,84.65991806983948,0.67,0.646,0.681,0.684,0.622,0.651,0.665,0.691,0.656,0.642,1000,1000,1000,1000,1000,1000,1000,1000,1000,1000
0.05,fltrust_aligned,47,oracle_u,0.7494,0.7494,0.7494,clustering|krum|fltrust|fltrust|fltrust|fltrust|fltrust|fltrust|krum|krum|fltrust|krum|fltrust|fltrust|krum,63.42833185195923,0.737,0.747,0.773,0.768,0.734,0.729,0.75,0.754,0.749,0.753,1000,1000,1000,1000,1000,1000,1000,1000,1000,1000
0.05,fltrust_aligned,47,oracle_w,0.7494,0.7494,0.7494,clustering|krum|fltrust|fltrust|fltrust|fltrust|fltrust|fltrust|krum|krum|fltrust|krum|fltrust|fltrust|krum,28.81103539466858,0.737,0.747,0.773,0.768,0.734,0.729,0.75,0.754,0.749,0.753,1000,1000,1000,1000,1000,1000,1000,1000,1000,1000
0.05,fltrust_aligned,47,fixed,0.5117,0.5117,0.5117,,149.054123878479,0.491,0.5,0.51,0.547,0.518,0.505,0.525,0.509,0.499,0.513,1000,1000,1000,1000,1000,1000,1000,1000,1000,1000
0.05,fltrust_aligned,47,sr_only,0.7489,0.7489,0.7489,,131.77855968475342,0.744,0.744,0.764,0.775,0.73,0.732,0.741,0.755,0.744,0.76,1000,1000,1000,1000,1000,1000,1000,1000,1000,1000
0.05,fltrust_aligned,47,td3_ref,0.5307999999999999,0.5308,0.5307999999999999,,171.22429585456848,0.503,0.525,0.555,0.546,0.517,0.524,0.539,0.538,0.527,0.534,1000,1000,1000,1000,1000,1000,1000,1000,1000,1000
0.05,fltrust_aligned,47,fltrust,0.6936,0.6936,0.6936,,55.76737570762634,0.681,0.686,0.713,0.716,0.678,0.685,0.689,0.708,0.685,0.695,1000,1000,1000,1000,1000,1000,1000,1000,1000,1000
0.05,fltrust_aligned,47,krum,0.6849000000000001,0.6849,0.6849000000000001,,23.021586418151852,0.676,0.685,0.691,0.709,0.664,0.67,0.676,0.706,0.678,0.694,1000,1000,1000,1000,1000,1000,1000,1000,1000,1000
0.05,fltrust_aligned,47,median,0.5906,0.5906,0.5906,,95.99788308143616,0.582,0.563,0.619,0.628,0.577,0.582,0.592,0.615,0.578,0.57,1000,1000,1000,1000,1000,1000,1000,1000,1000,1000
0.05,fltrust_aligned,47,trimmed_mean,0.6474,0.6474,0.6474,,82.57869720458984,0.651,0.637,0.668,0.674,0.614,0.64,0.648,0.672,0.635,0.635,1000,1000,1000,1000,1000,1000,1000,1000,1000,1000
0.05,fltrust_aligned,48,oracle_u,0.7943,0.7943,0.7943,fedavg|krum|krum|krum|krum|krum|fltrust|krum|krum|fltrust|krum|krum|fltrust|fltrust|fltrust,55.05571794509888,0.784,0.772,0.81,0.818,0.755,0.791,0.814,0.81,0.793,0.796,1000,1000,1000,1000,1000,1000,1000,1000,1000,1000
0.05,fltrust_aligned,48,oracle_w,0.7943,0.7943,0.7943,fedavg|krum|krum|krum|krum|krum|fltrust|krum|krum|fltrust|krum|krum|fltrust|fltrust|fltrust,77.03408908843994,0.784,0.772,0.81,0.818,0.755,0.791,0.814,0.81,0.793,0.796,1000,1000,1000,1000,1000,1000,1000,1000,1000,1000
0.05,fltrust_aligned,48,fixed,0.7418,0.7418,0.7418,,167.86756587028503,0.73,0.735,0.768,0.76,0.715,0.744,0.756,0.757,0.734,0.719,1000,1000,1000,1000,1000,1000,1000,1000,1000,1000
0.05,fltrust_aligned,48,sr_only,0.7532,0.7532,0.7532,,145.49035239219666,0.748,0.751,0.763,0.78,0.731,0.74,0.751,0.764,0.739,0.765,1000,1000,1000,1000,1000,1000,1000,1000,1000,1000
0.05,fltrust_aligned,48,td3_ref,0.7631000000000001,0.7631,0.7631000000000001,,162.6691381931305,0.749,0.762,0.785,0.783,0.741,0.75,0.773,0.784,0.751,0.753,1000,1000,1000,1000,1000,1000,1000,1000,1000,1000
0.05,fltrust_aligned,48,fltrust,0.7709,0.7709,0.7709,,48.08998513221741,0.77,0.765,0.78,0.782,0.73,0.768,0.789,0.776,0.783,0.766,1000,1000,1000,1000,1000,1000,1000,1000,1000,1000
0.05,fltrust_aligned,48,krum,0.7415999999999999,0.7416,0.7415999999999999,,83.7138364315033,0.727,0.745,0.742,0.738,0.71,0.745,0.753,0.749,0.763,0.744,1000,1000,1000,1000,1000,1000,1000,1000,1000,1000
0.05,fltrust_aligned,48,median,0.5902,0.5902,0.5902,,28.436797618865967,0.582,0.582,0.608,0.622,0.568,0.587,0.594,0.611,0.587,0.561,1000,1000,1000,1000,1000,1000,1000,1000,1000,1000
0.05,fltrust_aligned,48,trimmed_mean,0.6317999999999999,0.6318,0.6317999999999999,,33.52939462661743,0.632,0.616,0.647,0.653,0.603,0.63,0.638,0.655,0.635,0.609,1000,1000,1000,1000,1000,1000,1000,1000,1000,1000
0.05,fltrust_aligned,49,oracle_u,0.7606999999999999,0.7607,0.7606999999999999,fltrust|fltrust|fltrust|fltrust|fltrust|fltrust|fltrust|fltrust|fltrust|fltrust|fltrust|fltrust|krum|fltrust|fltrust,35.39785408973694,0.753,0.764,0.778,0.775,0.746,0.743,0.753,0.772,0.765,0.758,1000,1000,1000,1000,1000,1000,1000,1000,1000,1000
0.05,fltrust_aligned,49,oracle_w,0.7606999999999999,0.7607,0.7606999999999999,fltrust|fltrust|fltrust|fltrust|fltrust|fltrust|fltrust|fltrust|fltrust|fltrust|fltrust|fltrust|krum|fltrust|fltrust,87.42836999893188,0.753,0.764,0.778,0.775,0.746,0.743,0.753,0.772,0.765,0.758,1000,1000,1000,1000,1000,1000,1000,1000,1000,1000
0.05,fltrust_aligned,49,fixed,0.6834,0.6834,0.6834,,162.73621129989624,0.662,0.661,0.718,0.703,0.669,0.688,0.686,0.685,0.685,0.677,1000,1000,1000,1000,1000,1000,1000,1000,1000,1000
0.05,fltrust_aligned,49,sr_only,0.7565000000000002,0.7565,0.7565000000000002,,130.6576373577118,0.753,0.751,0.773,0.778,0.738,0.743,0.755,0.759,0.748,0.767,1000,1000,1000,1000,1000,1000,1000,1000,1000,1000
0.05,fltrust_aligned,49,td3_ref,0.5955,0.5955,0.5955,,162.01570582389832,0.58,0.571,0.619,0.616,0.584,0.598,0.589,0.61,0.599,0.589,1000,1000,1000,1000,1000,1000,1000,1000,1000,1000
0.05,fltrust_aligned,49,fltrust,0.7521,0.7521,0.7521,,53.09567451477051,0.746,0.748,0.766,0.771,0.737,0.741,0.75,0.76,0.752,0.75,1000,1000,1000,1000,1000,1000,1000,1000,1000,1000
0.05,fltrust_aligned,49,krum,0.7361,0.7361,0.7361,,38.029714822769165,0.719,0.737,0.757,0.745,0.727,0.725,0.736,0.741,0.733,0.741,1000,1000,1000,1000,1000,1000,1000,1000,1000,1000
0.05,fltrust_aligned,49,median,0.5984,0.5984,0.5984,,55.71530389785767,0.588,0.574,0.621,0.633,0.581,0.586,0.599,0.628,0.597,0.577,1000,1000,1000,1000,1000,1000,1000,1000,1000,1000
0.05,fltrust_aligned,49,trimmed_mean,0.6593,0.6593,0.6593,,64.72775602340698,0.661,0.651,0.677,0.682,0.628,0.643,0.661,0.69,0.656,0.644,1000,1000,1000,1000,1000,1000,1000,1000,1000,1000
0.05,fltrust_aligned,50,oracle_u,0.7443000000000001,0.7443,0.7443000000000001,fedavg|krum|krum|fltrust|fltrust|krum|krum|krum|krum|fltrust|fltrust|fltrust|krum|krum|krum,90.13752150535583,0.739,0.736,0.75,0.771,0.738,0.721,0.742,0.761,0.735,0.75,1000,1000,1000,1000,1000,1000,1000,1000,1000,1000
0.05,fltrust_aligned,50,oracle_w,0.7456,0.7456,0.7456,fedavg|krum|krum|fltrust|fltrust|krum|krum|fltrust|krum|fltrust|fltrust|fltrust|krum|krum|krum,81.824711561203,0.739,0.736,0.754,0.772,0.741,0.724,0.744,0.76,0.736,0.75,1000,1000,1000,1000,1000,1000,1000,1000,1000,1000
0.05,fltrust_aligned,50,fixed,0.6721999999999999,0.6722,0.6721999999999999,,162.9116678237915,0.654,0.661,0.691,0.708,0.659,0.67,0.665,0.69,0.665,0.659,1000,1000,1000,1000,1000,1000,1000,1000,1000,1000
0.05,fltrust_aligned,50,sr_only,0.7454,0.7454,0.7454,,137.0531868934631,0.736,0.738,0.768,0.765,0.725,0.741,0.737,0.76,0.736,0.748,1000,1000,1000,1000,1000,1000,1000,1000,1000,1000
0.05,fltrust_aligned,50,td3_ref,0.6321999999999999,0.6322,0.6321999999999999,,141.73783707618713,0.612,0.615,0.651,0.672,0.619,0.637,0.637,0.641,0.624,0.614,1000,1000,1000,1000,1000,1000,1000,1000,1000,1000
0.05,fltrust_aligned,50,fltrust,0.6968,0.6968,0.6968,,25.51543688774109,0.674,0.701,0.706,0.732,0.688,0.675,0.698,0.701,0.687,0.706,1000,1000,1000,1000,1000,1000,1000,1000,1000,1000
0.05,fltrust_aligned,50,krum,0.6815000000000001,0.6815,0.6815000000000001,,68.18502831459045,0.668,0.688,0.678,0.711,0.669,0.659,0.675,0.7,0.685,0.682,1000,1000,1000,1000,1000,1000,1000,1000,1000,1000
0.05,fltrust_aligned,50,median,0.5963999999999999,0.5964,0.5963999999999999,,64.40617561340332,0.586,0.576,0.621,0.639,0.578,0.587,0.601,0.622,0.588,0.566,1000,1000,1000,1000,1000,1000,1000,1000,1000,1000
0.05,fltrust_aligned,50,trimmed_mean,0.6551,0.6551,0.6551,,21.032485246658325,0.654,0.657,0.672,0.677,0.619,0.644,0.655,0.681,0.643,0.649,1000,1000,1000,1000,1000,1000,1000,1000,1000,1000
0.05,fltrust_aligned,51,oracle_u,0.7478,0.7478,0.7478,fedavg|fltrust|krum|krum|krum|krum|krum|krum|fedprox|krum|krum|krum|krum|fltrust|krum,71.23832845687866,0.73,0.744,0.775,0.772,0.742,0.746,0.736,0.76,0.736,0.737,1000,1000,1000,1000,1000,1000,1000,1000,1000,1000
0.05,fltrust_aligned,51,oracle_w,0.7478,0.7478,0.7478,fedavg|fltrust|krum|krum|krum|krum|krum|krum|fedprox|krum|krum|krum|krum|fltrust|krum,92.00528717041016,0.73,0.744,0.775,0.772,0.742,0.746,0.736,0.76,0.736,0.737,1000,1000,1000,1000,1000,1000,1000,1000,1000,1000
0.05,fltrust_aligned,51,fixed,0.5070000000000001,0.507,0.5070000000000001,,169.9983205795288,0.487,0.492,0.51,0.545,0.502,0.505,0.517,0.505,0.496,0.511,1000,1000,1000,1000,1000,1000,1000,1000,1000,1000
0.05,fltrust_aligned,51,sr_only,0.7575999999999998,0.7576,0.7575999999999998,,148.45224404335022,0.751,0.749,0.776,0.781,0.74,0.747,0.756,0.765,0.749,0.762,1000,1000,1000,1000,1000,1000,1000,1000,1000,1000
0.05,fltrust_aligned,51,td3_ref,0.5102,0.5102,0.5102,,178.406715631485,0.49,0.494,0.514,0.551,0.508,0.507,0.516,0.511,0.499,0.512,1000,1000,1000,1000,1000,1000,1000,1000,1000,1000
0.05,fltrust_aligned,51,fltrust,0.6665,0.6665,0.6665,,94.08443427085876,0.65,0.658,0.687,0.698,0.663,0.648,0.663,0.684,0.666,0.648,1000,1000,1000,1000,1000,1000,1000,1000,1000,1000
0.05,fltrust_aligned,51,krum,0.6534000000000001,0.6534,0.6534000000000001,,105.1975827217102,0.632,0.653,0.675,0.677,0.649,0.637,0.648,0.675,0.649,0.639,1000,1000,1000,1000,1000,1000,1000,1000,1000,1000
0.05,fltrust_aligned,51,median,0.5844999999999999,0.5845,0.5844999999999999,,18.541339635849,0.577,0.57,0.614,0.62,0.562,0.577,0.579,0.608,0.574,0.564,1000,1000,1000,1000,1000,1000,1000,1000,1000,1000
0.05,fltrust_aligned,51,trimmed_mean,0.6427,0.6427,0.6427,,17.224252700805664,0.643,0.632,0.664,0.665,0.609,0.635,0.641,0.671,0.639,0.628,1000,1000,1000,1000,1000,1000,1000,1000,1000,1000
0.1,fltrust_aligned,42,oracle_u,0.8239000000000001,0.8239,0.8239000000000001,fedavg|fedavg|krum|krum|krum|krum|fltrust|fltrust|krum|fltrust|fltrust|fltrust|krum|krum|fltrust,36.94416522979736,0.817,0.815,0.837,0.822,0.828,0.817,0.807,0.844,0.82,0.832,1000,1000,1000,1000,1000,1000,1000,1000,1000,1000
0.1,fltrust_aligned,42,oracle_w,0.8239000000000001,0.8239,0.8239000000000001,fedavg|fedavg|krum|krum|krum|krum|fltrust|fltrust|krum|fltrust|fltrust|fltrust|krum|krum|fltrust,30.06418347358704,0.817,0.815,0.837,0.822,0.828,0.817,0.807,0.844,0.82,0.832,1000,1000,1000,1000,1000,1000,1000,1000,1000,1000
0.1,fltrust_aligned,42,fixed,0.7467999999999999,0.7468,0.7467999999999999,,137.98270797729492,0.754,0.743,0.76,0.7,0.752,0.739,0.749,0.772,0.75,0.749,1000,1000,1000,1000,1000,1000,1000,1000,1000,1000
0.1,fltrust_aligned,42,sr_only,0.7715000000000001,0.7715,0.7715000000000001,,131.5399091243744,0.765,0.767,0.775,0.747,0.771,0.776,0.766,0.796,0.772,0.78,1000,1000,1000,1000,1000,1000,1000,1000,1000,1000
0.1,fltrust_aligned,42,td3_ref,0.7932,0.7932,0.7932,,147.28513884544373,0.794,0.794,0.794,0.767,0.794,0.792,0.795,0.812,0.79,0.8,1000,1000,1000,1000,1000,1000,1000,1000,1000,1000
0.1,fltrust_aligned,42,fltrust,0.6986000000000001,0.6986,0.6986000000000001,,26.745436668396,0.696,0.68,0.708,0.692,0.714,0.681,0.673,0.726,0.708,0.708,1000,1000,1000,1000,1000,1000,1000,1000,1000,1000
0.1,fltrust_aligned,42,krum,0.6382,0.6382,0.6382,,34.970319509506226,0.629,0.619,0.64,0.64,0.659,0.635,0.606,0.659,0.648,0.647,1000,1000,1000,1000,1000,1000,1000,1000,1000,1000
0.1,fltrust_aligned,42,median,0.7283,0.7283,0.7283,,41.156343936920166,0.737,0.707,0.747,0.71,0.744,0.706,0.724,0.753,0.711,0.744,1000,1000,1000,1000,1000,1000,1000,1000,1000,1000
0.1,fltrust_aligned,42,trimmed_mean,0.6871,0.6871,0.6871,,30.25330710411072,0.674,0.679,0.705,0.671,0.673,0.665,0.704,0.71,0.687,0.703,1000,1000,1000,1000,1000,1000,1000,1000,1000,1000
0.1,fltrust_aligned,43,oracle_u,0.8147,0.8147,0.8147,fedavg|krum|median|krum|fltrust|fltrust|fltrust|median|fltrust|fltrust|median|fltrust|fltrust|median|fltrust,39.05018138885498,0.812,0.812,0.84,0.811,0.822,0.802,0.8,0.837,0.802,0.809,1000,1000,1000,1000,1000,1000,1000,1000,1000,1000
0.1,fltrust_aligned,43,oracle_w,0.8147,0.8147,0.8147,fedavg|krum|median|krum|fltrust|fltrust|fltrust|median|fltrust|fltrust|median|fltrust|fltrust|median|fltrust,37.47087597846985,0.812,0.812,0.84,0.811,0.822,0.802,0.8,0.837,0.802,0.809,1000,1000,1000,1000,1000,1000,1000,1000,1000,1000
0.1,fltrust_aligned,43,fixed,0.8103999999999999,0.8104,0.8103999999999999,,182.2323820590973,0.815,0.796,0.815,0.786,0.813,0.815,0.806,0.83,0.816,0.812,1000,1000,1000,1000,1000,1000,1000,1000,1000,1000
0.1,fltrust_aligned,43,sr_only,0.779,0.779,0.779,,151.96063542366028,0.779,0.774,0.785,0.752,0.787,0.78,0.775,0.798,0.781,0.779,1000,1000,1000,1000,1000,1000,1000,1000,1000,1000
0.1,fltrust_aligned,43,td3_ref,0.7432000000000001,0.7432,0.7432000000000001,,183.1303777694702,0.753,0.731,0.749,0.709,0.742,0.742,0.749,0.762,0.738,0.757,1000,1000,1000,1000,1000,1000,1000,1000,1000,1000
0.1,fltrust_aligned,43,fltrust,0.744,0.744,0.744,,30.604789972305294,0.754,0.744,0.753,0.751,0.75,0.74,0.741,0.758,0.715,0.734,1000,1000,1000,1000,1000,1000,1000,1000,1000,1000
0.1,fltrust_aligned,43,krum,0.6760999999999999,0.6761,0.6760999999999999,,44.90598368644714,0.691,0.663,0.69,0.703,0.68,0.664,0.657,0.69,0.67,0.653,1000,1000,1000,1000,1000,1000,1000,1000,1000,1000
0.1,fltrust_aligned,43,median,0.7542000000000001,0.7542,0.7542000000000001,,34.30227017402649,0.763,0.729,0.777,0.742,0.76,0.73,0.754,0.781,0.742,0.764,1000,1000,1000,1000,1000,1000,1000,1000,1000,1000
0.1,fltrust_aligned,43,trimmed_mean,0.7069,0.7069,0.7069,,39.441195249557495,0.698,0.697,0.722,0.685,0.703,0.689,0.719,0.731,0.7,0.725,1000,1000,1000,1000,1000,1000,1000,1000,1000,1000
0.1,fltrust_aligned,44,oracle_u,0.8297000000000001,0.8297,0.8297000000000001,fedavg|krum|krum|krum|krum|krum|fltrust|fltrust|fltrust|fltrust|fltrust|fltrust|fltrust|fltrust|fltrust,61.06600475311279,0.832,0.823,0.844,0.825,0.843,0.814,0.821,0.836,0.828,0.831,1000,1000,1000,1000,1000,1000,1000,1000,1000,1000
0.1,fltrust_aligned,44,oracle_w,0.8297000000000001,0.8297,0.8297000000000001,fedavg|krum|krum|krum|krum|krum|fltrust|fltrust|fltrust|fltrust|fltrust|fltrust|fltrust|fltrust|fltrust,63.19444870948792,0.832,0.823,0.844,0.825,0.843,0.814,0.821,0.836,0.828,0.831,1000,1000,1000,1000,1000,1000,1000,1000,1000,1000
0.1,fltrust_aligned,44,fixed,0.7457,0.7457,0.7457,,166.77175498008728,0.751,0.735,0.757,0.715,0.748,0.748,0.748,0.765,0.737,0.753,1000,1000,1000,1000,1000,1000,1000,1000,1000,1000
0.1,fltrust_aligned,44,sr_only,0.7771,0.7771,0.7771,,173.41716742515564,0.778,0.769,0.786,0.75,0.779,0.783,0.771,0.799,0.777,0.779,1000,1000,1000,1000,1000,1000,1000,1000,1000,1000
0.1,fltrust_aligned,44,td3_ref,0.7973000000000001,0.7973,0.7973000000000001,,185.22160816192627,0.802,0.798,0.802,0.769,0.797,0.793,0.794,0.814,0.795,0.809,1000,1000,1000,1000,1000,1000,1000,1000,1000,1000
0.1,fltrust_aligned,44,fltrust,0.7638999999999999,0.7639,0.7638999999999999,,51.38731384277344,0.764,0.756,0.782,0.76,0.783,0.748,0.768,0.761,0.757,0.76,1000,1000,1000,1000,1000,1000,1000,1000,1000,1000
0.1,fltrust_aligned,44,krum,0.6818,0.6818,0.6818,,72.68452000617981,0.692,0.683,0.685,0.686,0.683,0.669,0.678,0.67,0.69,0.682,1000,1000,1000,1000,1000,1000,1000,1000,1000,1000
0.1,fltrust_aligned,44,median,0.7468,0.7468,0.7468,,52.00170278549194,0.749,0.723,0.764,0.737,0.765,0.734,0.752,0.755,0.73,0.759,1000,1000,1000,1000,1000,1000,1000,1000,1000,1000
0.1,fltrust_aligned,44,trimmed_mean,0.7074,0.7074,0.7074,,30.490784645080566,0.697,0.695,0.712,0.69,0.705,0.685,0.733,0.73,0.699,0.728,1000,1000,1000,1000,1000,1000,1000,1000,1000,1000
0.1,fltrust_aligned,45,oracle_u,0.75,0.75,0.75,fltrust|fltrust|fltrust|fltrust|fltrust|median|fltrust|fltrust|fltrust|fltrust|fltrust|fltrust|median|fltrust|fltrust,42.696972370147705,0.74,0.749,0.762,0.756,0.771,0.725,0.737,0.76,0.738,0.762,1000,1000,1000,1000,1000,1000,1000,1000,1000,1000
0.1,fltrust_aligned,45,oracle_w,0.75,0.75,0.75,fltrust|fltrust|fltrust|fltrust|fltrust|median|fltrust|fltrust|fltrust|fltrust|fltrust|fltrust|median|fltrust|fltrust,74.4788715839386,0.74,0.749,0.762,0.756,0.771,0.725,0.737,0.76,0.738,0.762,1000,1000,1000,1000,1000,1000,1000,1000,1000,1000
0.1,fltrust_aligned,45,fixed,0.7512,0.7512,0.7512,,152.86184525489807,0.751,0.749,0.765,0.713,0.751,0.743,0.749,0.778,0.758,0.755,1000,1000,1000,1000,1000,1000,1000,1000,1000,1000
0.1,fltrust_aligned,45,sr_only,0.7791,0.7791,0.7791,,134.97794198989868,0.779,0.775,0.78,0.752,0.789,0.777,0.774,0.8,0.781,0.784,1000,1000,1000,1000,1000,1000,1000,1000,1000,1000
0.1,fltrust_aligned,45,td3_ref,0.7997,0.7997,0.7997,,165.87765884399414,0.808,0.795,0.789,0.772,0.799,0.803,0.795,0.816,0.802,0.818,1000,1000,1000,1000,1000,1000,1000,1000,1000,1000
0.1,fltrust_aligned,45,fltrust,0.7242,0.7242,0.7242,,73.4066059589386,0.726,0.725,0.739,0.729,0.738,0.705,0.715,0.732,0.702,0.731,1000,1000,1000,1000,1000,1000,1000,1000,1000,1000
0.1,fltrust_aligned,45,krum,0.6665000000000001,0.6665,0.6665000000000001,,84.55117869377136,0.668,0.673,0.68,0.657,0.685,0.655,0.664,0.684,0.65,0.649,1000,1000,1000,1000,1000,1000,1000,1000,1000,1000
0.1,fltrust_aligned,45,median,0.736,0.736,0.736,,23.73352193832397,0.732,0.719,0.748,0.737,0.749,0.722,0.738,0.75,0.719,0.746,1000,1000,1000,1000,1000,1000,1000,1000,1000,1000
0.1,fltrust_aligned,45,trimmed_mean,0.7242999999999999,0.7243,0.7242999999999999,,22.24877119064331,0.708,0.716,0.733,0.725,0.714,0.707,0.735,0.745,0.721,0.739,1000,1000,1000,1000,1000,1000,1000,1000,1000,1000
0.1,fltrust_aligned,46,oracle_u,0.8126,0.8126,0.8126,fedavg|krum|krum|fltrust|fltrust|krum|krum|fltrust|fltrust|fltrust|fltrust|fltrust|krum|median|krum,80.88881993293762,0.806,0.82,0.819,0.81,0.829,0.798,0.791,0.818,0.808,0.827,1000,1000,1000,1000,1000,1000,1000,1000,1000,1000
0.1,fltrust_aligned,46,oracle_w,0.8126,0.8126,0.8126,fedavg|krum|krum|fltrust|fltrust|krum|krum|fltrust|fltrust|fltrust|fltrust|fltrust|krum|median|krum,102.62741661071776,0.806,0.82,0.819,0.81,0.829,0.798,0.791,0.818,0.808,0.827,1000,1000,1000,1000,1000,1000,1000,1000,1000,1000
0.1,fltrust_aligned,46,fixed,0.7828000000000002,0.7828,0.7828000000000002,,165.9816975593567,0.785,0.784,0.784,0.759,0.779,0.787,0.783,0.788,0.783,0.796,1000,1000,1000,1000,1000,1000,1000,1000,1000,1000
0.1,fltrust_aligned,46,sr_only,0.7598999999999999,0.7599,0.7598999999999999,,145.16559624671936,0.764,0.758,0.77,0.723,0.762,0.754,0.758,0.786,0.758,0.766,1000,1000,1000,1000,1000,1000,1000,1000,1000,1000
0.1,fltrust_aligned,46,td3_ref,0.7431,0.7431,0.7431,,170.75692796707153,0.755,0.732,0.749,0.703,0.751,0.741,0.747,0.765,0.737,0.751,1000,1000,1000,1000,1000,1000,1000,1000,1000,1000
0.1,fltrust_aligned,46,fltrust,0.7081,0.7081,0.7081,,23.307276010513306,0.708,0.723,0.721,0.696,0.736,0.691,0.687,0.699,0.698,0.722,1000,1000,1000,1000,1000,1000,1000,1000,1000,1000
0.1,fltrust_aligned,46,krum,0.6822999999999999,0.6823,0.6822999999999999,,83.22293210029602,0.684,0.688,0.688,0.676,0.716,0.667,0.674,0.677,0.669,0.684,1000,1000,1000,1000,1000,1000,1000,1000,1000,1000
0.1,fltrust_aligned,46,median,0.7332,0.7332,0.7332,,74.13024711608887,0.745,0.714,0.748,0.712,0.746,0.724,0.747,0.736,0.713,0.747,1000,1000,1000,1000,1000,1000,1000,1000,1000,1000
0.1,fltrust_aligned,46,trimmed_mean,0.7109,0.7109,0.7109,,49.84319734573364,0.701,0.705,0.72,0.695,0.71,0.68,0.735,0.734,0.7,0.729,1000,1000,1000,1000,1000,1000,1000,1000,1000,1000
0.1,fltrust_aligned,47,oracle_u,0.8375999999999999,0.8376,0.8375999999999999,fedavg|krum|krum|fltrust|median|fltrust|fltrust|fltrust|median|fltrust|krum|median|fltrust|fltrust|median,81.7251238822937,0.843,0.828,0.85,0.831,0.853,0.807,0.848,0.84,0.832,0.844,1000,1000,1000,1000,1000,1000,1000,1000,1000,1000
0.1,fltrust_aligned,47,oracle_w,0.8375999999999999,0.8376,0.8375999999999999,fedavg|krum|krum|fltrust|median|fltrust|fltrust|fltrust|median|fltrust|krum|median|fltrust|fltrust|median,29.92041850090027,0.843,0.828,0.85,0.831,0.853,0.807,0.848,0.84,0.832,0.844,1000,1000,1000,1000,1000,1000,1000,1000,1000,1000
0.1,fltrust_aligned,47,fixed,0.7768,0.7768,0.7768,,177.82988214492798,0.789,0.778,0.782,0.741,0.778,0.773,0.775,0.792,0.772,0.788,1000,1000,1000,1000,1000,1000,1000,1000,1000,1000
0.1,fltrust_aligned,47,sr_only,0.7649,0.7649,0.7649,,153.246919631958,0.768,0.762,0.775,0.729,0.769,0.761,0.768,0.789,0.761,0.767,1000,1000,1000,1000,1000,1000,1000,1000,1000,1000
0.1,fltrust_aligned,47,td3_ref,0.6335,0.6335,0.6335,,165.27998447418213,0.641,0.62,0.637,0.602,0.643,0.639,0.649,0.638,0.61,0.656,1000,1000,1000,1000,1000,1000,1000,1000,1000,1000
0.1,fltrust_aligned,47,fltrust,0.7558999999999999,0.7559,0.7558999999999999,,28.12835025787353,0.773,0.762,0.777,0.749,0.774,0.739,0.77,0.75,0.729,0.736,1000,1000,1000,1000,1000,1000,1000,1000,1000,1000
0.1,fltrust_aligned,47,krum,0.6912,0.6912,0.6912,,33.55514860153198,0.702,0.692,0.716,0.704,0.699,0.681,0.707,0.676,0.667,0.668,1000,1000,1000,1000,1000,1000,1000,1000,1000,1000
0.1,fltrust_aligned,47,median,0.7584,0.7584,0.7584,,119.94040107727052,0.767,0.742,0.78,0.756,0.771,0.726,0.77,0.756,0.741,0.775,1000,1000,1000,1000,1000,1000,1000,1000,1000,1000
0.1,fltrust_aligned,47,trimmed_mean,0.7357,0.7357,0.7357,,91.4075837135315,0.719,0.733,0.751,0.709,0.73,0.721,0.753,0.755,0.734,0.752,1000,1000,1000,1000,1000,1000,1000,1000,1000,1000
0.1,fltrust_aligned,48,oracle_u,0.8333999999999999,0.8334,0.8333999999999999,fedavg|krum|fltrust|fltrust|krum|median|krum|fltrust|median|fltrust|median|fltrust|median|fltrust|median,94.38019585609436,0.823,0.838,0.847,0.821,0.849,0.819,0.824,0.844,0.822,0.847,1000,1000,1000,1000,1000,1000,1000,1000,1000,1000
0.1,fltrust_aligned,48,oracle_w,0.8333999999999999,0.8334,0.8333999999999999,fedavg|krum|fltrust|fltrust|krum|median|krum|fltrust|median|fltrust|median|fltrust|median|fltrust|median,35.85562777519226,0.823,0.838,0.847,0.821,0.849,0.819,0.824,0.844,0.822,0.847,1000,1000,1000,1000,1000,1000,1000,1000,1000,1000
0.1,fltrust_aligned,48,fixed,0.7678,0.7678,0.7678,,174.76192998886108,0.772,0.764,0.777,0.726,0.77,0.769,0.761,0.795,0.765,0.779,1000,1000,1000,1000,1000,1000,1000,1000,1000,1000
0.1,fltrust_aligned,48,sr_only,0.7446,0.7446,0.7446,,131.37697172164917,0.752,0.735,0.752,0.716,0.748,0.751,0.745,0.752,0.744,0.751,1000,1000,1000,1000,1000,1000,1000,1000,1000,1000
0.1,fltrust_aligned,48,td3_ref,0.7415999999999999,0.7416,0.7415999999999999,,156.141619682312,0.748,0.74,0.744,0.703,0.741,0.742,0.74,0.773,0.736,0.749,1000,1000,1000,1000,1000,1000,1000,1000,1000,1000
0.1,fltrust_aligned,48,fltrust,0.7133999999999999,0.7134,0.7133999999999999,,37.019649505615234,0.705,0.721,0.706,0.704,0.744,0.712,0.696,0.699,0.705,0.742,1000,1000,1000,1000,1000,1000,1000,1000,1000,1000
0.1,fltrust_aligned,48,krum,0.6734000000000001,0.6734,0.6734000000000001,,21.81282639503479,0.677,0.678,0.667,0.663,0.7,0.654,0.651,0.668,0.681,0.695,1000,1000,1000,1000,1000,1000,1000,1000,1000,1000
0.1,fltrust_aligned,48,median,0.7425999999999999,0.7426,0.7425999999999999,,25.884490251541138,0.752,0.724,0.766,0.728,0.759,0.718,0.751,0.736,0.727,0.765,1000,1000,1000,1000,1000,1000,1000,1000,1000,1000
0.1,fltrust_aligned,48,trimmed_mean,0.7219,0.7219,0.7219,,44.22687602043152,0.71,0.726,0.732,0.701,0.717,0.688,0.737,0.747,0.715,0.746,1000,1000,1000,1000,1000,1000,1000,1000,1000,1000
0.1,fltrust_aligned,49,oracle_u,0.8045,0.8045,0.8045,fedavg|fedavg|krum|krum|fltrust|fltrust|median|fltrust|krum|fltrust|median|krum|fltrust|median|krum,40.84522819519043,0.81,0.81,0.816,0.787,0.814,0.785,0.807,0.808,0.794,0.814,1000,1000,1000,1000,1000,1000,1000,1000,1000,1000
0.1,fltrust_aligned,49,oracle_w,0.8045,0.8045,0.8045,fedavg|fedavg|krum|krum|fltrust|fltrust|median|fltrust|krum|fltrust|median|krum|fltrust|median|krum,76.06307196617126,0.81,0.81,0.816,0.787,0.814,0.785,0.807,0.808,0.794,0.814,1000,1000,1000,1000,1000,1000,1000,1000,1000,1000
0.1,fltrust_aligned,49,fixed,0.8344999999999999,0.8345,0.8344999999999999,,180.1994867324829,0.837,0.839,0.834,0.809,0.838,0.83,0.827,0.845,0.832,0.854,1000,1000,1000,1000,1000,1000,1000,1000,1000,1000
0.1,fltrust_aligned,49,sr_only,0.7699,0.7699,0.7699,,157.32338428497314,0.777,0.768,0.773,0.739,0.776,0.764,0.773,0.791,0.763,0.775,1000,1000,1000,1000,1000,1000,1000,1000,1000,1000
0.1,fltrust_aligned,49,td3_ref,0.8394,0.8394,0.8394,,151.2744746208191,0.84,0.844,0.843,0.814,0.838,0.834,0.834,0.851,0.839,0.857,1000,1000,1000,1000,1000,1000,1000,1000,1000,1000
0.1,fltrust_aligned,49,fltrust,0.6911,0.6911,0.6911,,57.03553533554077,0.699,0.712,0.704,0.659,0.678,0.665,0.703,0.691,0.695,0.705,1000,1000,1000,1000,1000,1000,1000,1000,1000,1000
0.1,fltrust_aligned,49,krum,0.6531,0.6531,0.6531,,72.39069056510925,0.665,0.661,0.664,0.63,0.642,0.619,0.657,0.662,0.674,0.657,1000,1000,1000,1000,1000,1000,1000,1000,1000,1000
0.1,fltrust_aligned,49,median,0.7447,0.7447,0.7447,,81.20717215538025,0.743,0.728,0.769,0.721,0.759,0.73,0.758,0.747,0.727,0.765,1000,1000,1000,1000,1000,1000,1000,1000,1000,1000
0.1,fltrust_aligned,49,trimmed_mean,0.6883,0.6883,0.6883,,76.53834247589111,0.68,0.69,0.698,0.669,0.688,0.65,0.702,0.717,0.679,0.71,1000,1000,1000,1000,1000,1000,1000,1000,1000,1000
0.1,fltrust_aligned,50,oracle_u,0.825,0.825,0.825,fedavg|krum|clustering|krum|krum|fltrust|fltrust|krum|median|fltrust|fltrust|krum|fltrust|fltrust|median,81.66285800933838,0.818,0.819,0.845,0.816,0.833,0.799,0.828,0.843,0.811,0.838,1000,1000,1000,1000,1000,1000,1000,1000,1000,1000
0.1,fltrust_aligned,50,oracle_w,0.825,0.825,0.825,fedavg|krum|clustering|krum|krum|fltrust|fltrust|krum|median|fltrust|fltrust|krum|fltrust|fltrust|median,24.941843032836918,0.818,0.819,0.845,0.816,0.833,0.799,0.828,0.843,0.811,0.838,1000,1000,1000,1000,1000,1000,1000,1000,1000,1000
0.1,fltrust_aligned,50,fixed,0.7899,0.7899,0.7899,,147.1324381828308,0.795,0.786,0.796,0.759,0.79,0.794,0.791,0.809,0.785,0.794,1000,1000,1000,1000,1000,1000,1000,1000,1000,1000
0.1,fltrust_aligned,50,sr_only,0.7702000000000001,0.7702,0.7702000000000001,,141.1801872253418,0.77,0.77,0.778,0.736,0.774,0.772,0.763,0.796,0.767,0.776,1000,1000,1000,1000,1000,1000,1000,1000,1000,1000
0.1,fltrust_aligned,50,td3_ref,0.7302,0.7302,0.7302,,159.18799257278442,0.736,0.717,0.734,0.706,0.725,0.735,0.733,0.745,0.726,0.745,1000,1000,1000,1000,1000,1000,1000,1000,1000,1000
0.1,fltrust_aligned,50,fltrust,0.7527999999999999,0.7528,0.7527999999999999,,93.66858887672424,0.764,0.748,0.757,0.74,0.761,0.73,0.763,0.77,0.733,0.762,1000,1000,1000,1000,1000,1000,1000,1000,1000,1000
0.1,fltrust_aligned,50,krum,0.6897,0.6897,0.6897,,37.94334053993225,0.7,0.68,0.689,0.684,0.692,0.678,0.703,0.702,0.675,0.694,1000,1000,1000,1000,1000,1000,1000,1000,1000,1000
0.1,fltrust_aligned,50,median,0.7601000000000001,0.7601,0.7601000000000001,,25.83636498451233,0.763,0.728,0.789,0.75,0.775,0.741,0.774,0.765,0.744,0.772,1000,1000,1000,1000,1000,1000,1000,1000,1000,1000
0.1,fltrust_aligned,50,trimmed_mean,0.7166,0.7166,0.7166,,37.85165166854858,0.707,0.71,0.729,0.694,0.714,0.687,0.733,0.752,0.705,0.735,1000,1000,1000,1000,1000,1000,1000,1000,1000,1000
0.1,fltrust_aligned,51,oracle_u,0.8183,0.8183,0.8183,fedavg|fedavg|krum|fltrust|fltrust|fltrust|fltrust|fltrust|krum|median|fltrust|fltrust|median|fltrust|krum,95.06862759590148,0.823,0.83,0.837,0.801,0.835,0.792,0.805,0.829,0.815,0.816,1000,1000,1000,1000,1000,1000,1000,1000,1000,1000
0.1,fltrust_aligned,51,oracle_w,0.8183,0.8183,0.8183,fedavg|fedavg|krum|fltrust|fltrust|fltrust|fltrust|fltrust|krum|median|fltrust|fltrust|median|fltrust|krum,25.846760272979736,0.823,0.83,0.837,0.801,0.835,0.792,0.805,0.829,0.815,0.816,1000,1000,1000,1000,1000,1000,1000,1000,1000,1000
0.1,fltrust_aligned,51,fixed,0.8004000000000001,0.8004,0.8004000000000001,,195.50031423568728,0.8,0.795,0.801,0.778,0.8,0.802,0.796,0.815,0.804,0.813,1000,1000,1000,1000,1000,1000,1000,1000,1000,1000
0.1,fltrust_aligned,51,sr_only,0.7455999999999999,0.7456,0.7455999999999999,,147.15861701965332,0.75,0.741,0.758,0.708,0.748,0.737,0.744,0.776,0.742,0.752,1000,1000,1000,1000,1000,1000,1000,1000,1000,1000
0.1,fltrust_aligned,51,td3_ref,0.7158999999999999,0.7159,0.7158999999999999,,166.24528789520264,0.732,0.717,0.73,0.684,0.708,0.717,0.723,0.725,0.698,0.725,1000,1000,1000,1000,1000,1000,1000,1000,1000,1000
0.1,fltrust_aligned,51,fltrust,0.7053,0.7053,0.7053,,21.766580820083615,0.709,0.721,0.716,0.684,0.713,0.691,0.696,0.72,0.701,0.702,1000,1000,1000,1000,1000,1000,1000,1000,1000,1000
0.1,fltrust_aligned,51,krum,0.6688,0.6688,0.6688,,40.574567556381226,0.675,0.687,0.671,0.647,0.684,0.651,0.659,0.685,0.667,0.662,1000,1000,1000,1000,1000,1000,1000,1000,1000,1000
0.1,fltrust_aligned,51,median,0.7367,0.7367,0.7367,,55.11182117462158,0.738,0.727,0.756,0.716,0.753,0.726,0.746,0.743,0.719,0.743,1000,1000,1000,1000,1000,1000,1000,1000,1000,1000
0.1,fltrust_aligned,51,trimmed_mean,0.7018000000000001,0.7018,0.7018000000000001,,83.48704314231873,0.7,0.699,0.706,0.683,0.697,0.676,0.718,0.729,0.695,0.715,1000,1000,1000,1000,1000,1000,1000,1000,1000,1000
0.5,fltrust_aligned,42,oracle_u,0.8766,0.8766,0.8766,clustering|fedavg|fedavg|fedavg|krum|krum|krum|krum|fltrust|krum|krum|fltrust|krum|fltrust|krum,30.359919786453247,0.898,0.891,0.88,0.884,0.877,0.876,0.881,0.855,0.869,0.855,1000,1000,1000,1000,1000,1000,1000,1000,1000,1000
0.5,fltrust_aligned,42,oracle_w,0.8766,0.8766,0.8766,clustering|fedavg|fedavg|fedavg|krum|krum|krum|krum|fltrust|krum|krum|fltrust|krum|fltrust|krum,39.37282943725586,0.898,0.891,0.88,0.884,0.877,0.876,0.881,0.855,0.869,0.855,1000,1000,1000,1000,1000,1000,1000,1000,1000,1000
0.5,fltrust_aligned,42,fixed,0.8915000000000001,0.8915,0.8915000000000001,,134.60622358322144,0.908,0.911,0.882,0.901,0.888,0.889,0.895,0.879,0.884,0.878,1000,1000,1000,1000,1000,1000,1000,1000,1000,1000
0.5,fltrust_aligned,42,sr_only,0.8887,0.8887,0.8887,,129.65988087654114,0.903,0.907,0.879,0.901,0.884,0.878,0.901,0.871,0.882,0.881,1000,1000,1000,1000,1000,1000,1000,1000,1000,1000
0.5,fltrust_aligned,42,td3_ref,0.893,0.893,0.893,,146.00202178955078,0.907,0.912,0.884,0.909,0.888,0.888,0.897,0.879,0.882,0.884,1000,1000,1000,1000,1000,1000,1000,1000,1000,1000
0.5,fltrust_aligned,42,fltrust,0.7886,0.7886,0.7886,,29.621846199035645,0.806,0.798,0.788,0.813,0.775,0.794,0.79,0.769,0.785,0.768,1000,1000,1000,1000,1000,1000,1000,1000,1000,1000
0.5,fltrust_aligned,42,krum,0.7729000000000001,0.7729,0.7729000000000001,,23.9426851272583,0.793,0.779,0.767,0.798,0.75,0.784,0.789,0.75,0.762,0.757,1000,1000,1000,1000,1000,1000,1000,1000,1000,1000
0.5,fltrust_aligned,42,median,0.8816,0.8816,0.8816,,24.828693151474,0.899,0.898,0.88,0.897,0.871,0.885,0.888,0.873,0.866,0.859,1000,1000,1000,1000,1000,1000,1000,1000,1000,1000
0.5,fltrust_aligned,42,trimmed_mean,0.8887,0.8887,0.8887,,53.10048460960388,0.902,0.904,0.885,0.9,0.881,0.89,0.903,0.878,0.874,0.87,1000,1000,1000,1000,1000,1000,1000,1000,1000,1000
0.5,fltrust_aligned,43,oracle_u,0.8661999999999999,0.8662,0.8661999999999999,clustering|fedavg|fedavg|krum|krum|fltrust|fltrust|fltrust|fltrust|fltrust|fltrust|fltrust|krum|fltrust|fedprox,55.45222282409668,0.878,0.886,0.863,0.882,0.865,0.855,0.879,0.852,0.853,0.849,1000,1000,1000,1000,1000,1000,1000,1000,1000,1000
0.5,fltrust_aligned,43,oracle_w,0.8661999999999999,0.8662,0.8661999999999999,clustering|fedavg|fedavg|krum|krum|fltrust|fltrust|fltrust|fltrust|fltrust|fltrust|fltrust|krum|fltrust|fedprox,62.12580394744873,0.878,0.886,0.863,0.882,0.865,0.855,0.879,0.852,0.853,0.849,1000,1000,1000,1000,1000,1000,1000,1000,1000,1000
0.5,fltrust_aligned,43,fixed,0.8913,0.8913,0.8913,,180.7499828338623,0.905,0.912,0.88,0.901,0.888,0.883,0.902,0.875,0.888,0.879,1000,1000,1000,1000,1000,1000,1000,1000,1000,1000
0.5,fltrust_aligned,43,sr_only,0.8859999999999999,0.886,0.8859999999999999,,164.34903359413147,0.899,0.904,0.873,0.9,0.882,0.88,0.896,0.873,0.882,0.871,1000,1000,1000,1000,1000,1000,1000,1000,1000,1000
0.5,fltrust_aligned,43,td3_ref,0.8731,0.8731,0.8731,,173.66893768310547,0.884,0.891,0.868,0.886,0.862,0.868,0.883,0.865,0.865,0.859,1000,1000,1000,1000,1000,1000,1000,1000,1000,1000
0.5,fltrust_aligned,43,fltrust,0.8072999999999999,0.8073,0.8072999999999999,,31.17993807792664,0.825,0.816,0.81,0.81,0.807,0.815,0.819,0.792,0.786,0.793,1000,1000,1000,1000,1000,1000,1000,1000,1000,1000
0.5,fltrust_aligned,43,krum,0.7657,0.7657,0.7657,,44.02466940879822,0.78,0.784,0.763,0.77,0.768,0.776,0.776,0.745,0.76,0.735,1000,1000,1000,1000,1000,1000,1000,1000,1000,1000
0.5,fltrust_aligned,43,median,0.8819000000000001,0.8819,0.8819000000000001,,25.26642394065857,0.898,0.895,0.882,0.899,0.872,0.882,0.893,0.865,0.868,0.865,1000,1000,1000,1000,1000,1000,1000,1000,1000,1000
0.5,fltrust_aligned,43,trimmed_mean,0.8879999999999999,0.888,0.8879999999999999,,23.20144557952881,0.902,0.91,0.884,0.899,0.875,0.885,0.898,0.876,0.875,0.876,1000,1000,1000,1000,1000,1000,1000,1000,1000,1000
0.5,fltrust_aligned,44,oracle_u,0.8577999999999999,0.8578,0.8577999999999999,fedavg|krum|fltrust|fltrust|krum|fltrust|fltrust|fltrust|fltrust|fltrust|fltrust|fltrust|fltrust|fltrust|fltrust,71.99443411827087,0.869,0.872,0.86,0.859,0.856,0.859,0.874,0.828,0.852,0.849,1000,1000,1000,1000,1000,1000,1000,1000,1000,1000
0.5,fltrust_aligned,44,oracle_w,0.8577999999999999,0.8578,0.8577999999999999,fedavg|krum|fltrust|fltrust|krum|fltrust|fltrust|fltrust|fltrust|fltrust|fltrust|fltrust|fltrust|fltrust|fltrust,50.9685378074646,0.869,0.872,0.86,0.859,0.856,0.859,0.874,0.828,0.852,0.849,1000,1000,1000,1000,1000,1000,1000,1000,1000,1000
0.5,fltrust_aligned,44,fixed,0.8884000000000001,0.8884,0.8884000000000001,,194.6541962623596,0.894,0.908,0.877,0.907,0.879,0.886,0.896,0.876,0.884,0.877,1000,1000,1000,1000,1000,1000,1000,1000,1000,1000
0.5,fltrust_aligned,44,sr_only,0.8779999999999999,0.878,0.8779999999999999,,165.74285197257996,0.879,0.893,0.866,0.893,0.872,0.876,0.887,0.87,0.872,0.872,1000,1000,1000,1000,1000,1000,1000,1000,1000,1000
0.5,fltrust_aligned,44,td3_ref,0.8947999999999998,0.8948,0.8947999999999998,,187.27076649665835,0.908,0.911,0.885,0.91,0.885,0.889,0.904,0.879,0.891,0.886,1000,1000,1000,1000,1000,1000,1000,1000,1000,1000
0.5,fltrust_aligned,44,fltrust,0.8357999999999999,0.8358,0.8357999999999999,,60.092289209365845,0.847,0.846,0.837,0.842,0.838,0.836,0.851,0.806,0.835,0.82,1000,1000,1000,1000,1000,1000,1000,1000,1000,1000
0.5,fltrust_aligned,44,krum,0.7676999999999999,0.7677,0.7676999999999999,,52.795310497283936,0.774,0.774,0.771,0.765,0.751,0.777,0.803,0.743,0.771,0.748,1000,1000,1000,1000,1000,1000,1000,1000,1000,1000
0.5,fltrust_aligned,44,median,0.8866999999999999,0.8867,0.8866999999999999,,26.568037509918213,0.904,0.902,0.882,0.902,0.879,0.89,0.898,0.875,0.872,0.863,1000,1000,1000,1000,1000,1000,1000,1000,1000,1000
0.5,fltrust_aligned,44,trimmed_mean,0.8904000000000002,0.8904,0.8904000000000002,,23.95184898376465,0.904,0.909,0.887,0.903,0.876,0.894,0.902,0.881,0.877,0.871,1000,1000,1000,1000,1000,1000,1000,1000,1000,1000
0.5,fltrust_aligned,45,oracle_u,0.8684,0.8684,0.8684,clustering|krum|krum|fltrust|fltrust|fltrust|fltrust|fltrust|fedprox|krum|fltrust|fltrust|fltrust|fltrust|fedprox,24.358426094055176,0.887,0.887,0.859,0.884,0.868,0.862,0.878,0.847,0.86,0.852,1000,1000,1000,1000,1000,1000,1000,1000,1000,1000
0.5,fltrust_aligned,45,oracle_w,0.8684,0.8684,0.8684,clustering|krum|krum|fltrust|fltrust|fltrust|fltrust|fltrust|fedprox|krum|fltrust|fltrust|fltrust|fltrust|fedprox,40.72626209259033,0.887,0.887,0.859,0.884,0.868,0.862,0.878,0.847,0.86,0.852,1000,1000,1000,1000,1000,1000,1000,1000,1000,1000
0.5,fltrust_aligned,45,fixed,0.892,0.892,0.892,,155.4693958759308,0.906,0.909,0.879,0.908,0.88,0.892,0.903,0.878,0.881,0.884,1000,1000,1000,1000,1000,1000,1000,1000,1000,1000
0.5,fltrust_aligned,45,sr_only,0.8642,0.8642,0.8642,,148.49954080581665,0.868,0.875,0.855,0.878,0.859,0.863,0.877,0.854,0.856,0.857,1000,1000,1000,1000,1000,1000,1000,1000,1000,1000
0.5,fltrust_aligned,45,td3_ref,0.8932,0.8932,0.8932,,179.18620610237122,0.908,0.911,0.881,0.904,0.891,0.887,0.905,0.879,0.884,0.882,1000,1000,1000,1000,1000,1000,1000,1000,1000,1000
0.5,fltrust_aligned,45,fltrust,0.8254999999999999,0.8255,0.8254999999999999,,87.57350826263428,0.847,0.844,0.819,0.833,0.838,0.821,0.832,0.782,0.83,0.809,1000,1000,1000,1000,1000,1000,1000,1000,1000,1000
0.5,fltrust_aligned,45,krum,0.7892,0.7892,0.7892,,103.4666006565094,0.821,0.803,0.791,0.8,0.79,0.789,0.781,0.758,0.774,0.785,1000,1000,1000,1000,1000,1000,1000,1000,1000,1000
0.5,fltrust_aligned,45,median,0.8892,0.8892,0.8892,,42.04481220245361,0.903,0.901,0.884,0.899,0.886,0.89,0.903,0.877,0.88,0.869,1000,1000,1000,1000,1000,1000,1000,1000,1000,1000
0.5,fltrust_aligned,45,trimmed_mean,0.8915999999999998,0.8916,0.8915999999999998,,19.735583782196045,0.901,0.909,0.886,0.905,0.885,0.895,0.904,0.879,0.879,0.873,1000,1000,1000,1000,1000,1000,1000,1000,1000,1000
0.5,fltrust_aligned,46,oracle_u,0.8795,0.8795,0.8795,clustering|fedavg|fedavg|krum|krum|krum|fltrust|fltrust|fltrust|fltrust|fedprox|krum|krum|fltrust|krum,24.364854097366333,0.898,0.896,0.875,0.883,0.885,0.87,0.892,0.854,0.873,0.869,1000,1000,1000,1000,1000,1000,1000,1000,1000,1000
0.5,fltrust_aligned,46,oracle_w,0.8795,0.8795,0.8795,clustering|fedavg|fedavg|krum|krum|krum|fltrust|fltrust|fltrust|fltrust|fedprox|krum|krum|fltrust|krum,45.32366418838501,0.898,0.896,0.875,0.883,0.885,0.87,0.892,0.854,0.873,0.869,1000,1000,1000,1000,1000,1000,1000,1000,1000,1000
0.5,fltrust_aligned,46,fixed,0.8955,0.8955,0.8955,,167.1314399242401,0.908,0.91,0.888,0.911,0.887,0.889,0.906,0.88,0.887,0.889,1000,1000,1000,1000,1000,1000,1000,1000,1000,1000
0.5,fltrust_aligned,46,sr_only,0.8924,0.8924,0.8924,,139.15669798851013,0.902,0.91,0.884,0.906,0.887,0.887,0.901,0.879,0.885,0.883,1000,1000,1000,1000,1000,1000,1000,1000,1000,1000
0.5,fltrust_aligned,46,td3_ref,0.8421,0.8421,0.8421,,180.4211094379425,0.865,0.851,0.84,0.856,0.837,0.844,0.851,0.816,0.832,0.829,1000,1000,1000,1000,1000,1000,1000,1000,1000,1000
0.5,fltrust_aligned,46,fltrust,0.8155000000000001,0.8155,0.8155000000000001,,42.35000967979431,0.846,0.818,0.812,0.838,0.8,0.817,0.827,0.789,0.805,0.803,1000,1000,1000,1000,1000,1000,1000,1000,1000,1000
0.5,fltrust_aligned,46,krum,0.8113000000000001,0.8113,0.8113000000000001,,130.60178184509277,0.836,0.81,0.807,0.832,0.813,0.807,0.819,0.794,0.793,0.802,1000,1000,1000,1000,1000,1000,1000,1000,1000,1000
0.5,fltrust_aligned,46,median,0.884,0.884,0.884,,76.84501838684082,0.898,0.894,0.881,0.896,0.878,0.888,0.898,0.873,0.868,0.866,1000,1000,1000,1000,1000,1000,1000,1000,1000,1000
0.5,fltrust_aligned,46,trimmed_mean,0.8901999999999999,0.8902,0.8901999999999999,,23.76878595352173,0.903,0.905,0.882,0.903,0.88,0.893,0.906,0.879,0.878,0.873,1000,1000,1000,1000,1000,1000,1000,1000,1000,1000
0.5,fltrust_aligned,47,oracle_u,0.8713,0.8713,0.8713,clustering|fedavg|krum|fedavg|krum|krum|krum|fltrust|krum|fltrust|fltrust|fltrust|fltrust|fedprox|fedavg,55.43751263618469,0.884,0.89,0.863,0.889,0.866,0.859,0.88,0.858,0.864,0.86,1000,1000,1000,1000,1000,1000,1000,1000,1000,1000
0.5,fltrust_aligned,47,oracle_w,0.8713,0.8713,0.8713,clustering|fedavg|krum|fedavg|krum|krum|krum|fltrust|krum|fltrust|fltrust|fltrust|fltrust|fedprox|fedavg,51.68538761138916,0.884,0.89,0.863,0.889,0.866,0.859,0.88,0.858,0.864,0.86,1000,1000,1000,1000,1000,1000,1000,1000,1000,1000
0.5,fltrust_aligned,47,fixed,0.8865999999999999,0.8866,0.8865999999999999,,150.8682885169983,0.901,0.907,0.881,0.903,0.88,0.882,0.894,0.871,0.876,0.871,1000,1000,1000,1000,1000,1000,1000,1000,1000,1000
0.5,fltrust_aligned,47,sr_only,0.8893000000000001,0.8893,0.8893000000000001,,139.86844778060913,0.905,0.909,0.879,0.904,0.884,0.883,0.898,0.876,0.875,0.88,1000,1000,1000,1000,1000,1000,1000,1000,1000,1000
0.5,fltrust_aligned,47,td3_ref,0.882,0.882,0.882,,195.58325505256653,0.89,0.9,0.871,0.896,0.878,0.88,0.892,0.868,0.871,0.874,1000,1000,1000,1000,1000,1000,1000,1000,1000,1000
0.5,fltrust_aligned,47,fltrust,0.8089999999999999,0.809,0.8089999999999999,,73.37526369094849,0.847,0.818,0.802,0.832,0.803,0.806,0.801,0.789,0.8,0.792,1000,1000,1000,1000,1000,1000,1000,1000,1000,1000
0.5,fltrust_aligned,47,krum,0.7853000000000001,0.7853,0.7853000000000001,,46.8439199924469,0.813,0.789,0.774,0.802,0.798,0.777,0.776,0.767,0.783,0.774,1000,1000,1000,1000,1000,1000,1000,1000,1000,1000
0.5,fltrust_aligned,47,median,0.8824,0.8824,0.8824,,105.72933149337769,0.9,0.895,0.882,0.892,0.873,0.884,0.895,0.875,0.868,0.86,1000,1000,1000,1000,1000,1000,1000,1000,1000,1000
0.5,fltrust_aligned,47,trimmed_mean,0.8883000000000001,0.8883,0.8883000000000001,,38.71799063682556,0.902,0.905,0.883,0.899,0.877,0.89,0.905,0.88,0.874,0.868,1000,1000,1000,1000,1000,1000,1000,1000,1000,1000
0.5,fltrust_aligned,48,oracle_u,0.8721,0.8721,0.8721,clustering|fedavg|krum|krum|krum|fltrust|fltrust|krum|fedprox|krum|krum|fltrust|fedprox|krum|fltrust,33.639578342437744,0.891,0.885,0.864,0.886,0.873,0.875,0.885,0.847,0.859,0.856,1000,1000,1000,1000,1000,1000,1000,1000,1000,1000
0.5,fltrust_aligned,48,oracle_w,0.8721,0.8721,0.8721,clustering|fedavg|krum|krum|krum|fltrust|fltrust|krum|fedprox|krum|krum|fltrust|fedprox|krum|fltrust,54.9870011806488,0.891,0.885,0.864,0.886,0.873,0.875,0.885,0.847,0.859,0.856,1000,1000,1000,1000,1000,1000,1000,1000,1000,1000
0.5,fltrust_aligned,48,fixed,0.8892,0.8892,0.8892,,161.35606002807617,0.905,0.91,0.882,0.903,0.884,0.885,0.898,0.874,0.878,0.873,1000,1000,1000,1000,1000,1000,1000,1000,1000,1000
0.5,fltrust_aligned,48,sr_only,0.89,0.89,0.89,,132.26760458946228,0.898,0.912,0.883,0.905,0.884,0.888,0.899,0.875,0.877,0.879,1000,1000,1000,1000,1000,1000,1000,1000,1000,1000
0.5,fltrust_aligned,48,td3_ref,0.8907999999999999,0.8908,0.8907999999999999,,165.7796392440796,0.905,0.911,0.882,0.905,0.884,0.887,0.897,0.877,0.881,0.879,1000,1000,1000,1000,1000,1000,1000,1000,1000,1000
0.5,fltrust_aligned,48,fltrust,0.8295,0.8295,0.8295,,140.51673007011414,0.856,0.828,0.826,0.846,0.838,0.831,0.842,0.808,0.821,0.799,1000,1000,1000,1000,1000,1000,1000,1000,1000,1000
0.5,fltrust_aligned,48,krum,0.7983000000000001,0.7983,0.7983000000000001,,109.0003855228424,0.822,0.798,0.794,0.811,0.815,0.801,0.8,0.774,0.791,0.777,1000,1000,1000,1000,1000,1000,1000,1000,1000,1000
0.5,fltrust_aligned,48,median,0.8808,0.8808,0.8808,,41.572465896606445,0.898,0.895,0.877,0.893,0.873,0.883,0.893,0.874,0.862,0.86,1000,1000,1000,1000,1000,1000,1000,1000,1000,1000
0.5,fltrust_aligned,48,trimmed_mean,0.8879999999999999,0.888,0.8879999999999999,,31.39251685142517,0.903,0.904,0.883,0.898,0.876,0.891,0.9,0.878,0.877,0.87,1000,1000,1000,1000,1000,1000,1000,1000,1000,1000
0.5,fltrust_aligned,49,oracle_u,0.8734,0.8734,0.8734,fedavg|fedavg|krum|krum|fltrust|fltrust|fedprox|krum|krum|fltrust|fedprox|krum|krum|fltrust|fedprox,60.01158094406128,0.893,0.893,0.869,0.879,0.872,0.87,0.885,0.856,0.859,0.858,1000,1000,1000,1000,1000,1000,1000,1000,1000,1000
0.5,fltrust_aligned,49,oracle_w,0.8734,0.8734,0.8734,fedavg|fedavg|krum|krum|fltrust|fltrust|fedprox|krum|krum|fltrust|fedprox|krum|krum|fltrust|fedprox,62.94909405708313,0.893,0.893,0.869,0.879,0.872,0.87,0.885,0.856,0.859,0.858,1000,1000,1000,1000,1000,1000,1000,1000,1000,1000
0.5,fltrust_aligned,49,fixed,0.8915,0.8915,0.8915,,168.7687578201294,0.901,0.913,0.879,0.903,0.885,0.883,0.899,0.881,0.889,0.882,1000,1000,1000,1000,1000,1000,1000,1000,1000,1000
0.5,fltrust_aligned,49,sr_only,0.8789,0.8789,0.8789,,141.1112768650055,0.893,0.897,0.866,0.895,0.871,0.876,0.889,0.862,0.869,0.871,1000,1000,1000,1000,1000,1000,1000,1000,1000,1000
0.5,fltrust_aligned,49,td3_ref,0.8926000000000001,0.8926,0.8926000000000001,,164.39006233215332,0.906,0.912,0.884,0.91,0.883,0.885,0.9,0.877,0.885,0.884,1000,1000,1000,1000,1000,1000,1000,1000,1000,1000
0.5,fltrust_aligned,49,fltrust,0.8006,0.8006,0.8006,,24.2402503490448,0.831,0.809,0.786,0.824,0.788,0.793,0.823,0.774,0.794,0.784,1000,1000,1000,1000,1000,1000,1000,1000,1000,1000
0.5,fltrust_aligned,49,krum,0.7829,0.7829,0.7829,,30.88028073310852,0.817,0.793,0.781,0.797,0.776,0.782,0.794,0.755,0.775,0.759,1000,1000,1000,1000,1000,1000,1000,1000,1000,1000
0.5,fltrust_aligned,49,median,0.8836999999999999,0.8837,0.8836999999999999,,26.600679636001587,0.905,0.899,0.882,0.894,0.876,0.886,0.895,0.869,0.868,0.863,1000,1000,1000,1000,1000,1000,1000,1000,1000,1000
0.5,fltrust_aligned,49,trimmed_mean,0.8897999999999999,0.8898,0.8897999999999999,,57.15264534950256,0.907,0.907,0.885,0.902,0.878,0.891,0.903,0.878,0.877,0.87,1000,1000,1000,1000,1000,1000,1000,1000,1000,1000
0.5,fltrust_aligned,50,oracle_u,0.8793,0.8793,0.8793,clustering|fedavg|fedavg|fedavg|krum|krum|krum|fltrust|fltrust|fltrust|fltrust|fltrust|fltrust|fltrust|krum,62.503321170806885,0.899,0.889,0.874,0.891,0.882,0.874,0.894,0.862,0.873,0.855,1000,1000,1000,1000,1000,1000,1000,1000,1000,1000
0.5,fltrust_aligned,50,oracle_w,0.8793,0.8793,0.8793,clustering|fedavg|fedavg|fedavg|krum|krum|krum|fltrust|fltrust|fltrust|fltrust|fltrust|fltrust|fltrust|krum,58.16128706932068,0.899,0.889,0.874,0.891,0.882,0.874,0.894,0.862,0.873,0.855,1000,1000,1000,1000,1000,1000,1000,1000,1000,1000
0.5,fltrust_aligned,50,fixed,0.8913,0.8913,0.8913,,161.2206392288208,0.904,0.911,0.88,0.902,0.885,0.878,0.902,0.876,0.888,0.887,1000,1000,1000,1000,1000,1000,1000,1000,1000,1000
0.5,fltrust_aligned,50,sr_only,0.8783,0.8783,0.8783,,130.78640389442444,0.885,0.894,0.87,0.893,0.869,0.872,0.889,0.864,0.875,0.872,1000,1000,1000,1000,1000,1000,1000,1000,1000,1000
0.5,fltrust_aligned,50,td3_ref,0.8495999999999999,0.8496,0.8495999999999999,,173.24656558036804,0.852,0.866,0.833,0.863,0.843,0.855,0.86,0.843,0.842,0.839,1000,1000,1000,1000,1000,1000,1000,1000,1000,1000
0.5,fltrust_aligned,50,fltrust,0.7958000000000001,0.7958,0.7958000000000001,,57.021235704422,0.821,0.798,0.8,0.827,0.794,0.786,0.799,0.764,0.791,0.778,1000,1000,1000,1000,1000,1000,1000,1000,1000,1000
0.5,fltrust_aligned,50,krum,0.7790999999999999,0.7791,0.7790999999999999,,90.63711929321288,0.793,0.784,0.774,0.808,0.777,0.786,0.786,0.749,0.784,0.75,1000,1000,1000,1000,1000,1000,1000,1000,1000,1000
0.5,fltrust_aligned,50,median,0.8819000000000001,0.8819,0.8819000000000001,,24.94029974937439,0.898,0.895,0.879,0.89,0.878,0.885,0.898,0.872,0.865,0.859,1000,1000,1000,1000,1000,1000,1000,1000,1000,1000
0.5,fltrust_aligned,50,trimmed_mean,0.8898000000000001,0.8898,0.8898000000000001,,21.41960120201111,0.902,0.905,0.883,0.903,0.88,0.89,0.906,0.878,0.877,0.874,1000,1000,1000,1000,1000,1000,1000,1000,1000,1000
0.5,fltrust_aligned,51,oracle_u,0.8615999999999999,0.8616,0.8615999999999999,fltrust|fltrust|fltrust|fltrust|fltrust|fltrust|fltrust|fltrust|fltrust|fltrust|fltrust|fltrust|fedprox|krum|krum,40.20834541320801,0.877,0.877,0.855,0.867,0.858,0.861,0.868,0.843,0.863,0.847,1000,1000,1000,1000,1000,1000,1000,1000,1000,1000
0.5,fltrust_aligned,51,oracle_w,0.8615999999999999,0.8616,0.8615999999999999,fltrust|fltrust|fltrust|fltrust|fltrust|fltrust|fltrust|fltrust|fltrust|fltrust|fltrust|fltrust|fedprox|krum|krum,28.678999423980716,0.877,0.877,0.855,0.867,0.858,0.861,0.868,0.843,0.863,0.847,1000,1000,1000,1000,1000,1000,1000,1000,1000,1000
0.5,fltrust_aligned,51,fixed,0.8917000000000002,0.8917,0.8917000000000002,,166.5279974937439,0.907,0.909,0.885,0.907,0.886,0.89,0.898,0.877,0.881,0.877,1000,1000,1000,1000,1000,1000,1000,1000,1000,1000
0.5,fltrust_aligned,51,sr_only,0.8823000000000001,0.8823,0.8823000000000001,,152.2370138168335,0.895,0.897,0.871,0.902,0.876,0.878,0.89,0.869,0.87,0.875,1000,1000,1000,1000,1000,1000,1000,1000,1000,1000
0.5,fltrust_aligned,51,td3_ref,0.8913,0.8913,0.8913,,167.5390977859497,0.905,0.907,0.88,0.907,0.883,0.887,0.901,0.873,0.884,0.886,1000,1000,1000,1000,1000,1000,1000,1000,1000,1000
0.5,fltrust_aligned,51,fltrust,0.8224,0.8224,0.8224,,116.5072455406189,0.833,0.832,0.813,0.832,0.824,0.827,0.824,0.796,0.835,0.808,1000,1000,1000,1000,1000,1000,1000,1000,1000,1000
0.5,fltrust_aligned,51,krum,0.7674000000000001,0.7674,0.7674000000000001,,98.50011277198792,0.775,0.775,0.763,0.775,0.775,0.776,0.763,0.737,0.783,0.752,1000,1000,1000,1000,1000,1000,1000,1000,1000,1000
0.5,fltrust_aligned,51,median,0.8896000000000001,0.8896,0.8896000000000001,,24.37522840499878,0.906,0.903,0.886,0.902,0.877,0.89,0.901,0.884,0.878,0.869,1000,1000,1000,1000,1000,1000,1000,1000,1000,1000
0.5,fltrust_aligned,51,trimmed_mean,0.8920999999999999,0.8921,0.8920999999999999,,37.18627285957336,0.905,0.91,0.886,0.904,0.882,0.889,0.906,0.883,0.881,0.875,1000,1000,1000,1000,1000,1000,1000,1000,1000,1000
0.05,gaussian_noise,42,oracle_u,0.6384,0.6384,0.6384,fltrust|fltrust|fltrust|fltrust|trimmed_mean|fltrust|fltrust|fltrust|fltrust|fltrust|fltrust|fltrust|fltrust|fltrust|fltrust,37.59975624084473,0.631,0.635,0.669,0.678,0.605,0.636,0.629,0.659,0.618,0.624,1000,1000,1000,1000,1000,1000,1000,1000,1000,1000
0.05,gaussian_noise,42,oracle_w,0.6384,0.6384,0.6384,fltrust|fltrust|fltrust|fltrust|trimmed_mean|fltrust|fltrust|fltrust|fltrust|fltrust|fltrust|fltrust|fltrust|fltrust|fltrust,51.02790522575378,0.631,0.635,0.669,0.678,0.605,0.636,0.629,0.659,0.618,0.624,1000,1000,1000,1000,1000,1000,1000,1000,1000,1000
0.05,gaussian_noise,42,fixed,0.8032,0.8032,0.8032,,179.2884430885315,0.807,0.796,0.82,0.826,0.787,0.786,0.809,0.811,0.791,0.799,1000,1000,1000,1000,1000,1000,1000,1000,1000,1000
0.05,gaussian_noise,42,sr_only,0.8027000000000001,0.8027,0.8027000000000001,,150.30375385284424,0.809,0.795,0.82,0.825,0.788,0.784,0.809,0.807,0.791,0.799,1000,1000,1000,1000,1000,1000,1000,1000,1000,1000
0.05,gaussian_noise,42,td3_ref,0.8037000000000001,0.8037,0.8037000000000001,,179.69014239311218,0.81,0.796,0.82,0.826,0.789,0.786,0.81,0.81,0.791,0.799,1000,1000,1000,1000,1000,1000,1000,1000,1000,1000
0.05,gaussian_noise,42,fltrust,0.6157,0.6157,0.6157,,24.063165187835693,0.596,0.617,0.642,0.653,0.601,0.616,0.613,0.63,0.596,0.593,1000,1000,1000,1000,1000,1000,1000,1000,1000,1000
0.05,gaussian_noise,42,krum,0.3093,0.3093,0.3093,,77.93947696685791,0.311,0.3,0.331,0.32,0.299,0.306,0.28,0.312,0.323,0.311,1000,1000,1000,1000,1000,1000,1000,1000,1000,1000
0.05,gaussian_noise,42,median,0.567,0.567,0.567,,41.76858448982239,0.564,0.554,0.577,0.591,0.541,0.572,0.567,0.594,0.566,0.544,1000,1000,1000,1000,1000,1000,1000,1000,1000,1000
0.05,gaussian_noise,42,trimmed_mean,0.7384999999999999,0.7385,0.7384999999999999,,31.52100515365601,0.741,0.725,0.755,0.765,0.704,0.724,0.746,0.754,0.734,0.737,1000,1000,1000,1000,1000,1000,1000,1000,1000,1000
0.05,gaussian_noise,43,oracle_u,0.6436,0.6436,0.6436,fltrust|fltrust|fltrust|fltrust|fltrust|fltrust|fltrust|fltrust|fltrust|fltrust|fltrust|fltrust|fltrust|fltrust|fltrust,24.671859741210938,0.648,0.633,0.67,0.673,0.612,0.655,0.633,0.656,0.622,0.634,1000,1000,1000,1000,1000,1000,1000,1000,1000,1000
0.05,gaussian_noise,43,oracle_w,0.6436,0.6436,0.6436,fltrust|fltrust|fltrust|fltrust|fltrust|fltrust|fltrust|fltrust|fltrust|fltrust|fltrust|fltrust|fltrust|fltrust|fltrust,51.1856107711792,0.648,0.633,0.67,0.673,0.612,0.655,0.633,0.656,0.622,0.634,1000,1000,1000,1000,1000,1000,1000,1000,1000,1000
0.05,gaussian_noise,43,fixed,0.8044,0.8044,0.8044,,177.9799292087555,0.809,0.796,0.822,0.828,0.787,0.785,0.814,0.813,0.792,0.798,1000,1000,1000,1000,1000,1000,1000,1000,1000,1000
0.05,gaussian_noise,43,sr_only,0.8042,0.8042,0.8042,,180.81562781333923,0.809,0.795,0.822,0.829,0.788,0.784,0.813,0.811,0.792,0.799,1000,1000,1000,1000,1000,1000,1000,1000,1000,1000
0.05,gaussian_noise,43,td3_ref,0.8048,0.8048,0.8048,,186.596554517746,0.81,0.795,0.822,0.83,0.787,0.785,0.813,0.814,0.793,0.799,1000,1000,1000,1000,1000,1000,1000,1000,1000,1000
0.05,gaussian_noise,43,fltrust,0.6436,0.6436,0.6436,,41.42727398872376,0.648,0.633,0.67,0.673,0.612,0.655,0.633,0.656,0.622,0.634,1000,1000,1000,1000,1000,1000,1000,1000,1000,1000
0.05,gaussian_noise,43,krum,0.31,0.31,0.31,,65.81857180595398,0.311,0.301,0.333,0.32,0.299,0.306,0.281,0.313,0.324,0.312,1000,1000,1000,1000,1000,1000,1000,1000,1000,1000
0.05,gaussian_noise,43,median,0.5658000000000001,0.5658,0.5658000000000001,,40.78103423118591,0.565,0.55,0.577,0.59,0.546,0.567,0.562,0.593,0.567,0.541,1000,1000,1000,1000,1000,1000,1000,1000,1000,1000
0.05,gaussian_noise,43,trimmed_mean,0.7389,0.7389,0.7389,,22.468284845352173,0.743,0.726,0.749,0.76,0.714,0.727,0.751,0.755,0.729,0.735,1000,1000,1000,1000,1000,1000,1000,1000,1000,1000
0.05,gaussian_noise,44,oracle_u,0.6611,0.6611,0.6611,fltrust|fltrust|fltrust|fltrust|fltrust|fltrust|fltrust|fltrust|fltrust|fltrust|fltrust|fltrust|fltrust|fltrust|fltrust,35.08174991607666,0.654,0.66,0.686,0.685,0.623,0.651,0.663,0.679,0.661,0.649,1000,1000,1000,1000,1000,1000,1000,1000,1000,1000
0.05,gaussian_noise,44,oracle_w,0.6611,0.6611,0.6611,fltrust|fltrust|fltrust|fltrust|fltrust|fltrust|fltrust|fltrust|fltrust|fltrust|fltrust|fltrust|fltrust|fltrust|fltrust,63.252554416656494,0.654,0.66,0.686,0.685,0.623,0.651,0.663,0.679,0.661,0.649,1000,1000,1000,1000,1000,1000,1000,1000,1000,1000
0.05,gaussian_noise,44,fixed,0.8047000000000001,0.8047,0.8047000000000001,,159.67818021774292,0.809,0.795,0.824,0.829,0.788,0.784,0.813,0.813,0.791,0.801,1000,1000,1000,1000,1000,1000,1000,1000,1000,1000
0.05,gaussian_noise,44,sr_only,0.8042,0.8042,0.8042,,148.44555616378784,0.809,0.796,0.822,0.827,0.788,0.786,0.812,0.811,0.792,0.799,1000,1000,1000,1000,1000,1000,1000,1000,1000,1000
0.05,gaussian_noise,44,td3_ref,0.8045,0.8045,0.8045,,169.21978068351746,0.809,0.795,0.823,0.828,0.788,0.784,0.813,0.813,0.793,0.799,1000,1000,1000,1000,1000,1000,1000,1000,1000,1000
0.05,gaussian_noise,44,fltrust,0.6611,0.6611,0.6611,,25.763338088989254,0.654,0.66,0.686,0.685,0.623,0.651,0.663,0.679,0.661,0.649,1000,1000,1000,1000,1000,1000,1000,1000,1000,1000
0.05,gaussian_noise,44,krum,0.3103,0.3103,0.3103,,24.06068778038025,0.311,0.303,0.334,0.321,0.299,0.307,0.28,0.312,0.323,0.313,1000,1000,1000,1000,1000,1000,1000,1000,1000,1000
0.05,gaussian_noise,44,median,0.5672999999999999,0.5673,0.5672999999999999,,34.507396936416626,0.569,0.555,0.573,0.592,0.547,0.57,0.568,0.591,0.563,0.545,1000,1000,1000,1000,1000,1000,1000,1000,1000,1000
0.05,gaussian_noise,44,trimmed_mean,0.7352,0.7352,0.7352,,68.09564399719238,0.746,0.722,0.749,0.757,0.698,0.722,0.742,0.749,0.733,0.734,1000,1000,1000,1000,1000,1000,1000,1000,1000,1000
0.05,gaussian_noise,45,oracle_u,0.6391,0.6391,0.6391,fltrust|fltrust|fltrust|fltrust|fltrust|fltrust|fltrust|fltrust|fltrust|fltrust|fltrust|fltrust|fltrust|fltrust|fltrust,62.01882696151733,0.63,0.611,0.659,0.659,0.623,0.634,0.652,0.667,0.635,0.621,1000,1000,1000,1000,1000,1000,1000,1000,1000,1000
0.05,gaussian_noise,45,oracle_w,0.6391,0.6391,0.6391,fltrust|fltrust|fltrust|fltrust|fltrust|fltrust|fltrust|fltrust|fltrust|fltrust|fltrust|fltrust|fltrust|fltrust|fltrust,52.085728883743286,0.63,0.611,0.659,0.659,0.623,0.634,0.652,0.667,0.635,0.621,1000,1000,1000,1000,1000,1000,1000,1000,1000,1000
0.05,gaussian_noise,45,fixed,0.8039999999999999,0.804,0.8039999999999999,,162.33770871162417,0.808,0.797,0.821,0.829,0.788,0.783,0.813,0.81,0.79,0.801,1000,1000,1000,1000,1000,1000,1000,1000,1000,1000
0.05,gaussian_noise,45,sr_only,0.8032999999999999,0.8033,0.8032999999999999,,129.8377125263214,0.809,0.795,0.821,0.827,0.788,0.784,0.811,0.809,0.789,0.8,1000,1000,1000,1000,1000,1000,1000,1000,1000,1000
0.05,gaussian_noise,45,td3_ref,0.8048,0.8048,0.8048,,155.21541261672974,0.807,0.796,0.823,0.826,0.786,0.787,0.817,0.81,0.793,0.803,1000,1000,1000,1000,1000,1000,1000,1000,1000,1000
0.05,gaussian_noise,45,fltrust,0.6391,0.6391,0.6391,,126.27928853034972,0.63,0.611,0.659,0.659,0.623,0.634,0.652,0.667,0.635,0.621,1000,1000,1000,1000,1000,1000,1000,1000,1000,1000
0.05,gaussian_noise,45,krum,0.3088,0.3088,0.3088,,55.16612839698792,0.311,0.298,0.331,0.32,0.299,0.306,0.281,0.308,0.325,0.309,1000,1000,1000,1000,1000,1000,1000,1000,1000,1000
0.05,gaussian_noise,45,median,0.5658000000000001,0.5658,0.5658000000000001,,39.11257529258728,0.564,0.56,0.573,0.588,0.543,0.572,0.564,0.592,0.561,0.541,1000,1000,1000,1000,1000,1000,1000,1000,1000,1000
0.05,gaussian_noise,45,trimmed_mean,0.7356,0.7356,0.7356,,60.42521262168884,0.741,0.719,0.752,0.76,0.701,0.723,0.745,0.752,0.732,0.731,1000,1000,1000,1000,1000,1000,1000,1000,1000,1000
0.05,gaussian_noise,46,oracle_u,0.688,0.688,0.688,trimmed_mean|fltrust|fltrust|fltrust|fltrust|fltrust|fltrust|fltrust|fltrust|fltrust|fltrust|fltrust|fltrust|fltrust|fltrust,31.219815731048584,0.678,0.674,0.704,0.716,0.676,0.684,0.685,0.71,0.68,0.673,1000,1000,1000,1000,1000,1000,1000,1000,1000,1000
0.05,gaussian_noise,46,oracle_w,0.688,0.688,0.688,trimmed_mean|fltrust|fltrust|fltrust|fltrust|fltrust|fltrust|fltrust|fltrust|fltrust|fltrust|fltrust|fltrust|fltrust|fltrust,80.42905712127686,0.678,0.674,0.704,0.716,0.676,0.684,0.685,0.71,0.68,0.673,1000,1000,1000,1000,1000,1000,1000,1000,1000,1000
0.05,gaussian_noise,46,fixed,0.804,0.804,0.804,,156.86095595359802,0.811,0.795,0.822,0.826,0.785,0.785,0.812,0.812,0.792,0.8,1000,1000,1000,1000,1000,1000,1000,1000,1000,1000
0.05,gaussian_noise,46,sr_only,0.8036999999999999,0.8037,0.8036999999999999,,153.4638044834137,0.811,0.795,0.821,0.826,0.788,0.784,0.811,0.81,0.792,0.799,1000,1000,1000,1000,1000,1000,1000,1000,1000,1000
0.05,gaussian_noise,46,td3_ref,0.795,0.795,0.795,,180.9965133666992,0.799,0.782,0.813,0.821,0.77,0.772,0.805,0.811,0.782,0.795,1000,1000,1000,1000,1000,1000,1000,1000,1000,1000
0.05,gaussian_noise,46,fltrust,0.6592,0.6592,0.6592,,40.27697443962097,0.652,0.649,0.676,0.7,0.636,0.657,0.651,0.675,0.648,0.648,1000,1000,1000,1000,1000,1000,1000,1000,1000,1000
0.05,gaussian_noise,46,krum,0.3097,0.3097,0.3097,,21.85252022743225,0.311,0.301,0.33,0.32,0.298,0.306,0.283,0.312,0.324,0.312,1000,1000,1000,1000,1000,1000,1000,1000,1000,1000
0.05,gaussian_noise,46,median,0.5644999999999999,0.5645,0.5644999999999999,,77.94704031944275,0.564,0.552,0.571,0.588,0.542,0.568,0.565,0.59,0.558,0.547,1000,1000,1000,1000,1000,1000,1000,1000,1000,1000
0.05,gaussian_noise,46,trimmed_mean,0.7406999999999998,0.7407,0.7406999999999998,,91.55905628204346,0.742,0.727,0.755,0.767,0.705,0.729,0.746,0.76,0.738,0.738,1000,1000,1000,1000,1000,1000,1000,1000,1000,1000
0.05,gaussian_noise,47,oracle_u,0.683,0.683,0.683,fltrust|fltrust|fltrust|fltrust|fltrust|fltrust|fltrust|trimmed_mean|fltrust|fltrust|fltrust|fltrust|fltrust|fltrust|fltrust,57.49703049659729,0.675,0.681,0.709,0.711,0.66,0.677,0.682,0.696,0.665,0.674,1000,1000,1000,1000,1000,1000,1000,1000,1000,1000
0.05,gaussian_noise,47,oracle_w,0.683,0.683,0.683,fltrust|fltrust|fltrust|fltrust|fltrust|fltrust|fltrust|trimmed_mean|fltrust|fltrust|fltrust|fltrust|fltrust|fltrust|fltrust,32.9568145275116,0.675,0.681,0.709,0.711,0.66,0.677,0.682,0.696,0.665,0.674,1000,1000,1000,1000,1000,1000,1000,1000,1000,1000
0.05,gaussian_noise,47,fixed,0.8043000000000001,0.8043,0.8043000000000001,,162.8609914779663,0.809,0.797,0.822,0.827,0.784,0.787,0.814,0.811,0.792,0.8,1000,1000,1000,1000,1000,1000,1000,1000,1000,1000
0.05,gaussian_noise,47,sr_only,0.8038000000000002,0.8038,0.8038000000000002,,145.2026240825653,0.811,0.795,0.822,0.826,0.787,0.784,0.811,0.811,0.791,0.8,1000,1000,1000,1000,1000,1000,1000,1000,1000,1000
0.05,gaussian_noise,47,td3_ref,0.8033000000000001,0.8033,0.8033000000000001,,175.13655424118042,0.806,0.794,0.822,0.826,0.781,0.786,0.81,0.812,0.791,0.805,1000,1000,1000,1000,1000,1000,1000,1000,1000,1000
0.05,gaussian_noise,47,fltrust,0.6420999999999999,0.6421,0.6420999999999999,,61.74711084365845,0.634,0.629,0.663,0.685,0.626,0.636,0.646,0.654,0.624,0.624,1000,1000,1000,1000,1000,1000,1000,1000,1000,1000
0.05,gaussian_noise,47,krum,0.3097,0.3097,0.3097,,25.9413480758667,0.312,0.299,0.332,0.32,0.299,0.308,0.281,0.312,0.323,0.311,1000,1000,1000,1000,1000,1000,1000,1000,1000,1000
0.05,gaussian_noise,47,median,0.5695999999999999,0.5696,0.5695999999999999,,132.47597241401672,0.576,0.556,0.574,0.594,0.55,0.572,0.57,0.589,0.568,0.547,1000,1000,1000,1000,1000,1000,1000,1000,1000,1000
0.05,gaussian_noise,47,trimmed_mean,0.7386999999999999,0.7387,0.7386999999999999,,97.4524221420288,0.747,0.73,0.76,0.766,0.708,0.726,0.741,0.749,0.726,0.734,1000,1000,1000,1000,1000,1000,1000,1000,1000,1000
0.05,gaussian_noise,48,oracle_u,0.6571,0.6571,0.6571,trimmed_mean|median|fltrust|fltrust|fltrust|fltrust|fltrust|fltrust|fltrust|fltrust|fltrust|fltrust|fltrust|fltrust|fltrust,80.99273085594177,0.651,0.642,0.682,0.685,0.636,0.654,0.664,0.682,0.642,0.633,1000,1000,1000,1000,1000,1000,1000,1000,1000,1000
0.05,gaussian_noise,48,oracle_w,0.6571,0.6571,0.6571,trimmed_mean|median|fltrust|fltrust|fltrust|fltrust|fltrust|fltrust|fltrust|fltrust|fltrust|fltrust|fltrust|fltrust|fltrust,26.96338963508606,0.651,0.642,0.682,0.685,0.636,0.654,0.664,0.682,0.642,0.633,1000,1000,1000,1000,1000,1000,1000,1000,1000,1000
0.05,gaussian_noise,48,fixed,0.8037000000000001,0.8037,0.8037000000000001,,176.5945270061493,0.811,0.796,0.82,0.826,0.784,0.785,0.812,0.813,0.791,0.799,1000,1000,1000,1000,1000,1000,1000,1000,1000,1000
0.05,gaussian_noise,48,sr_only,0.8034000000000001,0.8034,0.8034000000000001,,145.18245100975037,0.81,0.795,0.82,0.827,0.788,0.785,0.81,0.81,0.79,0.799,1000,1000,1000,1000,1000,1000,1000,1000,1000,1000
0.05,gaussian_noise,48,td3_ref,0.8039,0.8039,0.8039,,176.60566401481628,0.81,0.796,0.821,0.826,0.786,0.786,0.812,0.813,0.79,0.799,1000,1000,1000,1000,1000,1000,1000,1000,1000,1000
0.05,gaussian_noise,48,fltrust,0.5955,0.5955,0.5955,,26.997832775115967,0.592,0.576,0.613,0.62,0.582,0.589,0.614,0.614,0.59,0.565,1000,1000,1000,1000,1000,1000,1000,1000,1000,1000
0.05,gaussian_noise,48,krum,0.3115,0.3115,0.3115,,21.01109504699707,0.312,0.303,0.334,0.322,0.302,0.308,0.281,0.315,0.325,0.313,1000,1000,1000,1000,1000,1000,1000,1000,1000,1000
0.05,gaussian_noise,48,median,0.5657,0.5657,0.5657,,58.87834978103638,0.563,0.556,0.574,0.588,0.549,0.565,0.559,0.595,0.564,0.544,1000,1000,1000,1000,1000,1000,1000,1000,1000,1000
0.05,gaussian_noise,48,trimmed_mean,0.7404,0.7404,0.7404,,57.20621180534363,0.747,0.734,0.759,0.76,0.712,0.726,0.743,0.75,0.733,0.74,1000,1000,1000,1000,1000,1000,1000,1000,1000,1000
0.05,gaussian_noise,49,oracle_u,0.701,0.701,0.701,trimmed_mean|fltrust|fltrust|fltrust|fltrust|fltrust|fltrust|fltrust|fltrust|fltrust|fltrust|fltrust|fltrust|fltrust|fltrust,48.531514406204224,0.696,0.692,0.726,0.734,0.678,0.695,0.695,0.721,0.684,0.689,1000,1000,1000,1000,1000,1000,1000,1000,1000,1000
0.05,gaussian_noise,49,oracle_w,0.701,0.701,0.701,trimmed_mean|fltrust|fltrust|fltrust|fltrust|fltrust|fltrust|fltrust|fltrust|fltrust|fltrust|fltrust|fltrust|fltrust|fltrust,43.80492901802063,0.696,0.692,0.726,0.734,0.678,0.695,0.695,0.721,0.684,0.689,1000,1000,1000,1000,1000,1000,1000,1000,1000,1000
0.05,gaussian_noise,49,fixed,0.8036,0.8036,0.8036,,176.58662796020508,0.808,0.794,0.819,0.827,0.786,0.787,0.813,0.813,0.79,0.799,1000,1000,1000,1000,1000,1000,1000,1000,1000,1000
0.05,gaussian_noise,49,sr_only,0.8039000000000002,0.8039,0.8039000000000002,,147.65618109703064,0.81,0.795,0.822,0.825,0.789,0.784,0.812,0.811,0.791,0.8,1000,1000,1000,1000,1000,1000,1000,1000,1000,1000
0.05,gaussian_noise,49,td3_ref,0.8037000000000001,0.8037,0.8037000000000001,,161.8827314376831,0.808,0.794,0.819,0.827,0.785,0.786,0.813,0.815,0.791,0.799,1000,1000,1000,1000,1000,1000,1000,1000,1000,1000
0.05,gaussian_noise,49,fltrust,0.684,0.684,0.684,,63.00499486923218,0.684,0.684,0.704,0.716,0.661,0.684,0.678,0.7,0.662,0.667,1000,1000,1000,1000,1000,1000,1000,1000,1000,1000
0.05,gaussian_noise,49,krum,0.3134,0.3134,0.3134,,101.62041783332825,0.313,0.304,0.336,0.322,0.303,0.311,0.283,0.316,0.328,0.318,1000,1000,1000,1000,1000,1000,1000,1000,1000,1000
0.05,gaussian_noise,49,median,0.5671,0.5671,0.5671,,65.66606974601746,0.568,0.549,0.571,0.589,0.546,0.57,0.57,0.593,0.564,0.551,1000,1000,1000,1000,1000,1000,1000,1000,1000,1000
0.05,gaussian_noise,49,trimmed_mean,0.7353000000000001,0.7353,0.7353000000000001,,80.18284201622009,0.739,0.719,0.748,0.758,0.702,0.722,0.74,0.755,0.738,0.732,1000,1000,1000,1000,1000,1000,1000,1000,1000,1000
0.05,gaussian_noise,50,oracle_u,0.6732,0.6732,0.6732,trimmed_mean|fltrust|fltrust|fltrust|fltrust|fltrust|fltrust|fltrust|fltrust|fltrust|fltrust|fltrust|fltrust|fltrust|fltrust,47.530657052993774,0.666,0.674,0.693,0.709,0.654,0.666,0.671,0.691,0.653,0.655,1000,1000,1000,1000,1000,1000,1000,1000,1000,1000
0.05,gaussian_noise,50,oracle_w,0.6732,0.6732,0.6732,trimmed_mean|fltrust|fltrust|fltrust|fltrust|fltrust|fltrust|fltrust|fltrust|fltrust|fltrust|fltrust|fltrust|fltrust|fltrust,62.95624899864197,0.666,0.674,0.693,0.709,0.654,0.666,0.671,0.691,0.653,0.655,1000,1000,1000,1000,1000,1000,1000,1000,1000,1000
0.05,gaussian_noise,50,fixed,0.8046000000000001,0.8046,0.8046000000000001,,164.10953497886658,0.808,0.797,0.821,0.828,0.787,0.785,0.814,0.814,0.792,0.8,1000,1000,1000,1000,1000,1000,1000,1000,1000,1000
0.05,gaussian_noise,50,sr_only,0.8042,0.8042,0.8042,,153.2563419342041,0.81,0.796,0.822,0.827,0.789,0.786,0.811,0.811,0.791,0.799,1000,1000,1000,1000,1000,1000,1000,1000,1000,1000
0.05,gaussian_noise,50,td3_ref,0.8032,0.8032,0.8032,,162.7080581188202,0.807,0.797,0.82,0.827,0.786,0.784,0.811,0.81,0.791,0.799,1000,1000,1000,1000,1000,1000,1000,1000,1000,1000
0.05,gaussian_noise,50,fltrust,0.6648,0.6648,0.6648,,26.551029920578003,0.665,0.662,0.68,0.701,0.643,0.663,0.657,0.683,0.643,0.651,1000,1000,1000,1000,1000,1000,1000,1000,1000,1000
0.05,gaussian_noise,50,krum,0.3098999999999999,0.3099,0.3098999999999999,,20.585866689682007,0.311,0.3,0.333,0.32,0.299,0.306,0.282,0.314,0.323,0.311,1000,1000,1000,1000,1000,1000,1000,1000,1000,1000
0.05,gaussian_noise,50,median,0.5627,0.5627,0.5627,,121.61454558372498,0.561,0.547,0.572,0.586,0.541,0.569,0.565,0.591,0.556,0.539,1000,1000,1000,1000,1000,1000,1000,1000,1000,1000
0.05,gaussian_noise,50,trimmed_mean,0.7375999999999999,0.7376,0.7375999999999999,,46.08994722366333,0.745,0.729,0.75,0.759,0.709,0.724,0.749,0.75,0.731,0.73,1000,1000,1000,1000,1000,1000,1000,1000,1000,1000
0.05,gaussian_noise,51,oracle_u,0.6528,0.6528,0.6528,trimmed_mean|median|fltrust|fltrust|fltrust|fltrust|fltrust|fltrust|fltrust|fltrust|fltrust|fltrust|fltrust|fltrust|fltrust,35.214845180511475,0.637,0.643,0.669,0.682,0.631,0.645,0.645,0.676,0.648,0.652,1000,1000,1000,1000,1000,1000,1000,1000,1000,1000
0.05,gaussian_noise,51,oracle_w,0.6528,0.6528,0.6528,trimmed_mean|median|fltrust|fltrust|fltrust|fltrust|fltrust|fltrust|fltrust|fltrust|fltrust|fltrust|fltrust|fltrust|fltrust,78.22268795967102,0.637,0.643,0.669,0.682,0.631,0.645,0.645,0.676,0.648,0.652,1000,1000,1000,1000,1000,1000,1000,1000,1000,1000
0.05,gaussian_noise,51,fixed,0.8048,0.8048,0.8048,,185.2478928565979,0.812,0.794,0.821,0.829,0.783,0.789,0.814,0.813,0.792,0.801,1000,1000,1000,1000,1000,1000,1000,1000,1000,1000
0.05,gaussian_noise,51,sr_only,0.8045,0.8045,0.8045,,135.18757367134094,0.812,0.795,0.822,0.827,0.79,0.784,0.812,0.811,0.792,0.8,1000,1000,1000,1000,1000,1000,1000,1000,1000,1000
0.05,gaussian_noise,51,td3_ref,0.8051,0.8051,0.8051,,148.5208818912506,0.812,0.795,0.819,0.83,0.785,0.785,0.815,0.814,0.793,0.803,1000,1000,1000,1000,1000,1000,1000,1000,1000,1000
0.05,gaussian_noise,51,fltrust,0.5973999999999999,0.5974,0.5973999999999999,,19.084810972213745,0.588,0.598,0.624,0.62,0.557,0.584,0.595,0.611,0.595,0.602,1000,1000,1000,1000,1000,1000,1000,1000,1000,1000
0.05,gaussian_noise,51,krum,0.3099999999999999,0.31,0.3099999999999999,,35.72185015678406,0.312,0.299,0.333,0.32,0.301,0.307,0.281,0.312,0.324,0.311,1000,1000,1000,1000,1000,1000,1000,1000,1000,1000
0.05,gaussian_noise,51,median,0.5659,0.5659,0.5659,,24.673576831817627,0.567,0.554,0.577,0.588,0.54,0.571,0.565,0.59,0.559,0.548,1000,1000,1000,1000,1000,1000,1000,1000,1000,1000
0.05,gaussian_noise,51,trimmed_mean,0.7434999999999999,0.7435,0.7434999999999999,,16.76943325996399,0.749,0.733,0.758,0.767,0.71,0.731,0.749,0.758,0.739,0.741,1000,1000,1000,1000,1000,1000,1000,1000,1000,1000
0.1,gaussian_noise,42,oracle_u,0.7706999999999999,0.7707,0.7706999999999999,fedavg|trimmed_mean|trimmed_mean|trimmed_mean|trimmed_mean|trimmed_mean|trimmed_mean|trimmed_mean|fltrust|fltrust|fltrust|fltrust|fltrust|fltrust|fltrust,44.60206151008606,0.772,0.778,0.79,0.747,0.759,0.752,0.769,0.795,0.761,0.784,1000,1000,1000,1000,1000,1000,1000,1000,1000,1000
0.1,gaussian_noise,42,oracle_w,0.7706999999999999,0.7707,0.7706999999999999,fedavg|trimmed_mean|trimmed_mean|trimmed_mean|trimmed_mean|trimmed_mean|trimmed_mean|trimmed_mean|fltrust|fltrust|fltrust|fltrust|fltrust|fltrust|fltrust,55.15439367294312,0.772,0.778,0.79,0.747,0.759,0.752,0.769,0.795,0.761,0.784,1000,1000,1000,1000,1000,1000,1000,1000,1000,1000
0.1,gaussian_noise,42,fixed,0.8412,0.8412,0.8412,,177.00473928451538,0.834,0.841,0.857,0.823,0.838,0.83,0.828,0.863,0.845,0.853,1000,1000,1000,1000,1000,1000,1000,1000,1000,1000
0.1,gaussian_noise,42,sr_only,0.8413,0.8413,0.8413,,162.52779388427734,0.836,0.842,0.856,0.819,0.837,0.831,0.829,0.861,0.849,0.853,1000,1000,1000,1000,1000,1000,1000,1000,1000,1000
0.1,gaussian_noise,42,td3_ref,0.8416,0.8416,0.8416,,198.51122999191284,0.836,0.842,0.858,0.823,0.838,0.83,0.829,0.862,0.845,0.853,1000,1000,1000,1000,1000,1000,1000,1000,1000,1000
0.1,gaussian_noise,42,fltrust,0.5898,0.5898,0.5898,,58.99353647232056,0.585,0.6,0.621,0.569,0.594,0.564,0.597,0.595,0.561,0.612,1000,1000,1000,1000,1000,1000,1000,1000,1000,1000
0.1,gaussian_noise,42,krum,0.1943,0.1943,0.1943,,73.50464344024658,0.207,0.191,0.203,0.183,0.208,0.183,0.203,0.193,0.187,0.185,1000,1000,1000,1000,1000,1000,1000,1000,1000,1000
0.1,gaussian_noise,42,median,0.6314,0.6314,0.6314,,64.5758593082428,0.629,0.632,0.651,0.603,0.619,0.596,0.645,0.65,0.63,0.659,1000,1000,1000,1000,1000,1000,1000,1000,1000,1000
0.1,gaussian_noise,42,trimmed_mean,0.8053000000000001,0.8053,0.8053000000000001,,52.51750373840332,0.794,0.822,0.807,0.79,0.804,0.79,0.796,0.826,0.804,0.82,1000,1000,1000,1000,1000,1000,1000,1000,1000,1000
0.1,gaussian_noise,43,oracle_u,0.7991999999999999,0.7992,0.7991999999999999,fedavg|trimmed_mean|trimmed_mean|trimmed_mean|trimmed_mean|fltrust|trimmed_mean|trimmed_mean|fltrust|trimmed_mean|fltrust|trimmed_mean|fltrust|fltrust|fltrust,64.22469902038574,0.796,0.798,0.817,0.767,0.798,0.788,0.803,0.821,0.786,0.818,1000,1000,1000,1000,1000,1000,1000,1000,1000,1000
0.1,gaussian_noise,43,oracle_w,0.7991999999999999,0.7992,0.7991999999999999,fedavg|trimmed_mean|trimmed_mean|trimmed_mean|trimmed_mean|fltrust|trimmed_mean|trimmed_mean|fltrust|trimmed_mean|fltrust|trimmed_mean|fltrust|fltrust|fltrust,50.615731716156006,0.796,0.798,0.817,0.767,0.798,0.788,0.803,0.821,0.786,0.818,1000,1000,1000,1000,1000,1000,1000,1000,1000,1000
0.1,gaussian_noise,43,fixed,0.8392,0.8392,0.8392,,184.80704021453855,0.833,0.841,0.853,0.822,0.836,0.831,0.827,0.859,0.842,0.848,1000,1000,1000,1000,1000,1000,1000,1000,1000,1000
0.1,gaussian_noise,43,sr_only,0.8404999999999999,0.8405,0.8404999999999999,,148.00171160697937,0.837,0.84,0.854,0.819,0.836,0.83,0.828,0.861,0.847,0.853,1000,1000,1000,1000,1000,1000,1000,1000,1000,1000
0.1,gaussian_noise,43,td3_ref,0.8324,0.8324,0.8324,,196.74879813194275,0.835,0.836,0.842,0.813,0.821,0.818,0.83,0.849,0.835,0.845,1000,1000,1000,1000,1000,1000,1000,1000,1000,1000
0.1,gaussian_noise,43,fltrust,0.6295999999999999,0.6296,0.6295999999999999,,107.10044312477112,0.627,0.628,0.661,0.617,0.633,0.599,0.645,0.632,0.598,0.656,1000,1000,1000,1000,1000,1000,1000,1000,1000,1000
0.1,gaussian_noise,43,krum,0.1939,0.1939,0.1939,,23.7284471988678,0.208,0.189,0.202,0.182,0.208,0.183,0.203,0.193,0.187,0.184,1000,1000,1000,1000,1000,1000,1000,1000,1000,1000
0.1,gaussian_noise,43,median,0.6174000000000002,0.6174,0.6174000000000002,,28.698997974395752,0.613,0.622,0.64,0.593,0.608,0.577,0.628,0.641,0.61,0.642,1000,1000,1000,1000,1000,1000,1000,1000,1000,1000
0.1,gaussian_noise,43,trimmed_mean,0.7986000000000001,0.7986,0.7986000000000001,,30.299520015716556,0.789,0.815,0.808,0.786,0.788,0.784,0.791,0.825,0.784,0.816,1000,1000,1000,1000,1000,1000,1000,1000,1000,1000
0.1,gaussian_noise,44,oracle_u,0.7346,0.7346,0.7346,fedavg|trimmed_mean|trimmed_mean|trimmed_mean|fltrust|fltrust|fltrust|fltrust|fltrust|fltrust|fltrust|fltrust|fltrust|fltrust|fltrust,74.62477493286133,0.742,0.723,0.764,0.721,0.728,0.711,0.74,0.745,0.719,0.753,1000,1000,1000,1000,1000,1000,1000,1000,1000,1000
0.1,gaussian_noise,44,oracle_w,0.7346,0.7346,0.7346,fedavg|trimmed_mean|trimmed_mean|trimmed_mean|fltrust|fltrust|fltrust|fltrust|fltrust|fltrust|fltrust|fltrust|fltrust|fltrust|fltrust,46.54571580886841,0.742,0.723,0.764,0.721,0.728,0.711,0.74,0.745,0.719,0.753,1000,1000,1000,1000,1000,1000,1000,1000,1000,1000
0.1,gaussian_noise,44,fixed,0.8413,0.8413,0.8413,,173.95174145698547,0.834,0.842,0.858,0.822,0.836,0.833,0.83,0.863,0.844,0.851,1000,1000,1000,1000,1000,1000,1000,1000,1000,1000
0.1,gaussian_noise,44,sr_only,0.8421999999999998,0.8422,0.8421999999999998,,155.72193384170532,0.837,0.842,0.858,0.822,0.839,0.831,0.828,0.863,0.848,0.854,1000,1000,1000,1000,1000,1000,1000,1000,1000,1000
0.1,gaussian_noise,44,td3_ref,0.8413999999999999,0.8414,0.8413999999999999,,185.80293011665344,0.834,0.842,0.857,0.822,0.837,0.833,0.829,0.864,0.845,0.851,1000,1000,1000,1000,1000,1000,1000,1000,1000,1000
0.1,gaussian_noise,44,fltrust,0.6043000000000001,0.6043,0.6043000000000001,,26.48377895355225,0.594,0.599,0.633,0.592,0.607,0.582,0.621,0.608,0.575,0.632,1000,1000,1000,1000,1000,1000,1000,1000,1000,1000
0.1,gaussian_noise,44,krum,0.1946,0.1946,0.1946,,64.64346313476562,0.207,0.192,0.204,0.183,0.208,0.183,0.203,0.194,0.187,0.185,1000,1000,1000,1000,1000,1000,1000,1000,1000,1000
0.1,gaussian_noise,44,median,0.6343000000000001,0.6343,0.6343000000000001,,20.5577974319458,0.634,0.637,0.659,0.602,0.626,0.602,0.649,0.656,0.628,0.65,1000,1000,1000,1000,1000,1000,1000,1000,1000,1000
0.1,gaussian_noise,44,trimmed_mean,0.8109999999999999,0.811,0.8109999999999999,,61.05720543861389,0.804,0.824,0.818,0.794,0.806,0.796,0.805,0.829,0.809,0.825,1000,1000,1000,1000,1000,1000,1000,1000,1000,1000
0.1,gaussian_noise,45,oracle_u,0.6688000000000001,0.6688,0.6688000000000001,fltrust|fltrust|fltrust|fltrust|fltrust|fltrust|fltrust|fltrust|fltrust|fltrust|fltrust|fltrust|fltrust|fltrust|fltrust,73.81258344650269,0.665,0.669,0.681,0.649,0.667,0.661,0.669,0.689,0.653,0.685,1000,1000,1000,1000,1000,1000,1000,1000,1000,1000
0.1,gaussian_noise,45,oracle_w,0.6688000000000001,0.6688,0.6688000000000001,fltrust|fltrust|fltrust|fltrust|fltrust|fltrust|fltrust|fltrust|fltrust|fltrust|fltrust|fltrust|fltrust|fltrust|fltrust,107.34569597244264,0.665,0.669,0.681,0.649,0.667,0.661,0.669,0.689,0.653,0.685,1000,1000,1000,1000,1000,1000,1000,1000,1000,1000
0.1,gaussian_noise,45,fixed,0.8408999999999999,0.8409,0.8408999999999999,,199.4206268787384,0.833,0.843,0.856,0.822,0.837,0.832,0.828,0.862,0.845,0.851,1000,1000,1000,1000,1000,1000,1000,1000,1000,1000
0.1,gaussian_noise,45,sr_only,0.8417,0.8417,0.8417,,147.3505539894104,0.837,0.84,0.855,0.822,0.837,0.832,0.828,0.863,0.849,0.854,1000,1000,1000,1000,1000,1000,1000,1000,1000,1000
0.1,gaussian_noise,45,td3_ref,0.8423999999999999,0.8424,0.8423999999999999,,182.28546977043152,0.836,0.844,0.858,0.828,0.837,0.829,0.832,0.861,0.844,0.855,1000,1000,1000,1000,1000,1000,1000,1000,1000,1000
0.1,gaussian_noise,45,fltrust,0.6688000000000001,0.6688,0.6688000000000001,,35.73479127883911,0.665,0.669,0.681,0.649,0.667,0.661,0.669,0.689,0.653,0.685,1000,1000,1000,1000,1000,1000,1000,1000,1000,1000
0.1,gaussian_noise,45,krum,0.1944,0.1944,0.1944,,90.86686301231384,0.208,0.191,0.204,0.182,0.208,0.183,0.204,0.193,0.187,0.184,1000,1000,1000,1000,1000,1000,1000,1000,1000,1000
0.1,gaussian_noise,45,median,0.6350999999999999,0.6351,0.6350999999999999,,28.48991084098816,0.636,0.636,0.655,0.608,0.626,0.597,0.648,0.668,0.629,0.648,1000,1000,1000,1000,1000,1000,1000,1000,1000,1000
0.1,gaussian_noise,45,trimmed_mean,0.8061999999999999,0.8062,0.8061999999999999,,48.12634587287903,0.792,0.812,0.814,0.796,0.802,0.79,0.803,0.828,0.801,0.824,1000,1000,1000,1000,1000,1000,1000,1000,1000,1000
0.1,gaussian_noise,46,oracle_u,0.7426999999999999,0.7427,0.7426999999999999,trimmed_mean|fedprox|fedprox|trimmed_mean|clustering|trimmed_mean|trimmed_mean|trimmed_mean|trimmed_mean|fltrust|fltrust|fltrust|fltrust|fltrust|fltrust,73.05308842658997,0.762,0.73,0.756,0.716,0.725,0.736,0.749,0.758,0.741,0.754,1000,1000,1000,1000,1000,1000,1000,1000,1000,1000
0.1,gaussian_noise,46,oracle_w,0.7426999999999999,0.7427,0.7426999999999999,trimmed_mean|fedprox|fedprox|trimmed_mean|clustering|trimmed_mean|trimmed_mean|trimmed_mean|trimmed_mean|fltrust|fltrust|fltrust|fltrust|fltrust|fltrust,68.93571066856384,0.762,0.73,0.756,0.716,0.725,0.736,0.749,0.758,0.741,0.754,1000,1000,1000,1000,1000,1000,1000,1000,1000,1000
0.1,gaussian_noise,46,fixed,0.8407,0.8407,0.8407,,161.81068968772888,0.833,0.842,0.856,0.822,0.837,0.832,0.829,0.862,0.844,0.85,1000,1000,1000,1000,1000,1000,1000,1000,1000,1000
0.1,gaussian_noise,46,sr_only,0.8411,0.8411,0.8411,,147.32839822769165,0.837,0.842,0.854,0.82,0.839,0.83,0.827,0.863,0.847,0.852,1000,1000,1000,1000,1000,1000,1000,1000,1000,1000
0.1,gaussian_noise,46,td3_ref,0.8252,0.8252,0.8252,,178.39608240127563,0.828,0.828,0.84,0.807,0.814,0.816,0.812,0.84,0.831,0.836,1000,1000,1000,1000,1000,1000,1000,1000,1000,1000
0.1,gaussian_noise,46,fltrust,0.5716,0.5716,0.5716,,22.93038749694824,0.563,0.579,0.593,0.545,0.582,0.554,0.557,0.594,0.572,0.577,1000,1000,1000,1000,1000,1000,1000,1000,1000,1000
0.1,gaussian_noise,46,krum,0.1937,0.1937,0.1937,,76.39918184280396,0.208,0.189,0.202,0.182,0.208,0.182,0.204,0.191,0.187,0.184,1000,1000,1000,1000,1000,1000,1000,1000,1000,1000
0.1,gaussian_noise,46,median,0.6298999999999999,0.6299,0.6298999999999999,,22.20314884185791,0.63,0.626,0.649,0.596,0.617,0.601,0.647,0.66,0.617,0.656,1000,1000,1000,1000,1000,1000,1000,1000,1000,1000
0.1,gaussian_noise,46,trimmed_mean,0.8040999999999998,0.8041,0.8040999999999998,,61.28624200820923,0.8,0.815,0.813,0.789,0.794,0.787,0.802,0.829,0.795,0.817,1000,1000,1000,1000,1000,1000,1000,1000,1000,1000
0.1,gaussian_noise,47,oracle_u,0.6433000000000001,0.6433,0.6433000000000001,fltrust|fltrust|fltrust|fltrust|fltrust|fltrust|fltrust|fltrust|fltrust|fltrust|fltrust|fltrust|fltrust|fltrust|fltrust,97.1590485572815,0.641,0.653,0.666,0.626,0.637,0.635,0.64,0.659,0.634,0.642,1000,1000,1000,1000,1000,1000,1000,1000,1000,1000
0.1,gaussian_noise,47,oracle_w,0.6433000000000001,0.6433,0.6433000000000001,fltrust|fltrust|fltrust|fltrust|fltrust|fltrust|fltrust|fltrust|fltrust|fltrust|fltrust|fltrust|fltrust|fltrust|fltrust,106.58812141418456,0.641,0.653,0.666,0.626,0.637,0.635,0.64,0.659,0.634,0.642,1000,1000,1000,1000,1000,1000,1000,1000,1000,1000
0.1,gaussian_noise,47,fixed,0.8404,0.8404,0.8404,,160.05217576026917,0.837,0.841,0.854,0.822,0.835,0.831,0.828,0.861,0.844,0.851,1000,1000,1000,1000,1000,1000,1000,1000,1000,1000
0.1,gaussian_noise,47,sr_only,0.8404999999999999,0.8405,0.8404999999999999,,123.93328714370728,0.836,0.841,0.853,0.822,0.833,0.832,0.829,0.862,0.845,0.852,1000,1000,1000,1000,1000,1000,1000,1000,1000,1000
0.1,gaussian_noise,47,td3_ref,0.8389999999999999,0.839,0.8389999999999999,,156.75456833839417,0.835,0.841,0.853,0.821,0.834,0.829,0.827,0.857,0.844,0.849,1000,1000,1000,1000,1000,1000,1000,1000,1000,1000
0.1,gaussian_noise,47,fltrust,0.6433000000000001,0.6433,0.6433000000000001,,31.30290937423706,0.641,0.653,0.666,0.626,0.637,0.635,0.64,0.659,0.634,0.642,1000,1000,1000,1000,1000,1000,1000,1000,1000,1000
0.1,gaussian_noise,47,krum,0.194,0.194,0.194,,80.01360392570496,0.208,0.189,0.202,0.182,0.208,0.183,0.204,0.193,0.187,0.184,1000,1000,1000,1000,1000,1000,1000,1000,1000,1000
0.1,gaussian_noise,47,median,0.6369,0.6369,0.6369,,118.332124710083,0.635,0.635,0.662,0.61,0.623,0.602,0.655,0.663,0.628,0.656,1000,1000,1000,1000,1000,1000,1000,1000,1000,1000
0.1,gaussian_noise,47,trimmed_mean,0.8093,0.8093,0.8093,,43.569042682647705,0.803,0.822,0.811,0.795,0.798,0.796,0.806,0.827,0.807,0.828,1000,1000,1000,1000,1000,1000,1000,1000,1000,1000
0.1,gaussian_noise,48,oracle_u,0.7123999999999999,0.7124,0.7123999999999999,fltrust|fltrust|fltrust|fltrust|fltrust|fltrust|fltrust|fltrust|fedprox|trimmed_mean|trimmed_mean|fltrust|fltrust|fltrust|fltrust,85.94762396812439,0.72,0.733,0.73,0.685,0.697,0.697,0.716,0.717,0.717,0.712,1000,1000,1000,1000,1000,1000,1000,1000,1000,1000
0.1,gaussian_noise,48,oracle_w,0.7123999999999999,0.7124,0.7123999999999999,fltrust|fltrust|fltrust|fltrust|fltrust|fltrust|fltrust|fltrust|fedprox|trimmed_mean|trimmed_mean|fltrust|fltrust|fltrust|fltrust,50.043192625045776,0.72,0.733,0.73,0.685,0.697,0.697,0.716,0.717,0.717,0.712,1000,1000,1000,1000,1000,1000,1000,1000,1000,1000
0.1,gaussian_noise,48,fixed,0.8408,0.8408,0.8408,,140.8299343585968,0.835,0.842,0.857,0.822,0.835,0.832,0.83,0.862,0.843,0.85,1000,1000,1000,1000,1000,1000,1000,1000,1000,1000
0.1,gaussian_noise,48,sr_only,0.8417,0.8417,0.8417,,125.76253986358644,0.837,0.841,0.856,0.82,0.836,0.832,0.831,0.863,0.847,0.854,1000,1000,1000,1000,1000,1000,1000,1000,1000,1000
0.1,gaussian_noise,48,td3_ref,0.8414999999999999,0.8415,0.8414999999999999,,157.12493443489075,0.835,0.843,0.858,0.823,0.837,0.832,0.83,0.864,0.842,0.851,1000,1000,1000,1000,1000,1000,1000,1000,1000,1000
0.1,gaussian_noise,48,fltrust,0.6428,0.6428,0.6428,,71.82650709152222,0.636,0.657,0.661,0.624,0.645,0.615,0.617,0.666,0.647,0.66,1000,1000,1000,1000,1000,1000,1000,1000,1000,1000
0.1,gaussian_noise,48,krum,0.1935,0.1935,0.1935,,76.80015635490417,0.208,0.188,0.201,0.182,0.208,0.181,0.203,0.193,0.187,0.184,1000,1000,1000,1000,1000,1000,1000,1000,1000,1000
0.1,gaussian_noise,48,median,0.6255999999999999,0.6256,0.6255999999999999,,96.31055521965028,0.629,0.633,0.643,0.601,0.608,0.593,0.634,0.653,0.616,0.646,1000,1000,1000,1000,1000,1000,1000,1000,1000,1000
0.1,gaussian_noise,48,trimmed_mean,0.8057000000000001,0.8057,0.8057000000000001,,40.26901268959045,0.795,0.813,0.811,0.791,0.804,0.795,0.801,0.828,0.797,0.822,1000,1000,1000,1000,1000,1000,1000,1000,1000,1000
0.1,gaussian_noise,49,oracle_u,0.6226,0.6226,0.6226,fltrust|fltrust|fltrust|fltrust|fltrust|fltrust|fltrust|fltrust|fltrust|fltrust|fltrust|fltrust|fltrust|fltrust|fltrust,54.29826354980469,0.622,0.626,0.656,0.589,0.622,0.616,0.614,0.645,0.606,0.63,1000,1000,1000,1000,1000,1000,1000,1000,1000,1000
0.1,gaussian_noise,49,oracle_w,0.6226,0.6226,0.6226,fltrust|fltrust|fltrust|fltrust|fltrust|fltrust|fltrust|fltrust|fltrust|fltrust|fltrust|fltrust|fltrust|fltrust|fltrust,72.57574200630188,0.622,0.626,0.656,0.589,0.622,0.616,0.614,0.645,0.606,0.63,1000,1000,1000,1000,1000,1000,1000,1000,1000,1000
0.1,gaussian_noise,49,fixed,0.8417,0.8417,0.8417,,160.56908321380615,0.835,0.842,0.858,0.823,0.839,0.833,0.828,0.861,0.845,0.853,1000,1000,1000,1000,1000,1000,1000,1000,1000,1000
0.1,gaussian_noise,49,sr_only,0.8419999999999999,0.842,0.8419999999999999,,140.2864384651184,0.836,0.842,0.857,0.822,0.839,0.832,0.829,0.863,0.847,0.853,1000,1000,1000,1000,1000,1000,1000,1000,1000,1000
0.1,gaussian_noise,49,td3_ref,0.8412,0.8412,0.8412,,173.20117139816284,0.831,0.842,0.859,0.823,0.839,0.833,0.828,0.861,0.844,0.852,1000,1000,1000,1000,1000,1000,1000,1000,1000,1000
0.1,gaussian_noise,49,fltrust,0.6226,0.6226,0.6226,,33.099470138549805,0.622,0.626,0.656,0.589,0.622,0.616,0.614,0.645,0.606,0.63,1000,1000,1000,1000,1000,1000,1000,1000,1000,1000
0.1,gaussian_noise,49,krum,0.194,0.194,0.194,,92.4126718044281,0.208,0.19,0.202,0.182,0.208,0.182,0.204,0.193,0.187,0.184,1000,1000,1000,1000,1000,1000,1000,1000,1000,1000
0.1,gaussian_noise,49,median,0.6317999999999999,0.6318,0.6317999999999999,,64.78344631195068,0.63,0.633,0.653,0.6,0.618,0.605,0.648,0.66,0.625,0.646,1000,1000,1000,1000,1000,1000,1000,1000,1000,1000
0.1,gaussian_noise,49,trimmed_mean,0.8084,0.8084,0.8084,,56.77719593048096,0.799,0.816,0.821,0.792,0.803,0.797,0.799,0.836,0.803,0.818,1000,1000,1000,1000,1000,1000,1000,1000,1000,1000
0.1,gaussian_noise,50,oracle_u,0.6442,0.6442,0.6442,fltrust|fltrust|fltrust|fltrust|fltrust|fltrust|fltrust|fltrust|fltrust|fltrust|fltrust|fltrust|fltrust|fltrust|fltrust,83.63833856582642,0.64,0.635,0.683,0.629,0.651,0.616,0.658,0.651,0.62,0.659,1000,1000,1000,1000,1000,1000,1000,1000,1000,1000
0.1,gaussian_noise,50,oracle_w,0.6442,0.6442,0.6442,fltrust|fltrust|fltrust|fltrust|fltrust|fltrust|fltrust|fltrust|fltrust|fltrust|fltrust|fltrust|fltrust|fltrust|fltrust,44.8839123249054,0.64,0.635,0.683,0.629,0.651,0.616,0.658,0.651,0.62,0.659,1000,1000,1000,1000,1000,1000,1000,1000,1000,1000
0.1,gaussian_noise,50,fixed,0.8408999999999999,0.8409,0.8408999999999999,,165.53649353981018,0.834,0.841,0.856,0.822,0.837,0.833,0.829,0.862,0.844,0.851,1000,1000,1000,1000,1000,1000,1000,1000,1000,1000
0.1,gaussian_noise,50,sr_only,0.8414999999999999,0.8415,0.8414999999999999,,136.77864480018616,0.837,0.841,0.855,0.821,0.838,0.83,0.829,0.862,0.848,0.854,1000,1000,1000,1000,1000,1000,1000,1000,1000,1000
0.1,gaussian_noise,50,td3_ref,0.8398,0.8398,0.8398,,159.09135055541992,0.835,0.84,0.853,0.822,0.837,0.83,0.828,0.856,0.845,0.852,1000,1000,1000,1000,1000,1000,1000,1000,1000,1000
0.1,gaussian_noise,50,fltrust,0.6442,0.6442,0.6442,,71.3083918094635,0.64,0.635,0.683,0.629,0.651,0.616,0.658,0.651,0.62,0.659,1000,1000,1000,1000,1000,1000,1000,1000,1000,1000
0.1,gaussian_noise,50,krum,0.1941,0.1941,0.1941,,66.5695207118988,0.207,0.189,0.204,0.182,0.208,0.183,0.204,0.193,0.187,0.184,1000,1000,1000,1000,1000,1000,1000,1000,1000,1000
0.1,gaussian_noise,50,median,0.6335,0.6335,0.6335,,46.125333070755005,0.632,0.629,0.65,0.61,0.623,0.598,0.65,0.662,0.629,0.652,1000,1000,1000,1000,1000,1000,1000,1000,1000,1000
0.1,gaussian_noise,50,trimmed_mean,0.8097,0.8097,0.8097,,106.7903323173523,0.794,0.82,0.818,0.797,0.802,0.798,0.802,0.832,0.811,0.823,1000,1000,1000,1000,1000,1000,1000,1000,1000,1000
0.1,gaussian_noise,51,oracle_u,0.791,0.791,0.791,trimmed_mean|fedprox|trimmed_mean|trimmed_mean|trimmed_mean|trimmed_mean|trimmed_mean|fltrust|fltrust|fltrust|fltrust|krum|fltrust|fltrust|fltrust,78.63167572021484,0.804,0.78,0.791,0.778,0.789,0.788,0.781,0.808,0.786,0.805,1000,1000,1000,1000,1000,1000,1000,1000,1000,1000
0.1,gaussian_noise,51,oracle_w,0.791,0.791,0.791,trimmed_mean|fedprox|trimmed_mean|trimmed_mean|trimmed_mean|trimmed_mean|trimmed_mean|fltrust|fltrust|fltrust|fltrust|krum|fltrust|fltrust|fltrust,113.6800286769867,0.804,0.78,0.791,0.778,0.789,0.788,0.781,0.808,0.786,0.805,1000,1000,1000,1000,1000,1000,1000,1000,1000,1000
0.1,gaussian_noise,51,fixed,0.841,0.841,0.841,,172.21097207069397,0.836,0.841,0.856,0.823,0.836,0.832,0.829,0.862,0.844,0.851,1000,1000,1000,1000,1000,1000,1000,1000,1000,1000
0.1,gaussian_noise,51,sr_only,0.8402999999999998,0.8403,0.8402999999999998,,155.59683108329773,0.836,0.842,0.854,0.82,0.834,0.832,0.828,0.86,0.845,0.852,1000,1000,1000,1000,1000,1000,1000,1000,1000,1000
0.1,gaussian_noise,51,td3_ref,0.8408,0.8408,0.8408,,163.83586239814758,0.835,0.841,0.856,0.823,0.836,0.833,0.829,0.861,0.845,0.849,1000,1000,1000,1000,1000,1000,1000,1000,1000,1000
0.1,gaussian_noise,51,fltrust,0.6170000000000001,0.617,0.6170000000000001,,36.53063917160034,0.611,0.614,0.648,0.583,0.627,0.588,0.622,0.633,0.605,0.639,1000,1000,1000,1000,1000,1000,1000,1000,1000,1000
0.1,gaussian_noise,51,krum,0.1939,0.1939,0.1939,,23.054725646972656,0.207,0.189,0.202,0.182,0.208,0.183,0.204,0.193,0.187,0.184,1000,1000,1000,1000,1000,1000,1000,1000,1000,1000
0.1,gaussian_noise,51,median,0.6252,0.6252,0.6252,,23.02931952476501,0.622,0.63,0.653,0.6,0.605,0.592,0.644,0.648,0.61,0.648,1000,1000,1000,1000,1000,1000,1000,1000,1000,1000
0.1,gaussian_noise,51,trimmed_mean,0.7962,0.7962,0.7962,,22.981341123580933,0.782,0.812,0.798,0.782,0.79,0.781,0.793,0.824,0.79,0.81,1000,1000,1000,1000,1000,1000,1000,1000,1000,1000
0.5,gaussian_noise,42,oracle_u,0.8935000000000002,0.8935,0.8935000000000002,krum|krum|trimmed_mean|trimmed_mean|median|median|trimmed_mean|trimmed_mean|trimmed_mean|trimmed_mean|trimmed_mean|median|fltrust|median|trimmed_mean,38.96504354476929,0.906,0.909,0.885,0.907,0.884,0.894,0.905,0.882,0.88,0.883,1000,1000,1000,1000,1000,1000,1000,1000,1000,1000
0.5,gaussian_noise,42,oracle_w,0.8935000000000002,0.8935,0.8935000000000002,krum|krum|trimmed_mean|trimmed_mean|median|median|trimmed_mean|trimmed_mean|trimmed_mean|trimmed_mean|trimmed_mean|median|fltrust|median|trimmed_mean,39.8962984085083,0.906,0.909,0.885,0.907,0.884,0.894,0.905,0.882,0.88,0.883,1000,1000,1000,1000,1000,1000,1000,1000,1000,1000
0.5,gaussian_noise,42,fixed,0.8967,0.8967,0.8967,,135.82066178321838,0.908,0.908,0.889,0.91,0.889,0.893,0.909,0.881,0.89,0.89,1000,1000,1000,1000,1000,1000,1000,1000,1000,1000
0.5,gaussian_noise,42,sr_only,0.8968,0.8968,0.8968,,127.63717675209044,0.91,0.908,0.888,0.91,0.889,0.892,0.909,0.881,0.89,0.891,1000,1000,1000,1000,1000,1000,1000,1000,1000,1000
0.5,gaussian_noise,42,td3_ref,0.8967,0.8967,0.8967,,148.46730422973633,0.909,0.908,0.889,0.91,0.889,0.892,0.909,0.881,0.89,0.89,1000,1000,1000,1000,1000,1000,1000,1000,1000,1000
0.5,gaussian_noise,42,fltrust,0.7924,0.7924,0.7924,,43.82001948356629,0.814,0.795,0.803,0.816,0.782,0.785,0.797,0.767,0.787,0.778,1000,1000,1000,1000,1000,1000,1000,1000,1000,1000
0.5,gaussian_noise,42,krum,0.8865999999999999,0.8866,0.8865999999999999,,45.41862654685974,0.889,0.901,0.879,0.904,0.888,0.882,0.899,0.873,0.873,0.878,1000,1000,1000,1000,1000,1000,1000,1000,1000,1000
0.5,gaussian_noise,42,median,0.8915000000000001,0.8915,0.8915000000000001,,28.462904930114743,0.906,0.907,0.883,0.902,0.883,0.896,0.904,0.881,0.878,0.875,1000,1000,1000,1000,1000,1000,1000,1000,1000,1000
0.5,gaussian_noise,42,trimmed_mean,0.8936999999999999,0.8937,0.8936999999999999,,31.81968355178833,0.907,0.906,0.887,0.909,0.884,0.894,0.906,0.881,0.882,0.881,1000,1000,1000,1000,1000,1000,1000,1000,1000,1000
0.5,gaussian_noise,43,oracle_u,0.8957,0.8957,0.8957,krum|trimmed_mean|trimmed_mean|trimmed_mean|trimmed_mean|trimmed_mean|trimmed_mean|trimmed_mean|trimmed_mean|trimmed_mean|trimmed_mean|trimmed_mean|trimmed_mean|trimmed_mean|trimmed_mean,49.915340423583984,0.905,0.914,0.887,0.907,0.885,0.898,0.906,0.884,0.884,0.887,1000,1000,1000,1000,1000,1000,1000,1000,1000,1000
0.5,gaussian_noise,43,oracle_w,0.8957,0.8957,0.8957,krum|trimmed_mean|trimmed_mean|trimmed_mean|trimmed_mean|trimmed_mean|trimmed_mean|trimmed_mean|trimmed_mean|trimmed_mean|trimmed_mean|trimmed_mean|trimmed_mean|trimmed_mean|trimmed_mean,36.21369957923889,0.905,0.914,0.887,0.907,0.885,0.898,0.906,0.884,0.884,0.887,1000,1000,1000,1000,1000,1000,1000,1000,1000,1000
0.5,gaussian_noise,43,fixed,0.8967,0.8967,0.8967,,198.1330530643463,0.908,0.909,0.887,0.909,0.889,0.893,0.91,0.882,0.89,0.89,1000,1000,1000,1000,1000,1000,1000,1000,1000,1000
0.5,gaussian_noise,43,sr_only,0.8967,0.8967,0.8967,,152.1369926929474,0.909,0.909,0.887,0.908,0.888,0.894,0.91,0.882,0.89,0.89,1000,1000,1000,1000,1000,1000,1000,1000,1000,1000
0.5,gaussian_noise,43,td3_ref,0.8962,0.8962,0.8962,,179.87389016151428,0.908,0.909,0.887,0.909,0.888,0.894,0.909,0.883,0.887,0.888,1000,1000,1000,1000,1000,1000,1000,1000,1000,1000
0.5,gaussian_noise,43,fltrust,0.806,0.806,0.806,,35.65209364891052,0.819,0.813,0.81,0.825,0.804,0.805,0.808,0.781,0.803,0.792,1000,1000,1000,1000,1000,1000,1000,1000,1000,1000
0.5,gaussian_noise,43,krum,0.8854,0.8854,0.8854,,62.19789338111877,0.889,0.898,0.879,0.9,0.888,0.882,0.897,0.87,0.876,0.875,1000,1000,1000,1000,1000,1000,1000,1000,1000,1000
0.5,gaussian_noise,43,median,0.8929000000000002,0.8929,0.8929000000000002,,47.05291509628296,0.905,0.914,0.886,0.902,0.884,0.894,0.902,0.882,0.88,0.88,1000,1000,1000,1000,1000,1000,1000,1000,1000,1000
0.5,gaussian_noise,43,trimmed_mean,0.8951,0.8951,0.8951,,30.36277484893799,0.908,0.914,0.888,0.907,0.886,0.9,0.903,0.883,0.881,0.881,1000,1000,1000,1000,1000,1000,1000,1000,1000,1000
0.5,gaussian_noise,44,oracle_u,0.8964000000000001,0.8964,0.8964000000000001,krum|trimmed_mean|trimmed_mean|median|trimmed_mean|trimmed_mean|trimmed_mean|trimmed_mean|trimmed_mean|trimmed_mean|trimmed_mean|trimmed_mean|trimmed_mean|median|trimmed_mean,28.85480690002441,0.906,0.914,0.889,0.909,0.886,0.898,0.908,0.885,0.881,0.888,1000,1000,1000,1000,1000,1000,1000,1000,1000,1000
0.5,gaussian_noise,44,oracle_w,0.8964000000000001,0.8964,0.8964000000000001,krum|trimmed_mean|trimmed_mean|median|trimmed_mean|trimmed_mean|trimmed_mean|trimmed_mean|trimmed_mean|trimmed_mean|trimmed_mean|trimmed_mean|trimmed_mean|median|trimmed_mean,42.4689462184906,0.906,0.914,0.889,0.909,0.886,0.898,0.908,0.885,0.881,0.888,1000,1000,1000,1000,1000,1000,1000,1000,1000,1000
0.5,gaussian_noise,44,fixed,0.8964000000000001,0.8964,0.8964000000000001,,201.9998459815979,0.908,0.909,0.888,0.909,0.889,0.891,0.909,0.881,0.889,0.891,1000,1000,1000,1000,1000,1000,1000,1000,1000,1000
0.5,gaussian_noise,44,sr_only,0.8964000000000001,0.8964,0.8964000000000001,,165.5648958683014,0.909,0.909,0.888,0.909,0.889,0.892,0.908,0.881,0.889,0.89,1000,1000,1000,1000,1000,1000,1000,1000,1000,1000
0.5,gaussian_noise,44,td3_ref,0.8964000000000001,0.8964,0.8964000000000001,,175.3661594390869,0.908,0.909,0.889,0.909,0.889,0.891,0.909,0.881,0.889,0.89,1000,1000,1000,1000,1000,1000,1000,1000,1000,1000
0.5,gaussian_noise,44,fltrust,0.806,0.806,0.806,,73.19371724128723,0.829,0.81,0.812,0.829,0.807,0.802,0.808,0.775,0.803,0.785,1000,1000,1000,1000,1000,1000,1000,1000,1000,1000
0.5,gaussian_noise,44,krum,0.8442000000000001,0.8442,0.8442000000000001,,54.21587371826172,0.854,0.865,0.847,0.86,0.842,0.843,0.852,0.815,0.828,0.836,1000,1000,1000,1000,1000,1000,1000,1000,1000,1000
0.5,gaussian_noise,44,median,0.8932,0.8932,0.8932,,25.99188661575317,0.904,0.912,0.888,0.903,0.884,0.892,0.903,0.884,0.883,0.879,1000,1000,1000,1000,1000,1000,1000,1000,1000,1000
0.5,gaussian_noise,44,trimmed_mean,0.8962,0.8962,0.8962,,25.77886319160461,0.907,0.913,0.889,0.911,0.882,0.896,0.909,0.884,0.885,0.886,1000,1000,1000,1000,1000,1000,1000,1000,1000,1000
0.5,gaussian_noise,45,oracle_u,0.8958999999999999,0.8959,0.8958999999999999,krum|trimmed_mean|trimmed_mean|trimmed_mean|median|trimmed_mean|trimmed_mean|trimmed_mean|trimmed_mean|trimmed_mean|trimmed_mean|trimmed_mean|trimmed_mean|fltrust|fltrust,75.59057784080505,0.909,0.909,0.889,0.908,0.887,0.893,0.906,0.885,0.89,0.883,1000,1000,1000,1000,1000,1000,1000,1000,1000,1000
0.5,gaussian_noise,45,oracle_w,0.8958999999999999,0.8959,0.8958999999999999,krum|trimmed_mean|trimmed_mean|trimmed_mean|median|trimmed_mean|trimmed_mean|trimmed_mean|trimmed_mean|trimmed_mean|trimmed_mean|trimmed_mean|trimmed_mean|fltrust|fltrust,58.09667682647705,0.909,0.909,0.889,0.908,0.887,0.893,0.906,0.885,0.89,0.883,1000,1000,1000,1000,1000,1000,1000,1000,1000,1000
0.5,gaussian_noise,45,fixed,0.8962999999999999,0.8963,0.8962999999999999,,183.0419843196869,0.907,0.909,0.89,0.908,0.886,0.891,0.91,0.881,0.889,0.892,1000,1000,1000,1000,1000,1000,1000,1000,1000,1000
0.5,gaussian_noise,45,sr_only,0.8961,0.8961,0.8961,,159.28266191482544,0.907,0.908,0.889,0.909,0.888,0.891,0.909,0.881,0.889,0.89,1000,1000,1000,1000,1000,1000,1000,1000,1000,1000
0.5,gaussian_noise,45,td3_ref,0.8962999999999999,0.8963,0.8962999999999999,,194.47433471679688,0.908,0.909,0.89,0.908,0.885,0.892,0.912,0.88,0.89,0.889,1000,1000,1000,1000,1000,1000,1000,1000,1000,1000
0.5,gaussian_noise,45,fltrust,0.8067,0.8067,0.8067,,33.737637758255005,0.827,0.811,0.811,0.832,0.806,0.804,0.809,0.776,0.805,0.786,1000,1000,1000,1000,1000,1000,1000,1000,1000,1000
0.5,gaussian_noise,45,krum,0.8877,0.8877,0.8877,,23.752766132354736,0.89,0.901,0.881,0.903,0.888,0.883,0.899,0.873,0.881,0.878,1000,1000,1000,1000,1000,1000,1000,1000,1000,1000
0.5,gaussian_noise,45,median,0.8932,0.8932,0.8932,,23.30352544784546,0.906,0.907,0.89,0.905,0.883,0.898,0.901,0.883,0.881,0.878,1000,1000,1000,1000,1000,1000,1000,1000,1000,1000
0.5,gaussian_noise,45,trimmed_mean,0.8938,0.8938,0.8938,,59.07232213020325,0.907,0.907,0.887,0.906,0.884,0.895,0.902,0.882,0.881,0.887,1000,1000,1000,1000,1000,1000,1000,1000,1000,1000
0.5,gaussian_noise,46,oracle_u,0.8964000000000001,0.8964,0.8964000000000001,krum|trimmed_mean|median|median|trimmed_mean|trimmed_mean|trimmed_mean|trimmed_mean|trimmed_mean|trimmed_mean|trimmed_mean|fltrust|median|trimmed_mean|trimmed_mean,47.90728807449341,0.908,0.913,0.889,0.909,0.891,0.896,0.905,0.884,0.885,0.884,1000,1000,1000,1000,1000,1000,1000,1000,1000,1000
0.5,gaussian_noise,46,oracle_w,0.8964000000000001,0.8964,0.8964000000000001,krum|trimmed_mean|median|median|trimmed_mean|trimmed_mean|trimmed_mean|trimmed_mean|trimmed_mean|trimmed_mean|trimmed_mean|fltrust|median|trimmed_mean|trimmed_mean,82.13960218429565,0.908,0.913,0.889,0.909,0.891,0.896,0.905,0.884,0.885,0.884,1000,1000,1000,1000,1000,1000,1000,1000,1000,1000
0.5,gaussian_noise,46,fixed,0.8960000000000001,0.896,0.8960000000000001,,173.24107122421265,0.908,0.908,0.887,0.908,0.887,0.893,0.909,0.881,0.889,0.89,1000,1000,1000,1000,1000,1000,1000,1000,1000,1000
0.5,gaussian_noise,46,sr_only,0.8968999999999999,0.8969,0.8968999999999999,,135.99890685081482,0.909,0.909,0.888,0.908,0.889,0.894,0.91,0.881,0.89,0.891,1000,1000,1000,1000,1000,1000,1000,1000,1000,1000
0.5,gaussian_noise,46,td3_ref,0.8958999999999999,0.8959,0.8958999999999999,,160.85541987419128,0.908,0.908,0.887,0.907,0.887,0.894,0.909,0.882,0.888,0.889,1000,1000,1000,1000,1000,1000,1000,1000,1000,1000
0.5,gaussian_noise,46,fltrust,0.7943,0.7943,0.7943,,56.68460488319397,0.816,0.802,0.805,0.82,0.792,0.779,0.797,0.759,0.793,0.78,1000,1000,1000,1000,1000,1000,1000,1000,1000,1000
0.5,gaussian_noise,46,krum,0.8864000000000001,0.8864,0.8864000000000001,,43.78639006614685,0.888,0.902,0.879,0.901,0.887,0.881,0.9,0.874,0.875,0.877,1000,1000,1000,1000,1000,1000,1000,1000,1000,1000
0.5,gaussian_noise,46,median,0.8926999999999999,0.8927,0.8926999999999999,,90.92336440086363,0.906,0.91,0.885,0.904,0.884,0.894,0.903,0.88,0.882,0.879,1000,1000,1000,1000,1000,1000,1000,1000,1000,1000
0.5,gaussian_noise,46,trimmed_mean,0.8959999999999999,0.896,0.8959999999999999,,29.575411319732662,0.907,0.911,0.888,0.911,0.888,0.895,0.906,0.883,0.886,0.885,1000,1000,1000,1000,1000,1000,1000,1000,1000,1000
0.5,gaussian_noise,47,oracle_u,0.8946999999999999,0.8947,0.8946999999999999,krum|trimmed_mean|median|median|median|trimmed_mean|trimmed_mean|trimmed_mean|trimmed_mean|trimmed_mean|trimmed_mean|trimmed_mean|trimmed_mean|trimmed_mean|trimmed_mean,43.22367334365845,0.906,0.913,0.885,0.908,0.884,0.894,0.905,0.882,0.886,0.884,1000,1000,1000,1000,1000,1000,1000,1000,1000,1000
0.5,gaussian_noise,47,oracle_w,0.8946999999999999,0.8947,0.8946999999999999,krum|trimmed_mean|median|median|median|trimmed_mean|trimmed_mean|trimmed_mean|trimmed_mean|trimmed_mean|trimmed_mean|trimmed_mean|trimmed_mean|trimmed_mean|trimmed_mean,28.057503938674927,0.906,0.913,0.885,0.908,0.884,0.894,0.905,0.882,0.886,0.884,1000,1000,1000,1000,1000,1000,1000,1000,1000,1000
0.5,gaussian_noise,47,fixed,0.8967,0.8967,0.8967,,173.56344175338745,0.91,0.909,0.888,0.91,0.889,0.891,0.91,0.88,0.89,0.89,1000,1000,1000,1000,1000,1000,1000,1000,1000,1000
0.5,gaussian_noise,47,sr_only,0.8966000000000001,0.8966,0.8966000000000001,,142.5124523639679,0.91,0.909,0.888,0.91,0.889,0.891,0.91,0.88,0.889,0.89,1000,1000,1000,1000,1000,1000,1000,1000,1000,1000
0.5,gaussian_noise,47,td3_ref,0.8968,0.8968,0.8968,,153.85398960113525,0.91,0.909,0.888,0.909,0.889,0.892,0.909,0.881,0.891,0.89,1000,1000,1000,1000,1000,1000,1000,1000,1000,1000
0.5,gaussian_noise,47,fltrust,0.8032999999999999,0.8033,0.8032999999999999,,61.97654700279236,0.825,0.806,0.81,0.825,0.805,0.798,0.804,0.775,0.8,0.785,1000,1000,1000,1000,1000,1000,1000,1000,1000,1000
0.5,gaussian_noise,47,krum,0.8876999999999999,0.8877,0.8876999999999999,,89.39456701278687,0.893,0.903,0.881,0.902,0.887,0.883,0.901,0.874,0.88,0.873,1000,1000,1000,1000,1000,1000,1000,1000,1000,1000
0.5,gaussian_noise,47,median,0.8934000000000001,0.8934,0.8934000000000001,,108.51468992233276,0.908,0.913,0.886,0.906,0.885,0.892,0.904,0.882,0.88,0.878,1000,1000,1000,1000,1000,1000,1000,1000,1000,1000
0.5,gaussian_noise,47,trimmed_mean,0.8946999999999999,0.8947,0.8946999999999999,,21.631749868392944,0.908,0.913,0.884,0.909,0.885,0.895,0.905,0.88,0.885,0.883,1000,1000,1000,1000,1000,1000,1000,1000,1000,1000
0.5,gaussian_noise,48,oracle_u,0.8944000000000001,0.8944,0.8944000000000001,krum|trimmed_mean|median|trimmed_mean|trimmed_mean|trimmed_mean|trimmed_mean|trimmed_mean|trimmed_mean|trimmed_mean|median|trimmed_mean|fltrust|median|median,28.714799642562863,0.903,0.912,0.889,0.907,0.885,0.895,0.907,0.881,0.883,0.882,1000,1000,1000,1000,1000,1000,1000,1000,1000,1000
0.5,gaussian_noise,48,oracle_w,0.8944000000000001,0.8944,0.8944000000000001,krum|trimmed_mean|median|trimmed_mean|trimmed_mean|trimmed_mean|trimmed_mean|trimmed_mean|trimmed_mean|trimmed_mean|median|trimmed_mean|fltrust|median|median,30.00988292694092,0.903,0.912,0.889,0.907,0.885,0.895,0.907,0.881,0.883,0.882,1000,1000,1000,1000,1000,1000,1000,1000,1000,1000
0.5,gaussian_noise,48,fixed,0.8962000000000001,0.8962,0.8962000000000001,,153.96398282051086,0.909,0.908,0.887,0.909,0.889,0.891,0.909,0.881,0.889,0.89,1000,1000,1000,1000,1000,1000,1000,1000,1000,1000
0.5,gaussian_noise,48,sr_only,0.8964000000000001,0.8964,0.8964000000000001,,139.0370078086853,0.91,0.908,0.889,0.909,0.889,0.891,0.908,0.881,0.889,0.89,1000,1000,1000,1000,1000,1000,1000,1000,1000,1000
0.5,gaussian_noise,48,td3_ref,0.8954000000000001,0.8954,0.8954000000000001,,185.09191370010376,0.906,0.908,0.889,0.908,0.887,0.891,0.907,0.881,0.884,0.893,1000,1000,1000,1000,1000,1000,1000,1000,1000,1000
0.5,gaussian_noise,48,fltrust,0.8036,0.8036,0.8036,,86.36080932617188,0.824,0.806,0.807,0.828,0.806,0.795,0.804,0.775,0.802,0.789,1000,1000,1000,1000,1000,1000,1000,1000,1000,1000
0.5,gaussian_noise,48,krum,0.8407,0.8407,0.8407,,58.42164635658264,0.853,0.861,0.844,0.856,0.838,0.838,0.849,0.811,0.828,0.829,1000,1000,1000,1000,1000,1000,1000,1000,1000,1000
0.5,gaussian_noise,48,median,0.8915000000000001,0.8915,0.8915000000000001,,25.599581480026245,0.903,0.908,0.884,0.902,0.884,0.892,0.902,0.882,0.881,0.877,1000,1000,1000,1000,1000,1000,1000,1000,1000,1000
0.5,gaussian_noise,48,trimmed_mean,0.8945000000000001,0.8945,0.8945000000000001,,65.89088082313538,0.907,0.908,0.887,0.909,0.885,0.893,0.906,0.881,0.885,0.884,1000,1000,1000,1000,1000,1000,1000,1000,1000,1000
0.5,gaussian_noise,49,oracle_u,0.8948,0.8948,0.8948,krum|median|trimmed_mean|trimmed_mean|trimmed_mean|trimmed_mean|trimmed_mean|trimmed_mean|trimmed_mean|trimmed_mean|trimmed_mean|fltrust|trimmed_mean|trimmed_mean|fltrust,64.82464742660522,0.909,0.911,0.887,0.912,0.882,0.897,0.906,0.881,0.883,0.88,1000,1000,1000,1000,1000,1000,1000,1000,1000,1000
0.5,gaussian_noise,49,oracle_w,0.8948,0.8948,0.8948,krum|median|trimmed_mean|trimmed_mean|trimmed_mean|trimmed_mean|trimmed_mean|trimmed_mean|trimmed_mean|trimmed_mean|trimmed_mean|fltrust|trimmed_mean|trimmed_mean|fltrust,29.64760422706604,0.909,0.911,0.887,0.912,0.882,0.897,0.906,0.881,0.883,0.88,1000,1000,1000,1000,1000,1000,1000,1000,1000,1000
0.5,gaussian_noise,49,fixed,0.8967,0.8967,0.8967,,165.56617140769958,0.909,0.909,0.887,0.909,0.889,0.891,0.911,0.882,0.889,0.891,1000,1000,1000,1000,1000,1000,1000,1000,1000,1000
0.5,gaussian_noise,49,sr_only,0.8966000000000001,0.8966,0.8966000000000001,,145.32474994659424,0.909,0.909,0.887,0.909,0.889,0.891,0.911,0.882,0.888,0.891,1000,1000,1000,1000,1000,1000,1000,1000,1000,1000
0.5,gaussian_noise,49,td3_ref,0.8966,0.8966,0.8966,,167.4904990196228,0.91,0.909,0.889,0.909,0.889,0.892,0.908,0.88,0.889,0.891,1000,1000,1000,1000,1000,1000,1000,1000,1000,1000
0.5,gaussian_noise,49,fltrust,0.7998000000000001,0.7998,0.7998000000000001,,53.15356945991516,0.817,0.808,0.804,0.823,0.8,0.796,0.802,0.764,0.799,0.785,1000,1000,1000,1000,1000,1000,1000,1000,1000,1000
0.5,gaussian_noise,49,krum,0.8877,0.8877,0.8877,,120.2569351196289,0.891,0.903,0.881,0.902,0.888,0.883,0.901,0.872,0.88,0.876,1000,1000,1000,1000,1000,1000,1000,1000,1000,1000
0.5,gaussian_noise,49,median,0.8923,0.8923,0.8923,,47.37384819984436,0.907,0.911,0.883,0.906,0.882,0.889,0.905,0.88,0.884,0.876,1000,1000,1000,1000,1000,1000,1000,1000,1000,1000
0.5,gaussian_noise,49,trimmed_mean,0.8943000000000001,0.8943,0.8943000000000001,,24.175180912017822,0.908,0.911,0.885,0.911,0.885,0.894,0.905,0.88,0.883,0.881,1000,1000,1000,1000,1000,1000,1000,1000,1000,1000
0.5,gaussian_noise,50,oracle_u,0.8938,0.8938,0.8938,krum|trimmed_mean|median|trimmed_mean|trimmed_mean|trimmed_mean|trimmed_mean|trimmed_mean|trimmed_mean|trimmed_mean|fltrust|fltrust|fltrust|fltrust|fltrust,80.86436414718628,0.912,0.907,0.888,0.902,0.887,0.894,0.907,0.88,0.884,0.877,1000,1000,1000,1000,1000,1000,1000,1000,1000,1000
0.5,gaussian_noise,50,oracle_w,0.8938,0.8938,0.8938,krum|trimmed_mean|median|trimmed_mean|trimmed_mean|trimmed_mean|trimmed_mean|trimmed_mean|trimmed_mean|trimmed_mean|fltrust|fltrust|fltrust|fltrust|fltrust,85.931711435318,0.912,0.907,0.888,0.902,0.887,0.894,0.907,0.88,0.884,0.877,1000,1000,1000,1000,1000,1000,1000,1000,1000,1000
0.5,gaussian_noise,50,fixed,0.8967,0.8967,0.8967,,162.15559482574463,0.909,0.909,0.887,0.909,0.889,0.892,0.91,0.882,0.889,0.891,1000,1000,1000,1000,1000,1000,1000,1000,1000,1000
0.5,gaussian_noise,50,sr_only,0.8965,0.8965,0.8965,,156.03348350524902,0.909,0.909,0.888,0.909,0.889,0.891,0.909,0.882,0.888,0.891,1000,1000,1000,1000,1000,1000,1000,1000,1000,1000
0.5,gaussian_noise,50,td3_ref,0.8965,0.8965,0.8965,,153.79503965377808,0.909,0.909,0.888,0.909,0.888,0.892,0.91,0.881,0.89,0.889,1000,1000,1000,1000,1000,1000,1000,1000,1000,1000
0.5,gaussian_noise,50,fltrust,0.7876000000000001,0.7876,0.7876000000000001,,74.21389174461365,0.803,0.794,0.796,0.814,0.783,0.779,0.796,0.757,0.782,0.772,1000,1000,1000,1000,1000,1000,1000,1000,1000,1000
0.5,gaussian_noise,50,krum,0.8427999999999999,0.8428,0.8427999999999999,,65.2272162437439,0.854,0.864,0.843,0.858,0.845,0.842,0.85,0.811,0.828,0.833,1000,1000,1000,1000,1000,1000,1000,1000,1000,1000
0.5,gaussian_noise,50,median,0.8936,0.8936,0.8936,,113.47077465057372,0.905,0.91,0.888,0.904,0.882,0.899,0.901,0.882,0.886,0.879,1000,1000,1000,1000,1000,1000,1000,1000,1000,1000
0.5,gaussian_noise,50,trimmed_mean,0.8953999999999999,0.8954,0.8953999999999999,,128.2764949798584,0.907,0.911,0.89,0.909,0.883,0.897,0.905,0.881,0.885,0.886,1000,1000,1000,1000,1000,1000,1000,1000,1000,1000
0.5,gaussian_noise,51,oracle_u,0.8944000000000001,0.8944,0.8944000000000001,krum|trimmed_mean|median|trimmed_mean|trimmed_mean|trimmed_mean|trimmed_mean|trimmed_mean|fltrust|trimmed_mean|trimmed_mean|trimmed_mean|fltrust|fltrust|fltrust,41.48361921310425,0.911,0.906,0.885,0.907,0.888,0.895,0.905,0.882,0.884,0.881,1000,1000,1000,1000,1000,1000,1000,1000,1000,1000
0.5,gaussian_noise,51,oracle_w,0.8945000000000001,0.8945,0.8945000000000001,krum|trimmed_mean|median|trimmed_mean|trimmed_mean|trimmed_mean|trimmed_mean|trimmed_mean|fltrust|trimmed_mean|trimmed_mean|trimmed_mean|trimmed_mean|fltrust|fltrust,44.81673669815064,0.91,0.908,0.886,0.905,0.886,0.898,0.905,0.88,0.885,0.882,1000,1000,1000,1000,1000,1000,1000,1000,1000,1000
0.5,gaussian_noise,51,fixed,0.8960999999999999,0.8961,0.8960999999999999,,167.78277134895325,0.907,0.908,0.888,0.909,0.888,0.893,0.909,0.881,0.889,0.889,1000,1000,1000,1000,1000,1000,1000,1000,1000,1000
0.5,gaussian_noise,51,sr_only,0.8964000000000001,0.8964,0.8964000000000001,,143.3040246963501,0.909,0.908,0.888,0.909,0.889,0.892,0.909,0.881,0.889,0.89,1000,1000,1000,1000,1000,1000,1000,1000,1000,1000
0.5,gaussian_noise,51,td3_ref,0.8961,0.8961,0.8961,,157.32439017295837,0.907,0.908,0.888,0.909,0.888,0.892,0.91,0.88,0.891,0.888,1000,1000,1000,1000,1000,1000,1000,1000,1000,1000
0.5,gaussian_noise,51,fltrust,0.8013999999999999,0.8014,0.8013999999999999,,81.48670554161072,0.822,0.807,0.809,0.827,0.799,0.793,0.806,0.771,0.798,0.782,1000,1000,1000,1000,1000,1000,1000,1000,1000,1000
0.5,gaussian_noise,51,krum,0.8427,0.8427,0.8427,,22.25820541381836,0.855,0.864,0.846,0.857,0.841,0.839,0.85,0.812,0.833,0.83,1000,1000,1000,1000,1000,1000,1000,1000,1000,1000
0.5,gaussian_noise,51,median,0.8915,0.8915,0.8915,,24.68485307693481,0.905,0.908,0.888,0.903,0.882,0.893,0.9,0.879,0.878,0.879,1000,1000,1000,1000,1000,1000,1000,1000,1000,1000
0.5,gaussian_noise,51,trimmed_mean,0.8942999999999998,0.8943,0.8942999999999998,,42.326014280319214,0.906,0.91,0.889,0.906,0.885,0.895,0.905,0.881,0.883,0.883,1000,1000,1000,1000,1000,1000,1000,1000,1000,1000
0.05,krum_collusion,42,oracle_u,0.7293000000000001,0.7293,0.7293000000000001,fedavg|fltrust|fltrust|clustering|fedavg|fltrust|fltrust|fltrust|fltrust|fltrust|fltrust|fltrust|fltrust|fltrust|fltrust,25.610114336013797,0.729,0.706,0.754,0.76,0.703,0.718,0.729,0.747,0.716,0.731,1000,1000,1000,1000,1000,1000,1000,1000,1000,1000
0.05,krum_collusion,42,oracle_w,0.7293000000000001,0.7293,0.7293000000000001,fedavg|fltrust|fltrust|clustering|fedavg|fltrust|fltrust|fltrust|fltrust|fltrust|fltrust|fltrust|fltrust|fltrust|fltrust,46.48961544036865,0.729,0.706,0.754,0.76,0.703,0.718,0.729,0.747,0.716,0.731,1000,1000,1000,1000,1000,1000,1000,1000,1000,1000
0.05,krum_collusion,42,fixed,0.8057000000000001,0.8057,0.8057000000000001,,203.13629341125488,0.809,0.796,0.823,0.83,0.785,0.787,0.815,0.815,0.794,0.803,1000,1000,1000,1000,1000,1000,1000,1000,1000,1000
0.05,krum_collusion,42,sr_only,0.8038000000000001,0.8038,0.8038000000000001,,159.45910787582395,0.809,0.796,0.821,0.827,0.784,0.784,0.813,0.811,0.793,0.8,1000,1000,1000,1000,1000,1000,1000,1000,1000,1000
0.05,krum_collusion,42,td3_ref,0.8053000000000001,0.8053,0.8053000000000001,,209.0491383075714,0.808,0.798,0.822,0.828,0.784,0.787,0.816,0.815,0.794,0.801,1000,1000,1000,1000,1000,1000,1000,1000,1000,1000
0.05,krum_collusion,42,fltrust,0.6228,0.6228,0.6228,,30.494386434555054,0.61,0.623,0.643,0.664,0.603,0.626,0.613,0.638,0.603,0.605,1000,1000,1000,1000,1000,1000,1000,1000,1000,1000
0.05,krum_collusion,42,krum,0.3088,0.3088,0.3088,,33.83464694023132,0.312,0.299,0.332,0.32,0.298,0.306,0.28,0.308,0.323,0.31,1000,1000,1000,1000,1000,1000,1000,1000,1000,1000
0.05,krum_collusion,42,median,0.4553,0.4553,0.4553,,41.78232288360596,0.441,0.45,0.467,0.501,0.44,0.436,0.453,0.483,0.459,0.423,1000,1000,1000,1000,1000,1000,1000,1000,1000,1000
0.05,krum_collusion,42,trimmed_mean,0.4700999999999999,0.4701,0.4700999999999999,,25.082202434539795,0.483,0.463,0.482,0.491,0.45,0.468,0.458,0.471,0.483,0.452,1000,1000,1000,1000,1000,1000,1000,1000,1000,1000
0.05,krum_collusion,43,oracle_u,0.7045999999999999,0.7046,0.7045999999999999,fedavg|clustering|fedprox|fltrust|fltrust|fltrust|fltrust|fltrust|fltrust|fltrust|fltrust|fltrust|fltrust|fltrust|fltrust,61.74553728103638,0.709,0.698,0.729,0.722,0.678,0.708,0.71,0.707,0.688,0.697,1000,1000,1000,1000,1000,1000,1000,1000,1000,1000
0.05,krum_collusion,43,oracle_w,0.7045999999999999,0.7046,0.7045999999999999,fedavg|clustering|fedprox|fltrust|fltrust|fltrust|fltrust|fltrust|fltrust|fltrust|fltrust|fltrust|fltrust|fltrust|fltrust,41.84359955787659,0.709,0.698,0.729,0.722,0.678,0.708,0.71,0.707,0.688,0.697,1000,1000,1000,1000,1000,1000,1000,1000,1000,1000
0.05,krum_collusion,43,fixed,0.8030000000000002,0.803,0.8030000000000002,,189.3535192012787,0.81,0.793,0.82,0.826,0.784,0.784,0.809,0.811,0.793,0.8,1000,1000,1000,1000,1000,1000,1000,1000,1000,1000
0.05,krum_collusion,43,sr_only,0.8019000000000001,0.8019,0.8019000000000001,,141.21059012413025,0.806,0.794,0.819,0.825,0.783,0.783,0.807,0.81,0.794,0.798,1000,1000,1000,1000,1000,1000,1000,1000,1000,1000
0.05,krum_collusion,43,td3_ref,0.8015000000000001,0.8015,0.8015000000000001,,187.6833951473236,0.808,0.795,0.821,0.823,0.779,0.783,0.806,0.809,0.791,0.8,1000,1000,1000,1000,1000,1000,1000,1000,1000,1000
0.05,krum_collusion,43,fltrust,0.652,0.652,0.652,,38.76653456687927,0.657,0.646,0.681,0.68,0.621,0.658,0.644,0.658,0.631,0.644,1000,1000,1000,1000,1000,1000,1000,1000,1000,1000
0.05,krum_collusion,43,krum,0.3103999999999999,0.3104,0.3103999999999999,,100.37082743644714,0.312,0.301,0.332,0.32,0.3,0.307,0.282,0.314,0.324,0.312,1000,1000,1000,1000,1000,1000,1000,1000,1000,1000
0.05,krum_collusion,43,median,0.4552999999999999,0.4553,0.4552999999999999,,35.91799759864807,0.432,0.446,0.459,0.499,0.449,0.446,0.456,0.48,0.459,0.427,1000,1000,1000,1000,1000,1000,1000,1000,1000,1000
0.05,krum_collusion,43,trimmed_mean,0.4704,0.4704,0.4704,,36.81592321395874,0.479,0.467,0.484,0.488,0.45,0.473,0.459,0.469,0.485,0.45,1000,1000,1000,1000,1000,1000,1000,1000,1000,1000
0.05,krum_collusion,44,oracle_u,0.7390000000000001,0.739,0.7390000000000001,fedavg|fltrust|fltrust|fltrust|clustering|fltrust|fltrust|fltrust|fltrust|fltrust|fltrust|fltrust|fltrust|fltrust|fltrust,67.77057552337646,0.732,0.735,0.756,0.755,0.711,0.733,0.746,0.76,0.723,0.739,1000,1000,1000,1000,1000,1000,1000,1000,1000,1000
0.05,krum_collusion,44,oracle_w,0.7390000000000001,0.739,0.7390000000000001,fedavg|fltrust|fltrust|fltrust|clustering|fltrust|fltrust|fltrust|fltrust|fltrust|fltrust|fltrust|fltrust|fltrust|fltrust,44.704535245895386,0.732,0.735,0.756,0.755,0.711,0.733,0.746,0.76,0.723,0.739,1000,1000,1000,1000,1000,1000,1000,1000,1000,1000
0.05,krum_collusion,44,fixed,0.8027,0.8027,0.8027,,183.445659160614,0.808,0.794,0.821,0.826,0.784,0.783,0.809,0.811,0.792,0.799,1000,1000,1000,1000,1000,1000,1000,1000,1000,1000
0.05,krum_collusion,44,sr_only,0.8037000000000001,0.8037,0.8037000000000001,,143.2014217376709,0.807,0.796,0.819,0.828,0.788,0.784,0.81,0.81,0.794,0.801,1000,1000,1000,1000,1000,1000,1000,1000,1000,1000
0.05,krum_collusion,44,td3_ref,0.8034000000000001,0.8034,0.8034000000000001,,164.10409116744995,0.808,0.795,0.821,0.827,0.784,0.783,0.811,0.813,0.793,0.799,1000,1000,1000,1000,1000,1000,1000,1000,1000,1000
0.05,krum_collusion,44,fltrust,0.6807000000000001,0.6807,0.6807000000000001,,38.11181640625,0.669,0.679,0.701,0.7,0.654,0.67,0.677,0.704,0.677,0.676,1000,1000,1000,1000,1000,1000,1000,1000,1000,1000
0.05,krum_collusion,44,krum,0.3096,0.3096,0.3096,,56.902191162109375,0.311,0.299,0.333,0.32,0.299,0.306,0.281,0.312,0.323,0.312,1000,1000,1000,1000,1000,1000,1000,1000,1000,1000
0.05,krum_collusion,44,median,0.4541,0.4541,0.4541,,69.86300539970398,0.436,0.446,0.457,0.502,0.446,0.436,0.451,0.482,0.462,0.423,1000,1000,1000,1000,1000,1000,1000,1000,1000,1000
0.05,krum_collusion,44,trimmed_mean,0.4716,0.4716,0.4716,,107.51102471351624,0.486,0.468,0.483,0.491,0.448,0.473,0.46,0.469,0.484,0.454,1000,1000,1000,1000,1000,1000,1000,1000,1000,1000
0.05,krum_collusion,45,oracle_u,0.7106999999999999,0.7107,0.7106999999999999,fedavg|fltrust|fltrust|fltrust|fltrust|fltrust|fltrust|fltrust|fltrust|fltrust|fltrust|fltrust|fltrust|fltrust|fltrust,119.15901374816896,0.693,0.695,0.736,0.729,0.694,0.713,0.723,0.72,0.7,0.704,1000,1000,1000,1000,1000,1000,1000,1000,1000,1000
0.05,krum_collusion,45,oracle_w,0.7106999999999999,0.7107,0.7106999999999999,fedavg|fltrust|fltrust|fltrust|fltrust|fltrust|fltrust|fltrust|fltrust|fltrust|fltrust|fltrust|fltrust|fltrust|fltrust,62.53595304489136,0.693,0.695,0.736,0.729,0.694,0.713,0.723,0.72,0.7,0.704,1000,1000,1000,1000,1000,1000,1000,1000,1000,1000
0.05,krum_collusion,45,fixed,0.8044,0.8044,0.8044,,168.98841285705566,0.807,0.798,0.823,0.826,0.789,0.785,0.812,0.81,0.793,0.801,1000,1000,1000,1000,1000,1000,1000,1000,1000,1000
0.05,krum_collusion,45,sr_only,0.8046000000000001,0.8046,0.8046000000000001,,143.42857432365415,0.808,0.795,0.821,0.828,0.786,0.786,0.814,0.81,0.794,0.804,1000,1000,1000,1000,1000,1000,1000,1000,1000,1000
0.05,krum_collusion,45,td3_ref,0.8046,0.8046,0.8046,,161.39075922966003,0.806,0.794,0.823,0.829,0.784,0.784,0.816,0.815,0.793,0.802,1000,1000,1000,1000,1000,1000,1000,1000,1000,1000
0.05,krum_collusion,45,fltrust,0.6365000000000001,0.6365,0.6365000000000001,,50.04422688484192,0.628,0.606,0.659,0.658,0.624,0.633,0.651,0.663,0.63,0.613,1000,1000,1000,1000,1000,1000,1000,1000,1000,1000
0.05,krum_collusion,45,krum,0.311,0.311,0.311,,57.2374758720398,0.313,0.303,0.334,0.322,0.299,0.308,0.281,0.313,0.325,0.312,1000,1000,1000,1000,1000,1000,1000,1000,1000,1000
0.05,krum_collusion,45,median,0.4583,0.4583,0.4583,,24.125656843185425,0.441,0.451,0.461,0.505,0.449,0.445,0.458,0.483,0.465,0.425,1000,1000,1000,1000,1000,1000,1000,1000,1000,1000
0.05,krum_collusion,45,trimmed_mean,0.4742,0.4742,0.4742,,53.582751989364624,0.485,0.472,0.482,0.492,0.456,0.476,0.465,0.476,0.485,0.453,1000,1000,1000,1000,1000,1000,1000,1000,1000,1000
0.05,krum_collusion,46,oracle_u,0.6892,0.6892,0.6892,fedavg|fltrust|fltrust|fltrust|fltrust|fltrust|fltrust|fltrust|fltrust|fltrust|fltrust|fltrust|fltrust|fltrust|fltrust,96.83479118347168,0.674,0.676,0.707,0.716,0.678,0.69,0.684,0.709,0.67,0.688,1000,1000,1000,1000,1000,1000,1000,1000,1000,1000
0.05,krum_collusion,46,oracle_w,0.6892,0.6892,0.6892,fedavg|fltrust|fltrust|fltrust|fltrust|fltrust|fltrust|fltrust|fltrust|fltrust|fltrust|fltrust|fltrust|fltrust|fltrust,100.93620657920836,0.674,0.676,0.707,0.716,0.678,0.69,0.684,0.709,0.67,0.688,1000,1000,1000,1000,1000,1000,1000,1000,1000,1000
0.05,krum_collusion,46,fixed,0.8048,0.8048,0.8048,,165.29269313812256,0.812,0.795,0.821,0.829,0.784,0.786,0.812,0.813,0.793,0.803,1000,1000,1000,1000,1000,1000,1000,1000,1000,1000
0.05,krum_collusion,46,sr_only,0.8039000000000002,0.8039,0.8039000000000002,,145.4130082130432,0.81,0.794,0.82,0.827,0.787,0.784,0.81,0.812,0.795,0.8,1000,1000,1000,1000,1000,1000,1000,1000,1000,1000
0.05,krum_collusion,46,td3_ref,0.7977000000000001,0.7977,0.7977000000000001,,172.266624212265,0.801,0.784,0.809,0.819,0.78,0.779,0.813,0.812,0.781,0.799,1000,1000,1000,1000,1000,1000,1000,1000,1000,1000
0.05,krum_collusion,46,fltrust,0.6585000000000001,0.6585,0.6585000000000001,,71.48632264137268,0.653,0.65,0.676,0.698,0.636,0.656,0.648,0.671,0.647,0.65,1000,1000,1000,1000,1000,1000,1000,1000,1000,1000
0.05,krum_collusion,46,krum,0.3088,0.3088,0.3088,,21.64648175239563,0.311,0.299,0.331,0.32,0.298,0.306,0.281,0.31,0.322,0.31,1000,1000,1000,1000,1000,1000,1000,1000,1000,1000
0.05,krum_collusion,46,median,0.4558000000000001,0.4558,0.4558000000000001,,21.85778546333313,0.436,0.448,0.461,0.504,0.448,0.443,0.454,0.478,0.46,0.426,1000,1000,1000,1000,1000,1000,1000,1000,1000,1000
0.05,krum_collusion,46,trimmed_mean,0.4702,0.4702,0.4702,,28.79833030700684,0.482,0.463,0.484,0.488,0.45,0.469,0.461,0.472,0.481,0.452,1000,1000,1000,1000,1000,1000,1000,1000,1000,1000
0.05,krum_collusion,47,oracle_u,0.7124999999999999,0.7125,0.7124999999999999,fedavg|fltrust|clustering|fltrust|fltrust|fltrust|fltrust|fltrust|fltrust|fltrust|fltrust|clustering|fltrust|fltrust|fltrust,25.950284957885746,0.714,0.713,0.732,0.734,0.686,0.704,0.709,0.727,0.702,0.704,1000,1000,1000,1000,1000,1000,1000,1000,1000,1000
0.05,krum_collusion,47,oracle_w,0.7124999999999999,0.7125,0.7124999999999999,fedavg|fltrust|clustering|fltrust|fltrust|fltrust|fltrust|fltrust|fltrust|fltrust|fltrust|clustering|fltrust|fltrust|fltrust,25.238268613815308,0.714,0.713,0.732,0.734,0.686,0.704,0.709,0.727,0.702,0.704,1000,1000,1000,1000,1000,1000,1000,1000,1000,1000
0.05,krum_collusion,47,fixed,0.8044,0.8044,0.8044,,151.28138875961304,0.809,0.795,0.821,0.829,0.782,0.783,0.812,0.816,0.794,0.803,1000,1000,1000,1000,1000,1000,1000,1000,1000,1000
0.05,krum_collusion,47,sr_only,0.8035,0.8035,0.8035,,144.59849619865415,0.808,0.794,0.821,0.828,0.785,0.783,0.811,0.811,0.795,0.799,1000,1000,1000,1000,1000,1000,1000,1000,1000,1000
0.05,krum_collusion,47,td3_ref,0.8039000000000002,0.8039,0.8039000000000002,,154.4554500579834,0.81,0.793,0.82,0.829,0.779,0.783,0.814,0.817,0.791,0.803,1000,1000,1000,1000,1000,1000,1000,1000,1000,1000
0.05,krum_collusion,47,fltrust,0.6401,0.6401,0.6401,,78.86259698867798,0.633,0.629,0.653,0.684,0.624,0.633,0.644,0.655,0.622,0.624,1000,1000,1000,1000,1000,1000,1000,1000,1000,1000
0.05,krum_collusion,47,krum,0.3103,0.3103,0.3103,,134.79684400558472,0.312,0.302,0.333,0.321,0.299,0.31,0.281,0.311,0.324,0.31,1000,1000,1000,1000,1000,1000,1000,1000,1000,1000
0.05,krum_collusion,47,median,0.4573,0.4573,0.4573,,69.54076552391052,0.437,0.455,0.464,0.506,0.448,0.438,0.451,0.488,0.46,0.426,1000,1000,1000,1000,1000,1000,1000,1000,1000,1000
0.05,krum_collusion,47,trimmed_mean,0.4681999999999999,0.4682,0.4681999999999999,,21.498564958572388,0.481,0.463,0.483,0.488,0.446,0.469,0.456,0.465,0.48,0.451,1000,1000,1000,1000,1000,1000,1000,1000,1000,1000
0.05,krum_collusion,48,oracle_u,0.6776000000000001,0.6776,0.6776000000000001,fedavg|fltrust|fltrust|fltrust|fltrust|fltrust|fltrust|fltrust|fltrust|fltrust|fltrust|fltrust|fltrust|fltrust|fltrust,101.58998370170592,0.679,0.661,0.7,0.69,0.665,0.676,0.687,0.692,0.658,0.668,1000,1000,1000,1000,1000,1000,1000,1000,1000,1000
0.05,krum_collusion,48,oracle_w,0.6776000000000001,0.6776,0.6776000000000001,fedavg|fltrust|fltrust|fltrust|fltrust|fltrust|fltrust|fltrust|fltrust|fltrust|fltrust|fltrust|fltrust|fltrust|fltrust,76.73614525794983,0.679,0.661,0.7,0.69,0.665,0.676,0.687,0.692,0.658,0.668,1000,1000,1000,1000,1000,1000,1000,1000,1000,1000
0.05,krum_collusion,48,fixed,0.8055999999999999,0.8056,0.8055999999999999,,159.66042375564575,0.811,0.798,0.822,0.829,0.783,0.787,0.816,0.815,0.792,0.803,1000,1000,1000,1000,1000,1000,1000,1000,1000,1000
0.05,krum_collusion,48,sr_only,0.8038000000000001,0.8038,0.8038000000000001,,157.52492380142212,0.807,0.796,0.821,0.827,0.784,0.784,0.811,0.812,0.794,0.802,1000,1000,1000,1000,1000,1000,1000,1000,1000,1000
0.05,krum_collusion,48,td3_ref,0.8065,0.8065,0.8065,,168.76986956596377,0.811,0.801,0.822,0.829,0.784,0.786,0.817,0.816,0.794,0.805,1000,1000,1000,1000,1000,1000,1000,1000,1000,1000
0.05,krum_collusion,48,fltrust,0.5831999999999999,0.5832,0.5831999999999999,,43.40931844711304,0.582,0.573,0.597,0.603,0.551,0.578,0.592,0.604,0.588,0.564,1000,1000,1000,1000,1000,1000,1000,1000,1000,1000
0.05,krum_collusion,48,krum,0.3097,0.3097,0.3097,,21.828028917312626,0.311,0.3,0.333,0.32,0.299,0.305,0.281,0.313,0.324,0.311,1000,1000,1000,1000,1000,1000,1000,1000,1000,1000
0.05,krum_collusion,48,median,0.4510999999999999,0.4511,0.4510999999999999,,21.01245784759521,0.433,0.446,0.453,0.503,0.436,0.437,0.449,0.48,0.463,0.411,1000,1000,1000,1000,1000,1000,1000,1000,1000,1000
0.05,krum_collusion,48,trimmed_mean,0.4688,0.4688,0.4688,,103.78342318534852,0.48,0.468,0.48,0.489,0.441,0.472,0.457,0.469,0.478,0.454,1000,1000,1000,1000,1000,1000,1000,1000,1000,1000
0.05,krum_collusion,49,oracle_u,0.6949,0.6949,0.6949,fltrust|fltrust|fltrust|fltrust|fltrust|fltrust|fltrust|fltrust|fltrust|fltrust|fltrust|fltrust|fltrust|fltrust|fltrust,88.2652759552002,0.688,0.689,0.724,0.723,0.668,0.692,0.692,0.716,0.676,0.681,1000,1000,1000,1000,1000,1000,1000,1000,1000,1000
0.05,krum_collusion,49,oracle_w,0.6949,0.6949,0.6949,fltrust|fltrust|fltrust|fltrust|fltrust|fltrust|fltrust|fltrust|fltrust|fltrust|fltrust|fltrust|fltrust|fltrust|fltrust,27.66812753677368,0.688,0.689,0.724,0.723,0.668,0.692,0.692,0.716,0.676,0.681,1000,1000,1000,1000,1000,1000,1000,1000,1000,1000
0.05,krum_collusion,49,fixed,0.8046,0.8046,0.8046,,174.92884159088135,0.807,0.798,0.822,0.83,0.785,0.784,0.814,0.813,0.793,0.8,1000,1000,1000,1000,1000,1000,1000,1000,1000,1000
0.05,krum_collusion,49,sr_only,0.8055,0.8055,0.8055,,140.02142214775083,0.809,0.795,0.822,0.83,0.788,0.787,0.815,0.81,0.795,0.804,1000,1000,1000,1000,1000,1000,1000,1000,1000,1000
0.05,krum_collusion,49,td3_ref,0.8047000000000001,0.8047,0.8047000000000001,,153.91617584228516,0.808,0.796,0.821,0.832,0.785,0.783,0.814,0.813,0.793,0.802,1000,1000,1000,1000,1000,1000,1000,1000,1000,1000
0.05,krum_collusion,49,fltrust,0.6890000000000001,0.689,0.6890000000000001,,24.19182848930359,0.685,0.686,0.712,0.724,0.655,0.686,0.687,0.709,0.67,0.676,1000,1000,1000,1000,1000,1000,1000,1000,1000,1000
0.05,krum_collusion,49,krum,0.3094,0.3094,0.3094,,25.22946310043335,0.311,0.3,0.334,0.319,0.297,0.306,0.28,0.312,0.324,0.311,1000,1000,1000,1000,1000,1000,1000,1000,1000,1000
0.05,krum_collusion,49,median,0.4565,0.4565,0.4565,,65.10438871383667,0.436,0.451,0.461,0.502,0.444,0.439,0.453,0.485,0.466,0.428,1000,1000,1000,1000,1000,1000,1000,1000,1000,1000
0.05,krum_collusion,49,trimmed_mean,0.4669,0.4669,0.4669,,76.238694190979,0.481,0.462,0.479,0.484,0.441,0.469,0.456,0.466,0.48,0.451,1000,1000,1000,1000,1000,1000,1000,1000,1000,1000
0.05,krum_collusion,50,oracle_u,0.6629,0.6629,0.6629,fedavg|fltrust|fltrust|fltrust|fltrust|fltrust|fltrust|fltrust|fltrust|fltrust|fltrust|fltrust|fltrust|fltrust|fltrust,65.56223559379578,0.654,0.647,0.675,0.699,0.648,0.673,0.648,0.689,0.642,0.654,1000,1000,1000,1000,1000,1000,1000,1000,1000,1000
0.05,krum_collusion,50,oracle_w,0.6629,0.6629,0.6629,fedavg|fltrust|fltrust|fltrust|fltrust|fltrust|fltrust|fltrust|fltrust|fltrust|fltrust|fltrust|fltrust|fltrust|fltrust,86.94197249412537,0.654,0.647,0.675,0.699,0.648,0.673,0.648,0.689,0.642,0.654,1000,1000,1000,1000,1000,1000,1000,1000,1000,1000
0.05,krum_collusion,50,fixed,0.8049,0.8049,0.8049,,146.35319900512695,0.806,0.797,0.82,0.83,0.786,0.786,0.816,0.815,0.793,0.8,1000,1000,1000,1000,1000,1000,1000,1000,1000,1000
0.05,krum_collusion,50,sr_only,0.8043000000000001,0.8043,0.8043000000000001,,154.84455966949463,0.808,0.798,0.82,0.828,0.787,0.786,0.812,0.811,0.793,0.8,1000,1000,1000,1000,1000,1000,1000,1000,1000,1000
0.05,krum_collusion,50,td3_ref,0.8049,0.8049,0.8049,,163.2298641204834,0.809,0.788,0.821,0.828,0.788,0.787,0.817,0.818,0.791,0.802,1000,1000,1000,1000,1000,1000,1000,1000,1000,1000
0.05,krum_collusion,50,fltrust,0.6501,0.6501,0.6501,,26.23958444595337,0.642,0.647,0.667,0.693,0.637,0.647,0.637,0.671,0.626,0.634,1000,1000,1000,1000,1000,1000,1000,1000,1000,1000
0.05,krum_collusion,50,krum,0.3102,0.3102,0.3102,,25.5696074962616,0.312,0.302,0.331,0.319,0.3,0.306,0.282,0.313,0.325,0.312,1000,1000,1000,1000,1000,1000,1000,1000,1000,1000
0.05,krum_collusion,50,median,0.4574,0.4574,0.4574,,102.5550901889801,0.436,0.454,0.461,0.505,0.447,0.441,0.457,0.486,0.463,0.424,1000,1000,1000,1000,1000,1000,1000,1000,1000,1000
0.05,krum_collusion,50,trimmed_mean,0.4779000000000001,0.4779,0.4779000000000001,,131.3250801563263,0.488,0.479,0.489,0.495,0.46,0.474,0.469,0.48,0.489,0.456,1000,1000,1000,1000,1000,1000,1000,1000,1000,1000
0.05,krum_collusion,51,oracle_u,0.7046,0.7046,0.7046,fedavg|fltrust|fltrust|fedprox|fltrust|fltrust|fltrust|fltrust|fedprox|fltrust|fltrust|fltrust|fltrust|fedprox|fltrust,23.79656219482422,0.718,0.699,0.725,0.727,0.685,0.699,0.699,0.712,0.679,0.703,1000,1000,1000,1000,1000,1000,1000,1000,1000,1000
0.05,krum_collusion,51,oracle_w,0.7046,0.7046,0.7046,fedavg|fltrust|fltrust|fedprox|fltrust|fltrust|fltrust|fltrust|fedprox|fltrust|fltrust|fltrust|fltrust|fedprox|fltrust,83.07946848869324,0.718,0.699,0.725,0.727,0.685,0.699,0.699,0.712,0.679,0.703,1000,1000,1000,1000,1000,1000,1000,1000,1000,1000
0.05,krum_collusion,51,fixed,0.805,0.805,0.805,,164.9298770427704,0.809,0.794,0.817,0.831,0.787,0.785,0.813,0.817,0.792,0.805,1000,1000,1000,1000,1000,1000,1000,1000,1000,1000
0.05,krum_collusion,51,sr_only,0.8042999999999999,0.8043,0.8042999999999999,,134.27875018119812,0.808,0.797,0.82,0.827,0.784,0.786,0.814,0.81,0.795,0.802,1000,1000,1000,1000,1000,1000,1000,1000,1000,1000
0.05,krum_collusion,51,td3_ref,0.8067,0.8067,0.8067,,156.34264731407166,0.805,0.796,0.819,0.831,0.787,0.788,0.82,0.818,0.791,0.812,1000,1000,1000,1000,1000,1000,1000,1000,1000,1000
0.05,krum_collusion,51,fltrust,0.6019,0.6019,0.6019,,23.798776865005493,0.596,0.6,0.629,0.622,0.568,0.584,0.595,0.623,0.592,0.61,1000,1000,1000,1000,1000,1000,1000,1000,1000,1000
0.05,krum_collusion,51,krum,0.3103,0.3103,0.3103,,25.239582061767575,0.312,0.301,0.331,0.321,0.299,0.308,0.281,0.313,0.325,0.312,1000,1000,1000,1000,1000,1000,1000,1000,1000,1000
0.05,krum_collusion,51,median,0.4512,0.4512,0.4512,,26.386849641799927,0.436,0.445,0.452,0.503,0.44,0.434,0.446,0.478,0.457,0.421,1000,1000,1000,1000,1000,1000,1000,1000,1000,1000
0.05,krum_collusion,51,trimmed_mean,0.4774,0.4774,0.4774,,27.12876009941101,0.49,0.48,0.488,0.495,0.455,0.48,0.463,0.476,0.489,0.458,1000,1000,1000,1000,1000,1000,1000,1000,1000,1000
0.1,krum_collusion,42,oracle_u,0.7377999999999999,0.7378,0.7377999999999999,fedavg|fltrust|fltrust|fedprox|fltrust|fedavg|fltrust|fltrust|fltrust|fltrust|fltrust|fltrust|fltrust|fltrust|fltrust,28.714257955551147,0.732,0.714,0.765,0.725,0.743,0.728,0.733,0.752,0.736,0.75,1000,1000,1000,1000,1000,1000,1000,1000,1000,1000
0.1,krum_collusion,42,oracle_w,0.7377999999999999,0.7378,0.7377999999999999,fedavg|fltrust|fltrust|fedprox|fltrust|fedavg|fltrust|fltrust|fltrust|fltrust|fltrust|fltrust|fltrust|fltrust|fltrust,45.78963303565979,0.732,0.714,0.765,0.725,0.743,0.728,0.733,0.752,0.736,0.75,1000,1000,1000,1000,1000,1000,1000,1000,1000,1000
0.1,krum_collusion,42,fixed,0.8446,0.8446,0.8446,,138.72161173820496,0.855,0.835,0.856,0.825,0.832,0.832,0.839,0.865,0.847,0.86,1000,1000,1000,1000,1000,1000,1000,1000,1000,1000
0.1,krum_collusion,42,sr_only,0.8385999999999999,0.8386,0.8385999999999999,,127.33906197547913,0.848,0.833,0.845,0.813,0.827,0.828,0.838,0.86,0.837,0.857,1000,1000,1000,1000,1000,1000,1000,1000,1000,1000
0.1,krum_collusion,42,td3_ref,0.8436999999999999,0.8437,0.8436999999999999,,146.84146118164062,0.846,0.845,0.857,0.824,0.839,0.832,0.836,0.861,0.847,0.85,1000,1000,1000,1000,1000,1000,1000,1000,1000,1000
0.1,krum_collusion,42,fltrust,0.5961,0.5961,0.5961,,35.95374846458435,0.591,0.6,0.63,0.574,0.605,0.571,0.604,0.605,0.567,0.614,1000,1000,1000,1000,1000,1000,1000,1000,1000,1000
0.1,krum_collusion,42,krum,0.194,0.194,0.194,,36.44795060157776,0.208,0.189,0.202,0.182,0.208,0.182,0.204,0.193,0.188,0.184,1000,1000,1000,1000,1000,1000,1000,1000,1000,1000
0.1,krum_collusion,42,median,0.4192999999999999,0.4193,0.4192999999999999,,33.57921004295349,0.425,0.406,0.448,0.393,0.442,0.402,0.413,0.437,0.404,0.423,1000,1000,1000,1000,1000,1000,1000,1000,1000,1000
0.1,krum_collusion,42,trimmed_mean,0.4256,0.4256,0.4256,,32.090940952301025,0.431,0.42,0.439,0.403,0.433,0.411,0.419,0.447,0.437,0.416,1000,1000,1000,1000,1000,1000,1000,1000,1000,1000
0.1,krum_collusion,43,oracle_u,0.7539,0.7539,0.7539,fedavg|fltrust|fltrust|fedprox|fltrust|fedavg|fltrust|fltrust|fltrust|fltrust|fltrust|fltrust|fltrust|fltrust|fltrust,47.80235576629639,0.742,0.744,0.773,0.746,0.758,0.732,0.748,0.781,0.742,0.773,1000,1000,1000,1000,1000,1000,1000,1000,1000,1000
0.1,krum_collusion,43,oracle_w,0.7539,0.7539,0.7539,fedavg|fltrust|fltrust|fedprox|fltrust|fedavg|fltrust|fltrust|fltrust|fltrust|fltrust|fltrust|fltrust|fltrust|fltrust,28.50464773178101,0.742,0.744,0.773,0.746,0.758,0.732,0.748,0.781,0.742,0.773,1000,1000,1000,1000,1000,1000,1000,1000,1000,1000
0.1,krum_collusion,43,fixed,0.8418000000000001,0.8418,0.8418000000000001,,189.29595518112183,0.839,0.84,0.859,0.821,0.836,0.829,0.829,0.861,0.851,0.853,1000,1000,1000,1000,1000,1000,1000,1000,1000,1000
0.1,krum_collusion,43,sr_only,0.8314999999999999,0.8315,0.8314999999999999,,166.7798614501953,0.842,0.822,0.833,0.804,0.822,0.821,0.831,0.856,0.834,0.85,1000,1000,1000,1000,1000,1000,1000,1000,1000,1000
0.1,krum_collusion,43,td3_ref,0.8007,0.8007,0.8007,,188.63572525978088,0.802,0.807,0.806,0.777,0.785,0.8,0.799,0.82,0.804,0.807,1000,1000,1000,1000,1000,1000,1000,1000,1000,1000
0.1,krum_collusion,43,fltrust,0.6372000000000001,0.6372,0.6372000000000001,,50.02305579185486,0.635,0.635,0.655,0.621,0.635,0.615,0.648,0.645,0.615,0.668,1000,1000,1000,1000,1000,1000,1000,1000,1000,1000
0.1,krum_collusion,43,krum,0.1945,0.1945,0.1945,,52.26581716537476,0.208,0.192,0.204,0.182,0.208,0.184,0.203,0.193,0.187,0.184,1000,1000,1000,1000,1000,1000,1000,1000,1000,1000
0.1,krum_collusion,43,median,0.4171,0.4171,0.4171,,36.85872936248779,0.423,0.405,0.443,0.393,0.44,0.402,0.409,0.435,0.4,0.421,1000,1000,1000,1000,1000,1000,1000,1000,1000,1000
0.1,krum_collusion,43,trimmed_mean,0.4271,0.4271,0.4271,,27.98638939857483,0.435,0.422,0.443,0.402,0.436,0.415,0.416,0.445,0.438,0.419,1000,1000,1000,1000,1000,1000,1000,1000,1000,1000
0.1,krum_collusion,44,oracle_u,0.7975,0.7975,0.7975,fedavg|clustering|fedavg|fltrust|fedprox|fltrust|fltrust|fltrust|fltrust|fltrust|fltrust|fltrust|fltrust|fltrust|fltrust,42.04803824424744,0.801,0.789,0.813,0.789,0.801,0.768,0.787,0.815,0.792,0.82,1000,1000,1000,1000,1000,1000,1000,1000,1000,1000
0.1,krum_collusion,44,oracle_w,0.7975,0.7975,0.7975,fedavg|clustering|fedavg|fltrust|fedprox|fltrust|fltrust|fltrust|fltrust|fltrust|fltrust|fltrust|fltrust|fltrust|fltrust,54.44154405593872,0.801,0.789,0.813,0.789,0.801,0.768,0.787,0.815,0.792,0.82,1000,1000,1000,1000,1000,1000,1000,1000,1000,1000
0.1,krum_collusion,44,fixed,0.841,0.841,0.841,,160.80899333953855,0.838,0.84,0.855,0.821,0.835,0.83,0.829,0.861,0.849,0.852,1000,1000,1000,1000,1000,1000,1000,1000,1000,1000
0.1,krum_collusion,44,sr_only,0.8252,0.8252,0.8252,,150.50836157798767,0.83,0.816,0.826,0.795,0.82,0.819,0.827,0.85,0.83,0.839,1000,1000,1000,1000,1000,1000,1000,1000,1000,1000
0.1,krum_collusion,44,td3_ref,0.8423999999999999,0.8424,0.8423999999999999,,185.8231554031372,0.839,0.841,0.859,0.822,0.836,0.829,0.829,0.862,0.853,0.854,1000,1000,1000,1000,1000,1000,1000,1000,1000,1000
0.1,krum_collusion,44,fltrust,0.6099,0.6099,0.6099,,122.66493058204652,0.606,0.604,0.635,0.597,0.61,0.588,0.622,0.621,0.585,0.631,1000,1000,1000,1000,1000,1000,1000,1000,1000,1000
0.1,krum_collusion,44,krum,0.1937,0.1937,0.1937,,142.01068949699402,0.207,0.189,0.202,0.182,0.208,0.181,0.204,0.193,0.187,0.184,1000,1000,1000,1000,1000,1000,1000,1000,1000,1000
0.1,krum_collusion,44,median,0.4239,0.4239,0.4239,,30.34832072257996,0.429,0.414,0.457,0.399,0.442,0.408,0.414,0.443,0.403,0.43,1000,1000,1000,1000,1000,1000,1000,1000,1000,1000
0.1,krum_collusion,44,trimmed_mean,0.4289,0.4289,0.4289,,39.66511678695679,0.434,0.425,0.444,0.402,0.438,0.415,0.421,0.451,0.439,0.42,1000,1000,1000,1000,1000,1000,1000,1000,1000,1000
0.1,krum_collusion,45,oracle_u,0.7715000000000001,0.7715,0.7715000000000001,fedavg|fltrust|fedprox|fltrust|fedavg|fltrust|fltrust|fltrust|fltrust|fltrust|fltrust|fltrust|fltrust|fltrust|fltrust,23.765080213546756,0.774,0.764,0.788,0.762,0.781,0.761,0.756,0.779,0.77,0.78,1000,1000,1000,1000,1000,1000,1000,1000,1000,1000
0.1,krum_collusion,45,oracle_w,0.7715000000000001,0.7715,0.7715000000000001,fedavg|fltrust|fedprox|fltrust|fedavg|fltrust|fltrust|fltrust|fltrust|fltrust|fltrust|fltrust|fltrust|fltrust|fltrust,68.13901853561401,0.774,0.764,0.788,0.762,0.781,0.761,0.756,0.779,0.77,0.78,1000,1000,1000,1000,1000,1000,1000,1000,1000,1000
0.1,krum_collusion,45,fixed,0.844,0.844,0.844,,144.95437216758728,0.841,0.845,0.861,0.826,0.838,0.829,0.831,0.862,0.853,0.854,1000,1000,1000,1000,1000,1000,1000,1000,1000,1000
0.1,krum_collusion,45,sr_only,0.8380999999999998,0.8381,0.8380999999999998,,146.34895300865173,0.848,0.832,0.844,0.815,0.83,0.824,0.836,0.858,0.837,0.857,1000,1000,1000,1000,1000,1000,1000,1000,1000,1000
0.1,krum_collusion,45,td3_ref,0.8398,0.8398,0.8398,,171.38231444358826,0.841,0.845,0.851,0.823,0.83,0.828,0.828,0.858,0.843,0.851,1000,1000,1000,1000,1000,1000,1000,1000,1000,1000
0.1,krum_collusion,45,fltrust,0.6590999999999999,0.6591,0.6590999999999999,,33.90702223777771,0.654,0.667,0.675,0.637,0.657,0.646,0.663,0.67,0.645,0.677,1000,1000,1000,1000,1000,1000,1000,1000,1000,1000
0.1,krum_collusion,45,krum,0.1942,0.1942,0.1942,,82.91045475006104,0.207,0.19,0.204,0.182,0.208,0.183,0.204,0.193,0.187,0.184,1000,1000,1000,1000,1000,1000,1000,1000,1000,1000
0.1,krum_collusion,45,median,0.4185999999999999,0.4186,0.4185999999999999,,78.93826627731323,0.422,0.405,0.454,0.392,0.442,0.402,0.413,0.434,0.4,0.422,1000,1000,1000,1000,1000,1000,1000,1000,1000,1000
0.1,krum_collusion,45,trimmed_mean,0.4271,0.4271,0.4271,,58.43108749389648,0.43,0.423,0.445,0.399,0.437,0.416,0.416,0.451,0.436,0.418,1000,1000,1000,1000,1000,1000,1000,1000,1000,1000
0.1,krum_collusion,46,oracle_u,0.7613,0.7613,0.7613,fedavg|fedavg|fltrust|fltrust|fedprox|fltrust|fltrust|fltrust|fltrust|fltrust|fltrust|fltrust|fltrust|fltrust|fltrust,30.25847268104553,0.761,0.764,0.786,0.754,0.768,0.728,0.744,0.78,0.752,0.776,1000,1000,1000,1000,1000,1000,1000,1000,1000,1000
0.1,krum_collusion,46,oracle_w,0.7613,0.7613,0.7613,fedavg|fedavg|fltrust|fltrust|fedprox|fltrust|fltrust|fltrust|fltrust|fltrust|fltrust|fltrust|fltrust|fltrust|fltrust,75.29510498046875,0.761,0.764,0.786,0.754,0.768,0.728,0.744,0.78,0.752,0.776,1000,1000,1000,1000,1000,1000,1000,1000,1000,1000
0.1,krum_collusion,46,fixed,0.8440999999999999,0.8441,0.8440999999999999,,178.39624857902527,0.857,0.834,0.853,0.824,0.835,0.831,0.837,0.865,0.85,0.855,1000,1000,1000,1000,1000,1000,1000,1000,1000,1000
0.1,krum_collusion,46,sr_only,0.8289,0.8289,0.8289,,134.05224633216858,0.84,0.819,0.831,0.8,0.822,0.817,0.826,0.855,0.831,0.848,1000,1000,1000,1000,1000,1000,1000,1000,1000,1000
0.1,krum_collusion,46,td3_ref,0.8272,0.8272,0.8272,,159.87488055229187,0.838,0.82,0.826,0.81,0.818,0.832,0.814,0.847,0.83,0.837,1000,1000,1000,1000,1000,1000,1000,1000,1000,1000
0.1,krum_collusion,46,fltrust,0.5549,0.5549,0.5549,,26.02847623825073,0.544,0.57,0.568,0.531,0.569,0.526,0.548,0.573,0.552,0.568,1000,1000,1000,1000,1000,1000,1000,1000,1000,1000
0.1,krum_collusion,46,krum,0.194,0.194,0.194,,21.393181085586548,0.207,0.189,0.204,0.182,0.208,0.183,0.204,0.192,0.187,0.184,1000,1000,1000,1000,1000,1000,1000,1000,1000,1000
0.1,krum_collusion,46,median,0.4226,0.4226,0.4226,,64.05538606643677,0.426,0.405,0.454,0.393,0.447,0.405,0.417,0.445,0.41,0.424,1000,1000,1000,1000,1000,1000,1000,1000,1000,1000
0.1,krum_collusion,46,trimmed_mean,0.4296999999999999,0.4297,0.4296999999999999,,69.51249861717224,0.433,0.424,0.448,0.404,0.44,0.417,0.418,0.449,0.441,0.423,1000,1000,1000,1000,1000,1000,1000,1000,1000,1000
0.1,krum_collusion,47,oracle_u,0.7494999999999999,0.7495,0.7494999999999999,fedavg|fltrust|fedprox|fltrust|fltrust|fltrust|fltrust|fltrust|fltrust|fltrust|fltrust|fltrust|fltrust|fltrust|fltrust,108.82548236846924,0.74,0.744,0.772,0.74,0.752,0.735,0.737,0.764,0.749,0.762,1000,1000,1000,1000,1000,1000,1000,1000,1000,1000
0.1,krum_collusion,47,oracle_w,0.7494999999999999,0.7495,0.7494999999999999,fedavg|fltrust|fedprox|fltrust|fltrust|fltrust|fltrust|fltrust|fltrust|fltrust|fltrust|fltrust|fltrust|fltrust|fltrust,93.01770973205566,0.74,0.744,0.772,0.74,0.752,0.735,0.737,0.764,0.749,0.762,1000,1000,1000,1000,1000,1000,1000,1000,1000,1000
0.1,krum_collusion,47,fixed,0.8431999999999998,0.8432,0.8431999999999998,,154.34820771217346,0.855,0.832,0.849,0.821,0.833,0.833,0.837,0.865,0.85,0.857,1000,1000,1000,1000,1000,1000,1000,1000,1000,1000
0.1,krum_collusion,47,sr_only,0.8286,0.8286,0.8286,,134.6211268901825,0.84,0.821,0.831,0.801,0.82,0.817,0.825,0.854,0.831,0.846,1000,1000,1000,1000,1000,1000,1000,1000,1000,1000
0.1,krum_collusion,47,td3_ref,0.8337999999999999,0.8338,0.8337999999999999,,168.68018341064453,0.832,0.826,0.842,0.809,0.837,0.822,0.827,0.859,0.835,0.849,1000,1000,1000,1000,1000,1000,1000,1000,1000,1000
0.1,krum_collusion,47,fltrust,0.6592,0.6592,0.6592,,24.41410493850708,0.655,0.665,0.682,0.638,0.66,0.65,0.658,0.676,0.64,0.668,1000,1000,1000,1000,1000,1000,1000,1000,1000,1000
0.1,krum_collusion,47,krum,0.194,0.194,0.194,,31.141075372695923,0.208,0.189,0.202,0.182,0.208,0.183,0.204,0.193,0.187,0.184,1000,1000,1000,1000,1000,1000,1000,1000,1000,1000
0.1,krum_collusion,47,median,0.4206,0.4206,0.4206,,62.84523677825928,0.425,0.412,0.449,0.395,0.445,0.403,0.415,0.435,0.402,0.425,1000,1000,1000,1000,1000,1000,1000,1000,1000,1000
0.1,krum_collusion,47,trimmed_mean,0.4282,0.4282,0.4282,,127.5456886291504,0.435,0.422,0.441,0.403,0.437,0.417,0.419,0.45,0.439,0.419,1000,1000,1000,1000,1000,1000,1000,1000,1000,1000
0.1,krum_collusion,48,oracle_u,0.7769,0.7769,0.7769,fedavg|fltrust|fedavg|fltrust|fltrust|fedprox|fltrust|fltrust|fltrust|fltrust|fltrust|fltrust|fltrust|fltrust|fltrust,68.40126943588257,0.773,0.799,0.796,0.755,0.772,0.751,0.77,0.79,0.774,0.789,1000,1000,1000,1000,1000,1000,1000,1000,1000,1000
0.1,krum_collusion,48,oracle_w,0.7769,0.7769,0.7769,fedavg|fltrust|fedavg|fltrust|fltrust|fedprox|fltrust|fltrust|fltrust|fltrust|fltrust|fltrust|fltrust|fltrust|fltrust,77.0158965587616,0.773,0.799,0.796,0.755,0.772,0.751,0.77,0.79,0.774,0.789,1000,1000,1000,1000,1000,1000,1000,1000,1000,1000
0.1,krum_collusion,48,fixed,0.8407,0.8407,0.8407,,168.83568572998047,0.837,0.842,0.853,0.821,0.838,0.828,0.828,0.859,0.848,0.853,1000,1000,1000,1000,1000,1000,1000,1000,1000,1000
0.1,krum_collusion,48,sr_only,0.8290999999999998,0.8291,0.8290999999999998,,145.4883372783661,0.842,0.821,0.831,0.802,0.821,0.817,0.825,0.854,0.831,0.847,1000,1000,1000,1000,1000,1000,1000,1000,1000,1000
0.1,krum_collusion,48,td3_ref,0.841,0.841,0.841,,159.3368456363678,0.836,0.842,0.854,0.82,0.836,0.83,0.83,0.86,0.849,0.853,1000,1000,1000,1000,1000,1000,1000,1000,1000,1000
0.1,krum_collusion,48,fltrust,0.6378,0.6378,0.6378,,23.322911739349365,0.63,0.657,0.657,0.62,0.643,0.622,0.607,0.659,0.638,0.645,1000,1000,1000,1000,1000,1000,1000,1000,1000,1000
0.1,krum_collusion,48,krum,0.194,0.194,0.194,,21.87414813041687,0.207,0.19,0.202,0.182,0.208,0.183,0.204,0.193,0.187,0.184,1000,1000,1000,1000,1000,1000,1000,1000,1000,1000
0.1,krum_collusion,48,median,0.4246999999999999,0.4247,0.4246999999999999,,73.49513125419617,0.43,0.41,0.457,0.401,0.446,0.404,0.417,0.444,0.407,0.431,1000,1000,1000,1000,1000,1000,1000,1000,1000,1000
0.1,krum_collusion,48,trimmed_mean,0.4284,0.4284,0.4284,,22.197876930236816,0.435,0.423,0.444,0.398,0.438,0.418,0.42,0.448,0.44,0.42,1000,1000,1000,1000,1000,1000,1000,1000,1000,1000
0.1,krum_collusion,49,oracle_u,0.7167999999999999,0.7168,0.7167999999999999,fedavg|fltrust|fltrust|fedavg|fltrust|fltrust|fltrust|fltrust|fltrust|fltrust|fltrust|fltrust|median|fltrust|fltrust,47.42503023147583,0.708,0.724,0.745,0.686,0.724,0.705,0.704,0.733,0.707,0.732,1000,1000,1000,1000,1000,1000,1000,1000,1000,1000
0.1,krum_collusion,49,oracle_w,0.7167999999999999,0.7168,0.7167999999999999,fedavg|fltrust|fltrust|fedavg|fltrust|fltrust|fltrust|fltrust|fltrust|fltrust|fltrust|fltrust|median|fltrust|fltrust,52.8103768825531,0.708,0.724,0.745,0.686,0.724,0.705,0.704,0.733,0.707,0.732,1000,1000,1000,1000,1000,1000,1000,1000,1000,1000
0.1,krum_collusion,49,fixed,0.8427999999999999,0.8428,0.8427999999999999,,157.9594368934631,0.839,0.841,0.86,0.823,0.837,0.83,0.829,0.863,0.854,0.852,1000,1000,1000,1000,1000,1000,1000,1000,1000,1000
0.1,krum_collusion,49,sr_only,0.8309,0.8309,0.8309,,136.94181847572327,0.839,0.822,0.832,0.806,0.824,0.82,0.83,0.855,0.834,0.847,1000,1000,1000,1000,1000,1000,1000,1000,1000,1000
0.1,krum_collusion,49,td3_ref,0.8437000000000001,0.8437,0.8437000000000001,,164.27375745773315,0.84,0.843,0.861,0.824,0.838,0.832,0.83,0.862,0.854,0.853,1000,1000,1000,1000,1000,1000,1000,1000,1000,1000
0.1,krum_collusion,49,fltrust,0.6256999999999999,0.6257,0.6256999999999999,,96.55093669891356,0.625,0.625,0.656,0.595,0.624,0.618,0.614,0.649,0.611,0.64,1000,1000,1000,1000,1000,1000,1000,1000,1000,1000
0.1,krum_collusion,49,krum,0.1936,0.1936,0.1936,,93.07024955749512,0.207,0.189,0.202,0.181,0.208,0.181,0.204,0.193,0.187,0.184,1000,1000,1000,1000,1000,1000,1000,1000,1000,1000
0.1,krum_collusion,49,median,0.4184,0.4184,0.4184,,22.61616277694702,0.423,0.405,0.445,0.394,0.44,0.405,0.411,0.438,0.402,0.421,1000,1000,1000,1000,1000,1000,1000,1000,1000,1000
0.1,krum_collusion,49,trimmed_mean,0.4305,0.4305,0.4305,,54.61638641357422,0.439,0.426,0.445,0.405,0.44,0.418,0.42,0.451,0.439,0.422,1000,1000,1000,1000,1000,1000,1000,1000,1000,1000
0.1,krum_collusion,50,oracle_u,0.7427,0.7427,0.7427,fedavg|fltrust|fltrust|fedprox|fltrust|fltrust|fltrust|fltrust|fltrust|fltrust|fltrust|fltrust|fltrust|fltrust|fltrust,58.91216850280762,0.732,0.732,0.766,0.728,0.756,0.723,0.734,0.758,0.742,0.756,1000,1000,1000,1000,1000,1000,1000,1000,1000,1000
0.1,krum_collusion,50,oracle_w,0.7427,0.7427,0.7427,fedavg|fltrust|fltrust|fedprox|fltrust|fltrust|fltrust|fltrust|fltrust|fltrust|fltrust|fltrust|fltrust|fltrust|fltrust,78.77823877334595,0.732,0.732,0.766,0.728,0.756,0.723,0.734,0.758,0.742,0.756,1000,1000,1000,1000,1000,1000,1000,1000,1000,1000
0.1,krum_collusion,50,fixed,0.8438000000000001,0.8438,0.8438000000000001,,153.52007579803467,0.855,0.832,0.851,0.829,0.83,0.831,0.838,0.865,0.849,0.858,1000,1000,1000,1000,1000,1000,1000,1000,1000,1000
0.1,krum_collusion,50,sr_only,0.8303999999999998,0.8304,0.8303999999999998,,125.09533262252808,0.84,0.823,0.834,0.802,0.821,0.819,0.83,0.854,0.832,0.849,1000,1000,1000,1000,1000,1000,1000,1000,1000,1000
0.1,krum_collusion,50,td3_ref,0.8386000000000001,0.8386,0.8386000000000001,,156.6517949104309,0.842,0.83,0.847,0.814,0.835,0.832,0.832,0.863,0.836,0.855,1000,1000,1000,1000,1000,1000,1000,1000,1000,1000
0.1,krum_collusion,50,fltrust,0.6492000000000001,0.6492,0.6492000000000001,,33.11612105369568,0.651,0.637,0.685,0.634,0.665,0.621,0.657,0.657,0.617,0.668,1000,1000,1000,1000,1000,1000,1000,1000,1000,1000
0.1,krum_collusion,50,krum,0.1939,0.1939,0.1939,,52.14078402519226,0.207,0.19,0.202,0.182,0.208,0.182,0.204,0.193,0.187,0.184,1000,1000,1000,1000,1000,1000,1000,1000,1000,1000
0.1,krum_collusion,50,median,0.4221999999999999,0.4222,0.4221999999999999,,84.68894243240356,0.433,0.41,0.451,0.395,0.444,0.404,0.419,0.438,0.401,0.427,1000,1000,1000,1000,1000,1000,1000,1000,1000,1000
0.1,krum_collusion,50,trimmed_mean,0.4269999999999999,0.427,0.4269999999999999,,21.376554012298584,0.431,0.423,0.444,0.4,0.436,0.415,0.415,0.451,0.436,0.419,1000,1000,1000,1000,1000,1000,1000,1000,1000,1000
0.1,krum_collusion,51,oracle_u,0.7304,0.7304,0.7304,fedavg|fltrust|fltrust|fedprox|fltrust|fltrust|fltrust|fltrust|fltrust|fltrust|fltrust|fltrust|fltrust|fltrust|fltrust,34.26180934906006,0.724,0.735,0.756,0.711,0.737,0.704,0.723,0.75,0.721,0.743,1000,1000,1000,1000,1000,1000,1000,1000,1000,1000
0.1,krum_collusion,51,oracle_w,0.7304,0.7304,0.7304,fedavg|fltrust|fltrust|fedprox|fltrust|fltrust|fltrust|fltrust|fltrust|fltrust|fltrust|fltrust|fltrust|fltrust|fltrust,25.26105737686157,0.724,0.735,0.756,0.711,0.737,0.704,0.723,0.75,0.721,0.743,1000,1000,1000,1000,1000,1000,1000,1000,1000,1000
0.1,krum_collusion,51,fixed,0.8473,0.8473,0.8473,,179.04779171943665,0.856,0.837,0.859,0.828,0.838,0.835,0.84,0.868,0.851,0.861,1000,1000,1000,1000,1000,1000,1000,1000,1000,1000
0.1,krum_collusion,51,sr_only,0.8300000000000001,0.83,0.8300000000000001,,145.94444274902344,0.84,0.821,0.832,0.806,0.823,0.817,0.827,0.852,0.833,0.849,1000,1000,1000,1000,1000,1000,1000,1000,1000,1000
0.1,krum_collusion,51,td3_ref,0.837,0.837,0.837,,158.98209357261658,0.84,0.833,0.838,0.812,0.831,0.827,0.833,0.863,0.839,0.854,1000,1000,1000,1000,1000,1000,1000,1000,1000,1000
0.1,krum_collusion,51,fltrust,0.6239999999999999,0.624,0.6239999999999999,,56.26243591308594,0.615,0.623,0.65,0.596,0.633,0.598,0.624,0.636,0.616,0.649,1000,1000,1000,1000,1000,1000,1000,1000,1000,1000
0.1,krum_collusion,51,krum,0.1938,0.1938,0.1938,,110.2516508102417,0.207,0.189,0.202,0.182,0.208,0.182,0.204,0.193,0.187,0.184,1000,1000,1000,1000,1000,1000,1000,1000,1000,1000
0.1,krum_collusion,51,median,0.4186999999999999,0.4187,0.4186999999999999,,34.581923484802246,0.424,0.405,0.455,0.392,0.441,0.402,0.413,0.434,0.402,0.419,1000,1000,1000,1000,1000,1000,1000,1000,1000,1000
0.1,krum_collusion,51,trimmed_mean,0.426,0.426,0.426,,26.302958250045776,0.433,0.426,0.442,0.402,0.433,0.412,0.417,0.445,0.434,0.416,1000,1000,1000,1000,1000,1000,1000,1000,1000,1000
0.5,krum_collusion,42,oracle_u,0.8901000000000001,0.8901,0.8901000000000001,krum|clustering|clustering|clustering|clustering|clustering|fedavg|fedavg|fltrust|fltrust|fedavg|fltrust|fedavg|fedavg|fedavg,35.21855473518372,0.903,0.911,0.884,0.903,0.88,0.885,0.902,0.872,0.881,0.88,1000,1000,1000,1000,1000,1000,1000,1000,1000,1000
0.5,krum_collusion,42,oracle_w,0.8901000000000001,0.8901,0.8901000000000001,krum|clustering|clustering|clustering|clustering|clustering|fedavg|fedavg|fltrust|fltrust|fedavg|fltrust|fedavg|fedavg|fedavg,30.691002130508423,0.903,0.911,0.884,0.903,0.88,0.885,0.902,0.872,0.881,0.88,1000,1000,1000,1000,1000,1000,1000,1000,1000,1000
0.5,krum_collusion,42,fixed,0.8963999999999999,0.8964,0.8963999999999999,,136.99682354927063,0.907,0.908,0.889,0.907,0.888,0.897,0.909,0.881,0.889,0.889,1000,1000,1000,1000,1000,1000,1000,1000,1000,1000
0.5,krum_collusion,42,sr_only,0.8953,0.8953,0.8953,,127.3286678791046,0.906,0.91,0.889,0.906,0.887,0.889,0.909,0.881,0.889,0.887,1000,1000,1000,1000,1000,1000,1000,1000,1000,1000
0.5,krum_collusion,42,td3_ref,0.8961,0.8961,0.8961,,148.61388683319092,0.907,0.908,0.889,0.907,0.887,0.895,0.909,0.881,0.887,0.891,1000,1000,1000,1000,1000,1000,1000,1000,1000,1000
0.5,krum_collusion,42,fltrust,0.7922,0.7922,0.7922,,29.5251567363739,0.813,0.796,0.803,0.818,0.781,0.785,0.795,0.767,0.788,0.776,1000,1000,1000,1000,1000,1000,1000,1000,1000,1000
0.5,krum_collusion,42,krum,0.8432999999999999,0.8433,0.8432999999999999,,51.00052666664124,0.854,0.863,0.847,0.858,0.843,0.844,0.852,0.811,0.829,0.832,1000,1000,1000,1000,1000,1000,1000,1000,1000,1000
0.5,krum_collusion,42,median,0.8617000000000001,0.8617,0.8617000000000001,,35.69252586364746,0.88,0.864,0.864,0.878,0.853,0.866,0.869,0.851,0.844,0.848,1000,1000,1000,1000,1000,1000,1000,1000,1000,1000
0.5,krum_collusion,42,trimmed_mean,0.8789,0.8789,0.8789,,28.21911144256592,0.893,0.891,0.875,0.894,0.869,0.876,0.889,0.87,0.867,0.865,1000,1000,1000,1000,1000,1000,1000,1000,1000,1000
0.5,krum_collusion,43,oracle_u,0.8916000000000002,0.8916,0.8916000000000002,krum|clustering|clustering|clustering|clustering|clustering|fedavg|fedavg|fedavg|fedavg|fedavg|fedavg|fedavg|fedavg|fedavg,45.30565643310547,0.904,0.912,0.885,0.906,0.882,0.89,0.905,0.872,0.88,0.88,1000,1000,1000,1000,1000,1000,1000,1000,1000,1000
0.5,krum_collusion,43,oracle_w,0.8916000000000002,0.8916,0.8916000000000002,krum|clustering|clustering|clustering|clustering|clustering|fedavg|fedavg|fedavg|fedavg|fedavg|fedavg|fedavg|fedavg|fedavg,33.550780057907104,0.904,0.912,0.885,0.906,0.882,0.89,0.905,0.872,0.88,0.88,1000,1000,1000,1000,1000,1000,1000,1000,1000,1000
0.5,krum_collusion,43,fixed,0.8967,0.8967,0.8967,,170.31957745552063,0.908,0.91,0.888,0.908,0.888,0.893,0.911,0.881,0.889,0.891,1000,1000,1000,1000,1000,1000,1000,1000,1000,1000
0.5,krum_collusion,43,sr_only,0.8966000000000001,0.8966,0.8966000000000001,,172.53710412979126,0.909,0.912,0.889,0.906,0.889,0.892,0.911,0.882,0.889,0.887,1000,1000,1000,1000,1000,1000,1000,1000,1000,1000
0.5,krum_collusion,43,td3_ref,0.8962999999999999,0.8963,0.8962999999999999,,189.0866858959198,0.908,0.91,0.888,0.909,0.887,0.893,0.91,0.883,0.886,0.889,1000,1000,1000,1000,1000,1000,1000,1000,1000,1000
0.5,krum_collusion,43,fltrust,0.807,0.807,0.807,,38.92836570739746,0.823,0.815,0.81,0.825,0.803,0.803,0.807,0.782,0.806,0.796,1000,1000,1000,1000,1000,1000,1000,1000,1000,1000
0.5,krum_collusion,43,krum,0.8853000000000002,0.8853,0.8853000000000002,,42.66113662719727,0.889,0.902,0.878,0.896,0.887,0.882,0.899,0.872,0.876,0.872,1000,1000,1000,1000,1000,1000,1000,1000,1000,1000
0.5,krum_collusion,43,median,0.8640000000000001,0.864,0.8640000000000001,,23.29176616668701,0.879,0.867,0.865,0.882,0.855,0.865,0.871,0.854,0.848,0.854,1000,1000,1000,1000,1000,1000,1000,1000,1000,1000
0.5,krum_collusion,43,trimmed_mean,0.8802,0.8802,0.8802,,32.0922589302063,0.895,0.894,0.88,0.893,0.87,0.874,0.894,0.869,0.866,0.867,1000,1000,1000,1000,1000,1000,1000,1000,1000,1000
0.5,krum_collusion,44,oracle_u,0.8892000000000001,0.8892,0.8892000000000001,krum|clustering|clustering|clustering|clustering|clustering|fltrust|fltrust|fedprox|fltrust|fedprox|fltrust|fltrust|fedavg|fedavg,78.51931071281433,0.902,0.908,0.884,0.904,0.882,0.882,0.901,0.873,0.879,0.877,1000,1000,1000,1000,1000,1000,1000,1000,1000,1000
0.5,krum_collusion,44,oracle_w,0.8892000000000001,0.8892,0.8892000000000001,krum|clustering|clustering|clustering|clustering|clustering|fltrust|fltrust|fedprox|fltrust|fedprox|fltrust|fltrust|fedavg|fedavg,33.358166456222534,0.902,0.908,0.884,0.904,0.882,0.882,0.901,0.873,0.879,0.877,1000,1000,1000,1000,1000,1000,1000,1000,1000,1000
0.5,krum_collusion,44,fixed,0.8966000000000001,0.8966,0.8966000000000001,,168.13235354423523,0.907,0.909,0.889,0.908,0.887,0.894,0.908,0.881,0.89,0.893,1000,1000,1000,1000,1000,1000,1000,1000,1000,1000
0.5,krum_collusion,44,sr_only,0.8965,0.8965,0.8965,,168.18021202087402,0.908,0.913,0.89,0.907,0.889,0.891,0.91,0.882,0.889,0.886,1000,1000,1000,1000,1000,1000,1000,1000,1000,1000
0.5,krum_collusion,44,td3_ref,0.8966000000000001,0.8966,0.8966000000000001,,189.537693977356,0.908,0.909,0.889,0.909,0.887,0.893,0.909,0.881,0.89,0.891,1000,1000,1000,1000,1000,1000,1000,1000,1000,1000
0.5,krum_collusion,44,fltrust,0.8061000000000001,0.8061,0.8061000000000001,,54.55794525146485,0.828,0.812,0.812,0.831,0.805,0.802,0.808,0.778,0.801,0.784,1000,1000,1000,1000,1000,1000,1000,1000,1000,1000
0.5,krum_collusion,44,krum,0.843,0.843,0.843,,55.46445083618164,0.853,0.865,0.847,0.857,0.844,0.839,0.849,0.814,0.83,0.832,1000,1000,1000,1000,1000,1000,1000,1000,1000,1000
0.5,krum_collusion,44,median,0.8637999999999998,0.8638,0.8637999999999998,,40.58737540245056,0.879,0.867,0.866,0.882,0.855,0.868,0.87,0.853,0.847,0.851,1000,1000,1000,1000,1000,1000,1000,1000,1000,1000
0.5,krum_collusion,44,trimmed_mean,0.8803000000000001,0.8803,0.8803000000000001,,29.88529396057129,0.895,0.895,0.879,0.896,0.871,0.876,0.894,0.867,0.866,0.864,1000,1000,1000,1000,1000,1000,1000,1000,1000,1000
0.5,krum_collusion,45,oracle_u,0.8920999999999999,0.8921,0.8920999999999999,krum|clustering|clustering|clustering|clustering|clustering|clustering|fltrust|fedavg|fltrust|fedavg|fltrust|fedavg|fedavg|fltrust,33.2737078666687,0.908,0.909,0.884,0.907,0.886,0.886,0.904,0.877,0.882,0.878,1000,1000,1000,1000,1000,1000,1000,1000,1000,1000
0.5,krum_collusion,45,oracle_w,0.8920999999999999,0.8921,0.8920999999999999,krum|clustering|clustering|clustering|clustering|clustering|clustering|fltrust|fedavg|fltrust|fedavg|fltrust|fedavg|fedavg|fltrust,24.419346570968628,0.908,0.909,0.884,0.907,0.886,0.886,0.904,0.877,0.882,0.878,1000,1000,1000,1000,1000,1000,1000,1000,1000,1000
0.5,krum_collusion,45,fixed,0.8936,0.8936,0.8936,,155.7848780155182,0.908,0.91,0.885,0.907,0.885,0.891,0.904,0.876,0.884,0.886,1000,1000,1000,1000,1000,1000,1000,1000,1000,1000
0.5,krum_collusion,45,sr_only,0.8964999999999999,0.8965,0.8964999999999999,,145.0810956954956,0.908,0.912,0.89,0.909,0.888,0.891,0.91,0.882,0.889,0.886,1000,1000,1000,1000,1000,1000,1000,1000,1000,1000
0.5,krum_collusion,45,td3_ref,0.8957,0.8957,0.8957,,179.67386627197266,0.907,0.908,0.889,0.908,0.886,0.891,0.907,0.881,0.889,0.891,1000,1000,1000,1000,1000,1000,1000,1000,1000,1000
0.5,krum_collusion,45,fltrust,0.807,0.807,0.807,,26.187403440475464,0.825,0.811,0.81,0.833,0.807,0.803,0.811,0.776,0.807,0.787,1000,1000,1000,1000,1000,1000,1000,1000,1000,1000
0.5,krum_collusion,45,krum,0.8853,0.8853,0.8853,,34.647799015045166,0.885,0.902,0.88,0.9,0.886,0.878,0.898,0.876,0.875,0.873,1000,1000,1000,1000,1000,1000,1000,1000,1000,1000
0.5,krum_collusion,45,median,0.8634000000000001,0.8634,0.8634000000000001,,57.02594923973084,0.879,0.866,0.864,0.882,0.855,0.869,0.869,0.851,0.847,0.852,1000,1000,1000,1000,1000,1000,1000,1000,1000,1000
0.5,krum_collusion,45,trimmed_mean,0.8804000000000001,0.8804,0.8804000000000001,,61.01169037818909,0.895,0.895,0.879,0.895,0.87,0.875,0.892,0.87,0.867,0.866,1000,1000,1000,1000,1000,1000,1000,1000,1000,1000
0.5,krum_collusion,46,oracle_u,0.8912999999999999,0.8913,0.8912999999999999,krum|clustering|clustering|clustering|clustering|clustering|fedavg|fedavg|fedavg|fltrust|fedavg|fltrust|fltrust|fedavg|fedavg,44.02605843544006,0.905,0.911,0.885,0.903,0.88,0.886,0.906,0.875,0.883,0.879,1000,1000,1000,1000,1000,1000,1000,1000,1000,1000
0.5,krum_collusion,46,oracle_w,0.8912999999999999,0.8913,0.8912999999999999,krum|clustering|clustering|clustering|clustering|clustering|fedavg|fedavg|fedavg|fltrust|fedavg|fltrust|fltrust|fedavg|fedavg,115.5308027267456,0.905,0.911,0.885,0.903,0.88,0.886,0.906,0.875,0.883,0.879,1000,1000,1000,1000,1000,1000,1000,1000,1000,1000
0.5,krum_collusion,46,fixed,0.8939,0.8939,0.8939,,167.79234981536865,0.909,0.91,0.886,0.904,0.886,0.893,0.903,0.878,0.885,0.885,1000,1000,1000,1000,1000,1000,1000,1000,1000,1000
0.5,krum_collusion,46,sr_only,0.8969999999999999,0.897,0.8969999999999999,,135.2474410533905,0.907,0.913,0.89,0.906,0.89,0.894,0.91,0.883,0.889,0.888,1000,1000,1000,1000,1000,1000,1000,1000,1000,1000
0.5,krum_collusion,46,td3_ref,0.8823000000000001,0.8823,0.8823000000000001,,162.848886013031,0.901,0.894,0.886,0.895,0.875,0.879,0.89,0.865,0.883,0.855,1000,1000,1000,1000,1000,1000,1000,1000,1000,1000
0.5,krum_collusion,46,fltrust,0.795,0.795,0.795,,25.254942893981934,0.817,0.802,0.804,0.82,0.793,0.782,0.797,0.76,0.795,0.78,1000,1000,1000,1000,1000,1000,1000,1000,1000,1000
0.5,krum_collusion,46,krum,0.845,0.845,0.845,,21.90543842315674,0.855,0.866,0.846,0.861,0.842,0.846,0.852,0.813,0.834,0.835,1000,1000,1000,1000,1000,1000,1000,1000,1000,1000
0.5,krum_collusion,46,median,0.8643999999999998,0.8644,0.8643999999999998,,44.013580322265625,0.881,0.865,0.865,0.882,0.856,0.868,0.873,0.854,0.849,0.851,1000,1000,1000,1000,1000,1000,1000,1000,1000,1000
0.5,krum_collusion,46,trimmed_mean,0.8812000000000001,0.8812,0.8812000000000001,,26.64342856407165,0.894,0.895,0.88,0.897,0.87,0.875,0.896,0.869,0.867,0.869,1000,1000,1000,1000,1000,1000,1000,1000,1000,1000
0.5,krum_collusion,47,oracle_u,0.8910000000000002,0.891,0.8910000000000002,krum|clustering|clustering|clustering|clustering|clustering|clustering|fedavg|fltrust|fedavg|fltrust|fedavg|fedavg|fltrust|fedavg,94.92804265022278,0.906,0.908,0.885,0.901,0.881,0.884,0.908,0.877,0.88,0.88,1000,1000,1000,1000,1000,1000,1000,1000,1000,1000
0.5,krum_collusion,47,oracle_w,0.8910000000000002,0.891,0.8910000000000002,krum|clustering|clustering|clustering|clustering|clustering|clustering|fedavg|fltrust|fedavg|fltrust|fedavg|fedavg|fltrust|fedavg,80.72805571556091,0.906,0.908,0.885,0.901,0.881,0.884,0.908,0.877,0.88,0.88,1000,1000,1000,1000,1000,1000,1000,1000,1000,1000
0.5,krum_collusion,47,fixed,0.8966000000000001,0.8966,0.8966000000000001,,162.44751620292664,0.907,0.908,0.891,0.909,0.887,0.893,0.911,0.881,0.889,0.89,1000,1000,1000,1000,1000,1000,1000,1000,1000,1000
0.5,krum_collusion,47,sr_only,0.8963999999999999,0.8964,0.8963999999999999,,133.9410846233368,0.908,0.911,0.892,0.908,0.888,0.891,0.91,0.882,0.889,0.885,1000,1000,1000,1000,1000,1000,1000,1000,1000,1000
0.5,krum_collusion,47,td3_ref,0.8928,0.8928,0.8928,,163.73862504959106,0.909,0.91,0.887,0.901,0.887,0.889,0.9,0.877,0.885,0.883,1000,1000,1000,1000,1000,1000,1000,1000,1000,1000
0.5,krum_collusion,47,fltrust,0.8022,0.8022,0.8022,,21.02472972869873,0.821,0.805,0.813,0.824,0.805,0.795,0.803,0.77,0.802,0.784,1000,1000,1000,1000,1000,1000,1000,1000,1000,1000
0.5,krum_collusion,47,krum,0.8867,0.8867,0.8867,,69.50126194953918,0.89,0.901,0.878,0.9,0.887,0.883,0.899,0.874,0.878,0.877,1000,1000,1000,1000,1000,1000,1000,1000,1000,1000
0.5,krum_collusion,47,median,0.8621000000000001,0.8621,0.8621000000000001,,40.94735264778137,0.878,0.868,0.863,0.882,0.851,0.863,0.867,0.852,0.849,0.848,1000,1000,1000,1000,1000,1000,1000,1000,1000,1000
0.5,krum_collusion,47,trimmed_mean,0.8795999999999999,0.8796,0.8795999999999999,,125.08128333091736,0.893,0.893,0.879,0.895,0.869,0.874,0.894,0.869,0.865,0.865,1000,1000,1000,1000,1000,1000,1000,1000,1000,1000
0.5,krum_collusion,48,oracle_u,0.8916000000000001,0.8916,0.8916000000000001,krum|clustering|krum|clustering|clustering|clustering|fedavg|fedavg|fedavg|fedavg|fedavg|fedavg|fedavg|fedavg|fedavg,73.79546785354614,0.903,0.911,0.885,0.907,0.885,0.888,0.902,0.872,0.881,0.882,1000,1000,1000,1000,1000,1000,1000,1000,1000,1000
0.5,krum_collusion,48,oracle_w,0.8916000000000001,0.8916,0.8916000000000001,krum|clustering|krum|clustering|clustering|clustering|fedavg|fedavg|fedavg|fedavg|fedavg|fedavg|fedavg|fedavg|fedavg,34.759320974349976,0.903,0.911,0.885,0.907,0.885,0.888,0.902,0.872,0.881,0.882,1000,1000,1000,1000,1000,1000,1000,1000,1000,1000
0.5,krum_collusion,48,fixed,0.8958999999999999,0.8959,0.8958999999999999,,151.64523482322693,0.908,0.908,0.889,0.909,0.888,0.892,0.908,0.881,0.888,0.888,1000,1000,1000,1000,1000,1000,1000,1000,1000,1000
0.5,krum_collusion,48,sr_only,0.8958999999999999,0.8959,0.8958999999999999,,145.1518750190735,0.908,0.912,0.892,0.907,0.888,0.888,0.908,0.882,0.888,0.886,1000,1000,1000,1000,1000,1000,1000,1000,1000,1000
0.5,krum_collusion,48,td3_ref,0.8960000000000001,0.896,0.8960000000000001,,162.22860050201416,0.908,0.908,0.889,0.909,0.888,0.892,0.909,0.881,0.888,0.888,1000,1000,1000,1000,1000,1000,1000,1000,1000,1000
0.5,krum_collusion,48,fltrust,0.8049,0.8049,0.8049,,43.38493514060974,0.827,0.806,0.811,0.828,0.807,0.797,0.805,0.776,0.802,0.79,1000,1000,1000,1000,1000,1000,1000,1000,1000,1000
0.5,krum_collusion,48,krum,0.8417999999999999,0.8418,0.8417999999999999,,109.40089106559752,0.853,0.863,0.844,0.855,0.842,0.841,0.85,0.813,0.829,0.828,1000,1000,1000,1000,1000,1000,1000,1000,1000,1000
0.5,krum_collusion,48,median,0.8625,0.8625,0.8625,,34.29944443702698,0.88,0.864,0.864,0.882,0.854,0.865,0.872,0.851,0.844,0.849,1000,1000,1000,1000,1000,1000,1000,1000,1000,1000
0.5,krum_collusion,48,trimmed_mean,0.8794000000000001,0.8794,0.8794000000000001,,24.00642156600952,0.893,0.895,0.877,0.895,0.869,0.875,0.892,0.868,0.866,0.864,1000,1000,1000,1000,1000,1000,1000,1000,1000,1000
0.5,krum_collusion,49,oracle_u,0.8920000000000001,0.892,0.8920000000000001,krum|clustering|clustering|clustering|clustering|clustering|clustering|fedprox|fedprox|fedavg|fedavg|fltrust|fltrust|fedavg|fedavg,99.4689643383026,0.905,0.909,0.885,0.903,0.883,0.89,0.906,0.877,0.882,0.88,1000,1000,1000,1000,1000,1000,1000,1000,1000,1000
0.5,krum_collusion,49,oracle_w,0.8920000000000001,0.892,0.8920000000000001,krum|clustering|clustering|clustering|clustering|clustering|clustering|fedprox|fedprox|fedavg|fedavg|fltrust|fltrust|fedavg|fedavg,33.81711196899414,0.905,0.909,0.885,0.903,0.883,0.89,0.906,0.877,0.882,0.88,1000,1000,1000,1000,1000,1000,1000,1000,1000,1000
0.5,krum_collusion,49,fixed,0.8969000000000001,0.8969,0.8969000000000001,,175.69800639152527,0.909,0.908,0.89,0.911,0.889,0.893,0.909,0.881,0.888,0.891,1000,1000,1000,1000,1000,1000,1000,1000,1000,1000
0.5,krum_collusion,49,sr_only,0.8965,0.8965,0.8965,,144.87382555007937,0.908,0.913,0.889,0.908,0.889,0.889,0.909,0.882,0.889,0.889,1000,1000,1000,1000,1000,1000,1000,1000,1000,1000
0.5,krum_collusion,49,td3_ref,0.8968,0.8968,0.8968,,171.38717365264893,0.909,0.908,0.889,0.911,0.889,0.892,0.909,0.881,0.889,0.891,1000,1000,1000,1000,1000,1000,1000,1000,1000,1000
0.5,krum_collusion,49,fltrust,0.8,0.8,0.8,,67.39132022857666,0.818,0.806,0.804,0.825,0.801,0.795,0.801,0.766,0.798,0.786,1000,1000,1000,1000,1000,1000,1000,1000,1000,1000
0.5,krum_collusion,49,krum,0.8871,0.8871,0.8871,,25.90965986251831,0.889,0.901,0.88,0.901,0.89,0.883,0.898,0.875,0.879,0.875,1000,1000,1000,1000,1000,1000,1000,1000,1000,1000
0.5,krum_collusion,49,median,0.8640000000000001,0.864,0.8640000000000001,,102.08258700370789,0.879,0.866,0.867,0.883,0.855,0.867,0.871,0.854,0.846,0.852,1000,1000,1000,1000,1000,1000,1000,1000,1000,1000
0.5,krum_collusion,49,trimmed_mean,0.8798999999999999,0.8799,0.8798999999999999,,73.27799272537231,0.894,0.892,0.878,0.893,0.87,0.877,0.895,0.868,0.866,0.866,1000,1000,1000,1000,1000,1000,1000,1000,1000,1000
0.5,krum_collusion,50,oracle_u,0.8913,0.8913,0.8913,krum|clustering|clustering|clustering|clustering|clustering|clustering|fedprox|fedprox|fedavg|fltrust|fltrust|fedavg|fedavg|fltrust,31.98662233352661,0.906,0.904,0.885,0.904,0.884,0.886,0.91,0.877,0.878,0.879,1000,1000,1000,1000,1000,1000,1000,1000,1000,1000
0.5,krum_collusion,50,oracle_w,0.8913,0.8913,0.8913,krum|clustering|clustering|clustering|clustering|clustering|clustering|fedprox|fedprox|fedavg|fltrust|fltrust|fedavg|fedavg|fltrust,24.702340364456177,0.906,0.904,0.885,0.904,0.884,0.886,0.91,0.877,0.878,0.879,1000,1000,1000,1000,1000,1000,1000,1000,1000,1000
0.5,krum_collusion,50,fixed,0.8964000000000001,0.8964,0.8964000000000001,,157.93158435821533,0.907,0.908,0.889,0.909,0.888,0.894,0.91,0.881,0.89,0.888,1000,1000,1000,1000,1000,1000,1000,1000,1000,1000
0.5,krum_collusion,50,sr_only,0.8961,0.8961,0.8961,,146.38368105888367,0.908,0.912,0.891,0.907,0.888,0.889,0.91,0.882,0.889,0.885,1000,1000,1000,1000,1000,1000,1000,1000,1000,1000
0.5,krum_collusion,50,td3_ref,0.8965,0.8965,0.8965,,172.53602766990662,0.908,0.913,0.889,0.908,0.888,0.89,0.91,0.882,0.889,0.888,1000,1000,1000,1000,1000,1000,1000,1000,1000,1000
0.5,krum_collusion,50,fltrust,0.7863,0.7863,0.7863,,57.90810132026672,0.802,0.792,0.798,0.81,0.783,0.774,0.793,0.756,0.782,0.773,1000,1000,1000,1000,1000,1000,1000,1000,1000,1000
0.5,krum_collusion,50,krum,0.8451000000000001,0.8451,0.8451000000000001,,99.30842351913452,0.854,0.867,0.848,0.86,0.844,0.845,0.854,0.814,0.831,0.834,1000,1000,1000,1000,1000,1000,1000,1000,1000,1000
0.5,krum_collusion,50,median,0.8648999999999999,0.8649,0.8648999999999999,,36.90204906463623,0.879,0.87,0.865,0.886,0.858,0.867,0.871,0.853,0.848,0.852,1000,1000,1000,1000,1000,1000,1000,1000,1000,1000
0.5,krum_collusion,50,trimmed_mean,0.8805,0.8805,0.8805,,102.27801632881165,0.895,0.893,0.881,0.893,0.871,0.874,0.894,0.869,0.867,0.868,1000,1000,1000,1000,1000,1000,1000,1000,1000,1000
0.5,krum_collusion,51,oracle_u,0.8920999999999999,0.8921,0.8920999999999999,krum|clustering|clustering|clustering|clustering|clustering|clustering|fedavg|fedavg|fltrust|fedavg|fltrust|fltrust|fedprox|fedprox,46.08926463127136,0.906,0.906,0.885,0.903,0.885,0.887,0.908,0.877,0.885,0.879,1000,1000,1000,1000,1000,1000,1000,1000,1000,1000
0.5,krum_collusion,51,oracle_w,0.8920999999999999,0.8921,0.8920999999999999,krum|clustering|clustering|clustering|clustering|clustering|clustering|fedavg|fedavg|fltrust|fedavg|fltrust|fltrust|fedprox|fedprox,111.35826706886292,0.906,0.906,0.885,0.903,0.885,0.887,0.908,0.877,0.885,0.879,1000,1000,1000,1000,1000,1000,1000,1000,1000,1000
0.5,krum_collusion,51,fixed,0.8963999999999999,0.8964,0.8963999999999999,,180.95029282569885,0.908,0.907,0.89,0.908,0.888,0.896,0.911,0.881,0.886,0.889,1000,1000,1000,1000,1000,1000,1000,1000,1000,1000
0.5,krum_collusion,51,sr_only,0.8961999999999998,0.8962,0.8961999999999998,,127.01535081863403,0.908,0.911,0.89,0.907,0.888,0.891,0.91,0.882,0.889,0.886,1000,1000,1000,1000,1000,1000,1000,1000,1000,1000
0.5,krum_collusion,51,td3_ref,0.8959999999999999,0.896,0.8959999999999999,,158.2294487953186,0.907,0.909,0.889,0.908,0.888,0.895,0.91,0.88,0.888,0.886,1000,1000,1000,1000,1000,1000,1000,1000,1000,1000
0.5,krum_collusion,51,fltrust,0.7999,0.7999,0.7999,,72.92375040054321,0.82,0.806,0.808,0.826,0.798,0.794,0.799,0.765,0.801,0.782,1000,1000,1000,1000,1000,1000,1000,1000,1000,1000
0.5,krum_collusion,51,krum,0.8432000000000001,0.8432,0.8432000000000001,,46.124860763549805,0.854,0.865,0.845,0.859,0.843,0.842,0.851,0.812,0.829,0.832,1000,1000,1000,1000,1000,1000,1000,1000,1000,1000
0.5,krum_collusion,51,median,0.8622,0.8622,0.8622,,57.90650486946106,0.877,0.866,0.865,0.882,0.852,0.863,0.873,0.852,0.843,0.849,1000,1000,1000,1000,1000,1000,1000,1000,1000,1000
0.5,krum_collusion,51,trimmed_mean,0.8787,0.8787,0.8787,,107.87630343437196,0.893,0.892,0.876,0.894,0.868,0.875,0.89,0.868,0.865,0.866,1000,1000,1000,1000,1000,1000,1000,1000,1000,1000
0.05,label_flipping,42,oracle_u,0.7574,0.7574,0.7574,fedavg|fedavg|clustering|fltrust|fltrust|fltrust|fltrust|clustering|fltrust|fltrust|fltrust|fltrust|median|fltrust|fltrust,56.43265628814697,0.761,0.735,0.775,0.782,0.734,0.747,0.76,0.779,0.757,0.744,1000,1000,1000,1000,1000,1000,1000,1000,1000,1000
0.05,label_flipping,42,oracle_w,0.7574,0.7574,0.7574,fedavg|fedavg|clustering|fltrust|fltrust|fltrust|fltrust|clustering|fltrust|fltrust|fltrust|fltrust|median|fltrust|fltrust,36.26476216316223,0.761,0.735,0.775,0.782,0.734,0.747,0.76,0.779,0.757,0.744,1000,1000,1000,1000,1000,1000,1000,1000,1000,1000
0.05,label_flipping,42,fixed,0.7124999999999999,0.7125,0.7124999999999999,,176.87658190727234,0.713,0.711,0.729,0.736,0.685,0.702,0.716,0.717,0.709,0.707,1000,1000,1000,1000,1000,1000,1000,1000,1000,1000
0.05,label_flipping,42,sr_only,0.7163999999999999,0.7164,0.7163999999999999,,163.5154902935028,0.722,0.717,0.716,0.753,0.687,0.71,0.722,0.723,0.705,0.709,1000,1000,1000,1000,1000,1000,1000,1000,1000,1000
0.05,label_flipping,42,td3_ref,0.7194,0.7194,0.7194,,191.2395761013031,0.73,0.715,0.718,0.76,0.689,0.705,0.729,0.728,0.701,0.719,1000,1000,1000,1000,1000,1000,1000,1000,1000,1000
0.05,label_flipping,42,fltrust,0.6164000000000001,0.6164,0.6164000000000001,,79.25834631919861,0.596,0.617,0.643,0.653,0.602,0.616,0.615,0.63,0.597,0.595,1000,1000,1000,1000,1000,1000,1000,1000,1000,1000
0.05,label_flipping,42,krum,0.0178,0.0178,0.0178,,24.73176407814026,0.02,0.016,0.023,0.016,0.024,0.013,0.023,0.016,0.012,0.015,1000,1000,1000,1000,1000,1000,1000,1000,1000,1000
0.05,label_flipping,42,median,0.5629,0.5629,0.5629,,62.7011787891388,0.563,0.551,0.586,0.6,0.539,0.558,0.552,0.585,0.553,0.542,1000,1000,1000,1000,1000,1000,1000,1000,1000,1000
0.05,label_flipping,42,trimmed_mean,0.596,0.596,0.596,,31.905968189239506,0.601,0.596,0.61,0.625,0.572,0.594,0.583,0.614,0.577,0.588,1000,1000,1000,1000,1000,1000,1000,1000,1000,1000
0.05,label_flipping,43,oracle_u,0.6898,0.6898,0.6898,fedavg|fltrust|fltrust|fltrust|fltrust|fltrust|fltrust|fltrust|fltrust|fltrust|fltrust|fltrust|fltrust|fltrust|fltrust,59.57780718803406,0.694,0.685,0.717,0.718,0.656,0.691,0.689,0.696,0.671,0.681,1000,1000,1000,1000,1000,1000,1000,1000,1000,1000
0.05,label_flipping,43,oracle_w,0.6898,0.6898,0.6898,fedavg|fltrust|fltrust|fltrust|fltrust|fltrust|fltrust|fltrust|fltrust|fltrust|fltrust|fltrust|fltrust|fltrust|fltrust,52.27281141281128,0.694,0.685,0.717,0.718,0.656,0.691,0.689,0.696,0.671,0.681,1000,1000,1000,1000,1000,1000,1000,1000,1000,1000
0.05,label_flipping,43,fixed,0.7293999999999999,0.7294,0.7293999999999999,,174.92111086845398,0.727,0.725,0.741,0.761,0.703,0.717,0.727,0.733,0.724,0.736,1000,1000,1000,1000,1000,1000,1000,1000,1000,1000
0.05,label_flipping,43,sr_only,0.7096,0.7096,0.7096,,149.82834577560425,0.717,0.711,0.713,0.744,0.682,0.709,0.709,0.711,0.698,0.702,1000,1000,1000,1000,1000,1000,1000,1000,1000,1000
0.05,label_flipping,43,td3_ref,0.6178,0.6178,0.6178,,188.270542383194,0.634,0.61,0.635,0.644,0.587,0.613,0.62,0.608,0.615,0.612,1000,1000,1000,1000,1000,1000,1000,1000,1000,1000
0.05,label_flipping,43,fltrust,0.6441,0.6441,0.6441,,99.93283534049988,0.648,0.634,0.67,0.672,0.613,0.655,0.635,0.656,0.623,0.635,1000,1000,1000,1000,1000,1000,1000,1000,1000,1000
0.05,label_flipping,43,krum,0.0177,0.0177,0.0177,,77.66408109664917,0.019,0.016,0.023,0.016,0.024,0.013,0.023,0.016,0.012,0.015,1000,1000,1000,1000,1000,1000,1000,1000,1000,1000
0.05,label_flipping,43,median,0.5641,0.5641,0.5641,,40.731499433517456,0.562,0.552,0.59,0.602,0.541,0.559,0.553,0.583,0.556,0.543,1000,1000,1000,1000,1000,1000,1000,1000,1000,1000
0.05,label_flipping,43,trimmed_mean,0.5956999999999999,0.5957,0.5956999999999999,,27.957844495773315,0.602,0.596,0.611,0.623,0.571,0.593,0.583,0.614,0.577,0.587,1000,1000,1000,1000,1000,1000,1000,1000,1000,1000
0.05,label_flipping,44,oracle_u,0.7468,0.7468,0.7468,fedavg|fedavg|clustering|fltrust|fltrust|fltrust|fltrust|fltrust|fltrust|fltrust|fltrust|fltrust|fltrust|fltrust|median,30.766043424606323,0.743,0.731,0.772,0.775,0.741,0.733,0.758,0.763,0.725,0.727,1000,1000,1000,1000,1000,1000,1000,1000,1000,1000
0.05,label_flipping,44,oracle_w,0.7468,0.7468,0.7468,fedavg|fedavg|clustering|fltrust|fltrust|fltrust|fltrust|fltrust|fltrust|fltrust|fltrust|fltrust|fltrust|fltrust|median,31.195330381393436,0.743,0.731,0.772,0.775,0.741,0.733,0.758,0.763,0.725,0.727,1000,1000,1000,1000,1000,1000,1000,1000,1000,1000
0.05,label_flipping,44,fixed,0.7113,0.7113,0.7113,,167.28167629241943,0.711,0.707,0.731,0.731,0.681,0.709,0.711,0.714,0.707,0.711,1000,1000,1000,1000,1000,1000,1000,1000,1000,1000
0.05,label_flipping,44,sr_only,0.7287,0.7287,0.7287,,156.3667070865631,0.741,0.726,0.741,0.761,0.703,0.712,0.734,0.734,0.72,0.715,1000,1000,1000,1000,1000,1000,1000,1000,1000,1000
0.05,label_flipping,44,td3_ref,0.7421,0.7421,0.7421,,189.6951448917389,0.744,0.739,0.752,0.777,0.721,0.721,0.753,0.743,0.732,0.739,1000,1000,1000,1000,1000,1000,1000,1000,1000,1000
0.05,label_flipping,44,fltrust,0.6617000000000001,0.6617,0.6617000000000001,,68.86057162284851,0.654,0.66,0.687,0.684,0.623,0.653,0.664,0.681,0.662,0.649,1000,1000,1000,1000,1000,1000,1000,1000,1000,1000
0.05,label_flipping,44,krum,0.0176,0.0176,0.0176,,47.972076416015625,0.019,0.015,0.023,0.016,0.024,0.013,0.023,0.016,0.012,0.015,1000,1000,1000,1000,1000,1000,1000,1000,1000,1000
0.05,label_flipping,44,median,0.5619999999999999,0.562,0.5619999999999999,,45.40726327896118,0.559,0.552,0.583,0.599,0.539,0.558,0.552,0.584,0.552,0.542,1000,1000,1000,1000,1000,1000,1000,1000,1000,1000
0.05,label_flipping,44,trimmed_mean,0.5965,0.5965,0.5965,,54.29208946228027,0.602,0.597,0.611,0.625,0.572,0.594,0.585,0.613,0.578,0.588,1000,1000,1000,1000,1000,1000,1000,1000,1000,1000
0.05,label_flipping,45,oracle_u,0.7674,0.7674,0.7674,fedavg|fltrust|fltrust|fltrust|clustering|clustering|fltrust|fltrust|fltrust|fltrust|fltrust|fltrust|fltrust|fltrust|fltrust,71.2041392326355,0.769,0.758,0.786,0.786,0.748,0.768,0.773,0.779,0.749,0.758,1000,1000,1000,1000,1000,1000,1000,1000,1000,1000
0.05,label_flipping,45,oracle_w,0.7674,0.7674,0.7674,fedavg|fltrust|fltrust|fltrust|clustering|clustering|fltrust|fltrust|fltrust|fltrust|fltrust|fltrust|fltrust|fltrust|fltrust,72.67198061943054,0.769,0.758,0.786,0.786,0.748,0.768,0.773,0.779,0.749,0.758,1000,1000,1000,1000,1000,1000,1000,1000,1000,1000
0.05,label_flipping,45,fixed,0.7206,0.7206,0.7206,,157.8049774169922,0.727,0.713,0.72,0.755,0.699,0.706,0.734,0.728,0.703,0.721,1000,1000,1000,1000,1000,1000,1000,1000,1000,1000
0.05,label_flipping,45,sr_only,0.7095,0.7095,0.7095,,156.89877676963806,0.718,0.709,0.713,0.743,0.681,0.706,0.714,0.714,0.696,0.701,1000,1000,1000,1000,1000,1000,1000,1000,1000,1000
0.05,label_flipping,45,td3_ref,0.7628999999999999,0.7629,0.7628999999999999,,177.0909707546234,0.768,0.751,0.767,0.791,0.743,0.742,0.777,0.771,0.76,0.759,1000,1000,1000,1000,1000,1000,1000,1000,1000,1000
0.05,label_flipping,45,fltrust,0.6405000000000001,0.6405,0.6405000000000001,,22.651599168777462,0.63,0.613,0.659,0.663,0.624,0.636,0.653,0.668,0.636,0.623,1000,1000,1000,1000,1000,1000,1000,1000,1000,1000
0.05,label_flipping,45,krum,0.0177,0.0177,0.0177,,24.960692644119263,0.019,0.016,0.023,0.016,0.024,0.013,0.023,0.016,0.012,0.015,1000,1000,1000,1000,1000,1000,1000,1000,1000,1000
0.05,label_flipping,45,median,0.5619,0.5619,0.5619,,50.47644400596619,0.558,0.552,0.583,0.599,0.539,0.558,0.552,0.584,0.552,0.542,1000,1000,1000,1000,1000,1000,1000,1000,1000,1000
0.05,label_flipping,45,trimmed_mean,0.5957,0.5957,0.5957,,57.355300188064575,0.602,0.596,0.61,0.622,0.572,0.593,0.583,0.614,0.577,0.588,1000,1000,1000,1000,1000,1000,1000,1000,1000,1000
0.05,label_flipping,46,oracle_u,0.7092,0.7092,0.7092,fedavg|fltrust|fltrust|fltrust|fltrust|fltrust|fltrust|fltrust|fltrust|fltrust|fltrust|fltrust|fltrust|fltrust|fltrust,43.82422995567322,0.708,0.709,0.728,0.733,0.692,0.708,0.702,0.712,0.697,0.703,1000,1000,1000,1000,1000,1000,1000,1000,1000,1000
0.05,label_flipping,46,oracle_w,0.7092,0.7092,0.7092,fedavg|fltrust|fltrust|fltrust|fltrust|fltrust|fltrust|fltrust|fltrust|fltrust|fltrust|fltrust|fltrust|fltrust|fltrust,33.10896301269531,0.708,0.709,0.728,0.733,0.692,0.708,0.702,0.712,0.697,0.703,1000,1000,1000,1000,1000,1000,1000,1000,1000,1000
0.05,label_flipping,46,fixed,0.6124999999999999,0.6125,0.6124999999999999,,161.53742170333862,0.617,0.61,0.628,0.628,0.586,0.61,0.607,0.614,0.6,0.625,1000,1000,1000,1000,1000,1000,1000,1000,1000,1000
0.05,label_flipping,46,sr_only,0.7094,0.7094,0.7094,,128.4443347454071,0.716,0.71,0.716,0.744,0.679,0.705,0.716,0.713,0.695,0.7,1000,1000,1000,1000,1000,1000,1000,1000,1000,1000
0.05,label_flipping,46,td3_ref,0.5486,0.5486,0.5486,,163.46749114990234,0.561,0.543,0.557,0.541,0.528,0.538,0.554,0.551,0.545,0.568,1000,1000,1000,1000,1000,1000,1000,1000,1000,1000
0.05,label_flipping,46,fltrust,0.6613,0.6613,0.6613,,32.31029963493347,0.656,0.65,0.677,0.704,0.64,0.658,0.652,0.674,0.651,0.651,1000,1000,1000,1000,1000,1000,1000,1000,1000,1000
0.05,label_flipping,46,krum,0.0177,0.0177,0.0177,,69.60240936279297,0.019,0.016,0.023,0.016,0.024,0.013,0.023,0.016,0.012,0.015,1000,1000,1000,1000,1000,1000,1000,1000,1000,1000
0.05,label_flipping,46,median,0.5622,0.5622,0.5622,,71.1402428150177,0.561,0.552,0.584,0.598,0.539,0.559,0.552,0.583,0.552,0.542,1000,1000,1000,1000,1000,1000,1000,1000,1000,1000
0.05,label_flipping,46,trimmed_mean,0.5953999999999999,0.5954,0.5953999999999999,,84.14789485931396,0.6,0.595,0.609,0.623,0.572,0.594,0.583,0.614,0.578,0.586,1000,1000,1000,1000,1000,1000,1000,1000,1000,1000
0.05,label_flipping,47,oracle_u,0.7374999999999999,0.7375,0.7374999999999999,fedavg|fedavg|clustering|fltrust|fltrust|fltrust|fltrust|fltrust|clustering|fltrust|fltrust|fltrust|median|median|fltrust,76.44983386993408,0.739,0.718,0.758,0.763,0.712,0.73,0.737,0.759,0.736,0.723,1000,1000,1000,1000,1000,1000,1000,1000,1000,1000
0.05,label_flipping,47,oracle_w,0.7374999999999999,0.7375,0.7374999999999999,fedavg|fedavg|clustering|fltrust|fltrust|fltrust|fltrust|fltrust|clustering|fltrust|fltrust|fltrust|median|median|fltrust,45.239907026290894,0.739,0.718,0.758,0.763,0.712,0.73,0.737,0.759,0.736,0.723,1000,1000,1000,1000,1000,1000,1000,1000,1000,1000
0.05,label_flipping,47,fixed,0.6984,0.6984,0.6984,,176.53470039367676,0.695,0.699,0.724,0.722,0.669,0.692,0.692,0.704,0.692,0.695,1000,1000,1000,1000,1000,1000,1000,1000,1000,1000
0.05,label_flipping,47,sr_only,0.7077,0.7077,0.7077,,164.3254201412201,0.716,0.711,0.711,0.741,0.681,0.705,0.711,0.708,0.695,0.698,1000,1000,1000,1000,1000,1000,1000,1000,1000,1000
0.05,label_flipping,47,td3_ref,0.6849000000000001,0.6849,0.6849000000000001,,162.8559947013855,0.686,0.684,0.701,0.718,0.655,0.678,0.679,0.682,0.684,0.682,1000,1000,1000,1000,1000,1000,1000,1000,1000,1000
0.05,label_flipping,47,fltrust,0.6424,0.6424,0.6424,,79.83581280708313,0.634,0.629,0.663,0.685,0.627,0.638,0.646,0.654,0.624,0.624,1000,1000,1000,1000,1000,1000,1000,1000,1000,1000
0.05,label_flipping,47,krum,0.0178,0.0178,0.0178,,42.48805284500122,0.02,0.016,0.023,0.016,0.024,0.013,0.023,0.016,0.012,0.015,1000,1000,1000,1000,1000,1000,1000,1000,1000,1000
0.05,label_flipping,47,median,0.5619000000000001,0.5619,0.5619000000000001,,37.10290050506592,0.559,0.551,0.584,0.599,0.539,0.556,0.552,0.584,0.553,0.542,1000,1000,1000,1000,1000,1000,1000,1000,1000,1000
0.05,label_flipping,47,trimmed_mean,0.5965,0.5965,0.5965,,39.47962188720703,0.602,0.596,0.609,0.625,0.572,0.597,0.584,0.613,0.579,0.588,1000,1000,1000,1000,1000,1000,1000,1000,1000,1000
0.05,label_flipping,48,oracle_u,0.7091,0.7091,0.7091,fedavg|fltrust|fltrust|fltrust|fltrust|fltrust|fltrust|fltrust|fltrust|fltrust|clustering|median|clustering|median|median,126.98971962928772,0.715,0.696,0.724,0.734,0.686,0.695,0.708,0.737,0.692,0.704,1000,1000,1000,1000,1000,1000,1000,1000,1000,1000
0.05,label_flipping,48,oracle_w,0.7091,0.7091,0.7091,fedavg|fltrust|fltrust|fltrust|fltrust|fltrust|fltrust|fltrust|fltrust|fltrust|clustering|median|clustering|median|median,90.1698796749115,0.715,0.696,0.724,0.734,0.686,0.695,0.708,0.737,0.692,0.704,1000,1000,1000,1000,1000,1000,1000,1000,1000,1000
0.05,label_flipping,48,fixed,0.694,0.694,0.694,,170.9959716796875,0.675,0.673,0.725,0.715,0.672,0.683,0.699,0.698,0.714,0.686,1000,1000,1000,1000,1000,1000,1000,1000,1000,1000
0.05,label_flipping,48,sr_only,0.7079000000000001,0.7079,0.7079000000000001,,155.30069279670715,0.715,0.712,0.712,0.743,0.678,0.705,0.712,0.709,0.695,0.698,1000,1000,1000,1000,1000,1000,1000,1000,1000,1000
0.05,label_flipping,48,td3_ref,0.7157,0.7157,0.7157,,163.87498116493225,0.712,0.712,0.728,0.735,0.695,0.709,0.718,0.728,0.709,0.711,1000,1000,1000,1000,1000,1000,1000,1000,1000,1000
0.05,label_flipping,48,fltrust,0.5974,0.5974,0.5974,,108.6674919128418,0.595,0.578,0.615,0.622,0.583,0.591,0.616,0.614,0.591,0.569,1000,1000,1000,1000,1000,1000,1000,1000,1000,1000
0.05,label_flipping,48,krum,0.0176,0.0176,0.0176,,83.13046002388,0.019,0.016,0.023,0.015,0.024,0.013,0.023,0.016,0.012,0.015,1000,1000,1000,1000,1000,1000,1000,1000,1000,1000
0.05,label_flipping,48,median,0.5633999999999999,0.5634,0.5633999999999999,,98.56185936927795,0.562,0.554,0.587,0.6,0.54,0.559,0.553,0.584,0.553,0.542,1000,1000,1000,1000,1000,1000,1000,1000,1000,1000
0.05,label_flipping,48,trimmed_mean,0.596,0.596,0.596,,55.64515781402588,0.603,0.596,0.609,0.623,0.572,0.596,0.583,0.613,0.577,0.588,1000,1000,1000,1000,1000,1000,1000,1000,1000,1000
0.05,label_flipping,49,oracle_u,0.7398,0.7398,0.7398,fedavg|fedavg|clustering|fltrust|fltrust|fltrust|fltrust|fltrust|fltrust|fltrust|fltrust|fltrust|fltrust|fltrust|fltrust,110.19429922103882,0.732,0.731,0.767,0.76,0.719,0.73,0.752,0.743,0.734,0.73,1000,1000,1000,1000,1000,1000,1000,1000,1000,1000
0.05,label_flipping,49,oracle_w,0.7398,0.7398,0.7398,fedavg|fedavg|clustering|fltrust|fltrust|fltrust|fltrust|fltrust|fltrust|fltrust|fltrust|fltrust|fltrust|fltrust|fltrust,71.54142546653748,0.732,0.731,0.767,0.76,0.719,0.73,0.752,0.743,0.734,0.73,1000,1000,1000,1000,1000,1000,1000,1000,1000,1000
0.05,label_flipping,49,fixed,0.6618999999999999,0.6619,0.6618999999999999,,170.3904480934143,0.658,0.653,0.689,0.687,0.627,0.663,0.668,0.658,0.662,0.654,1000,1000,1000,1000,1000,1000,1000,1000,1000,1000
0.05,label_flipping,49,sr_only,0.7087000000000001,0.7087,0.7087000000000001,,140.20763969421387,0.715,0.713,0.712,0.741,0.68,0.707,0.711,0.71,0.698,0.7,1000,1000,1000,1000,1000,1000,1000,1000,1000,1000
0.05,label_flipping,49,td3_ref,0.4787999999999999,0.4788,0.4787999999999999,,164.54990029335022,0.473,0.457,0.478,0.511,0.475,0.476,0.485,0.474,0.483,0.476,1000,1000,1000,1000,1000,1000,1000,1000,1000,1000
0.05,label_flipping,49,fltrust,0.6845,0.6845,0.6845,,78.35944628715515,0.685,0.685,0.705,0.716,0.66,0.684,0.679,0.7,0.663,0.668,1000,1000,1000,1000,1000,1000,1000,1000,1000,1000
0.05,label_flipping,49,krum,0.0176,0.0176,0.0176,,28.24594235420227,0.019,0.015,0.023,0.016,0.024,0.013,0.023,0.016,0.012,0.015,1000,1000,1000,1000,1000,1000,1000,1000,1000,1000
0.05,label_flipping,49,median,0.5626,0.5626,0.5626,,62.53503918647766,0.561,0.552,0.584,0.6,0.54,0.559,0.553,0.582,0.553,0.542,1000,1000,1000,1000,1000,1000,1000,1000,1000,1000
0.05,label_flipping,49,trimmed_mean,0.5964999999999999,0.5965,0.5964999999999999,,70.73835802078247,0.603,0.597,0.609,0.626,0.572,0.594,0.584,0.615,0.577,0.588,1000,1000,1000,1000,1000,1000,1000,1000,1000,1000
0.05,label_flipping,50,oracle_u,0.7347,0.7347,0.7347,fedavg|fedavg|clustering|fltrust|fltrust|fltrust|fltrust|fltrust|fltrust|clustering|fltrust|fltrust|median|median|fltrust,77.45636487007141,0.735,0.725,0.753,0.758,0.716,0.721,0.731,0.749,0.732,0.727,1000,1000,1000,1000,1000,1000,1000,1000,1000,1000
0.05,label_flipping,50,oracle_w,0.7347,0.7347,0.7347,fedavg|fedavg|clustering|fltrust|fltrust|fltrust|fltrust|fltrust|fltrust|clustering|fltrust|fltrust|median|median|fltrust,95.90737748146056,0.735,0.725,0.753,0.758,0.716,0.721,0.731,0.749,0.732,0.727,1000,1000,1000,1000,1000,1000,1000,1000,1000,1000
0.05,label_flipping,50,fixed,0.5465000000000001,0.5465,0.5465000000000001,,158.11907410621643,0.54,0.522,0.561,0.575,0.54,0.545,0.549,0.547,0.546,0.54,1000,1000,1000,1000,1000,1000,1000,1000,1000,1000
0.05,label_flipping,50,sr_only,0.7081999999999999,0.7082,0.7081999999999999,,137.6877784729004,0.716,0.712,0.711,0.741,0.68,0.706,0.71,0.709,0.696,0.701,1000,1000,1000,1000,1000,1000,1000,1000,1000,1000
0.05,label_flipping,50,td3_ref,0.4295,0.4295,0.4295,,158.54848170280457,0.419,0.41,0.464,0.447,0.427,0.426,0.431,0.417,0.427,0.427,1000,1000,1000,1000,1000,1000,1000,1000,1000,1000
0.05,label_flipping,50,fltrust,0.6652,0.6652,0.6652,,35.726678133010864,0.666,0.662,0.68,0.701,0.644,0.663,0.657,0.684,0.644,0.651,1000,1000,1000,1000,1000,1000,1000,1000,1000,1000
0.05,label_flipping,50,krum,0.0175,0.0175,0.0175,,22.036457538604736,0.019,0.016,0.022,0.015,0.024,0.013,0.023,0.016,0.012,0.015,1000,1000,1000,1000,1000,1000,1000,1000,1000,1000
0.05,label_flipping,50,median,0.5621,0.5621,0.5621,,56.57533645629883,0.56,0.553,0.585,0.599,0.538,0.557,0.552,0.584,0.55,0.543,1000,1000,1000,1000,1000,1000,1000,1000,1000,1000
0.05,label_flipping,50,trimmed_mean,0.5965999999999999,0.5966,0.5965999999999999,,20.657536506652832,0.602,0.597,0.608,0.624,0.572,0.597,0.585,0.614,0.579,0.588,1000,1000,1000,1000,1000,1000,1000,1000,1000,1000
0.05,label_flipping,51,oracle_u,0.6983,0.6983,0.6983,fedavg|fltrust|fedavg|clustering|fltrust|fltrust|fltrust|fltrust|median|fltrust|median|fltrust|fltrust|median|clustering,79.55331039428711,0.704,0.695,0.723,0.724,0.679,0.682,0.701,0.711,0.685,0.679,1000,1000,1000,1000,1000,1000,1000,1000,1000,1000
0.05,label_flipping,51,oracle_w,0.6983,0.6983,0.6983,fedavg|fltrust|fedavg|clustering|fltrust|fltrust|fltrust|fltrust|median|fltrust|median|fltrust|fltrust|median|clustering,79.84887671470642,0.704,0.695,0.723,0.724,0.679,0.682,0.701,0.711,0.685,0.679,1000,1000,1000,1000,1000,1000,1000,1000,1000,1000
0.05,label_flipping,51,fixed,0.7001,0.7001,0.7001,,161.94111251831055,0.708,0.7,0.709,0.733,0.664,0.7,0.698,0.704,0.691,0.694,1000,1000,1000,1000,1000,1000,1000,1000,1000,1000
0.05,label_flipping,51,sr_only,0.7097,0.7097,0.7097,,125.0429961681366,0.715,0.709,0.715,0.745,0.678,0.708,0.717,0.714,0.697,0.699,1000,1000,1000,1000,1000,1000,1000,1000,1000,1000
0.05,label_flipping,51,td3_ref,0.5108,0.5108,0.5108,,142.15180850028992,0.506,0.491,0.525,0.538,0.512,0.509,0.504,0.501,0.509,0.513,1000,1000,1000,1000,1000,1000,1000,1000,1000,1000
0.05,label_flipping,51,fltrust,0.5982,0.5982,0.5982,,16.770843744277954,0.588,0.598,0.626,0.62,0.558,0.584,0.597,0.613,0.595,0.603,1000,1000,1000,1000,1000,1000,1000,1000,1000,1000
0.05,label_flipping,51,krum,0.0176,0.0176,0.0176,,16.79481291770935,0.019,0.016,0.023,0.016,0.024,0.013,0.022,0.016,0.012,0.015,1000,1000,1000,1000,1000,1000,1000,1000,1000,1000
0.05,label_flipping,51,median,0.5631999999999999,0.5632,0.5631999999999999,,16.523318767547607,0.561,0.552,0.589,0.6,0.541,0.558,0.552,0.583,0.554,0.542,1000,1000,1000,1000,1000,1000,1000,1000,1000,1000
0.05,label_flipping,51,trimmed_mean,0.5961,0.5961,0.5961,,16.46689510345459,0.602,0.596,0.61,0.625,0.573,0.593,0.585,0.613,0.577,0.587,1000,1000,1000,1000,1000,1000,1000,1000,1000,1000
0.1,label_flipping,42,oracle_u,0.8273999999999999,0.8274,0.8273999999999999,fedavg|fedavg|clustering|clustering|median|clustering|fltrust|fltrust|fltrust|fltrust|fltrust|fltrust|fltrust|fltrust|fltrust,35.270307540893555,0.825,0.826,0.843,0.825,0.82,0.801,0.811,0.846,0.833,0.844,1000,1000,1000,1000,1000,1000,1000,1000,1000,1000
0.1,label_flipping,42,oracle_w,0.8273999999999999,0.8274,0.8273999999999999,fedavg|fedavg|clustering|clustering|median|clustering|fltrust|fltrust|fltrust|fltrust|fltrust|fltrust|fltrust|fltrust|fltrust,44.33706784248352,0.825,0.826,0.843,0.825,0.82,0.801,0.811,0.846,0.833,0.844,1000,1000,1000,1000,1000,1000,1000,1000,1000,1000
0.1,label_flipping,42,fixed,0.7586,0.7586,0.7586,,177.99144768714905,0.759,0.756,0.761,0.726,0.769,0.764,0.752,0.78,0.761,0.758,1000,1000,1000,1000,1000,1000,1000,1000,1000,1000
0.1,label_flipping,42,sr_only,0.6439,0.6439,0.6439,,159.63050937652588,0.658,0.629,0.659,0.599,0.651,0.635,0.63,0.662,0.66,0.656,1000,1000,1000,1000,1000,1000,1000,1000,1000,1000
0.1,label_flipping,42,td3_ref,0.6306999999999999,0.6307,0.6306999999999999,,186.85057139396667,0.627,0.629,0.656,0.601,0.64,0.607,0.618,0.651,0.632,0.646,1000,1000,1000,1000,1000,1000,1000,1000,1000,1000
0.1,label_flipping,42,fltrust,0.5909,0.5909,0.5909,,65.35429334640503,0.589,0.601,0.621,0.569,0.594,0.566,0.599,0.595,0.563,0.612,1000,1000,1000,1000,1000,1000,1000,1000,1000,1000
0.1,label_flipping,42,krum,0.1943,0.1943,0.1943,,66.32801127433777,0.207,0.191,0.203,0.183,0.208,0.183,0.203,0.193,0.187,0.185,1000,1000,1000,1000,1000,1000,1000,1000,1000,1000
0.1,label_flipping,42,median,0.5275000000000001,0.5275,0.5275000000000001,,52.10659790039063,0.549,0.522,0.549,0.494,0.522,0.485,0.528,0.543,0.532,0.551,1000,1000,1000,1000,1000,1000,1000,1000,1000,1000
0.1,label_flipping,42,trimmed_mean,0.5926,0.5926,0.5926,,31.35498642921448,0.574,0.592,0.631,0.578,0.59,0.556,0.597,0.608,0.585,0.615,1000,1000,1000,1000,1000,1000,1000,1000,1000,1000
0.1,label_flipping,43,oracle_u,0.8339000000000001,0.8339,0.8339000000000001,fedavg|fedavg|clustering|clustering|median|fltrust|fltrust|fltrust|fltrust|clustering|fltrust|fltrust|fltrust|fltrust|fltrust,51.26762628555298,0.834,0.82,0.84,0.824,0.842,0.816,0.825,0.856,0.835,0.847,1000,1000,1000,1000,1000,1000,1000,1000,1000,1000
0.1,label_flipping,43,oracle_w,0.8339000000000001,0.8339,0.8339000000000001,fedavg|fedavg|clustering|clustering|median|fltrust|fltrust|fltrust|fltrust|clustering|fltrust|fltrust|fltrust|fltrust|fltrust,58.932194232940674,0.834,0.82,0.84,0.824,0.842,0.816,0.825,0.856,0.835,0.847,1000,1000,1000,1000,1000,1000,1000,1000,1000,1000
0.1,label_flipping,43,fixed,0.7304999999999999,0.7305,0.7304999999999999,,170.73870182037354,0.738,0.724,0.745,0.716,0.738,0.712,0.718,0.743,0.741,0.73,1000,1000,1000,1000,1000,1000,1000,1000,1000,1000
0.1,label_flipping,43,sr_only,0.7749,0.7749,0.7749,,175.354989528656,0.796,0.755,0.778,0.745,0.774,0.782,0.766,0.789,0.786,0.778,1000,1000,1000,1000,1000,1000,1000,1000,1000,1000
0.1,label_flipping,43,td3_ref,0.7191,0.7191,0.7191,,181.7262942790985,0.726,0.707,0.725,0.701,0.723,0.709,0.716,0.742,0.719,0.723,1000,1000,1000,1000,1000,1000,1000,1000,1000,1000
0.1,label_flipping,43,fltrust,0.6338999999999999,0.6339,0.6338999999999999,,21.7172167301178,0.631,0.632,0.664,0.622,0.639,0.605,0.65,0.635,0.602,0.659,1000,1000,1000,1000,1000,1000,1000,1000,1000,1000
0.1,label_flipping,43,krum,0.1939,0.1939,0.1939,,21.85462117195129,0.208,0.189,0.202,0.182,0.208,0.183,0.203,0.193,0.187,0.184,1000,1000,1000,1000,1000,1000,1000,1000,1000,1000
0.1,label_flipping,43,median,0.526,0.526,0.526,,30.474015474319454,0.546,0.518,0.548,0.493,0.521,0.485,0.525,0.543,0.532,0.549,1000,1000,1000,1000,1000,1000,1000,1000,1000,1000
0.1,label_flipping,43,trimmed_mean,0.5919000000000001,0.5919,0.5919000000000001,,27.322262048721317,0.572,0.593,0.63,0.578,0.59,0.556,0.595,0.607,0.585,0.613,1000,1000,1000,1000,1000,1000,1000,1000,1000,1000
0.1,label_flipping,44,oracle_u,0.8252999999999998,0.8253,0.8252999999999998,fedavg|fedavg|clustering|clustering|median|fltrust|fltrust|fltrust|fltrust|fltrust|fltrust|fltrust|fltrust|fltrust|fltrust,29.650474309921265,0.829,0.818,0.839,0.813,0.832,0.801,0.814,0.843,0.823,0.841,1000,1000,1000,1000,1000,1000,1000,1000,1000,1000
0.1,label_flipping,44,oracle_w,0.8252999999999998,0.8253,0.8252999999999998,fedavg|fedavg|clustering|clustering|median|fltrust|fltrust|fltrust|fltrust|fltrust|fltrust|fltrust|fltrust|fltrust|fltrust,42.79932641983032,0.829,0.818,0.839,0.813,0.832,0.801,0.814,0.843,0.823,0.841,1000,1000,1000,1000,1000,1000,1000,1000,1000,1000
0.1,label_flipping,44,fixed,0.791,0.791,0.791,,158.71378922462463,0.802,0.778,0.801,0.764,0.786,0.795,0.783,0.804,0.803,0.794,1000,1000,1000,1000,1000,1000,1000,1000,1000,1000
0.1,label_flipping,44,sr_only,0.6097999999999999,0.6098,0.6097999999999999,,158.0459690093994,0.621,0.6,0.627,0.577,0.619,0.599,0.599,0.628,0.613,0.615,1000,1000,1000,1000,1000,1000,1000,1000,1000,1000
0.1,label_flipping,44,td3_ref,0.6811,0.6811,0.6811,,155.51361203193665,0.683,0.692,0.702,0.652,0.677,0.655,0.667,0.696,0.688,0.699,1000,1000,1000,1000,1000,1000,1000,1000,1000,1000
0.1,label_flipping,44,fltrust,0.6073999999999999,0.6074,0.6073999999999999,,65.72676134109497,0.597,0.606,0.635,0.592,0.609,0.584,0.625,0.612,0.577,0.637,1000,1000,1000,1000,1000,1000,1000,1000,1000,1000
0.1,label_flipping,44,krum,0.1946,0.1946,0.1946,,68.60778784751892,0.207,0.192,0.204,0.183,0.208,0.183,0.203,0.194,0.187,0.185,1000,1000,1000,1000,1000,1000,1000,1000,1000,1000
0.1,label_flipping,44,median,0.5282,0.5282,0.5282,,19.36316466331482,0.547,0.523,0.55,0.495,0.523,0.485,0.529,0.543,0.535,0.552,1000,1000,1000,1000,1000,1000,1000,1000,1000,1000
0.1,label_flipping,44,trimmed_mean,0.5936999999999999,0.5937,0.5936999999999999,,22.181045293807983,0.574,0.594,0.63,0.58,0.592,0.557,0.599,0.608,0.587,0.616,1000,1000,1000,1000,1000,1000,1000,1000,1000,1000
0.1,label_flipping,45,oracle_u,0.8175000000000001,0.8175,0.8175000000000001,fedavg|fedavg|clustering|clustering|median|fltrust|fltrust|fltrust|fltrust|fltrust|fltrust|fltrust|fltrust|fltrust|fltrust,90.0982701778412,0.813,0.804,0.837,0.812,0.821,0.804,0.8,0.84,0.809,0.835,1000,1000,1000,1000,1000,1000,1000,1000,1000,1000
0.1,label_flipping,45,oracle_w,0.8175000000000001,0.8175,0.8175000000000001,fedavg|fedavg|clustering|clustering|median|fltrust|fltrust|fltrust|fltrust|fltrust|fltrust|fltrust|fltrust|fltrust|fltrust,63.7573766708374,0.813,0.804,0.837,0.812,0.821,0.804,0.8,0.84,0.809,0.835,1000,1000,1000,1000,1000,1000,1000,1000,1000,1000
0.1,label_flipping,45,fixed,0.7659,0.7659,0.7659,,183.66785621643064,0.777,0.756,0.767,0.738,0.768,0.772,0.762,0.782,0.766,0.771,1000,1000,1000,1000,1000,1000,1000,1000,1000,1000
0.1,label_flipping,45,sr_only,0.6489,0.6489,0.6489,,149.57927322387695,0.665,0.634,0.664,0.608,0.652,0.643,0.634,0.666,0.665,0.658,1000,1000,1000,1000,1000,1000,1000,1000,1000,1000
0.1,label_flipping,45,td3_ref,0.7438,0.7438,0.7438,,181.7130455970764,0.745,0.735,0.745,0.71,0.751,0.737,0.744,0.769,0.747,0.755,1000,1000,1000,1000,1000,1000,1000,1000,1000,1000
0.1,label_flipping,45,fltrust,0.6705,0.6705,0.6705,,21.196664810180664,0.666,0.669,0.682,0.651,0.669,0.665,0.671,0.691,0.656,0.685,1000,1000,1000,1000,1000,1000,1000,1000,1000,1000
0.1,label_flipping,45,krum,0.1944,0.1944,0.1944,,24.85031485557556,0.208,0.191,0.204,0.182,0.208,0.183,0.204,0.193,0.187,0.184,1000,1000,1000,1000,1000,1000,1000,1000,1000,1000
0.1,label_flipping,45,median,0.5259000000000001,0.5259,0.5259000000000001,,21.139786958694454,0.544,0.522,0.548,0.493,0.521,0.483,0.528,0.543,0.528,0.549,1000,1000,1000,1000,1000,1000,1000,1000,1000,1000
0.1,label_flipping,45,trimmed_mean,0.5929,0.5929,0.5929,,52.09316468238831,0.574,0.594,0.632,0.577,0.591,0.557,0.598,0.607,0.585,0.614,1000,1000,1000,1000,1000,1000,1000,1000,1000,1000
0.1,label_flipping,46,oracle_u,0.8231000000000002,0.8231,0.8231000000000002,fedavg|fedavg|clustering|clustering|median|fltrust|fltrust|fltrust|fltrust|fltrust|fltrust|fltrust|fltrust|fltrust|fltrust,92.4734342098236,0.823,0.83,0.837,0.82,0.826,0.802,0.801,0.837,0.82,0.835,1000,1000,1000,1000,1000,1000,1000,1000,1000,1000
0.1,label_flipping,46,oracle_w,0.8231000000000002,0.8231,0.8231000000000002,fedavg|fedavg|clustering|clustering|median|fltrust|fltrust|fltrust|fltrust|fltrust|fltrust|fltrust|fltrust|fltrust|fltrust,71.00579929351807,0.823,0.83,0.837,0.82,0.826,0.802,0.801,0.837,0.82,0.835,1000,1000,1000,1000,1000,1000,1000,1000,1000,1000
0.1,label_flipping,46,fixed,0.7428999999999999,0.7429,0.7428999999999999,,156.68409323692322,0.735,0.742,0.759,0.732,0.75,0.733,0.732,0.756,0.754,0.736,1000,1000,1000,1000,1000,1000,1000,1000,1000,1000
0.1,label_flipping,46,sr_only,0.6482,0.6482,0.6482,,149.6405279636383,0.66,0.634,0.663,0.611,0.653,0.644,0.635,0.665,0.661,0.656,1000,1000,1000,1000,1000,1000,1000,1000,1000,1000
0.1,label_flipping,46,td3_ref,0.5720000000000001,0.572,0.5720000000000001,,164.9715678691864,0.577,0.588,0.589,0.54,0.576,0.556,0.55,0.59,0.576,0.578,1000,1000,1000,1000,1000,1000,1000,1000,1000,1000
0.1,label_flipping,46,fltrust,0.5729,0.5729,0.5729,,22.86336374282837,0.564,0.579,0.596,0.545,0.584,0.555,0.559,0.596,0.573,0.578,1000,1000,1000,1000,1000,1000,1000,1000,1000,1000
0.1,label_flipping,46,krum,0.1937,0.1937,0.1937,,51.04622197151184,0.208,0.189,0.202,0.182,0.208,0.182,0.204,0.191,0.187,0.184,1000,1000,1000,1000,1000,1000,1000,1000,1000,1000
0.1,label_flipping,46,median,0.5277000000000001,0.5277,0.5277000000000001,,27.384137868881226,0.546,0.521,0.547,0.497,0.522,0.484,0.53,0.545,0.533,0.552,1000,1000,1000,1000,1000,1000,1000,1000,1000,1000
0.1,label_flipping,46,trimmed_mean,0.593,0.593,0.593,,60.51658487319946,0.573,0.591,0.63,0.579,0.591,0.555,0.599,0.609,0.587,0.616,1000,1000,1000,1000,1000,1000,1000,1000,1000,1000
0.1,label_flipping,47,oracle_u,0.8209,0.8209,0.8209,fedavg|fedavg|clustering|clustering|median|fltrust|fltrust|fltrust|fltrust|fltrust|fltrust|fltrust|fltrust|fltrust|fltrust,83.5302619934082,0.814,0.812,0.843,0.806,0.829,0.805,0.811,0.832,0.826,0.831,1000,1000,1000,1000,1000,1000,1000,1000,1000,1000
0.1,label_flipping,47,oracle_w,0.8209,0.8209,0.8209,fedavg|fedavg|clustering|clustering|median|fltrust|fltrust|fltrust|fltrust|fltrust|fltrust|fltrust|fltrust|fltrust|fltrust,45.5969865322113,0.814,0.812,0.843,0.806,0.829,0.805,0.811,0.832,0.826,0.831,1000,1000,1000,1000,1000,1000,1000,1000,1000,1000
0.1,label_flipping,47,fixed,0.6578,0.6578,0.6578,,161.78276252746582,0.679,0.646,0.684,0.627,0.66,0.645,0.658,0.667,0.649,0.663,1000,1000,1000,1000,1000,1000,1000,1000,1000,1000
0.1,label_flipping,47,sr_only,0.7104999999999999,0.7105,0.7104999999999999,,135.39109921455383,0.72,0.698,0.722,0.673,0.723,0.708,0.709,0.737,0.698,0.717,1000,1000,1000,1000,1000,1000,1000,1000,1000,1000
0.1,label_flipping,47,td3_ref,0.6801,0.6801,0.6801,,172.04719352722168,0.695,0.671,0.702,0.658,0.685,0.656,0.663,0.701,0.689,0.681,1000,1000,1000,1000,1000,1000,1000,1000,1000,1000
0.1,label_flipping,47,fltrust,0.6445,0.6445,0.6445,,63.59796190261841,0.643,0.653,0.666,0.628,0.638,0.638,0.642,0.659,0.635,0.643,1000,1000,1000,1000,1000,1000,1000,1000,1000,1000
0.1,label_flipping,47,krum,0.194,0.194,0.194,,78.17176938056946,0.208,0.189,0.202,0.182,0.208,0.183,0.204,0.193,0.187,0.184,1000,1000,1000,1000,1000,1000,1000,1000,1000,1000
0.1,label_flipping,47,median,0.5250999999999999,0.5251,0.5250999999999999,,82.20202159881592,0.541,0.518,0.547,0.496,0.52,0.484,0.526,0.541,0.526,0.552,1000,1000,1000,1000,1000,1000,1000,1000,1000,1000
0.1,label_flipping,47,trimmed_mean,0.5913,0.5913,0.5913,,22.8997745513916,0.573,0.591,0.629,0.577,0.588,0.556,0.596,0.605,0.585,0.613,1000,1000,1000,1000,1000,1000,1000,1000,1000,1000
0.1,label_flipping,48,oracle_u,0.8148,0.8148,0.8148,fedavg|fedavg|clustering|clustering|median|fltrust|fltrust|fltrust|fltrust|fltrust|fltrust|fltrust|fltrust|fltrust|fltrust,60.72127962112427,0.809,0.827,0.831,0.8,0.81,0.799,0.798,0.824,0.812,0.838,1000,1000,1000,1000,1000,1000,1000,1000,1000,1000
0.1,label_flipping,48,oracle_w,0.8148,0.8148,0.8148,fedavg|fedavg|clustering|clustering|median|fltrust|fltrust|fltrust|fltrust|fltrust|fltrust|fltrust|fltrust|fltrust|fltrust,24.28235411643982,0.809,0.827,0.831,0.8,0.81,0.799,0.798,0.824,0.812,0.838,1000,1000,1000,1000,1000,1000,1000,1000,1000,1000
0.1,label_flipping,48,fixed,0.664,0.664,0.664,,140.54371619224548,0.663,0.661,0.686,0.635,0.661,0.641,0.642,0.688,0.683,0.68,1000,1000,1000,1000,1000,1000,1000,1000,1000,1000
0.1,label_flipping,48,sr_only,0.6811,0.6811,0.6811,,140.25956439971924,0.689,0.67,0.697,0.64,0.678,0.675,0.674,0.7,0.704,0.684,1000,1000,1000,1000,1000,1000,1000,1000,1000,1000
0.1,label_flipping,48,td3_ref,0.7508,0.7508,0.7508,,171.75777530670166,0.749,0.747,0.752,0.728,0.758,0.739,0.746,0.778,0.739,0.772,1000,1000,1000,1000,1000,1000,1000,1000,1000,1000
0.1,label_flipping,48,fltrust,0.6448,0.6448,0.6448,,65.87864518165588,0.637,0.659,0.664,0.626,0.649,0.617,0.617,0.669,0.649,0.661,1000,1000,1000,1000,1000,1000,1000,1000,1000,1000
0.1,label_flipping,48,krum,0.1935,0.1935,0.1935,,76.18154406547546,0.208,0.188,0.201,0.182,0.208,0.181,0.203,0.193,0.187,0.184,1000,1000,1000,1000,1000,1000,1000,1000,1000,1000
0.1,label_flipping,48,median,0.5272,0.5272,0.5272,,88.74885487556458,0.545,0.521,0.549,0.495,0.522,0.483,0.529,0.543,0.532,0.553,1000,1000,1000,1000,1000,1000,1000,1000,1000,1000
0.1,label_flipping,48,trimmed_mean,0.5923999999999999,0.5924,0.5923999999999999,,21.075178623199463,0.574,0.592,0.63,0.577,0.59,0.556,0.599,0.608,0.585,0.613,1000,1000,1000,1000,1000,1000,1000,1000,1000,1000
0.1,label_flipping,49,oracle_u,0.6237,0.6237,0.6237,fltrust|fltrust|fltrust|fltrust|fltrust|fltrust|fltrust|fltrust|fltrust|fltrust|fltrust|fltrust|fltrust|fltrust|fltrust,62.08984041213989,0.623,0.627,0.657,0.592,0.622,0.617,0.614,0.645,0.61,0.63,1000,1000,1000,1000,1000,1000,1000,1000,1000,1000
0.1,label_flipping,49,oracle_w,0.6237,0.6237,0.6237,fltrust|fltrust|fltrust|fltrust|fltrust|fltrust|fltrust|fltrust|fltrust|fltrust|fltrust|fltrust|fltrust|fltrust|fltrust,24.46437692642212,0.623,0.627,0.657,0.592,0.622,0.617,0.614,0.645,0.61,0.63,1000,1000,1000,1000,1000,1000,1000,1000,1000,1000
0.1,label_flipping,49,fixed,0.6975,0.6975,0.6975,,156.0080049037933,0.71,0.693,0.708,0.663,0.695,0.684,0.689,0.718,0.691,0.724,1000,1000,1000,1000,1000,1000,1000,1000,1000,1000
0.1,label_flipping,49,sr_only,0.7078999999999999,0.7079,0.7078999999999999,,139.09402561187744,0.717,0.697,0.718,0.668,0.721,0.704,0.71,0.736,0.693,0.715,1000,1000,1000,1000,1000,1000,1000,1000,1000,1000
0.1,label_flipping,49,td3_ref,0.6900000000000001,0.69,0.6900000000000001,,155.97773551940918,0.69,0.677,0.712,0.665,0.696,0.665,0.669,0.716,0.699,0.711,1000,1000,1000,1000,1000,1000,1000,1000,1000,1000
0.1,label_flipping,49,fltrust,0.6237,0.6237,0.6237,,48.9982271194458,0.623,0.627,0.657,0.592,0.622,0.617,0.614,0.645,0.61,0.63,1000,1000,1000,1000,1000,1000,1000,1000,1000,1000
0.1,label_flipping,49,krum,0.194,0.194,0.194,,26.220349311828613,0.208,0.19,0.202,0.182,0.208,0.182,0.204,0.193,0.187,0.184,1000,1000,1000,1000,1000,1000,1000,1000,1000,1000
0.1,label_flipping,49,median,0.5279,0.5279,0.5279,,34.06293511390686,0.546,0.521,0.55,0.498,0.522,0.485,0.529,0.545,0.533,0.55,1000,1000,1000,1000,1000,1000,1000,1000,1000,1000
0.1,label_flipping,49,trimmed_mean,0.5939,0.5939,0.5939,,21.95058226585388,0.574,0.594,0.631,0.579,0.593,0.557,0.6,0.609,0.587,0.615,1000,1000,1000,1000,1000,1000,1000,1000,1000,1000
0.1,label_flipping,50,oracle_u,0.8154999999999999,0.8155,0.8154999999999999,fedavg|fedavg|clustering|clustering|median|fltrust|fltrust|fltrust|fltrust|fltrust|fltrust|fltrust|fltrust|fltrust|fltrust,49.81417655944824,0.818,0.812,0.825,0.799,0.821,0.797,0.803,0.836,0.808,0.836,1000,1000,1000,1000,1000,1000,1000,1000,1000,1000
0.1,label_flipping,50,oracle_w,0.8154999999999999,0.8155,0.8154999999999999,fedavg|fedavg|clustering|clustering|median|fltrust|fltrust|fltrust|fltrust|fltrust|fltrust|fltrust|fltrust|fltrust|fltrust,40.83579397201538,0.818,0.812,0.825,0.799,0.821,0.797,0.803,0.836,0.808,0.836,1000,1000,1000,1000,1000,1000,1000,1000,1000,1000
0.1,label_flipping,50,fixed,0.6637000000000001,0.6637,0.6637000000000001,,158.80452871322632,0.665,0.645,0.69,0.648,0.666,0.664,0.636,0.679,0.675,0.669,1000,1000,1000,1000,1000,1000,1000,1000,1000,1000
0.1,label_flipping,50,sr_only,0.7707,0.7707,0.7707,,142.87995266914368,0.786,0.751,0.776,0.74,0.771,0.777,0.762,0.789,0.78,0.775,1000,1000,1000,1000,1000,1000,1000,1000,1000,1000
0.1,label_flipping,50,td3_ref,0.6891,0.6891,0.6891,,160.31957578659058,0.701,0.695,0.693,0.656,0.68,0.69,0.684,0.705,0.69,0.697,1000,1000,1000,1000,1000,1000,1000,1000,1000,1000
0.1,label_flipping,50,fltrust,0.6454,0.6454,0.6454,,37.9066743850708,0.641,0.636,0.684,0.631,0.651,0.617,0.658,0.652,0.624,0.66,1000,1000,1000,1000,1000,1000,1000,1000,1000,1000
0.1,label_flipping,50,krum,0.1941,0.1941,0.1941,,26.33536982536316,0.207,0.189,0.204,0.182,0.208,0.183,0.204,0.193,0.187,0.184,1000,1000,1000,1000,1000,1000,1000,1000,1000,1000
0.1,label_flipping,50,median,0.5264000000000001,0.5264,0.5264000000000001,,51.54355192184448,0.545,0.522,0.548,0.495,0.52,0.483,0.528,0.544,0.53,0.549,1000,1000,1000,1000,1000,1000,1000,1000,1000,1000
0.1,label_flipping,50,trimmed_mean,0.5921,0.5921,0.5921,,28.19693636894226,0.573,0.593,0.63,0.579,0.589,0.556,0.598,0.605,0.585,0.613,1000,1000,1000,1000,1000,1000,1000,1000,1000,1000
0.1,label_flipping,51,oracle_u,0.8148,0.8148,0.8148,fedavg|fedavg|clustering|clustering|fltrust|fltrust|fltrust|median|fltrust|fltrust|fltrust|fltrust|fltrust|fltrust|fltrust,39.488139629364014,0.803,0.823,0.829,0.799,0.818,0.793,0.806,0.826,0.819,0.832,1000,1000,1000,1000,1000,1000,1000,1000,1000,1000
0.1,label_flipping,51,oracle_w,0.8148,0.8148,0.8148,fedavg|fedavg|clustering|clustering|fltrust|fltrust|fltrust|median|fltrust|fltrust|fltrust|fltrust|fltrust|fltrust|fltrust,78.04004907608032,0.803,0.823,0.829,0.799,0.818,0.793,0.806,0.826,0.819,0.832,1000,1000,1000,1000,1000,1000,1000,1000,1000,1000
0.1,label_flipping,51,fixed,0.6231,0.6231,0.6231,,165.4112105369568,0.63,0.629,0.643,0.585,0.617,0.624,0.606,0.642,0.636,0.619,1000,1000,1000,1000,1000,1000,1000,1000,1000,1000
0.1,label_flipping,51,sr_only,0.6529,0.6529,0.6529,,137.50714921951294,0.666,0.641,0.671,0.619,0.658,0.64,0.648,0.666,0.653,0.667,1000,1000,1000,1000,1000,1000,1000,1000,1000,1000
0.1,label_flipping,51,td3_ref,0.6962,0.6962,0.6962,,163.07038116455078,0.7,0.685,0.721,0.668,0.701,0.675,0.669,0.722,0.705,0.716,1000,1000,1000,1000,1000,1000,1000,1000,1000,1000
0.1,label_flipping,51,fltrust,0.6172,0.6172,0.6172,,103.51150631904602,0.612,0.615,0.649,0.584,0.626,0.589,0.623,0.632,0.604,0.638,1000,1000,1000,1000,1000,1000,1000,1000,1000,1000
0.1,label_flipping,51,krum,0.1939,0.1939,0.1939,,116.25870823860168,0.207,0.189,0.202,0.182,0.208,0.183,0.204,0.193,0.187,0.184,1000,1000,1000,1000,1000,1000,1000,1000,1000,1000
0.1,label_flipping,51,median,0.5258999999999999,0.5259,0.5258999999999999,,57.33870768547058,0.54,0.521,0.548,0.493,0.522,0.48,0.529,0.544,0.529,0.553,1000,1000,1000,1000,1000,1000,1000,1000,1000,1000
0.1,label_flipping,51,trimmed_mean,0.5917,0.5917,0.5917,,21.255107879638672,0.572,0.587,0.63,0.577,0.592,0.555,0.599,0.606,0.585,0.614,1000,1000,1000,1000,1000,1000,1000,1000,1000,1000
0.5,label_flipping,42,oracle_u,0.8924999999999998,0.8925,0.8924999999999998,krum|krum|clustering|clustering|clustering|clustering|clustering|clustering|clustering|fltrust|fltrust|fltrust|fltrust|fltrust|fltrust,36.47482752799988,0.911,0.906,0.883,0.907,0.887,0.891,0.902,0.88,0.882,0.876,1000,1000,1000,1000,1000,1000,1000,1000,1000,1000
0.5,label_flipping,42,oracle_w,0.8924999999999998,0.8925,0.8924999999999998,krum|krum|clustering|clustering|clustering|clustering|clustering|clustering|clustering|fltrust|fltrust|fltrust|fltrust|fltrust|fltrust,37.20473527908325,0.911,0.906,0.883,0.907,0.887,0.891,0.902,0.88,0.882,0.876,1000,1000,1000,1000,1000,1000,1000,1000,1000,1000
0.5,label_flipping,42,fixed,0.6923000000000001,0.6923,0.6923000000000001,,139.10772395133972,0.7,0.699,0.697,0.684,0.701,0.693,0.717,0.677,0.674,0.681,1000,1000,1000,1000,1000,1000,1000,1000,1000,1000
0.5,label_flipping,42,sr_only,0.6723,0.6723,0.6723,,127.10865712165833,0.681,0.679,0.681,0.666,0.685,0.66,0.697,0.655,0.655,0.664,1000,1000,1000,1000,1000,1000,1000,1000,1000,1000
0.5,label_flipping,42,td3_ref,0.7853,0.7853,0.7853,,150.60171794891355,0.775,0.807,0.783,0.794,0.781,0.78,0.804,0.773,0.773,0.783,1000,1000,1000,1000,1000,1000,1000,1000,1000,1000
0.5,label_flipping,42,fltrust,0.7926,0.7926,0.7926,,51.65550398826599,0.814,0.795,0.803,0.816,0.783,0.785,0.797,0.767,0.788,0.778,1000,1000,1000,1000,1000,1000,1000,1000,1000,1000
0.5,label_flipping,42,krum,0.8865999999999999,0.8866,0.8865999999999999,,27.58291268348694,0.889,0.901,0.879,0.904,0.888,0.882,0.899,0.873,0.873,0.878,1000,1000,1000,1000,1000,1000,1000,1000,1000,1000
0.5,label_flipping,42,median,0.8764,0.8764,0.8764,,42.50997710227966,0.887,0.886,0.873,0.89,0.87,0.876,0.886,0.872,0.862,0.862,1000,1000,1000,1000,1000,1000,1000,1000,1000,1000
0.5,label_flipping,42,trimmed_mean,0.8862,0.8862,0.8862,,37.68257427215576,0.895,0.891,0.887,0.899,0.878,0.883,0.903,0.878,0.872,0.876,1000,1000,1000,1000,1000,1000,1000,1000,1000,1000
0.5,label_flipping,43,oracle_u,0.8937999999999999,0.8938,0.8937999999999999,krum|clustering|clustering|clustering|clustering|clustering|clustering|clustering|clustering|clustering|trimmed_mean|clustering|clustering|fltrust|clustering,42.89431929588318,0.901,0.909,0.89,0.907,0.885,0.892,0.903,0.883,0.886,0.882,1000,1000,1000,1000,1000,1000,1000,1000,1000,1000
0.5,label_flipping,43,oracle_w,0.8937999999999999,0.8938,0.8937999999999999,krum|clustering|clustering|clustering|clustering|clustering|clustering|clustering|clustering|clustering|trimmed_mean|clustering|clustering|fltrust|clustering,54.5274965763092,0.901,0.909,0.89,0.907,0.885,0.892,0.903,0.883,0.886,0.882,1000,1000,1000,1000,1000,1000,1000,1000,1000,1000
0.5,label_flipping,43,fixed,0.7154999999999999,0.7155,0.7154999999999999,,179.17955446243286,0.725,0.722,0.721,0.712,0.727,0.712,0.73,0.7,0.697,0.709,1000,1000,1000,1000,1000,1000,1000,1000,1000,1000
0.5,label_flipping,43,sr_only,0.8489000000000001,0.8489,0.8489000000000001,,159.91270327568054,0.848,0.857,0.847,0.866,0.847,0.851,0.862,0.839,0.829,0.843,1000,1000,1000,1000,1000,1000,1000,1000,1000,1000
0.5,label_flipping,43,td3_ref,0.5854999999999999,0.5855,0.5854999999999999,,189.84854984283447,0.564,0.599,0.589,0.6,0.604,0.58,0.596,0.577,0.57,0.576,1000,1000,1000,1000,1000,1000,1000,1000,1000,1000
0.5,label_flipping,43,fltrust,0.8065,0.8065,0.8065,,40.64723038673401,0.82,0.814,0.811,0.826,0.804,0.805,0.808,0.782,0.803,0.792,1000,1000,1000,1000,1000,1000,1000,1000,1000,1000
0.5,label_flipping,43,krum,0.8854,0.8854,0.8854,,32.2720320224762,0.889,0.898,0.879,0.9,0.888,0.882,0.897,0.87,0.876,0.875,1000,1000,1000,1000,1000,1000,1000,1000,1000,1000
0.5,label_flipping,43,median,0.8771000000000001,0.8771,0.8771000000000001,,34.44536900520325,0.888,0.882,0.875,0.89,0.87,0.879,0.886,0.873,0.864,0.864,1000,1000,1000,1000,1000,1000,1000,1000,1000,1000
0.5,label_flipping,43,trimmed_mean,0.8863,0.8863,0.8863,,48.17310762405396,0.893,0.891,0.885,0.899,0.879,0.884,0.903,0.879,0.874,0.876,1000,1000,1000,1000,1000,1000,1000,1000,1000,1000
0.5,label_flipping,44,oracle_u,0.8940999999999999,0.8941,0.8940999999999999,krum|clustering|clustering|clustering|clustering|clustering|clustering|clustering|clustering|clustering|clustering|fltrust|fltrust|fltrust|fltrust,73.6905083656311,0.907,0.907,0.891,0.906,0.887,0.893,0.903,0.883,0.885,0.879,1000,1000,1000,1000,1000,1000,1000,1000,1000,1000
0.5,label_flipping,44,oracle_w,0.8940999999999999,0.8941,0.8940999999999999,krum|clustering|clustering|clustering|clustering|clustering|clustering|clustering|clustering|clustering|clustering|fltrust|fltrust|fltrust|fltrust,33.924843072891235,0.907,0.907,0.891,0.906,0.887,0.893,0.903,0.883,0.885,0.879,1000,1000,1000,1000,1000,1000,1000,1000,1000,1000
0.5,label_flipping,44,fixed,0.8652,0.8652,0.8652,,187.95954298973083,0.87,0.872,0.864,0.88,0.858,0.864,0.879,0.857,0.855,0.853,1000,1000,1000,1000,1000,1000,1000,1000,1000,1000
0.5,label_flipping,44,sr_only,0.7598,0.7598,0.7598,,173.1725926399231,0.763,0.767,0.761,0.765,0.766,0.76,0.777,0.742,0.743,0.754,1000,1000,1000,1000,1000,1000,1000,1000,1000,1000
0.5,label_flipping,44,td3_ref,0.6904,0.6904,0.6904,,184.23597764968872,0.7,0.699,0.697,0.681,0.7,0.682,0.714,0.673,0.673,0.685,1000,1000,1000,1000,1000,1000,1000,1000,1000,1000
0.5,label_flipping,44,fltrust,0.8064,0.8064,0.8064,,53.83188533782959,0.829,0.811,0.812,0.83,0.807,0.802,0.808,0.775,0.804,0.786,1000,1000,1000,1000,1000,1000,1000,1000,1000,1000
0.5,label_flipping,44,krum,0.8442000000000001,0.8442,0.8442000000000001,,38.54340958595276,0.854,0.865,0.847,0.86,0.842,0.843,0.852,0.815,0.828,0.836,1000,1000,1000,1000,1000,1000,1000,1000,1000,1000
0.5,label_flipping,44,median,0.8767999999999999,0.8768,0.8767999999999999,,31.46858048439026,0.887,0.883,0.874,0.892,0.87,0.878,0.887,0.872,0.862,0.863,1000,1000,1000,1000,1000,1000,1000,1000,1000,1000
0.5,label_flipping,44,trimmed_mean,0.8862,0.8862,0.8862,,71.30955076217651,0.894,0.891,0.885,0.898,0.879,0.884,0.903,0.88,0.871,0.877,1000,1000,1000,1000,1000,1000,1000,1000,1000,1000
0.5,label_flipping,45,oracle_u,0.8950000000000001,0.895,0.8950000000000001,krum|clustering|clustering|clustering|clustering|clustering|clustering|clustering|clustering|fltrust|clustering|fltrust|fltrust|fltrust|fltrust,131.18785429000854,0.907,0.91,0.886,0.91,0.89,0.891,0.904,0.887,0.884,0.881,1000,1000,1000,1000,1000,1000,1000,1000,1000,1000
0.5,label_flipping,45,oracle_w,0.8950000000000001,0.895,0.8950000000000001,krum|clustering|clustering|clustering|clustering|clustering|clustering|clustering|clustering|fltrust|clustering|fltrust|fltrust|fltrust|fltrust,42.93515229225159,0.907,0.91,0.886,0.91,0.89,0.891,0.904,0.887,0.884,0.881,1000,1000,1000,1000,1000,1000,1000,1000,1000,1000
0.5,label_flipping,45,fixed,0.8465999999999999,0.8466,0.8465999999999999,,165.89562797546387,0.85,0.854,0.843,0.852,0.846,0.843,0.864,0.835,0.837,0.842,1000,1000,1000,1000,1000,1000,1000,1000,1000,1000
0.5,label_flipping,45,sr_only,0.6773,0.6773,0.6773,,141.95260167121887,0.685,0.682,0.684,0.672,0.69,0.667,0.698,0.664,0.663,0.668,1000,1000,1000,1000,1000,1000,1000,1000,1000,1000
0.5,label_flipping,45,td3_ref,0.8199,0.8199,0.8199,,182.6100025177002,0.818,0.829,0.825,0.832,0.814,0.81,0.828,0.823,0.806,0.814,1000,1000,1000,1000,1000,1000,1000,1000,1000,1000
0.5,label_flipping,45,fltrust,0.8075000000000001,0.8075,0.8075000000000001,,41.9373893737793,0.827,0.813,0.811,0.833,0.807,0.805,0.81,0.777,0.806,0.786,1000,1000,1000,1000,1000,1000,1000,1000,1000,1000
0.5,label_flipping,45,krum,0.8877,0.8877,0.8877,,55.80703783035278,0.89,0.901,0.881,0.903,0.888,0.883,0.899,0.873,0.881,0.878,1000,1000,1000,1000,1000,1000,1000,1000,1000,1000
0.5,label_flipping,45,median,0.8760999999999999,0.8761,0.8760999999999999,,100.23624849319458,0.887,0.88,0.873,0.891,0.87,0.878,0.885,0.872,0.863,0.862,1000,1000,1000,1000,1000,1000,1000,1000,1000,1000
0.5,label_flipping,45,trimmed_mean,0.8857000000000002,0.8857,0.8857000000000002,,49.01128530502319,0.893,0.891,0.885,0.899,0.879,0.883,0.901,0.877,0.872,0.877,1000,1000,1000,1000,1000,1000,1000,1000,1000,1000
0.5,label_flipping,46,oracle_u,0.8941000000000001,0.8941,0.8941000000000001,krum|clustering|clustering|clustering|clustering|clustering|clustering|clustering|clustering|clustering|fltrust|clustering|fltrust|fltrust|fltrust,34.10504102706909,0.914,0.909,0.893,0.904,0.886,0.892,0.904,0.877,0.885,0.877,1000,1000,1000,1000,1000,1000,1000,1000,1000,1000
0.5,label_flipping,46,oracle_w,0.8941000000000001,0.8941,0.8941000000000001,krum|clustering|clustering|clustering|clustering|clustering|clustering|clustering|clustering|clustering|fltrust|clustering|fltrust|fltrust|fltrust,41.18783116340637,0.914,0.909,0.893,0.904,0.886,0.892,0.904,0.877,0.885,0.877,1000,1000,1000,1000,1000,1000,1000,1000,1000,1000
0.5,label_flipping,46,fixed,0.6763000000000001,0.6763,0.6763000000000001,,150.7952950000763,0.688,0.684,0.684,0.668,0.691,0.662,0.703,0.657,0.658,0.668,1000,1000,1000,1000,1000,1000,1000,1000,1000,1000
0.5,label_flipping,46,sr_only,0.6656000000000001,0.6656,0.6656000000000001,,152.2416524887085,0.676,0.673,0.673,0.661,0.678,0.651,0.685,0.652,0.65,0.657,1000,1000,1000,1000,1000,1000,1000,1000,1000,1000
0.5,label_flipping,46,td3_ref,0.2638999999999999,0.2639,0.2638999999999999,,156.46820044517517,0.244,0.258,0.27,0.272,0.266,0.26,0.305,0.255,0.244,0.265,1000,1000,1000,1000,1000,1000,1000,1000,1000,1000
0.5,label_flipping,46,fltrust,0.7946,0.7946,0.7946,,22.42648720741272,0.816,0.802,0.805,0.82,0.793,0.779,0.798,0.76,0.794,0.779,1000,1000,1000,1000,1000,1000,1000,1000,1000,1000
0.5,label_flipping,46,krum,0.8864000000000001,0.8864,0.8864000000000001,,112.24765610694884,0.888,0.902,0.879,0.901,0.887,0.881,0.9,0.874,0.875,0.877,1000,1000,1000,1000,1000,1000,1000,1000,1000,1000
0.5,label_flipping,46,median,0.8768,0.8768,0.8768,,116.81653475761414,0.887,0.883,0.874,0.891,0.869,0.879,0.887,0.873,0.862,0.863,1000,1000,1000,1000,1000,1000,1000,1000,1000,1000
0.5,label_flipping,46,trimmed_mean,0.8860000000000001,0.886,0.8860000000000001,,141.04471921920776,0.893,0.891,0.885,0.899,0.878,0.881,0.903,0.878,0.875,0.877,1000,1000,1000,1000,1000,1000,1000,1000,1000,1000
0.5,label_flipping,47,oracle_u,0.891,0.891,0.891,krum|krum|clustering|clustering|clustering|clustering|clustering|clustering|clustering|fltrust|fltrust|fltrust|fltrust|fltrust|fltrust,46.47724652290344,0.906,0.905,0.886,0.905,0.883,0.888,0.903,0.88,0.88,0.874,1000,1000,1000,1000,1000,1000,1000,1000,1000,1000
0.5,label_flipping,47,oracle_w,0.891,0.891,0.891,krum|krum|clustering|clustering|clustering|clustering|clustering|clustering|clustering|fltrust|fltrust|fltrust|fltrust|fltrust|fltrust,77.60336542129517,0.906,0.905,0.886,0.905,0.883,0.888,0.903,0.88,0.88,0.874,1000,1000,1000,1000,1000,1000,1000,1000,1000,1000
0.5,label_flipping,47,fixed,0.7756000000000001,0.7756,0.7756000000000001,,165.26810336112976,0.77,0.783,0.776,0.787,0.78,0.777,0.791,0.766,0.764,0.762,1000,1000,1000,1000,1000,1000,1000,1000,1000,1000
0.5,label_flipping,47,sr_only,0.7383,0.7383,0.7383,,147.84218287467957,0.717,0.758,0.74,0.746,0.736,0.728,0.761,0.739,0.725,0.733,1000,1000,1000,1000,1000,1000,1000,1000,1000,1000
0.5,label_flipping,47,td3_ref,0.5932000000000001,0.5932,0.5932000000000001,,175.81364631652832,0.577,0.613,0.588,0.616,0.604,0.569,0.609,0.591,0.586,0.579,1000,1000,1000,1000,1000,1000,1000,1000,1000,1000
0.5,label_flipping,47,fltrust,0.8036,0.8036,0.8036,,65.34416055679321,0.825,0.806,0.81,0.825,0.805,0.8,0.804,0.776,0.8,0.785,1000,1000,1000,1000,1000,1000,1000,1000,1000,1000
0.5,label_flipping,47,krum,0.8876999999999999,0.8877,0.8876999999999999,,100.51834630966188,0.893,0.903,0.881,0.902,0.887,0.883,0.901,0.874,0.88,0.873,1000,1000,1000,1000,1000,1000,1000,1000,1000,1000
0.5,label_flipping,47,median,0.8772,0.8772,0.8772,,72.27935481071472,0.888,0.883,0.875,0.891,0.87,0.879,0.884,0.873,0.864,0.865,1000,1000,1000,1000,1000,1000,1000,1000,1000,1000
0.5,label_flipping,47,trimmed_mean,0.8865000000000001,0.8865,0.8865000000000001,,50.053515911102295,0.895,0.891,0.885,0.899,0.88,0.883,0.902,0.881,0.872,0.877,1000,1000,1000,1000,1000,1000,1000,1000,1000,1000
0.5,label_flipping,48,oracle_u,0.8930999999999999,0.8931,0.8930999999999999,krum|clustering|clustering|clustering|clustering|clustering|clustering|clustering|clustering|clustering|fltrust|fltrust|trimmed_mean|clustering|clustering,57.34406638145447,0.902,0.908,0.888,0.907,0.884,0.892,0.904,0.883,0.882,0.881,1000,1000,1000,1000,1000,1000,1000,1000,1000,1000
0.5,label_flipping,48,oracle_w,0.8930999999999999,0.8931,0.8930999999999999,krum|clustering|clustering|clustering|clustering|clustering|clustering|clustering|clustering|clustering|fltrust|fltrust|trimmed_mean|clustering|clustering,48.8821713924408,0.902,0.908,0.888,0.907,0.884,0.892,0.904,0.883,0.882,0.881,1000,1000,1000,1000,1000,1000,1000,1000,1000,1000
0.5,label_flipping,48,fixed,0.7908999999999999,0.7909,0.7908999999999999,,163.52844429016113,0.789,0.796,0.802,0.8,0.79,0.782,0.801,0.78,0.784,0.785,1000,1000,1000,1000,1000,1000,1000,1000,1000,1000
0.5,label_flipping,48,sr_only,0.8342999999999998,0.8343,0.8342999999999998,,151.29229426383972,0.83,0.846,0.83,0.852,0.832,0.826,0.845,0.833,0.818,0.831,1000,1000,1000,1000,1000,1000,1000,1000,1000,1000
0.5,label_flipping,48,td3_ref,0.8341000000000001,0.8341,0.8341000000000001,,154.7966549396515,0.839,0.844,0.837,0.847,0.826,0.83,0.848,0.824,0.817,0.829,1000,1000,1000,1000,1000,1000,1000,1000,1000,1000
0.5,label_flipping,48,fltrust,0.8039000000000002,0.8039,0.8039000000000002,,103.1048834323883,0.825,0.806,0.808,0.828,0.806,0.795,0.804,0.775,0.802,0.79,1000,1000,1000,1000,1000,1000,1000,1000,1000,1000
0.5,label_flipping,48,krum,0.8407,0.8407,0.8407,,140.64724278450012,0.853,0.861,0.844,0.856,0.838,0.838,0.849,0.811,0.828,0.829,1000,1000,1000,1000,1000,1000,1000,1000,1000,1000
0.5,label_flipping,48,median,0.8763,0.8763,0.8763,,116.47903227806091,0.888,0.882,0.873,0.89,0.87,0.877,0.886,0.872,0.863,0.862,1000,1000,1000,1000,1000,1000,1000,1000,1000,1000
0.5,label_flipping,48,trimmed_mean,0.8864000000000001,0.8864,0.8864000000000001,,44.95904421806336,0.895,0.891,0.886,0.899,0.879,0.883,0.903,0.879,0.871,0.878,1000,1000,1000,1000,1000,1000,1000,1000,1000,1000
0.5,label_flipping,49,oracle_u,0.8911000000000001,0.8911,0.8911000000000001,krum|clustering|clustering|clustering|clustering|clustering|clustering|clustering|clustering|clustering|fltrust|fltrust|fltrust|fltrust|trimmed_mean,59.54088854789734,0.903,0.908,0.888,0.901,0.884,0.887,0.903,0.882,0.878,0.877,1000,1000,1000,1000,1000,1000,1000,1000,1000,1000
0.5,label_flipping,49,oracle_w,0.8911000000000001,0.8911,0.8911000000000001,krum|clustering|clustering|clustering|clustering|clustering|clustering|clustering|clustering|clustering|fltrust|fltrust|fltrust|fltrust|trimmed_mean,56.346545457839966,0.903,0.908,0.888,0.901,0.884,0.887,0.903,0.882,0.878,0.877,1000,1000,1000,1000,1000,1000,1000,1000,1000,1000
0.5,label_flipping,49,fixed,0.7811999999999999,0.7812,0.7811999999999999,,173.13968920707703,0.783,0.792,0.783,0.789,0.779,0.781,0.794,0.762,0.776,0.773,1000,1000,1000,1000,1000,1000,1000,1000,1000,1000
0.5,label_flipping,49,sr_only,0.6782,0.6782,0.6782,,129.07226371765137,0.691,0.685,0.687,0.672,0.693,0.667,0.699,0.663,0.66,0.665,1000,1000,1000,1000,1000,1000,1000,1000,1000,1000
0.5,label_flipping,49,td3_ref,0.7686,0.7686,0.7686,,159.1997730731964,0.774,0.782,0.769,0.778,0.759,0.767,0.781,0.765,0.757,0.754,1000,1000,1000,1000,1000,1000,1000,1000,1000,1000
0.5,label_flipping,49,fltrust,0.8004999999999999,0.8005,0.8004999999999999,,23.22380304336548,0.817,0.808,0.804,0.826,0.801,0.796,0.803,0.765,0.8,0.785,1000,1000,1000,1000,1000,1000,1000,1000,1000,1000
0.5,label_flipping,49,krum,0.8877,0.8877,0.8877,,22.87723660469055,0.891,0.903,0.881,0.902,0.888,0.883,0.901,0.872,0.88,0.876,1000,1000,1000,1000,1000,1000,1000,1000,1000,1000
0.5,label_flipping,49,median,0.8766999999999999,0.8767,0.8766999999999999,,26.17838835716248,0.887,0.885,0.873,0.891,0.87,0.878,0.886,0.873,0.862,0.862,1000,1000,1000,1000,1000,1000,1000,1000,1000,1000
0.5,label_flipping,49,trimmed_mean,0.8860999999999999,0.8861,0.8860999999999999,,49.93674683570862,0.894,0.891,0.885,0.899,0.878,0.883,0.903,0.88,0.872,0.876,1000,1000,1000,1000,1000,1000,1000,1000,1000,1000
0.5,label_flipping,50,oracle_u,0.8927999999999999,0.8928,0.8927999999999999,krum|clustering|clustering|clustering|clustering|clustering|clustering|clustering|clustering|clustering|fltrust|fltrust|fltrust|fltrust|fltrust,103.00685238838196,0.913,0.905,0.889,0.898,0.887,0.89,0.906,0.879,0.885,0.876,1000,1000,1000,1000,1000,1000,1000,1000,1000,1000
0.5,label_flipping,50,oracle_w,0.8927999999999999,0.8928,0.8927999999999999,krum|clustering|clustering|clustering|clustering|clustering|clustering|clustering|clustering|clustering|fltrust|fltrust|fltrust|fltrust|fltrust,40.61819791793823,0.913,0.905,0.889,0.898,0.887,0.89,0.906,0.879,0.885,0.876,1000,1000,1000,1000,1000,1000,1000,1000,1000,1000
0.5,label_flipping,50,fixed,0.8571,0.8571,0.8571,,162.26381659507751,0.855,0.865,0.854,0.867,0.855,0.849,0.865,0.849,0.854,0.858,1000,1000,1000,1000,1000,1000,1000,1000,1000,1000
0.5,label_flipping,50,sr_only,0.7397,0.7397,0.7397,,136.52889609336853,0.721,0.759,0.742,0.747,0.74,0.724,0.76,0.742,0.728,0.734,1000,1000,1000,1000,1000,1000,1000,1000,1000,1000
0.5,label_flipping,50,td3_ref,0.2326,0.2326,0.2326,,171.90818643569946,0.218,0.235,0.231,0.249,0.234,0.236,0.244,0.22,0.222,0.237,1000,1000,1000,1000,1000,1000,1000,1000,1000,1000
0.5,label_flipping,50,fltrust,0.7879,0.7879,0.7879,,39.83218455314636,0.803,0.794,0.796,0.814,0.783,0.78,0.796,0.757,0.784,0.772,1000,1000,1000,1000,1000,1000,1000,1000,1000,1000
0.5,label_flipping,50,krum,0.8427999999999999,0.8428,0.8427999999999999,,51.35144853591919,0.854,0.864,0.843,0.858,0.845,0.842,0.85,0.811,0.828,0.833,1000,1000,1000,1000,1000,1000,1000,1000,1000,1000
0.5,label_flipping,50,median,0.8775000000000001,0.8775,0.8775000000000001,,126.68156433105467,0.888,0.883,0.875,0.89,0.871,0.88,0.887,0.873,0.863,0.865,1000,1000,1000,1000,1000,1000,1000,1000,1000,1000
0.5,label_flipping,50,trimmed_mean,0.8865999999999999,0.8866,0.8865999999999999,,44.69331383705139,0.895,0.891,0.887,0.899,0.879,0.884,0.903,0.88,0.872,0.876,1000,1000,1000,1000,1000,1000,1000,1000,1000,1000
0.5,label_flipping,51,oracle_u,0.8937000000000002,0.8937,0.8937000000000002,krum|clustering|clustering|clustering|clustering|clustering|clustering|clustering|clustering|clustering|fltrust|fltrust|fltrust|fltrust|fltrust,29.108094930648804,0.909,0.909,0.888,0.902,0.887,0.887,0.903,0.881,0.887,0.884,1000,1000,1000,1000,1000,1000,1000,1000,1000,1000
0.5,label_flipping,51,oracle_w,0.8937000000000002,0.8937,0.8937000000000002,krum|clustering|clustering|clustering|clustering|clustering|clustering|clustering|clustering|clustering|fltrust|fltrust|fltrust|fltrust|fltrust,64.8527524471283,0.909,0.909,0.888,0.902,0.887,0.887,0.903,0.881,0.887,0.884,1000,1000,1000,1000,1000,1000,1000,1000,1000,1000
0.5,label_flipping,51,fixed,0.7415999999999999,0.7416,0.7415999999999999,,173.13418865203855,0.738,0.744,0.749,0.744,0.756,0.742,0.763,0.735,0.725,0.72,1000,1000,1000,1000,1000,1000,1000,1000,1000,1000
0.5,label_flipping,51,sr_only,0.6666000000000001,0.6666,0.6666000000000001,,145.854177236557,0.675,0.673,0.675,0.658,0.677,0.652,0.687,0.657,0.654,0.658,1000,1000,1000,1000,1000,1000,1000,1000,1000,1000
0.5,label_flipping,51,td3_ref,0.6461,0.6461,0.6461,,169.2575485706329,0.637,0.655,0.65,0.653,0.648,0.646,0.653,0.636,0.628,0.655,1000,1000,1000,1000,1000,1000,1000,1000,1000,1000
0.5,label_flipping,51,fltrust,0.8017,0.8017,0.8017,,38.09025430679321,0.822,0.807,0.809,0.827,0.801,0.793,0.806,0.772,0.798,0.782,1000,1000,1000,1000,1000,1000,1000,1000,1000,1000
0.5,label_flipping,51,krum,0.8427,0.8427,0.8427,,71.50960731506348,0.855,0.864,0.846,0.857,0.841,0.839,0.85,0.812,0.833,0.83,1000,1000,1000,1000,1000,1000,1000,1000,1000,1000
0.5,label_flipping,51,median,0.8761999999999999,0.8762,0.8761999999999999,,68.6203145980835,0.887,0.88,0.874,0.89,0.87,0.878,0.885,0.872,0.864,0.862,1000,1000,1000,1000,1000,1000,1000,1000,1000,1000
0.5,label_flipping,51,trimmed_mean,0.8858,0.8858,0.8858,,90.67726945877077,0.895,0.891,0.885,0.898,0.879,0.882,0.902,0.878,0.871,0.877,1000,1000,1000,1000,1000,1000,1000,1000,1000,1000
0.05,low_mag_backdoor,42,oracle_u,0.843,0.843,0.843,fedavg|clustering|fltrust|fltrust|clustering|fltrust|fltrust|fltrust|fltrust|fltrust|clustering|fltrust|fltrust|fltrust|median,39.70163655281067,0.838,0.838,0.858,0.857,0.834,0.84,0.853,0.843,0.833,0.836,1000,1000,1000,1000,1000,1000,1000,1000,1000,1000
0.05,low_mag_backdoor,42,oracle_w,0.843,0.843,0.843,fedavg|clustering|fltrust|fltrust|clustering|fltrust|fltrust|fltrust|fltrust|fltrust|clustering|fltrust|fltrust|fltrust|median,64.27512001991272,0.838,0.838,0.858,0.857,0.834,0.84,0.853,0.843,0.833,0.836,1000,1000,1000,1000,1000,1000,1000,1000,1000,1000
0.05,low_mag_backdoor,42,fixed,0.7525000000000001,0.7525,0.7525000000000001,,188.7539119720459,0.742,0.741,0.781,0.77,0.733,0.746,0.756,0.756,0.75,0.75,1000,1000,1000,1000,1000,1000,1000,1000,1000,1000
0.05,low_mag_backdoor,42,sr_only,0.7214,0.7214,0.7214,,166.39957642555237,0.713,0.718,0.738,0.753,0.707,0.698,0.722,0.736,0.705,0.724,1000,1000,1000,1000,1000,1000,1000,1000,1000,1000
0.05,low_mag_backdoor,42,td3_ref,0.8497,0.8497,0.8497,,203.430032491684,0.841,0.843,0.856,0.872,0.837,0.843,0.863,0.856,0.836,0.85,1000,1000,1000,1000,1000,1000,1000,1000,1000,1000
0.05,low_mag_backdoor,42,fltrust,0.7014,0.7014,0.7014,,39.40673828125,0.689,0.696,0.705,0.747,0.683,0.696,0.704,0.702,0.697,0.695,1000,1000,1000,1000,1000,1000,1000,1000,1000,1000
0.05,low_mag_backdoor,42,krum,0.3272,0.3272,0.3272,,43.186774492263794,0.321,0.314,0.328,0.345,0.328,0.316,0.339,0.335,0.317,0.329,1000,1000,1000,1000,1000,1000,1000,1000,1000,1000
0.05,low_mag_backdoor,42,median,0.6152,0.6152,0.6152,,69.86278796195984,0.601,0.597,0.641,0.66,0.586,0.606,0.61,0.648,0.601,0.602,1000,1000,1000,1000,1000,1000,1000,1000,1000,1000
0.05,low_mag_backdoor,42,trimmed_mean,0.7645000000000001,0.7645,0.7645000000000001,,38.96175312995911,0.757,0.761,0.775,0.785,0.742,0.756,0.77,0.772,0.752,0.775,1000,1000,1000,1000,1000,1000,1000,1000,1000,1000
0.05,low_mag_backdoor,43,oracle_u,0.8463,0.8463,0.8463,fedavg|clustering|fltrust|clustering|fltrust|fltrust|median|fltrust|clustering|fltrust|fltrust|median|fltrust|clustering|fltrust,30.31245422363281,0.841,0.845,0.854,0.859,0.833,0.839,0.858,0.858,0.831,0.845,1000,1000,1000,1000,1000,1000,1000,1000,1000,1000
0.05,low_mag_backdoor,43,oracle_w,0.8463,0.8463,0.8463,fedavg|clustering|fltrust|clustering|fltrust|fltrust|median|fltrust|clustering|fltrust|fltrust|median|fltrust|clustering|fltrust,24.862855434417725,0.841,0.845,0.854,0.859,0.833,0.839,0.858,0.858,0.831,0.845,1000,1000,1000,1000,1000,1000,1000,1000,1000,1000
0.05,low_mag_backdoor,43,fixed,0.7865000000000001,0.7865,0.7865000000000001,,185.1158132553101,0.793,0.774,0.812,0.811,0.767,0.767,0.791,0.804,0.756,0.79,1000,1000,1000,1000,1000,1000,1000,1000,1000,1000
0.05,low_mag_backdoor,43,sr_only,0.8265,0.8265,0.8265,,173.89154076576233,0.82,0.827,0.827,0.851,0.819,0.819,0.835,0.83,0.812,0.825,1000,1000,1000,1000,1000,1000,1000,1000,1000,1000
0.05,low_mag_backdoor,43,td3_ref,0.6229000000000001,0.6229,0.6229000000000001,,166.03716254234314,0.602,0.619,0.651,0.635,0.591,0.623,0.622,0.639,0.613,0.634,1000,1000,1000,1000,1000,1000,1000,1000,1000,1000
0.05,low_mag_backdoor,43,fltrust,0.7274,0.7274,0.7274,,48.96903610229492,0.722,0.718,0.756,0.75,0.691,0.723,0.731,0.741,0.71,0.732,1000,1000,1000,1000,1000,1000,1000,1000,1000,1000
0.05,low_mag_backdoor,43,krum,0.3271,0.3271,0.3271,,20.825828313827515,0.321,0.314,0.328,0.344,0.328,0.316,0.339,0.335,0.317,0.329,1000,1000,1000,1000,1000,1000,1000,1000,1000,1000
0.05,low_mag_backdoor,43,median,0.616,0.616,0.616,,27.3005428314209,0.606,0.596,0.644,0.66,0.588,0.603,0.612,0.648,0.601,0.602,1000,1000,1000,1000,1000,1000,1000,1000,1000,1000
0.05,low_mag_backdoor,43,trimmed_mean,0.7639,0.7639,0.7639,,32.35021615028381,0.756,0.763,0.774,0.784,0.742,0.757,0.77,0.772,0.749,0.772,1000,1000,1000,1000,1000,1000,1000,1000,1000,1000
0.05,low_mag_backdoor,44,oracle_u,0.8462,0.8462,0.8462,fedavg|clustering|fltrust|fltrust|clustering|fltrust|fltrust|fltrust|fltrust|clustering|fltrust|fltrust|fltrust|fltrust|fltrust,28.506510496139526,0.831,0.846,0.864,0.857,0.824,0.845,0.859,0.854,0.838,0.844,1000,1000,1000,1000,1000,1000,1000,1000,1000,1000
0.05,low_mag_backdoor,44,oracle_w,0.8462,0.8462,0.8462,fedavg|clustering|fltrust|fltrust|clustering|fltrust|fltrust|fltrust|fltrust|clustering|fltrust|fltrust|fltrust|fltrust|fltrust,79.95214176177979,0.831,0.846,0.864,0.857,0.824,0.845,0.859,0.854,0.838,0.844,1000,1000,1000,1000,1000,1000,1000,1000,1000,1000
0.05,low_mag_backdoor,44,fixed,0.8591,0.8591,0.8591,,167.70646142959595,0.853,0.867,0.859,0.878,0.843,0.847,0.872,0.858,0.844,0.87,1000,1000,1000,1000,1000,1000,1000,1000,1000,1000
0.05,low_mag_backdoor,44,sr_only,0.7213,0.7213,0.7213,,156.37163734436035,0.713,0.717,0.743,0.734,0.696,0.713,0.722,0.741,0.699,0.735,1000,1000,1000,1000,1000,1000,1000,1000,1000,1000
0.05,low_mag_backdoor,44,td3_ref,0.8562,0.8562,0.8562,,170.11169457435608,0.842,0.85,0.867,0.874,0.84,0.852,0.87,0.87,0.84,0.857,1000,1000,1000,1000,1000,1000,1000,1000,1000,1000
0.05,low_mag_backdoor,44,fltrust,0.7616,0.7616,0.7616,,33.51841115951538,0.743,0.766,0.761,0.773,0.741,0.755,0.777,0.778,0.758,0.764,1000,1000,1000,1000,1000,1000,1000,1000,1000,1000
0.05,low_mag_backdoor,44,krum,0.3277,0.3277,0.3277,,46.70524048805237,0.321,0.315,0.329,0.343,0.329,0.317,0.34,0.335,0.317,0.331,1000,1000,1000,1000,1000,1000,1000,1000,1000,1000
0.05,low_mag_backdoor,44,median,0.6156999999999999,0.6157,0.6156999999999999,,20.56425905227661,0.605,0.598,0.644,0.657,0.585,0.607,0.609,0.648,0.6,0.604,1000,1000,1000,1000,1000,1000,1000,1000,1000,1000
0.05,low_mag_backdoor,44,trimmed_mean,0.7642,0.7642,0.7642,,96.72492122650146,0.756,0.762,0.775,0.785,0.741,0.756,0.77,0.772,0.75,0.775,1000,1000,1000,1000,1000,1000,1000,1000,1000,1000
0.05,low_mag_backdoor,45,oracle_u,0.8266,0.8266,0.8266,fedavg|clustering|fltrust|fltrust|fltrust|fltrust|fltrust|fltrust|fltrust|fltrust|fltrust|fltrust|fltrust|fltrust|fltrust,23.36440062522888,0.802,0.826,0.836,0.842,0.804,0.844,0.84,0.827,0.825,0.82,1000,1000,1000,1000,1000,1000,1000,1000,1000,1000
0.05,low_mag_backdoor,45,oracle_w,0.8266,0.8266,0.8266,fedavg|clustering|fltrust|fltrust|fltrust|fltrust|fltrust|fltrust|fltrust|fltrust|fltrust|fltrust|fltrust|fltrust|fltrust,24.010863542556763,0.802,0.826,0.836,0.842,0.804,0.844,0.84,0.827,0.825,0.82,1000,1000,1000,1000,1000,1000,1000,1000,1000,1000
0.05,low_mag_backdoor,45,fixed,0.7754000000000001,0.7754,0.7754000000000001,,156.90104866027832,0.764,0.764,0.797,0.791,0.751,0.776,0.792,0.781,0.774,0.764,1000,1000,1000,1000,1000,1000,1000,1000,1000,1000
0.05,low_mag_backdoor,45,sr_only,0.6857,0.6857,0.6857,,128.39160299301147,0.687,0.688,0.7,0.723,0.657,0.673,0.68,0.697,0.67,0.682,1000,1000,1000,1000,1000,1000,1000,1000,1000,1000
0.05,low_mag_backdoor,45,td3_ref,0.7404999999999999,0.7405,0.7404999999999999,,168.3898901939392,0.742,0.739,0.758,0.764,0.715,0.728,0.729,0.755,0.721,0.754,1000,1000,1000,1000,1000,1000,1000,1000,1000,1000
0.05,low_mag_backdoor,45,fltrust,0.8093,0.8093,0.8093,,67.15833759307861,0.803,0.818,0.823,0.816,0.784,0.802,0.816,0.808,0.803,0.82,1000,1000,1000,1000,1000,1000,1000,1000,1000,1000
0.05,low_mag_backdoor,45,krum,0.3279,0.3279,0.3279,,52.31667852401733,0.321,0.315,0.329,0.345,0.329,0.318,0.339,0.335,0.317,0.331,1000,1000,1000,1000,1000,1000,1000,1000,1000,1000
0.05,low_mag_backdoor,45,median,0.6166,0.6166,0.6166,,43.80767560005188,0.604,0.597,0.645,0.66,0.588,0.605,0.611,0.649,0.601,0.606,1000,1000,1000,1000,1000,1000,1000,1000,1000,1000
0.05,low_mag_backdoor,45,trimmed_mean,0.7650000000000001,0.765,0.7650000000000001,,84.02630639076233,0.756,0.763,0.775,0.784,0.745,0.757,0.771,0.773,0.751,0.775,1000,1000,1000,1000,1000,1000,1000,1000,1000,1000
0.05,low_mag_backdoor,46,oracle_u,0.8238,0.8238,0.8238,fedavg|clustering|fltrust|fltrust|fltrust|fltrust|fltrust|fltrust|fltrust|fltrust|fltrust|fltrust|fltrust|fltrust|fltrust,46.86253905296326,0.811,0.816,0.839,0.839,0.816,0.827,0.826,0.83,0.805,0.829,1000,1000,1000,1000,1000,1000,1000,1000,1000,1000
0.05,low_mag_backdoor,46,oracle_w,0.8238,0.8238,0.8238,fedavg|clustering|fltrust|fltrust|fltrust|fltrust|fltrust|fltrust|fltrust|fltrust|fltrust|fltrust|fltrust|fltrust|fltrust,25.43493127822876,0.811,0.816,0.839,0.839,0.816,0.827,0.826,0.83,0.805,0.829,1000,1000,1000,1000,1000,1000,1000,1000,1000,1000
0.05,low_mag_backdoor,46,fixed,0.7292,0.7292,0.7292,,174.35950422286987,0.718,0.738,0.719,0.724,0.729,0.724,0.728,0.724,0.731,0.757,1000,1000,1000,1000,1000,1000,1000,1000,1000,1000
0.05,low_mag_backdoor,46,sr_only,0.7827,0.7827,0.7827,,144.728538274765,0.79,0.779,0.796,0.802,0.765,0.762,0.782,0.794,0.776,0.781,1000,1000,1000,1000,1000,1000,1000,1000,1000,1000
0.05,low_mag_backdoor,46,td3_ref,0.7485,0.7485,0.7485,,175.9137477874756,0.741,0.746,0.777,0.752,0.73,0.741,0.76,0.753,0.721,0.764,1000,1000,1000,1000,1000,1000,1000,1000,1000,1000
0.05,low_mag_backdoor,46,fltrust,0.7665,0.7665,0.7665,,77.24008202552795,0.755,0.754,0.784,0.783,0.752,0.753,0.771,0.79,0.752,0.771,1000,1000,1000,1000,1000,1000,1000,1000,1000,1000
0.05,low_mag_backdoor,46,krum,0.3279,0.3279,0.3279,,31.060831308364868,0.321,0.315,0.329,0.344,0.329,0.318,0.34,0.335,0.317,0.331,1000,1000,1000,1000,1000,1000,1000,1000,1000,1000
0.05,low_mag_backdoor,46,median,0.6151,0.6151,0.6151,,75.31850385665894,0.602,0.595,0.642,0.659,0.585,0.602,0.611,0.647,0.602,0.606,1000,1000,1000,1000,1000,1000,1000,1000,1000,1000
0.05,low_mag_backdoor,46,trimmed_mean,0.7647,0.7647,0.7647,,116.68886637687685,0.756,0.762,0.776,0.785,0.743,0.756,0.77,0.772,0.751,0.776,1000,1000,1000,1000,1000,1000,1000,1000,1000,1000
0.05,low_mag_backdoor,47,oracle_u,0.8503999999999999,0.8504,0.8503999999999999,fedavg|clustering|fltrust|fltrust|clustering|fltrust|fltrust|fltrust|clustering|fltrust|fltrust|median|fltrust|clustering|fltrust,70.76982641220093,0.846,0.849,0.863,0.861,0.83,0.843,0.86,0.864,0.837,0.851,1000,1000,1000,1000,1000,1000,1000,1000,1000,1000
0.05,low_mag_backdoor,47,oracle_w,0.8503999999999999,0.8504,0.8503999999999999,fedavg|clustering|fltrust|fltrust|clustering|fltrust|fltrust|fltrust|clustering|fltrust|fltrust|median|fltrust|clustering|fltrust,35.467732667922974,0.846,0.849,0.863,0.861,0.83,0.843,0.86,0.864,0.837,0.851,1000,1000,1000,1000,1000,1000,1000,1000,1000,1000
0.05,low_mag_backdoor,47,fixed,0.8075999999999999,0.8076,0.8075999999999999,,153.1994912624359,0.787,0.785,0.816,0.827,0.798,0.811,0.838,0.818,0.8,0.796,1000,1000,1000,1000,1000,1000,1000,1000,1000,1000
0.05,low_mag_backdoor,47,sr_only,0.7552000000000001,0.7552,0.7552000000000001,,161.57285380363464,0.761,0.751,0.761,0.782,0.744,0.734,0.756,0.755,0.741,0.767,1000,1000,1000,1000,1000,1000,1000,1000,1000,1000
0.05,low_mag_backdoor,47,td3_ref,0.7325999999999999,0.7326,0.7325999999999999,,150.83449506759644,0.736,0.735,0.725,0.747,0.719,0.725,0.731,0.729,0.738,0.741,1000,1000,1000,1000,1000,1000,1000,1000,1000,1000
0.05,low_mag_backdoor,47,fltrust,0.6664000000000001,0.6664,0.6664000000000001,,69.50751543045044,0.655,0.661,0.672,0.704,0.658,0.646,0.675,0.69,0.646,0.657,1000,1000,1000,1000,1000,1000,1000,1000,1000,1000
0.05,low_mag_backdoor,47,krum,0.3274,0.3274,0.3274,,64.20994424819946,0.322,0.314,0.328,0.344,0.328,0.316,0.339,0.338,0.317,0.328,1000,1000,1000,1000,1000,1000,1000,1000,1000,1000
0.05,low_mag_backdoor,47,median,0.6144999999999999,0.6145,0.6144999999999999,,111.04272413253784,0.602,0.595,0.641,0.659,0.585,0.601,0.609,0.649,0.601,0.603,1000,1000,1000,1000,1000,1000,1000,1000,1000,1000
0.05,low_mag_backdoor,47,trimmed_mean,0.7647000000000002,0.7647,0.7647000000000002,,39.3963463306427,0.755,0.762,0.776,0.784,0.744,0.756,0.77,0.774,0.751,0.775,1000,1000,1000,1000,1000,1000,1000,1000,1000,1000
0.05,low_mag_backdoor,48,oracle_u,0.8303,0.8303,0.8303,fedavg|clustering|fltrust|fltrust|fltrust|fltrust|fltrust|fltrust|fltrust|fltrust|fltrust|fltrust|fltrust|fltrust|fltrust,33.90785217285156,0.814,0.828,0.851,0.851,0.812,0.823,0.833,0.841,0.827,0.823,1000,1000,1000,1000,1000,1000,1000,1000,1000,1000
0.05,low_mag_backdoor,48,oracle_w,0.8303,0.8303,0.8303,fedavg|clustering|fltrust|fltrust|fltrust|fltrust|fltrust|fltrust|fltrust|fltrust|fltrust|fltrust|fltrust|fltrust|fltrust,44.758137226104736,0.814,0.828,0.851,0.851,0.812,0.823,0.833,0.841,0.827,0.823,1000,1000,1000,1000,1000,1000,1000,1000,1000,1000
0.05,low_mag_backdoor,48,fixed,0.8333999999999999,0.8334,0.8333999999999999,,158.5168902873993,0.818,0.834,0.836,0.839,0.827,0.834,0.848,0.842,0.823,0.833,1000,1000,1000,1000,1000,1000,1000,1000,1000,1000
0.05,low_mag_backdoor,48,sr_only,0.8347,0.8347,0.8347,,137.93328046798706,0.833,0.842,0.834,0.85,0.82,0.822,0.849,0.838,0.813,0.846,1000,1000,1000,1000,1000,1000,1000,1000,1000,1000
0.05,low_mag_backdoor,48,td3_ref,0.6891,0.6891,0.6891,,181.29806447029117,0.678,0.686,0.707,0.697,0.67,0.689,0.687,0.696,0.683,0.698,1000,1000,1000,1000,1000,1000,1000,1000,1000,1000
0.05,low_mag_backdoor,48,fltrust,0.7349,0.7349,0.7349,,22.81171488761902,0.738,0.736,0.75,0.738,0.715,0.717,0.751,0.736,0.726,0.742,1000,1000,1000,1000,1000,1000,1000,1000,1000,1000
0.05,low_mag_backdoor,48,krum,0.3278,0.3278,0.3278,,67.70427083969116,0.321,0.315,0.329,0.344,0.329,0.318,0.339,0.335,0.317,0.331,1000,1000,1000,1000,1000,1000,1000,1000,1000,1000
0.05,low_mag_backdoor,48,median,0.6156,0.6156,0.6156,,23.05425429344177,0.603,0.598,0.643,0.658,0.586,0.606,0.609,0.647,0.601,0.605,1000,1000,1000,1000,1000,1000,1000,1000,1000,1000
0.05,low_mag_backdoor,48,trimmed_mean,0.7646000000000001,0.7646,0.7646000000000001,,27.80445337295532,0.757,0.763,0.776,0.785,0.743,0.755,0.77,0.772,0.75,0.775,1000,1000,1000,1000,1000,1000,1000,1000,1000,1000
0.05,low_mag_backdoor,49,oracle_u,0.8512000000000001,0.8512,0.8512000000000001,fedavg|clustering|fltrust|fltrust|fltrust|clustering|fltrust|fltrust|fltrust|clustering|fltrust|fltrust|fltrust|fltrust|fltrust,35.39741325378418,0.841,0.848,0.868,0.871,0.828,0.847,0.849,0.868,0.841,0.851,1000,1000,1000,1000,1000,1000,1000,1000,1000,1000
0.05,low_mag_backdoor,49,oracle_w,0.8512000000000001,0.8512,0.8512000000000001,fedavg|clustering|fltrust|fltrust|fltrust|clustering|fltrust|fltrust|fltrust|clustering|fltrust|fltrust|fltrust|fltrust|fltrust,125.61084747314452,0.841,0.848,0.868,0.871,0.828,0.847,0.849,0.868,0.841,0.851,1000,1000,1000,1000,1000,1000,1000,1000,1000,1000
0.05,low_mag_backdoor,49,fixed,0.7123999999999999,0.7124,0.7123999999999999,,166.37220883369446,0.696,0.698,0.73,0.735,0.686,0.722,0.724,0.709,0.715,0.709,1000,1000,1000,1000,1000,1000,1000,1000,1000,1000
0.05,low_mag_backdoor,49,sr_only,0.753,0.753,0.753,,161.12107586860657,0.754,0.745,0.767,0.777,0.733,0.733,0.756,0.765,0.733,0.767,1000,1000,1000,1000,1000,1000,1000,1000,1000,1000
0.05,low_mag_backdoor,49,td3_ref,0.7868,0.7868,0.7868,,167.7502636909485,0.767,0.771,0.792,0.817,0.762,0.793,0.816,0.789,0.783,0.778,1000,1000,1000,1000,1000,1000,1000,1000,1000,1000
0.05,low_mag_backdoor,49,fltrust,0.7209,0.7209,0.7209,,62.962053060531616,0.717,0.709,0.73,0.762,0.713,0.71,0.725,0.739,0.701,0.703,1000,1000,1000,1000,1000,1000,1000,1000,1000,1000
0.05,low_mag_backdoor,49,krum,0.3278,0.3278,0.3278,,26.852524280548096,0.321,0.315,0.329,0.345,0.328,0.317,0.339,0.337,0.317,0.33,1000,1000,1000,1000,1000,1000,1000,1000,1000,1000
0.05,low_mag_backdoor,49,median,0.6161,0.6161,0.6161,,62.46096396446228,0.603,0.597,0.642,0.66,0.59,0.605,0.61,0.649,0.601,0.604,1000,1000,1000,1000,1000,1000,1000,1000,1000,1000
0.05,low_mag_backdoor,49,trimmed_mean,0.7643,0.7643,0.7643,,33.77718138694763,0.756,0.761,0.775,0.785,0.743,0.755,0.771,0.773,0.749,0.775,1000,1000,1000,1000,1000,1000,1000,1000,1000,1000
0.05,low_mag_backdoor,50,oracle_u,0.8452,0.8452,0.8452,fedavg|clustering|fltrust|fltrust|clustering|median|fltrust|median|clustering|fedprox|clustering|median|fltrust|median|clustering,41.32971119880676,0.842,0.848,0.845,0.859,0.824,0.844,0.853,0.853,0.832,0.852,1000,1000,1000,1000,1000,1000,1000,1000,1000,1000
0.05,low_mag_backdoor,50,oracle_w,0.8452,0.8452,0.8452,fedavg|clustering|fltrust|fltrust|clustering|median|fltrust|median|clustering|fedprox|clustering|median|fltrust|median|clustering,106.89930605888368,0.842,0.848,0.845,0.859,0.824,0.844,0.853,0.853,0.832,0.852,1000,1000,1000,1000,1000,1000,1000,1000,1000,1000
0.05,low_mag_backdoor,50,fixed,0.7623,0.7623,0.7623,,147.40848183631897,0.753,0.744,0.767,0.803,0.752,0.758,0.777,0.767,0.761,0.741,1000,1000,1000,1000,1000,1000,1000,1000,1000,1000
0.05,low_mag_backdoor,50,sr_only,0.8076000000000001,0.8076,0.8076000000000001,,130.03730535507202,0.799,0.802,0.807,0.83,0.796,0.801,0.811,0.817,0.805,0.808,1000,1000,1000,1000,1000,1000,1000,1000,1000,1000
0.05,low_mag_backdoor,50,td3_ref,0.7239,0.7239,0.7239,,171.23036098480225,0.715,0.708,0.705,0.768,0.703,0.721,0.753,0.733,0.726,0.707,1000,1000,1000,1000,1000,1000,1000,1000,1000,1000
0.05,low_mag_backdoor,50,fltrust,0.6526000000000002,0.6526,0.6526000000000002,,74.94142484664917,0.635,0.642,0.649,0.7,0.639,0.638,0.66,0.676,0.634,0.653,1000,1000,1000,1000,1000,1000,1000,1000,1000,1000
0.05,low_mag_backdoor,50,krum,0.3277,0.3277,0.3277,,24.09241461753845,0.321,0.315,0.329,0.344,0.329,0.317,0.339,0.335,0.317,0.331,1000,1000,1000,1000,1000,1000,1000,1000,1000,1000
0.05,low_mag_backdoor,50,median,0.6163,0.6163,0.6163,,64.58515214920044,0.603,0.599,0.642,0.66,0.588,0.606,0.611,0.647,0.6,0.607,1000,1000,1000,1000,1000,1000,1000,1000,1000,1000
0.05,low_mag_backdoor,50,trimmed_mean,0.7646,0.7646,0.7646,,66.83131885528564,0.758,0.763,0.775,0.785,0.744,0.756,0.769,0.772,0.749,0.775,1000,1000,1000,1000,1000,1000,1000,1000,1000,1000
0.05,low_mag_backdoor,51,oracle_u,0.8497,0.8497,0.8497,fedavg|clustering|median|clustering|fedprox|clustering|median|fltrust|median|fltrust|fltrust|fedprox|clustering|median|fltrust,27.539981365203857,0.856,0.842,0.859,0.865,0.831,0.846,0.867,0.847,0.834,0.85,1000,1000,1000,1000,1000,1000,1000,1000,1000,1000
0.05,low_mag_backdoor,51,oracle_w,0.8497,0.8497,0.8497,fedavg|clustering|median|clustering|fedprox|clustering|median|fltrust|median|fltrust|fltrust|fedprox|clustering|median|fltrust,61.19262194633484,0.856,0.842,0.859,0.865,0.831,0.846,0.867,0.847,0.834,0.85,1000,1000,1000,1000,1000,1000,1000,1000,1000,1000
0.05,low_mag_backdoor,51,fixed,0.8069000000000001,0.8069,0.8069000000000001,,161.3310191631317,0.781,0.805,0.806,0.835,0.783,0.811,0.827,0.815,0.804,0.802,1000,1000,1000,1000,1000,1000,1000,1000,1000,1000
0.05,low_mag_backdoor,51,sr_only,0.7201,0.7201,0.7201,,132.0428466796875,0.711,0.718,0.735,0.75,0.705,0.699,0.718,0.734,0.705,0.726,1000,1000,1000,1000,1000,1000,1000,1000,1000,1000
0.05,low_mag_backdoor,51,td3_ref,0.8320000000000001,0.832,0.8320000000000001,,159.1500368118286,0.81,0.825,0.836,0.84,0.826,0.833,0.848,0.836,0.835,0.831,1000,1000,1000,1000,1000,1000,1000,1000,1000,1000
0.05,low_mag_backdoor,51,fltrust,0.6169,0.6169,0.6169,,30.680221796035767,0.608,0.617,0.649,0.623,0.6,0.595,0.616,0.635,0.61,0.616,1000,1000,1000,1000,1000,1000,1000,1000,1000,1000
0.05,low_mag_backdoor,51,krum,0.3273,0.3273,0.3273,,19.887150526046756,0.321,0.315,0.329,0.343,0.328,0.317,0.338,0.335,0.317,0.33,1000,1000,1000,1000,1000,1000,1000,1000,1000,1000
0.05,low_mag_backdoor,51,median,0.6147999999999999,0.6148,0.6147999999999999,,23.56342458724976,0.602,0.596,0.643,0.66,0.585,0.602,0.61,0.646,0.601,0.603,1000,1000,1000,1000,1000,1000,1000,1000,1000,1000
0.05,low_mag_backdoor,51,trimmed_mean,0.7646000000000001,0.7646,0.7646000000000001,,20.481139659881592,0.755,0.762,0.775,0.785,0.743,0.757,0.771,0.773,0.751,0.774,1000,1000,1000,1000,1000,1000,1000,1000,1000,1000
0.1,low_mag_backdoor,42,oracle_u,0.8513,0.8513,0.8513,fedavg|clustering|fltrust|fltrust|fltrust|fltrust|fltrust|fltrust|fltrust|fltrust|fltrust|fltrust|fltrust|fltrust|fltrust,51.705474853515625,0.856,0.844,0.864,0.83,0.86,0.834,0.845,0.869,0.845,0.866,1000,1000,1000,1000,1000,1000,1000,1000,1000,1000
0.1,low_mag_backdoor,42,oracle_w,0.8513,0.8513,0.8513,fedavg|clustering|fltrust|fltrust|fltrust|fltrust|fltrust|fltrust|fltrust|fltrust|fltrust|fltrust|fltrust|fltrust|fltrust,57.79746723175049,0.856,0.844,0.864,0.83,0.86,0.834,0.845,0.869,0.845,0.866,1000,1000,1000,1000,1000,1000,1000,1000,1000,1000
0.1,low_mag_backdoor,42,fixed,0.8368,0.8368,0.8368,,185.8587546348572,0.831,0.827,0.847,0.833,0.857,0.835,0.836,0.834,0.826,0.842,1000,1000,1000,1000,1000,1000,1000,1000,1000,1000
0.1,low_mag_backdoor,42,sr_only,0.7788,0.7788,0.7788,,185.80092906951904,0.779,0.769,0.792,0.758,0.776,0.783,0.772,0.78,0.775,0.804,1000,1000,1000,1000,1000,1000,1000,1000,1000,1000
0.1,low_mag_backdoor,42,td3_ref,0.8244,0.8244,0.8244,,163.59805274009705,0.828,0.823,0.831,0.801,0.842,0.834,0.822,0.834,0.811,0.818,1000,1000,1000,1000,1000,1000,1000,1000,1000,1000
0.1,low_mag_backdoor,42,fltrust,0.7484,0.7484,0.7484,,34.930564403533936,0.757,0.732,0.751,0.733,0.783,0.717,0.767,0.757,0.722,0.765,1000,1000,1000,1000,1000,1000,1000,1000,1000,1000
0.1,low_mag_backdoor,42,krum,0.5425,0.5425,0.5425,,46.43916368484497,0.562,0.541,0.563,0.54,0.563,0.531,0.542,0.536,0.526,0.521,1000,1000,1000,1000,1000,1000,1000,1000,1000,1000
0.1,low_mag_backdoor,42,median,0.7423,0.7423,0.7423,,49.58753037452698,0.754,0.731,0.758,0.73,0.754,0.726,0.764,0.747,0.722,0.737,1000,1000,1000,1000,1000,1000,1000,1000,1000,1000
0.1,low_mag_backdoor,42,trimmed_mean,0.8314999999999999,0.8315,0.8314999999999999,,35.74954271316528,0.832,0.83,0.846,0.824,0.841,0.821,0.845,0.832,0.82,0.824,1000,1000,1000,1000,1000,1000,1000,1000,1000,1000
0.1,low_mag_backdoor,43,oracle_u,0.8613,0.8613,0.8613,fedavg|clustering|fltrust|fltrust|fltrust|fltrust|clustering|fltrust|fltrust|fltrust|fltrust|fltrust|fltrust|fltrust|fltrust,65.3579330444336,0.856,0.846,0.868,0.862,0.881,0.848,0.862,0.868,0.853,0.869,1000,1000,1000,1000,1000,1000,1000,1000,1000,1000
0.1,low_mag_backdoor,43,oracle_w,0.8613,0.8613,0.8613,fedavg|clustering|fltrust|fltrust|fltrust|fltrust|clustering|fltrust|fltrust|fltrust|fltrust|fltrust|fltrust|fltrust|fltrust,40.053945779800415,0.856,0.846,0.868,0.862,0.881,0.848,0.862,0.868,0.853,0.869,1000,1000,1000,1000,1000,1000,1000,1000,1000,1000
0.1,low_mag_backdoor,43,fixed,0.7474000000000001,0.7474,0.7474000000000001,,192.80007076263428,0.748,0.739,0.758,0.714,0.747,0.751,0.737,0.764,0.747,0.769,1000,1000,1000,1000,1000,1000,1000,1000,1000,1000
0.1,low_mag_backdoor,43,sr_only,0.7659,0.7659,0.7659,,148.56306338310242,0.764,0.758,0.78,0.728,0.759,0.78,0.757,0.77,0.774,0.789,1000,1000,1000,1000,1000,1000,1000,1000,1000,1000
0.1,low_mag_backdoor,43,td3_ref,0.7386999999999999,0.7387,0.7386999999999999,,185.3480248451233,0.745,0.725,0.748,0.709,0.741,0.742,0.734,0.748,0.735,0.76,1000,1000,1000,1000,1000,1000,1000,1000,1000,1000
0.1,low_mag_backdoor,43,fltrust,0.7798,0.7798,0.7798,,34.49785113334656,0.783,0.765,0.789,0.775,0.804,0.753,0.808,0.783,0.752,0.786,1000,1000,1000,1000,1000,1000,1000,1000,1000,1000
0.1,low_mag_backdoor,43,krum,0.541,0.541,0.541,,23.686074256896973,0.559,0.54,0.561,0.539,0.559,0.534,0.539,0.533,0.526,0.52,1000,1000,1000,1000,1000,1000,1000,1000,1000,1000
0.1,low_mag_backdoor,43,median,0.7409999999999999,0.741,0.7409999999999999,,63.677687644958496,0.751,0.732,0.757,0.732,0.751,0.722,0.765,0.746,0.718,0.736,1000,1000,1000,1000,1000,1000,1000,1000,1000,1000
0.1,low_mag_backdoor,43,trimmed_mean,0.8310000000000001,0.831,0.8310000000000001,,38.97994041442871,0.832,0.827,0.845,0.824,0.837,0.824,0.844,0.833,0.818,0.826,1000,1000,1000,1000,1000,1000,1000,1000,1000,1000
0.1,low_mag_backdoor,44,oracle_u,0.8474999999999999,0.8475,0.8474999999999999,fedavg|clustering|fltrust|fltrust|fltrust|fltrust|fltrust|fltrust|fltrust|fltrust|fltrust|fltrust|fltrust|fltrust|fltrust,57.481271743774414,0.851,0.836,0.856,0.84,0.867,0.83,0.849,0.851,0.839,0.856,1000,1000,1000,1000,1000,1000,1000,1000,1000,1000
0.1,low_mag_backdoor,44,oracle_w,0.8474999999999999,0.8475,0.8474999999999999,fedavg|clustering|fltrust|fltrust|fltrust|fltrust|fltrust|fltrust|fltrust|fltrust|fltrust|fltrust|fltrust|fltrust|fltrust,54.15978813171387,0.851,0.836,0.856,0.84,0.867,0.83,0.849,0.851,0.839,0.856,1000,1000,1000,1000,1000,1000,1000,1000,1000,1000
0.1,low_mag_backdoor,44,fixed,0.7696999999999999,0.7697,0.7696999999999999,,181.2472836971283,0.773,0.762,0.778,0.74,0.771,0.776,0.769,0.776,0.765,0.787,1000,1000,1000,1000,1000,1000,1000,1000,1000,1000
0.1,low_mag_backdoor,44,sr_only,0.7543,0.7543,0.7543,,157.48300433158877,0.753,0.744,0.767,0.721,0.754,0.761,0.749,0.761,0.754,0.779,1000,1000,1000,1000,1000,1000,1000,1000,1000,1000
0.1,low_mag_backdoor,44,td3_ref,0.817,0.817,0.817,,172.2882363796234,0.819,0.808,0.82,0.797,0.823,0.825,0.808,0.825,0.817,0.828,1000,1000,1000,1000,1000,1000,1000,1000,1000,1000
0.1,low_mag_backdoor,44,fltrust,0.7542,0.7542,0.7542,,27.282331943511963,0.767,0.747,0.767,0.738,0.77,0.738,0.781,0.752,0.736,0.746,1000,1000,1000,1000,1000,1000,1000,1000,1000,1000
0.1,low_mag_backdoor,44,krum,0.5402000000000001,0.5402,0.5402000000000001,,35.36947417259216,0.559,0.539,0.561,0.536,0.559,0.533,0.541,0.53,0.525,0.519,1000,1000,1000,1000,1000,1000,1000,1000,1000,1000
0.1,low_mag_backdoor,44,median,0.7397,0.7397,0.7397,,31.10121703147888,0.752,0.732,0.754,0.726,0.752,0.721,0.762,0.743,0.721,0.734,1000,1000,1000,1000,1000,1000,1000,1000,1000,1000
0.1,low_mag_backdoor,44,trimmed_mean,0.8309999999999998,0.831,0.8309999999999998,,24.045287370681763,0.831,0.828,0.845,0.824,0.838,0.824,0.846,0.832,0.818,0.824,1000,1000,1000,1000,1000,1000,1000,1000,1000,1000
0.1,low_mag_backdoor,45,oracle_u,0.8548,0.8548,0.8548,fedavg|clustering|fltrust|fltrust|fltrust|fltrust|fltrust|fltrust|fltrust|fltrust|fltrust|fltrust|fltrust|fltrust|fltrust,50.851394176483154,0.854,0.842,0.87,0.846,0.867,0.843,0.854,0.873,0.841,0.858,1000,1000,1000,1000,1000,1000,1000,1000,1000,1000
0.1,low_mag_backdoor,45,oracle_w,0.8548,0.8548,0.8548,fedavg|clustering|fltrust|fltrust|fltrust|fltrust|fltrust|fltrust|fltrust|fltrust|fltrust|fltrust|fltrust|fltrust|fltrust,33.18114137649536,0.854,0.842,0.87,0.846,0.867,0.843,0.854,0.873,0.841,0.858,1000,1000,1000,1000,1000,1000,1000,1000,1000,1000
0.1,low_mag_backdoor,45,fixed,0.6916,0.6916,0.6916,,168.82535481452942,0.701,0.687,0.704,0.659,0.694,0.685,0.692,0.698,0.688,0.708,1000,1000,1000,1000,1000,1000,1000,1000,1000,1000
0.1,low_mag_backdoor,45,sr_only,0.7774000000000001,0.7774,0.7774000000000001,,145.61686778068542,0.771,0.778,0.795,0.752,0.777,0.784,0.771,0.783,0.78,0.783,1000,1000,1000,1000,1000,1000,1000,1000,1000,1000
0.1,low_mag_backdoor,45,td3_ref,0.8698,0.8698,0.8698,,172.83459901809692,0.863,0.862,0.876,0.872,0.882,0.875,0.864,0.869,0.859,0.876,1000,1000,1000,1000,1000,1000,1000,1000,1000,1000
0.1,low_mag_backdoor,45,fltrust,0.7675,0.7675,0.7675,,30.909199237823486,0.779,0.76,0.77,0.753,0.785,0.744,0.79,0.767,0.748,0.779,1000,1000,1000,1000,1000,1000,1000,1000,1000,1000
0.1,low_mag_backdoor,45,krum,0.5401,0.5401,0.5401,,50.64357280731201,0.559,0.54,0.562,0.537,0.559,0.533,0.54,0.53,0.524,0.517,1000,1000,1000,1000,1000,1000,1000,1000,1000,1000
0.1,low_mag_backdoor,45,median,0.7401,0.7401,0.7401,,82.15162658691406,0.753,0.73,0.756,0.729,0.751,0.723,0.765,0.744,0.716,0.734,1000,1000,1000,1000,1000,1000,1000,1000,1000,1000
0.1,low_mag_backdoor,45,trimmed_mean,0.8314,0.8314,0.8314,,135.02495217323303,0.833,0.828,0.847,0.823,0.838,0.823,0.846,0.832,0.818,0.826,1000,1000,1000,1000,1000,1000,1000,1000,1000,1000
0.1,low_mag_backdoor,46,oracle_u,0.8406,0.8406,0.8406,fedavg|clustering|fltrust|fltrust|trimmed_mean|fltrust|fltrust|fltrust|fltrust|fltrust|fltrust|fltrust|fltrust|fltrust|fltrust,65.1613781452179,0.833,0.834,0.854,0.84,0.856,0.837,0.841,0.836,0.833,0.842,1000,1000,1000,1000,1000,1000,1000,1000,1000,1000
0.1,low_mag_backdoor,46,oracle_w,0.8406,0.8406,0.8406,fedavg|clustering|fltrust|fltrust|trimmed_mean|fltrust|fltrust|fltrust|fltrust|fltrust|fltrust|fltrust|fltrust|fltrust|fltrust,37.31500434875488,0.833,0.834,0.854,0.84,0.856,0.837,0.841,0.836,0.833,0.842,1000,1000,1000,1000,1000,1000,1000,1000,1000,1000
0.1,low_mag_backdoor,46,fixed,0.7630000000000001,0.763,0.7630000000000001,,160.02148938179016,0.763,0.76,0.772,0.738,0.759,0.773,0.758,0.763,0.758,0.786,1000,1000,1000,1000,1000,1000,1000,1000,1000,1000
0.1,low_mag_backdoor,46,sr_only,0.7768,0.7768,0.7768,,136.0947482585907,0.778,0.768,0.788,0.753,0.777,0.778,0.773,0.779,0.77,0.804,1000,1000,1000,1000,1000,1000,1000,1000,1000,1000
0.1,low_mag_backdoor,46,td3_ref,0.7985000000000001,0.7985,0.7985000000000001,,161.06407260894775,0.802,0.79,0.797,0.769,0.811,0.8,0.793,0.811,0.803,0.809,1000,1000,1000,1000,1000,1000,1000,1000,1000,1000
0.1,low_mag_backdoor,46,fltrust,0.7164999999999999,0.7165,0.7164999999999999,,61.0054624080658,0.718,0.718,0.717,0.699,0.73,0.714,0.73,0.712,0.709,0.718,1000,1000,1000,1000,1000,1000,1000,1000,1000,1000
0.1,low_mag_backdoor,46,krum,0.5406000000000001,0.5406,0.5406000000000001,,23.550847053527832,0.56,0.541,0.56,0.537,0.561,0.532,0.538,0.533,0.525,0.519,1000,1000,1000,1000,1000,1000,1000,1000,1000,1000
0.1,low_mag_backdoor,46,median,0.7387,0.7387,0.7387,,32.590813398361206,0.751,0.729,0.755,0.724,0.752,0.722,0.762,0.743,0.715,0.734,1000,1000,1000,1000,1000,1000,1000,1000,1000,1000
0.1,low_mag_backdoor,46,trimmed_mean,0.8305999999999999,0.8306,0.8305999999999999,,30.13017964363098,0.83,0.828,0.844,0.824,0.838,0.823,0.845,0.833,0.818,0.823,1000,1000,1000,1000,1000,1000,1000,1000,1000,1000
0.1,low_mag_backdoor,47,oracle_u,0.8408999999999999,0.8409,0.8408999999999999,fedavg|clustering|fltrust|fltrust|fltrust|fltrust|fltrust|trimmed_mean|fltrust|fltrust|trimmed_mean|trimmed_mean|trimmed_mean|trimmed_mean|trimmed_mean,30.52103328704834,0.844,0.835,0.85,0.832,0.852,0.83,0.851,0.841,0.827,0.847,1000,1000,1000,1000,1000,1000,1000,1000,1000,1000
0.1,low_mag_backdoor,47,oracle_w,0.8408999999999999,0.8409,0.8408999999999999,fedavg|clustering|fltrust|fltrust|fltrust|fltrust|fltrust|trimmed_mean|fltrust|fltrust|trimmed_mean|trimmed_mean|trimmed_mean|trimmed_mean|trimmed_mean,61.034361600875854,0.844,0.835,0.85,0.832,0.852,0.83,0.851,0.841,0.827,0.847,1000,1000,1000,1000,1000,1000,1000,1000,1000,1000
0.1,low_mag_backdoor,47,fixed,0.8268000000000001,0.8268,0.8268000000000001,,182.47550320625305,0.823,0.821,0.837,0.822,0.85,0.819,0.827,0.826,0.814,0.829,1000,1000,1000,1000,1000,1000,1000,1000,1000,1000
0.1,low_mag_backdoor,47,sr_only,0.783,0.783,0.783,,165.43316626548767,0.781,0.779,0.796,0.756,0.783,0.783,0.78,0.789,0.789,0.794,1000,1000,1000,1000,1000,1000,1000,1000,1000,1000
0.1,low_mag_backdoor,47,td3_ref,0.7577,0.7577,0.7577,,157.79621481895447,0.758,0.75,0.766,0.727,0.753,0.766,0.749,0.764,0.762,0.782,1000,1000,1000,1000,1000,1000,1000,1000,1000,1000
0.1,low_mag_backdoor,47,fltrust,0.7192999999999999,0.7193,0.7192999999999999,,72.0260694026947,0.724,0.715,0.747,0.7,0.73,0.701,0.744,0.718,0.701,0.713,1000,1000,1000,1000,1000,1000,1000,1000,1000,1000
0.1,low_mag_backdoor,47,krum,0.5412000000000001,0.5412,0.5412000000000001,,132.93279385566711,0.559,0.54,0.562,0.537,0.561,0.534,0.541,0.533,0.524,0.521,1000,1000,1000,1000,1000,1000,1000,1000,1000,1000
0.1,low_mag_backdoor,47,median,0.7388,0.7388,0.7388,,44.90149593353272,0.748,0.729,0.754,0.728,0.752,0.721,0.76,0.744,0.717,0.735,1000,1000,1000,1000,1000,1000,1000,1000,1000,1000
0.1,low_mag_backdoor,47,trimmed_mean,0.8309999999999998,0.831,0.8309999999999998,,35.12250638008118,0.831,0.828,0.848,0.824,0.838,0.823,0.845,0.831,0.818,0.824,1000,1000,1000,1000,1000,1000,1000,1000,1000,1000
0.1,low_mag_backdoor,48,oracle_u,0.8453999999999999,0.8454,0.8453999999999999,fltrust|clustering|clustering|fedprox|clustering|fltrust|fltrust|fltrust|fltrust|fltrust|fltrust|trimmed_mean|fltrust|fltrust|fltrust,29.957419395446777,0.837,0.835,0.859,0.843,0.864,0.836,0.852,0.843,0.841,0.844,1000,1000,1000,1000,1000,1000,1000,1000,1000,1000
0.1,low_mag_backdoor,48,oracle_w,0.8453999999999999,0.8454,0.8453999999999999,fltrust|clustering|clustering|fedprox|clustering|fltrust|fltrust|fltrust|fltrust|fltrust|fltrust|trimmed_mean|fltrust|fltrust|fltrust,42.82796502113342,0.837,0.835,0.859,0.843,0.864,0.836,0.852,0.843,0.841,0.844,1000,1000,1000,1000,1000,1000,1000,1000,1000,1000
0.1,low_mag_backdoor,48,fixed,0.836,0.836,0.836,,155.42327427864075,0.831,0.828,0.846,0.829,0.856,0.834,0.836,0.834,0.824,0.842,1000,1000,1000,1000,1000,1000,1000,1000,1000,1000
0.1,low_mag_backdoor,48,sr_only,0.7571,0.7571,0.7571,,144.85295915603638,0.762,0.745,0.77,0.726,0.76,0.764,0.752,0.761,0.752,0.779,1000,1000,1000,1000,1000,1000,1000,1000,1000,1000
0.1,low_mag_backdoor,48,td3_ref,0.8364,0.8364,0.8364,,147.66030883789062,0.835,0.83,0.844,0.829,0.85,0.845,0.841,0.837,0.82,0.833,1000,1000,1000,1000,1000,1000,1000,1000,1000,1000
0.1,low_mag_backdoor,48,fltrust,0.7572,0.7572,0.7572,,38.2083432674408,0.757,0.764,0.766,0.737,0.768,0.736,0.783,0.756,0.747,0.758,1000,1000,1000,1000,1000,1000,1000,1000,1000,1000
0.1,low_mag_backdoor,48,krum,0.5421,0.5421,0.5421,,110.25967979431152,0.559,0.54,0.564,0.539,0.56,0.537,0.543,0.532,0.526,0.521,1000,1000,1000,1000,1000,1000,1000,1000,1000,1000
0.1,low_mag_backdoor,48,median,0.7406,0.7406,0.7406,,45.072433948516846,0.75,0.729,0.757,0.726,0.754,0.724,0.763,0.747,0.721,0.735,1000,1000,1000,1000,1000,1000,1000,1000,1000,1000
0.1,low_mag_backdoor,48,trimmed_mean,0.8309,0.8309,0.8309,,22.615772008895878,0.83,0.829,0.844,0.825,0.84,0.824,0.845,0.831,0.818,0.823,1000,1000,1000,1000,1000,1000,1000,1000,1000,1000
0.1,low_mag_backdoor,49,oracle_u,0.844,0.844,0.844,fedavg|clustering|trimmed_mean|fltrust|fltrust|fltrust|fltrust|fltrust|fltrust|fltrust|fltrust|fltrust|fltrust|trimmed_mean|fltrust,43.00712132453919,0.843,0.836,0.867,0.836,0.851,0.822,0.848,0.854,0.837,0.846,1000,1000,1000,1000,1000,1000,1000,1000,1000,1000
0.1,low_mag_backdoor,49,oracle_w,0.844,0.844,0.844,fedavg|clustering|trimmed_mean|fltrust|fltrust|fltrust|fltrust|fltrust|fltrust|fltrust|fltrust|fltrust|fltrust|trimmed_mean|fltrust,101.16332364082336,0.843,0.836,0.867,0.836,0.851,0.822,0.848,0.854,0.837,0.846,1000,1000,1000,1000,1000,1000,1000,1000,1000,1000
0.1,low_mag_backdoor,49,fixed,0.8294,0.8294,0.8294,,157.08415484428406,0.817,0.829,0.839,0.833,0.856,0.818,0.822,0.826,0.819,0.835,1000,1000,1000,1000,1000,1000,1000,1000,1000,1000
0.1,low_mag_backdoor,49,sr_only,0.7559,0.7559,0.7559,,143.7905421257019,0.758,0.749,0.768,0.723,0.753,0.762,0.751,0.762,0.756,0.777,1000,1000,1000,1000,1000,1000,1000,1000,1000,1000
0.1,low_mag_backdoor,49,td3_ref,0.8393,0.8393,0.8393,,191.0538921356201,0.833,0.839,0.844,0.841,0.862,0.835,0.837,0.833,0.826,0.843,1000,1000,1000,1000,1000,1000,1000,1000,1000,1000
0.1,low_mag_backdoor,49,fltrust,0.7567,0.7567,0.7567,,39.63546657562256,0.756,0.764,0.765,0.724,0.769,0.747,0.774,0.768,0.735,0.765,1000,1000,1000,1000,1000,1000,1000,1000,1000,1000
0.1,low_mag_backdoor,49,krum,0.5404000000000001,0.5404,0.5404000000000001,,46.20986580848694,0.56,0.54,0.562,0.536,0.56,0.533,0.539,0.532,0.525,0.517,1000,1000,1000,1000,1000,1000,1000,1000,1000,1000
0.1,low_mag_backdoor,49,median,0.7396,0.7396,0.7396,,68.32010984420776,0.75,0.729,0.757,0.727,0.753,0.723,0.763,0.744,0.716,0.734,1000,1000,1000,1000,1000,1000,1000,1000,1000,1000
0.1,low_mag_backdoor,49,trimmed_mean,0.8313,0.8313,0.8313,,75.49301433563232,0.831,0.83,0.845,0.824,0.838,0.825,0.845,0.832,0.819,0.824,1000,1000,1000,1000,1000,1000,1000,1000,1000,1000
0.1,low_mag_backdoor,50,oracle_u,0.8461000000000001,0.8461,0.8461000000000001,fedavg|clustering|fltrust|fltrust|fltrust|fltrust|fltrust|fltrust|fltrust|fltrust|fltrust|fltrust|fltrust|fltrust|fltrust,44.56950044631958,0.853,0.835,0.849,0.836,0.863,0.829,0.851,0.856,0.833,0.856,1000,1000,1000,1000,1000,1000,1000,1000,1000,1000
0.1,low_mag_backdoor,50,oracle_w,0.8461000000000001,0.8461,0.8461000000000001,fedavg|clustering|fltrust|fltrust|fltrust|fltrust|fltrust|fltrust|fltrust|fltrust|fltrust|fltrust|fltrust|fltrust|fltrust,28.08858013153076,0.853,0.835,0.849,0.836,0.863,0.829,0.851,0.856,0.833,0.856,1000,1000,1000,1000,1000,1000,1000,1000,1000,1000
0.1,low_mag_backdoor,50,fixed,0.8305,0.8305,0.8305,,167.82216501235962,0.828,0.826,0.834,0.834,0.844,0.817,0.842,0.83,0.818,0.832,1000,1000,1000,1000,1000,1000,1000,1000,1000,1000
0.1,low_mag_backdoor,50,sr_only,0.7505,0.7505,0.7505,,139.0710892677307,0.751,0.741,0.763,0.716,0.751,0.757,0.746,0.756,0.747,0.777,1000,1000,1000,1000,1000,1000,1000,1000,1000,1000
0.1,low_mag_backdoor,50,td3_ref,0.8055,0.8055,0.8055,,170.49531841278076,0.811,0.801,0.811,0.782,0.815,0.811,0.807,0.804,0.799,0.814,1000,1000,1000,1000,1000,1000,1000,1000,1000,1000
0.1,low_mag_backdoor,50,fltrust,0.7843000000000001,0.7843,0.7843000000000001,,25.84866976737976,0.791,0.77,0.807,0.776,0.808,0.761,0.798,0.79,0.759,0.783,1000,1000,1000,1000,1000,1000,1000,1000,1000,1000
0.1,low_mag_backdoor,50,krum,0.5402,0.5402,0.5402,,33.26824498176575,0.559,0.539,0.563,0.537,0.559,0.531,0.539,0.531,0.526,0.518,1000,1000,1000,1000,1000,1000,1000,1000,1000,1000
0.1,low_mag_backdoor,50,median,0.7383,0.7383,0.7383,,47.69025754928589,0.746,0.727,0.757,0.727,0.751,0.723,0.761,0.741,0.715,0.735,1000,1000,1000,1000,1000,1000,1000,1000,1000,1000
0.1,low_mag_backdoor,50,trimmed_mean,0.8305999999999999,0.8306,0.8305999999999999,,139.66818809509277,0.831,0.827,0.844,0.824,0.838,0.823,0.844,0.832,0.818,0.825,1000,1000,1000,1000,1000,1000,1000,1000,1000,1000
0.1,low_mag_backdoor,51,oracle_u,0.8394999999999999,0.8395,0.8394999999999999,fedavg|clustering|fltrust|fltrust|fltrust|fltrust|fltrust|fltrust|fltrust|fltrust|fltrust|trimmed_mean|fltrust|fltrust|fltrust,88.46945977210999,0.831,0.831,0.857,0.831,0.851,0.82,0.845,0.845,0.838,0.846,1000,1000,1000,1000,1000,1000,1000,1000,1000,1000
0.1,low_mag_backdoor,51,oracle_w,0.8394999999999999,0.8395,0.8394999999999999,fedavg|clustering|fltrust|fltrust|fltrust|fltrust|fltrust|fltrust|fltrust|fltrust|fltrust|trimmed_mean|fltrust|fltrust|fltrust,60.17364501953125,0.831,0.831,0.857,0.831,0.851,0.82,0.845,0.845,0.838,0.846,1000,1000,1000,1000,1000,1000,1000,1000,1000,1000
0.1,low_mag_backdoor,51,fixed,0.7847000000000001,0.7847,0.7847000000000001,,161.32247185707092,0.794,0.775,0.781,0.769,0.793,0.787,0.786,0.796,0.77,0.796,1000,1000,1000,1000,1000,1000,1000,1000,1000,1000
0.1,low_mag_backdoor,51,sr_only,0.7545999999999999,0.7546,0.7545999999999999,,131.05554699897766,0.755,0.747,0.768,0.719,0.754,0.761,0.748,0.761,0.755,0.778,1000,1000,1000,1000,1000,1000,1000,1000,1000,1000
0.1,low_mag_backdoor,51,td3_ref,0.6535,0.6535,0.6535,,165.82283329963684,0.676,0.642,0.666,0.628,0.646,0.661,0.663,0.653,0.63,0.67,1000,1000,1000,1000,1000,1000,1000,1000,1000,1000
0.1,low_mag_backdoor,51,fltrust,0.7708999999999999,0.7709,0.7708999999999999,,33.35324239730835,0.775,0.758,0.795,0.748,0.784,0.759,0.79,0.767,0.757,0.776,1000,1000,1000,1000,1000,1000,1000,1000,1000,1000
0.1,low_mag_backdoor,51,krum,0.5645,0.5645,0.5645,,22.264896869659424,0.578,0.543,0.59,0.561,0.587,0.565,0.581,0.562,0.533,0.545,1000,1000,1000,1000,1000,1000,1000,1000,1000,1000
0.1,low_mag_backdoor,51,median,0.7434,0.7434,0.7434,,21.939670085906982,0.756,0.729,0.759,0.733,0.756,0.725,0.764,0.75,0.726,0.736,1000,1000,1000,1000,1000,1000,1000,1000,1000,1000
0.1,low_mag_backdoor,51,trimmed_mean,0.8314,0.8314,0.8314,,27.436840534210205,0.834,0.83,0.845,0.824,0.838,0.824,0.845,0.831,0.82,0.823,1000,1000,1000,1000,1000,1000,1000,1000,1000,1000
0.5,low_mag_backdoor,42,oracle_u,0.9045,0.9045,0.9045,krum|fedavg|fedavg|fedavg|fedprox|fedavg|fedavg|fedavg|fedavg|fedavg|fedavg|fltrust|fedprox|fedavg|fedavg,31.34114170074463,0.914,0.924,0.893,0.906,0.899,0.9,0.914,0.891,0.903,0.901,1000,1000,1000,1000,1000,1000,1000,1000,1000,1000
0.5,low_mag_backdoor,42,oracle_w,0.9045,0.9045,0.9045,krum|fedavg|fedavg|fedavg|fedprox|fedavg|fedavg|fedavg|fedavg|fedavg|fedavg|fltrust|fedprox|fedavg|fedavg,43.99655389785767,0.914,0.924,0.893,0.906,0.899,0.9,0.914,0.891,0.903,0.901,1000,1000,1000,1000,1000,1000,1000,1000,1000,1000
0.5,low_mag_backdoor,42,fixed,0.8962999999999999,0.8963,0.8962999999999999,,136.4528248310089,0.909,0.91,0.885,0.899,0.893,0.896,0.908,0.89,0.895,0.878,1000,1000,1000,1000,1000,1000,1000,1000,1000,1000
0.5,low_mag_backdoor,42,sr_only,0.8899000000000001,0.8899,0.8899000000000001,,128.97334146499634,0.909,0.9,0.882,0.887,0.892,0.886,0.897,0.887,0.891,0.868,1000,1000,1000,1000,1000,1000,1000,1000,1000,1000
0.5,low_mag_backdoor,42,td3_ref,0.8968999999999999,0.8969,0.8968999999999999,,143.46694469451904,0.907,0.914,0.891,0.897,0.888,0.9,0.909,0.889,0.895,0.879,1000,1000,1000,1000,1000,1000,1000,1000,1000,1000
0.5,low_mag_backdoor,42,fltrust,0.8112,0.8112,0.8112,,21.847319841384888,0.824,0.814,0.808,0.83,0.802,0.814,0.817,0.794,0.805,0.804,1000,1000,1000,1000,1000,1000,1000,1000,1000,1000
0.5,low_mag_backdoor,42,krum,0.8846,0.8846,0.8846,,28.1312096118927,0.888,0.902,0.874,0.903,0.882,0.878,0.898,0.873,0.874,0.874,1000,1000,1000,1000,1000,1000,1000,1000,1000,1000
0.5,low_mag_backdoor,42,median,0.8961,0.8961,0.8961,,38.43018293380737,0.906,0.912,0.889,0.904,0.887,0.9,0.907,0.888,0.888,0.88,1000,1000,1000,1000,1000,1000,1000,1000,1000,1000
0.5,low_mag_backdoor,42,trimmed_mean,0.8982999999999999,0.8983,0.8982999999999999,,32.16095352172852,0.91,0.915,0.888,0.902,0.892,0.894,0.908,0.893,0.889,0.892,1000,1000,1000,1000,1000,1000,1000,1000,1000,1000
0.5,low_mag_backdoor,43,oracle_u,0.9037,0.9037,0.9037,krum|fedavg|fedavg|fedavg|fedprox|fedavg|fedavg|fltrust|fltrust|fedprox|fedavg|fedavg|fedavg|fedavg|fedprox,28.91696619987488,0.914,0.921,0.893,0.905,0.898,0.899,0.917,0.89,0.901,0.899,1000,1000,1000,1000,1000,1000,1000,1000,1000,1000
0.5,low_mag_backdoor,43,oracle_w,0.9037,0.9037,0.9037,krum|fedavg|fedavg|fedavg|fedprox|fedavg|fedavg|fltrust|fltrust|fedprox|fedavg|fedavg|fedavg|fedavg|fedprox,60.89944887161255,0.914,0.921,0.893,0.905,0.898,0.899,0.917,0.89,0.901,0.899,1000,1000,1000,1000,1000,1000,1000,1000,1000,1000
0.5,low_mag_backdoor,43,fixed,0.9019,0.9019,0.9019,,202.30637001991272,0.909,0.921,0.892,0.905,0.89,0.902,0.915,0.892,0.902,0.891,1000,1000,1000,1000,1000,1000,1000,1000,1000,1000
0.5,low_mag_backdoor,43,sr_only,0.9007000000000002,0.9007,0.9007000000000002,,164.41178441047668,0.915,0.915,0.889,0.903,0.896,0.901,0.915,0.89,0.899,0.884,1000,1000,1000,1000,1000,1000,1000,1000,1000,1000
0.5,low_mag_backdoor,43,td3_ref,0.8921999999999999,0.8922,0.8921999999999999,,172.0125699043274,0.899,0.913,0.881,0.891,0.885,0.894,0.907,0.884,0.889,0.879,1000,1000,1000,1000,1000,1000,1000,1000,1000,1000
0.5,low_mag_backdoor,43,fltrust,0.8359,0.8359,0.8359,,27.042537212371823,0.852,0.838,0.828,0.851,0.829,0.83,0.851,0.826,0.829,0.825,1000,1000,1000,1000,1000,1000,1000,1000,1000,1000
0.5,low_mag_backdoor,43,krum,0.8828999999999999,0.8829,0.8828999999999999,,32.935203313827515,0.885,0.9,0.875,0.9,0.879,0.876,0.898,0.872,0.871,0.873,1000,1000,1000,1000,1000,1000,1000,1000,1000,1000
0.5,low_mag_backdoor,43,median,0.8967,0.8967,0.8967,,68.09457588195801,0.907,0.912,0.889,0.903,0.887,0.902,0.909,0.889,0.89,0.879,1000,1000,1000,1000,1000,1000,1000,1000,1000,1000
0.5,low_mag_backdoor,43,trimmed_mean,0.8994,0.8994,0.8994,,52.84667563438416,0.911,0.915,0.89,0.904,0.894,0.893,0.909,0.894,0.892,0.892,1000,1000,1000,1000,1000,1000,1000,1000,1000,1000
0.5,low_mag_backdoor,44,oracle_u,0.9056,0.9056,0.9056,krum|fedavg|fedavg|fedavg|fedavg|fedavg|fedavg|fedavg|fedavg|fedavg|fedavg|fedavg|fedavg|fltrust|fltrust,43.94225454330444,0.916,0.924,0.895,0.908,0.899,0.903,0.915,0.892,0.909,0.895,1000,1000,1000,1000,1000,1000,1000,1000,1000,1000
0.5,low_mag_backdoor,44,oracle_w,0.9056,0.9056,0.9056,krum|fedavg|fedavg|fedavg|fedavg|fedavg|fedavg|fedavg|fedavg|fedavg|fedavg|fedavg|fedavg|fltrust|fltrust,53.80861258506775,0.916,0.924,0.895,0.908,0.899,0.903,0.915,0.892,0.909,0.895,1000,1000,1000,1000,1000,1000,1000,1000,1000,1000
0.5,low_mag_backdoor,44,fixed,0.8967,0.8967,0.8967,,185.06735730171204,0.902,0.911,0.885,0.9,0.886,0.891,0.912,0.885,0.903,0.892,1000,1000,1000,1000,1000,1000,1000,1000,1000,1000
0.5,low_mag_backdoor,44,sr_only,0.8835000000000001,0.8835,0.8835000000000001,,157.28831267356873,0.897,0.901,0.884,0.881,0.887,0.884,0.891,0.877,0.877,0.856,1000,1000,1000,1000,1000,1000,1000,1000,1000,1000
0.5,low_mag_backdoor,44,td3_ref,0.9018,0.9018,0.9018,,176.59083938598633,0.908,0.917,0.888,0.906,0.897,0.901,0.913,0.893,0.904,0.891,1000,1000,1000,1000,1000,1000,1000,1000,1000,1000
0.5,low_mag_backdoor,44,fltrust,0.8356,0.8356,0.8356,,22.79483652114868,0.852,0.843,0.824,0.855,0.83,0.83,0.847,0.821,0.828,0.826,1000,1000,1000,1000,1000,1000,1000,1000,1000,1000
0.5,low_mag_backdoor,44,krum,0.8845000000000001,0.8845,0.8845000000000001,,43.24933862686157,0.887,0.902,0.875,0.902,0.883,0.879,0.898,0.872,0.873,0.874,1000,1000,1000,1000,1000,1000,1000,1000,1000,1000
0.5,low_mag_backdoor,44,median,0.8961,0.8961,0.8961,,28.6917507648468,0.905,0.912,0.889,0.904,0.887,0.898,0.908,0.888,0.892,0.878,1000,1000,1000,1000,1000,1000,1000,1000,1000,1000
0.5,low_mag_backdoor,44,trimmed_mean,0.8987,0.8987,0.8987,,46.59163117408752,0.909,0.915,0.89,0.904,0.893,0.893,0.908,0.893,0.89,0.892,1000,1000,1000,1000,1000,1000,1000,1000,1000,1000
0.5,low_mag_backdoor,45,oracle_u,0.9054,0.9054,0.9054,krum|fedavg|fedavg|fedavg|fedavg|fedavg|fedavg|fedavg|fedavg|fedavg|fedavg|fedavg|fedavg|fedavg|fedprox,48.44496655464173,0.915,0.925,0.895,0.905,0.901,0.901,0.914,0.891,0.907,0.9,1000,1000,1000,1000,1000,1000,1000,1000,1000,1000
0.5,low_mag_backdoor,45,oracle_w,0.9054,0.9054,0.9054,krum|fedavg|fedavg|fedavg|fedavg|fedavg|fedavg|fedavg|fedavg|fedavg|fedavg|fedavg|fedavg|fedavg|fedprox,59.9722068309784,0.915,0.925,0.895,0.905,0.901,0.901,0.914,0.891,0.907,0.9,1000,1000,1000,1000,1000,1000,1000,1000,1000,1000
0.5,low_mag_backdoor,45,fixed,0.8962,0.8962,0.8962,,186.72180557250977,0.899,0.915,0.881,0.899,0.887,0.895,0.908,0.886,0.903,0.889,1000,1000,1000,1000,1000,1000,1000,1000,1000,1000
0.5,low_mag_backdoor,45,sr_only,0.898,0.898,0.898,,144.5509877204895,0.911,0.915,0.888,0.897,0.89,0.9,0.914,0.889,0.898,0.878,1000,1000,1000,1000,1000,1000,1000,1000,1000,1000
0.5,low_mag_backdoor,45,td3_ref,0.8982999999999999,0.8983,0.8982999999999999,,165.61177110671997,0.903,0.913,0.885,0.904,0.889,0.897,0.911,0.887,0.905,0.889,1000,1000,1000,1000,1000,1000,1000,1000,1000,1000
0.5,low_mag_backdoor,45,fltrust,0.8413,0.8413,0.8413,,23.057626724243164,0.852,0.849,0.826,0.866,0.842,0.839,0.856,0.822,0.83,0.831,1000,1000,1000,1000,1000,1000,1000,1000,1000,1000
0.5,low_mag_backdoor,45,krum,0.8834000000000002,0.8834,0.8834000000000002,,28.56812357902527,0.883,0.902,0.875,0.9,0.88,0.876,0.899,0.877,0.871,0.871,1000,1000,1000,1000,1000,1000,1000,1000,1000,1000
0.5,low_mag_backdoor,45,median,0.8956999999999999,0.8957,0.8956999999999999,,25.06031537055969,0.906,0.911,0.889,0.905,0.887,0.899,0.908,0.887,0.889,0.876,1000,1000,1000,1000,1000,1000,1000,1000,1000,1000
0.5,low_mag_backdoor,45,trimmed_mean,0.8985000000000001,0.8985,0.8985000000000001,,32.99773406982422,0.91,0.915,0.891,0.903,0.892,0.894,0.908,0.893,0.889,0.89,1000,1000,1000,1000,1000,1000,1000,1000,1000,1000
0.5,low_mag_backdoor,46,oracle_u,0.9058,0.9058,0.9058,krum|fedavg|fedavg|fedavg|fedavg|fedavg|fedavg|fedavg|fedavg|fedavg|fedavg|fedavg|fedavg|fedavg|fltrust,71.76167893409729,0.916,0.927,0.895,0.907,0.901,0.904,0.913,0.894,0.906,0.895,1000,1000,1000,1000,1000,1000,1000,1000,1000,1000
0.5,low_mag_backdoor,46,oracle_w,0.9058,0.9058,0.9058,krum|fedavg|fedavg|fedavg|fedavg|fedavg|fedavg|fedavg|fedavg|fedavg|fedavg|fedavg|fedavg|fedavg|fltrust,128.142991065979,0.916,0.927,0.895,0.907,0.901,0.904,0.913,0.894,0.906,0.895,1000,1000,1000,1000,1000,1000,1000,1000,1000,1000
0.5,low_mag_backdoor,46,fixed,0.9000999999999999,0.9001,0.9000999999999999,,154.27650332450867,0.907,0.919,0.89,0.902,0.888,0.899,0.912,0.895,0.903,0.886,1000,1000,1000,1000,1000,1000,1000,1000,1000,1000
0.5,low_mag_backdoor,46,sr_only,0.8943999999999999,0.8944,0.8943999999999999,,150.70958852767944,0.912,0.908,0.885,0.895,0.891,0.896,0.907,0.889,0.892,0.869,1000,1000,1000,1000,1000,1000,1000,1000,1000,1000
0.5,low_mag_backdoor,46,td3_ref,0.8797,0.8797,0.8797,,174.52535271644592,0.891,0.901,0.868,0.877,0.873,0.877,0.886,0.875,0.886,0.863,1000,1000,1000,1000,1000,1000,1000,1000,1000,1000
0.5,low_mag_backdoor,46,fltrust,0.8268999999999999,0.8269,0.8268999999999999,,22.302163124084476,0.848,0.827,0.821,0.851,0.821,0.823,0.839,0.807,0.823,0.809,1000,1000,1000,1000,1000,1000,1000,1000,1000,1000
0.5,low_mag_backdoor,46,krum,0.8844000000000001,0.8844,0.8844000000000001,,22.311055660247803,0.884,0.902,0.873,0.901,0.881,0.882,0.902,0.874,0.871,0.874,1000,1000,1000,1000,1000,1000,1000,1000,1000,1000
0.5,low_mag_backdoor,46,median,0.8967,0.8967,0.8967,,37.0941219329834,0.906,0.913,0.89,0.904,0.888,0.9,0.91,0.888,0.89,0.878,1000,1000,1000,1000,1000,1000,1000,1000,1000,1000
0.5,low_mag_backdoor,46,trimmed_mean,0.8992000000000001,0.8992,0.8992000000000001,,69.5791585445404,0.911,0.915,0.888,0.904,0.893,0.896,0.91,0.891,0.891,0.893,1000,1000,1000,1000,1000,1000,1000,1000,1000,1000
0.5,low_mag_backdoor,47,oracle_u,0.9048000000000002,0.9048,0.9048000000000002,krum|fedavg|fedavg|fedavg|fedavg|fedavg|fedavg|fedavg|fedavg|fedavg|fedavg|fedavg|fltrust|fedprox|fedprox,86.10802626609802,0.915,0.924,0.895,0.906,0.9,0.9,0.914,0.891,0.903,0.9,1000,1000,1000,1000,1000,1000,1000,1000,1000,1000
0.5,low_mag_backdoor,47,oracle_w,0.9048,0.9048,0.9048,krum|fedavg|fedavg|fedavg|fedavg|fedavg|fedavg|fedavg|fedavg|fedavg|fedavg|fedavg|fltrust|fedprox|fedavg,35.71083307266235,0.915,0.924,0.895,0.906,0.899,0.9,0.915,0.891,0.903,0.9,1000,1000,1000,1000,1000,1000,1000,1000,1000,1000
0.5,low_mag_backdoor,47,fixed,0.8984000000000002,0.8984,0.8984000000000002,,157.61935782432556,0.913,0.913,0.884,0.9,0.891,0.897,0.912,0.891,0.899,0.884,1000,1000,1000,1000,1000,1000,1000,1000,1000,1000
0.5,low_mag_backdoor,47,sr_only,0.8905,0.8905,0.8905,,134.83528017997742,0.903,0.908,0.886,0.894,0.893,0.886,0.895,0.883,0.884,0.873,1000,1000,1000,1000,1000,1000,1000,1000,1000,1000
0.5,low_mag_backdoor,47,td3_ref,0.8341,0.8341,0.8341,,155.37951374053955,0.826,0.853,0.825,0.853,0.822,0.832,0.847,0.825,0.835,0.823,1000,1000,1000,1000,1000,1000,1000,1000,1000,1000
0.5,low_mag_backdoor,47,fltrust,0.8274999999999999,0.8275,0.8274999999999999,,28.992124795913696,0.843,0.83,0.821,0.845,0.82,0.826,0.835,0.816,0.819,0.82,1000,1000,1000,1000,1000,1000,1000,1000,1000,1000
0.5,low_mag_backdoor,47,krum,0.885,0.885,0.885,,28.285691261291504,0.887,0.902,0.877,0.904,0.884,0.879,0.898,0.872,0.873,0.874,1000,1000,1000,1000,1000,1000,1000,1000,1000,1000
0.5,low_mag_backdoor,47,median,0.8964000000000001,0.8964,0.8964000000000001,,21.18100929260254,0.906,0.913,0.889,0.905,0.888,0.898,0.909,0.888,0.891,0.877,1000,1000,1000,1000,1000,1000,1000,1000,1000,1000
0.5,low_mag_backdoor,47,trimmed_mean,0.8985000000000001,0.8985,0.8985000000000001,,77.85613870620728,0.91,0.915,0.889,0.904,0.894,0.892,0.909,0.892,0.89,0.89,1000,1000,1000,1000,1000,1000,1000,1000,1000,1000
0.5,low_mag_backdoor,48,oracle_u,0.9057,0.9057,0.9057,krum|fedavg|fedavg|fedavg|fedavg|fedavg|fedavg|fedavg|fedavg|fedavg|fedavg|fedavg|fedavg|fedprox|fedavg,63.56389379501343,0.914,0.925,0.895,0.905,0.902,0.902,0.913,0.891,0.907,0.903,1000,1000,1000,1000,1000,1000,1000,1000,1000,1000
0.5,low_mag_backdoor,48,oracle_w,0.9057,0.9057,0.9057,krum|fedavg|fedavg|fedavg|fedavg|fedavg|fedavg|fedavg|fedavg|fedavg|fedavg|fedavg|fedavg|fedprox|fedavg,79.10167098045349,0.914,0.925,0.895,0.905,0.902,0.902,0.913,0.891,0.907,0.903,1000,1000,1000,1000,1000,1000,1000,1000,1000,1000
0.5,low_mag_backdoor,48,fixed,0.8948,0.8948,0.8948,,145.2289490699768,0.906,0.911,0.883,0.897,0.89,0.896,0.907,0.888,0.894,0.876,1000,1000,1000,1000,1000,1000,1000,1000,1000,1000
0.5,low_mag_backdoor,48,sr_only,0.8958,0.8958,0.8958,,152.6844446659088,0.906,0.911,0.882,0.902,0.89,0.892,0.908,0.893,0.897,0.877,1000,1000,1000,1000,1000,1000,1000,1000,1000,1000
0.5,low_mag_backdoor,48,td3_ref,0.8992000000000001,0.8992,0.8992000000000001,,162.97549557685852,0.911,0.918,0.887,0.898,0.893,0.902,0.914,0.887,0.899,0.883,1000,1000,1000,1000,1000,1000,1000,1000,1000,1000
0.5,low_mag_backdoor,48,fltrust,0.8300999999999998,0.8301,0.8300999999999998,,123.87297034263612,0.846,0.832,0.827,0.849,0.826,0.825,0.839,0.812,0.823,0.822,1000,1000,1000,1000,1000,1000,1000,1000,1000,1000
0.5,low_mag_backdoor,48,krum,0.8847999999999999,0.8848,0.8847999999999999,,55.86732196807861,0.889,0.903,0.876,0.903,0.881,0.878,0.897,0.877,0.871,0.873,1000,1000,1000,1000,1000,1000,1000,1000,1000,1000
0.5,low_mag_backdoor,48,median,0.8961,0.8961,0.8961,,61.23377418518066,0.906,0.913,0.889,0.905,0.887,0.898,0.908,0.887,0.891,0.877,1000,1000,1000,1000,1000,1000,1000,1000,1000,1000
0.5,low_mag_backdoor,48,trimmed_mean,0.8984,0.8984,0.8984,,108.79836344718932,0.91,0.915,0.89,0.904,0.892,0.893,0.909,0.892,0.889,0.89,1000,1000,1000,1000,1000,1000,1000,1000,1000,1000
0.5,low_mag_backdoor,49,oracle_u,0.9045,0.9045,0.9045,krum|fedavg|fedavg|fedavg|fedavg|fedavg|fedavg|fedavg|fedavg|fedprox|fedavg|fltrust|fedavg|fedprox|fedavg,128.30264282226562,0.915,0.923,0.894,0.906,0.9,0.9,0.912,0.891,0.904,0.9,1000,1000,1000,1000,1000,1000,1000,1000,1000,1000
0.5,low_mag_backdoor,49,oracle_w,0.9046,0.9046,0.9046,krum|fedavg|fedavg|fedavg|fedavg|fedavg|fedavg|fedavg|fedavg|fedprox|fedavg|fltrust|fedavg|fedavg|fedavg,84.51412010192871,0.915,0.923,0.894,0.906,0.9,0.9,0.912,0.891,0.904,0.901,1000,1000,1000,1000,1000,1000,1000,1000,1000,1000
0.5,low_mag_backdoor,49,fixed,0.889,0.889,0.889,,163.51083302497864,0.909,0.903,0.877,0.893,0.886,0.891,0.899,0.884,0.884,0.864,1000,1000,1000,1000,1000,1000,1000,1000,1000,1000
0.5,low_mag_backdoor,49,sr_only,0.8896,0.8896,0.8896,,131.16953039169312,0.91,0.9,0.881,0.892,0.888,0.891,0.894,0.885,0.889,0.866,1000,1000,1000,1000,1000,1000,1000,1000,1000,1000
0.5,low_mag_backdoor,49,td3_ref,0.8873000000000001,0.8873,0.8873000000000001,,171.48032879829407,0.906,0.898,0.883,0.89,0.889,0.886,0.89,0.879,0.888,0.864,1000,1000,1000,1000,1000,1000,1000,1000,1000,1000
0.5,low_mag_backdoor,49,fltrust,0.8278000000000001,0.8278,0.8278000000000001,,23.479432821273804,0.846,0.824,0.83,0.855,0.822,0.821,0.834,0.809,0.825,0.812,1000,1000,1000,1000,1000,1000,1000,1000,1000,1000
0.5,low_mag_backdoor,49,krum,0.8844999999999998,0.8845,0.8844999999999998,,60.83243894577026,0.888,0.902,0.876,0.901,0.884,0.878,0.899,0.872,0.872,0.873,1000,1000,1000,1000,1000,1000,1000,1000,1000,1000
0.5,low_mag_backdoor,49,median,0.8959000000000001,0.8959,0.8959000000000001,,32.128448724746704,0.906,0.912,0.889,0.905,0.887,0.898,0.907,0.887,0.89,0.878,1000,1000,1000,1000,1000,1000,1000,1000,1000,1000
0.5,low_mag_backdoor,49,trimmed_mean,0.8989,0.8989,0.8989,,33.425459146499634,0.91,0.915,0.891,0.904,0.892,0.894,0.908,0.893,0.889,0.893,1000,1000,1000,1000,1000,1000,1000,1000,1000,1000
0.5,low_mag_backdoor,50,oracle_u,0.9056,0.9056,0.9056,krum|fedavg|fedavg|fedavg|fedavg|fedavg|fedavg|fedavg|fedavg|fedavg|fedavg|fedavg|fedprox|fedavg|fedavg,118.10368871688844,0.915,0.924,0.895,0.906,0.901,0.901,0.913,0.892,0.906,0.903,1000,1000,1000,1000,1000,1000,1000,1000,1000,1000
0.5,low_mag_backdoor,50,oracle_w,0.9056,0.9056,0.9056,krum|fedavg|fedavg|fedavg|fedavg|fedavg|fedavg|fedavg|fedavg|fedavg|fedavg|fedavg|fedprox|fedavg|fedavg,69.06713938713074,0.915,0.924,0.895,0.906,0.901,0.901,0.913,0.892,0.906,0.903,1000,1000,1000,1000,1000,1000,1000,1000,1000,1000
0.5,low_mag_backdoor,50,fixed,0.8967,0.8967,0.8967,,158.27105045318604,0.917,0.913,0.896,0.892,0.893,0.897,0.907,0.889,0.893,0.87,1000,1000,1000,1000,1000,1000,1000,1000,1000,1000
0.5,low_mag_backdoor,50,sr_only,0.8907,0.8907,0.8907,,130.59940433502197,0.907,0.901,0.885,0.891,0.892,0.891,0.894,0.886,0.89,0.87,1000,1000,1000,1000,1000,1000,1000,1000,1000,1000
0.5,low_mag_backdoor,50,td3_ref,0.8682000000000001,0.8682,0.8682000000000001,,147.8488907814026,0.862,0.889,0.859,0.88,0.857,0.866,0.878,0.857,0.873,0.861,1000,1000,1000,1000,1000,1000,1000,1000,1000,1000
0.5,low_mag_backdoor,50,fltrust,0.8147,0.8147,0.8147,,25.050513982772827,0.836,0.813,0.81,0.842,0.805,0.81,0.819,0.801,0.809,0.802,1000,1000,1000,1000,1000,1000,1000,1000,1000,1000
0.5,low_mag_backdoor,50,krum,0.8843,0.8843,0.8843,,42.81341028213501,0.888,0.902,0.875,0.902,0.883,0.879,0.898,0.87,0.873,0.873,1000,1000,1000,1000,1000,1000,1000,1000,1000,1000
0.5,low_mag_backdoor,50,median,0.8965000000000002,0.8965,0.8965000000000002,,24.78739643096924,0.906,0.914,0.889,0.904,0.887,0.899,0.91,0.888,0.891,0.877,1000,1000,1000,1000,1000,1000,1000,1000,1000,1000
0.5,low_mag_backdoor,50,trimmed_mean,0.8988999999999999,0.8989,0.8988999999999999,,35.744582414627075,0.91,0.915,0.891,0.903,0.893,0.895,0.908,0.891,0.891,0.892,1000,1000,1000,1000,1000,1000,1000,1000,1000,1000
0.5,low_mag_backdoor,51,oracle_u,0.9058,0.9058,0.9058,krum|fedavg|fedavg|fedavg|fedavg|fedavg|fedavg|fedavg|fedavg|fedavg|fedavg|fedavg|fedavg|fedavg|fedavg,46.24455428123474,0.916,0.925,0.894,0.905,0.901,0.902,0.915,0.892,0.907,0.901,1000,1000,1000,1000,1000,1000,1000,1000,1000,1000
0.5,low_mag_backdoor,51,oracle_w,0.9058,0.9058,0.9058,krum|fedavg|fedavg|fedavg|fedavg|fedavg|fedavg|fedavg|fedavg|fedavg|fedavg|fedavg|fedavg|fedavg|fedavg,47.9805634021759,0.916,0.925,0.894,0.905,0.901,0.902,0.915,0.892,0.907,0.901,1000,1000,1000,1000,1000,1000,1000,1000,1000,1000
0.5,low_mag_backdoor,51,fixed,0.8972999999999999,0.8973,0.8972999999999999,,168.30939412117004,0.913,0.911,0.894,0.896,0.891,0.899,0.91,0.888,0.898,0.873,1000,1000,1000,1000,1000,1000,1000,1000,1000,1000
0.5,low_mag_backdoor,51,sr_only,0.9012,0.9012,0.9012,,138.60217142105105,0.913,0.918,0.89,0.904,0.896,0.902,0.914,0.891,0.9,0.884,1000,1000,1000,1000,1000,1000,1000,1000,1000,1000
0.5,low_mag_backdoor,51,td3_ref,0.8902999999999999,0.8903,0.8902999999999999,,149.53500699996948,0.907,0.899,0.886,0.893,0.89,0.889,0.897,0.884,0.889,0.869,1000,1000,1000,1000,1000,1000,1000,1000,1000,1000
0.5,low_mag_backdoor,51,fltrust,0.8324999999999999,0.8325,0.8324999999999999,,79.3514175415039,0.85,0.838,0.824,0.855,0.825,0.83,0.841,0.817,0.822,0.823,1000,1000,1000,1000,1000,1000,1000,1000,1000,1000
0.5,low_mag_backdoor,51,krum,0.8849,0.8849,0.8849,,74.57688522338867,0.89,0.902,0.876,0.903,0.882,0.879,0.898,0.872,0.872,0.875,1000,1000,1000,1000,1000,1000,1000,1000,1000,1000
0.5,low_mag_backdoor,51,median,0.8960000000000001,0.896,0.8960000000000001,,91.15938782691956,0.906,0.913,0.889,0.905,0.887,0.898,0.907,0.887,0.89,0.878,1000,1000,1000,1000,1000,1000,1000,1000,1000,1000
0.5,low_mag_backdoor,51,trimmed_mean,0.8987,0.8987,0.8987,,93.3087079524994,0.91,0.915,0.891,0.903,0.893,0.893,0.909,0.892,0.89,0.891,1000,1000,1000,1000,1000,1000,1000,1000,1000,1000
0.05,sign_flipping,42,oracle_u,0.74,0.74,0.74,fedavg|clustering|clustering|fltrust|clustering|fltrust|fltrust|fltrust|fltrust|fltrust|fltrust|fltrust|fltrust|fltrust|fltrust,32.566219329833984,0.743,0.723,0.771,0.763,0.709,0.731,0.744,0.757,0.729,0.73,1000,1000,1000,1000,1000,1000,1000,1000,1000,1000
0.05,sign_flipping,42,oracle_w,0.74,0.74,0.74,fedavg|clustering|clustering|fltrust|clustering|fltrust|fltrust|fltrust|fltrust|fltrust|fltrust|fltrust|fltrust|fltrust|fltrust,42.33103132247925,0.743,0.723,0.771,0.763,0.709,0.731,0.744,0.757,0.729,0.73,1000,1000,1000,1000,1000,1000,1000,1000,1000,1000
0.05,sign_flipping,42,fixed,0.7556999999999999,0.7557,0.7556999999999999,,183.4517307281494,0.758,0.747,0.773,0.782,0.728,0.749,0.76,0.761,0.742,0.757,1000,1000,1000,1000,1000,1000,1000,1000,1000,1000
0.05,sign_flipping,42,sr_only,0.6948000000000001,0.6948,0.6948000000000001,,159.98953342437744,0.686,0.689,0.719,0.727,0.67,0.69,0.701,0.708,0.679,0.679,1000,1000,1000,1000,1000,1000,1000,1000,1000,1000
0.05,sign_flipping,42,td3_ref,0.7396,0.7396,0.7396,,177.4821698665619,0.743,0.737,0.757,0.769,0.71,0.735,0.742,0.749,0.723,0.731,1000,1000,1000,1000,1000,1000,1000,1000,1000,1000
0.05,sign_flipping,42,fltrust,0.6176,0.6176,0.6176,,24.397122144699097,0.597,0.62,0.645,0.655,0.601,0.618,0.616,0.634,0.598,0.592,1000,1000,1000,1000,1000,1000,1000,1000,1000,1000
0.05,sign_flipping,42,krum,0.2895,0.2895,0.2895,,22.301632165908813,0.293,0.284,0.27,0.304,0.29,0.287,0.292,0.284,0.292,0.299,1000,1000,1000,1000,1000,1000,1000,1000,1000,1000
0.05,sign_flipping,42,median,0.4574000000000001,0.4574,0.4574000000000001,,33.8713858127594,0.456,0.457,0.458,0.467,0.444,0.463,0.465,0.458,0.458,0.448,1000,1000,1000,1000,1000,1000,1000,1000,1000,1000
0.05,sign_flipping,42,trimmed_mean,0.5067999999999999,0.5068,0.5067999999999999,,30.892889976501465,0.508,0.503,0.509,0.527,0.493,0.513,0.5,0.509,0.513,0.493,1000,1000,1000,1000,1000,1000,1000,1000,1000,1000
0.05,sign_flipping,43,oracle_u,0.7766000000000001,0.7766,0.7766000000000001,fedavg|clustering|clustering|clustering|clustering|clustering|clustering|clustering|clustering|clustering|fltrust|clustering|clustering|fltrust|clustering,63.79109811782837,0.783,0.764,0.799,0.796,0.756,0.759,0.784,0.79,0.766,0.769,1000,1000,1000,1000,1000,1000,1000,1000,1000,1000
0.05,sign_flipping,43,oracle_w,0.7766000000000001,0.7766,0.7766000000000001,fedavg|clustering|clustering|clustering|clustering|clustering|clustering|clustering|clustering|clustering|fltrust|clustering|clustering|fltrust|clustering,44.328890562057495,0.783,0.764,0.799,0.796,0.756,0.759,0.784,0.79,0.766,0.769,1000,1000,1000,1000,1000,1000,1000,1000,1000,1000
0.05,sign_flipping,43,fixed,0.7907,0.7907,0.7907,,175.15904092788696,0.796,0.78,0.811,0.811,0.774,0.772,0.798,0.804,0.774,0.787,1000,1000,1000,1000,1000,1000,1000,1000,1000,1000
0.05,sign_flipping,43,sr_only,0.7886,0.7886,0.7886,,144.91758227348328,0.793,0.776,0.819,0.809,0.767,0.774,0.793,0.803,0.768,0.784,1000,1000,1000,1000,1000,1000,1000,1000,1000,1000
0.05,sign_flipping,43,td3_ref,0.7932,0.7932,0.7932,,182.7761733531952,0.799,0.782,0.814,0.814,0.778,0.773,0.799,0.807,0.778,0.788,1000,1000,1000,1000,1000,1000,1000,1000,1000,1000
0.05,sign_flipping,43,fltrust,0.6439,0.6439,0.6439,,57.550586223602295,0.647,0.636,0.669,0.674,0.612,0.654,0.631,0.656,0.624,0.636,1000,1000,1000,1000,1000,1000,1000,1000,1000,1000
0.05,sign_flipping,43,krum,0.2981,0.2981,0.2981,,56.36100554466248,0.297,0.292,0.287,0.313,0.296,0.297,0.3,0.289,0.299,0.311,1000,1000,1000,1000,1000,1000,1000,1000,1000,1000
0.05,sign_flipping,43,median,0.4589,0.4589,0.4589,,34.77179336547852,0.459,0.458,0.46,0.466,0.448,0.463,0.467,0.46,0.46,0.448,1000,1000,1000,1000,1000,1000,1000,1000,1000,1000
0.05,sign_flipping,43,trimmed_mean,0.5072,0.5072,0.5072,,55.06734299659729,0.507,0.504,0.509,0.527,0.494,0.513,0.501,0.509,0.514,0.494,1000,1000,1000,1000,1000,1000,1000,1000,1000,1000
0.05,sign_flipping,44,oracle_u,0.7133999999999999,0.7134,0.7133999999999999,fedavg|clustering|fltrust|fltrust|fltrust|fltrust|fltrust|fltrust|fltrust|fltrust|fltrust|fltrust|fltrust|fltrust|fltrust,45.2896454334259,0.692,0.706,0.743,0.737,0.689,0.706,0.719,0.736,0.707,0.699,1000,1000,1000,1000,1000,1000,1000,1000,1000,1000
0.05,sign_flipping,44,oracle_w,0.7133999999999999,0.7134,0.7133999999999999,fedavg|clustering|fltrust|fltrust|fltrust|fltrust|fltrust|fltrust|fltrust|fltrust|fltrust|fltrust|fltrust|fltrust|fltrust,92.05456709861755,0.692,0.706,0.743,0.737,0.689,0.706,0.719,0.736,0.707,0.699,1000,1000,1000,1000,1000,1000,1000,1000,1000,1000
0.05,sign_flipping,44,fixed,0.7641,0.7641,0.7641,,182.5342063903809,0.767,0.753,0.786,0.788,0.737,0.752,0.771,0.77,0.755,0.762,1000,1000,1000,1000,1000,1000,1000,1000,1000,1000
0.05,sign_flipping,44,sr_only,0.6971,0.6971,0.6971,,129.72469568252563,0.69,0.692,0.721,0.729,0.671,0.694,0.7,0.712,0.68,0.682,1000,1000,1000,1000,1000,1000,1000,1000,1000,1000
0.05,sign_flipping,44,td3_ref,0.7658000000000001,0.7658,0.7658000000000001,,189.65243077278137,0.767,0.756,0.789,0.791,0.737,0.753,0.772,0.771,0.756,0.766,1000,1000,1000,1000,1000,1000,1000,1000,1000,1000
0.05,sign_flipping,44,fltrust,0.6617000000000001,0.6617,0.6617000000000001,,83.7566134929657,0.654,0.66,0.687,0.684,0.623,0.653,0.664,0.681,0.662,0.649,1000,1000,1000,1000,1000,1000,1000,1000,1000,1000
0.05,sign_flipping,44,krum,0.2914,0.2914,0.2914,,67.08266377449036,0.294,0.288,0.274,0.305,0.29,0.291,0.297,0.282,0.295,0.298,1000,1000,1000,1000,1000,1000,1000,1000,1000,1000
0.05,sign_flipping,44,median,0.4591000000000001,0.4591,0.4591000000000001,,24.728698015213013,0.457,0.456,0.462,0.469,0.449,0.465,0.465,0.462,0.458,0.448,1000,1000,1000,1000,1000,1000,1000,1000,1000,1000
0.05,sign_flipping,44,trimmed_mean,0.5077999999999999,0.5078,0.5077999999999999,,21.44080400466919,0.51,0.505,0.509,0.527,0.495,0.513,0.501,0.509,0.515,0.494,1000,1000,1000,1000,1000,1000,1000,1000,1000,1000
0.05,sign_flipping,45,oracle_u,0.7793000000000001,0.7793,0.7793000000000001,fedavg|clustering|clustering|fltrust|clustering|clustering|clustering|fltrust|fltrust|fltrust|fltrust|fltrust|fltrust|fltrust|fltrust,62.84346771240234,0.778,0.777,0.793,0.794,0.753,0.785,0.777,0.785,0.773,0.778,1000,1000,1000,1000,1000,1000,1000,1000,1000,1000
0.05,sign_flipping,45,oracle_w,0.7793000000000001,0.7793,0.7793000000000001,fedavg|clustering|clustering|fltrust|clustering|clustering|clustering|fltrust|fltrust|fltrust|fltrust|fltrust|fltrust|fltrust|fltrust,30.630670070648197,0.778,0.777,0.793,0.794,0.753,0.785,0.777,0.785,0.773,0.778,1000,1000,1000,1000,1000,1000,1000,1000,1000,1000
0.05,sign_flipping,45,fixed,0.785,0.785,0.785,,162.94774222373962,0.792,0.776,0.804,0.809,0.761,0.766,0.794,0.795,0.769,0.784,1000,1000,1000,1000,1000,1000,1000,1000,1000,1000
0.05,sign_flipping,45,sr_only,0.6953999999999999,0.6954,0.6953999999999999,,132.5446581840515,0.688,0.687,0.722,0.729,0.67,0.691,0.699,0.708,0.68,0.68,1000,1000,1000,1000,1000,1000,1000,1000,1000,1000
0.05,sign_flipping,45,td3_ref,0.7652,0.7652,0.7652,,167.2167398929596,0.767,0.756,0.788,0.789,0.738,0.753,0.772,0.771,0.754,0.764,1000,1000,1000,1000,1000,1000,1000,1000,1000,1000
0.05,sign_flipping,45,fltrust,0.6432,0.6432,0.6432,,24.507896184921265,0.638,0.615,0.66,0.66,0.627,0.636,0.663,0.668,0.638,0.627,1000,1000,1000,1000,1000,1000,1000,1000,1000,1000
0.05,sign_flipping,45,krum,0.098,0.098,0.098,,59.90089678764343,0.098,0.109,0.097,0.098,0.093,0.091,0.096,0.108,0.087,0.103,1000,1000,1000,1000,1000,1000,1000,1000,1000,1000
0.05,sign_flipping,45,median,0.4589,0.4589,0.4589,,23.399909257888797,0.458,0.457,0.461,0.468,0.449,0.464,0.465,0.462,0.458,0.447,1000,1000,1000,1000,1000,1000,1000,1000,1000,1000
0.05,sign_flipping,45,trimmed_mean,0.5074000000000001,0.5074,0.5074000000000001,,70.01745176315308,0.508,0.505,0.509,0.527,0.495,0.513,0.501,0.509,0.514,0.493,1000,1000,1000,1000,1000,1000,1000,1000,1000,1000
0.05,sign_flipping,46,oracle_u,0.7048,0.7048,0.7048,fedavg|fltrust|fltrust|clustering|fltrust|fltrust|fltrust|fltrust|fltrust|fltrust|fltrust|fltrust|fltrust|fltrust|fltrust,103.33186340332033,0.691,0.695,0.729,0.728,0.691,0.704,0.707,0.72,0.691,0.692,1000,1000,1000,1000,1000,1000,1000,1000,1000,1000
0.05,sign_flipping,46,oracle_w,0.7048,0.7048,0.7048,fedavg|fltrust|fltrust|clustering|fltrust|fltrust|fltrust|fltrust|fltrust|fltrust|fltrust|fltrust|fltrust|fltrust|fltrust,37.630922079086304,0.691,0.695,0.729,0.728,0.691,0.704,0.707,0.72,0.691,0.692,1000,1000,1000,1000,1000,1000,1000,1000,1000,1000
0.05,sign_flipping,46,fixed,0.7627,0.7627,0.7627,,155.7527356147766,0.768,0.75,0.784,0.786,0.733,0.751,0.768,0.772,0.753,0.762,1000,1000,1000,1000,1000,1000,1000,1000,1000,1000
0.05,sign_flipping,46,sr_only,0.7329999999999999,0.733,0.7329999999999999,,158.9949905872345,0.731,0.728,0.753,0.763,0.714,0.728,0.734,0.738,0.717,0.724,1000,1000,1000,1000,1000,1000,1000,1000,1000,1000
0.05,sign_flipping,46,td3_ref,0.6814,0.6814,0.6814,,168.30221509933472,0.674,0.694,0.696,0.701,0.648,0.675,0.678,0.696,0.671,0.681,1000,1000,1000,1000,1000,1000,1000,1000,1000,1000
0.05,sign_flipping,46,fltrust,0.6602,0.6602,0.6602,,105.07397294044496,0.653,0.65,0.676,0.701,0.637,0.658,0.651,0.675,0.65,0.651,1000,1000,1000,1000,1000,1000,1000,1000,1000,1000
0.05,sign_flipping,46,krum,0.098,0.098,0.098,,20.48405599594116,0.098,0.109,0.097,0.098,0.093,0.091,0.096,0.108,0.087,0.103,1000,1000,1000,1000,1000,1000,1000,1000,1000,1000
0.05,sign_flipping,46,median,0.4584,0.4584,0.4584,,59.24479126930237,0.457,0.457,0.461,0.468,0.446,0.463,0.465,0.461,0.457,0.449,1000,1000,1000,1000,1000,1000,1000,1000,1000,1000
0.05,sign_flipping,46,trimmed_mean,0.5071,0.5071,0.5071,,60.456268072128296,0.508,0.504,0.509,0.527,0.495,0.513,0.501,0.509,0.513,0.492,1000,1000,1000,1000,1000,1000,1000,1000,1000,1000
0.05,sign_flipping,47,oracle_u,0.6428,0.6428,0.6428,fltrust|fltrust|fltrust|fltrust|fltrust|fltrust|fltrust|fltrust|fltrust|fltrust|fltrust|fltrust|fltrust|fltrust|fltrust,65.2657721042633,0.635,0.629,0.663,0.687,0.627,0.637,0.647,0.654,0.625,0.624,1000,1000,1000,1000,1000,1000,1000,1000,1000,1000
0.05,sign_flipping,47,oracle_w,0.6428,0.6428,0.6428,fltrust|fltrust|fltrust|fltrust|fltrust|fltrust|fltrust|fltrust|fltrust|fltrust|fltrust|fltrust|fltrust|fltrust|fltrust,78.86855363845825,0.635,0.629,0.663,0.687,0.627,0.637,0.647,0.654,0.625,0.624,1000,1000,1000,1000,1000,1000,1000,1000,1000,1000
0.05,sign_flipping,47,fixed,0.7556,0.7556,0.7556,,160.01589703559875,0.754,0.745,0.774,0.781,0.728,0.745,0.764,0.767,0.746,0.752,1000,1000,1000,1000,1000,1000,1000,1000,1000,1000
0.05,sign_flipping,47,sr_only,0.6934999999999999,0.6935,0.6934999999999999,,141.87464141845703,0.685,0.687,0.719,0.728,0.67,0.688,0.696,0.708,0.677,0.677,1000,1000,1000,1000,1000,1000,1000,1000,1000,1000
0.05,sign_flipping,47,td3_ref,0.7859,0.7859,0.7859,,146.37925267219543,0.794,0.769,0.802,0.806,0.761,0.772,0.799,0.804,0.769,0.783,1000,1000,1000,1000,1000,1000,1000,1000,1000,1000
0.05,sign_flipping,47,fltrust,0.6428,0.6428,0.6428,,30.5939724445343,0.635,0.629,0.663,0.687,0.627,0.637,0.647,0.654,0.625,0.624,1000,1000,1000,1000,1000,1000,1000,1000,1000,1000
0.05,sign_flipping,47,krum,0.2896999999999999,0.2897,0.2896999999999999,,22.526058435440063,0.293,0.283,0.271,0.304,0.292,0.285,0.294,0.283,0.294,0.298,1000,1000,1000,1000,1000,1000,1000,1000,1000,1000
0.05,sign_flipping,47,median,0.4583,0.4583,0.4583,,42.333740234375,0.457,0.456,0.459,0.469,0.448,0.465,0.465,0.459,0.457,0.448,1000,1000,1000,1000,1000,1000,1000,1000,1000,1000
0.05,sign_flipping,47,trimmed_mean,0.5076,0.5076,0.5076,,40.1840283870697,0.508,0.504,0.509,0.527,0.495,0.513,0.503,0.51,0.514,0.493,1000,1000,1000,1000,1000,1000,1000,1000,1000,1000
0.05,sign_flipping,48,oracle_u,0.7698,0.7698,0.7698,fedavg|clustering|clustering|clustering|clustering|clustering|clustering|clustering|clustering|fltrust|fltrust|fltrust|fltrust|fltrust|fltrust,26.02753162384033,0.766,0.764,0.792,0.794,0.745,0.771,0.776,0.781,0.75,0.759,1000,1000,1000,1000,1000,1000,1000,1000,1000,1000
0.05,sign_flipping,48,oracle_w,0.7698,0.7698,0.7698,fedavg|clustering|clustering|clustering|clustering|clustering|clustering|clustering|clustering|fltrust|fltrust|fltrust|fltrust|fltrust|fltrust,29.40065312385559,0.766,0.764,0.792,0.794,0.745,0.771,0.776,0.781,0.75,0.759,1000,1000,1000,1000,1000,1000,1000,1000,1000,1000
0.05,sign_flipping,48,fixed,0.7592000000000001,0.7592,0.7592000000000001,,148.3624620437622,0.76,0.747,0.779,0.782,0.734,0.746,0.77,0.772,0.751,0.751,1000,1000,1000,1000,1000,1000,1000,1000,1000,1000
0.05,sign_flipping,48,sr_only,0.7324999999999999,0.7325,0.7324999999999999,,138.34117698669434,0.73,0.727,0.751,0.765,0.711,0.727,0.735,0.738,0.717,0.724,1000,1000,1000,1000,1000,1000,1000,1000,1000,1000
0.05,sign_flipping,48,td3_ref,0.7807999999999999,0.7808,0.7807999999999999,,169.67325448989868,0.783,0.77,0.806,0.801,0.759,0.767,0.79,0.798,0.757,0.777,1000,1000,1000,1000,1000,1000,1000,1000,1000,1000
0.05,sign_flipping,48,fltrust,0.595,0.595,0.595,,78.29897141456604,0.594,0.577,0.608,0.618,0.579,0.585,0.604,0.619,0.601,0.565,1000,1000,1000,1000,1000,1000,1000,1000,1000,1000
0.05,sign_flipping,48,krum,0.098,0.098,0.098,,65.88234210014343,0.098,0.109,0.097,0.098,0.093,0.091,0.096,0.108,0.087,0.103,1000,1000,1000,1000,1000,1000,1000,1000,1000,1000
0.05,sign_flipping,48,median,0.4587,0.4587,0.4587,,21.88783812522888,0.458,0.454,0.46,0.468,0.449,0.466,0.465,0.458,0.459,0.45,1000,1000,1000,1000,1000,1000,1000,1000,1000,1000
0.05,sign_flipping,48,trimmed_mean,0.5077,0.5077,0.5077,,109.045592546463,0.507,0.504,0.509,0.527,0.495,0.514,0.503,0.509,0.516,0.493,1000,1000,1000,1000,1000,1000,1000,1000,1000,1000
0.05,sign_flipping,49,oracle_u,0.7386,0.7386,0.7386,fedavg|clustering|clustering|fltrust|fltrust|fltrust|fltrust|fltrust|fltrust|fltrust|fltrust|fltrust|fltrust|fltrust|fltrust,79.66535377502441,0.732,0.733,0.759,0.753,0.723,0.728,0.742,0.761,0.729,0.726,1000,1000,1000,1000,1000,1000,1000,1000,1000,1000
0.05,sign_flipping,49,oracle_w,0.7386,0.7386,0.7386,fedavg|clustering|clustering|fltrust|fltrust|fltrust|fltrust|fltrust|fltrust|fltrust|fltrust|fltrust|fltrust|fltrust|fltrust,50.695417404174805,0.732,0.733,0.759,0.753,0.723,0.728,0.742,0.761,0.729,0.726,1000,1000,1000,1000,1000,1000,1000,1000,1000,1000
0.05,sign_flipping,49,fixed,0.6247,0.6247,0.6247,,162.1022744178772,0.624,0.615,0.643,0.654,0.605,0.626,0.619,0.644,0.607,0.61,1000,1000,1000,1000,1000,1000,1000,1000,1000,1000
0.05,sign_flipping,49,sr_only,0.781,0.781,0.781,,134.7356960773468,0.788,0.771,0.801,0.801,0.759,0.764,0.793,0.798,0.762,0.773,1000,1000,1000,1000,1000,1000,1000,1000,1000,1000
0.05,sign_flipping,49,td3_ref,0.5772,0.5772,0.5772,,162.56548404693604,0.576,0.566,0.59,0.605,0.566,0.582,0.57,0.596,0.567,0.554,1000,1000,1000,1000,1000,1000,1000,1000,1000,1000
0.05,sign_flipping,49,fltrust,0.6845,0.6845,0.6845,,37.63426733016968,0.685,0.685,0.705,0.716,0.66,0.684,0.679,0.7,0.663,0.668,1000,1000,1000,1000,1000,1000,1000,1000,1000,1000
0.05,sign_flipping,49,krum,0.2851,0.2851,0.2851,,31.730528593063354,0.292,0.282,0.261,0.297,0.285,0.285,0.29,0.277,0.289,0.293,1000,1000,1000,1000,1000,1000,1000,1000,1000,1000
0.05,sign_flipping,49,median,0.4575,0.4575,0.4575,,50.84450793266296,0.455,0.457,0.46,0.467,0.445,0.463,0.464,0.461,0.455,0.448,1000,1000,1000,1000,1000,1000,1000,1000,1000,1000
0.05,sign_flipping,49,trimmed_mean,0.5071000000000001,0.5071,0.5071000000000001,,31.811388969421387,0.509,0.504,0.509,0.526,0.494,0.513,0.5,0.508,0.515,0.493,1000,1000,1000,1000,1000,1000,1000,1000,1000,1000
0.05,sign_flipping,50,oracle_u,0.6721000000000001,0.6721,0.6721000000000001,fedavg|fltrust|fltrust|fltrust|fltrust|fltrust|fltrust|fltrust|fltrust|fltrust|fltrust|fltrust|fltrust|fltrust|fltrust,43.42611885070801,0.669,0.671,0.687,0.708,0.65,0.668,0.664,0.692,0.652,0.66,1000,1000,1000,1000,1000,1000,1000,1000,1000,1000
0.05,sign_flipping,50,oracle_w,0.6721000000000001,0.6721,0.6721000000000001,fedavg|fltrust|fltrust|fltrust|fltrust|fltrust|fltrust|fltrust|fltrust|fltrust|fltrust|fltrust|fltrust|fltrust|fltrust,47.60964274406433,0.669,0.671,0.687,0.708,0.65,0.668,0.664,0.692,0.652,0.66,1000,1000,1000,1000,1000,1000,1000,1000,1000,1000
0.05,sign_flipping,50,fixed,0.6204,0.6204,0.6204,,163.58671474456787,0.618,0.608,0.648,0.645,0.603,0.617,0.618,0.637,0.61,0.6,1000,1000,1000,1000,1000,1000,1000,1000,1000,1000
0.05,sign_flipping,50,sr_only,0.695,0.695,0.695,,144.8781487941742,0.686,0.688,0.721,0.728,0.67,0.69,0.7,0.708,0.679,0.68,1000,1000,1000,1000,1000,1000,1000,1000,1000,1000
0.05,sign_flipping,50,td3_ref,0.6395,0.6395,0.6395,,167.29677081108093,0.65,0.62,0.664,0.667,0.615,0.638,0.631,0.645,0.633,0.632,1000,1000,1000,1000,1000,1000,1000,1000,1000,1000
0.05,sign_flipping,50,fltrust,0.6652,0.6652,0.6652,,37.53006291389465,0.666,0.662,0.68,0.701,0.644,0.663,0.657,0.684,0.644,0.651,1000,1000,1000,1000,1000,1000,1000,1000,1000,1000
0.05,sign_flipping,50,krum,0.098,0.098,0.098,,83.51962614059448,0.098,0.109,0.097,0.098,0.093,0.091,0.096,0.108,0.087,0.103,1000,1000,1000,1000,1000,1000,1000,1000,1000,1000
0.05,sign_flipping,50,median,0.4592,0.4592,0.4592,,35.49686408042908,0.457,0.456,0.462,0.47,0.45,0.466,0.463,0.461,0.459,0.448,1000,1000,1000,1000,1000,1000,1000,1000,1000,1000
0.05,sign_flipping,50,trimmed_mean,0.5076999999999999,0.5077,0.5076999999999999,,70.7903003692627,0.509,0.503,0.509,0.528,0.495,0.513,0.501,0.51,0.515,0.494,1000,1000,1000,1000,1000,1000,1000,1000,1000,1000
0.05,sign_flipping,51,oracle_u,0.6803,0.6803,0.6803,fedavg|clustering|clustering|fltrust|fltrust|fltrust|fltrust|fltrust|fltrust|fltrust|fltrust|fltrust|fltrust|fltrust|fltrust,100.11272025108336,0.672,0.669,0.698,0.709,0.662,0.673,0.673,0.706,0.668,0.673,1000,1000,1000,1000,1000,1000,1000,1000,1000,1000
0.05,sign_flipping,51,oracle_w,0.6803,0.6803,0.6803,fedavg|clustering|clustering|fltrust|fltrust|fltrust|fltrust|fltrust|fltrust|fltrust|fltrust|fltrust|fltrust|fltrust|fltrust,65.45081281661987,0.672,0.669,0.698,0.709,0.662,0.673,0.673,0.706,0.668,0.673,1000,1000,1000,1000,1000,1000,1000,1000,1000,1000
0.05,sign_flipping,51,fixed,0.6825,0.6825,0.6825,,149.00771856307983,0.679,0.677,0.711,0.718,0.645,0.691,0.677,0.692,0.663,0.672,1000,1000,1000,1000,1000,1000,1000,1000,1000,1000
0.05,sign_flipping,51,sr_only,0.6928,0.6928,0.6928,,123.96273899078368,0.685,0.685,0.717,0.728,0.658,0.687,0.697,0.714,0.678,0.679,1000,1000,1000,1000,1000,1000,1000,1000,1000,1000
0.05,sign_flipping,51,td3_ref,0.6965,0.6965,0.6965,,161.427898645401,0.698,0.688,0.718,0.725,0.669,0.698,0.694,0.707,0.685,0.683,1000,1000,1000,1000,1000,1000,1000,1000,1000,1000
0.05,sign_flipping,51,fltrust,0.5980999999999999,0.5981,0.5980999999999999,,25.52109956741333,0.588,0.598,0.626,0.62,0.559,0.584,0.596,0.612,0.595,0.603,1000,1000,1000,1000,1000,1000,1000,1000,1000,1000
0.05,sign_flipping,51,krum,0.2888,0.2888,0.2888,,16.541154623031616,0.293,0.285,0.269,0.303,0.289,0.286,0.292,0.282,0.293,0.296,1000,1000,1000,1000,1000,1000,1000,1000,1000,1000
0.05,sign_flipping,51,median,0.4575999999999999,0.4576,0.4575999999999999,,16.47626829147339,0.456,0.457,0.459,0.467,0.446,0.463,0.466,0.458,0.458,0.446,1000,1000,1000,1000,1000,1000,1000,1000,1000,1000
0.05,sign_flipping,51,trimmed_mean,0.5069,0.5069,0.5069,,16.341007709503174,0.507,0.503,0.508,0.527,0.494,0.512,0.502,0.51,0.513,0.493,1000,1000,1000,1000,1000,1000,1000,1000,1000,1000
0.1,sign_flipping,42,oracle_u,0.8187000000000001,0.8187,0.8187000000000001,fedavg|fedavg|clustering|clustering|clustering|clustering|fltrust|fltrust|fltrust|fltrust|fltrust|fltrust|fltrust|fltrust|fltrust,50.95049595832825,0.818,0.814,0.838,0.807,0.82,0.796,0.805,0.84,0.82,0.829,1000,1000,1000,1000,1000,1000,1000,1000,1000,1000
0.1,sign_flipping,42,oracle_w,0.8187000000000001,0.8187,0.8187000000000001,fedavg|fedavg|clustering|clustering|clustering|clustering|fltrust|fltrust|fltrust|fltrust|fltrust|fltrust|fltrust|fltrust|fltrust,65.75268173217773,0.818,0.814,0.838,0.807,0.82,0.796,0.805,0.84,0.82,0.829,1000,1000,1000,1000,1000,1000,1000,1000,1000,1000
0.1,sign_flipping,42,fixed,0.8171000000000002,0.8171,0.8171000000000002,,174.90061473846436,0.828,0.812,0.817,0.787,0.811,0.807,0.815,0.841,0.823,0.83,1000,1000,1000,1000,1000,1000,1000,1000,1000,1000
0.1,sign_flipping,42,sr_only,0.7871,0.7871,0.7871,,147.52353930473328,0.799,0.785,0.792,0.76,0.78,0.78,0.784,0.804,0.789,0.798,1000,1000,1000,1000,1000,1000,1000,1000,1000,1000
0.1,sign_flipping,42,td3_ref,0.8033999999999999,0.8034,0.8033999999999999,,180.64015984535217,0.806,0.798,0.806,0.774,0.8,0.794,0.798,0.829,0.81,0.819,1000,1000,1000,1000,1000,1000,1000,1000,1000,1000
0.1,sign_flipping,42,fltrust,0.5909,0.5909,0.5909,,30.09367823600769,0.589,0.601,0.621,0.569,0.594,0.566,0.599,0.595,0.563,0.612,1000,1000,1000,1000,1000,1000,1000,1000,1000,1000
0.1,sign_flipping,42,krum,0.1943,0.1943,0.1943,,21.69682288169861,0.207,0.191,0.203,0.183,0.208,0.183,0.203,0.193,0.187,0.185,1000,1000,1000,1000,1000,1000,1000,1000,1000,1000
0.1,sign_flipping,42,median,0.4192,0.4192,0.4192,,29.49246573448181,0.431,0.411,0.443,0.393,0.429,0.404,0.409,0.439,0.414,0.419,1000,1000,1000,1000,1000,1000,1000,1000,1000,1000
0.1,sign_flipping,42,trimmed_mean,0.4385,0.4385,0.4385,,22.334537267684937,0.445,0.432,0.461,0.407,0.453,0.42,0.432,0.457,0.431,0.447,1000,1000,1000,1000,1000,1000,1000,1000,1000,1000
0.1,sign_flipping,43,oracle_u,0.8324999999999999,0.8325,0.8324999999999999,fedavg|fedavg|clustering|clustering|clustering|clustering|fltrust|fltrust|fltrust|fltrust|fltrust|fltrust|fltrust|fltrust|fltrust,48.26946806907654,0.835,0.824,0.839,0.821,0.838,0.816,0.829,0.848,0.831,0.844,1000,1000,1000,1000,1000,1000,1000,1000,1000,1000
0.1,sign_flipping,43,oracle_w,0.8324999999999999,0.8325,0.8324999999999999,fedavg|fedavg|clustering|clustering|clustering|clustering|fltrust|fltrust|fltrust|fltrust|fltrust|fltrust|fltrust|fltrust|fltrust,49.40631818771362,0.835,0.824,0.839,0.821,0.838,0.816,0.829,0.848,0.831,0.844,1000,1000,1000,1000,1000,1000,1000,1000,1000,1000
0.1,sign_flipping,43,fixed,0.8105,0.8105,0.8105,,174.47894883155823,0.82,0.801,0.808,0.783,0.803,0.803,0.808,0.836,0.817,0.826,1000,1000,1000,1000,1000,1000,1000,1000,1000,1000
0.1,sign_flipping,43,sr_only,0.7886000000000001,0.7886,0.7886000000000001,,140.96578431129456,0.802,0.785,0.793,0.762,0.78,0.783,0.784,0.804,0.79,0.803,1000,1000,1000,1000,1000,1000,1000,1000,1000,1000
0.1,sign_flipping,43,td3_ref,0.8311,0.8311,0.8311,,180.42909336090088,0.831,0.824,0.845,0.815,0.825,0.819,0.819,0.853,0.831,0.849,1000,1000,1000,1000,1000,1000,1000,1000,1000,1000
0.1,sign_flipping,43,fltrust,0.6343,0.6343,0.6343,,30.961695671081543,0.631,0.632,0.665,0.622,0.639,0.606,0.65,0.637,0.602,0.659,1000,1000,1000,1000,1000,1000,1000,1000,1000,1000
0.1,sign_flipping,43,krum,0.1939,0.1939,0.1939,,32.03034949302673,0.208,0.189,0.202,0.182,0.208,0.183,0.203,0.193,0.187,0.184,1000,1000,1000,1000,1000,1000,1000,1000,1000,1000
0.1,sign_flipping,43,median,0.4197,0.4197,0.4197,,27.3328709602356,0.43,0.412,0.444,0.393,0.429,0.406,0.41,0.439,0.414,0.42,1000,1000,1000,1000,1000,1000,1000,1000,1000,1000
0.1,sign_flipping,43,trimmed_mean,0.4388999999999999,0.4389,0.4388999999999999,,44.26188778877258,0.445,0.433,0.461,0.409,0.453,0.42,0.432,0.457,0.432,0.447,1000,1000,1000,1000,1000,1000,1000,1000,1000,1000
0.1,sign_flipping,44,oracle_u,0.8305,0.8305,0.8305,fedavg|fedavg|clustering|clustering|clustering|clustering|fltrust|fltrust|fltrust|fltrust|fltrust|fltrust|fltrust|fltrust|fltrust,51.33865690231323,0.838,0.823,0.838,0.821,0.833,0.806,0.826,0.838,0.836,0.846,1000,1000,1000,1000,1000,1000,1000,1000,1000,1000
0.1,sign_flipping,44,oracle_w,0.8305,0.8305,0.8305,fedavg|fedavg|clustering|clustering|clustering|clustering|fltrust|fltrust|fltrust|fltrust|fltrust|fltrust|fltrust|fltrust|fltrust,27.61512756347656,0.838,0.823,0.838,0.821,0.833,0.806,0.826,0.838,0.836,0.846,1000,1000,1000,1000,1000,1000,1000,1000,1000,1000
0.1,sign_flipping,44,fixed,0.8226999999999999,0.8227,0.8226999999999999,,168.1590404510498,0.835,0.813,0.825,0.793,0.816,0.811,0.821,0.846,0.829,0.838,1000,1000,1000,1000,1000,1000,1000,1000,1000,1000
0.1,sign_flipping,44,sr_only,0.7883000000000001,0.7883,0.7883000000000001,,162.0559573173523,0.802,0.785,0.793,0.759,0.781,0.782,0.785,0.805,0.792,0.799,1000,1000,1000,1000,1000,1000,1000,1000,1000,1000
0.1,sign_flipping,44,td3_ref,0.8195,0.8195,0.8195,,170.96248483657837,0.829,0.811,0.821,0.79,0.812,0.81,0.819,0.843,0.822,0.838,1000,1000,1000,1000,1000,1000,1000,1000,1000,1000
0.1,sign_flipping,44,fltrust,0.6073999999999999,0.6074,0.6073999999999999,,20.75446057319641,0.597,0.606,0.635,0.592,0.609,0.584,0.625,0.612,0.577,0.637,1000,1000,1000,1000,1000,1000,1000,1000,1000,1000
0.1,sign_flipping,44,krum,0.1946,0.1946,0.1946,,95.05087447166444,0.207,0.192,0.204,0.183,0.208,0.183,0.203,0.194,0.187,0.185,1000,1000,1000,1000,1000,1000,1000,1000,1000,1000
0.1,sign_flipping,44,median,0.4202,0.4202,0.4202,,29.830202341079712,0.431,0.413,0.444,0.393,0.429,0.407,0.411,0.439,0.415,0.42,1000,1000,1000,1000,1000,1000,1000,1000,1000,1000
0.1,sign_flipping,44,trimmed_mean,0.4392,0.4392,0.4392,,43.09660840034485,0.445,0.434,0.461,0.408,0.453,0.421,0.433,0.457,0.432,0.448,1000,1000,1000,1000,1000,1000,1000,1000,1000,1000
0.1,sign_flipping,45,oracle_u,0.8349,0.8349,0.8349,fedavg|fedavg|clustering|clustering|clustering|clustering|clustering|fltrust|fltrust|fltrust|fltrust|fltrust|fltrust|fltrust|fltrust,38.948288440704346,0.831,0.823,0.85,0.818,0.843,0.823,0.827,0.854,0.838,0.842,1000,1000,1000,1000,1000,1000,1000,1000,1000,1000
0.1,sign_flipping,45,oracle_w,0.8349,0.8349,0.8349,fedavg|fedavg|clustering|clustering|clustering|clustering|clustering|fltrust|fltrust|fltrust|fltrust|fltrust|fltrust|fltrust|fltrust,34.312204360961914,0.831,0.823,0.85,0.818,0.843,0.823,0.827,0.854,0.838,0.842,1000,1000,1000,1000,1000,1000,1000,1000,1000,1000
0.1,sign_flipping,45,fixed,0.8179000000000001,0.8179,0.8179000000000001,,153.92120623588562,0.829,0.806,0.818,0.79,0.813,0.808,0.817,0.84,0.825,0.833,1000,1000,1000,1000,1000,1000,1000,1000,1000,1000
0.1,sign_flipping,45,sr_only,0.7872,0.7872,0.7872,,150.59971165657043,0.799,0.786,0.792,0.758,0.78,0.781,0.783,0.805,0.788,0.8,1000,1000,1000,1000,1000,1000,1000,1000,1000,1000
0.1,sign_flipping,45,td3_ref,0.7984000000000001,0.7984,0.7984000000000001,,157.22572684288025,0.811,0.79,0.795,0.769,0.793,0.791,0.795,0.818,0.81,0.812,1000,1000,1000,1000,1000,1000,1000,1000,1000,1000
0.1,sign_flipping,45,fltrust,0.6705,0.6705,0.6705,,46.70810532569885,0.666,0.669,0.682,0.651,0.669,0.665,0.671,0.691,0.656,0.685,1000,1000,1000,1000,1000,1000,1000,1000,1000,1000
0.1,sign_flipping,45,krum,0.1944,0.1944,0.1944,,32.75681233406067,0.208,0.191,0.204,0.182,0.208,0.183,0.204,0.193,0.187,0.184,1000,1000,1000,1000,1000,1000,1000,1000,1000,1000
0.1,sign_flipping,45,median,0.4202,0.4202,0.4202,,25.981263637542725,0.433,0.413,0.445,0.391,0.429,0.407,0.411,0.439,0.414,0.42,1000,1000,1000,1000,1000,1000,1000,1000,1000,1000
0.1,sign_flipping,45,trimmed_mean,0.4391,0.4391,0.4391,,92.50978088378906,0.446,0.434,0.461,0.409,0.453,0.421,0.433,0.457,0.431,0.446,1000,1000,1000,1000,1000,1000,1000,1000,1000,1000
0.1,sign_flipping,46,oracle_u,0.8358000000000001,0.8358,0.8358000000000001,fedavg|fedavg|clustering|clustering|clustering|clustering|clustering|fltrust|fltrust|fltrust|fltrust|fltrust|fltrust|fltrust|fltrust,66.89967203140259,0.843,0.839,0.848,0.819,0.84,0.813,0.829,0.845,0.835,0.847,1000,1000,1000,1000,1000,1000,1000,1000,1000,1000
0.1,sign_flipping,46,oracle_w,0.8358000000000001,0.8358,0.8358000000000001,fedavg|fedavg|clustering|clustering|clustering|clustering|clustering|fltrust|fltrust|fltrust|fltrust|fltrust|fltrust|fltrust|fltrust,52.84160780906677,0.843,0.839,0.848,0.819,0.84,0.813,0.829,0.845,0.835,0.847,1000,1000,1000,1000,1000,1000,1000,1000,1000,1000
0.1,sign_flipping,46,fixed,0.8058000000000002,0.8058,0.8058000000000002,,156.14703178405762,0.818,0.794,0.807,0.772,0.798,0.801,0.81,0.831,0.811,0.816,1000,1000,1000,1000,1000,1000,1000,1000,1000,1000
0.1,sign_flipping,46,sr_only,0.7977000000000001,0.7977,0.7977000000000001,,133.72021961212158,0.805,0.788,0.799,0.769,0.79,0.792,0.796,0.824,0.804,0.81,1000,1000,1000,1000,1000,1000,1000,1000,1000,1000
0.1,sign_flipping,46,td3_ref,0.8065000000000001,0.8065,0.8065000000000001,,172.0592076778412,0.812,0.803,0.803,0.785,0.802,0.806,0.798,0.825,0.812,0.819,1000,1000,1000,1000,1000,1000,1000,1000,1000,1000
0.1,sign_flipping,46,fltrust,0.5735,0.5735,0.5735,,109.31546974182127,0.565,0.579,0.597,0.545,0.584,0.557,0.559,0.597,0.573,0.579,1000,1000,1000,1000,1000,1000,1000,1000,1000,1000
0.1,sign_flipping,46,krum,0.1937,0.1937,0.1937,,30.125224590301517,0.208,0.189,0.202,0.182,0.208,0.182,0.204,0.191,0.187,0.184,1000,1000,1000,1000,1000,1000,1000,1000,1000,1000
0.1,sign_flipping,46,median,0.4204,0.4204,0.4204,,38.59072041511536,0.433,0.412,0.444,0.394,0.429,0.407,0.411,0.439,0.414,0.421,1000,1000,1000,1000,1000,1000,1000,1000,1000,1000
0.1,sign_flipping,46,trimmed_mean,0.4387999999999999,0.4388,0.4387999999999999,,36.58082985877991,0.445,0.434,0.461,0.408,0.453,0.421,0.433,0.456,0.431,0.446,1000,1000,1000,1000,1000,1000,1000,1000,1000,1000
0.1,sign_flipping,47,oracle_u,0.8257999999999999,0.8258,0.8257999999999999,fedavg|fedavg|clustering|clustering|clustering|clustering|fltrust|fltrust|fltrust|fltrust|fltrust|fltrust|fltrust|fltrust|fltrust,45.760884284973145,0.819,0.813,0.849,0.803,0.834,0.806,0.825,0.836,0.843,0.83,1000,1000,1000,1000,1000,1000,1000,1000,1000,1000
0.1,sign_flipping,47,oracle_w,0.8257999999999999,0.8258,0.8257999999999999,fedavg|fedavg|clustering|clustering|clustering|clustering|fltrust|fltrust|fltrust|fltrust|fltrust|fltrust|fltrust|fltrust|fltrust,51.37646794319153,0.819,0.813,0.849,0.803,0.834,0.806,0.825,0.836,0.843,0.83,1000,1000,1000,1000,1000,1000,1000,1000,1000,1000
0.1,sign_flipping,47,fixed,0.8066000000000001,0.8066,0.8066000000000001,,167.26927137374878,0.814,0.797,0.807,0.774,0.8,0.798,0.807,0.834,0.812,0.823,1000,1000,1000,1000,1000,1000,1000,1000,1000,1000
0.1,sign_flipping,47,sr_only,0.787,0.787,0.787,,137.55494594573975,0.798,0.784,0.79,0.76,0.78,0.781,0.784,0.803,0.79,0.8,1000,1000,1000,1000,1000,1000,1000,1000,1000,1000
0.1,sign_flipping,47,td3_ref,0.7888000000000002,0.7888,0.7888000000000002,,179.96845531463623,0.802,0.775,0.785,0.762,0.785,0.787,0.79,0.804,0.794,0.804,1000,1000,1000,1000,1000,1000,1000,1000,1000,1000
0.1,sign_flipping,47,fltrust,0.6445,0.6445,0.6445,,71.10292887687683,0.643,0.653,0.666,0.628,0.638,0.638,0.642,0.659,0.635,0.643,1000,1000,1000,1000,1000,1000,1000,1000,1000,1000
0.1,sign_flipping,47,krum,0.194,0.194,0.194,,23.440636157989506,0.208,0.189,0.202,0.182,0.208,0.183,0.204,0.193,0.187,0.184,1000,1000,1000,1000,1000,1000,1000,1000,1000,1000
0.1,sign_flipping,47,median,0.4194999999999999,0.4195,0.4194999999999999,,42.56446838378906,0.43,0.412,0.444,0.392,0.429,0.405,0.41,0.439,0.415,0.419,1000,1000,1000,1000,1000,1000,1000,1000,1000,1000
0.1,sign_flipping,47,trimmed_mean,0.4385,0.4385,0.4385,,20.99982762336731,0.445,0.433,0.461,0.407,0.453,0.42,0.432,0.457,0.431,0.446,1000,1000,1000,1000,1000,1000,1000,1000,1000,1000
0.1,sign_flipping,48,oracle_u,0.8206,0.8206,0.8206,fedavg|fedavg|clustering|clustering|clustering|clustering|fltrust|fltrust|fltrust|fltrust|fltrust|fltrust|fltrust|fltrust|fltrust,34.87770080566406,0.813,0.836,0.831,0.806,0.819,0.801,0.813,0.83,0.823,0.834,1000,1000,1000,1000,1000,1000,1000,1000,1000,1000
0.1,sign_flipping,48,oracle_w,0.8206,0.8206,0.8206,fedavg|fedavg|clustering|clustering|clustering|clustering|fltrust|fltrust|fltrust|fltrust|fltrust|fltrust|fltrust|fltrust|fltrust,86.81163287162781,0.813,0.836,0.831,0.806,0.819,0.801,0.813,0.83,0.823,0.834,1000,1000,1000,1000,1000,1000,1000,1000,1000,1000
0.1,sign_flipping,48,fixed,0.806,0.806,0.806,,162.8683774471283,0.812,0.798,0.807,0.775,0.802,0.801,0.803,0.83,0.811,0.821,1000,1000,1000,1000,1000,1000,1000,1000,1000,1000
0.1,sign_flipping,48,sr_only,0.7873,0.7873,0.7873,,133.4505877494812,0.799,0.785,0.792,0.76,0.779,0.782,0.784,0.804,0.788,0.8,1000,1000,1000,1000,1000,1000,1000,1000,1000,1000
0.1,sign_flipping,48,td3_ref,0.8164,0.8164,0.8164,,144.70756316184998,0.829,0.808,0.817,0.782,0.81,0.81,0.817,0.839,0.821,0.831,1000,1000,1000,1000,1000,1000,1000,1000,1000,1000
0.1,sign_flipping,48,fltrust,0.6452,0.6452,0.6452,,37.05160427093506,0.637,0.659,0.665,0.626,0.65,0.618,0.617,0.669,0.649,0.662,1000,1000,1000,1000,1000,1000,1000,1000,1000,1000
0.1,sign_flipping,48,krum,0.1935,0.1935,0.1935,,62.22893738746643,0.208,0.188,0.201,0.182,0.208,0.181,0.203,0.193,0.187,0.184,1000,1000,1000,1000,1000,1000,1000,1000,1000,1000
0.1,sign_flipping,48,median,0.4203,0.4203,0.4203,,54.44570565223694,0.431,0.412,0.445,0.392,0.43,0.407,0.412,0.439,0.415,0.42,1000,1000,1000,1000,1000,1000,1000,1000,1000,1000
0.1,sign_flipping,48,trimmed_mean,0.4391,0.4391,0.4391,,65.92518734931946,0.446,0.434,0.461,0.409,0.453,0.421,0.433,0.456,0.432,0.446,1000,1000,1000,1000,1000,1000,1000,1000,1000,1000
0.1,sign_flipping,49,oracle_u,0.8289,0.8289,0.8289,fedavg|fedavg|clustering|clustering|clustering|clustering|fltrust|fltrust|fltrust|fltrust|fltrust|fltrust|krum|fltrust|fltrust,97.24876880645752,0.83,0.829,0.839,0.813,0.828,0.807,0.82,0.843,0.839,0.841,1000,1000,1000,1000,1000,1000,1000,1000,1000,1000
0.1,sign_flipping,49,oracle_w,0.8289,0.8289,0.8289,fedavg|fedavg|clustering|clustering|clustering|clustering|fltrust|fltrust|fltrust|fltrust|fltrust|fltrust|krum|fltrust|fltrust,66.33685874938965,0.83,0.829,0.839,0.813,0.828,0.807,0.82,0.843,0.839,0.841,1000,1000,1000,1000,1000,1000,1000,1000,1000,1000
0.1,sign_flipping,49,fixed,0.8029999999999999,0.803,0.8029999999999999,,165.4381091594696,0.813,0.79,0.807,0.778,0.798,0.792,0.803,0.819,0.81,0.82,1000,1000,1000,1000,1000,1000,1000,1000,1000,1000
0.1,sign_flipping,49,sr_only,0.8,0.8,0.8,,137.38705778121948,0.808,0.794,0.797,0.769,0.792,0.794,0.798,0.826,0.807,0.815,1000,1000,1000,1000,1000,1000,1000,1000,1000,1000
0.1,sign_flipping,49,td3_ref,0.7652,0.7652,0.7652,,165.60507678985596,0.766,0.762,0.762,0.742,0.771,0.751,0.764,0.774,0.771,0.789,1000,1000,1000,1000,1000,1000,1000,1000,1000,1000
0.1,sign_flipping,49,fltrust,0.6237,0.6237,0.6237,,119.56890678405762,0.623,0.627,0.657,0.592,0.622,0.617,0.614,0.645,0.61,0.63,1000,1000,1000,1000,1000,1000,1000,1000,1000,1000
0.1,sign_flipping,49,krum,0.194,0.194,0.194,,62.55016350746155,0.208,0.19,0.202,0.182,0.208,0.182,0.204,0.193,0.187,0.184,1000,1000,1000,1000,1000,1000,1000,1000,1000,1000
0.1,sign_flipping,49,median,0.4195,0.4195,0.4195,,54.95675587654114,0.432,0.411,0.443,0.392,0.429,0.405,0.409,0.439,0.414,0.421,1000,1000,1000,1000,1000,1000,1000,1000,1000,1000
0.1,sign_flipping,49,trimmed_mean,0.4387999999999999,0.4388,0.4387999999999999,,85.89871048927307,0.445,0.433,0.461,0.408,0.453,0.421,0.433,0.456,0.431,0.447,1000,1000,1000,1000,1000,1000,1000,1000,1000,1000
0.1,sign_flipping,50,oracle_u,0.8067,0.8067,0.8067,fedavg|fedavg|clustering|clustering|clustering|fltrust|fltrust|fltrust|fltrust|fltrust|fltrust|fltrust|fltrust|fltrust|fltrust,48.06022119522095,0.808,0.802,0.815,0.789,0.811,0.787,0.807,0.831,0.803,0.814,1000,1000,1000,1000,1000,1000,1000,1000,1000,1000
0.1,sign_flipping,50,oracle_w,0.8067,0.8067,0.8067,fedavg|fedavg|clustering|clustering|clustering|fltrust|fltrust|fltrust|fltrust|fltrust|fltrust|fltrust|fltrust|fltrust|fltrust,67.65978288650513,0.808,0.802,0.815,0.789,0.811,0.787,0.807,0.831,0.803,0.814,1000,1000,1000,1000,1000,1000,1000,1000,1000,1000
0.1,sign_flipping,50,fixed,0.7954000000000001,0.7954,0.7954000000000001,,156.4421319961548,0.804,0.784,0.796,0.768,0.789,0.79,0.795,0.818,0.8,0.81,1000,1000,1000,1000,1000,1000,1000,1000,1000,1000
0.1,sign_flipping,50,sr_only,0.7868999999999999,0.7869,0.7868999999999999,,138.42960381507874,0.799,0.786,0.791,0.758,0.78,0.779,0.784,0.803,0.789,0.8,1000,1000,1000,1000,1000,1000,1000,1000,1000,1000
0.1,sign_flipping,50,td3_ref,0.7872000000000001,0.7872,0.7872000000000001,,153.9609866142273,0.797,0.777,0.778,0.764,0.782,0.785,0.787,0.797,0.799,0.806,1000,1000,1000,1000,1000,1000,1000,1000,1000,1000
0.1,sign_flipping,50,fltrust,0.6454,0.6454,0.6454,,76.44044828414917,0.641,0.636,0.684,0.631,0.651,0.617,0.658,0.652,0.624,0.66,1000,1000,1000,1000,1000,1000,1000,1000,1000,1000
0.1,sign_flipping,50,krum,0.1941,0.1941,0.1941,,21.99603509902954,0.207,0.189,0.204,0.182,0.208,0.183,0.204,0.193,0.187,0.184,1000,1000,1000,1000,1000,1000,1000,1000,1000,1000
0.1,sign_flipping,50,median,0.421,0.421,0.421,,24.43506693840027,0.433,0.413,0.444,0.394,0.429,0.408,0.412,0.439,0.416,0.422,1000,1000,1000,1000,1000,1000,1000,1000,1000,1000
0.1,sign_flipping,50,trimmed_mean,0.4387,0.4387,0.4387,,58.9884397983551,0.445,0.433,0.461,0.407,0.453,0.421,0.433,0.456,0.432,0.446,1000,1000,1000,1000,1000,1000,1000,1000,1000,1000
0.1,sign_flipping,51,oracle_u,0.8215999999999999,0.8216,0.8215999999999999,fedavg|fedavg|clustering|clustering|clustering|clustering|fltrust|fltrust|fltrust|fltrust|fltrust|fltrust|fltrust|fltrust|fltrust,33.87502193450928,0.817,0.828,0.836,0.798,0.823,0.797,0.813,0.838,0.835,0.831,1000,1000,1000,1000,1000,1000,1000,1000,1000,1000
0.1,sign_flipping,51,oracle_w,0.8215999999999999,0.8216,0.8215999999999999,fedavg|fedavg|clustering|clustering|clustering|clustering|fltrust|fltrust|fltrust|fltrust|fltrust|fltrust|fltrust|fltrust|fltrust,25.659903526306152,0.817,0.828,0.836,0.798,0.823,0.797,0.813,0.838,0.835,0.831,1000,1000,1000,1000,1000,1000,1000,1000,1000,1000
0.1,sign_flipping,51,fixed,0.8059,0.8059,0.8059,,147.48338079452515,0.814,0.796,0.803,0.775,0.801,0.8,0.803,0.831,0.814,0.822,1000,1000,1000,1000,1000,1000,1000,1000,1000,1000
0.1,sign_flipping,51,sr_only,0.7857999999999999,0.7858,0.7857999999999999,,136.21133756637573,0.797,0.783,0.79,0.757,0.781,0.779,0.783,0.803,0.787,0.798,1000,1000,1000,1000,1000,1000,1000,1000,1000,1000
0.1,sign_flipping,51,td3_ref,0.8021999999999998,0.8022,0.8021999999999998,,167.18941640853882,0.813,0.798,0.803,0.775,0.806,0.795,0.797,0.822,0.794,0.819,1000,1000,1000,1000,1000,1000,1000,1000,1000,1000
0.1,sign_flipping,51,fltrust,0.6184000000000001,0.6184,0.6184000000000001,,27.5042462348938,0.612,0.614,0.651,0.585,0.628,0.59,0.626,0.633,0.606,0.639,1000,1000,1000,1000,1000,1000,1000,1000,1000,1000
0.1,sign_flipping,51,krum,0.1939,0.1939,0.1939,,26.702385187149048,0.207,0.189,0.202,0.182,0.208,0.183,0.204,0.193,0.187,0.184,1000,1000,1000,1000,1000,1000,1000,1000,1000,1000
0.1,sign_flipping,51,median,0.4192,0.4192,0.4192,,35.46369814872742,0.431,0.411,0.444,0.391,0.429,0.405,0.41,0.439,0.413,0.419,1000,1000,1000,1000,1000,1000,1000,1000,1000,1000
0.1,sign_flipping,51,trimmed_mean,0.4386,0.4386,0.4386,,21.80841875076294,0.445,0.433,0.461,0.407,0.453,0.421,0.433,0.457,0.431,0.445,1000,1000,1000,1000,1000,1000,1000,1000,1000,1000
0.5,sign_flipping,42,oracle_u,0.8899999999999999,0.89,0.8899999999999999,krum|krum|clustering|clustering|clustering|fltrust|clustering|clustering|fltrust|clustering|clustering|clustering|fltrust|fltrust|clustering,33.540127992630005,0.902,0.905,0.885,0.904,0.883,0.882,0.906,0.872,0.878,0.883,1000,1000,1000,1000,1000,1000,1000,1000,1000,1000
0.5,sign_flipping,42,oracle_w,0.8899999999999999,0.89,0.8899999999999999,krum|krum|clustering|clustering|clustering|fltrust|clustering|clustering|fltrust|clustering|clustering|clustering|fltrust|fltrust|clustering,35.29121804237366,0.902,0.905,0.885,0.904,0.883,0.882,0.906,0.872,0.878,0.883,1000,1000,1000,1000,1000,1000,1000,1000,1000,1000
0.5,sign_flipping,42,fixed,0.8913,0.8913,0.8913,,136.00485587120056,0.908,0.911,0.88,0.904,0.886,0.886,0.901,0.872,0.884,0.881,1000,1000,1000,1000,1000,1000,1000,1000,1000,1000
0.5,sign_flipping,42,sr_only,0.8894000000000002,0.8894,0.8894000000000002,,127.56621980667114,0.906,0.908,0.883,0.902,0.887,0.884,0.893,0.874,0.88,0.877,1000,1000,1000,1000,1000,1000,1000,1000,1000,1000
0.5,sign_flipping,42,td3_ref,0.8923,0.8923,0.8923,,150.48613119125366,0.906,0.91,0.885,0.905,0.886,0.889,0.898,0.878,0.88,0.886,1000,1000,1000,1000,1000,1000,1000,1000,1000,1000
0.5,sign_flipping,42,fltrust,0.7926,0.7926,0.7926,,35.77777695655823,0.814,0.795,0.803,0.816,0.783,0.785,0.797,0.767,0.788,0.778,1000,1000,1000,1000,1000,1000,1000,1000,1000,1000
0.5,sign_flipping,42,krum,0.8855000000000001,0.8855,0.8855000000000001,,26.39420437812805,0.892,0.903,0.876,0.904,0.884,0.878,0.898,0.873,0.873,0.874,1000,1000,1000,1000,1000,1000,1000,1000,1000,1000
0.5,sign_flipping,42,median,0.8611000000000001,0.8611,0.8611000000000001,,34.55685901641846,0.875,0.87,0.859,0.882,0.847,0.863,0.867,0.848,0.849,0.851,1000,1000,1000,1000,1000,1000,1000,1000,1000,1000
0.5,sign_flipping,42,trimmed_mean,0.8733000000000001,0.8733,0.8733000000000001,,23.145654916763306,0.886,0.886,0.869,0.896,0.862,0.874,0.88,0.856,0.86,0.864,1000,1000,1000,1000,1000,1000,1000,1000,1000,1000
0.5,sign_flipping,43,oracle_u,0.8876999999999999,0.8877,0.8876999999999999,krum|clustering|krum|clustering|clustering|clustering|fltrust|fltrust|fltrust|fltrust|clustering|clustering|clustering|fltrust|clustering,30.7075252532959,0.9,0.902,0.884,0.902,0.881,0.877,0.901,0.868,0.879,0.883,1000,1000,1000,1000,1000,1000,1000,1000,1000,1000
0.5,sign_flipping,43,oracle_w,0.8876999999999999,0.8877,0.8876999999999999,krum|clustering|krum|clustering|clustering|clustering|fltrust|fltrust|fltrust|fltrust|clustering|clustering|clustering|fltrust|clustering,46.77068328857422,0.9,0.902,0.884,0.902,0.881,0.877,0.901,0.868,0.879,0.883,1000,1000,1000,1000,1000,1000,1000,1000,1000,1000
0.5,sign_flipping,43,fixed,0.8918999999999999,0.8919,0.8918999999999999,,178.6357386112213,0.907,0.911,0.882,0.898,0.886,0.89,0.906,0.871,0.889,0.879,1000,1000,1000,1000,1000,1000,1000,1000,1000,1000
0.5,sign_flipping,43,sr_only,0.8885,0.8885,0.8885,,153.58792233467102,0.905,0.905,0.885,0.901,0.885,0.884,0.896,0.871,0.88,0.873,1000,1000,1000,1000,1000,1000,1000,1000,1000,1000
0.5,sign_flipping,43,td3_ref,0.8905999999999998,0.8906,0.8905999999999998,,195.10320258140564,0.904,0.909,0.882,0.899,0.887,0.884,0.898,0.875,0.886,0.882,1000,1000,1000,1000,1000,1000,1000,1000,1000,1000
0.5,sign_flipping,43,fltrust,0.8065,0.8065,0.8065,,26.86432671546936,0.82,0.814,0.811,0.826,0.804,0.805,0.808,0.782,0.803,0.792,1000,1000,1000,1000,1000,1000,1000,1000,1000,1000
0.5,sign_flipping,43,krum,0.8840999999999999,0.8841,0.8840999999999999,,58.61670351028442,0.887,0.901,0.875,0.903,0.88,0.878,0.897,0.871,0.874,0.875,1000,1000,1000,1000,1000,1000,1000,1000,1000,1000
0.5,sign_flipping,43,median,0.8606,0.8606,0.8606,,53.54260849952698,0.873,0.869,0.857,0.882,0.846,0.864,0.869,0.849,0.848,0.849,1000,1000,1000,1000,1000,1000,1000,1000,1000,1000
0.5,sign_flipping,43,trimmed_mean,0.8732000000000001,0.8732,0.8732000000000001,,46.089646100997925,0.888,0.885,0.87,0.893,0.862,0.872,0.881,0.855,0.86,0.866,1000,1000,1000,1000,1000,1000,1000,1000,1000,1000
0.5,sign_flipping,44,oracle_u,0.8833,0.8833,0.8833,krum|clustering|krum|clustering|fltrust|fltrust|fltrust|fltrust|fltrust|fltrust|fltrust|fltrust|fltrust|fltrust|fltrust,55.697142601013184,0.904,0.899,0.875,0.9,0.886,0.88,0.891,0.863,0.87,0.865,1000,1000,1000,1000,1000,1000,1000,1000,1000,1000
0.5,sign_flipping,44,oracle_w,0.8833,0.8833,0.8833,krum|clustering|krum|clustering|fltrust|fltrust|fltrust|fltrust|fltrust|fltrust|fltrust|fltrust|fltrust|fltrust|fltrust,59.04192924499512,0.904,0.899,0.875,0.9,0.886,0.88,0.891,0.863,0.87,0.865,1000,1000,1000,1000,1000,1000,1000,1000,1000,1000
0.5,sign_flipping,44,fixed,0.8930999999999999,0.8931,0.8930999999999999,,176.276762008667,0.907,0.912,0.884,0.907,0.886,0.888,0.901,0.878,0.882,0.886,1000,1000,1000,1000,1000,1000,1000,1000,1000,1000
0.5,sign_flipping,44,sr_only,0.8895,0.8895,0.8895,,165.49504256248474,0.907,0.908,0.883,0.902,0.887,0.885,0.894,0.875,0.878,0.876,1000,1000,1000,1000,1000,1000,1000,1000,1000,1000
0.5,sign_flipping,44,td3_ref,0.8916000000000001,0.8916,0.8916000000000001,,191.4744234085083,0.907,0.908,0.882,0.902,0.885,0.891,0.903,0.876,0.88,0.882,1000,1000,1000,1000,1000,1000,1000,1000,1000,1000
0.5,sign_flipping,44,fltrust,0.8064,0.8064,0.8064,,48.36601305007935,0.829,0.811,0.812,0.83,0.807,0.802,0.808,0.775,0.804,0.786,1000,1000,1000,1000,1000,1000,1000,1000,1000,1000
0.5,sign_flipping,44,krum,0.8837999999999999,0.8838,0.8837999999999999,,49.24782109260559,0.887,0.901,0.875,0.901,0.881,0.878,0.898,0.873,0.872,0.872,1000,1000,1000,1000,1000,1000,1000,1000,1000,1000
0.5,sign_flipping,44,median,0.8611000000000001,0.8611,0.8611000000000001,,24.12299394607544,0.875,0.871,0.86,0.883,0.847,0.863,0.869,0.847,0.848,0.848,1000,1000,1000,1000,1000,1000,1000,1000,1000,1000
0.5,sign_flipping,44,trimmed_mean,0.8736,0.8736,0.8736,,27.05948781967163,0.884,0.886,0.87,0.896,0.862,0.874,0.882,0.856,0.86,0.866,1000,1000,1000,1000,1000,1000,1000,1000,1000,1000
0.5,sign_flipping,45,oracle_u,0.8877,0.8877,0.8877,krum|clustering|krum|clustering|clustering|fltrust|clustering|fltrust|fltrust|fltrust|fltrust|fltrust|fltrust|fltrust|fltrust,75.03734135627747,0.902,0.904,0.881,0.905,0.883,0.882,0.893,0.871,0.884,0.872,1000,1000,1000,1000,1000,1000,1000,1000,1000,1000
0.5,sign_flipping,45,oracle_w,0.8877,0.8877,0.8877,krum|clustering|krum|clustering|clustering|fltrust|clustering|fltrust|fltrust|fltrust|fltrust|fltrust|fltrust|fltrust|fltrust,39.172281980514526,0.902,0.904,0.881,0.905,0.883,0.882,0.893,0.871,0.884,0.872,1000,1000,1000,1000,1000,1000,1000,1000,1000,1000
0.5,sign_flipping,45,fixed,0.8919,0.8919,0.8919,,174.4609293937683,0.906,0.909,0.882,0.902,0.887,0.892,0.902,0.876,0.881,0.882,1000,1000,1000,1000,1000,1000,1000,1000,1000,1000
0.5,sign_flipping,45,sr_only,0.8894,0.8894,0.8894,,148.9594976902008,0.906,0.909,0.885,0.901,0.884,0.882,0.899,0.875,0.88,0.873,1000,1000,1000,1000,1000,1000,1000,1000,1000,1000
0.5,sign_flipping,45,td3_ref,0.8924,0.8924,0.8924,,168.99942708015442,0.905,0.909,0.886,0.903,0.885,0.89,0.901,0.878,0.881,0.886,1000,1000,1000,1000,1000,1000,1000,1000,1000,1000
0.5,sign_flipping,45,fltrust,0.8075000000000001,0.8075,0.8075000000000001,,42.64104437828064,0.827,0.813,0.811,0.833,0.807,0.805,0.81,0.777,0.806,0.786,1000,1000,1000,1000,1000,1000,1000,1000,1000,1000
0.5,sign_flipping,45,krum,0.8854000000000001,0.8854,0.8854000000000001,,85.7644727230072,0.89,0.903,0.877,0.903,0.883,0.878,0.899,0.873,0.874,0.874,1000,1000,1000,1000,1000,1000,1000,1000,1000,1000
0.5,sign_flipping,45,median,0.86,0.86,0.86,,35.94662880897522,0.871,0.869,0.86,0.882,0.846,0.862,0.869,0.847,0.848,0.846,1000,1000,1000,1000,1000,1000,1000,1000,1000,1000
0.5,sign_flipping,45,trimmed_mean,0.8724000000000001,0.8724,0.8724000000000001,,29.61331343650818,0.885,0.883,0.87,0.891,0.859,0.873,0.882,0.855,0.86,0.866,1000,1000,1000,1000,1000,1000,1000,1000,1000,1000
0.5,sign_flipping,46,oracle_u,0.8897,0.8897,0.8897,krum|clustering|clustering|clustering|clustering|clustering|clustering|clustering|clustering|clustering|fltrust|fltrust|fltrust|fltrust|clustering,78.76267623901367,0.904,0.904,0.885,0.906,0.883,0.88,0.901,0.873,0.88,0.881,1000,1000,1000,1000,1000,1000,1000,1000,1000,1000
0.5,sign_flipping,46,oracle_w,0.8897,0.8897,0.8897,krum|clustering|clustering|clustering|clustering|clustering|clustering|clustering|clustering|clustering|fltrust|fltrust|fltrust|fltrust|clustering,106.02690696716309,0.904,0.904,0.885,0.906,0.883,0.88,0.901,0.873,0.88,0.881,1000,1000,1000,1000,1000,1000,1000,1000,1000,1000
0.5,sign_flipping,46,fixed,0.8939999999999999,0.894,0.8939999999999999,,161.86732411384585,0.908,0.914,0.884,0.905,0.887,0.885,0.903,0.877,0.891,0.886,1000,1000,1000,1000,1000,1000,1000,1000,1000,1000
0.5,sign_flipping,46,sr_only,0.8896,0.8896,0.8896,,166.18130040168762,0.907,0.909,0.883,0.901,0.887,0.884,0.894,0.876,0.879,0.876,1000,1000,1000,1000,1000,1000,1000,1000,1000,1000
0.5,sign_flipping,46,td3_ref,0.8394999999999999,0.8395,0.8394999999999999,,146.762793302536,0.861,0.846,0.836,0.852,0.834,0.839,0.856,0.817,0.832,0.822,1000,1000,1000,1000,1000,1000,1000,1000,1000,1000
0.5,sign_flipping,46,fltrust,0.7946,0.7946,0.7946,,32.31785774230957,0.816,0.802,0.805,0.82,0.793,0.779,0.798,0.76,0.794,0.779,1000,1000,1000,1000,1000,1000,1000,1000,1000,1000
0.5,sign_flipping,46,krum,0.8846,0.8846,0.8846,,42.6840889453888,0.887,0.903,0.875,0.903,0.882,0.878,0.899,0.872,0.873,0.874,1000,1000,1000,1000,1000,1000,1000,1000,1000,1000
0.5,sign_flipping,46,median,0.8605,0.8605,0.8605,,88.47892117500305,0.874,0.869,0.857,0.881,0.847,0.864,0.868,0.847,0.849,0.849,1000,1000,1000,1000,1000,1000,1000,1000,1000,1000
0.5,sign_flipping,46,trimmed_mean,0.8731,0.8731,0.8731,,28.22622323036194,0.886,0.885,0.87,0.895,0.861,0.873,0.88,0.855,0.86,0.866,1000,1000,1000,1000,1000,1000,1000,1000,1000,1000
0.5,sign_flipping,47,oracle_u,0.8927999999999999,0.8928,0.8927999999999999,krum|krum|clustering|clustering|clustering|clustering|clustering|clustering|clustering|clustering|clustering|clustering|clustering|clustering|clustering,31.23932719230652,0.905,0.906,0.887,0.909,0.885,0.884,0.905,0.876,0.885,0.886,1000,1000,1000,1000,1000,1000,1000,1000,1000,1000
0.5,sign_flipping,47,oracle_w,0.8927999999999999,0.8928,0.8927999999999999,krum|krum|clustering|clustering|clustering|clustering|clustering|clustering|clustering|clustering|clustering|clustering|clustering|clustering|clustering,60.5898506641388,0.905,0.906,0.887,0.909,0.885,0.884,0.905,0.876,0.885,0.886,1000,1000,1000,1000,1000,1000,1000,1000,1000,1000
0.5,sign_flipping,47,fixed,0.8928,0.8928,0.8928,,177.84478425979614,0.91,0.913,0.886,0.901,0.888,0.889,0.897,0.878,0.886,0.88,1000,1000,1000,1000,1000,1000,1000,1000,1000,1000
0.5,sign_flipping,47,sr_only,0.8908999999999999,0.8909,0.8908999999999999,,131.706130027771,0.909,0.91,0.882,0.903,0.885,0.885,0.9,0.877,0.879,0.879,1000,1000,1000,1000,1000,1000,1000,1000,1000,1000
0.5,sign_flipping,47,td3_ref,0.8907999999999999,0.8908,0.8907999999999999,,157.60982513427734,0.907,0.91,0.883,0.9,0.886,0.888,0.9,0.874,0.883,0.877,1000,1000,1000,1000,1000,1000,1000,1000,1000,1000
0.5,sign_flipping,47,fltrust,0.8036,0.8036,0.8036,,72.22034001350403,0.825,0.806,0.81,0.825,0.805,0.8,0.804,0.776,0.8,0.785,1000,1000,1000,1000,1000,1000,1000,1000,1000,1000
0.5,sign_flipping,47,krum,0.8855000000000001,0.8855,0.8855000000000001,,133.9732964038849,0.888,0.903,0.876,0.905,0.883,0.878,0.902,0.874,0.872,0.874,1000,1000,1000,1000,1000,1000,1000,1000,1000,1000
0.5,sign_flipping,47,median,0.8619,0.8619,0.8619,,50.95952248573303,0.875,0.871,0.861,0.884,0.847,0.863,0.87,0.85,0.848,0.85,1000,1000,1000,1000,1000,1000,1000,1000,1000,1000
0.5,sign_flipping,47,trimmed_mean,0.8734,0.8734,0.8734,,54.74607467651367,0.886,0.886,0.869,0.896,0.861,0.873,0.882,0.856,0.86,0.865,1000,1000,1000,1000,1000,1000,1000,1000,1000,1000
0.5,sign_flipping,48,oracle_u,0.892,0.892,0.892,krum|clustering|clustering|clustering|clustering|clustering|clustering|clustering|clustering|clustering|clustering|clustering|clustering|clustering|clustering,29.88531184196472,0.905,0.906,0.885,0.907,0.884,0.883,0.906,0.875,0.884,0.885,1000,1000,1000,1000,1000,1000,1000,1000,1000,1000
0.5,sign_flipping,48,oracle_w,0.892,0.892,0.892,krum|clustering|clustering|clustering|clustering|clustering|clustering|clustering|clustering|clustering|clustering|clustering|clustering|clustering|clustering,38.48369455337525,0.905,0.906,0.885,0.907,0.884,0.883,0.906,0.875,0.884,0.885,1000,1000,1000,1000,1000,1000,1000,1000,1000,1000
0.5,sign_flipping,48,fixed,0.8909,0.8909,0.8909,,169.17510414123535,0.908,0.909,0.884,0.9,0.888,0.887,0.897,0.874,0.884,0.878,1000,1000,1000,1000,1000,1000,1000,1000,1000,1000
0.5,sign_flipping,48,sr_only,0.8889000000000001,0.8889,0.8889000000000001,,158.4412920475006,0.908,0.907,0.883,0.902,0.885,0.885,0.894,0.871,0.88,0.874,1000,1000,1000,1000,1000,1000,1000,1000,1000,1000
0.5,sign_flipping,48,td3_ref,0.8916000000000001,0.8916,0.8916000000000001,,168.24282097816467,0.909,0.911,0.88,0.903,0.887,0.886,0.9,0.873,0.885,0.882,1000,1000,1000,1000,1000,1000,1000,1000,1000,1000
0.5,sign_flipping,48,fltrust,0.8039000000000002,0.8039,0.8039000000000002,,23.09691882133484,0.825,0.806,0.808,0.828,0.806,0.795,0.804,0.775,0.802,0.79,1000,1000,1000,1000,1000,1000,1000,1000,1000,1000
0.5,sign_flipping,48,krum,0.8849,0.8849,0.8849,,89.49830102920532,0.888,0.902,0.877,0.902,0.882,0.879,0.898,0.875,0.872,0.874,1000,1000,1000,1000,1000,1000,1000,1000,1000,1000
0.5,sign_flipping,48,median,0.8598000000000001,0.8598,0.8598000000000001,,134.35757446289062,0.874,0.868,0.859,0.882,0.846,0.862,0.866,0.847,0.846,0.848,1000,1000,1000,1000,1000,1000,1000,1000,1000,1000
0.5,sign_flipping,48,trimmed_mean,0.8727,0.8727,0.8727,,142.75827479362488,0.885,0.884,0.87,0.892,0.861,0.872,0.882,0.856,0.859,0.866,1000,1000,1000,1000,1000,1000,1000,1000,1000,1000
0.5,sign_flipping,49,oracle_u,0.8903000000000001,0.8903,0.8903000000000001,krum|clustering|krum|clustering|clustering|clustering|clustering|clustering|fltrust|fltrust|fltrust|clustering|clustering|clustering|clustering,26.15315055847168,0.903,0.904,0.885,0.905,0.883,0.882,0.905,0.872,0.88,0.884,1000,1000,1000,1000,1000,1000,1000,1000,1000,1000
0.5,sign_flipping,49,oracle_w,0.8903000000000001,0.8903,0.8903000000000001,krum|clustering|krum|clustering|clustering|clustering|clustering|clustering|fltrust|fltrust|fltrust|clustering|clustering|clustering|clustering,27.43270707130432,0.903,0.904,0.885,0.905,0.883,0.882,0.905,0.872,0.88,0.884,1000,1000,1000,1000,1000,1000,1000,1000,1000,1000
0.5,sign_flipping,49,fixed,0.8912999999999999,0.8913,0.8912999999999999,,166.62901425361633,0.907,0.911,0.881,0.901,0.886,0.886,0.902,0.871,0.886,0.882,1000,1000,1000,1000,1000,1000,1000,1000,1000,1000
0.5,sign_flipping,49,sr_only,0.89,0.89,0.89,,147.9339394569397,0.907,0.908,0.882,0.9,0.888,0.885,0.896,0.874,0.881,0.879,1000,1000,1000,1000,1000,1000,1000,1000,1000,1000
0.5,sign_flipping,49,td3_ref,0.8904,0.8904,0.8904,,180.8285341262817,0.906,0.912,0.879,0.898,0.885,0.884,0.902,0.873,0.884,0.881,1000,1000,1000,1000,1000,1000,1000,1000,1000,1000
0.5,sign_flipping,49,fltrust,0.8004999999999999,0.8005,0.8004999999999999,,66.53422904014587,0.817,0.808,0.804,0.826,0.801,0.796,0.803,0.765,0.8,0.785,1000,1000,1000,1000,1000,1000,1000,1000,1000,1000
0.5,sign_flipping,49,krum,0.8854,0.8854,0.8854,,82.79431653022766,0.887,0.904,0.874,0.902,0.883,0.881,0.901,0.874,0.874,0.874,1000,1000,1000,1000,1000,1000,1000,1000,1000,1000
0.5,sign_flipping,49,median,0.8603999999999999,0.8604,0.8603999999999999,,34.89431095123291,0.874,0.87,0.858,0.881,0.846,0.863,0.87,0.848,0.847,0.847,1000,1000,1000,1000,1000,1000,1000,1000,1000,1000
0.5,sign_flipping,49,trimmed_mean,0.8728999999999999,0.8729,0.8728999999999999,,24.943461418151852,0.885,0.885,0.87,0.894,0.861,0.873,0.879,0.856,0.859,0.867,1000,1000,1000,1000,1000,1000,1000,1000,1000,1000
0.5,sign_flipping,50,oracle_u,0.8915000000000001,0.8915,0.8915000000000001,krum|clustering|clustering|clustering|clustering|clustering|clustering|clustering|clustering|clustering|fltrust|fltrust|fltrust|fltrust|fltrust,55.354222774505615,0.91,0.904,0.886,0.902,0.888,0.887,0.901,0.875,0.883,0.879,1000,1000,1000,1000,1000,1000,1000,1000,1000,1000
0.5,sign_flipping,50,oracle_w,0.8915000000000001,0.8915,0.8915000000000001,krum|clustering|clustering|clustering|clustering|clustering|clustering|clustering|clustering|clustering|fltrust|fltrust|fltrust|fltrust|fltrust,27.63451313972473,0.91,0.904,0.886,0.902,0.888,0.887,0.901,0.875,0.883,0.879,1000,1000,1000,1000,1000,1000,1000,1000,1000,1000
0.5,sign_flipping,50,fixed,0.8895,0.8895,0.8895,,160.03057670593262,0.907,0.91,0.883,0.9,0.886,0.885,0.897,0.872,0.882,0.873,1000,1000,1000,1000,1000,1000,1000,1000,1000,1000
0.5,sign_flipping,50,sr_only,0.8885,0.8885,0.8885,,135.77142477035522,0.905,0.905,0.884,0.902,0.884,0.884,0.894,0.872,0.88,0.875,1000,1000,1000,1000,1000,1000,1000,1000,1000,1000
0.5,sign_flipping,50,td3_ref,0.8867,0.8867,0.8867,,145.5954430103302,0.902,0.905,0.879,0.899,0.878,0.88,0.895,0.876,0.879,0.874,1000,1000,1000,1000,1000,1000,1000,1000,1000,1000
0.5,sign_flipping,50,fltrust,0.7879,0.7879,0.7879,,21.96844458580017,0.803,0.794,0.796,0.814,0.783,0.78,0.796,0.757,0.784,0.772,1000,1000,1000,1000,1000,1000,1000,1000,1000,1000
0.5,sign_flipping,50,krum,0.8849,0.8849,0.8849,,36.75344967842102,0.887,0.903,0.875,0.902,0.882,0.881,0.9,0.871,0.874,0.874,1000,1000,1000,1000,1000,1000,1000,1000,1000,1000
0.5,sign_flipping,50,median,0.8611000000000001,0.8611,0.8611000000000001,,78.72125267982483,0.874,0.871,0.859,0.882,0.847,0.863,0.869,0.848,0.848,0.85,1000,1000,1000,1000,1000,1000,1000,1000,1000,1000
0.5,sign_flipping,50,trimmed_mean,0.8732000000000001,0.8732,0.8732000000000001,,43.37465238571167,0.886,0.885,0.87,0.896,0.86,0.874,0.881,0.854,0.86,0.866,1000,1000,1000,1000,1000,1000,1000,1000,1000,1000
0.5,sign_flipping,51,oracle_u,0.8877,0.8877,0.8877,krum|clustering|clustering|clustering|clustering|clustering|fltrust|fltrust|fltrust|fltrust|fltrust|fltrust|fltrust|fltrust|fltrust,76.31394696235657,0.904,0.901,0.881,0.899,0.883,0.883,0.897,0.875,0.883,0.871,1000,1000,1000,1000,1000,1000,1000,1000,1000,1000
0.5,sign_flipping,51,oracle_w,0.8877,0.8877,0.8877,krum|clustering|clustering|clustering|clustering|clustering|fltrust|fltrust|fltrust|fltrust|fltrust|fltrust|fltrust|fltrust|fltrust,79.2078468799591,0.904,0.901,0.881,0.899,0.883,0.883,0.897,0.875,0.883,0.871,1000,1000,1000,1000,1000,1000,1000,1000,1000,1000
0.5,sign_flipping,51,fixed,0.8882999999999999,0.8883,0.8882999999999999,,165.81558322906494,0.902,0.91,0.882,0.901,0.886,0.881,0.895,0.875,0.881,0.87,1000,1000,1000,1000,1000,1000,1000,1000,1000,1000
0.5,sign_flipping,51,sr_only,0.8886000000000001,0.8886,0.8886000000000001,,150.62897443771362,0.905,0.907,0.883,0.904,0.885,0.884,0.895,0.87,0.881,0.872,1000,1000,1000,1000,1000,1000,1000,1000,1000,1000
0.5,sign_flipping,51,td3_ref,0.8889000000000001,0.8889,0.8889000000000001,,172.26679491996765,0.904,0.908,0.888,0.9,0.885,0.882,0.899,0.874,0.878,0.871,1000,1000,1000,1000,1000,1000,1000,1000,1000,1000
0.5,sign_flipping,51,fltrust,0.8017,0.8017,0.8017,,22.11554288864136,0.822,0.807,0.809,0.827,0.801,0.793,0.806,0.772,0.798,0.782,1000,1000,1000,1000,1000,1000,1000,1000,1000,1000
0.5,sign_flipping,51,krum,0.8831,0.8831,0.8831,,62.5940568447113,0.882,0.902,0.874,0.9,0.88,0.876,0.9,0.876,0.871,0.87,1000,1000,1000,1000,1000,1000,1000,1000,1000,1000
0.5,sign_flipping,51,median,0.8605,0.8605,0.8605,,82.33357834815979,0.873,0.87,0.859,0.882,0.847,0.862,0.869,0.847,0.848,0.848,1000,1000,1000,1000,1000,1000,1000,1000,1000,1000
0.5,sign_flipping,51,trimmed_mean,0.873,0.873,0.873,,75.40871071815491,0.885,0.884,0.87,0.893,0.861,0.872,0.883,0.856,0.86,0.866,1000,1000,1000,1000,1000,1000,1000,1000,1000,1000
0.05,trim_attack,42,oracle_u,0.7849,0.7849,0.7849,clustering|clustering|clustering|clustering|clustering|fltrust|fltrust|fltrust|fltrust|fltrust|fltrust|fltrust|fltrust|fltrust|fltrust,59.52529406547546,0.792,0.771,0.801,0.813,0.771,0.767,0.793,0.793,0.763,0.785,1000,1000,1000,1000,1000,1000,1000,1000,1000,1000
0.05,trim_attack,42,oracle_w,0.7849,0.7849,0.7849,clustering|clustering|clustering|clustering|clustering|fltrust|fltrust|fltrust|fltrust|fltrust|fltrust|fltrust|fltrust|fltrust|fltrust,29.62206745147705,0.792,0.771,0.801,0.813,0.771,0.767,0.793,0.793,0.763,0.785,1000,1000,1000,1000,1000,1000,1000,1000,1000,1000
0.05,trim_attack,42,fixed,0.8041,0.8041,0.8041,,188.86704516410828,0.811,0.791,0.823,0.824,0.786,0.787,0.815,0.818,0.787,0.799,1000,1000,1000,1000,1000,1000,1000,1000,1000,1000
0.05,trim_attack,42,sr_only,0.8031,0.8031,0.8031,,170.1060085296631,0.809,0.79,0.821,0.82,0.788,0.79,0.812,0.814,0.788,0.799,1000,1000,1000,1000,1000,1000,1000,1000,1000,1000
0.05,trim_attack,42,td3_ref,0.8045000000000002,0.8045,0.8045000000000002,,200.1887230873108,0.811,0.791,0.824,0.825,0.786,0.789,0.814,0.82,0.788,0.797,1000,1000,1000,1000,1000,1000,1000,1000,1000,1000
0.05,trim_attack,42,fltrust,0.6228,0.6228,0.6228,,25.369966506958008,0.61,0.623,0.643,0.664,0.603,0.626,0.613,0.638,0.603,0.605,1000,1000,1000,1000,1000,1000,1000,1000,1000,1000
0.05,trim_attack,42,krum,0.3088,0.3088,0.3088,,67.52487182617188,0.312,0.299,0.332,0.32,0.298,0.306,0.28,0.308,0.323,0.31,1000,1000,1000,1000,1000,1000,1000,1000,1000,1000
0.05,trim_attack,42,median,0.3748,0.3748,0.3748,,27.548529148101807,0.373,0.361,0.383,0.411,0.359,0.375,0.376,0.392,0.371,0.347,1000,1000,1000,1000,1000,1000,1000,1000,1000,1000
0.05,trim_attack,42,trimmed_mean,0.4183,0.4183,0.4183,,51.16934108734131,0.437,0.407,0.428,0.427,0.408,0.429,0.41,0.433,0.408,0.396,1000,1000,1000,1000,1000,1000,1000,1000,1000,1000
0.05,trim_attack,43,oracle_u,0.7934,0.7934,0.7934,clustering|clustering|clustering|clustering|clustering|clustering|clustering|clustering|clustering|clustering|fltrust|fltrust|fltrust|fltrust|fltrust,32.416406869888306,0.787,0.782,0.82,0.812,0.767,0.773,0.807,0.807,0.786,0.793,1000,1000,1000,1000,1000,1000,1000,1000,1000,1000
0.05,trim_attack,43,oracle_w,0.7934,0.7934,0.7934,clustering|clustering|clustering|clustering|clustering|clustering|clustering|clustering|clustering|clustering|fltrust|fltrust|fltrust|fltrust|fltrust,40.32202625274658,0.787,0.782,0.82,0.812,0.767,0.773,0.807,0.807,0.786,0.793,1000,1000,1000,1000,1000,1000,1000,1000,1000,1000
0.05,trim_attack,43,fixed,0.8039999999999999,0.804,0.8039999999999999,,176.05942630767822,0.81,0.794,0.816,0.828,0.786,0.786,0.816,0.813,0.789,0.802,1000,1000,1000,1000,1000,1000,1000,1000,1000,1000
0.05,trim_attack,43,sr_only,0.7998999999999999,0.7999,0.7998999999999999,,143.27959537506104,0.807,0.788,0.819,0.818,0.784,0.787,0.806,0.811,0.784,0.795,1000,1000,1000,1000,1000,1000,1000,1000,1000,1000
0.05,trim_attack,43,td3_ref,0.8119,0.8119,0.8119,,182.11321663856504,0.819,0.801,0.826,0.83,0.798,0.791,0.829,0.823,0.792,0.81,1000,1000,1000,1000,1000,1000,1000,1000,1000,1000
0.05,trim_attack,43,fltrust,0.652,0.652,0.652,,36.5720694065094,0.657,0.646,0.681,0.68,0.621,0.658,0.644,0.658,0.631,0.644,1000,1000,1000,1000,1000,1000,1000,1000,1000,1000
0.05,trim_attack,43,krum,0.3103999999999999,0.3104,0.3103999999999999,,70.87507557868958,0.312,0.301,0.332,0.32,0.3,0.307,0.282,0.314,0.324,0.312,1000,1000,1000,1000,1000,1000,1000,1000,1000,1000
0.05,trim_attack,43,median,0.3742999999999999,0.3743,0.3742999999999999,,27.369271516799927,0.372,0.368,0.375,0.41,0.353,0.374,0.377,0.391,0.376,0.347,1000,1000,1000,1000,1000,1000,1000,1000,1000,1000
0.05,trim_attack,43,trimmed_mean,0.4231999999999999,0.4232,0.4231999999999999,,37.95932579040527,0.441,0.414,0.435,0.433,0.409,0.433,0.42,0.434,0.415,0.398,1000,1000,1000,1000,1000,1000,1000,1000,1000,1000
0.05,trim_attack,44,oracle_u,0.7324999999999999,0.7325,0.7324999999999999,fltrust|clustering|fltrust|fltrust|fltrust|fltrust|fltrust|fltrust|fltrust|fltrust|fltrust|fltrust|fltrust|fltrust|fltrust,30.86611914634705,0.725,0.733,0.752,0.754,0.713,0.725,0.734,0.75,0.716,0.723,1000,1000,1000,1000,1000,1000,1000,1000,1000,1000
0.05,trim_attack,44,oracle_w,0.7324999999999999,0.7325,0.7324999999999999,fltrust|clustering|fltrust|fltrust|fltrust|fltrust|fltrust|fltrust|fltrust|fltrust|fltrust|fltrust|fltrust|fltrust|fltrust,52.669140338897705,0.725,0.733,0.752,0.754,0.713,0.725,0.734,0.75,0.716,0.723,1000,1000,1000,1000,1000,1000,1000,1000,1000,1000
0.05,trim_attack,44,fixed,0.8028000000000001,0.8028,0.8028000000000001,,186.7119252681732,0.812,0.789,0.817,0.826,0.781,0.786,0.815,0.814,0.788,0.8,1000,1000,1000,1000,1000,1000,1000,1000,1000,1000
0.05,trim_attack,44,sr_only,0.8023000000000001,0.8023,0.8023000000000001,,160.10445165634155,0.809,0.791,0.82,0.82,0.786,0.791,0.812,0.812,0.785,0.797,1000,1000,1000,1000,1000,1000,1000,1000,1000,1000
0.05,trim_attack,44,td3_ref,0.8029999999999999,0.803,0.8029999999999999,,162.91965746879578,0.813,0.789,0.816,0.826,0.781,0.785,0.814,0.817,0.788,0.801,1000,1000,1000,1000,1000,1000,1000,1000,1000,1000
0.05,trim_attack,44,fltrust,0.6807000000000001,0.6807,0.6807000000000001,,83.8013505935669,0.669,0.679,0.701,0.7,0.654,0.67,0.677,0.704,0.677,0.676,1000,1000,1000,1000,1000,1000,1000,1000,1000,1000
0.05,trim_attack,44,krum,0.3096,0.3096,0.3096,,52.08595657348633,0.311,0.299,0.333,0.32,0.299,0.306,0.281,0.312,0.323,0.312,1000,1000,1000,1000,1000,1000,1000,1000,1000,1000
0.05,trim_attack,44,median,0.3743999999999999,0.3744,0.3743999999999999,,64.96672010421753,0.372,0.363,0.378,0.412,0.354,0.377,0.378,0.391,0.374,0.345,1000,1000,1000,1000,1000,1000,1000,1000,1000,1000
0.05,trim_attack,44,trimmed_mean,0.418,0.418,0.418,,71.46110439300537,0.438,0.405,0.433,0.426,0.405,0.43,0.411,0.428,0.408,0.396,1000,1000,1000,1000,1000,1000,1000,1000,1000,1000
0.05,trim_attack,45,oracle_u,0.8051,0.8051,0.8051,clustering|clustering|clustering|clustering|clustering|clustering|fltrust|fltrust|fltrust|fltrust|fltrust|fltrust|fltrust|fltrust|fltrust,51.36290407180786,0.802,0.807,0.812,0.813,0.782,0.813,0.811,0.8,0.799,0.812,1000,1000,1000,1000,1000,1000,1000,1000,1000,1000
0.05,trim_attack,45,oracle_w,0.8051,0.8051,0.8051,clustering|clustering|clustering|clustering|clustering|clustering|fltrust|fltrust|fltrust|fltrust|fltrust|fltrust|fltrust|fltrust|fltrust,56.35983753204346,0.802,0.807,0.812,0.813,0.782,0.813,0.811,0.8,0.799,0.812,1000,1000,1000,1000,1000,1000,1000,1000,1000,1000
0.05,trim_attack,45,fixed,0.8057000000000001,0.8057,0.8057000000000001,,181.25965070724487,0.812,0.793,0.825,0.827,0.788,0.791,0.814,0.817,0.788,0.802,1000,1000,1000,1000,1000,1000,1000,1000,1000,1000
0.05,trim_attack,45,sr_only,0.8023,0.8023,0.8023,,144.04454970359802,0.81,0.79,0.821,0.82,0.787,0.788,0.811,0.812,0.788,0.796,1000,1000,1000,1000,1000,1000,1000,1000,1000,1000
0.05,trim_attack,45,td3_ref,0.812,0.812,0.812,,152.4439332485199,0.817,0.803,0.828,0.833,0.796,0.794,0.828,0.813,0.797,0.811,1000,1000,1000,1000,1000,1000,1000,1000,1000,1000
0.05,trim_attack,45,fltrust,0.6365000000000001,0.6365,0.6365000000000001,,21.375872135162357,0.628,0.606,0.659,0.658,0.624,0.633,0.651,0.663,0.63,0.613,1000,1000,1000,1000,1000,1000,1000,1000,1000,1000
0.05,trim_attack,45,krum,0.311,0.311,0.311,,19.85324454307556,0.313,0.303,0.334,0.322,0.299,0.308,0.281,0.313,0.325,0.312,1000,1000,1000,1000,1000,1000,1000,1000,1000,1000
0.05,trim_attack,45,median,0.3823,0.3823,0.3823,,97.81184816360474,0.382,0.369,0.39,0.418,0.362,0.382,0.383,0.397,0.385,0.355,1000,1000,1000,1000,1000,1000,1000,1000,1000,1000
0.05,trim_attack,45,trimmed_mean,0.4269,0.4269,0.4269,,66.16547799110413,0.448,0.417,0.438,0.435,0.413,0.44,0.419,0.442,0.413,0.404,1000,1000,1000,1000,1000,1000,1000,1000,1000,1000
0.05,trim_attack,46,oracle_u,0.7572999999999999,0.7573,0.7572999999999999,clustering|clustering|clustering|clustering|fltrust|fltrust|fltrust|fltrust|fltrust|fedprox|fltrust|fltrust|fltrust|fltrust|fltrust,55.37682628631592,0.745,0.747,0.791,0.776,0.741,0.748,0.762,0.771,0.738,0.754,1000,1000,1000,1000,1000,1000,1000,1000,1000,1000
0.05,trim_attack,46,oracle_w,0.7572999999999999,0.7573,0.7572999999999999,clustering|clustering|clustering|clustering|fltrust|fltrust|fltrust|fltrust|fltrust|fedprox|fltrust|fltrust|fltrust|fltrust|fltrust,105.52931308746338,0.745,0.747,0.791,0.776,0.741,0.748,0.762,0.771,0.738,0.754,1000,1000,1000,1000,1000,1000,1000,1000,1000,1000
0.05,trim_attack,46,fixed,0.8044,0.8044,0.8044,,154.78660225868225,0.813,0.791,0.822,0.826,0.783,0.789,0.812,0.82,0.79,0.798,1000,1000,1000,1000,1000,1000,1000,1000,1000,1000
0.05,trim_attack,46,sr_only,0.8027,0.8027,0.8027,,145.8367657661438,0.81,0.79,0.822,0.82,0.786,0.79,0.812,0.813,0.788,0.796,1000,1000,1000,1000,1000,1000,1000,1000,1000,1000
0.05,trim_attack,46,td3_ref,0.7784000000000001,0.7784,0.7784000000000001,,168.41131591796875,0.773,0.78,0.79,0.802,0.753,0.76,0.783,0.802,0.769,0.772,1000,1000,1000,1000,1000,1000,1000,1000,1000,1000
0.05,trim_attack,46,fltrust,0.6585000000000001,0.6585,0.6585000000000001,,29.929659128189087,0.653,0.65,0.676,0.698,0.636,0.656,0.648,0.671,0.647,0.65,1000,1000,1000,1000,1000,1000,1000,1000,1000,1000
0.05,trim_attack,46,krum,0.3088,0.3088,0.3088,,40.93488645553589,0.311,0.299,0.331,0.32,0.298,0.306,0.281,0.31,0.322,0.31,1000,1000,1000,1000,1000,1000,1000,1000,1000,1000
0.05,trim_attack,46,median,0.3756,0.3756,0.3756,,54.34229302406311,0.374,0.362,0.377,0.412,0.356,0.377,0.376,0.395,0.381,0.346,1000,1000,1000,1000,1000,1000,1000,1000,1000,1000
0.05,trim_attack,46,trimmed_mean,0.4174,0.4174,0.4174,,23.258220195770264,0.438,0.414,0.427,0.425,0.399,0.424,0.417,0.431,0.407,0.392,1000,1000,1000,1000,1000,1000,1000,1000,1000,1000
0.05,trim_attack,47,oracle_u,0.7224,0.7224,0.7224,clustering|fltrust|fltrust|fltrust|fltrust|fltrust|clustering|fltrust|fltrust|fltrust|fltrust|fltrust|fltrust|fltrust|fltrust,51.10899543762207,0.719,0.716,0.746,0.743,0.694,0.72,0.721,0.735,0.709,0.721,1000,1000,1000,1000,1000,1000,1000,1000,1000,1000
0.05,trim_attack,47,oracle_w,0.7224,0.7224,0.7224,clustering|fltrust|fltrust|fltrust|fltrust|fltrust|clustering|fltrust|fltrust|fltrust|fltrust|fltrust|fltrust|fltrust|fltrust,24.307234525680546,0.719,0.716,0.746,0.743,0.694,0.72,0.721,0.735,0.709,0.721,1000,1000,1000,1000,1000,1000,1000,1000,1000,1000
0.05,trim_attack,47,fixed,0.8065,0.8065,0.8065,,168.78009009361267,0.813,0.798,0.824,0.829,0.782,0.786,0.819,0.818,0.797,0.799,1000,1000,1000,1000,1000,1000,1000,1000,1000,1000
0.05,trim_attack,47,sr_only,0.8033000000000001,0.8033,0.8033000000000001,,146.05289888381958,0.81,0.79,0.823,0.822,0.784,0.791,0.812,0.816,0.787,0.798,1000,1000,1000,1000,1000,1000,1000,1000,1000,1000
0.05,trim_attack,47,td3_ref,0.8039999999999999,0.804,0.8039999999999999,,167.80144214630127,0.813,0.794,0.819,0.824,0.782,0.789,0.816,0.815,0.789,0.799,1000,1000,1000,1000,1000,1000,1000,1000,1000,1000
0.05,trim_attack,47,fltrust,0.6401,0.6401,0.6401,,78.72239327430725,0.633,0.629,0.653,0.684,0.624,0.633,0.644,0.655,0.622,0.624,1000,1000,1000,1000,1000,1000,1000,1000,1000,1000
0.05,trim_attack,47,krum,0.3103,0.3103,0.3103,,59.157477617263794,0.312,0.302,0.333,0.321,0.299,0.31,0.281,0.311,0.324,0.31,1000,1000,1000,1000,1000,1000,1000,1000,1000,1000
0.05,trim_attack,47,median,0.3778,0.3778,0.3778,,33.427090883255005,0.375,0.367,0.381,0.413,0.362,0.378,0.378,0.394,0.382,0.348,1000,1000,1000,1000,1000,1000,1000,1000,1000,1000
0.05,trim_attack,47,trimmed_mean,0.4205,0.4205,0.4205,,69.16432547569275,0.44,0.415,0.434,0.427,0.405,0.429,0.421,0.431,0.409,0.394,1000,1000,1000,1000,1000,1000,1000,1000,1000,1000
0.05,trim_attack,48,oracle_u,0.7954000000000001,0.7954,0.7954000000000001,clustering|clustering|clustering|clustering|clustering|clustering|fltrust|fltrust|fltrust|fltrust|fltrust|fltrust|fltrust|fltrust|fltrust,33.095027923583984,0.8,0.78,0.816,0.815,0.766,0.788,0.804,0.806,0.785,0.794,1000,1000,1000,1000,1000,1000,1000,1000,1000,1000
0.05,trim_attack,48,oracle_w,0.7954000000000001,0.7954,0.7954000000000001,clustering|clustering|clustering|clustering|clustering|clustering|fltrust|fltrust|fltrust|fltrust|fltrust|fltrust|fltrust|fltrust|fltrust,26.3065242767334,0.8,0.78,0.816,0.815,0.766,0.788,0.804,0.806,0.785,0.794,1000,1000,1000,1000,1000,1000,1000,1000,1000,1000
0.05,trim_attack,48,fixed,0.8076000000000001,0.8076,0.8076000000000001,,142.04257249832153,0.803,0.796,0.818,0.834,0.776,0.799,0.824,0.823,0.8,0.803,1000,1000,1000,1000,1000,1000,1000,1000,1000,1000
0.05,trim_attack,48,sr_only,0.8026,0.8026,0.8026,,124.7349681854248,0.809,0.789,0.823,0.82,0.787,0.79,0.812,0.812,0.788,0.796,1000,1000,1000,1000,1000,1000,1000,1000,1000,1000
0.05,trim_attack,48,td3_ref,0.8078,0.8078,0.8078,,160.2215576171875,0.813,0.795,0.827,0.831,0.781,0.79,0.821,0.82,0.794,0.806,1000,1000,1000,1000,1000,1000,1000,1000,1000,1000
0.05,trim_attack,48,fltrust,0.5831999999999999,0.5832,0.5831999999999999,,45.02076935768128,0.582,0.573,0.597,0.603,0.551,0.578,0.592,0.604,0.588,0.564,1000,1000,1000,1000,1000,1000,1000,1000,1000,1000
0.05,trim_attack,48,krum,0.3097,0.3097,0.3097,,23.74827790260315,0.311,0.3,0.333,0.32,0.299,0.305,0.281,0.313,0.324,0.311,1000,1000,1000,1000,1000,1000,1000,1000,1000,1000
0.05,trim_attack,48,median,0.3782,0.3782,0.3782,,23.04908561706543,0.374,0.37,0.384,0.417,0.36,0.379,0.377,0.393,0.38,0.348,1000,1000,1000,1000,1000,1000,1000,1000,1000,1000
0.05,trim_attack,48,trimmed_mean,0.4211999999999999,0.4212,0.4211999999999999,,65.11144208908081,0.439,0.409,0.436,0.43,0.407,0.434,0.415,0.434,0.408,0.4,1000,1000,1000,1000,1000,1000,1000,1000,1000,1000
0.05,trim_attack,49,oracle_u,0.6949,0.6949,0.6949,fltrust|fltrust|fltrust|fltrust|fltrust|fltrust|fltrust|fltrust|fltrust|fltrust|fltrust|fltrust|fltrust|fltrust|fltrust,40.76232719421387,0.688,0.689,0.724,0.723,0.668,0.692,0.692,0.716,0.676,0.681,1000,1000,1000,1000,1000,1000,1000,1000,1000,1000
0.05,trim_attack,49,oracle_w,0.6949,0.6949,0.6949,fltrust|fltrust|fltrust|fltrust|fltrust|fltrust|fltrust|fltrust|fltrust|fltrust|fltrust|fltrust|fltrust|fltrust|fltrust,46.6424720287323,0.688,0.689,0.724,0.723,0.668,0.692,0.692,0.716,0.676,0.681,1000,1000,1000,1000,1000,1000,1000,1000,1000,1000
0.05,trim_attack,49,fixed,0.8058,0.8058,0.8058,,151.54376602172852,0.815,0.796,0.821,0.83,0.787,0.787,0.82,0.814,0.791,0.797,1000,1000,1000,1000,1000,1000,1000,1000,1000,1000
0.05,trim_attack,49,sr_only,0.8030000000000002,0.803,0.8030000000000002,,132.60980796813965,0.81,0.792,0.821,0.821,0.786,0.79,0.812,0.813,0.788,0.797,1000,1000,1000,1000,1000,1000,1000,1000,1000,1000
0.05,trim_attack,49,td3_ref,0.8019999999999999,0.802,0.8019999999999999,,160.23445510864258,0.808,0.788,0.815,0.829,0.78,0.785,0.814,0.814,0.791,0.796,1000,1000,1000,1000,1000,1000,1000,1000,1000,1000
0.05,trim_attack,49,fltrust,0.6890000000000001,0.689,0.6890000000000001,,25.84793448448181,0.685,0.686,0.712,0.724,0.655,0.686,0.687,0.709,0.67,0.676,1000,1000,1000,1000,1000,1000,1000,1000,1000,1000
0.05,trim_attack,49,krum,0.3094,0.3094,0.3094,,37.1519033908844,0.311,0.3,0.334,0.319,0.297,0.306,0.28,0.312,0.324,0.311,1000,1000,1000,1000,1000,1000,1000,1000,1000,1000
0.05,trim_attack,49,median,0.3773,0.3773,0.3773,,21.440545320510864,0.376,0.368,0.382,0.414,0.354,0.377,0.38,0.392,0.379,0.351,1000,1000,1000,1000,1000,1000,1000,1000,1000,1000
0.05,trim_attack,49,trimmed_mean,0.4185999999999999,0.4186,0.4185999999999999,,24.98072838783264,0.435,0.404,0.435,0.427,0.406,0.428,0.412,0.432,0.409,0.398,1000,1000,1000,1000,1000,1000,1000,1000,1000,1000
0.05,trim_attack,50,oracle_u,0.7074999999999999,0.7075,0.7074999999999999,clustering|fltrust|fltrust|fltrust|fltrust|fltrust|fltrust|clustering|fltrust|fltrust|fltrust|fltrust|fltrust|fltrust|clustering,42.97326350212097,0.705,0.704,0.728,0.737,0.668,0.711,0.699,0.719,0.699,0.705,1000,1000,1000,1000,1000,1000,1000,1000,1000,1000
0.05,trim_attack,50,oracle_w,0.7074999999999999,0.7075,0.7074999999999999,clustering|fltrust|fltrust|fltrust|fltrust|fltrust|fltrust|clustering|fltrust|fltrust|fltrust|fltrust|fltrust|fltrust|clustering,90.65140271186829,0.705,0.704,0.728,0.737,0.668,0.711,0.699,0.719,0.699,0.705,1000,1000,1000,1000,1000,1000,1000,1000,1000,1000
0.05,trim_attack,50,fixed,0.8053000000000001,0.8053,0.8053000000000001,,173.76768946647644,0.812,0.792,0.823,0.826,0.785,0.788,0.816,0.819,0.791,0.801,1000,1000,1000,1000,1000,1000,1000,1000,1000,1000
0.05,trim_attack,50,sr_only,0.8008,0.8008,0.8008,,132.1827232837677,0.81,0.79,0.821,0.816,0.785,0.788,0.808,0.812,0.781,0.797,1000,1000,1000,1000,1000,1000,1000,1000,1000,1000
0.05,trim_attack,50,td3_ref,0.7713000000000001,0.7713,0.7713000000000001,,165.0906310081482,0.769,0.755,0.794,0.795,0.757,0.759,0.783,0.772,0.759,0.77,1000,1000,1000,1000,1000,1000,1000,1000,1000,1000
0.05,trim_attack,50,fltrust,0.6501,0.6501,0.6501,,38.378294229507446,0.642,0.647,0.667,0.693,0.637,0.647,0.637,0.671,0.626,0.634,1000,1000,1000,1000,1000,1000,1000,1000,1000,1000
0.05,trim_attack,50,krum,0.3102,0.3102,0.3102,,46.97484803199768,0.312,0.302,0.331,0.319,0.3,0.306,0.282,0.313,0.325,0.312,1000,1000,1000,1000,1000,1000,1000,1000,1000,1000
0.05,trim_attack,50,median,0.3757,0.3757,0.3757,,28.249000072479248,0.374,0.365,0.38,0.415,0.355,0.38,0.377,0.39,0.375,0.346,1000,1000,1000,1000,1000,1000,1000,1000,1000,1000
0.05,trim_attack,50,trimmed_mean,0.4154,0.4154,0.4154,,127.27195310592651,0.437,0.406,0.43,0.423,0.4,0.427,0.406,0.425,0.409,0.391,1000,1000,1000,1000,1000,1000,1000,1000,1000,1000
0.05,trim_attack,51,oracle_u,0.7761,0.7761,0.7761,clustering|clustering|clustering|clustering|clustering|clustering|clustering|clustering|clustering|fltrust|fltrust|fedprox|fltrust|fltrust|clustering,75.40188121795654,0.781,0.769,0.797,0.798,0.753,0.764,0.787,0.783,0.761,0.768,1000,1000,1000,1000,1000,1000,1000,1000,1000,1000
0.05,trim_attack,51,oracle_w,0.7761,0.7761,0.7761,clustering|clustering|clustering|clustering|clustering|clustering|clustering|clustering|clustering|fltrust|fltrust|fedprox|fltrust|fltrust|clustering,46.24420523643494,0.781,0.769,0.797,0.798,0.753,0.764,0.787,0.783,0.761,0.768,1000,1000,1000,1000,1000,1000,1000,1000,1000,1000
0.05,trim_attack,51,fixed,0.806,0.806,0.806,,155.73791980743408,0.805,0.792,0.82,0.828,0.781,0.794,0.822,0.822,0.794,0.802,1000,1000,1000,1000,1000,1000,1000,1000,1000,1000
0.05,trim_attack,51,sr_only,0.8032,0.8032,0.8032,,133.13273692131042,0.811,0.793,0.821,0.819,0.785,0.791,0.812,0.815,0.788,0.797,1000,1000,1000,1000,1000,1000,1000,1000,1000,1000
0.05,trim_attack,51,td3_ref,0.7773,0.7773,0.7773,,162.57166409492493,0.775,0.777,0.792,0.793,0.743,0.765,0.796,0.793,0.763,0.776,1000,1000,1000,1000,1000,1000,1000,1000,1000,1000
0.05,trim_attack,51,fltrust,0.6019,0.6019,0.6019,,37.17150163650513,0.596,0.6,0.629,0.622,0.568,0.584,0.595,0.623,0.592,0.61,1000,1000,1000,1000,1000,1000,1000,1000,1000,1000
0.05,trim_attack,51,krum,0.3103,0.3103,0.3103,,24.530506372451782,0.312,0.301,0.331,0.321,0.299,0.308,0.281,0.313,0.325,0.312,1000,1000,1000,1000,1000,1000,1000,1000,1000,1000
0.05,trim_attack,51,median,0.3752,0.3752,0.3752,,38.39874458312988,0.374,0.368,0.376,0.412,0.358,0.377,0.377,0.391,0.375,0.344,1000,1000,1000,1000,1000,1000,1000,1000,1000,1000
0.05,trim_attack,51,trimmed_mean,0.4234,0.4234,0.4234,,46.05035185813904,0.442,0.409,0.436,0.433,0.413,0.434,0.418,0.436,0.411,0.402,1000,1000,1000,1000,1000,1000,1000,1000,1000,1000
0.1,trim_attack,42,oracle_u,0.8158,0.8158,0.8158,fedavg|fedavg|clustering|fltrust|fltrust|clustering|clustering|clustering|clustering|fltrust|fltrust|fltrust|fltrust|fltrust|fltrust,49.52114224433899,0.809,0.812,0.83,0.801,0.82,0.8,0.806,0.832,0.819,0.829,1000,1000,1000,1000,1000,1000,1000,1000,1000,1000
0.1,trim_attack,42,oracle_w,0.8158,0.8158,0.8158,fedavg|fedavg|clustering|fltrust|fltrust|clustering|clustering|clustering|clustering|fltrust|fltrust|fltrust|fltrust|fltrust|fltrust,38.05333495140076,0.809,0.812,0.83,0.801,0.82,0.8,0.806,0.832,0.819,0.829,1000,1000,1000,1000,1000,1000,1000,1000,1000,1000
0.1,trim_attack,42,fixed,0.8304,0.8304,0.8304,,141.7747254371643,0.838,0.827,0.839,0.81,0.822,0.826,0.824,0.848,0.829,0.841,1000,1000,1000,1000,1000,1000,1000,1000,1000,1000
0.1,trim_attack,42,sr_only,0.8178000000000001,0.8178,0.8178000000000001,,126.67713570594788,0.82,0.814,0.821,0.791,0.808,0.819,0.815,0.838,0.823,0.829,1000,1000,1000,1000,1000,1000,1000,1000,1000,1000
0.1,trim_attack,42,td3_ref,0.8346,0.8346,0.8346,,151.5872368812561,0.844,0.834,0.848,0.808,0.827,0.824,0.831,0.857,0.83,0.843,1000,1000,1000,1000,1000,1000,1000,1000,1000,1000
0.1,trim_attack,42,fltrust,0.5961,0.5961,0.5961,,38.27375149726868,0.591,0.6,0.63,0.574,0.605,0.571,0.604,0.605,0.567,0.614,1000,1000,1000,1000,1000,1000,1000,1000,1000,1000
0.1,trim_attack,42,krum,0.194,0.194,0.194,,29.119128704071045,0.208,0.189,0.202,0.182,0.208,0.182,0.204,0.193,0.188,0.184,1000,1000,1000,1000,1000,1000,1000,1000,1000,1000
0.1,trim_attack,42,median,0.4063,0.4063,0.4063,,34.83085250854492,0.416,0.398,0.432,0.381,0.427,0.388,0.398,0.43,0.392,0.401,1000,1000,1000,1000,1000,1000,1000,1000,1000,1000
0.1,trim_attack,42,trimmed_mean,0.3945,0.3945,0.3945,,31.31250214576721,0.399,0.392,0.419,0.365,0.41,0.384,0.375,0.411,0.396,0.394,1000,1000,1000,1000,1000,1000,1000,1000,1000,1000
0.1,trim_attack,43,oracle_u,0.8059,0.8059,0.8059,fedavg|fedavg|clustering|fltrust|clustering|clustering|clustering|fltrust|fltrust|fltrust|clustering|fltrust|fltrust|fltrust|fltrust,42.2327139377594,0.802,0.803,0.809,0.787,0.814,0.783,0.8,0.835,0.802,0.824,1000,1000,1000,1000,1000,1000,1000,1000,1000,1000
0.1,trim_attack,43,oracle_w,0.8059,0.8059,0.8059,fedavg|fedavg|clustering|fltrust|clustering|clustering|clustering|fltrust|fltrust|fltrust|clustering|fltrust|fltrust|fltrust|fltrust,33.51134729385376,0.802,0.803,0.809,0.787,0.814,0.783,0.8,0.835,0.802,0.824,1000,1000,1000,1000,1000,1000,1000,1000,1000,1000
0.1,trim_attack,43,fixed,0.8219,0.8219,0.8219,,180.56591033935547,0.829,0.814,0.825,0.797,0.808,0.821,0.82,0.844,0.824,0.837,1000,1000,1000,1000,1000,1000,1000,1000,1000,1000
0.1,trim_attack,43,sr_only,0.8051,0.8051,0.8051,,154.1664788722992,0.812,0.8,0.809,0.776,0.801,0.799,0.806,0.823,0.806,0.819,1000,1000,1000,1000,1000,1000,1000,1000,1000,1000
0.1,trim_attack,43,td3_ref,0.7493,0.7493,0.7493,,179.6573474407196,0.748,0.74,0.766,0.735,0.751,0.76,0.745,0.762,0.736,0.75,1000,1000,1000,1000,1000,1000,1000,1000,1000,1000
0.1,trim_attack,43,fltrust,0.6372000000000001,0.6372,0.6372000000000001,,38.76872158050537,0.635,0.635,0.655,0.621,0.635,0.615,0.648,0.645,0.615,0.668,1000,1000,1000,1000,1000,1000,1000,1000,1000,1000
0.1,trim_attack,43,krum,0.1945,0.1945,0.1945,,35.416760206222534,0.208,0.192,0.204,0.182,0.208,0.184,0.203,0.193,0.187,0.184,1000,1000,1000,1000,1000,1000,1000,1000,1000,1000
0.1,trim_attack,43,median,0.4044,0.4044,0.4044,,37.58658480644226,0.416,0.395,0.43,0.38,0.424,0.388,0.396,0.428,0.388,0.399,1000,1000,1000,1000,1000,1000,1000,1000,1000,1000
0.1,trim_attack,43,trimmed_mean,0.3950000000000001,0.395,0.3950000000000001,,32.4359028339386,0.399,0.393,0.42,0.364,0.41,0.384,0.375,0.413,0.397,0.395,1000,1000,1000,1000,1000,1000,1000,1000,1000,1000
0.1,trim_attack,44,oracle_u,0.8243,0.8243,0.8243,fedavg|fedavg|clustering|clustering|clustering|clustering|clustering|fltrust|fltrust|fltrust|fltrust|fltrust|fltrust|fltrust|fltrust,54.40068984031677,0.824,0.817,0.835,0.818,0.826,0.801,0.822,0.836,0.823,0.841,1000,1000,1000,1000,1000,1000,1000,1000,1000,1000
0.1,trim_attack,44,oracle_w,0.8243,0.8243,0.8243,fedavg|fedavg|clustering|clustering|clustering|clustering|clustering|fltrust|fltrust|fltrust|fltrust|fltrust|fltrust|fltrust|fltrust,39.03406381607056,0.824,0.817,0.835,0.818,0.826,0.801,0.822,0.836,0.823,0.841,1000,1000,1000,1000,1000,1000,1000,1000,1000,1000
0.1,trim_attack,44,fixed,0.8141,0.8141,0.8141,,174.39586973190308,0.819,0.819,0.824,0.789,0.806,0.815,0.81,0.824,0.815,0.82,1000,1000,1000,1000,1000,1000,1000,1000,1000,1000
0.1,trim_attack,44,sr_only,0.8187999999999999,0.8188,0.8187999999999999,,168.36116981506348,0.821,0.816,0.82,0.793,0.808,0.822,0.814,0.839,0.822,0.833,1000,1000,1000,1000,1000,1000,1000,1000,1000,1000
0.1,trim_attack,44,td3_ref,0.8371999999999999,0.8372,0.8371999999999999,,171.5488748550415,0.839,0.843,0.851,0.815,0.827,0.823,0.833,0.854,0.839,0.848,1000,1000,1000,1000,1000,1000,1000,1000,1000,1000
0.1,trim_attack,44,fltrust,0.6099,0.6099,0.6099,,103.80188226699828,0.606,0.604,0.635,0.597,0.61,0.588,0.622,0.621,0.585,0.631,1000,1000,1000,1000,1000,1000,1000,1000,1000,1000
0.1,trim_attack,44,krum,0.1937,0.1937,0.1937,,23.47061228752136,0.207,0.189,0.202,0.182,0.208,0.181,0.204,0.193,0.187,0.184,1000,1000,1000,1000,1000,1000,1000,1000,1000,1000
0.1,trim_attack,44,median,0.4029999999999999,0.403,0.4029999999999999,,32.67235851287842,0.414,0.393,0.428,0.377,0.426,0.386,0.397,0.423,0.387,0.399,1000,1000,1000,1000,1000,1000,1000,1000,1000,1000
0.1,trim_attack,44,trimmed_mean,0.3939,0.3939,0.3939,,47.54407906532288,0.399,0.391,0.418,0.366,0.409,0.384,0.375,0.411,0.395,0.391,1000,1000,1000,1000,1000,1000,1000,1000,1000,1000
0.1,trim_attack,45,oracle_u,0.8198000000000001,0.8198,0.8198000000000001,fltrust|fltrust|fedprox|fedavg|clustering|clustering|clustering|clustering|clustering|fltrust|fltrust|fltrust|fltrust|fltrust|fltrust,61.08591055870056,0.816,0.809,0.835,0.808,0.828,0.809,0.811,0.835,0.82,0.827,1000,1000,1000,1000,1000,1000,1000,1000,1000,1000
0.1,trim_attack,45,oracle_w,0.8198000000000001,0.8198,0.8198000000000001,fltrust|fltrust|fedprox|fedavg|clustering|clustering|clustering|clustering|clustering|fltrust|fltrust|fltrust|fltrust|fltrust|fltrust,60.73524212837219,0.816,0.809,0.835,0.808,0.828,0.809,0.811,0.835,0.82,0.827,1000,1000,1000,1000,1000,1000,1000,1000,1000,1000
0.1,trim_attack,45,fixed,0.8297999999999999,0.8298,0.8297999999999999,,177.28009152412417,0.835,0.826,0.836,0.81,0.82,0.828,0.825,0.846,0.831,0.841,1000,1000,1000,1000,1000,1000,1000,1000,1000,1000
0.1,trim_attack,45,sr_only,0.8173,0.8173,0.8173,,144.6815996170044,0.82,0.815,0.82,0.792,0.806,0.818,0.812,0.837,0.823,0.83,1000,1000,1000,1000,1000,1000,1000,1000,1000,1000
0.1,trim_attack,45,td3_ref,0.8163,0.8163,0.8163,,173.79302310943604,0.814,0.822,0.823,0.79,0.809,0.812,0.816,0.831,0.819,0.827,1000,1000,1000,1000,1000,1000,1000,1000,1000,1000
0.1,trim_attack,45,fltrust,0.6590999999999999,0.6591,0.6590999999999999,,23.82099175453186,0.654,0.667,0.675,0.637,0.657,0.646,0.663,0.67,0.645,0.677,1000,1000,1000,1000,1000,1000,1000,1000,1000,1000
0.1,trim_attack,45,krum,0.1942,0.1942,0.1942,,49.89621567726135,0.207,0.19,0.204,0.182,0.208,0.183,0.204,0.193,0.187,0.184,1000,1000,1000,1000,1000,1000,1000,1000,1000,1000
0.1,trim_attack,45,median,0.4043,0.4043,0.4043,,24.279399633407596,0.415,0.395,0.429,0.379,0.427,0.388,0.397,0.425,0.387,0.401,1000,1000,1000,1000,1000,1000,1000,1000,1000,1000
0.1,trim_attack,45,trimmed_mean,0.3941,0.3941,0.3941,,58.359620809555054,0.399,0.391,0.418,0.365,0.41,0.383,0.375,0.41,0.396,0.394,1000,1000,1000,1000,1000,1000,1000,1000,1000,1000
0.1,trim_attack,46,oracle_u,0.8152999999999999,0.8153,0.8152999999999999,fedavg|fedavg|clustering|clustering|clustering|clustering|clustering|fltrust|fltrust|fltrust|fltrust|fltrust|fltrust|fltrust|fltrust,36.0995032787323,0.815,0.83,0.827,0.803,0.823,0.793,0.802,0.827,0.803,0.83,1000,1000,1000,1000,1000,1000,1000,1000,1000,1000
0.1,trim_attack,46,oracle_w,0.8152999999999999,0.8153,0.8152999999999999,fedavg|fedavg|clustering|clustering|clustering|clustering|clustering|fltrust|fltrust|fltrust|fltrust|fltrust|fltrust|fltrust|fltrust,92.8425030708313,0.815,0.83,0.827,0.803,0.823,0.793,0.802,0.827,0.803,0.83,1000,1000,1000,1000,1000,1000,1000,1000,1000,1000
0.1,trim_attack,46,fixed,0.7977000000000001,0.7977,0.7977000000000001,,161.25608015060425,0.796,0.802,0.803,0.775,0.779,0.8,0.793,0.822,0.8,0.807,1000,1000,1000,1000,1000,1000,1000,1000,1000,1000
0.1,trim_attack,46,sr_only,0.8154999999999999,0.8155,0.8154999999999999,,138.47738027572632,0.816,0.813,0.817,0.789,0.806,0.814,0.816,0.836,0.821,0.827,1000,1000,1000,1000,1000,1000,1000,1000,1000,1000
0.1,trim_attack,46,td3_ref,0.8334999999999999,0.8335,0.8334999999999999,,161.06360173225403,0.834,0.836,0.843,0.811,0.826,0.83,0.828,0.85,0.834,0.843,1000,1000,1000,1000,1000,1000,1000,1000,1000,1000
0.1,trim_attack,46,fltrust,0.5549,0.5549,0.5549,,27.15563726425171,0.544,0.57,0.568,0.531,0.569,0.526,0.548,0.573,0.552,0.568,1000,1000,1000,1000,1000,1000,1000,1000,1000,1000
0.1,trim_attack,46,krum,0.194,0.194,0.194,,34.67725157737732,0.207,0.189,0.204,0.182,0.208,0.183,0.204,0.192,0.187,0.184,1000,1000,1000,1000,1000,1000,1000,1000,1000,1000
0.1,trim_attack,46,median,0.4048999999999999,0.4049,0.4048999999999999,,22.363503217697144,0.415,0.396,0.431,0.38,0.424,0.389,0.396,0.425,0.388,0.405,1000,1000,1000,1000,1000,1000,1000,1000,1000,1000
0.1,trim_attack,46,trimmed_mean,0.3944,0.3944,0.3944,,22.494892597198486,0.399,0.391,0.421,0.364,0.41,0.383,0.375,0.412,0.396,0.393,1000,1000,1000,1000,1000,1000,1000,1000,1000,1000
0.1,trim_attack,47,oracle_u,0.8258000000000001,0.8258,0.8258000000000001,fedavg|fedavg|clustering|clustering|clustering|clustering|clustering|fltrust|fltrust|fltrust|fltrust|fltrust|fltrust|fltrust|fltrust,35.36602783203125,0.827,0.811,0.848,0.807,0.833,0.809,0.816,0.838,0.837,0.832,1000,1000,1000,1000,1000,1000,1000,1000,1000,1000
0.1,trim_attack,47,oracle_w,0.8258000000000001,0.8258,0.8258000000000001,fedavg|fedavg|clustering|clustering|clustering|clustering|clustering|fltrust|fltrust|fltrust|fltrust|fltrust|fltrust|fltrust|fltrust,76.14933490753174,0.827,0.811,0.848,0.807,0.833,0.809,0.816,0.838,0.837,0.832,1000,1000,1000,1000,1000,1000,1000,1000,1000,1000
0.1,trim_attack,47,fixed,0.8188000000000001,0.8188,0.8188000000000001,,174.71146273612976,0.826,0.815,0.823,0.788,0.811,0.817,0.812,0.837,0.82,0.839,1000,1000,1000,1000,1000,1000,1000,1000,1000,1000
0.1,trim_attack,47,sr_only,0.8219,0.8219,0.8219,,128.94992184638977,0.824,0.816,0.823,0.796,0.811,0.822,0.822,0.845,0.824,0.836,1000,1000,1000,1000,1000,1000,1000,1000,1000,1000
0.1,trim_attack,47,td3_ref,0.8289,0.8289,0.8289,,173.56919717788696,0.838,0.821,0.834,0.804,0.829,0.821,0.831,0.844,0.827,0.84,1000,1000,1000,1000,1000,1000,1000,1000,1000,1000
0.1,trim_attack,47,fltrust,0.6592,0.6592,0.6592,,101.30599808692932,0.655,0.665,0.682,0.638,0.66,0.65,0.658,0.676,0.64,0.668,1000,1000,1000,1000,1000,1000,1000,1000,1000,1000
0.1,trim_attack,47,krum,0.194,0.194,0.194,,73.83456826210022,0.208,0.189,0.202,0.182,0.208,0.183,0.204,0.193,0.187,0.184,1000,1000,1000,1000,1000,1000,1000,1000,1000,1000
0.1,trim_attack,47,median,0.4046,0.4046,0.4046,,53.44933843612671,0.415,0.393,0.431,0.379,0.425,0.391,0.396,0.425,0.387,0.404,1000,1000,1000,1000,1000,1000,1000,1000,1000,1000
0.1,trim_attack,47,trimmed_mean,0.3943,0.3943,0.3943,,20.95765280723572,0.399,0.392,0.42,0.364,0.41,0.383,0.374,0.412,0.396,0.393,1000,1000,1000,1000,1000,1000,1000,1000,1000,1000
0.1,trim_attack,48,oracle_u,0.8126,0.8126,0.8126,fedavg|fedavg|clustering|clustering|clustering|clustering|fltrust|clustering|fltrust|fltrust|fltrust|fltrust|fltrust|fltrust|krum,28.13044595718384,0.812,0.802,0.818,0.801,0.82,0.794,0.809,0.832,0.809,0.829,1000,1000,1000,1000,1000,1000,1000,1000,1000,1000
0.1,trim_attack,48,oracle_w,0.8126,0.8126,0.8126,fedavg|fedavg|clustering|clustering|clustering|clustering|fltrust|clustering|fltrust|fltrust|fltrust|fltrust|fltrust|fltrust|krum,72.46101713180542,0.812,0.802,0.818,0.801,0.82,0.794,0.809,0.832,0.809,0.829,1000,1000,1000,1000,1000,1000,1000,1000,1000,1000
0.1,trim_attack,48,fixed,0.8286,0.8286,0.8286,,153.161452293396,0.837,0.825,0.835,0.81,0.816,0.826,0.822,0.845,0.829,0.841,1000,1000,1000,1000,1000,1000,1000,1000,1000,1000
0.1,trim_attack,48,sr_only,0.7985000000000001,0.7985,0.7985000000000001,,141.1835858821869,0.796,0.8,0.802,0.777,0.783,0.8,0.797,0.825,0.798,0.807,1000,1000,1000,1000,1000,1000,1000,1000,1000,1000
0.1,trim_attack,48,td3_ref,0.8051999999999999,0.8052,0.8051999999999999,,167.64475417137146,0.806,0.812,0.809,0.779,0.791,0.809,0.802,0.822,0.805,0.817,1000,1000,1000,1000,1000,1000,1000,1000,1000,1000
0.1,trim_attack,48,fltrust,0.6378,0.6378,0.6378,,76.71608710289001,0.63,0.657,0.657,0.62,0.643,0.622,0.607,0.659,0.638,0.645,1000,1000,1000,1000,1000,1000,1000,1000,1000,1000
0.1,trim_attack,48,krum,0.194,0.194,0.194,,116.72176861763,0.207,0.19,0.202,0.182,0.208,0.183,0.204,0.193,0.187,0.184,1000,1000,1000,1000,1000,1000,1000,1000,1000,1000
0.1,trim_attack,48,median,0.4059,0.4059,0.4059,,102.34384036064148,0.418,0.399,0.432,0.38,0.423,0.391,0.398,0.428,0.387,0.403,1000,1000,1000,1000,1000,1000,1000,1000,1000,1000
0.1,trim_attack,48,trimmed_mean,0.3948,0.3948,0.3948,,39.27904558181763,0.4,0.392,0.417,0.363,0.413,0.384,0.375,0.413,0.398,0.393,1000,1000,1000,1000,1000,1000,1000,1000,1000,1000
0.1,trim_attack,49,oracle_u,0.825,0.825,0.825,fedavg|fedavg|clustering|clustering|clustering|clustering|clustering|fltrust|fltrust|fltrust|fltrust|fltrust|krum|fltrust|fltrust,56.293641328811646,0.824,0.827,0.833,0.804,0.827,0.81,0.818,0.844,0.824,0.839,1000,1000,1000,1000,1000,1000,1000,1000,1000,1000
0.1,trim_attack,49,oracle_w,0.825,0.825,0.825,fedavg|fedavg|clustering|clustering|clustering|clustering|clustering|fltrust|fltrust|fltrust|fltrust|fltrust|krum|fltrust|fltrust,83.47419118881226,0.824,0.827,0.833,0.804,0.827,0.81,0.818,0.844,0.824,0.839,1000,1000,1000,1000,1000,1000,1000,1000,1000,1000
0.1,trim_attack,49,fixed,0.8200999999999998,0.8201,0.8200999999999998,,167.4494915008545,0.823,0.83,0.831,0.798,0.81,0.815,0.816,0.827,0.818,0.833,1000,1000,1000,1000,1000,1000,1000,1000,1000,1000
0.1,trim_attack,49,sr_only,0.8044,0.8044,0.8044,,138.07937359809875,0.812,0.801,0.808,0.775,0.798,0.8,0.807,0.822,0.803,0.818,1000,1000,1000,1000,1000,1000,1000,1000,1000,1000
0.1,trim_attack,49,td3_ref,0.8353999999999999,0.8354,0.8353999999999999,,162.4071683883667,0.843,0.828,0.839,0.811,0.832,0.826,0.831,0.856,0.836,0.852,1000,1000,1000,1000,1000,1000,1000,1000,1000,1000
0.1,trim_attack,49,fltrust,0.6256999999999999,0.6257,0.6256999999999999,,47.90059733390808,0.625,0.625,0.656,0.595,0.624,0.618,0.614,0.649,0.611,0.64,1000,1000,1000,1000,1000,1000,1000,1000,1000,1000
0.1,trim_attack,49,krum,0.1936,0.1936,0.1936,,29.07254981994629,0.207,0.189,0.202,0.181,0.208,0.181,0.204,0.193,0.187,0.184,1000,1000,1000,1000,1000,1000,1000,1000,1000,1000
0.1,trim_attack,49,median,0.4033,0.4033,0.4033,,92.29274940490724,0.415,0.389,0.43,0.379,0.424,0.386,0.394,0.425,0.389,0.402,1000,1000,1000,1000,1000,1000,1000,1000,1000,1000
0.1,trim_attack,49,trimmed_mean,0.3952,0.3952,0.3952,,106.78683710098268,0.399,0.393,0.42,0.365,0.41,0.384,0.376,0.412,0.399,0.394,1000,1000,1000,1000,1000,1000,1000,1000,1000,1000
0.1,trim_attack,50,oracle_u,0.8152000000000001,0.8152,0.8152000000000001,fedavg|fedavg|clustering|clustering|clustering|clustering|clustering|fltrust|fltrust|fltrust|fltrust|clustering|fltrust|fltrust|fltrust,41.482285261154175,0.815,0.805,0.82,0.787,0.816,0.804,0.814,0.844,0.812,0.835,1000,1000,1000,1000,1000,1000,1000,1000,1000,1000
0.1,trim_attack,50,oracle_w,0.8152000000000001,0.8152,0.8152000000000001,fedavg|fedavg|clustering|clustering|clustering|clustering|clustering|fltrust|fltrust|fltrust|fltrust|clustering|fltrust|fltrust|fltrust,90.15164422988892,0.815,0.805,0.82,0.787,0.816,0.804,0.814,0.844,0.812,0.835,1000,1000,1000,1000,1000,1000,1000,1000,1000,1000
0.1,trim_attack,50,fixed,0.8209,0.8209,0.8209,,165.48664140701294,0.833,0.816,0.82,0.799,0.811,0.819,0.809,0.843,0.823,0.836,1000,1000,1000,1000,1000,1000,1000,1000,1000,1000
0.1,trim_attack,50,sr_only,0.8102,0.8102,0.8102,,131.82827258110046,0.813,0.808,0.821,0.789,0.801,0.81,0.806,0.828,0.806,0.82,1000,1000,1000,1000,1000,1000,1000,1000,1000,1000
0.1,trim_attack,50,td3_ref,0.8089000000000001,0.8089,0.8089000000000001,,164.4827048778534,0.82,0.805,0.812,0.782,0.8,0.802,0.8,0.82,0.817,0.831,1000,1000,1000,1000,1000,1000,1000,1000,1000,1000
0.1,trim_attack,50,fltrust,0.6492000000000001,0.6492,0.6492000000000001,,71.18644905090332,0.651,0.637,0.685,0.634,0.665,0.621,0.657,0.657,0.617,0.668,1000,1000,1000,1000,1000,1000,1000,1000,1000,1000
0.1,trim_attack,50,krum,0.1939,0.1939,0.1939,,65.00829887390137,0.207,0.19,0.202,0.182,0.208,0.182,0.204,0.193,0.187,0.184,1000,1000,1000,1000,1000,1000,1000,1000,1000,1000
0.1,trim_attack,50,median,0.4056,0.4056,0.4056,,129.4498279094696,0.417,0.396,0.431,0.381,0.425,0.39,0.397,0.428,0.387,0.404,1000,1000,1000,1000,1000,1000,1000,1000,1000,1000
0.1,trim_attack,50,trimmed_mean,0.3942,0.3942,0.3942,,86.00671529769897,0.398,0.392,0.421,0.365,0.409,0.383,0.375,0.411,0.396,0.392,1000,1000,1000,1000,1000,1000,1000,1000,1000,1000
0.1,trim_attack,51,oracle_u,0.8066000000000001,0.8066,0.8066000000000001,fedavg|fedavg|clustering|clustering|clustering|clustering|clustering|fltrust|fltrust|fltrust|fltrust|fltrust|fltrust|fltrust|krum,28.42106604576111,0.793,0.813,0.817,0.79,0.812,0.788,0.798,0.834,0.8,0.821,1000,1000,1000,1000,1000,1000,1000,1000,1000,1000
0.1,trim_attack,51,oracle_w,0.8066000000000001,0.8066,0.8066000000000001,fedavg|fedavg|clustering|clustering|clustering|clustering|clustering|fltrust|fltrust|fltrust|fltrust|fltrust|fltrust|fltrust|krum,46.53349328041077,0.793,0.813,0.817,0.79,0.812,0.788,0.798,0.834,0.8,0.821,1000,1000,1000,1000,1000,1000,1000,1000,1000,1000
0.1,trim_attack,51,fixed,0.8133999999999999,0.8134,0.8133999999999999,,171.8063941001892,0.816,0.819,0.821,0.789,0.802,0.815,0.813,0.827,0.812,0.82,1000,1000,1000,1000,1000,1000,1000,1000,1000,1000
0.1,trim_attack,51,sr_only,0.8229000000000001,0.8229,0.8229000000000001,,152.37111139297485,0.825,0.818,0.823,0.8,0.813,0.823,0.822,0.843,0.825,0.837,1000,1000,1000,1000,1000,1000,1000,1000,1000,1000
0.1,trim_attack,51,td3_ref,0.793,0.793,0.793,,177.10779309272766,0.799,0.785,0.792,0.774,0.798,0.792,0.793,0.797,0.788,0.812,1000,1000,1000,1000,1000,1000,1000,1000,1000,1000
0.1,trim_attack,51,fltrust,0.6239999999999999,0.624,0.6239999999999999,,21.770373106002808,0.615,0.623,0.65,0.596,0.633,0.598,0.624,0.636,0.616,0.649,1000,1000,1000,1000,1000,1000,1000,1000,1000,1000
0.1,trim_attack,51,krum,0.1938,0.1938,0.1938,,22.8347852230072,0.207,0.189,0.202,0.182,0.208,0.182,0.204,0.193,0.187,0.184,1000,1000,1000,1000,1000,1000,1000,1000,1000,1000
0.1,trim_attack,51,median,0.4040000000000001,0.404,0.4040000000000001,,77.29037237167358,0.414,0.394,0.429,0.38,0.425,0.387,0.397,0.425,0.389,0.4,1000,1000,1000,1000,1000,1000,1000,1000,1000,1000
0.1,trim_attack,51,trimmed_mean,0.3947999999999999,0.3948,0.3947999999999999,,79.15123701095581,0.4,0.392,0.42,0.366,0.412,0.384,0.374,0.411,0.396,0.393,1000,1000,1000,1000,1000,1000,1000,1000,1000,1000
0.5,trim_attack,42,oracle_u,0.897,0.897,0.897,krum|clustering|clustering|clustering|clustering|clustering|clustering|clustering|clustering|clustering|clustering|clustering|clustering|clustering|clustering,42.074825286865234,0.909,0.909,0.887,0.909,0.889,0.894,0.909,0.883,0.89,0.891,1000,1000,1000,1000,1000,1000,1000,1000,1000,1000
0.5,trim_attack,42,oracle_w,0.897,0.897,0.897,krum|clustering|clustering|clustering|clustering|clustering|clustering|clustering|clustering|clustering|clustering|clustering|clustering|clustering|clustering,36.64256978034973,0.909,0.909,0.887,0.909,0.889,0.894,0.909,0.883,0.89,0.891,1000,1000,1000,1000,1000,1000,1000,1000,1000,1000
0.5,trim_attack,42,fixed,0.8963000000000001,0.8963,0.8963000000000001,,135.42009091377258,0.907,0.909,0.888,0.908,0.888,0.894,0.91,0.881,0.888,0.89,1000,1000,1000,1000,1000,1000,1000,1000,1000,1000
0.5,trim_attack,42,sr_only,0.8966000000000001,0.8966,0.8966000000000001,,131.8161187171936,0.907,0.909,0.888,0.909,0.888,0.893,0.909,0.882,0.89,0.891,1000,1000,1000,1000,1000,1000,1000,1000,1000,1000
0.5,trim_attack,42,td3_ref,0.8963000000000001,0.8963,0.8963000000000001,,147.3068289756775,0.907,0.909,0.889,0.908,0.888,0.894,0.91,0.881,0.887,0.89,1000,1000,1000,1000,1000,1000,1000,1000,1000,1000
0.5,trim_attack,42,fltrust,0.7922,0.7922,0.7922,,30.979954719543457,0.813,0.796,0.803,0.818,0.781,0.785,0.795,0.767,0.788,0.776,1000,1000,1000,1000,1000,1000,1000,1000,1000,1000
0.5,trim_attack,42,krum,0.8432999999999999,0.8433,0.8432999999999999,,24.111645936965942,0.854,0.863,0.847,0.858,0.843,0.844,0.852,0.811,0.829,0.832,1000,1000,1000,1000,1000,1000,1000,1000,1000,1000
0.5,trim_attack,42,median,0.8524,0.8524,0.8524,,24.10137438774109,0.868,0.858,0.852,0.872,0.845,0.855,0.862,0.84,0.835,0.837,1000,1000,1000,1000,1000,1000,1000,1000,1000,1000
0.5,trim_attack,42,trimmed_mean,0.8685,0.8685,0.8685,,25.732093334198,0.886,0.876,0.863,0.893,0.857,0.861,0.882,0.854,0.855,0.858,1000,1000,1000,1000,1000,1000,1000,1000,1000,1000
0.5,trim_attack,43,oracle_u,0.8966999999999998,0.8967,0.8966999999999998,krum|clustering|clustering|clustering|clustering|clustering|clustering|clustering|clustering|clustering|clustering|clustering|clustering|clustering|fltrust,30.41054081916809,0.907,0.912,0.888,0.91,0.889,0.895,0.906,0.886,0.889,0.885,1000,1000,1000,1000,1000,1000,1000,1000,1000,1000
0.5,trim_attack,43,oracle_w,0.8966999999999998,0.8967,0.8966999999999998,krum|clustering|clustering|clustering|clustering|clustering|clustering|clustering|clustering|clustering|clustering|clustering|clustering|clustering|fltrust,64.78377223014832,0.907,0.912,0.888,0.91,0.889,0.895,0.906,0.886,0.889,0.885,1000,1000,1000,1000,1000,1000,1000,1000,1000,1000
0.5,trim_attack,43,fixed,0.8965,0.8965,0.8965,,191.8599283695221,0.908,0.909,0.888,0.908,0.888,0.891,0.91,0.881,0.89,0.892,1000,1000,1000,1000,1000,1000,1000,1000,1000,1000
0.5,trim_attack,43,sr_only,0.8967,0.8967,0.8967,,174.01607990264893,0.908,0.909,0.888,0.909,0.889,0.893,0.909,0.881,0.891,0.89,1000,1000,1000,1000,1000,1000,1000,1000,1000,1000
0.5,trim_attack,43,td3_ref,0.8967,0.8967,0.8967,,182.9662883281708,0.908,0.911,0.888,0.909,0.887,0.892,0.91,0.882,0.887,0.893,1000,1000,1000,1000,1000,1000,1000,1000,1000,1000
0.5,trim_attack,43,fltrust,0.807,0.807,0.807,,59.45696258544922,0.823,0.815,0.81,0.825,0.803,0.803,0.807,0.782,0.806,0.796,1000,1000,1000,1000,1000,1000,1000,1000,1000,1000
0.5,trim_attack,43,krum,0.8853000000000002,0.8853,0.8853000000000002,,45.93875074386597,0.889,0.902,0.878,0.896,0.887,0.882,0.899,0.872,0.876,0.872,1000,1000,1000,1000,1000,1000,1000,1000,1000,1000
0.5,trim_attack,43,median,0.8544,0.8544,0.8544,,27.839092016220093,0.87,0.86,0.854,0.872,0.847,0.858,0.863,0.843,0.837,0.84,1000,1000,1000,1000,1000,1000,1000,1000,1000,1000
0.5,trim_attack,43,trimmed_mean,0.8694,0.8694,0.8694,,35.89029908180237,0.885,0.878,0.864,0.892,0.859,0.861,0.881,0.855,0.856,0.863,1000,1000,1000,1000,1000,1000,1000,1000,1000,1000
0.5,trim_attack,44,oracle_u,0.8939000000000001,0.8939,0.8939000000000001,krum|clustering|clustering|clustering|clustering|clustering|clustering|clustering|clustering|clustering|fltrust|fltrust|fltrust|clustering|fltrust,24.28844785690308,0.907,0.906,0.886,0.909,0.886,0.891,0.907,0.88,0.887,0.88,1000,1000,1000,1000,1000,1000,1000,1000,1000,1000
0.5,trim_attack,44,oracle_w,0.8939000000000001,0.8939,0.8939000000000001,krum|clustering|clustering|clustering|clustering|clustering|clustering|clustering|clustering|clustering|fltrust|fltrust|fltrust|clustering|fltrust,44.742839336395264,0.907,0.906,0.886,0.909,0.886,0.891,0.907,0.88,0.887,0.88,1000,1000,1000,1000,1000,1000,1000,1000,1000,1000
0.5,trim_attack,44,fixed,0.897,0.897,0.897,,183.68155336380005,0.908,0.91,0.889,0.909,0.888,0.893,0.91,0.881,0.89,0.892,1000,1000,1000,1000,1000,1000,1000,1000,1000,1000
0.5,trim_attack,44,sr_only,0.8967,0.8967,0.8967,,177.80725979804993,0.908,0.909,0.888,0.91,0.889,0.893,0.91,0.881,0.89,0.889,1000,1000,1000,1000,1000,1000,1000,1000,1000,1000
0.5,trim_attack,44,td3_ref,0.8963000000000001,0.8963,0.8963000000000001,,190.9882121086121,0.908,0.909,0.888,0.909,0.888,0.891,0.91,0.881,0.889,0.89,1000,1000,1000,1000,1000,1000,1000,1000,1000,1000
0.5,trim_attack,44,fltrust,0.8061000000000001,0.8061,0.8061000000000001,,75.04370379447937,0.828,0.812,0.812,0.831,0.805,0.802,0.808,0.778,0.801,0.784,1000,1000,1000,1000,1000,1000,1000,1000,1000,1000
0.5,trim_attack,44,krum,0.843,0.843,0.843,,30.57991504669189,0.853,0.865,0.847,0.857,0.844,0.839,0.849,0.814,0.83,0.832,1000,1000,1000,1000,1000,1000,1000,1000,1000,1000
0.5,trim_attack,44,median,0.8535,0.8535,0.8535,,31.715919494628903,0.868,0.859,0.853,0.872,0.846,0.857,0.861,0.842,0.836,0.841,1000,1000,1000,1000,1000,1000,1000,1000,1000,1000
0.5,trim_attack,44,trimmed_mean,0.8696999999999999,0.8697,0.8696999999999999,,25.37548518180847,0.886,0.877,0.865,0.894,0.859,0.864,0.879,0.856,0.856,0.861,1000,1000,1000,1000,1000,1000,1000,1000,1000,1000
0.5,trim_attack,45,oracle_u,0.8950000000000001,0.895,0.8950000000000001,krum|clustering|clustering|clustering|clustering|clustering|clustering|clustering|fltrust|clustering|clustering|fltrust|clustering|fltrust|clustering,46.47224831581116,0.906,0.908,0.886,0.908,0.886,0.892,0.912,0.88,0.888,0.884,1000,1000,1000,1000,1000,1000,1000,1000,1000,1000
0.5,trim_attack,45,oracle_w,0.8950000000000001,0.895,0.8950000000000001,krum|clustering|clustering|clustering|clustering|clustering|clustering|clustering|fltrust|clustering|clustering|fltrust|clustering|fltrust|clustering,24.919753789901733,0.906,0.908,0.886,0.908,0.886,0.892,0.912,0.88,0.888,0.884,1000,1000,1000,1000,1000,1000,1000,1000,1000,1000
0.5,trim_attack,45,fixed,0.8958999999999999,0.8959,0.8958999999999999,,166.08308744430542,0.908,0.908,0.889,0.908,0.885,0.892,0.908,0.881,0.889,0.891,1000,1000,1000,1000,1000,1000,1000,1000,1000,1000
0.5,trim_attack,45,sr_only,0.8965,0.8965,0.8965,,147.10749411582947,0.908,0.909,0.888,0.91,0.889,0.892,0.909,0.881,0.89,0.889,1000,1000,1000,1000,1000,1000,1000,1000,1000,1000
0.5,trim_attack,45,td3_ref,0.8959999999999999,0.896,0.8959999999999999,,195.8201103210449,0.909,0.907,0.889,0.908,0.886,0.892,0.907,0.881,0.889,0.892,1000,1000,1000,1000,1000,1000,1000,1000,1000,1000
0.5,trim_attack,45,fltrust,0.807,0.807,0.807,,28.339634895324707,0.825,0.811,0.81,0.833,0.807,0.803,0.811,0.776,0.807,0.787,1000,1000,1000,1000,1000,1000,1000,1000,1000,1000
0.5,trim_attack,45,krum,0.8853,0.8853,0.8853,,41.93257713317871,0.885,0.902,0.88,0.9,0.886,0.878,0.898,0.876,0.875,0.873,1000,1000,1000,1000,1000,1000,1000,1000,1000,1000
0.5,trim_attack,45,median,0.8533999999999999,0.8534,0.8533999999999999,,26.879719495773315,0.87,0.861,0.852,0.872,0.847,0.856,0.862,0.84,0.835,0.839,1000,1000,1000,1000,1000,1000,1000,1000,1000,1000
0.5,trim_attack,45,trimmed_mean,0.8684999999999998,0.8685,0.8684999999999998,,63.67901134490967,0.886,0.876,0.863,0.892,0.858,0.863,0.88,0.855,0.855,0.857,1000,1000,1000,1000,1000,1000,1000,1000,1000,1000
0.5,trim_attack,46,oracle_u,0.8972,0.8972,0.8972,krum|clustering|clustering|clustering|clustering|clustering|clustering|clustering|clustering|clustering|clustering|clustering|clustering|clustering|clustering,48.96155214309693,0.91,0.91,0.888,0.909,0.89,0.893,0.908,0.882,0.89,0.892,1000,1000,1000,1000,1000,1000,1000,1000,1000,1000
0.5,trim_attack,46,oracle_w,0.8972,0.8972,0.8972,krum|clustering|clustering|clustering|clustering|clustering|clustering|clustering|clustering|clustering|clustering|clustering|clustering|clustering|clustering,50.86320114135742,0.91,0.91,0.888,0.909,0.89,0.893,0.908,0.882,0.89,0.892,1000,1000,1000,1000,1000,1000,1000,1000,1000,1000
0.5,trim_attack,46,fixed,0.8961,0.8961,0.8961,,165.00369119644165,0.908,0.907,0.888,0.908,0.887,0.893,0.909,0.881,0.889,0.891,1000,1000,1000,1000,1000,1000,1000,1000,1000,1000
0.5,trim_attack,46,sr_only,0.8968000000000002,0.8968,0.8968000000000002,,138.0743124485016,0.908,0.909,0.888,0.909,0.889,0.893,0.909,0.883,0.89,0.89,1000,1000,1000,1000,1000,1000,1000,1000,1000,1000
0.5,trim_attack,46,td3_ref,0.8823000000000001,0.8823,0.8823000000000001,,157.07367491722107,0.901,0.894,0.886,0.895,0.876,0.879,0.89,0.864,0.883,0.855,1000,1000,1000,1000,1000,1000,1000,1000,1000,1000
0.5,trim_attack,46,fltrust,0.795,0.795,0.795,,26.294154405593872,0.817,0.802,0.804,0.82,0.793,0.782,0.797,0.76,0.795,0.78,1000,1000,1000,1000,1000,1000,1000,1000,1000,1000
0.5,trim_attack,46,krum,0.845,0.845,0.845,,63.786033153533936,0.855,0.866,0.846,0.861,0.842,0.846,0.852,0.813,0.834,0.835,1000,1000,1000,1000,1000,1000,1000,1000,1000,1000
0.5,trim_attack,46,median,0.8536999999999999,0.8537,0.8536999999999999,,70.73598051071167,0.87,0.861,0.855,0.872,0.846,0.856,0.861,0.842,0.836,0.838,1000,1000,1000,1000,1000,1000,1000,1000,1000,1000
0.5,trim_attack,46,trimmed_mean,0.8691000000000001,0.8691,0.8691000000000001,,20.670985221862797,0.885,0.876,0.866,0.893,0.859,0.862,0.88,0.854,0.855,0.861,1000,1000,1000,1000,1000,1000,1000,1000,1000,1000
0.5,trim_attack,47,oracle_u,0.8966,0.8966,0.8966,krum|clustering|clustering|clustering|clustering|clustering|clustering|clustering|clustering|clustering|clustering|clustering|clustering|clustering|clustering,59.81654620170593,0.908,0.908,0.887,0.908,0.89,0.893,0.909,0.883,0.889,0.891,1000,1000,1000,1000,1000,1000,1000,1000,1000,1000
0.5,trim_attack,47,oracle_w,0.8966,0.8966,0.8966,krum|clustering|clustering|clustering|clustering|clustering|clustering|clustering|clustering|clustering|clustering|clustering|clustering|clustering|clustering,67.56934261322021,0.908,0.908,0.887,0.908,0.89,0.893,0.909,0.883,0.889,0.891,1000,1000,1000,1000,1000,1000,1000,1000,1000,1000
0.5,trim_attack,47,fixed,0.8961,0.8961,0.8961,,160.3716049194336,0.908,0.907,0.89,0.909,0.889,0.891,0.908,0.88,0.889,0.89,1000,1000,1000,1000,1000,1000,1000,1000,1000,1000
0.5,trim_attack,47,sr_only,0.8967,0.8967,0.8967,,150.0572075843811,0.908,0.908,0.89,0.91,0.889,0.892,0.911,0.88,0.889,0.89,1000,1000,1000,1000,1000,1000,1000,1000,1000,1000
0.5,trim_attack,47,td3_ref,0.8964000000000001,0.8964,0.8964000000000001,,157.66211700439453,0.907,0.907,0.891,0.909,0.889,0.892,0.91,0.88,0.889,0.89,1000,1000,1000,1000,1000,1000,1000,1000,1000,1000
0.5,trim_attack,47,fltrust,0.8022,0.8022,0.8022,,27.876399278640747,0.821,0.805,0.813,0.824,0.805,0.795,0.803,0.77,0.802,0.784,1000,1000,1000,1000,1000,1000,1000,1000,1000,1000
0.5,trim_attack,47,krum,0.8867,0.8867,0.8867,,21.455063581466675,0.89,0.901,0.878,0.9,0.887,0.883,0.899,0.874,0.878,0.877,1000,1000,1000,1000,1000,1000,1000,1000,1000,1000
0.5,trim_attack,47,median,0.8525,0.8525,0.8525,,22.9503390789032,0.869,0.86,0.854,0.87,0.847,0.855,0.859,0.839,0.835,0.837,1000,1000,1000,1000,1000,1000,1000,1000,1000,1000
0.5,trim_attack,47,trimmed_mean,0.8695,0.8695,0.8695,,39.13725686073303,0.885,0.878,0.864,0.893,0.858,0.863,0.881,0.855,0.856,0.862,1000,1000,1000,1000,1000,1000,1000,1000,1000,1000
0.5,trim_attack,48,oracle_u,0.8968,0.8968,0.8968,krum|clustering|krum|clustering|clustering|clustering|clustering|clustering|clustering|clustering|clustering|clustering|clustering|clustering|clustering,45.43228340148926,0.908,0.91,0.889,0.908,0.889,0.891,0.909,0.882,0.891,0.891,1000,1000,1000,1000,1000,1000,1000,1000,1000,1000
0.5,trim_attack,48,oracle_w,0.8968,0.8968,0.8968,krum|clustering|krum|clustering|clustering|clustering|clustering|clustering|clustering|clustering|clustering|clustering|clustering|clustering|clustering,85.15731739997864,0.908,0.91,0.889,0.908,0.889,0.891,0.909,0.882,0.891,0.891,1000,1000,1000,1000,1000,1000,1000,1000,1000,1000
0.5,trim_attack,48,fixed,0.8960000000000001,0.896,0.8960000000000001,,158.83912467956543,0.908,0.908,0.889,0.91,0.888,0.892,0.908,0.881,0.888,0.888,1000,1000,1000,1000,1000,1000,1000,1000,1000,1000
0.5,trim_attack,48,sr_only,0.8964000000000001,0.8964,0.8964000000000001,,136.33509254455566,0.908,0.909,0.889,0.91,0.889,0.892,0.909,0.881,0.888,0.889,1000,1000,1000,1000,1000,1000,1000,1000,1000,1000
0.5,trim_attack,48,td3_ref,0.8960000000000001,0.896,0.8960000000000001,,167.3864517211914,0.908,0.908,0.889,0.91,0.888,0.892,0.908,0.881,0.888,0.888,1000,1000,1000,1000,1000,1000,1000,1000,1000,1000
0.5,trim_attack,48,fltrust,0.8049,0.8049,0.8049,,41.603843212127686,0.827,0.806,0.811,0.828,0.807,0.797,0.805,0.776,0.802,0.79,1000,1000,1000,1000,1000,1000,1000,1000,1000,1000
0.5,trim_attack,48,krum,0.8417999999999999,0.8418,0.8417999999999999,,63.100122928619385,0.853,0.863,0.844,0.855,0.842,0.841,0.85,0.813,0.829,0.828,1000,1000,1000,1000,1000,1000,1000,1000,1000,1000
0.5,trim_attack,48,median,0.8526,0.8526,0.8526,,21.45484471321106,0.87,0.858,0.854,0.872,0.846,0.854,0.862,0.84,0.835,0.835,1000,1000,1000,1000,1000,1000,1000,1000,1000,1000
0.5,trim_attack,48,trimmed_mean,0.8694,0.8694,0.8694,,104.1921865940094,0.886,0.878,0.864,0.893,0.859,0.862,0.881,0.855,0.856,0.86,1000,1000,1000,1000,1000,1000,1000,1000,1000,1000
0.5,trim_attack,49,oracle_u,0.897,0.897,0.897,krum|clustering|clustering|clustering|clustering|clustering|clustering|clustering|clustering|clustering|clustering|fltrust|clustering|clustering|clustering,58.21291899681091,0.909,0.911,0.887,0.909,0.889,0.891,0.911,0.882,0.891,0.89,1000,1000,1000,1000,1000,1000,1000,1000,1000,1000
0.5,trim_attack,49,oracle_w,0.897,0.897,0.897,krum|clustering|clustering|clustering|clustering|clustering|clustering|clustering|clustering|clustering|clustering|fltrust|clustering|clustering|clustering,50.25177454948425,0.909,0.911,0.887,0.909,0.889,0.891,0.911,0.882,0.891,0.89,1000,1000,1000,1000,1000,1000,1000,1000,1000,1000
0.5,trim_attack,49,fixed,0.8967,0.8967,0.8967,,190.355859041214,0.91,0.908,0.889,0.91,0.889,0.892,0.909,0.881,0.888,0.891,1000,1000,1000,1000,1000,1000,1000,1000,1000,1000
0.5,trim_attack,49,sr_only,0.8965,0.8965,0.8965,,162.1278727054596,0.908,0.908,0.889,0.91,0.889,0.892,0.909,0.881,0.889,0.89,1000,1000,1000,1000,1000,1000,1000,1000,1000,1000
0.5,trim_attack,49,td3_ref,0.8966000000000001,0.8966,0.8966000000000001,,163.4160132408142,0.909,0.908,0.889,0.91,0.889,0.892,0.909,0.881,0.888,0.891,1000,1000,1000,1000,1000,1000,1000,1000,1000,1000
0.5,trim_attack,49,fltrust,0.8,0.8,0.8,,25.214532613754272,0.818,0.806,0.804,0.825,0.801,0.795,0.801,0.766,0.798,0.786,1000,1000,1000,1000,1000,1000,1000,1000,1000,1000
0.5,trim_attack,49,krum,0.8871,0.8871,0.8871,,24.306338787078857,0.889,0.901,0.88,0.901,0.89,0.883,0.898,0.875,0.879,0.875,1000,1000,1000,1000,1000,1000,1000,1000,1000,1000
0.5,trim_attack,49,median,0.8536999999999999,0.8537,0.8536999999999999,,39.75720739364624,0.871,0.862,0.854,0.872,0.847,0.856,0.861,0.84,0.835,0.839,1000,1000,1000,1000,1000,1000,1000,1000,1000,1000
0.5,trim_attack,49,trimmed_mean,0.8685,0.8685,0.8685,,37.76516771316528,0.885,0.876,0.864,0.892,0.857,0.862,0.879,0.855,0.856,0.859,1000,1000,1000,1000,1000,1000,1000,1000,1000,1000
0.5,trim_attack,50,oracle_u,0.8968,0.8968,0.8968,krum|clustering|clustering|clustering|clustering|clustering|clustering|clustering|clustering|clustering|clustering|clustering|clustering|clustering|clustering,46.39267325401306,0.908,0.909,0.887,0.909,0.89,0.893,0.909,0.882,0.89,0.891,1000,1000,1000,1000,1000,1000,1000,1000,1000,1000
0.5,trim_attack,50,oracle_w,0.8968,0.8968,0.8968,krum|clustering|clustering|clustering|clustering|clustering|clustering|clustering|clustering|clustering|clustering|clustering|clustering|clustering|clustering,24.925849199295044,0.908,0.909,0.887,0.909,0.89,0.893,0.909,0.882,0.89,0.891,1000,1000,1000,1000,1000,1000,1000,1000,1000,1000
0.5,trim_attack,50,fixed,0.8968,0.8968,0.8968,,166.95780158042908,0.908,0.909,0.889,0.91,0.889,0.892,0.91,0.883,0.889,0.889,1000,1000,1000,1000,1000,1000,1000,1000,1000,1000
0.5,trim_attack,50,sr_only,0.8965,0.8965,0.8965,,143.89877343177795,0.908,0.909,0.889,0.909,0.889,0.891,0.91,0.882,0.889,0.889,1000,1000,1000,1000,1000,1000,1000,1000,1000,1000
0.5,trim_attack,50,td3_ref,0.8962999999999999,0.8963,0.8962999999999999,,143.68557906150818,0.907,0.908,0.889,0.91,0.887,0.893,0.911,0.881,0.888,0.889,1000,1000,1000,1000,1000,1000,1000,1000,1000,1000
0.5,trim_attack,50,fltrust,0.7863,0.7863,0.7863,,48.68970227241516,0.802,0.792,0.798,0.81,0.783,0.774,0.793,0.756,0.782,0.773,1000,1000,1000,1000,1000,1000,1000,1000,1000,1000
0.5,trim_attack,50,krum,0.8451000000000001,0.8451,0.8451000000000001,,137.0236577987671,0.854,0.867,0.848,0.86,0.844,0.845,0.854,0.814,0.831,0.834,1000,1000,1000,1000,1000,1000,1000,1000,1000,1000
0.5,trim_attack,50,median,0.8552,0.8552,0.8552,,77.93933534622192,0.873,0.861,0.855,0.872,0.848,0.855,0.863,0.845,0.839,0.841,1000,1000,1000,1000,1000,1000,1000,1000,1000,1000
0.5,trim_attack,50,trimmed_mean,0.8702,0.8702,0.8702,,68.22163081169128,0.887,0.88,0.866,0.893,0.859,0.863,0.88,0.856,0.855,0.863,1000,1000,1000,1000,1000,1000,1000,1000,1000,1000
0.5,trim_attack,51,oracle_u,0.8962,0.8962,0.8962,krum|clustering|clustering|clustering|clustering|clustering|clustering|clustering|clustering|clustering|clustering|clustering|clustering|clustering|clustering,94.41230463981628,0.907,0.908,0.887,0.908,0.89,0.892,0.908,0.882,0.889,0.891,1000,1000,1000,1000,1000,1000,1000,1000,1000,1000
0.5,trim_attack,51,oracle_w,0.8962,0.8962,0.8962,krum|clustering|clustering|clustering|clustering|clustering|clustering|clustering|clustering|clustering|clustering|clustering|clustering|clustering|clustering,69.5204496383667,0.907,0.908,0.887,0.908,0.89,0.892,0.908,0.882,0.889,0.891,1000,1000,1000,1000,1000,1000,1000,1000,1000,1000
0.5,trim_attack,51,fixed,0.897,0.897,0.897,,168.75266981124878,0.908,0.909,0.889,0.91,0.888,0.895,0.911,0.882,0.89,0.888,1000,1000,1000,1000,1000,1000,1000,1000,1000,1000
0.5,trim_attack,51,sr_only,0.8963999999999999,0.8964,0.8963999999999999,,139.44949984550476,0.908,0.909,0.888,0.909,0.889,0.892,0.91,0.881,0.889,0.889,1000,1000,1000,1000,1000,1000,1000,1000,1000,1000
0.5,trim_attack,51,td3_ref,0.8964000000000001,0.8964,0.8964000000000001,,177.59382557868958,0.907,0.909,0.89,0.909,0.888,0.894,0.91,0.88,0.889,0.888,1000,1000,1000,1000,1000,1000,1000,1000,1000,1000
0.5,trim_attack,51,fltrust,0.7999,0.7999,0.7999,,42.97138452529907,0.82,0.806,0.808,0.826,0.798,0.794,0.799,0.765,0.801,0.782,1000,1000,1000,1000,1000,1000,1000,1000,1000,1000
0.5,trim_attack,51,krum,0.8432000000000001,0.8432,0.8432000000000001,,26.59203839302063,0.854,0.865,0.845,0.859,0.843,0.842,0.851,0.812,0.829,0.832,1000,1000,1000,1000,1000,1000,1000,1000,1000,1000
0.5,trim_attack,51,median,0.8525,0.8525,0.8525,,25.44713568687439,0.867,0.86,0.854,0.871,0.846,0.854,0.862,0.839,0.835,0.837,1000,1000,1000,1000,1000,1000,1000,1000,1000,1000
0.5,trim_attack,51,trimmed_mean,0.8695999999999999,0.8696,0.8695999999999999,,88.79687523841858,0.885,0.879,0.865,0.894,0.858,0.864,0.88,0.855,0.856,0.86,1000,1000,1000,1000,1000,1000,1000,1000,1000,1000
